payload_index,trial_index,payload_hex,timestamp,monotonic_s,elapsed_candidate_s,phase,rx_bytes_hex,reply_kind,raw_position,delta_counts,valid,note
1,1,00001F,1790199707.6233435,38437.5069275,0.20258250000188127,candidate-warmup,102627,valid,1058343,-73,True,
1,1,00001F,1790199707.8147218,38437.69831,0.393965000002936,candidate-warmup,102627,valid,1058343,0,True,
1,1,00001F,1790199708.006701,38437.890289,0.5859440000058385,candidate-warmup,102627,valid,1058343,0,True,
1,1,00001F,1790199708.1982954,38438.0818829,0.7775379000013345,candidate-warmup,102627,valid,1058343,0,True,
1,1,00001F,1790199708.3902767,38438.2738649,0.9695199000052526,candidate-warmup,102627,valid,1058343,0,True,
1,1,00001F,1790199708.582268,38438.465856,1.161511000005703,candidate-warmup,102627,valid,1058343,0,True,
1,1,00001F,1790199708.7896838,38438.6732718,1.3689268000016455,candidate-warmup,102626,valid,1058342,-1,True,
1,1,00001F,1790199708.9816728,38438.865261,1.5609160000021802,candidate-warmup,102626,valid,1058342,0,True,
1,1,00001F,1790199709.173696,38439.057283,1.7529380000050878,candidate-warmup,102626,valid,1058342,0,True,
1,1,00001F,1790199709.365667,38439.2492551,1.944910100006382,candidate-warmup,102626,valid,1058342,0,True,
1,1,00001F,1790199709.5732498,38439.4568383,2.152493300003698,candidate-warmup,102626,valid,1058342,0,True,
1,1,00001F,1790199709.7652445,38439.6488319,2.344486900001357,candidate-warmup,102625,valid,1058341,-1,True,
1,1,00001F,1790199709.9572358,38439.8408228,2.5364778000002843,candidate-warmup,102623,valid,1058339,-2,True,
1,1,00001F,1790199710.1652508,38440.0488374,2.744492400001036,candidate-warmup,102621,valid,1058337,-2,True,
1,1,00001F,1790199710.3566387,38440.2402268,2.935881800003699,candidate-warmup,10261F,valid,1058335,-2,True,
1,1,00001F,1790199710.5486307,38440.432219,3.1278740000052494,candidate-warmup,10261F,valid,1058335,0,True,
1,1,00001F,1790199710.756206,38440.6397943,3.3354493000006187,candidate-warmup,10261F,valid,1058335,0,True,
1,1,00001F,1790199710.9481883,38440.8317771,3.5274321000033524,candidate-warmup,10261F,valid,1058335,0,True,
1,1,00001F,1790199711.140192,38441.0237804,3.719435400002112,candidate-warmup,10261E,valid,1058334,-1,True,
1,1,00001F,1790199711.3316178,38441.2152049,3.9108599000028335,candidate-warmup,10261E,valid,1058334,0,True,
1,1,00001F,1790199711.539594,38441.4231823,4.118837300004088,candidate-warmup,10261C,valid,1058332,-2,True,
1,1,00001F,1790199711.7311625,38441.6147512,4.310406200005673,candidate-warmup,10261A,valid,1058330,-2,True,
1,1,00001F,1790199711.923157,38441.8067455,4.502400500001386,candidate-warmup,102619,valid,1058329,-1,True,
1,1,00001F,1790199712.1311512,38442.0147394,4.7103944000045885,candidate-warmup,102619,valid,1058329,0,True,
1,1,00001F,1790199712.3231518,38442.2067398,4.902394800003094,candidate-warmup,102619,valid,1058329,0,True,
1,1,00001F,1790199712.5145607,38442.3981491,5.0938041000044905,candidate-warmup,102619,valid,1058329,0,True,
1,1,00001F,1790199712.7065506,38442.5901392,5.285794200004602,candidate-warmup,102619,valid,1058329,0,True,
1,1,00001F,1790199712.9145572,38442.7981445,5.493799500000023,candidate-warmup,102617,valid,1058327,-2,True,
1,1,00001F,1790199713.1061203,38442.9897089,5.685363900003722,candidate-warmup,102617,valid,1058327,0,True,
1,1,00001F,1790199713.2981138,38443.1817023,5.877357299999858,candidate-warmup,102617,valid,1058327,0,True,
1,1,00001F,1790199713.5061073,38443.389695,6.085350000001199,candidate-warmup,102617,valid,1058327,0,True,
1,1,00001F,1790199713.698106,38443.5816939,6.277348900002835,candidate-warmup,102617,valid,1058327,0,True,
1,1,00001F,1790199713.8895178,38443.7731061,6.468761100004485,candidate-warmup,102617,valid,1058327,0,True,
1,1,00001F,1790199714.097514,38443.9811017,6.676756700006081,candidate-warmup,102617,valid,1058327,0,True,
1,1,00001F,1790199714.2890885,38444.1726767,6.868331700003182,candidate-warmup,102616,valid,1058326,-1,True,
1,1,00001F,1790199714.481077,38444.3646651,7.060320100004901,candidate-warmup,102603,valid,1058307,-19,True,
1,1,00001F,1790199714.6730728,38444.5566609,7.25231590000476,candidate-warmup,1025FE,valid,1058302,-5,True,
1,1,00001F,1790199714.8805225,38444.7641072,7.459762200000114,candidate-warmup,1025F6,valid,1058294,-8,True,
1,1,00001F,1790199715.0724766,38444.9560649,7.651719900000899,candidate-warmup,1025F0,valid,1058288,-6,True,
1,1,00001F,1790199715.264475,38445.1480639,7.843718900003296,candidate-warmup,1025ED,valid,1058285,-3,True,
1,1,00001F,1790199715.4720502,38445.3556381,8.051293100004841,candidate-warmup,1025E9,valid,1058281,-4,True,
1,1,00001F,1790199715.664036,38445.5476248,8.243279800000892,candidate-warmup,1025E6,valid,1058278,-3,True,
1,1,00001F,1790199715.855448,38445.7390364,8.43469140000525,candidate-warmup,1025E0,valid,1058272,-6,True,
1,1,00001F,1790199716.0634675,38445.9470556,8.642710600004648,candidate-warmup,1025D9,valid,1058265,-7,True,
1,1,00001F,1790199716.2554479,38446.139036,8.834691000003659,candidate-warmup,1025D5,valid,1058261,-4,True,
1,1,00001F,1790199716.447012,38446.3306004,9.026255400000082,candidate-warmup,1025D5,valid,1058261,0,True,
1,1,00001F,1790199716.6390116,38446.5225995,9.21825450000324,candidate-warmup,1025D2,valid,1058258,-3,True,
1,1,00001F,1790199716.847008,38446.730596,9.426251000004413,candidate-warmup,1025D1,valid,1058257,-1,True,
1,1,00001F,1790199717.038414,38446.9220024,9.617657400005555,candidate-warmup,1025D1,valid,1058257,0,True,
1,1,00001F,1790199717.2304637,38447.1140498,9.80970480000542,candidate-warmup,1025D1,valid,1058257,0,True,
1,1,00001F,1790199717.4379818,38447.3215698,10.017224800001713,candidate-warmup,1025D0,valid,1058256,-1,True,
1,1,00001F,1790199717.6299875,38447.5135761,10.209231100001489,candidate-warmup,1025D0,valid,1058256,0,True,
1,1,00001F,1790199717.8219674,38447.7055552,10.401210200005153,candidate-warmup,1025D0,valid,1058256,0,True,
1,1,00001F,1790199718.0299587,38447.9135482,10.609203200001502,candidate-warmup,1025D0,valid,1058256,0,True,
1,1,00001F,1790199718.2373786,38448.1209666,10.81662160000269,candidate-warmup,1025D0,valid,1058256,0,True,
1,1,00001F,1790199718.428942,38448.3125313,11.008186300001398,candidate-warmup,1025CF,valid,1058255,-1,True,
1,1,00001F,1790199718.6209412,38448.5045294,11.200184400004218,candidate-warmup,1025C8,valid,1058248,-7,True,
1,1,00001F,1790199718.8129394,38448.6965273,11.392182300005516,candidate-warmup,1025C2,valid,1058242,-6,True,
1,1,00001F,1790199719.0043635,38448.8879518,11.583606800006237,candidate-warmup,1025BF,valid,1058239,-3,True,
1,1,00001F,1790199719.1963558,38449.0799444,11.775599400003557,candidate-warmup,1025BF,valid,1058239,0,True,
1,1,00001F,1790199719.4039347,38449.2875221,11.98317710000265,candidate-warmup,1025BD,valid,1058237,-2,True,
1,1,00001F,1790199719.595912,38449.4794995,12.175154500000644,candidate-warmup,1025BD,valid,1058237,0,True,
1,1,00001F,1790199719.7879035,38449.6714921,12.36714710000524,candidate-warmup,1025BD,valid,1058237,0,True,
1,1,00001F,1790199719.995902,38449.8794904,12.575145400005567,candidate-warmup,1025BD,valid,1058237,0,True,
1,1,00001F,1790199720.1873245,38450.0709109,12.766565900004935,candidate-warmup,1025BC,valid,1058236,-1,True,
1,1,00001F,1790199720.3793087,38450.262897,12.958552000003692,candidate-warmup,1025BC,valid,1058236,0,True,
1,1,00001F,1790199720.5708792,38450.4544675,13.150122500002908,candidate-warmup,1025AB,valid,1058219,-17,True,
1,1,00001F,1790199720.7788837,38450.6624718,13.358126800005266,candidate-warmup,1025A5,valid,1058213,-6,True,
1,1,00001F,1790199720.9708643,38450.8544529,13.550107900002331,candidate-warmup,1025A0,valid,1058208,-5,True,
1,1,00001F,1790199721.1622772,38451.0458657,13.741520700001274,candidate-warmup,102598,valid,1058200,-8,True,
1,1,00001F,1790199721.3702703,38451.2538583,13.949513300001854,candidate-warmup,102594,valid,1058196,-4,True,
1,1,00001F,1790199721.5622582,38451.4458479,14.141502900005435,candidate-warmup,102591,valid,1058193,-3,True,
1,1,00001F,1790199721.7538393,38451.6374282,14.333083200006513,candidate-warmup,10258E,valid,1058190,-3,True,
1,1,00001F,1790199721.961889,38451.8454788,14.5411338000049,candidate-warmup,102589,valid,1058185,-5,True,
1,1,00001F,1790199722.1538277,38452.0374168,14.733071800001198,candidate-warmup,102584,valid,1058180,-5,True,
1,1,00001F,1790199722.3458173,38452.2294064,14.925061400004779,candidate-warmup,102580,valid,1058176,-4,True,
1,1,00001F,1790199722.5372384,38452.4208261,15.11648110000533,candidate-warmup,10257D,valid,1058173,-3,True,
1,1,00001F,1790199722.745227,38452.6288147,15.324469700004556,candidate-warmup,10257B,valid,1058171,-2,True,
1,1,00001F,1790199722.9367979,38452.8203888,15.51604380000208,candidate-warmup,10257B,valid,1058171,0,True,
1,1,00001F,1790199723.1287975,38453.0123864,15.708041400001093,candidate-warmup,10257B,valid,1058171,0,True,
1,1,00001F,1790199723.336784,38453.2203724,15.91602740000235,candidate-warmup,10257A,valid,1058170,-1,True,
1,1,00001F,1790199723.5282037,38453.4117916,16.10744660000637,candidate-warmup,102579,valid,1058169,-1,True,
1,1,00001F,1790199723.7201943,38453.6037839,16.299438900001405,candidate-warmup,102577,valid,1058167,-2,True,
1,1,00001F,1790199723.927765,38453.8113555,16.50701050000498,candidate-warmup,102577,valid,1058167,0,True,
1,1,00001F,1790199724.1357598,38454.0193486,16.715003600002092,candidate-warmup,102577,valid,1058167,0,True,
1,1,00001F,1790199724.327754,38454.2113425,16.906997500002035,candidate-warmup,102577,valid,1058167,0,True,
1,1,00001F,1790199724.5197556,38454.4033443,17.098999300003925,candidate-warmup,102577,valid,1058167,0,True,
1,1,00001F,1790199724.7111645,38454.5947544,17.290409400004137,candidate-warmup,102575,valid,1058165,-2,True,
1,1,00001F,1790199724.9027324,38454.7863229,17.481977900002676,candidate-warmup,102575,valid,1058165,0,True,
1,1,00001F,1790199725.0947287,38454.9783172,17.673972200005664,candidate-warmup,102575,valid,1058165,0,True,
1,1,00001F,1790199725.3027282,38455.1863165,17.88197150000633,candidate-warmup,102575,valid,1058165,0,True,
1,1,00001F,1790199725.494134,38455.3777238,18.073378799999773,candidate-warmup,102575,valid,1058165,0,True,
1,1,00001F,1790199725.6861215,38455.569713,18.265368000000308,candidate-warmup,102575,valid,1058165,0,True,
1,1,00001F,1790199725.8941178,38455.7777091,18.47336410000571,candidate-warmup,102574,valid,1058164,-1,True,
1,1,00001F,1790199726.1016998,38455.9852908,18.680945800006157,candidate-warmup,102569,valid,1058153,-11,True,
1,1,00001F,1790199726.2936947,38456.1772828,18.872937800006184,candidate-warmup,102565,valid,1058149,-4,True,
1,1,00001F,1790199726.4856853,38456.3692734,19.064928400002827,candidate-warmup,102563,valid,1058147,-2,True,
1,1,00001F,1790199726.677099,38456.560689,19.256344000001263,candidate-warmup,102563,valid,1058147,0,True,
1,1,00001F,1790199726.869092,38456.7526827,19.448337699999684,candidate-warmup,102563,valid,1058147,0,True,
1,1,00001F,1790199727.0606687,38456.9442572,19.639912200000254,candidate-warmup,102563,valid,1058147,0,True,
1,1,00001F,1790199727.2686808,38457.1522691,19.847924100002274,candidate-warmup,102562,valid,1058146,-1,True,
1,1,00001F,1790199727.4600809,38457.3436699,20.03932490000443,candidate-measurement,10255F,valid,1058143,-3,True,
1,1,00001F,1790199727.6520667,38457.5356566,20.23131160000048,candidate-measurement,10254E,valid,1058126,-17,True,
1,1,00001F,1790199727.8596385,38457.7432282,20.438883200004057,candidate-measurement,102549,valid,1058121,-5,True,
1,1,00001F,1790199728.0516286,38457.9352192,20.630874200003745,candidate-measurement,102541,valid,1058113,-8,True,
1,1,00001F,1790199728.243631,38458.1272196,20.82287460000225,candidate-measurement,10253B,valid,1058107,-6,True,
1,1,00001F,1790199728.4510577,38458.3346476,21.03030260000378,candidate-measurement,102539,valid,1058105,-2,True,
1,1,00001F,1790199728.643035,38458.5266243,21.22227930000372,candidate-measurement,102535,valid,1058101,-4,True,
1,1,00001F,1790199728.834607,38458.7181947,21.413849700002174,candidate-measurement,102530,valid,1058096,-5,True,
1,1,00001F,1790199729.0266068,38458.9101951,21.60585010000068,candidate-measurement,102529,valid,1058089,-7,True,
1,1,00001F,1790199729.2345953,38459.118184,21.81383900000219,candidate-measurement,102524,valid,1058084,-5,True,
1,1,00001F,1790199729.4265933,38459.3101821,22.00583710000501,candidate-measurement,102522,valid,1058082,-2,True,
1,1,00001F,1790199729.618002,38459.5015907,22.197245700001076,candidate-measurement,10251F,valid,1058079,-3,True,
1,1,00001F,1790199729.825992,38459.7095824,22.40523740000208,candidate-measurement,10251D,valid,1058077,-2,True,
1,1,00001F,1790199730.0179863,38459.9015771,22.597232100000838,candidate-measurement,10251D,valid,1058077,0,True,
1,1,00001F,1790199730.20957,38460.0931583,22.788813300001493,candidate-measurement,10251D,valid,1058077,0,True,
1,1,00001F,1790199730.4015563,38460.285145,22.98080000000482,candidate-measurement,10251C,valid,1058076,-1,True,
1,1,00001F,1790199730.6095483,38460.4931379,23.188792900000408,candidate-measurement,10251C,valid,1058076,0,True,
1,1,00001F,1790199730.800961,38460.6845519,23.380206900001212,candidate-measurement,10251C,valid,1058076,0,True,
1,1,00001F,1790199730.992963,38460.8765519,23.57220690000395,candidate-measurement,10251C,valid,1058076,0,True,
1,1,00001F,1790199731.200545,38461.0841325,23.779787500003295,candidate-measurement,10251C,valid,1058076,0,True,
1,1,00001F,1790199731.392529,38461.2761179,23.971772900003998,candidate-measurement,10251B,valid,1058075,-1,True,
1,1,00001F,1790199731.5839398,38461.4675288,24.163183800003026,candidate-measurement,102519,valid,1058073,-2,True,
1,1,00001F,1790199731.7919319,38461.6755215,24.371176500004367,candidate-measurement,102511,valid,1058065,-8,True,
1,1,00001F,1790199731.9839303,38461.8675185,24.563173500006087,candidate-measurement,10250E,valid,1058062,-3,True,
1,1,00001F,1790199732.175506,38462.0590939,24.754748900006234,candidate-measurement,10250B,valid,1058059,-3,True,
1,1,00001F,1790199732.3674934,38462.2510816,24.946736600002623,candidate-measurement,10250B,valid,1058059,0,True,
1,1,00001F,1790199732.575493,38462.4590816,25.154736600001343,candidate-measurement,102509,valid,1058057,-2,True,
1,1,00001F,1790199732.766896,38462.6504864,25.346141400004853,candidate-measurement,102509,valid,1058057,0,True,
1,1,00001F,1790199732.9588928,38462.8424827,25.538137700001244,candidate-measurement,102509,valid,1058057,0,True,
1,1,00001F,1790199733.1664743,38463.0500639,25.74571890000516,candidate-measurement,102509,valid,1058057,0,True,
1,1,00001F,1790199733.358461,38463.2420498,25.937704800002393,candidate-measurement,102509,valid,1058057,0,True,
1,1,00001F,1790199733.5504525,38463.4340426,26.129697600001236,candidate-measurement,102509,valid,1058057,0,True,
1,1,00001F,1790199733.7578712,38463.6414598,26.337114800000563,candidate-measurement,102504,valid,1058052,-5,True,
1,1,00001F,1790199733.949864,38463.8334537,26.529108700000506,candidate-measurement,1024F3,valid,1058035,-17,True,
1,1,00001F,1790199734.1418555,38464.0254453,26.721100300004764,candidate-measurement,1024EE,valid,1058030,-5,True,
1,1,00001F,1790199734.333854,38464.2174423,26.913097300006484,candidate-measurement,1024E6,valid,1058022,-8,True,
1,1,00001F,1790199734.5414965,38464.425087,27.12074200000643,candidate-measurement,1024E1,valid,1058017,-5,True,
1,1,00001F,1790199734.7334204,38464.617009,27.312664000004588,candidate-measurement,1024DF,valid,1058015,-2,True,
1,1,00001F,1790199734.925409,38464.8089997,27.504654700001993,candidate-measurement,1024DB,valid,1058011,-4,True,
1,1,00001F,1790199735.1334016,38465.0169925,27.712647500004095,candidate-measurement,1024D6,valid,1058006,-5,True,
1,1,00001F,1790199735.324815,38465.2084037,27.904058700005407,candidate-measurement,1024CF,valid,1057999,-7,True,
1,1,00001F,1790199735.5168426,38465.4004295,28.09608450000087,candidate-measurement,1024CA,valid,1057994,-5,True,
1,1,00001F,1790199735.7243955,38465.6079863,28.30364130000089,candidate-measurement,1024C9,valid,1057993,-1,True,
1,1,00001F,1790199735.9163806,38465.7999709,28.49562590000278,candidate-measurement,1024C7,valid,1057991,-2,True,
1,1,00001F,1790199736.1083732,38465.9919622,28.687617200004752,candidate-measurement,1024C6,valid,1057990,-1,True,
1,1,00001F,1790199736.3003693,38466.1839575,28.879612500000803,candidate-measurement,1024C4,valid,1057988,-2,True,
1,1,00001F,1790199736.5078156,38466.3914044,29.087059400000726,candidate-measurement,1024C3,valid,1057987,-1,True,
1,1,00001F,1790199736.6997633,38466.5833541,29.27900910000608,candidate-measurement,1024C3,valid,1057987,0,True,
1,1,00001F,1790199736.8917708,38466.7753608,29.471015800001624,candidate-measurement,1024C2,valid,1057986,-1,True,
1,1,00001F,1790199737.0993445,38466.9829327,29.678587700000207,candidate-measurement,1024C2,valid,1057986,0,True,
1,1,00001F,1790199737.2913363,38467.1749247,29.870579700000235,candidate-measurement,1024C2,valid,1057986,0,True,
1,1,00001F,1790199737.483333,38467.3669229,30.062577900003816,candidate-measurement,1024C2,valid,1057986,0,True,
1,1,00001F,1790199737.6747663,38467.5583542,30.254009200005385,candidate-measurement,1024C2,valid,1057986,0,True,
1,1,00001F,1790199737.882313,38467.7659045,30.461559499999566,candidate-measurement,1024C2,valid,1057986,0,True,
1,1,00001F,1790199738.074306,38467.9578955,30.65355050000653,candidate-measurement,1024C1,valid,1057985,-1,True,
1,1,00001F,1790199738.2663264,38468.1499141,30.845569100005378,candidate-measurement,1024BC,valid,1057980,-5,True,
1,1,00001F,1790199738.4737346,38468.3573232,31.052978200001235,candidate-measurement,1024B5,valid,1057973,-7,True,
1,1,00001F,1790199738.665713,38468.5493023,31.2449573000049,candidate-measurement,1024B2,valid,1057970,-3,True,
1,1,00001F,1790199738.8572848,38468.7408733,31.436528300000646,candidate-measurement,1024B1,valid,1057969,-1,True,
1,1,00001F,1790199739.0652804,38468.9488705,31.644525499999872,candidate-measurement,1024AF,valid,1057967,-2,True,
1,1,00001F,1790199739.2572715,38469.1408602,31.836515200004214,candidate-measurement,1024AF,valid,1057967,0,True,
1,1,00001F,1790199739.4492633,38469.3328535,32.02850849999959,candidate-measurement,1024AF,valid,1057967,0,True,
1,1,00001F,1790199739.6566765,38469.5402647,32.23591970000416,candidate-measurement,1024AF,valid,1057967,0,True,
1,1,00001F,1790199739.848673,38469.7322623,32.42791730000317,candidate-measurement,1024AF,valid,1057967,0,True,
1,1,00001F,1790199740.0402548,38469.9238457,32.61950070000603,candidate-measurement,1024AF,valid,1057967,0,True,
1,1,00001F,1790199740.2322454,38470.1158339,32.811488900006225,candidate-measurement,1024AF,valid,1057967,0,True,
1,1,00001F,1790199740.440241,38470.3238296,33.019484600001306,candidate-measurement,1024A9,valid,1057961,-6,True,
1,1,00001F,1790199740.6316454,38470.5152365,33.210891500006255,candidate-measurement,102498,valid,1057944,-17,True,
1,1,00001F,1790199740.8236399,38470.7072308,33.40288580000197,candidate-measurement,102493,valid,1057939,-5,True,
1,1,00001F,1790199741.0312133,38470.9148048,33.61045980000199,candidate-measurement,102488,valid,1057928,-11,True,
1,1,00001F,1790199741.2232137,38471.1068019,33.80245690000447,candidate-measurement,102485,valid,1057925,-3,True,
1,1,00001F,1790199741.4152033,38471.2987926,33.99444760000188,candidate-measurement,102480,valid,1057920,-5,True,
1,1,00001F,1790199741.6226099,38471.5062001,34.2018551000001,candidate-measurement,102477,valid,1057911,-9,True,
1,1,00001F,1790199741.8146062,38471.6981965,34.39385150000453,candidate-measurement,10246F,valid,1057903,-8,True,
1,1,00001F,1790199742.0061793,38471.8897695,34.585424500000954,candidate-measurement,10246D,valid,1057901,-2,True,
1,1,00001F,1790199742.1981776,38472.0817655,34.777420500002336,candidate-measurement,10246B,valid,1057899,-2,True,
1,1,00001F,1790199742.4061694,38472.2897588,34.98541380000097,candidate-measurement,102469,valid,1057897,-2,True,
1,1,00001F,1790199742.59819,38472.4817799,35.1774349000043,candidate-measurement,102469,valid,1057897,0,True,
1,1,00001F,1790199742.7895765,38472.6731669,35.36882190000324,candidate-measurement,102469,valid,1057897,0,True,
1,1,00001F,1790199742.997561,38472.8811508,35.57680580000306,candidate-measurement,102469,valid,1057897,0,True,
1,1,00001F,1790199743.1891522,38473.0727404,35.76839540000219,candidate-measurement,102468,valid,1057896,-1,True,
1,1,00001F,1790199743.3811445,38473.2647332,35.960388200001034,candidate-measurement,102468,valid,1057896,0,True,
1,1,00001F,1790199743.5731323,38473.4567214,36.15237640000123,candidate-measurement,102468,valid,1057896,0,True,
1,1,00001F,1790199743.7805474,38473.6641353,36.35979030000453,candidate-measurement,102468,valid,1057896,0,True,
1,1,00001F,1790199743.9725428,38473.8561312,36.551786200005154,candidate-measurement,102468,valid,1057896,0,True,
1,1,00001F,1790199744.164118,38474.0477069,36.74336190000031,candidate-measurement,102467,valid,1057895,-1,True,
1,1,00001F,1790199744.3721027,38474.2556916,36.95134660000622,candidate-measurement,10245E,valid,1057886,-9,True,
1,1,00001F,1790199744.5640945,38474.447684,37.143339000002015,candidate-measurement,102459,valid,1057881,-5,True,
1,1,00001F,1790199744.755517,38474.6391052,37.33476020000671,candidate-measurement,102457,valid,1057879,-2,True,
1,1,00001F,1790199744.9635084,38474.847099,37.54275400000188,candidate-measurement,102455,valid,1057877,-2,True,
1,1,00001F,1790199745.155505,38475.0390945,37.73474950000673,candidate-measurement,102455,valid,1057877,0,True,
1,1,00001F,1790199745.347072,38475.2306613,37.9263162999996,candidate-measurement,102455,valid,1057877,0,True,
1,1,00001F,1790199745.5390668,38475.4226555,38.118310500001826,candidate-measurement,102455,valid,1057877,0,True,
1,1,00001F,1790199745.7470586,38475.6306478,38.32630280000012,candidate-measurement,102455,valid,1057877,0,True,
1,1,00001F,1790199745.9384737,38475.8220628,38.517717800001265,candidate-measurement,102454,valid,1057876,-1,True,
1,1,00001F,1790199746.1304793,38476.0140662,38.709721200000786,candidate-measurement,102451,valid,1057873,-3,True,
1,1,00001F,1790199746.338463,38476.222051,38.91770600000018,candidate-measurement,10243D,valid,1057853,-20,True,
1,1,00001F,1790199746.5304537,38476.4140443,39.10969930000283,candidate-measurement,102437,valid,1057847,-6,True,
1,1,00001F,1790199746.7220292,38476.605619,39.30127400000492,candidate-measurement,10242F,valid,1057839,-8,True,
1,1,00001F,1790199746.9300225,38476.8136104,39.50926540000364,candidate-measurement,10242B,valid,1057835,-4,True,
1,1,00001F,1790199747.122015,38477.005606,39.70126100000198,candidate-measurement,102427,valid,1057831,-4,True,
1,1,00001F,1790199747.3134332,38477.1970216,39.892676600000414,candidate-measurement,102421,valid,1057825,-6,True,
1,1,00001F,1790199747.5054166,38477.3890064,40.084661400003824,candidate-measurement,102419,valid,1057817,-8,True,
1,1,00001F,1790199747.7129955,38477.5965841,40.29223910000292,candidate-measurement,102415,valid,1057813,-4,True,
1,1,00001F,1790199747.9049892,38477.7885798,40.484234800002014,candidate-measurement,102413,valid,1057811,-2,True,
1,1,00001F,1790199748.0970025,38477.9805906,40.676245599999675,candidate-measurement,102411,valid,1057809,-2,True,
1,1,00001F,1790199748.3044002,38478.1879884,40.883643400004075,candidate-measurement,10240F,valid,1057807,-2,True,
1,1,00001F,1790199748.496398,38478.3799869,41.075641900002665,candidate-measurement,10240F,valid,1057807,0,True,
1,1,00001F,1790199748.6883857,38478.5719753,41.267630300004384,candidate-measurement,10240F,valid,1057807,0,True,
1,1,00001F,1790199748.8959563,38478.7795447,41.47519970000576,candidate-measurement,10240F,valid,1057807,0,True,
1,1,00001F,1790199749.0879498,38478.9715403,41.667195300004096,candidate-measurement,10240E,valid,1057806,-1,True,
1,1,00001F,1790199749.279371,38479.1629593,41.85861430000659,candidate-measurement,10240E,valid,1057806,0,True,
1,1,00001F,1790199749.471358,38479.3549469,42.05060190000222,candidate-measurement,10240E,valid,1057806,0,True,
1,1,00001F,1790199749.678931,38479.5625211,42.258176100003766,candidate-measurement,10240D,valid,1057805,-1,True,
1,1,00001F,1790199749.870935,38479.7545232,42.450178200000664,candidate-measurement,10240C,valid,1057804,-1,True,
1,1,00001F,1790199750.0623412,38479.9459292,42.64158420000604,candidate-measurement,102406,valid,1057798,-6,True,
1,1,00001F,1790199750.2703388,38480.1539277,42.84958270000061,candidate-measurement,102401,valid,1057793,-5,True,
1,1,00001F,1790199750.4623265,38480.3459176,43.041572600006475,candidate-measurement,1023FE,valid,1057790,-3,True,
1,1,00001F,1790199750.653948,38480.537535,43.23319000000629,candidate-measurement,1023FD,valid,1057789,-1,True,
1,1,00001F,1790199750.8619094,38480.7454972,43.44115220000094,candidate-measurement,1023FB,valid,1057787,-2,True,
1,1,00001F,1790199751.0538921,38480.9374804,43.63313540000672,candidate-measurement,1023FB,valid,1057787,0,True,
1,1,00001F,1790199751.2458835,38481.1294705,43.82512549999956,candidate-measurement,1023FB,valid,1057787,0,True,
1,1,00001F,1790199751.4372933,38481.3208815,44.01653650000662,candidate-measurement,1023FB,valid,1057787,0,True,
1,1,00001F,1790199751.6453311,38481.5289191,44.22457410000061,candidate-measurement,1023FB,valid,1057787,0,True,
1,1,00001F,1790199751.8372889,38481.7208768,44.416531800001394,candidate-measurement,1023FB,valid,1057787,0,True,
1,1,00001F,1790199752.0288599,38481.9124485,44.60810350000247,candidate-measurement,1023FA,valid,1057786,-1,True,
1,1,00001F,1790199752.2368412,38482.1204298,44.81608480000432,candidate-measurement,1023F7,valid,1057783,-3,True,
1,1,00001F,1790199752.4288466,38482.3124356,45.00809060000029,candidate-measurement,1023E7,valid,1057767,-16,True,
1,1,00001F,1790199752.6202624,38482.503851,45.199506000004476,candidate-measurement,1023E3,valid,1057763,-4,True,
1,1,00001F,1790199752.8282547,38482.7118424,45.407497400003194,candidate-measurement,1023DF,valid,1057759,-4,True,
1,1,00001F,1790199753.0358202,38482.9194096,45.61506460000237,candidate-measurement,1023D8,valid,1057752,-7,True,
1,1,00001F,1790199753.2278273,38483.1114152,45.80707020000409,candidate-measurement,1023D5,valid,1057749,-3,True,
1,1,00001F,1790199753.419814,38483.3034027,45.99905770000623,candidate-measurement,1023D3,valid,1057747,-2,True,
1,1,00001F,1790199753.6112258,38483.494815,46.19047000000137,candidate-measurement,1023D1,valid,1057745,-2,True,
1,1,00001F,1790199753.8032308,38483.6868195,46.38247450000199,candidate-measurement,1023CF,valid,1057743,-2,True,
1,1,00001F,1790199753.9948053,38483.8783932,46.574048200003745,candidate-measurement,1023CD,valid,1057741,-2,True,
1,1,00001F,1790199754.2028003,38484.0863882,46.78204320000077,candidate-measurement,1023C9,valid,1057737,-4,True,
1,1,00001F,1790199754.3947804,38484.278369,46.97402400000283,candidate-measurement,1023C6,valid,1057734,-3,True,
1,1,00001F,1790199754.5861986,38484.4697878,47.1654428000038,candidate-measurement,1023C4,valid,1057732,-2,True,
1,1,00001F,1790199754.7937653,38484.6773539,47.37300890000188,candidate-measurement,1023C1,valid,1057729,-3,True,
1,1,00001F,1790199754.985764,38484.8693532,47.56500820000656,candidate-measurement,1023BF,valid,1057727,-2,True,
1,1,00001F,1790199755.1777744,38485.0613604,47.75701540000591,candidate-measurement,1023BD,valid,1057725,-2,True,
1,1,00001F,1790199755.3691735,38485.2527621,47.94841710000037,candidate-measurement,1023BC,valid,1057724,-1,True,
1,1,00001F,1790199755.5767453,38485.4603336,48.155988600003184,candidate-measurement,1023BB,valid,1057723,-1,True,
1,1,00001F,1790199755.768735,38485.6523235,48.34797850000177,candidate-measurement,1023BB,valid,1057723,0,True,
1,1,00001F,1790199755.9607327,38485.8443213,48.53997630000231,candidate-measurement,1023BB,valid,1057723,0,True,
1,1,00001F,1790199756.1681619,38486.0517476,48.747402600005444,candidate-measurement,1023BB,valid,1057723,0,True,
1,1,00001F,1790199756.360139,38486.2437268,48.93938180000259,candidate-measurement,1023B9,valid,1057721,-2,True,
1,1,00001F,1790199756.5521305,38486.435719,49.13137400000414,candidate-measurement,1023B9,valid,1057721,0,True,
1,1,00001F,1790199756.7597349,38486.6433209,49.33897590000561,candidate-measurement,1023B9,valid,1057721,0,True,
1,1,00001F,1790199756.9516978,38486.8352858,49.53094080000301,candidate-measurement,1023B7,valid,1057719,-2,True,
1,1,00001F,1790199757.1436982,38487.0272851,49.722940100000415,candidate-measurement,1023B5,valid,1057717,-2,True,
1,1,00001F,1790199757.335689,38487.219277,49.91493199999968,candidate-measurement,1023B5,valid,1057717,0,True,
1,1,00001F,1790199757.543109,38487.426695,50.1223500000051,candidate-measurement,1023B5,valid,1057717,0,True,
1,1,00001F,1790199757.7350972,38487.6186867,50.31434170000284,candidate-measurement,1023B4,valid,1057716,-1,True,
1,1,00001F,1790199757.927095,38487.8106828,50.506337800004985,candidate-measurement,1023B4,valid,1057716,0,True,
1,1,00001F,1790199758.1347227,38488.0183073,50.713962300003914,candidate-measurement,1023B4,valid,1057716,0,True,
1,1,00001F,1790199758.3266554,38488.2102439,50.905898900004104,candidate-measurement,1023B4,valid,1057716,0,True,
1,1,00001F,1790199758.518657,38488.4022454,51.09790040000371,candidate-measurement,1023B2,valid,1057714,-2,True,
1,1,00001F,1790199758.7260654,38488.6096536,51.30530859999999,candidate-measurement,1023B2,valid,1057714,0,True,
1,1,00001F,1790199758.9180808,38488.8016675,51.4973225000067,candidate-measurement,1023AB,valid,1057707,-7,True,
1,1,00001F,1790199759.1096337,38488.9932226,51.68887760000507,candidate-measurement,1023A7,valid,1057703,-4,True,
1,1,00001F,1790199759.3016279,38489.1852162,51.88087120000273,candidate-measurement,1023A3,valid,1057699,-4,True,
1,1,00001F,1790199759.509614,38489.3932024,52.08885740000551,candidate-measurement,1023A3,valid,1057699,0,True,
1,1,00001F,1790199759.7010393,38489.5846272,52.28028220000124,candidate-measurement,1023A1,valid,1057697,-2,True,
1,1,00001F,1790199759.8930213,38489.7766097,52.47226470000169,candidate-measurement,1023A1,valid,1057697,0,True,
1,1,00001F,1790199760.1005912,38489.9841797,52.679834700000356,candidate-measurement,1023A1,valid,1057697,0,True,
1,1,00001F,1790199760.2925987,38490.1761874,52.871842400003516,candidate-measurement,1023A1,valid,1057697,0,True,
1,1,00001F,1790199760.484585,38490.3681733,53.06382830000075,candidate-measurement,1023A1,valid,1057697,0,True,
1,1,00001F,1790199760.6919909,38490.5755797,53.27123470000515,candidate-measurement,1023A0,valid,1057696,-1,True,
1,1,00001F,1790199760.8839982,38490.7675868,53.46324180000374,candidate-measurement,10239D,valid,1057693,-3,True,
1,1,00001F,1790199761.0759873,38490.9595761,53.65523110000504,candidate-measurement,10238B,valid,1057675,-18,True,
1,1,00001F,1790199761.2675698,38491.151158,53.84681300000375,candidate-measurement,102387,valid,1057671,-4,True,
1,1,00001F,1790199761.4755554,38491.3591438,54.05479880000348,candidate-measurement,10237D,valid,1057661,-10,True,
1,1,00001F,1790199761.666969,38491.5505581,54.24621310000657,candidate-measurement,102379,valid,1057657,-4,True,
1,1,00001F,1790199761.8589687,38491.7425574,54.43821240000398,candidate-measurement,102376,valid,1057654,-3,True,
1,1,00001F,1790199762.0669615,38491.9505495,54.64620450000075,candidate-measurement,102372,valid,1057650,-4,True,
1,1,00001F,1790199762.258531,38492.1421196,54.837774600004195,candidate-measurement,10236D,valid,1057645,-5,True,
1,1,00001F,1790199762.450526,38492.3341143,55.029769300002954,candidate-measurement,102366,valid,1057638,-7,True,
1,1,00001F,1790199762.6585093,38492.5420981,55.23775310000201,candidate-measurement,102361,valid,1057633,-5,True,
1,1,00001F,1790199762.8665013,38492.7500904,55.445745400000305,candidate-measurement,102360,valid,1057632,-1,True,
1,1,00001F,1790199763.057938,38492.9415261,55.63718110000627,candidate-measurement,10235F,valid,1057631,-1,True,
1,1,00001F,1790199763.2499518,38493.1335385,55.829193500001566,candidate-measurement,10235D,valid,1057629,-2,True,
1,1,00001F,1790199763.4415388,38493.3251244,56.02077940000163,candidate-measurement,10235B,valid,1057627,-2,True,
1,1,00001F,1790199763.6334956,38493.517082,56.21273700000165,candidate-measurement,10235B,valid,1057627,0,True,
1,1,00001F,1790199763.8254924,38493.709079,56.40473400000337,candidate-measurement,10235B,valid,1057627,0,True,
1,1,00001F,1790199764.0329008,38493.9164872,56.61214219999965,candidate-measurement,10235B,valid,1057627,0,True,
1,1,00001F,1790199764.224889,38494.1084774,56.804132400000526,candidate-measurement,10235B,valid,1057627,0,True,
1,1,00001F,1790199764.4164884,38494.3000751,56.99573010000313,candidate-measurement,102359,valid,1057625,-2,True,
1,1,00001F,1790199764.6244571,38494.5080451,57.203700100006245,candidate-measurement,102359,valid,1057625,0,True,
1,1,00001F,1790199764.816459,38494.7000472,57.39570220000314,candidate-measurement,102359,valid,1057625,0,True,
1,1,00001F,1790199765.0078723,38494.8914611,57.587116100003186,candidate-measurement,102359,valid,1057625,0,True,
1,1,00001F,1790199765.1998992,38495.0834876,57.77914260000398,candidate-measurement,102359,valid,1057625,0,True,
1,1,00001F,1790199765.407858,38495.291446,57.98710100000608,candidate-measurement,102359,valid,1057625,0,True,
1,1,00001F,1790199765.599468,38495.4830552,58.17871020000166,candidate-measurement,102358,valid,1057624,-1,True,
1,1,00001F,1790199765.7914188,38495.6750072,58.3706622000027,candidate-measurement,102358,valid,1057624,0,True,
1,1,00001F,1790199765.999411,38495.8829993,58.57865430000675,candidate-measurement,10234C,valid,1057612,-12,True,
1,1,00001F,1790199766.1908526,38496.0744377,58.77009270000417,candidate-measurement,102349,valid,1057609,-3,True,
1,1,00001F,1790199766.3828177,38496.2664059,58.96206090000487,candidate-measurement,102347,valid,1057607,-2,True,
1,1,00001F,1790199766.5904055,38496.4739923,59.169647300004726,candidate-measurement,102347,valid,1057607,0,True,
1,1,00001F,1790199766.7823956,38496.6659835,59.36163850000594,candidate-measurement,102347,valid,1057607,0,True,
1,1,00001F,1790199766.9743826,38496.8579708,59.55362580000656,candidate-measurement,102347,valid,1057607,0,True,
1,1,00001F,1790199767.1663806,38497.0499664,59.74562140000489,candidate-measurement,102343,valid,1057603,-4,True,
1,1,00001F,1790199767.3737953,38497.2573837,59.95303870000498,candidate-measurement,102332,valid,1057586,-17,True,
1,1,00001F,1790199767.5657778,38497.4493661,60.14502110000467,candidate-measurement,10232C,valid,1057580,-6,True,
1,1,00001F,1790199767.7577677,38497.6413562,60.33701120000478,candidate-measurement,102323,valid,1057571,-9,True,
1,1,00001F,1790199767.965358,38497.8489462,60.544601200002944,candidate-measurement,10231E,valid,1057566,-5,True,
1,1,00001F,1790199768.1573572,38498.0409445,60.73659950000001,candidate-measurement,10231B,valid,1057563,-3,True,
1,1,00001F,1790199768.3493295,38498.2329176,60.928572600001644,candidate-measurement,102316,valid,1057558,-5,True,
1,1,00001F,1790199768.5413318,38498.4249195,61.120574500004295,candidate-measurement,102311,valid,1057553,-5,True,
1,1,00001F,1790199768.748745,38498.6323329,61.32798790000379,candidate-measurement,10230B,valid,1057547,-6,True,
1,1,00001F,1790199768.9407473,38498.824335,61.51999000000069,candidate-measurement,102307,valid,1057543,-4,True,
1,1,00001F,1790199769.1327286,38499.0163173,61.711972299999616,candidate-measurement,102306,valid,1057542,-1,True,
1,1,00001F,1790199769.340307,38499.2238948,61.91954980000446,candidate-measurement,102303,valid,1057539,-3,True,
1,1,00001F,1790199769.5322962,38499.4158842,62.11153920000652,candidate-measurement,102302,valid,1057538,-1,True,
1,1,00001F,1790199769.7242968,38499.607885,62.303540000000794,candidate-measurement,102301,valid,1057537,-1,True,
1,1,00001F,1790199769.931698,38499.8152865,62.510941500004265,candidate-measurement,102301,valid,1057537,0,True,
1,1,00001F,1790199770.1237025,38500.0072907,62.7029457000026,candidate-measurement,102301,valid,1057537,0,True,
1,1,00001F,1790199770.3152635,38500.1988518,62.894506800003,candidate-measurement,102300,valid,1057536,-1,True,
1,1,00001F,1790199770.507255,38500.3908453,63.0865002999999,candidate-measurement,102300,valid,1057536,0,True,
1,1,00001F,1790199770.715256,38500.5988447,63.294499700001325,candidate-measurement,102300,valid,1057536,0,True,
1,1,00001F,1790199770.9072604,38500.7908473,63.48650230000203,candidate-measurement,102300,valid,1057536,0,True,
1,1,00001F,1790199771.0986645,38500.9822528,63.677907800003595,candidate-measurement,102300,valid,1057536,0,True,
1,1,00001F,1790199771.3066556,38501.1902442,63.885899200002314,candidate-measurement,102300,valid,1057536,0,True,
1,1,00001F,1790199771.498645,38501.3822336,64.07788860000437,candidate-measurement,1022FF,valid,1057535,-1,True,
1,1,00001F,1790199771.6902592,38501.5738158,64.26947080000537,candidate-measurement,1022FE,valid,1057534,-1,True,
1,1,00001F,1790199771.8982174,38501.781807,64.47746200000256,candidate-measurement,1022F5,valid,1057525,-9,True,
1,1,00001F,1790199772.0902083,38501.9737973,64.6694523000042,candidate-measurement,1022F1,valid,1057521,-4,True,
1,1,00001F,1790199772.282202,38502.1657905,64.86144550000608,candidate-measurement,1022EF,valid,1057519,-2,True,
1,1,00001F,1790199772.489619,38502.3732078,65.06886280000617,candidate-measurement,1022ED,valid,1057517,-2,True,
1,1,00001F,1790199772.6816099,38502.5652007,65.26085570000578,candidate-measurement,1022ED,valid,1057517,0,True,
1,1,00001F,1790199772.8731806,38502.7567718,65.45242680000229,candidate-measurement,1022ED,valid,1057517,0,True,
1,1,00001F,1790199773.065181,38502.9487695,65.64442450000206,candidate-measurement,1022ED,valid,1057517,0,True,
1,1,00001F,1790199773.2731748,38503.1567624,65.85241740000492,candidate-measurement,1022EC,valid,1057516,-1,True,
1,1,00001F,1790199773.465167,38503.3487561,66.04441110000334,candidate-measurement,1022E9,valid,1057513,-3,True,
1,1,00001F,1790199773.6565797,38503.5401697,66.2358247000011,candidate-measurement,1022DB,valid,1057499,-14,True,
1,1,00001F,1790199773.864568,38503.7481591,66.44381410000642,candidate-measurement,1022D7,valid,1057495,-4,True,
1,1,00001F,1790199774.0561426,38503.9397324,66.63538740000513,candidate-measurement,1022D4,valid,1057492,-3,True,
1,1,00001F,1790199774.2481415,38504.1317298,66.82738480000262,candidate-measurement,1022D1,valid,1057489,-3,True,
1,1,00001F,1790199774.4401472,38504.3237373,67.01939230000426,candidate-measurement,1022CB,valid,1057483,-6,True,
1,1,00001F,1790199774.647541,38504.5311297,67.22678470000392,candidate-measurement,1022C7,valid,1057479,-4,True,
1,1,00001F,1790199774.839572,38504.7231627,67.41881770000327,candidate-measurement,1022C5,valid,1057477,-2,True,
1,1,00001F,1790199775.0315318,38504.915121,67.61077600000135,candidate-measurement,1022C5,valid,1057477,0,True,
1,1,00001F,1790199775.2391105,38505.122699,67.81835400000273,candidate-measurement,1022C3,valid,1057475,-2,True,
1,1,00001F,1790199775.4311123,38505.3147026,68.01035760000377,candidate-measurement,1022C1,valid,1057473,-2,True,
1,1,00001F,1790199775.623094,38505.506683,68.20233800000278,candidate-measurement,1022BF,valid,1057471,-2,True,
1,1,00001F,1790199775.8305082,38505.7140976,68.40975260000414,candidate-measurement,1022BD,valid,1057469,-2,True,
1,1,00001F,1790199776.038078,38505.9216688,68.61732380000467,candidate-measurement,1022BD,valid,1057469,0,True,
1,1,00001F,1790199776.23008,38506.1136681,68.80932310000208,candidate-measurement,1022B9,valid,1057465,-4,True,
1,1,00001F,1790199776.4220693,38506.3056594,69.00131440000405,candidate-measurement,1022B4,valid,1057460,-5,True,
1,1,00001F,1790199776.6134832,38506.4970736,69.19272860000638,candidate-measurement,1022B1,valid,1057457,-3,True,
1,1,00001F,1790199776.8054752,38506.6890642,69.38471920000302,candidate-measurement,1022AE,valid,1057454,-3,True,
1,1,00001F,1790199776.9974754,38506.8810656,69.57672060000186,candidate-measurement,1022AD,valid,1057453,-1,True,
1,1,00001F,1790199777.205065,38507.0886523,69.784307300004,candidate-measurement,1022AC,valid,1057452,-1,True,
1,1,00001F,1790199777.397048,38507.2806363,69.97629130000132,candidate-measurement,1022AC,valid,1057452,0,True,
1,1,00001F,1790199777.5890374,38507.4726257,70.16828070000338,candidate-measurement,1022AC,valid,1057452,0,True,
1,1,00001F,1790199777.7964542,38507.6800421,70.37569710000389,candidate-measurement,1022AB,valid,1057451,-1,True,
1,1,00001F,1790199777.9884477,38507.872036,70.56769100000383,candidate-measurement,1022A9,valid,1057449,-2,True,
1,1,00001F,1790199778.1800425,38508.0636277,70.7592827000044,candidate-measurement,1022A7,valid,1057447,-2,True,
1,1,00001F,1790199778.3720117,38508.2556,70.95125499999995,candidate-measurement,1022A7,valid,1057447,0,True,
1,1,00001F,1790199778.5799947,38508.4635832,71.15923820000171,candidate-measurement,1022A7,valid,1057447,0,True,
1,1,00001F,1790199778.7714136,38508.6550016,71.35065659999964,candidate-measurement,1022A7,valid,1057447,0,True,
1,1,00001F,1790199778.9634023,38508.8469925,71.54264750000584,candidate-measurement,1022A7,valid,1057447,0,True,
1,1,00001F,1790199779.170991,38509.0545774,71.75023240000155,candidate-measurement,1022A6,valid,1057446,-1,True,
1,1,00001F,1790199779.3629768,38509.2465651,71.94222010000522,candidate-measurement,1022A6,valid,1057446,0,True,
1,1,00001F,1790199779.554977,38509.4385635,72.13421850000304,candidate-measurement,1022A6,valid,1057446,0,True,
1,1,00001F,1790199779.746958,38509.6305493,72.3262043000068,candidate-measurement,1022A6,valid,1057446,0,True,
1,1,00001F,1790199779.9543736,38509.8379635,72.5336185000051,candidate-measurement,1022A5,valid,1057445,-1,True,
1,1,00001F,1790199780.146372,38510.0299604,72.72561540000606,candidate-measurement,1022A5,valid,1057445,0,True,
1,1,00001F,1790199780.3379512,38510.2215396,72.91719460000604,candidate-measurement,1022A1,valid,1057441,-4,True,
1,1,00001F,1790199780.5459416,38510.4295293,73.12518430000637,candidate-measurement,10229B,valid,1057435,-6,True,
1,1,00001F,1790199780.7373545,38510.6209434,73.31659840000066,candidate-measurement,102298,valid,1057432,-3,True,
1,1,00001F,1790199780.930036,38510.8136192,73.50927420000517,candidate-measurement,102295,valid,1057429,-3,True,
1,1,00001F,1790199781.1369302,38511.0205179,73.71617289999995,candidate-measurement,102295,valid,1057429,0,True,
1,1,00001F,1790199781.328915,38511.2125039,73.90815890000522,candidate-measurement,102295,valid,1057429,0,True,
1,1,00001F,1790199781.5203228,38511.4039108,74.09956580000289,candidate-measurement,102293,valid,1057427,-2,True,
1,1,00001F,1790199781.7283416,38511.6119296,74.30758460000652,candidate-measurement,102293,valid,1057427,0,True,
1,1,00001F,1790199781.93593,38511.8195198,74.5151748000062,candidate-measurement,102293,valid,1057427,0,True,
1,1,00001F,1790199782.1278894,38512.0114773,74.70713230000547,candidate-measurement,102293,valid,1057427,0,True,
1,1,00001F,1790199782.3198812,38512.2034696,74.8991246000005,candidate-measurement,102293,valid,1057427,0,True,
1,1,00001F,1790199782.5272965,38512.4108847,75.10653970000567,candidate-measurement,102292,valid,1057426,-1,True,
1,1,00001F,1790199782.7192826,38512.6028734,75.2985284000024,candidate-measurement,102292,valid,1057426,0,True,
1,1,00001F,1790199782.9108555,38512.7944463,75.49010130000534,candidate-measurement,10227F,valid,1057407,-19,True,
1,1,00001F,1790199783.1028597,38512.9864488,75.68210380000528,candidate-measurement,102279,valid,1057401,-6,True,
1,1,00001F,1790199783.2948618,38513.1784488,75.87410380000074,candidate-measurement,102270,valid,1057392,-9,True,
1,1,00001F,1790199783.4868484,38513.370437,76.06609200000094,candidate-measurement,10226B,valid,1057387,-5,True,
1,1,00001F,1790199783.6942518,38513.5778406,76.27349560000584,candidate-measurement,102267,valid,1057383,-4,True,
1,1,00001F,1790199783.9018748,38513.7854637,76.48111870000139,candidate-measurement,102262,valid,1057378,-5,True,
1,1,00001F,1790199784.0938241,38513.9774132,76.67306820000522,candidate-measurement,102259,valid,1057369,-9,True,
1,1,00001F,1790199784.2858179,38514.1694064,76.86506139999983,candidate-measurement,102253,valid,1057363,-6,True,
1,1,00001F,1790199784.4778092,38514.3613989,77.05705390000367,candidate-measurement,102251,valid,1057361,-2,True,
1,1,00001F,1790199784.6692257,38514.5528141,77.24846910000633,candidate-measurement,10224F,valid,1057359,-2,True,
1,1,00001F,1790199784.8612158,38514.7448043,77.44045929999993,candidate-measurement,10224D,valid,1057357,-2,True,
1,1,00001F,1790199785.0692115,38514.9527999,77.64845490000152,candidate-measurement,10224D,valid,1057357,0,True,
1,1,00001F,1790199785.260778,38515.1443663,77.8400213000059,candidate-measurement,10224D,valid,1057357,0,True,
1,1,00001F,1790199785.4527786,38515.3363672,78.03202220000094,candidate-measurement,10224D,valid,1057357,0,True,
1,1,00001F,1790199785.6447709,38515.5283605,78.22401550000359,candidate-measurement,10224C,valid,1057356,-1,True,
1,1,00001F,1790199785.8527663,38515.7363544,78.43200940000679,candidate-measurement,10224C,valid,1057356,0,True,
1,1,00001F,1790199786.044181,38515.9277691,78.62342410000565,candidate-measurement,10224C,valid,1057356,0,True,
1,1,00001F,1790199786.2361739,38516.1197619,78.8154169000045,candidate-measurement,10224C,valid,1057356,0,True,
1,1,00001F,1790199786.4437463,38516.3273357,79.02299070000299,candidate-measurement,10224C,valid,1057356,0,True,
1,1,00001F,1790199786.635741,38516.5193294,79.21498440000141,candidate-measurement,10224B,valid,1057355,-1,True,
1,1,00001F,1790199786.8277328,38516.7113215,79.4069765000022,candidate-measurement,102246,valid,1057350,-5,True,
1,1,00001F,1790199787.0357244,38516.9193144,79.61496940000507,candidate-measurement,10223D,valid,1057341,-9,True,
1,1,00001F,1790199787.227725,38517.1113135,79.80696850000095,candidate-measurement,10223B,valid,1057339,-2,True,
1,1,00001F,1790199787.4191353,38517.3027243,79.99837930000649,candidate-measurement,102239,valid,1057337,-2,True,
1,1,00001F,1790199787.6111314,38517.4947199,80.19037490000483,candidate-measurement,102239,valid,1057337,0,True,
1,1,00001F,1790199787.818698,38517.7022862,80.39794120000442,candidate-measurement,102239,valid,1057337,0,True,
1,1,00001F,1790199788.0106928,38517.8942823,80.58993730000657,candidate-measurement,102239,valid,1057337,0,True,
1,1,00001F,1790199788.2026956,38518.0862844,80.78193940000347,candidate-measurement,102229,valid,1057321,-16,True,
1,1,00001F,1790199788.4106839,38518.294273,80.98992800000269,candidate-measurement,102221,valid,1057313,-8,True,
1,1,00001F,1790199788.6026757,38518.4862653,81.181920300005,candidate-measurement,10221C,valid,1057308,-5,True,
1,1,00001F,1790199788.7940946,38518.6776846,81.37333960000251,candidate-measurement,102214,valid,1057300,-8,True,
1,1,00001F,1790199789.0020795,38518.88567,81.58132500000647,candidate-measurement,102211,valid,1057297,-3,True,
1,1,00001F,1790199789.2096665,38519.0932554,81.78891040000599,candidate-measurement,10220E,valid,1057294,-3,True,
1,1,00001F,1790199789.4016528,38519.2852416,81.98089660000551,candidate-measurement,10220A,valid,1057290,-4,True,
1,1,00001F,1790199789.593643,38519.4772334,82.17288840000401,candidate-measurement,102206,valid,1057286,-4,True,
1,1,00001F,1790199789.7850564,38519.6686456,82.36430060000566,candidate-measurement,102200,valid,1057280,-6,True,
1,1,00001F,1790199789.9770486,38519.8606379,82.5562929000007,candidate-measurement,1021FB,valid,1057275,-5,True,
1,1,00001F,1790199790.1690485,38520.0526361,82.74829110000428,candidate-measurement,1021F9,valid,1057273,-2,True,
1,1,00001F,1790199790.3766158,38520.2602047,82.95585969999956,candidate-measurement,1021F9,valid,1057273,0,True,
1,1,00001F,1790199790.5686092,38520.4521979,83.14785290000145,candidate-measurement,1021F7,valid,1057271,-2,True,
1,1,00001F,1790199790.7606077,38520.6441977,83.33985270000267,candidate-measurement,1021F7,valid,1057271,0,True,
1,1,00001F,1790199790.9680138,38520.8516028,83.54725780000445,candidate-measurement,1021F7,valid,1057271,0,True,
1,1,00001F,1790199791.1600184,38521.0436063,83.73926130000473,candidate-measurement,1021F6,valid,1057270,-1,True,
1,1,00001F,1790199791.3515906,38521.2351792,83.93083420000039,candidate-measurement,1021F4,valid,1057268,-2,True,
1,1,00001F,1790199791.5435822,38521.4271709,84.12282590000541,candidate-measurement,1021F3,valid,1057267,-1,True,
1,1,00001F,1790199791.750991,38521.6345816,84.33023660000617,candidate-measurement,1021F3,valid,1057267,0,True,
1,1,00001F,1790199791.9429832,38521.826573,84.52222800000163,candidate-measurement,1021F3,valid,1057267,0,True,
1,1,00001F,1790199792.134567,38522.0181558,84.71381079999992,candidate-measurement,1021F2,valid,1057266,-1,True,
1,1,00001F,1790199792.3425539,38522.2261424,84.92179740000574,candidate-measurement,1021F2,valid,1057266,0,True,
1,1,00001F,1790199792.5345447,38522.418134,85.11378900000273,candidate-measurement,1021F2,valid,1057266,0,True,
1,1,00001F,1790199792.7265382,38522.6101271,85.30578210000385,candidate-measurement,1021F2,valid,1057266,0,True,
1,1,00001F,1790199792.9339736,38522.8175604,85.51321540000208,candidate-measurement,1021F2,valid,1057266,0,True,
1,1,00001F,1790199793.1259494,38523.0095379,85.70519290000084,candidate-measurement,1021F2,valid,1057266,0,True,
1,1,00001F,1790199793.3175282,38523.2011169,85.89677190000657,candidate-measurement,1021F2,valid,1057266,0,True,
1,1,00001F,1790199793.5095177,38523.3931057,86.08876070000406,candidate-measurement,1021F1,valid,1057265,-1,True,
1,1,00001F,1790199793.7175179,38523.6011058,86.29676080000354,candidate-measurement,1021ED,valid,1057261,-4,True,
1,1,00001F,1790199793.9089284,38523.7925167,86.48817170000257,candidate-measurement,1021E4,valid,1057252,-9,True,
1,1,00001F,1790199794.1009223,38523.9845104,86.68016540000099,candidate-measurement,1021E1,valid,1057249,-3,True,
1,1,00001F,1790199794.308497,38524.1920847,86.8877397000033,candidate-measurement,1021DF,valid,1057247,-2,True,
1,1,00001F,1790199794.5004914,38524.3840795,87.07973450000281,candidate-measurement,1021DF,valid,1057247,0,True,
1,1,00001F,1790199794.6924896,38524.5760777,87.2717327000064,candidate-measurement,1021DF,valid,1057247,0,True,
1,1,00001F,1790199794.9004698,38524.7840577,87.47971270000562,candidate-measurement,1021DF,valid,1057247,0,True,
1,1,00001F,1790199795.1079004,38524.9914889,87.68714390000241,candidate-measurement,1021DE,valid,1057246,-1,True,
1,1,00001F,1790199795.2998714,38525.1834604,87.87911540000641,candidate-measurement,1021DE,valid,1057246,0,True,
1,1,00001F,1790199795.491461,38525.3750493,88.07070430000022,candidate-measurement,1021CD,valid,1057229,-17,True,
1,1,00001F,1790199795.6834495,38525.5670393,88.26269429999957,candidate-measurement,1021C7,valid,1057223,-6,True,
1,1,00001F,1790199795.8754423,38525.7590281,88.45468310000433,candidate-measurement,1021C2,valid,1057218,-5,True,
1,1,00001F,1790199796.0668812,38525.9504693,88.64612430000125,candidate-measurement,1021BA,valid,1057210,-8,True,
1,1,00001F,1790199796.27485,38526.158438,88.85409300000174,candidate-measurement,1021B6,valid,1057206,-4,True,
1,1,00001F,1790199796.4668446,38526.3504336,89.04608860000008,candidate-measurement,1021B3,valid,1057203,-3,True,
1,1,00001F,1790199796.658415,38526.5420037,89.23765870000352,candidate-measurement,1021B0,valid,1057200,-3,True,
1,1,00001F,1790199796.866409,38526.749997,89.44565200000216,candidate-measurement,1021AB,valid,1057195,-5,True,
1,1,00001F,1790199797.0738358,38526.9574248,89.65307980000216,candidate-measurement,1021A3,valid,1057187,-8,True,
1,1,00001F,1790199797.2658195,38527.1494083,89.84506330000295,candidate-measurement,10219F,valid,1057183,-4,True,
1,1,00001F,1790199797.4578078,38527.3413959,90.03705090000585,candidate-measurement,10219E,valid,1057182,-1,True,
1,1,00001F,1790199797.6493914,38527.5329795,90.22863450000295,candidate-measurement,10219D,valid,1057181,-1,True,
1,1,00001F,1790199797.8413796,38527.7249676,90.42062260000239,candidate-measurement,10219B,valid,1057179,-2,True,
1,1,00001F,1790199798.0333748,38527.9169632,90.61261820000072,candidate-measurement,102199,valid,1057177,-2,True,
1,1,00001F,1790199798.240793,38528.1243814,90.82003640000039,candidate-measurement,102199,valid,1057177,0,True,
1,1,00001F,1790199798.4327729,38528.3163627,91.01201770000625,candidate-measurement,102198,valid,1057176,-1,True,
1,1,00001F,1790199798.6243556,38528.5079438,91.20359880000615,candidate-measurement,102198,valid,1057176,0,True,
1,1,00001F,1790199798.8323467,38528.7159348,91.41158980000182,candidate-measurement,102198,valid,1057176,0,True,
1,1,00001F,1790199799.0243442,38528.9079328,91.60358780000388,candidate-measurement,102198,valid,1057176,0,True,
1,1,00001F,1790199799.2163768,38529.0999638,91.79561880000256,candidate-measurement,102198,valid,1057176,0,True,
1,1,00001F,1790199799.4077504,38529.2913396,91.98699460000353,candidate-measurement,102196,valid,1057174,-2,True,
1,1,00001F,1790199799.6157656,38529.4993524,92.19500740000512,candidate-measurement,102196,valid,1057174,0,True,
1,1,00001F,1790199799.8077369,38529.6913252,92.38698020000447,candidate-measurement,10218F,valid,1057167,-7,True,
1,1,00001F,1790199799.9993093,38529.8828979,92.57855290000589,candidate-measurement,102188,valid,1057160,-7,True,
1,1,00001F,1790199800.2073112,38530.0908992,92.78655419999996,candidate-measurement,102185,valid,1057157,-3,True,
1,1,00001F,1790199800.399298,38530.2828868,92.97854180000286,candidate-measurement,102185,valid,1057157,0,True,
1,1,00001F,1790199800.590713,38530.4743013,93.1699563000002,candidate-measurement,102185,valid,1057157,0,True,
1,1,00001F,1790199800.7987008,38530.6822893,93.37794430000213,candidate-measurement,102184,valid,1057156,-1,True,
1,1,00001F,1790199800.9902837,38530.873872,93.56952699999965,candidate-measurement,102184,valid,1057156,0,True,
1,1,00001F,1790199801.1822789,38531.0658659,93.7615208999996,candidate-measurement,102181,valid,1057153,-3,True,
1,1,00001F,1790199801.3742642,38531.2578527,93.95350770000368,candidate-measurement,10216D,valid,1057133,-20,True,
1,1,00001F,1790199801.581683,38531.4652716,94.1609266000014,candidate-measurement,102167,valid,1057127,-6,True,
1,1,00001F,1790199801.7736707,38531.6572603,94.3529153000054,candidate-measurement,10215F,valid,1057119,-8,True,
1,1,00001F,1790199801.9656703,38531.8492589,94.54491390000476,candidate-measurement,10215B,valid,1057115,-4,True,
1,1,00001F,1790199802.173242,38532.0568305,94.75248550000106,candidate-measurement,102157,valid,1057111,-4,True,
1,1,00001F,1790199802.3652442,38532.2488309,94.94448589999956,candidate-measurement,102152,valid,1057106,-5,True,
1,1,00001F,1790199802.557222,38532.4408106,95.13646560000052,candidate-measurement,10214B,valid,1057099,-7,True,
1,1,00001F,1790199802.7492242,38532.6328123,95.32846730000165,candidate-measurement,102146,valid,1057094,-5,True,
1,1,00001F,1790199802.956639,38532.8402273,95.53588230000605,candidate-measurement,102144,valid,1057092,-2,True,
1,1,00001F,1790199803.1486397,38533.0322265,95.7278815000027,candidate-measurement,102144,valid,1057092,0,True,
1,1,00001F,1790199803.3402095,38533.2237968,95.91945180000039,candidate-measurement,102143,valid,1057091,-1,True,
1,1,00001F,1790199803.5481937,38533.431782,96.12743700000283,candidate-measurement,102140,valid,1057088,-3,True,
1,1,00001F,1790199803.7401862,38533.6237747,96.31942970000091,candidate-measurement,10213F,valid,1057087,-1,True,
1,1,00001F,1790199803.9321854,38533.8157733,96.51142830000026,candidate-measurement,10213F,valid,1057087,0,True,
1,1,00001F,1790199804.139605,38534.0231932,96.7188482000056,candidate-measurement,10213E,valid,1057086,-1,True,
1,1,00001F,1790199804.3316183,38534.2152054,96.91086040000664,candidate-measurement,10213E,valid,1057086,0,True,
1,1,00001F,1790199804.5235834,38534.4071717,97.10282670000015,candidate-measurement,10213E,valid,1057086,0,True,
1,1,00001F,1790199804.7311583,38534.6147463,97.31040130000474,candidate-measurement,10213E,valid,1057086,0,True,
1,1,00001F,1790199804.923143,38534.8067314,97.50238640000316,candidate-measurement,10213E,valid,1057086,0,True,
1,1,00001F,1790199805.1145754,38534.9981638,97.69381880000583,candidate-measurement,10213E,valid,1057086,0,True,
1,1,00001F,1790199805.3065732,38535.1901607,97.88581570000679,candidate-measurement,10213D,valid,1057085,-1,True,
1,1,00001F,1790199805.51414,38535.3977275,98.09338250000292,candidate-measurement,102138,valid,1057080,-5,True,
1,1,00001F,1790199805.7061336,38535.5897218,98.2853768000059,candidate-measurement,102130,valid,1057072,-8,True,
1,1,00001F,1790199805.8981185,38535.7817074,98.47736240000086,candidate-measurement,10212D,valid,1057069,-3,True,
1,1,00001F,1790199806.1055386,38535.9891265,98.6847815000001,candidate-measurement,10212B,valid,1057067,-2,True,
1,1,00001F,1790199806.2975266,38536.1811145,98.87676950000605,candidate-measurement,10212B,valid,1057067,0,True,
1,1,00001F,1790199806.4895144,38536.373104,99.06875900000159,candidate-measurement,10212B,valid,1057067,0,True,
1,1,00001F,1790199806.6810918,38536.5646817,99.2603367000047,candidate-measurement,10212B,valid,1057067,0,True,
1,1,00001F,1790199806.889084,38536.7726731,99.46832810000342,candidate-measurement,10212B,valid,1057067,0,True,
1,1,00001F,1790199807.0810812,38536.9646709,99.66032590000395,candidate-measurement,10212A,valid,1057066,-1,True,
1,1,00001F,1790199807.2724943,38537.156083,99.85173800000484,candidate-measurement,102126,valid,1057062,-4,True,
1,1,00001F,1790199807.4804814,38537.3640692,100.05972420000035,candidate-measurement,102113,valid,1057043,-19,True,
1,1,00001F,1790199807.672482,38537.5560703,100.25172530000418,candidate-measurement,10210D,valid,1057037,-6,True,
1,1,00001F,1790199807.8640625,38537.7476511,100.44330610000179,candidate-measurement,102105,valid,1057029,-8,True,
1,1,00001F,1790199808.0720465,38537.955635,100.65129000000161,candidate-measurement,102101,valid,1057025,-4,True,
1,1,00001F,1790199808.2800422,38538.1636303,100.85928530000092,candidate-measurement,1020FD,valid,1057021,-4,True,
1,1,00001F,1790199808.4714813,38538.3550689,101.05072389999987,candidate-measurement,1020F9,valid,1057017,-4,True,
1,1,00001F,1790199808.6634574,38538.5470454,101.24270040000556,candidate-measurement,1020F1,valid,1057009,-8,True,
1,1,00001F,1790199808.8550367,38538.7386248,101.43427979999979,candidate-measurement,1020EB,valid,1057003,-6,True,
1,1,00001F,1790199809.0470238,38538.9306119,101.62626690000616,candidate-measurement,1020E8,valid,1057000,-3,True,
1,1,00001F,1790199809.2390156,38539.122604,101.81825899999967,candidate-measurement,1020E7,valid,1056999,-1,True,
1,1,00001F,1790199809.4470093,38539.3305976,102.02625260000059,candidate-measurement,1020E5,valid,1056997,-2,True,
1,1,00001F,1790199809.6384232,38539.5220116,102.2176666000014,candidate-measurement,1020E5,valid,1056997,0,True,
1,1,00001F,1790199809.8304195,38539.7140039,102.4096589000037,candidate-measurement,1020E5,valid,1056997,0,True,
1,1,00001F,1790199810.037988,38539.9215764,102.61723139999958,candidate-measurement,1020E3,valid,1056995,-2,True,
1,1,00001F,1790199810.2299812,38540.1135694,102.80922439999995,candidate-measurement,1020E3,valid,1056995,0,True,
1,1,00001F,1790199810.4219687,38540.3055574,103.0012124000059,candidate-measurement,1020E3,valid,1056995,0,True,
1,1,00001F,1790199810.6133854,38540.4969742,103.1926292000062,candidate-measurement,1020E3,valid,1056995,0,True,
1,1,00001F,1790199810.8213766,38540.7049652,103.40062020000187,candidate-measurement,1020E3,valid,1056995,0,True,
1,1,00001F,1790199811.0133762,38540.8969645,103.59261950000655,candidate-measurement,1020E3,valid,1056995,0,True,
1,1,00001F,1790199811.2049634,38541.0885511,103.78420610000467,candidate-measurement,1020E3,valid,1056995,0,True,
1,1,00001F,1790199811.4129431,38541.2965319,103.99218690000271,candidate-measurement,1020D7,valid,1056983,-12,True,
1,1,00001F,1790199811.604933,38541.4885222,104.18417720000434,candidate-measurement,1020D3,valid,1056979,-4,True,
1,1,00001F,1790199811.7963507,38541.6799392,104.37559420000616,candidate-measurement,1020D1,valid,1056977,-2,True,
1,1,00001F,1790199812.0043652,38541.8879521,104.58360710000125,candidate-measurement,1020D1,valid,1056977,0,True,
1,1,00001F,1790199812.2119317,38542.0955193,104.79117430000042,candidate-measurement,1020D1,valid,1056977,0,True,
1,1,00001F,1790199812.4039142,38542.2875022,104.98315720000392,candidate-measurement,1020D1,valid,1056977,0,True,
1,1,00001F,1790199812.5959122,38542.4794997,105.17515470000217,candidate-measurement,1020CD,valid,1056973,-4,True,
1,1,00001F,1790199812.8033192,38542.6869075,105.38256250000268,candidate-measurement,1020BC,valid,1056956,-17,True,
1,1,00001F,1790199812.9953163,38542.8789043,105.57455930000287,candidate-measurement,1020B7,valid,1056951,-5,True,
1,1,00001F,1790199813.1873128,38543.0709003,105.76655530000426,candidate-measurement,1020B0,valid,1056944,-7,True,
1,1,00001F,1790199813.3788893,38543.2624772,105.95813220000127,candidate-measurement,1020AB,valid,1056939,-5,True,
1,1,00001F,1790199813.570866,38543.4544547,106.15010970000003,candidate-measurement,1020A7,valid,1056935,-4,True,
1,1,00001F,1790199813.762869,38543.6464572,106.34211219999997,candidate-measurement,1020A5,valid,1056933,-2,True,
1,1,00001F,1790199813.970877,38543.854465,106.55011999999988,candidate-measurement,1020A1,valid,1056929,-4,True,
1,1,00001F,1790199814.1628644,38544.0464508,106.74210580000363,candidate-measurement,10209D,valid,1056925,-4,True,
1,1,00001F,1790199814.3548481,38544.2384364,106.93409140000585,candidate-measurement,102098,valid,1056920,-5,True,
1,1,00001F,1790199814.5462723,38544.4298601,107.12551510000048,candidate-measurement,102094,valid,1056916,-4,True,
1,1,00001F,1790199814.7542484,38544.6378369,107.33349190000445,candidate-measurement,102091,valid,1056913,-3,True,
1,1,00001F,1790199814.946271,38544.8298577,107.52551270000549,candidate-measurement,102090,valid,1056912,-1,True,
1,1,00001F,1790199815.1378355,38545.021422,107.71707700000115,candidate-measurement,102090,valid,1056912,0,True,
1,1,00001F,1790199815.3458447,38545.2294321,107.92508710000402,candidate-measurement,10208E,valid,1056910,-2,True,
1,1,00001F,1790199815.537806,38545.4213946,108.11704960000498,candidate-measurement,10208D,valid,1056909,-1,True,
1,1,00001F,1790199815.7292404,38545.6128272,108.30848220000189,candidate-measurement,10208B,valid,1056907,-2,True,
1,1,00001F,1790199815.9212306,38545.8048186,108.50047360000463,candidate-measurement,10208B,valid,1056907,0,True,
1,1,00001F,1790199816.1288443,38546.0124323,108.70808730000135,candidate-measurement,10208B,valid,1056907,0,True,
1,1,00001F,1790199816.3208017,38546.2043877,108.90004270000645,candidate-measurement,10208B,valid,1056907,0,True,
1,1,00001F,1790199816.512782,38546.3963701,109.09202510000614,candidate-measurement,10208A,valid,1056906,-1,True,
1,1,00001F,1790199816.720253,38546.6038354,109.29949040000065,candidate-measurement,10208A,valid,1056906,0,True,
1,1,00001F,1790199816.9121902,38546.7957782,109.4914332000044,candidate-measurement,10208A,valid,1056906,0,True,
1,1,00001F,1790199817.103762,38546.98735,109.68300500000623,candidate-measurement,10208A,valid,1056906,0,True,
1,1,00001F,1790199817.3117533,38547.1953413,109.89099630000419,candidate-measurement,10208A,valid,1056906,0,True,
1,1,00001F,1790199817.5037494,38547.3873379,110.08299290000286,candidate-measurement,10208A,valid,1056906,0,True,
1,1,00001F,1790199817.6951585,38547.5787468,110.27440180000121,candidate-measurement,102089,valid,1056905,-1,True,
1,1,00001F,1790199817.8871522,38547.77074,110.4663950000031,candidate-measurement,102085,valid,1056901,-4,True,
1,1,00001F,1790199818.0947347,38547.9783224,110.6739774000016,candidate-measurement,10207D,valid,1056893,-8,True,
1,1,00001F,1790199818.2867303,38548.1703181,110.8659731000007,candidate-measurement,102079,valid,1056889,-4,True,
1,1,00001F,1790199818.4781342,38548.3617228,111.05737780000345,candidate-measurement,102077,valid,1056887,-2,True,
1,1,00001F,1790199818.686128,38548.5697157,111.26537070000632,candidate-measurement,102077,valid,1056887,0,True,
1,1,00001F,1790199818.8781307,38548.7617188,111.45737380000355,candidate-measurement,102077,valid,1056887,0,True,
1,1,00001F,1790199819.0697012,38548.9532891,111.64894410000124,candidate-measurement,102077,valid,1056887,0,True,
1,1,00001F,1790199819.2776842,38549.1612725,111.85692750000453,candidate-measurement,102076,valid,1056886,-1,True,
1,1,00001F,1790199819.4696891,38549.3532776,112.04893260000244,candidate-measurement,102076,valid,1056886,0,True,
1,1,00001F,1790199819.6611092,38549.5446977,112.24035270000604,candidate-measurement,102064,valid,1056868,-18,True,
1,1,00001F,1790199819.8530955,38549.7366841,112.43233909999981,candidate-measurement,10205E,valid,1056862,-6,True,
1,1,00001F,1790199820.0607183,38549.9443067,112.6399617000061,candidate-measurement,102057,valid,1056855,-7,True,
1,1,00001F,1790199820.2526617,38550.1362497,112.83190470000409,candidate-measurement,102050,valid,1056848,-7,True,
1,1,00001F,1790199820.4447155,38550.3283029,113.02395790000446,candidate-measurement,10204D,valid,1056845,-3,True,
1,1,00001F,1790199820.6526477,38550.5362357,113.2318907000008,candidate-measurement,102049,valid,1056841,-4,True,
1,1,00001F,1790199820.8440766,38550.7276642,113.42331920000288,candidate-measurement,102044,valid,1056836,-5,True,
1,1,00001F,1790199821.0360558,38550.919644,113.6152990000046,candidate-measurement,10203E,valid,1056830,-6,True,
1,1,00001F,1790199821.243624,38551.1272116,113.82286659999954,candidate-measurement,102039,valid,1056825,-5,True,
1,1,00001F,1790199821.4356172,38551.3192056,114.01486060000025,candidate-measurement,102036,valid,1056822,-3,True,
1,1,00001F,1790199821.6276107,38551.5111992,114.20685420000518,candidate-measurement,102035,valid,1056821,-1,True,
1,1,00001F,1790199821.819031,38551.7026195,114.39827450000303,candidate-measurement,102033,valid,1056819,-2,True,
1,1,00001F,1790199822.0270312,38551.9106191,114.60627410000598,candidate-measurement,102031,valid,1056817,-2,True,
1,1,00001F,1790199822.2186012,38552.1021888,114.79784380000638,candidate-measurement,102031,valid,1056817,0,True,
1,1,00001F,1790199822.4105916,38552.2941798,114.98983480000607,candidate-measurement,102031,valid,1056817,0,True,
1,1,00001F,1790199822.6185937,38552.5021828,115.1978378000058,candidate-measurement,102031,valid,1056817,0,True,
1,1,00001F,1790199822.810578,38552.6941664,115.38982140000007,candidate-measurement,102030,valid,1056816,-1,True,
1,1,00001F,1790199823.0019977,38552.8855862,115.58124120000139,candidate-measurement,102030,valid,1056816,0,True,
1,1,00001F,1790199823.209989,38553.0935771,115.78923210000357,candidate-measurement,102030,valid,1056816,0,True,
1,1,00001F,1790199823.4015536,38553.2851422,115.98079720000533,candidate-measurement,102030,valid,1056816,0,True,
1,1,00001F,1790199823.5935483,38553.4771369,116.17279190000409,candidate-measurement,102030,valid,1056816,0,True,
1,1,00001F,1790199823.7855387,38553.6691272,116.36478220000572,candidate-measurement,10202E,valid,1056814,-2,True,
1,1,00001F,1790199823.99297,38553.8765597,116.57221470000513,candidate-measurement,10202E,valid,1056814,0,True,
1,1,00001F,1790199824.1849535,38554.0685416,116.76419660000101,candidate-measurement,102028,valid,1056808,-6,True,
1,1,00001F,1790199824.3769407,38554.2605307,116.95618570000079,candidate-measurement,102021,valid,1056801,-7,True,
1,1,00001F,1790199824.5845265,38554.4681143,117.16376930000115,candidate-measurement,10201F,valid,1056799,-2,True,
1,1,00001F,1790199824.7765076,38554.6600963,117.35575130000507,candidate-measurement,10201D,valid,1056797,-2,True,
1,1,00001F,1790199824.9685051,38554.8520935,117.54774850000103,candidate-measurement,10201D,valid,1056797,0,True,
1,1,00001F,1790199825.175927,38555.0595149,117.75516990000324,candidate-measurement,10201D,valid,1056797,0,True,
1,1,00001F,1790199825.367909,38555.2514979,117.94715290000022,candidate-measurement,10201D,valid,1056797,0,True,
1,1,00001F,1790199825.5598998,38555.4434885,118.13914350000414,candidate-measurement,10201C,valid,1056796,-1,True,
1,1,00001F,1790199825.7519016,38555.6354899,118.33114490000298,candidate-measurement,102019,valid,1056793,-3,True,
1,1,00001F,1790199825.9594617,38555.843051,118.53870600000664,candidate-measurement,102007,valid,1056775,-18,True,
1,1,00001F,1790199826.1514785,38556.0350654,118.73072040000261,candidate-measurement,102003,valid,1056771,-4,True,
1,1,00001F,1790199826.3434517,38556.2270403,118.9226953000034,candidate-measurement,101FFC,valid,1056764,-7,True,
1,1,00001F,1790199826.5508692,38556.4344574,119.13011240000196,candidate-measurement,101FF7,valid,1056759,-5,True,
1,1,00001F,1790199826.7428613,38556.6264505,119.32210550000309,candidate-measurement,101FF4,valid,1056756,-3,True,
1,1,00001F,1790199826.9348586,38556.8184476,119.51410260000557,candidate-measurement,101FF2,valid,1056754,-2,True,
1,1,00001F,1790199827.1424332,38557.026022,119.72167700000136,candidate-measurement,101FEF,valid,1056751,-3,True,
1,1,00001F,1790199827.3344197,38557.2180082,119.91366320000088,candidate-measurement,101FED,valid,1056749,-2,True,
1,1,00001F,1790199827.5264232,38557.4100113,120.1056663000054,candidate-measurement,101FEA,valid,1056746,-3,True,
1,1,00001F,1790199827.7184079,38557.6019992,120.29765420000331,candidate-measurement,101FE8,valid,1056744,-2,True,
1,1,00001F,1790199827.9264023,38557.8099917,120.50564670000313,candidate-measurement,101FE6,valid,1056742,-2,True,
1,1,00001F,1790199828.1178281,38558.0014178,120.69707280000148,candidate-measurement,101FE6,valid,1056742,0,True,
1,1,00001F,1790199828.309817,38558.1934055,120.88906050000514,candidate-measurement,101FE4,valid,1056740,-2,True,
1,1,00001F,1790199828.5173864,38558.4009753,121.09663030000229,candidate-measurement,101FE4,valid,1056740,0,True,
1,1,00001F,1790199828.7093842,38558.5929726,121.2886276000063,candidate-measurement,101FE2,valid,1056738,-2,True,
1,1,00001F,1790199828.9013698,38558.7849587,121.48061370000505,candidate-measurement,101FE0,valid,1056736,-2,True,
1,1,00001F,1790199829.1088116,38558.9923984,121.68805340000108,candidate-measurement,101FDE,valid,1056734,-2,True,
1,1,00001F,1790199829.3007736,38559.1843626,121.88001760000043,candidate-measurement,101FDD,valid,1056733,-1,True,
1,1,00001F,1790199829.4923604,38559.3759491,122.07160410000506,candidate-measurement,101FDD,valid,1056733,0,True,
1,1,00001F,1790199829.6843498,38559.5679386,122.2635936000006,candidate-measurement,101FDD,valid,1056733,0,True,
1,1,00001F,1790199829.8923445,38559.7759334,122.47158840000338,candidate-measurement,101FDB,valid,1056731,-2,True,
1,1,00001F,1790199830.083749,38559.967338,122.66299300000537,candidate-measurement,101FDB,valid,1056731,0,True,
1,1,00001F,1790199830.2757509,38560.1593391,122.85499410000193,candidate-measurement,101FDB,valid,1056731,0,True,
1,1,00001F,1790199830.4833367,38560.3669264,123.06258140000136,candidate-measurement,101FDA,valid,1056730,-1,True,
1,1,00001F,1790199830.6753159,38560.5589044,123.25455940000393,candidate-measurement,101FD8,valid,1056728,-2,True,
1,1,00001F,1790199830.8673077,38560.7508969,123.44655190000049,candidate-measurement,101FD7,valid,1056727,-1,True,
1,1,00001F,1790199831.0747316,38560.9583198,123.65397479999956,candidate-measurement,101FD7,valid,1056727,0,True,
1,1,00001F,1790199831.2822876,38561.1658767,123.86153170000034,candidate-measurement,101FD6,valid,1056726,-1,True,
1,1,00001F,1790199831.474301,38561.3578892,124.05354420000367,candidate-measurement,101FD6,valid,1056726,0,True,
1,1,00001F,1790199831.666278,38561.5498679,124.24552290000429,candidate-measurement,101FD6,valid,1056726,0,True,
1,1,00001F,1790199831.8582737,38561.7418643,124.43751930000144,candidate-measurement,101FD6,valid,1056726,0,True,
1,1,00001F,1790199832.0502741,38561.9338622,124.62951720000274,candidate-measurement,101FD6,valid,1056726,0,True,
1,1,00001F,1790199832.2416897,38562.1252773,124.82093230000464,candidate-measurement,101FD6,valid,1056726,0,True,
1,1,00001F,1790199832.4496765,38562.3332673,125.02892229999998,candidate-measurement,101FD4,valid,1056724,-2,True,
1,1,00001F,1790199832.641677,38562.5252659,125.2209209000066,candidate-measurement,101FCB,valid,1056715,-9,True,
1,1,00001F,1790199832.8332627,38562.7168539,125.41250890000083,candidate-measurement,101FC7,valid,1056711,-4,True,
1,1,00001F,1790199833.0252473,38562.9088361,125.60449110000627,candidate-measurement,101FC5,valid,1056709,-2,True,
1,1,00001F,1790199833.2332387,38563.1168272,125.8124822000027,candidate-measurement,101FC3,valid,1056707,-2,True,
1,1,00001F,1790199833.4246483,38563.3082373,126.00389230000292,candidate-measurement,101FC3,valid,1056707,0,True,
1,1,00001F,1790199833.6166608,38563.5002494,126.1959044000032,candidate-measurement,101FC3,valid,1056707,0,True,
1,1,00001F,1790199833.8242297,38563.70782,126.40347500000644,candidate-measurement,101FC3,valid,1056707,0,True,
1,1,00001F,1790199834.016209,38563.8997973,126.59545230000367,candidate-measurement,101FC3,valid,1056707,0,True,
1,1,00001F,1790199834.208205,38564.0917931,126.78744810000353,candidate-measurement,101FC3,valid,1056707,0,True,
1,1,00001F,1790199834.415615,38564.2992047,126.99485970000387,candidate-measurement,101FC1,valid,1056705,-2,True,
1,1,00001F,1790199834.6076086,38564.4911992,127.18685420000111,candidate-measurement,101FAF,valid,1056687,-18,True,
1,1,00001F,1790199834.7991834,38564.6827718,127.37842680000176,candidate-measurement,101FAA,valid,1056682,-5,True,
1,1,00001F,1790199834.9911773,38564.8747683,127.57042329999967,candidate-measurement,101FA2,valid,1056674,-8,True,
1,1,00001F,1790199835.1991854,38565.0827734,127.77842840000085,candidate-measurement,101F9D,valid,1056669,-5,True,
1,1,00001F,1790199835.3911605,38565.2747508,127.97040580000612,candidate-measurement,101F9A,valid,1056666,-3,True,
1,1,00001F,1790199835.5825813,38565.4661707,128.16182570000092,candidate-measurement,101F98,valid,1056664,-2,True,
1,1,00001F,1790199835.7905724,38565.6741617,128.36981670000387,candidate-measurement,101F95,valid,1056661,-3,True,
1,1,00001F,1790199835.9825642,38565.8661546,128.56180960000347,candidate-measurement,101F93,valid,1056659,-2,True,
1,1,00001F,1790199836.1741428,38566.0577291,128.75338410000404,candidate-measurement,101F8F,valid,1056655,-4,True,
1,1,00001F,1790199836.382132,38566.2657198,128.9613748000047,candidate-measurement,101F8B,valid,1056651,-4,True,
1,1,00001F,1790199836.5741282,38566.4577178,129.15337280000676,candidate-measurement,101F87,valid,1056647,-4,True,
1,1,00001F,1790199836.7655447,38566.6491336,129.34478860000672,candidate-measurement,101F84,valid,1056644,-3,True,
1,1,00001F,1790199836.957553,38566.8411412,129.53679620000185,candidate-measurement,101F83,valid,1056643,-1,True,
1,1,00001F,1790199837.1651173,38567.0487052,129.74436020000576,candidate-measurement,101F83,valid,1056643,0,True,
1,1,00001F,1790199837.3571022,38567.2406907,129.93634569999995,candidate-measurement,101F82,valid,1056642,-1,True,
1,1,00001F,1790199837.549086,38567.4326764,130.12833140000293,candidate-measurement,101F82,valid,1056642,0,True,
1,1,00001F,1790199837.7570808,38567.6406711,130.33632610000495,candidate-measurement,101F80,valid,1056640,-2,True,
1,1,00001F,1790199837.9485216,38567.8321119,130.5277669000061,candidate-measurement,101F7F,valid,1056639,-1,True,
1,1,00001F,1790199838.140498,38568.0240851,130.71974010000122,candidate-measurement,101F7D,valid,1056637,-2,True,
1,1,00001F,1790199838.3480752,38568.2316635,130.92731850000564,candidate-measurement,101F7D,valid,1056637,0,True,
1,1,00001F,1790199838.540063,38568.4236531,131.11930810000194,candidate-measurement,101F7D,valid,1056637,0,True,
1,1,00001F,1790199838.7320526,38568.6156433,131.31129830000282,candidate-measurement,101F7D,valid,1056637,0,True,
1,1,00001F,1790199838.9240732,38568.8076616,131.50331660000666,candidate-measurement,101F7D,valid,1056637,0,True,
1,1,00001F,1790199839.131468,38569.0150579,131.71071289999963,candidate-measurement,101F7C,valid,1056636,-1,True,
1,1,00001F,1790199839.3234642,38569.2070525,131.9027075000049,candidate-measurement,101F7C,valid,1056636,0,True,
1,1,00001F,1790199839.5150309,38569.3986203,132.0942753000054,candidate-measurement,101F7C,valid,1056636,0,True,
1,1,00001F,1790199839.7230394,38569.6066307,132.30228570000327,candidate-measurement,101F7C,valid,1056636,0,True,
1,1,00001F,1790199839.9150195,38569.7986085,132.4942635000043,candidate-measurement,101F7C,valid,1056636,0,True,
1,1,00001F,1790199840.1064377,38569.9900244,132.68567940000503,candidate-measurement,101F7C,valid,1056636,0,True,
1,1,00001F,1790199840.3144348,38570.1980224,132.89367740000307,candidate-measurement,101F7A,valid,1056634,-2,True,
1,1,00001F,1790199840.5064433,38570.390032,133.08568700000615,candidate-measurement,101F74,valid,1056628,-6,True,
1,1,00001F,1790199840.697994,38570.5815829,133.27723790000164,candidate-measurement,101F6D,valid,1056621,-7,True,
1,1,00001F,1790199840.889983,38570.7735733,133.46922830000403,candidate-measurement,101F6B,valid,1056619,-2,True,
1,1,00001F,1790199841.0979855,38570.9815734,133.67722840000351,candidate-measurement,101F69,valid,1056617,-2,True,
1,1,00001F,1790199841.2894,38571.172988,133.8686430000016,candidate-measurement,101F69,valid,1056617,0,True,
1,1,00001F,1790199841.4813893,38571.364978,134.06063300000096,candidate-measurement,101F69,valid,1056617,0,True,
1,1,00001F,1790199841.688961,38571.5725506,134.26820560000488,candidate-measurement,101F69,valid,1056617,0,True,
1,1,00001F,1790199841.8809555,38571.7645449,134.4601999000006,candidate-measurement,101F68,valid,1056616,-1,True,
1,1,00001F,1790199842.0729432,38571.9565333,134.6521883000023,candidate-measurement,101F63,valid,1056611,-5,True,
1,1,00001F,1790199842.2803652,38572.1639539,134.8596089000057,candidate-measurement,101F51,valid,1056593,-18,True,
1,1,00001F,1790199842.4723573,38572.3559462,135.05160120000073,candidate-measurement,101F4C,valid,1056588,-5,True,
1,1,00001F,1790199842.6639314,38572.5475202,135.24317520000477,candidate-measurement,101F44,valid,1056580,-8,True,
1,1,00001F,1790199842.8559213,38572.7395102,135.43516520000412,candidate-measurement,101F41,valid,1056577,-3,True,
1,1,00001F,1790199843.0639179,38572.9475079,135.64316289999988,candidate-measurement,101F3F,valid,1056575,-2,True,
1,1,00001F,1790199843.2553315,38573.1389204,135.8345754000038,candidate-measurement,101F3B,valid,1056571,-4,True,
1,1,00001F,1790199843.4473248,38573.3309155,136.02657050000562,candidate-measurement,101F38,valid,1056568,-3,True,
1,1,00001F,1790199843.655323,38573.5389132,136.23456820000138,candidate-measurement,101F34,valid,1056564,-4,True,
1,1,00001F,1790199843.8468895,38573.7304799,136.42613490000076,candidate-measurement,101F2D,valid,1056557,-7,True,
1,1,00001F,1790199844.038883,38573.9224729,136.61812790000113,candidate-measurement,101F2A,valid,1056554,-3,True,
1,1,00001F,1790199844.2469285,38574.1305156,136.82617060000484,candidate-measurement,101F29,valid,1056553,-1,True,
1,1,00001F,1790199844.454286,38574.3378745,137.03352950000408,candidate-measurement,101F28,valid,1056552,-1,True,
1,1,00001F,1790199844.646295,38574.5298859,137.2255409000063,candidate-measurement,101F27,valid,1056551,-1,True,
1,1,00001F,1790199844.8378594,38574.7214475,137.41710250000324,candidate-measurement,101F25,valid,1056549,-2,True,
1,1,00001F,1790199845.029859,38574.9134477,137.60910270000022,candidate-measurement,101F24,valid,1056548,-1,True,
1,1,00001F,1790199845.2218564,38575.1054441,137.80109910000465,candidate-measurement,101F23,valid,1056547,-1,True,
1,1,00001F,1790199845.413834,38575.2974247,137.99307970000518,candidate-measurement,101F23,valid,1056547,0,True,
1,1,00001F,1790199845.6212478,38575.5048387,138.20049370000197,candidate-measurement,101F23,valid,1056547,0,True,
1,1,00001F,1790199845.8132489,38575.6968381,138.39249310000014,candidate-measurement,101F22,valid,1056546,-1,True,
1,1,00001F,1790199846.00482,38575.8884108,138.58406580000155,candidate-measurement,101F22,valid,1056546,0,True,
1,1,00001F,1790199846.2128284,38576.0964153,138.79207030000543,candidate-measurement,101F22,valid,1056546,0,True,
1,1,00001F,1790199846.4048116,38576.2884003,138.9840553000031,candidate-measurement,101F22,valid,1056546,0,True,
1,1,00001F,1790199846.5962238,38576.4798122,139.17546720000246,candidate-measurement,101F22,valid,1056546,0,True,
1,1,00001F,1790199846.7882137,38576.6718049,139.36745990000054,candidate-measurement,101F20,valid,1056544,-2,True,
1,1,00001F,1790199846.9958453,38576.8794342,139.57508919999964,candidate-measurement,101F20,valid,1056544,0,True,
1,1,00001F,1790199847.1877878,38577.0713764,139.7670314000061,candidate-measurement,101F1A,valid,1056538,-6,True,
1,1,00001F,1790199847.3797815,38577.2633697,139.95902470000146,candidate-measurement,101F13,valid,1056531,-7,True,
1,1,00001F,1790199847.5871904,38577.4707801,140.16643509999994,candidate-measurement,101F11,valid,1056529,-2,True,
1,1,00001F,1790199847.779194,38577.6627851,140.35844010000437,candidate-measurement,101F0F,valid,1056527,-2,True,
1,1,00001F,1790199847.971175,38577.8547654,140.55042040000262,candidate-measurement,101F0F,valid,1056527,0,True,
1,1,00001F,1790199848.1631799,38578.0467688,140.74242380000214,candidate-measurement,101F0F,valid,1056527,0,True,
1,1,00001F,1790199848.3707638,38578.2543517,140.95000670000445,candidate-measurement,101F0F,valid,1056527,0,True,
1,1,00001F,1790199848.562737,38578.446327,141.141982000001,candidate-measurement,101F0F,valid,1056527,0,True,
1,1,00001F,1790199848.7547264,38578.6383175,141.33397250000417,candidate-measurement,101EFF,valid,1056511,-16,True,
1,1,00001F,1790199848.962145,38578.8457355,141.5413905000023,candidate-measurement,101EF7,valid,1056503,-8,True,
1,1,00001F,1790199849.1541417,38579.0377309,141.7333859000064,candidate-measurement,101EF2,valid,1056498,-5,True,
1,1,00001F,1790199849.3457174,38579.2293061,141.92496110000502,candidate-measurement,101EEA,valid,1056490,-8,True,
1,1,00001F,1790199849.5536976,38579.4372869,142.13294190000306,candidate-measurement,101EE5,valid,1056485,-5,True,
1,1,00001F,1790199849.7457001,38579.6292914,142.32494640000368,candidate-measurement,101EE1,valid,1056481,-4,True,
1,1,00001F,1790199849.937117,38579.8207067,142.51636169999983,candidate-measurement,101EDC,valid,1056476,-5,True,
1,1,00001F,1790199850.1451616,38580.0287478,142.72440280000592,candidate-measurement,101ED5,valid,1056469,-7,True,
1,1,00001F,1790199850.3366866,38580.2202748,142.91592980000132,candidate-measurement,101ECF,valid,1056463,-6,True,
1,1,00001F,1790199850.528683,38580.4122713,143.1079263000065,candidate-measurement,101ECE,valid,1056462,-1,True,
1,1,00001F,1790199850.7206724,38580.6042611,143.29991610000434,candidate-measurement,101ECD,valid,1056461,-1,True,
1,1,00001F,1790199850.9286587,38580.8122497,143.50790470000356,candidate-measurement,101ECB,valid,1056459,-2,True,
1,1,00001F,1790199851.120074,38581.0036644,143.69931940000242,candidate-measurement,101EC9,valid,1056457,-2,True,
1,1,00001F,1790199851.3120797,38581.1956682,143.891323200005,candidate-measurement,101EC9,valid,1056457,0,True,
1,1,00001F,1790199851.5200655,38581.403656,144.0993110000054,candidate-measurement,101EC9,valid,1056457,0,True,
1,1,00001F,1790199851.7116363,38581.5952241,144.2908791000009,candidate-measurement,101EC9,valid,1056457,0,True,
1,1,00001F,1790199851.9036264,38581.7872159,144.48287090000667,candidate-measurement,101EC8,valid,1056456,-1,True,
1,1,00001F,1790199852.0956278,38581.9792174,144.67487240000628,candidate-measurement,101EC8,valid,1056456,0,True,
1,1,00001F,1790199852.3030643,38582.1866527,144.88230770000519,candidate-measurement,101EC8,valid,1056456,0,True,
1,1,00001F,1790199852.4950335,38582.3786221,145.07427710000047,candidate-measurement,101EC8,valid,1056456,0,True,
1,1,00001F,1790199852.6866043,38582.5701935,145.26584850000654,candidate-measurement,101EC8,valid,1056456,0,True,
1,1,00001F,1790199852.894597,38582.7781876,145.473842600004,candidate-measurement,101EC8,valid,1056456,0,True,
1,1,00001F,1790199853.0865953,38582.9701831,145.66583810000157,candidate-measurement,101EC7,valid,1056455,-1,True,
1,1,00001F,1790199853.2780118,38583.1616001,145.85725510000339,candidate-measurement,101EC1,valid,1056449,-6,True,
1,1,00001F,1790199853.4860165,38583.3696059,146.0652609000026,candidate-measurement,101EB9,valid,1056441,-8,True,
1,1,00001F,1790199853.6779919,38583.5615826,146.25723760000255,candidate-measurement,101EB7,valid,1056439,-2,True,
1,1,00001F,1790199853.8695807,38583.7531706,146.44882560000406,candidate-measurement,101EB5,valid,1056437,-2,True,
1,1,00001F,1790199854.0615573,38583.9451479,146.6408029000013,candidate-measurement,101EB5,valid,1056437,0,True,
1,1,00001F,1790199854.2695546,38584.153143,146.84879800000635,candidate-measurement,101EB5,valid,1056437,0,True,
1,1,00001F,1790199854.4615464,38584.3451371,147.04079210000054,candidate-measurement,101EB5,valid,1056437,0,True,
1,1,00001F,1790199854.6529715,38584.5365629,147.2322179000039,candidate-measurement,101EB5,valid,1056437,0,True,
1,1,00001F,1790199854.8605356,38584.7441253,147.4397803000029,candidate-measurement,101EAF,valid,1056431,-6,True,
1,1,00001F,1790199855.0525286,38584.9361183,147.63177330000326,candidate-measurement,101E9E,valid,1056414,-17,True,
1,1,00001F,1790199855.2445266,38585.1281151,147.82377010000346,candidate-measurement,101E98,valid,1056408,-6,True,
1,1,00001F,1790199855.4525137,38585.3361027,148.03175770000234,candidate-measurement,101E8F,valid,1056399,-9,True,
1,1,00001F,1790199855.6439288,38585.5275189,148.22317390000535,candidate-measurement,101E8B,valid,1056395,-4,True,
1,1,00001F,1790199855.8359268,38585.7195161,148.41517110000132,candidate-measurement,101E87,valid,1056391,-4,True,
1,1,00001F,1790199856.0279179,38585.9115077,148.60716270000557,candidate-measurement,101E81,valid,1056385,-6,True,
1,1,00001F,1790199856.2354918,38586.1190803,148.8147353000022,candidate-measurement,101E7B,valid,1056379,-6,True,
1,1,00001F,1790199856.4274914,38586.3110796,149.00673459999962,candidate-measurement,101E76,valid,1056374,-5,True,
1,1,00001F,1790199856.6194875,38586.5030759,149.19873090000328,candidate-measurement,101E75,valid,1056373,-1,True,
1,1,00001F,1790199856.8268917,38586.7104823,149.4061373000004,candidate-measurement,101E71,valid,1056369,-4,True,
1,1,00001F,1790199857.0188863,38586.9024746,149.59812960000272,candidate-measurement,101E70,valid,1056368,-1,True,
1,1,00001F,1790199857.2108874,38587.0944758,149.79013080000004,candidate-measurement,101E6F,valid,1056367,-1,True,
1,1,00001F,1790199857.41846,38587.3020496,149.99770460000582,candidate-measurement,101E6F,valid,1056367,0,True,
1,1,00001F,1790199857.610453,38587.494041,150.18969600000128,candidate-measurement,101E6E,valid,1056366,-1,True,
1,1,00001F,1790199857.8024366,38587.6860274,150.38168240000232,candidate-measurement,101E6E,valid,1056366,0,True,
1,1,00001F,1790199857.993853,38587.8774432,150.57309820000228,candidate-measurement,101E6E,valid,1056366,0,True,
1,1,00001F,1790199858.2018473,38588.0854352,150.78109020000556,candidate-measurement,101E6E,valid,1056366,0,True,
1,1,00001F,1790199858.3934276,38588.2770166,150.97267160000047,candidate-measurement,101E6D,valid,1056365,-1,True,
1,1,00001F,1790199858.5854187,38588.469007,151.16466200000286,candidate-measurement,101E6D,valid,1056365,0,True,
1,1,00001F,1790199858.7934377,38588.6770256,151.37268060000497,candidate-measurement,101E66,valid,1056358,-7,True,
1,1,00001F,1790199858.9848192,38588.8684106,151.56406560000323,candidate-measurement,101E61,valid,1056353,-5,True,
1,1,00001F,1790199859.1768281,38589.0604145,151.75606950000656,candidate-measurement,101E5E,valid,1056350,-3,True,
1,1,00001F,1790199859.384393,38589.2679796,151.9636346000043,candidate-measurement,101E5D,valid,1056349,-1,True,
1,1,00001F,1790199859.5923777,38589.4759661,152.17162110000208,candidate-measurement,101E5D,valid,1056349,0,True,
1,1,00001F,1790199859.7843966,38589.6679866,152.36364160000085,candidate-measurement,101E5B,valid,1056347,-2,True,
1,1,00001F,1790199859.9763825,38589.8599737,152.55562869999994,candidate-measurement,101E5B,valid,1056347,0,True,
1,1,00001F,1790199860.1683755,38590.0519638,152.74761880000005,candidate-measurement,101E5B,valid,1056347,0,True,
1,1,00001F,1790199860.3597822,38590.2433707,152.939025700005,candidate-measurement,101E5B,valid,1056347,0,True,
1,1,00001F,1790199860.5517719,38590.4353618,153.13101680000545,candidate-measurement,101E5B,valid,1056347,0,True,
1,1,00001F,1790199860.7593734,38590.6429601,153.33861510000133,candidate-measurement,101E5B,valid,1056347,0,True,
1,1,00001F,1790199860.951346,38590.8349338,153.53058880000026,candidate-measurement,101E4B,valid,1056331,-16,True,
1,1,00001F,1790199861.1433315,38591.0269202,153.7225752000013,candidate-measurement,101E43,valid,1056323,-8,True,
1,1,00001F,1790199861.350751,38591.234339,153.92999400000554,candidate-measurement,101E3F,valid,1056319,-4,True,
1,1,00001F,1790199861.5427396,38591.4263284,154.12198340000032,candidate-measurement,101E37,valid,1056311,-8,True,
1,1,00001F,1790199861.7343163,38591.617905,154.31356000000233,candidate-measurement,101E35,valid,1056309,-2,True,
1,1,00001F,1790199861.9263203,38591.8099114,154.50556640000286,candidate-measurement,101E32,valid,1056306,-3,True,
1,1,00001F,1790199862.1342962,38592.0178864,154.7135414000004,candidate-measurement,101E31,valid,1056305,-1,True,
1,1,00001F,1790199862.3263009,38592.2098893,154.90554430000338,candidate-measurement,101E2E,valid,1056302,-3,True,
1,1,00001F,1790199862.5182884,38592.4018769,155.0975319000063,candidate-measurement,101E2C,valid,1056300,-2,True,
1,1,00001F,1790199862.7256982,38592.6092886,155.30494360000012,candidate-measurement,101E29,valid,1056297,-3,True,
1,1,00001F,1790199862.9176993,38592.8012876,155.4969426000025,candidate-measurement,101E26,valid,1056294,-3,True,
1,1,00001F,1790199863.1096814,38592.9932724,155.68892740000592,candidate-measurement,101E24,valid,1056292,-2,True,
1,1,00001F,1790199863.3016863,38593.185275,155.88093000000663,candidate-measurement,101E22,valid,1056290,-2,True,
1,1,00001F,1790199863.5092564,38593.3928455,156.08850050000183,candidate-measurement,101E21,valid,1056289,-1,True,
1,1,00001F,1790199863.7012494,38593.5848395,156.28049450000253,candidate-measurement,101E1F,valid,1056287,-2,True,
1,1,00001F,1790199863.8932679,38593.7768561,156.4725111000007,candidate-measurement,101E1D,valid,1056285,-2,True,
1,1,00001F,1790199864.1006467,38593.984238,156.67989300000045,candidate-measurement,101E1C,valid,1056284,-1,True,
1,1,00001F,1790199864.2926579,38594.176246,156.8719010000059,candidate-measurement,101E1B,valid,1056283,-1,True,
1,1,00001F,1790199864.4846497,38594.368239,157.06389400000626,candidate-measurement,101E1B,valid,1056283,0,True,
1,1,00001F,1790199864.6926377,38594.576228,157.27188300000125,candidate-measurement,101E1B,valid,1056283,0,True,
1,1,00001F,1790199864.8842092,38594.7677991,157.46345410000504,candidate-measurement,101E1B,valid,1056283,0,True,
1,1,00001F,1790199865.0762055,38594.9597948,157.65544980000413,candidate-measurement,101E19,valid,1056281,-2,True,
1,1,00001F,1790199865.268203,38595.1517916,157.84744660000433,candidate-measurement,101E19,valid,1056281,0,True,
1,1,00001F,1790199865.4761908,38595.3597792,158.05543420000322,candidate-measurement,101E19,valid,1056281,0,True,
1,1,00001F,1790199865.6681845,38595.5517739,158.24742890000198,candidate-measurement,101E17,valid,1056279,-2,True,
1,1,00001F,1790199865.859597,38595.7431871,158.43884210000397,candidate-measurement,101E15,valid,1056277,-2,True,
1,1,00001F,1790199866.0675845,38595.9511733,158.64682830000675,candidate-measurement,101E15,valid,1056277,0,True,
1,1,00001F,1790199866.2591748,38596.1427632,158.8384182000009,candidate-measurement,101E14,valid,1056276,-1,True,
1,1,00001F,1790199866.451169,38596.3347578,159.03041280000616,candidate-measurement,101E14,valid,1056276,0,True,
1,1,00001F,1790199866.659156,38596.5427453,159.2384003000043,candidate-measurement,101E14,valid,1056276,0,True,
1,1,00001F,1790199866.851149,38596.7347383,159.43039330000465,candidate-measurement,101E14,valid,1056276,0,True,
1,1,00001F,1790199867.0431397,38596.9267291,159.62238410000282,candidate-measurement,101E14,valid,1056276,0,True,
1,1,00001F,1790199867.2505615,38597.13415,159.82980500000122,candidate-measurement,101E13,valid,1056275,-1,True,
1,1,00001F,1790199867.4425588,38597.3261482,160.0218032000048,candidate-measurement,101E0F,valid,1056271,-4,True,
1,1,00001F,1790199867.634145,38597.5177337,160.21338870000181,candidate-measurement,101E08,valid,1056264,-7,True,
1,1,00001F,1790199867.8261158,38597.7097073,160.40536229999998,candidate-measurement,101E05,valid,1056261,-3,True,
1,1,00001F,1790199868.0341055,38597.9176967,160.6133517000053,candidate-measurement,101E03,valid,1056259,-2,True,
1,1,00001F,1790199868.2255309,38598.1091193,160.8047743000061,candidate-measurement,101E01,valid,1056257,-2,True,
1,1,00001F,1790199868.4175239,38598.3011128,160.996767800003,candidate-measurement,101E01,valid,1056257,0,True,
1,1,00001F,1790199868.625166,38598.5087552,161.20441019999998,candidate-measurement,101E01,valid,1056257,0,True,
1,1,00001F,1790199868.8170788,38598.7006699,161.39632490000076,candidate-measurement,101E01,valid,1056257,0,True,
1,1,00001F,1790199869.009076,38598.8926672,161.58832220000477,candidate-measurement,101E01,valid,1056257,0,True,
1,1,00001F,1790199869.2164984,38599.1000869,161.7957419000013,candidate-measurement,101E01,valid,1056257,0,True,
1,1,00001F,1790199869.408499,38599.292087,161.9877420000048,candidate-measurement,101E01,valid,1056257,0,True,
1,1,00001F,1790199869.6005082,38599.4840951,162.17975010000373,candidate-measurement,101DEB,valid,1056235,-22,True,
1,1,00001F,1790199869.7920597,38599.6756487,162.37130370000523,candidate-measurement,101DE4,valid,1056228,-7,True,
1,1,00001F,1790199870.0000453,38599.8836354,162.57929040000454,candidate-measurement,101DDA,valid,1056218,-10,True,
1,1,00001F,1790199870.1920466,38600.0756349,162.77128990000347,candidate-measurement,101DD7,valid,1056215,-3,True,
1,1,00001F,1790199870.3840353,38600.2676245,162.96327949999977,candidate-measurement,101DD3,valid,1056211,-4,True,
1,1,00001F,1790199870.5914505,38600.4750392,163.1706942000019,candidate-measurement,101DCD,valid,1056205,-6,True,
1,1,00001F,1790199870.7834558,38600.6670454,163.3627004000009,candidate-measurement,101DC5,valid,1056197,-8,True,
1,1,00001F,1790199870.975017,38600.8586065,163.5542615000013,candidate-measurement,101DC1,valid,1056193,-4,True,
1,1,00001F,1790199871.1670213,38601.0506095,163.74626450000505,candidate-measurement,101DBF,valid,1056191,-2,True,
1,1,00001F,1790199871.3744202,38601.2580093,163.95366430000286,candidate-measurement,101DBD,valid,1056189,-2,True,
1,1,00001F,1790199871.5664225,38601.45001,164.14566500000365,candidate-measurement,101DBB,valid,1056187,-2,True,
1,1,00001F,1790199871.7584195,38601.6420085,164.33766350000224,candidate-measurement,101DBB,valid,1056187,0,True,
1,1,00001F,1790199871.9660022,38601.8495917,164.54524669999955,candidate-measurement,101DBB,valid,1056187,0,True,
1,1,00001F,1790199872.1579857,38602.0415741,164.73722910000652,candidate-measurement,101DBB,valid,1056187,0,True,
1,1,00001F,1790199872.3499722,38602.2335607,164.9292157000018,candidate-measurement,101DB9,valid,1056185,-2,True,
1,1,00001F,1790199872.5419636,38602.4255543,165.12120930000674,candidate-measurement,101DB9,valid,1056185,0,True,
1,1,00001F,1790199872.7493775,38602.6329669,165.32862190000014,candidate-measurement,101DB9,valid,1056185,0,True,
1,1,00001F,1790199872.9413745,38602.824963,165.5206180000023,candidate-measurement,101DB9,valid,1056185,0,True,
1,1,00001F,1790199873.1329415,38603.0165315,165.71218650000083,candidate-measurement,101DB9,valid,1056185,0,True,
1,1,00001F,1790199873.340939,38603.2245271,165.92018210000242,candidate-measurement,101DB8,valid,1056184,-1,True,
1,1,00001F,1790199873.532932,38603.4165205,166.11217550000583,candidate-measurement,101DB4,valid,1056180,-4,True,
1,1,00001F,1790199873.724926,38603.6085163,166.3041713000057,candidate-measurement,101DA9,valid,1056169,-11,True,
1,1,00001F,1790199873.9329357,38603.8165255,166.5121805000017,candidate-measurement,101DA7,valid,1056167,-2,True,
1,1,00001F,1790199874.1243367,38604.0079268,166.7035818000004,candidate-measurement,101DA7,valid,1056167,0,True,
1,1,00001F,1790199874.3163326,38604.1999209,166.89557590000186,candidate-measurement,101DA6,valid,1056166,-1,True,
1,1,00001F,1790199874.508321,38604.3919098,167.0875648000001,candidate-measurement,101DA1,valid,1056161,-5,True,
1,1,00001F,1790199874.715899,38604.599488,167.295143000003,candidate-measurement,101D8F,valid,1056143,-18,True,
1,1,00001F,1790199874.9078896,38604.7914786,167.48713359999965,candidate-measurement,101D88,valid,1056136,-7,True,
1,1,00001F,1790199875.0998764,38604.9834652,167.67912020000222,candidate-measurement,101D81,valid,1056129,-7,True,
1,1,00001F,1790199875.3072963,38605.1908849,167.88653990000603,candidate-measurement,101D7D,valid,1056125,-4,True,
1,1,00001F,1790199875.4992917,38605.3828798,168.0785348000063,candidate-measurement,101D79,valid,1056121,-4,True,
1,1,00001F,1790199875.6908638,38605.5744534,168.27010840000003,candidate-measurement,101D75,valid,1056117,-4,True,
1,1,00001F,1790199875.8988535,38605.7824444,168.47809940000298,candidate-measurement,101D6F,valid,1056111,-6,True,
1,1,00001F,1790199876.0908551,38605.9744437,168.67009870000038,candidate-measurement,101D69,valid,1056105,-6,True,
1,1,00001F,1790199876.2822673,38606.1658563,168.86151130000508,candidate-measurement,101D67,valid,1056103,-2,True,
1,1,00001F,1790199876.474258,38606.3578485,169.05350350000663,candidate-measurement,101D65,valid,1056101,-2,True,
1,1,00001F,1790199876.682251,38606.5658398,169.26149480000458,candidate-measurement,101D64,valid,1056100,-1,True,
1,1,00001F,1790199876.8738222,38606.7574112,169.45306620000338,candidate-measurement,101D63,valid,1056099,-1,True,
1,1,00001F,1790199877.0658207,38606.9494106,169.64506560000154,candidate-measurement,101D61,valid,1056097,-2,True,
1,1,00001F,1790199877.2738144,38607.1574029,169.85305789999984,candidate-measurement,101D61,valid,1056097,0,True,
1,1,00001F,1790199877.4652224,38607.3488133,170.04446830000234,candidate-measurement,101D61,valid,1056097,0,True,
1,1,00001F,1790199877.65724,38607.5408293,170.2364843000032,candidate-measurement,101D61,valid,1056097,0,True,
1,1,00001F,1790199877.8648076,38607.7483976,170.4440526000035,candidate-measurement,101D60,valid,1056096,-1,True,
1,1,00001F,1790199878.0567844,38607.9403753,170.63603030000377,candidate-measurement,101D60,valid,1056096,0,True,
1,1,00001F,1790199878.2487805,38608.1323692,170.8280242000037,candidate-measurement,101D60,valid,1056096,0,True,
1,1,00001F,1790199878.440189,38608.3237797,171.0194346999997,candidate-measurement,101D60,valid,1056096,0,True,
1,1,00001F,1790199878.6481814,38608.5317708,171.2274258000034,candidate-measurement,101D5F,valid,1056095,-1,True,
1,1,00001F,1790199878.8401937,38608.7237839,171.41943890000402,candidate-measurement,101D5F,valid,1056095,0,True,
1,1,00001F,1790199879.031753,38608.9153439,171.61099890000332,candidate-measurement,101D59,valid,1056089,-6,True,
1,1,00001F,1790199879.2397528,38609.1233414,171.81899640000483,candidate-measurement,101D55,valid,1056085,-4,True,
1,1,00001F,1790199879.431742,38609.3153309,172.01098590000038,candidate-measurement,101D52,valid,1056082,-3,True,
1,1,00001F,1790199879.6237392,38609.5073292,172.20298420000472,candidate-measurement,101D50,valid,1056080,-2,True,
1,1,00001F,1790199879.8311498,38609.7147396,172.4103946000032,candidate-measurement,101D4F,valid,1056079,-1,True,
1,1,00001F,1790199880.0231452,38609.9067337,172.60238870000467,candidate-measurement,101D4F,valid,1056079,0,True,
1,1,00001F,1790199880.2147293,38610.0983174,172.79397240000253,candidate-measurement,101D4D,valid,1056077,-2,True,
1,1,00001F,1790199880.4067123,38610.2903013,172.98595630000636,candidate-measurement,101D4D,valid,1056077,0,True,
1,1,00001F,1790199880.6147032,38610.4982939,173.19394889999967,candidate-measurement,101D4D,valid,1056077,0,True,
1,1,00001F,1790199880.806733,38610.6903219,173.3859769000046,candidate-measurement,101D4D,valid,1056077,0,True,
1,1,00001F,1790199880.9981055,38610.8816971,173.577352100001,candidate-measurement,101D4D,valid,1056077,0,True,
1,1,00001F,1790199881.2061236,38611.0897099,173.7853649000026,candidate-measurement,101D4D,valid,1056077,0,True,
1,1,00001F,1790199881.397679,38611.2812684,173.97692340000503,candidate-measurement,101D4D,valid,1056077,0,True,
1,1,00001F,1790199881.5896754,38611.4732661,174.1689211000048,candidate-measurement,101D48,valid,1056072,-5,True,
1,1,00001F,1790199881.7816708,38611.6652593,174.3609143000067,candidate-measurement,101D38,valid,1056056,-16,True,
1,1,00001F,1790199881.9890978,38611.8726864,174.56834140000137,candidate-measurement,101D34,valid,1056052,-4,True,
1,1,00001F,1790199882.181087,38612.0646754,174.76033040000038,candidate-measurement,101D2D,valid,1056045,-7,True,
1,1,00001F,1790199882.3726485,38612.2562376,174.95189260000188,candidate-measurement,101D27,valid,1056039,-6,True,
1,1,00001F,1790199882.5806427,38612.4642323,175.1598873000039,candidate-measurement,101D25,valid,1056037,-2,True,
1,1,00001F,1790199882.7726321,38612.6562207,175.35187570000562,candidate-measurement,101D23,valid,1056035,-2,True,
1,1,00001F,1790199882.9646316,38612.8482216,175.54387660000066,candidate-measurement,101D20,valid,1056032,-3,True,
1,1,00001F,1790199883.1720657,38613.0556513,175.75130630000058,candidate-measurement,101D1E,valid,1056030,-2,True,
1,1,00001F,1790199883.3640397,38613.2476281,175.94328310000128,candidate-measurement,101D1B,valid,1056027,-3,True,
1,1,00001F,1790199883.5556066,38613.4391957,176.13485070000024,candidate-measurement,101D19,valid,1056025,-2,True,
1,1,00001F,1790199883.7636108,38613.6471987,176.34285369999998,candidate-measurement,101D16,valid,1056022,-3,True,
1,1,00001F,1790199883.9555984,38613.8391877,176.53484270000627,candidate-measurement,101D16,valid,1056022,0,True,
1,1,00001F,1790199884.1476004,38614.0311878,176.7268428000025,candidate-measurement,101D14,valid,1056020,-2,True,
1,1,00001F,1790199884.3395972,38614.2231843,176.9188393000004,candidate-measurement,101D12,valid,1056018,-2,True,
1,1,00001F,1790199884.5469928,38614.4305815,177.12623650000023,candidate-measurement,101D0F,valid,1056015,-3,True,
1,1,00001F,1790199884.7389922,38614.6225817,177.3182367000045,candidate-measurement,101D0D,valid,1056013,-2,True,
1,1,00001F,1790199884.9305663,38614.8141557,177.50981070000125,candidate-measurement,101D0D,valid,1056013,0,True,
1,1,00001F,1790199885.1385586,38615.0221474,177.71780240000226,candidate-measurement,101D0C,valid,1056012,-1,True,
1,1,00001F,1790199885.3305585,38615.2141469,177.90980190000118,candidate-measurement,101D0C,valid,1056012,0,True,
1,1,00001F,1790199885.5219674,38615.4055573,178.10121230000368,candidate-measurement,101D0C,valid,1056012,0,True,
1,1,00001F,1790199885.7139566,38615.5975474,178.2932024000038,candidate-measurement,101D0B,valid,1056011,-1,True,
1,1,00001F,1790199885.9215262,38615.8051174,178.50077240000246,candidate-measurement,101D09,valid,1056009,-2,True,
1,1,00001F,1790199886.1135302,38615.9971184,178.69277340000554,candidate-measurement,101D07,valid,1056007,-2,True,
1,1,00001F,1790199886.304944,38616.1885322,178.88418720000482,candidate-measurement,101D07,valid,1056007,0,True,
1,1,00001F,1790199886.5129387,38616.3965269,179.09218189999956,candidate-measurement,101D07,valid,1056007,0,True,
1,1,00001F,1790199886.7049294,38616.5885187,179.28417370000534,candidate-measurement,101D06,valid,1056006,-1,True,
1,1,00001F,1790199886.8965,38616.780089,179.47574400000303,candidate-measurement,101D06,valid,1056006,0,True,
1,1,00001F,1790199887.1044877,38616.9880766,179.68373160000192,candidate-measurement,101D06,valid,1056006,0,True,
1,1,00001F,1790199887.296489,38617.1800772,179.87573220000195,candidate-measurement,101D06,valid,1056006,0,True,
1,1,00001F,1790199887.4879012,38617.371492,180.06714700000157,candidate-measurement,101D06,valid,1056006,0,True,
1,1,00001F,1790199887.6799173,38617.5635056,180.259160600006,candidate-measurement,101D05,valid,1056005,-1,True,
1,1,00001F,1790199887.887472,38617.7710609,180.46671590000187,candidate-measurement,101D04,valid,1056004,-1,True,
1,1,00001F,1790199888.0794601,38617.9630512,180.6587062000035,candidate-measurement,101CFE,valid,1055998,-6,True,
1,1,00001F,1790199888.2714546,38618.1550432,180.85069820000354,candidate-measurement,101CF9,valid,1055993,-5,True,
1,1,00001F,1790199888.4794476,38618.363038,181.05869300000631,candidate-measurement,101CF7,valid,1055991,-2,True,
1,1,00001F,1790199888.6708665,38618.5544561,181.25011110000196,candidate-measurement,101CF5,valid,1055989,-2,True,
1,1,00001F,1790199888.862859,38618.7464485,181.44210350000503,candidate-measurement,101CF5,valid,1055989,0,True,
1,1,00001F,1790199889.0708456,38618.9544357,181.65009070000087,candidate-measurement,101CF5,valid,1055989,0,True,
1,1,00001F,1790199889.2624292,38619.1460179,181.84167290000187,candidate-measurement,101CF5,valid,1055989,0,True,
1,1,00001F,1790199889.454418,38619.3380088,182.0336638000008,candidate-measurement,101CF3,valid,1055987,-2,True,
1,1,00001F,1790199889.6464162,38619.5300057,182.22566070000175,candidate-measurement,101CF3,valid,1055987,0,True,
1,1,00001F,1790199889.8538272,38619.7374167,182.4330717000048,candidate-measurement,101CF3,valid,1055987,0,True,
1,1,00001F,1790199890.0458205,38619.9294107,182.6250657000055,candidate-measurement,101CF3,valid,1055987,0,True,
1,1,00001F,1790199890.237396,38620.1209846,182.8166396000015,candidate-measurement,101CF3,valid,1055987,0,True,
1,1,00001F,1790199890.4453804,38620.3289693,183.02462430000014,candidate-measurement,101CF3,valid,1055987,0,True,
1,1,00001F,1790199890.637383,38620.5209732,183.21662820000347,candidate-measurement,101CF2,valid,1055986,-1,True,
1,1,00001F,1790199890.828792,38620.712382,183.40803700000106,candidate-measurement,101CEE,valid,1055982,-4,True,
1,1,00001F,1790199891.0368578,38620.9204467,183.61610170000495,candidate-measurement,101CDC,valid,1055964,-18,True,
1,1,00001F,1790199891.228367,38621.1119553,183.80761030000576,candidate-measurement,101CD5,valid,1055957,-7,True,
1,1,00001F,1790199891.420353,38621.3039428,183.99959780000063,candidate-measurement,101CCD,valid,1055949,-8,True,
1,1,00001F,1790199891.6123526,38621.4959405,184.1915955000004,candidate-measurement,101CC9,valid,1055945,-4,True,
1,1,00001F,1790199891.8197649,38621.7033531,184.39900810000108,candidate-measurement,101CC5,valid,1055941,-4,True,
1,1,00001F,1790199892.0118358,38621.8954197,184.59107470000163,candidate-measurement,101CC1,valid,1055937,-4,True,
1,1,00001F,1790199892.2037601,38622.0873482,184.78300320000562,candidate-measurement,101CBA,valid,1055930,-7,True,
1,1,00001F,1790199892.4113777,38622.2949663,184.99062130000675,candidate-measurement,101CB5,valid,1055925,-5,True,
1,1,00001F,1790199892.603317,38622.4869052,185.18256020000263,candidate-measurement,101CB3,valid,1055923,-2,True,
1,1,00001F,1790199892.7953236,38622.678914,185.3745689999996,candidate-measurement,101CB2,valid,1055922,-1,True,
1,1,00001F,1790199893.0033367,38622.8869251,185.58258010000282,candidate-measurement,101CB1,valid,1055921,-1,True,
1,1,00001F,1790199893.2107234,38623.0943114,185.78996639999968,candidate-measurement,101CAF,valid,1055919,-2,True,
1,1,00001F,1790199893.4027078,38623.2862981,185.981953100003,candidate-measurement,101CAD,valid,1055917,-2,True,
1,1,00001F,1790199893.5942867,38623.4778762,186.1735312000019,candidate-measurement,101CAD,valid,1055917,0,True,
1,1,00001F,1790199893.7862763,38623.6698648,186.36551980000513,candidate-measurement,101CAD,valid,1055917,0,True,
1,1,00001F,1790199893.978276,38623.861865,186.5575200000021,candidate-measurement,101CAD,valid,1055917,0,True,
1,1,00001F,1790199894.169696,38624.0532842,186.74893920000613,candidate-measurement,101CAD,valid,1055917,0,True,
1,1,00001F,1790199894.377684,38624.2612727,186.9569277000046,candidate-measurement,101CAC,valid,1055916,-1,True,
1,1,00001F,1790199894.5696874,38624.4532755,187.14893049999955,candidate-measurement,101CAC,valid,1055916,0,True,
1,1,00001F,1790199894.7612484,38624.6448381,187.3404931000041,candidate-measurement,101CAC,valid,1055916,0,True,
1,1,00001F,1790199894.9692433,38624.8528318,187.54848680000578,candidate-measurement,101CAC,valid,1055916,0,True,
1,1,00001F,1790199895.1612487,38625.0448355,187.7404905000003,candidate-measurement,101CAC,valid,1055916,0,True,
1,1,00001F,1790199895.3526516,38625.2362408,187.93189580000035,candidate-measurement,101CAC,valid,1055916,0,True,
1,1,00001F,1790199895.5446615,38625.4282496,188.1239046000046,candidate-measurement,101CAA,valid,1055914,-2,True,
1,1,00001F,1790199895.7522664,38625.6358552,188.33151020000514,candidate-measurement,101CA0,valid,1055904,-10,True,
1,1,00001F,1790199895.9442139,38625.8278019,188.5234569000022,candidate-measurement,101C9C,valid,1055900,-4,True,
1,1,00001F,1790199896.1362038,38626.0197931,188.7154481000034,candidate-measurement,101C9B,valid,1055899,-1,True,
1,1,00001F,1790199896.3441954,38626.2277838,188.92343880000408,candidate-measurement,101C99,valid,1055897,-2,True,
1,1,00001F,1790199896.535619,38626.4192072,189.1148622000037,candidate-measurement,101C99,valid,1055897,0,True,
1,1,00001F,1790199896.727605,38626.6111954,189.3068504000039,candidate-measurement,101C99,valid,1055897,0,True,
1,1,00001F,1790199896.935599,38626.8191889,189.51484390000405,candidate-measurement,101C99,valid,1055897,0,True,
1,1,00001F,1790199897.1275945,38627.0111832,189.70683819999977,candidate-measurement,101C99,valid,1055897,0,True,
1,1,00001F,1790199897.3191717,38627.2027609,189.89841590000287,candidate-measurement,101C98,valid,1055896,-1,True,
1,1,00001F,1790199897.5111575,38627.394748,190.09040300000197,candidate-measurement,101C86,valid,1055878,-18,True,
1,1,00001F,1790199897.7191575,38627.6027471,190.2984021000011,candidate-measurement,101C81,valid,1055873,-5,True,
1,1,00001F,1790199897.911145,38627.794736,190.49039100000664,candidate-measurement,101C7B,valid,1055867,-6,True,
1,1,00001F,1790199898.1025605,38627.9861497,190.68180470000516,candidate-measurement,101C74,valid,1055860,-7,True,
1,1,00001F,1790199898.3105562,38628.1941448,190.88979980000295,candidate-measurement,101C70,valid,1055856,-4,True,
1,1,00001F,1790199898.5025418,38628.3861329,191.08178790000238,candidate-measurement,101C6F,valid,1055855,-1,True,
1,1,00001F,1790199898.6941168,38628.5777078,191.273362800006,candidate-measurement,101C6C,valid,1055852,-3,True,
1,1,00001F,1790199898.886113,38628.7697022,191.46535720000247,candidate-measurement,101C69,valid,1055849,-3,True,
1,1,00001F,1790199899.0941112,38628.9777013,191.67335630000161,candidate-measurement,101C65,valid,1055845,-4,True,
1,1,00001F,1790199899.2855296,38629.1691181,191.8647731000019,candidate-measurement,101C61,valid,1055841,-4,True,
1,1,00001F,1790199899.477517,38629.3611072,192.05676220000169,candidate-measurement,101C5D,valid,1055837,-4,True,
1,1,00001F,1790199899.6850927,38629.568681,192.26433600000018,candidate-measurement,101C5B,valid,1055835,-2,True,
1,1,00001F,1790199899.8771002,38629.7606883,192.4563433000003,candidate-measurement,101C59,valid,1055833,-2,True,
1,1,00001F,1790199900.068504,38629.9520917,192.64774670000043,candidate-measurement,101C59,valid,1055833,0,True,
1,1,00001F,1790199900.276497,38630.1600854,192.8557404000021,candidate-measurement,101C57,valid,1055831,-2,True,
1,1,00001F,1790199900.4684887,38630.3520769,193.0477319000056,candidate-measurement,101C57,valid,1055831,0,True,
1,1,00001F,1790199900.6604784,38630.544069,193.2397240000064,candidate-measurement,101C57,valid,1055831,0,True,
1,1,00001F,1790199900.8680623,38630.7516506,193.44730560000608,candidate-measurement,101C57,valid,1055831,0,True,
1,1,00001F,1790199901.0600827,38630.943672,193.6393270000044,candidate-measurement,101C55,valid,1055829,-2,True,
1,1,00001F,1790199901.2520404,38631.1356279,193.83128290000604,candidate-measurement,101C54,valid,1055828,-1,True,
1,1,00001F,1790199901.4440315,38631.3276207,194.0232757000049,candidate-measurement,101C53,valid,1055827,-1,True,
1,1,00001F,1790199901.6514444,38631.5350352,194.23069020000548,candidate-measurement,101C53,valid,1055827,0,True,
1,1,00001F,1790199901.843442,38631.7270302,194.42268520000653,candidate-measurement,101C53,valid,1055827,0,True,
1,1,00001F,1790199902.0354376,38631.9190262,194.61468120000063,candidate-measurement,101C52,valid,1055826,-1,True,
1,1,00001F,1790199902.2430227,38632.1266113,194.82226630000514,candidate-measurement,101C52,valid,1055826,0,True,
1,1,00001F,1790199902.4349918,38632.3185829,195.01423790000263,candidate-measurement,101C52,valid,1055826,0,True,
1,1,00001F,1790199902.6269965,38632.510586,195.20624099999986,candidate-measurement,101C52,valid,1055826,0,True,
1,1,00001F,1790199902.8344057,38632.7179964,195.41365140000562,candidate-measurement,101C52,valid,1055826,0,True,
1,1,00001F,1790199903.026408,38632.9099932,195.60564820000582,candidate-measurement,101C52,valid,1055826,0,True,
1,1,00001F,1790199903.2179844,38633.1015734,195.79722840000613,candidate-measurement,101C50,valid,1055824,-2,True,
1,1,00001F,1790199903.4099643,38633.2935548,195.98920980000548,candidate-measurement,101C50,valid,1055824,0,True,
1,1,00001F,1790199903.6179607,38633.5015504,196.1972053999998,candidate-measurement,101C46,valid,1055814,-10,True,
1,1,00001F,1790199903.8093855,38633.6929766,196.3886316000062,candidate-measurement,101C42,valid,1055810,-4,True,
1,1,00001F,1790199904.0013707,38633.8849604,196.580615400002,candidate-measurement,101C40,valid,1055808,-2,True,
1,1,00001F,1790199904.2089427,38634.0925309,196.78818590000446,candidate-measurement,101C40,valid,1055808,0,True,
1,1,00001F,1790199904.400933,38634.2845239,196.98017890000483,candidate-measurement,101C40,valid,1055808,0,True,
1,1,00001F,1790199904.592935,38634.4765231,197.17217810000147,candidate-measurement,101C3F,valid,1055807,-1,True,
1,1,00001F,1790199904.7849257,38634.6685139,197.36416889999964,candidate-measurement,101C39,valid,1055801,-6,True,
1,1,00001F,1790199904.9923456,38634.8759339,197.57158890000574,candidate-measurement,101C2E,valid,1055790,-11,True,
1,1,00001F,1790199905.1843462,38635.0679327,197.7635877000066,candidate-measurement,101C2A,valid,1055786,-4,True,
1,1,00001F,1790199905.376328,38635.2599168,197.9555718000047,candidate-measurement,101C27,valid,1055783,-3,True,
1,1,00001F,1790199905.584321,38635.4679097,198.16356470000028,candidate-measurement,101C25,valid,1055781,-2,True,
1,1,00001F,1790199905.775887,38635.6594767,198.35513170000195,candidate-measurement,101C21,valid,1055777,-4,True,
1,1,00001F,1790199905.967898,38635.8514884,198.54714340000646,candidate-measurement,101C1D,valid,1055773,-4,True,
1,1,00001F,1790199906.1598902,38636.0434783,198.73913330000505,candidate-measurement,101C1A,valid,1055770,-3,True,
1,1,00001F,1790199906.3672988,38636.2508867,198.94654170000285,candidate-measurement,101C19,valid,1055769,-1,True,
1,1,00001F,1790199906.559282,38636.4428725,199.1385275000066,candidate-measurement,101C18,valid,1055768,-1,True,
1,1,00001F,1790199906.7508626,38636.6344526,199.33010760000616,candidate-measurement,101C17,valid,1055767,-1,True,
1,1,00001F,1790199906.9588578,38636.8424482,199.53810320000048,candidate-measurement,101C16,valid,1055766,-1,True,
1,1,00001F,1790199907.1502683,38637.0338577,199.7295127000034,candidate-measurement,101C14,valid,1055764,-2,True,
1,1,00001F,1790199907.3422697,38637.2258578,199.92151279999962,candidate-measurement,101C13,valid,1055763,-1,True,
1,1,00001F,1790199907.5502603,38637.4338484,200.1295034000068,candidate-measurement,101C11,valid,1055761,-2,True,
1,1,00001F,1790199907.7422423,38637.6258326,200.32148760000564,candidate-measurement,101C0F,valid,1055759,-2,True,
1,1,00001F,1790199907.9338257,38637.8174143,200.51306930000283,candidate-measurement,101C0B,valid,1055755,-4,True,
1,1,00001F,1790199908.1418207,38638.0254091,200.7210641000056,candidate-measurement,101C07,valid,1055751,-4,True,
1,1,00001F,1790199908.333818,38638.2174065,200.9130615000031,candidate-measurement,101C03,valid,1055747,-4,True,
1,1,00001F,1790199908.5252223,38638.4088129,201.10446790000424,candidate-measurement,101C01,valid,1055745,-2,True,
1,1,00001F,1790199908.7172167,38638.6008075,201.29646250000224,candidate-measurement,101BFF,valid,1055743,-2,True,
1,1,00001F,1790199908.9247887,38638.8083777,201.50403270000243,candidate-measurement,101BFF,valid,1055743,0,True,
1,1,00001F,1790199909.1167953,38639.000386,201.69604100000288,candidate-measurement,101BFE,valid,1055742,-1,True,
1,1,00001F,1790199909.3087795,38639.1923684,201.88802340000257,candidate-measurement,101BFE,valid,1055742,0,True,
1,1,00001F,1790199909.5167685,38639.4003579,202.09601290000137,candidate-measurement,101BFE,valid,1055742,0,True,
1,1,00001F,1790199909.724186,38639.6077763,202.30343130000256,candidate-measurement,101BFD,valid,1055741,-1,True,
1,1,00001F,1790199909.916181,38639.7997698,202.49542480000673,candidate-measurement,101BFB,valid,1055739,-2,True,
1,1,00001F,1790199910.1077602,38639.9913487,202.68700370000442,candidate-measurement,101BF9,valid,1055737,-2,True,
1,1,00001F,1790199910.2997587,38640.183347,202.8790020000015,candidate-measurement,101BF9,valid,1055737,0,True,
1,1,00001F,1790199910.491745,38640.3753333,203.07098830000177,candidate-measurement,101BF9,valid,1055737,0,True,
1,1,00001F,1790199910.6837301,38640.5673197,203.26297470000281,candidate-measurement,101BF9,valid,1055737,0,True,
1,1,00001F,1790199910.8911457,38640.7747364,203.4703914000056,candidate-measurement,101BF8,valid,1055736,-1,True,
1,1,00001F,1790199911.083142,38640.9667314,203.66238640000665,candidate-measurement,101BF8,valid,1055736,0,True,
1,1,00001F,1790199911.2747157,38641.1583042,203.85395920000155,candidate-measurement,101BF8,valid,1055736,0,True,
1,1,00001F,1790199911.4827256,38641.3663141,204.0619691000029,candidate-measurement,101BF8,valid,1055736,0,True,
1,1,00001F,1790199911.6747024,38641.5582918,204.25394680000318,candidate-measurement,101BF7,valid,1055735,-1,True,
1,1,00001F,1790199911.866712,38641.7503027,204.4459577000016,candidate-measurement,101BF7,valid,1055735,0,True,
1,1,00001F,1790199912.058111,38641.9416992,204.63735420000012,candidate-measurement,101BEF,valid,1055727,-8,True,
1,1,00001F,1790199912.2657583,38642.1493458,204.84500079999998,candidate-measurement,101BEB,valid,1055723,-4,True,
1,1,00001F,1790199912.4576988,38642.341288,205.03694300000643,candidate-measurement,101BE7,valid,1055719,-4,True,
1,1,00001F,1790199912.649671,38642.5332612,205.22891620000155,candidate-measurement,101BE5,valid,1055717,-2,True,
1,1,00001F,1790199912.857663,38642.7412536,205.4369086000006,candidate-measurement,101BE5,valid,1055717,0,True,
1,1,00001F,1790199913.0490737,38642.9326643,205.6283193000054,candidate-measurement,101BE5,valid,1055717,0,True,
1,1,00001F,1790199913.2410767,38643.124665,205.82032000000618,candidate-measurement,101BE5,valid,1055717,0,True,
1,1,00001F,1790199913.448682,38643.3322708,206.02792580000096,candidate-measurement,101BE5,valid,1055717,0,True,
1,1,00001F,1790199913.6406424,38643.5242317,206.21988670000428,candidate-measurement,101BE5,valid,1055717,0,True,
1,1,00001F,1790199913.8326323,38643.7162223,206.41187730000092,candidate-measurement,101BD8,valid,1055704,-13,True,
1,1,00001F,1790199914.0246303,38643.9082195,206.60387450000417,candidate-measurement,101BCD,valid,1055693,-11,True,
1,1,00001F,1790199914.232063,38644.1156514,206.8113064000063,candidate-measurement,101BC9,valid,1055689,-4,True,
1,1,00001F,1790199914.424039,38644.3076291,207.00328410000657,candidate-measurement,101BC1,valid,1055681,-8,True,
1,1,00001F,1790199914.6156087,38644.4992001,207.19485510000231,candidate-measurement,101BBD,valid,1055677,-4,True,
1,1,00001F,1790199914.8236034,38644.7071928,207.40284780000366,candidate-measurement,101BBB,valid,1055675,-2,True,
1,1,00001F,1790199915.015599,38644.8991866,207.59484160000284,candidate-measurement,101BB8,valid,1055672,-3,True,
1,1,00001F,1790199915.207597,38645.0911851,207.78684010000143,candidate-measurement,101BB7,valid,1055671,-1,True,
1,1,00001F,1790199915.415066,38645.2986525,207.99430750000465,candidate-measurement,101BB4,valid,1055668,-3,True,
1,1,00001F,1790199915.6065784,38645.4901666,208.1858216000037,candidate-measurement,101BB1,valid,1055665,-3,True,
1,1,00001F,1790199915.7985692,38645.6821575,208.37781250000262,candidate-measurement,101BAE,valid,1055662,-3,True,
1,1,00001F,1790199915.9905565,38645.8741477,208.5698027000035,candidate-measurement,101BAE,valid,1055662,0,True,
1,1,00001F,1790199916.1985734,38646.0821604,208.77781540000433,candidate-measurement,101BAC,valid,1055660,-2,True,
1,1,00001F,1790199916.389974,38646.2735626,208.9692176000026,candidate-measurement,101BA9,valid,1055657,-3,True,
1,1,00001F,1790199916.5819716,38646.4655601,209.16121510000085,candidate-measurement,101BA7,valid,1055655,-2,True,
1,1,00001F,1790199916.7895443,38646.6731337,209.3687887000051,candidate-measurement,101BA5,valid,1055653,-2,True,
1,1,00001F,1790199916.9815326,38646.865121,209.56077600000572,candidate-measurement,101BA5,valid,1055653,0,True,
1,1,00001F,1790199917.1735413,38647.0571271,209.75278210000397,candidate-measurement,101BA5,valid,1055653,0,True,
1,1,00001F,1790199917.3815215,38647.2651097,209.96076470000116,candidate-measurement,101BA3,valid,1055651,-2,True,
1,1,00001F,1790199917.5889583,38647.4725485,210.1682035000049,candidate-measurement,101BA3,valid,1055651,0,True,
1,1,00001F,1790199917.7809227,38647.6645136,210.36016860000382,candidate-measurement,101BA3,valid,1055651,0,True,
1,1,00001F,1790199917.9724996,38647.8560901,210.55174510000506,candidate-measurement,101BA3,valid,1055651,0,True,
1,1,00001F,1790199918.1645026,38648.0480912,210.74374620000162,candidate-measurement,101BA1,valid,1055649,-2,True,
1,1,00001F,1790199918.3564901,38648.2400786,210.935733600003,candidate-measurement,101B9F,valid,1055647,-2,True,
1,1,00001F,1790199918.5479023,38648.431492,211.12714700000652,candidate-measurement,101B9F,valid,1055647,0,True,
1,1,00001F,1790199918.7558944,38648.639483,211.3351380000022,candidate-measurement,101B9F,valid,1055647,0,True,
1,1,00001F,1790199918.9478912,38648.8314809,211.5271359000035,candidate-measurement,101B9E,valid,1055646,-1,True,
1,1,00001F,1790199919.139462,38649.0230506,211.7187056000039,candidate-measurement,101B9E,valid,1055646,0,True,
1,1,00001F,1790199919.347458,38649.2310464,211.92670139999973,candidate-measurement,101B9E,valid,1055646,0,True,
1,1,00001F,1790199919.5548656,38649.4384552,212.13411020000058,candidate-measurement,101B9E,valid,1055646,0,True,
1,1,00001F,1790199919.7468634,38649.6304542,212.32610920000297,candidate-measurement,101B9E,valid,1055646,0,True,
1,1,00001F,1790199919.9388723,38649.8224616,212.51811660000385,candidate-measurement,101B9D,valid,1055645,-1,True,
1,1,00001F,1790199920.130428,38650.0140175,212.70967250000103,candidate-measurement,101B9C,valid,1055644,-1,True,
1,1,00001F,1790199920.3224244,38650.2060127,212.9016677000036,candidate-measurement,101B91,valid,1055633,-11,True,
1,1,00001F,1790199920.5138454,38650.397436,213.09309100000246,candidate-measurement,101B8D,valid,1055629,-4,True,
1,1,00001F,1790199920.7218242,38650.6054127,213.30106770000566,candidate-measurement,101B8B,valid,1055627,-2,True,
1,1,00001F,1790199920.913826,38650.7974156,213.49307060000137,candidate-measurement,101B8B,valid,1055627,0,True,
1,1,00001F,1790199921.1058204,38650.9894087,213.6850637000025,candidate-measurement,101B8B,valid,1055627,0,True,
1,1,00001F,1790199921.3133922,38651.1969807,213.89263570000185,candidate-measurement,101B8A,valid,1055626,-1,True,
1,1,00001F,1790199921.5053778,38651.3889685,214.08462350000627,candidate-measurement,101B85,valid,1055621,-5,True,
1,1,00001F,1790199921.697381,38651.5809702,214.27662520000013,candidate-measurement,101B75,valid,1055605,-16,True,
1,1,00001F,1790199921.889369,38651.7729604,214.468615400001,candidate-measurement,101B71,valid,1055601,-4,True,
1,1,00001F,1790199922.0967913,38651.9803807,214.6760357000021,candidate-measurement,101B6B,valid,1055595,-6,True,
1,1,00001F,1790199922.288784,38652.1723724,214.86802739999985,candidate-measurement,101B65,valid,1055589,-6,True,
1,1,00001F,1790199922.4807663,38652.3643554,215.0600104000041,candidate-measurement,101B62,valid,1055586,-3,True,
1,1,00001F,1790199922.688346,38652.5719355,215.26759049999964,candidate-measurement,101B60,valid,1055584,-2,True,
1,1,00001F,1790199922.880344,38652.7639333,215.45958830000018,candidate-measurement,101B5D,valid,1055581,-3,True,
1,1,00001F,1790199923.0723343,38652.9559234,215.6515784000003,candidate-measurement,101B5B,valid,1055579,-2,True,
1,1,00001F,1790199923.2797496,38653.163338,215.85899300000165,candidate-measurement,101B57,valid,1055575,-4,True,
1,1,00001F,1790199923.4717374,38653.3553278,216.05098280000675,candidate-measurement,101B52,valid,1055570,-5,True,
1,1,00001F,1790199923.663319,38653.5469097,216.24256470000546,candidate-measurement,101B4F,valid,1055567,-3,True,
1,1,00001F,1790199923.8553042,38653.738895,216.4345500000054,candidate-measurement,101B4D,valid,1055565,-2,True,
1,1,00001F,1790199924.0632918,38653.9468828,216.6425378000058,candidate-measurement,101B4B,valid,1055563,-2,True,
1,1,00001F,1790199924.2552974,38654.1388857,216.83454070000153,candidate-measurement,101B4B,valid,1055563,0,True,
1,1,00001F,1790199924.4467144,38654.3303043,217.02595930000098,candidate-measurement,101B49,valid,1055561,-2,True,
1,1,00001F,1790199924.6547022,38654.5382909,217.2339459000068,candidate-measurement,101B49,valid,1055561,0,True,
1,1,00001F,1790199924.8462746,38654.7298647,217.42551970000204,candidate-measurement,101B49,valid,1055561,0,True,
1,1,00001F,1790199925.0382767,38654.9218653,217.61752030000207,candidate-measurement,101B49,valid,1055561,0,True,
1,1,00001F,1790199925.2302659,38655.1138547,217.80950970000413,candidate-measurement,101B46,valid,1055558,-3,True,
1,1,00001F,1790199925.4376848,38655.3212731,218.01692810000532,candidate-measurement,101B45,valid,1055557,-1,True,
1,1,00001F,1790199925.629672,38655.5132604,218.20891540000594,candidate-measurement,101B45,valid,1055557,0,True,
1,1,00001F,1790199925.8212554,38655.7048445,218.40049949999957,candidate-measurement,101B44,valid,1055556,-1,True,
1,1,00001F,1790199926.0292382,38655.9128269,218.60848190000252,candidate-measurement,101B44,valid,1055556,0,True,
1,1,00001F,1790199926.2206626,38656.1042509,218.7999059000067,candidate-measurement,101B44,valid,1055556,0,True,
1,1,00001F,1790199926.4126546,38656.2962432,218.99189820000174,candidate-measurement,101B44,valid,1055556,0,True,
1,1,00001F,1790199926.6202216,38656.5038106,219.19946560000244,candidate-measurement,101B44,valid,1055556,0,True,
1,1,00001F,1790199926.8122087,38656.6957999,219.39145490000374,candidate-measurement,101B44,valid,1055556,0,True,
1,1,00001F,1790199927.0042107,38656.887801,219.5834560000003,candidate-measurement,101B43,valid,1055555,-1,True,
1,1,00001F,1790199927.1962078,38657.0797968,219.77545180000016,candidate-measurement,101B42,valid,1055554,-1,True,
1,1,00001F,1790199927.4036405,38657.2872268,219.98288180000236,candidate-measurement,101B39,valid,1055545,-9,True,
1,1,00001F,1790199927.59561,38657.4791988,220.1748538000029,candidate-measurement,101B34,valid,1055540,-5,True,
1,1,00001F,1790199927.7871807,38657.6707719,220.36642690000008,candidate-measurement,101B33,valid,1055539,-1,True,
1,1,00001F,1790199927.9951744,38657.878765,220.57442000000447,candidate-measurement,101B31,valid,1055537,-2,True,
1,1,00001F,1790199928.1871812,38658.0707689,220.76642390000052,candidate-measurement,101B31,valid,1055537,0,True,
1,1,00001F,1790199928.378582,38658.2621712,220.95782619999954,candidate-measurement,101B31,valid,1055537,0,True,
1,1,00001F,1790199928.5865781,38658.4701674,221.1658224000057,candidate-measurement,101B31,valid,1055537,0,True,
1,1,00001F,1790199928.7781487,38658.6617398,221.35739480000484,candidate-measurement,101B31,valid,1055537,0,True,
1,1,00001F,1790199928.970146,38658.8537362,221.549391200002,candidate-measurement,101B2D,valid,1055533,-4,True,
1,1,00001F,1790199929.1621454,38659.0457329,221.74138790000143,candidate-measurement,101B1D,valid,1055517,-16,True,
1,1,00001F,1790199929.3695552,38659.2531439,221.94879890000448,candidate-measurement,101B19,valid,1055513,-4,True,
1,1,00001F,1790199929.5615442,38659.4451336,222.14078860000154,candidate-measurement,101B12,valid,1055506,-7,True,
1,1,00001F,1790199929.7531164,38659.636708,222.33236300000135,candidate-measurement,101B0B,valid,1055499,-7,True,
1,1,00001F,1790199929.9611123,38659.8447038,222.54035880000447,candidate-measurement,101B07,valid,1055495,-4,True,
1,1,00001F,1790199930.1531222,38660.0367104,222.73236540000653,candidate-measurement,101B04,valid,1055492,-3,True,
1,1,00001F,1790199930.3445153,38660.2281041,222.92375910000555,candidate-measurement,101AFF,valid,1055487,-5,True,
1,1,00001F,1790199930.5525103,38660.4360995,223.13175450000563,candidate-measurement,101AF7,valid,1055479,-8,True,
1,1,00001F,1790199930.744084,38660.6276744,223.32332940000197,candidate-measurement,101AF1,valid,1055473,-6,True,
1,1,00001F,1790199930.9360974,38660.8196866,223.515341600003,candidate-measurement,101AF0,valid,1055472,-1,True,
1,1,00001F,1790199931.1280792,38661.0116686,223.70732359999965,candidate-measurement,101AEE,valid,1055470,-2,True,
1,1,00001F,1790199931.3360722,38661.2196612,223.91531620000023,candidate-measurement,101AEC,valid,1055468,-2,True,
1,1,00001F,1790199931.5274994,38661.4110901,224.10674510000536,candidate-measurement,101AEB,valid,1055467,-1,True,
1,1,00001F,1790199931.7190619,38661.6026501,224.29830510000465,candidate-measurement,101AEB,valid,1055467,0,True,
1,1,00001F,1790199931.927047,38661.8106377,224.50629270000354,candidate-measurement,101AEB,valid,1055467,0,True,
1,1,00001F,1790199932.1190617,38662.0026504,224.69830540000112,candidate-measurement,101AEA,valid,1055466,-1,True,
1,1,00001F,1790199932.3110447,38662.1946329,224.89028790000157,candidate-measurement,101AEA,valid,1055466,0,True,
1,1,00001F,1790199932.518454,38662.402042,225.0976970000047,candidate-measurement,101AEA,valid,1055466,0,True,
1,1,00001F,1790199932.7104473,38662.5940369,225.28969190000498,candidate-measurement,101AEA,valid,1055466,0,True,
1,1,00001F,1790199932.9020436,38662.7856334,225.48128840000572,candidate-measurement,101AEA,valid,1055466,0,True,
1,1,00001F,1790199933.0940137,38662.9776046,225.67325960000016,candidate-measurement,101AEA,valid,1055466,0,True,
1,1,00001F,1790199933.3020115,38663.1855998,225.881254800006,candidate-measurement,101AE9,valid,1055465,-1,True,
1,1,00001F,1790199933.4940217,38663.37761,226.07326500000636,candidate-measurement,101AE8,valid,1055464,-1,True,
1,1,00001F,1790199933.68541,38663.5690009,226.2646559000059,candidate-measurement,101ADF,valid,1055455,-9,True,
1,1,00001F,1790199933.8934057,38663.776996,226.47265100000368,candidate-measurement,101ADA,valid,1055450,-5,True,
1,1,00001F,1790199934.0849764,38663.9685661,226.66422109999985,candidate-measurement,101AD8,valid,1055448,-2,True,
1,1,00001F,1790199934.2769756,38664.1605636,226.85621860000538,candidate-measurement,101AD7,valid,1055447,-1,True,
1,1,00001F,1790199934.484986,38664.3685763,227.0642313000062,candidate-measurement,101AD7,valid,1055447,0,True,
1,1,00001F,1790199934.676383,38664.5599729,227.2556279000055,candidate-measurement,101AD7,valid,1055447,0,True,
1,1,00001F,1790199934.8684556,38664.7520439,227.44769890000316,candidate-measurement,101AD6,valid,1055446,-1,True,
1,1,00001F,1790199935.0759497,38664.9595384,227.65519340000174,candidate-measurement,101AD3,valid,1055443,-3,True,
1,1,00001F,1790199935.2679536,38665.1515408,227.84719580000092,candidate-measurement,101AC1,valid,1055425,-18,True,
1,1,00001F,1790199935.4599447,38665.3435329,228.0391879000017,candidate-measurement,101ABD,valid,1055421,-4,True,
1,1,00001F,1790199935.6513488,38665.5349376,228.23059260000446,candidate-measurement,101AB5,valid,1055413,-8,True,
1,1,00001F,1790199935.859352,38665.742941,228.43859599999996,candidate-measurement,101AAF,valid,1055407,-6,True,
1,1,00001F,1790199936.0509133,38665.9345019,228.6301569000061,candidate-measurement,101AAD,valid,1055405,-2,True,
1,1,00001F,1790199936.2429132,38666.1265021,228.8221571000031,candidate-measurement,101AA9,valid,1055401,-4,True,
1,1,00001F,1790199936.4509056,38666.3344945,229.03014950000215,candidate-measurement,101AA6,valid,1055398,-3,True,
1,1,00001F,1790199936.6428924,38666.5264825,229.22213750000083,candidate-measurement,101AA0,valid,1055392,-6,True,
1,1,00001F,1790199936.8348951,38666.7184836,229.41413860000466,candidate-measurement,101A9D,valid,1055389,-3,True,
1,1,00001F,1790199937.0263076,38666.909898,229.60555300000124,candidate-measurement,101A99,valid,1055385,-4,True,
1,1,00001F,1790199937.2343059,38667.1178949,229.81354990000546,candidate-measurement,101A97,valid,1055383,-2,True,
1,1,00001F,1790199937.4258714,38667.3094619,230.00511689999985,candidate-measurement,101A97,valid,1055383,0,True,
1,1,00001F,1790199937.6178696,38667.501458,230.197113000002,candidate-measurement,101A95,valid,1055381,-2,True,
1,1,00001F,1790199937.8258572,38667.7094479,230.40510290000384,candidate-measurement,101A95,valid,1055381,0,True,
1,1,00001F,1790199938.017861,38667.9014509,230.59710590000032,candidate-measurement,101A95,valid,1055381,0,True,
1,1,00001F,1790199938.2092745,38668.092863,230.7885180000012,candidate-measurement,101A95,valid,1055381,0,True,
1,1,00001F,1790199938.4172635,38668.3008518,230.99650680000195,candidate-measurement,101A93,valid,1055379,-2,True,
1,1,00001F,1790199938.6248364,38668.5084246,231.2040796000001,candidate-measurement,101A91,valid,1055377,-2,True,
1,1,00001F,1790199938.81683,38668.7004201,231.39607510000496,candidate-measurement,101A91,valid,1055377,0,True,
1,1,00001F,1790199939.0088122,38668.8924029,231.58805790000042,candidate-measurement,101A91,valid,1055377,0,True,
1,1,00001F,1790199939.2008224,38669.0844107,231.78006570000434,candidate-measurement,101A90,valid,1055376,-1,True,
1,1,00001F,1790199939.3922353,38669.2758237,231.9714787000048,candidate-measurement,101A90,valid,1055376,0,True,
1,1,00001F,1790199939.58423,38669.4678181,232.16347310000128,candidate-measurement,101A90,valid,1055376,0,True,
1,1,00001F,1790199939.7917984,38669.6753866,232.37104160000308,candidate-measurement,101A90,valid,1055376,0,True,
1,1,00001F,1790199939.98379,38669.8673811,232.56303610000032,candidate-measurement,101A90,valid,1055376,0,True,
1,1,00001F,1790199940.175785,38670.0593735,232.7550285000034,candidate-measurement,101A90,valid,1055376,0,True,
1,1,00001F,1790199940.3831966,38670.2667858,232.9624408000018,candidate-measurement,101A8F,valid,1055375,-1,True,
1,1,00001F,1790199940.5751863,38670.4587768,233.15443180000148,candidate-measurement,101A89,valid,1055369,-6,True,
1,1,00001F,1790199940.7671847,38670.6507747,233.34642970000277,candidate-measurement,101A82,valid,1055362,-7,True,
1,1,00001F,1790199940.9587553,38670.8423453,233.53800030000275,candidate-measurement,101A7F,valid,1055359,-3,True,
1,1,00001F,1790199941.1667871,38671.0503727,233.74602770000638,candidate-measurement,101A7D,valid,1055357,-2,True,
1,1,00001F,1790199941.3587427,38671.2423319,233.93798690000403,candidate-measurement,101A7D,valid,1055357,0,True,
1,1,00001F,1790199941.5501602,38671.4337509,234.12940590000653,candidate-measurement,101A7D,valid,1055357,0,True,
1,1,00001F,1790199941.758152,38671.6417411,234.3373961000034,candidate-measurement,101A7D,valid,1055357,0,True,
1,1,00001F,1790199941.9497316,38671.8333199,234.52897490000032,candidate-measurement,101A7C,valid,1055356,-1,True,
1,1,00001F,1790199942.1417134,38672.0253049,234.72095990000525,candidate-measurement,101A78,valid,1055352,-4,True,
1,1,00001F,1790199942.349715,38672.2333034,234.92895839999983,candidate-measurement,101A65,valid,1055333,-19,True,
1,1,00001F,1790199942.5417285,38672.4253171,235.12097210000502,candidate-measurement,101A60,valid,1055328,-5,True,
1,1,00001F,1790199942.7331243,38672.6167137,235.3123687000043,candidate-measurement,101A59,valid,1055321,-7,True,
1,1,00001F,1790199942.9251132,38672.8087032,235.50435819999984,candidate-measurement,101A54,valid,1055316,-5,True,
1,1,00001F,1790199943.1326883,38673.0162791,235.71193409999978,candidate-measurement,101A52,valid,1055314,-2,True,
1,1,00001F,1790199943.3246868,38673.208275,235.9039300000004,candidate-measurement,101A4F,valid,1055311,-3,True,
1,1,00001F,1790199943.5166798,38673.4002689,236.09592390000034,candidate-measurement,101A4A,valid,1055306,-5,True,
1,1,00001F,1790199943.72467,38673.6082581,236.30391310000414,candidate-measurement,101A44,valid,1055300,-6,True,
1,1,00001F,1790199943.916085,38673.7996746,236.49532960000215,candidate-measurement,101A41,valid,1055297,-3,True,
1,1,00001F,1790199944.1080763,38673.9916666,236.68732160000218,candidate-measurement,101A3E,valid,1055294,-3,True,
1,1,00001F,1790199944.300122,38674.1837079,236.87936290000653,candidate-measurement,101A3D,valid,1055293,-1,True,
1,1,00001F,1790199944.5076444,38674.391233,237.08688800000527,candidate-measurement,101A3D,valid,1055293,0,True,
1,1,00001F,1790199944.6996396,38674.5832298,237.27888480000547,candidate-measurement,101A3C,valid,1055292,-1,True,
1,1,00001F,1790199944.8916283,38674.7752185,237.4708735000022,candidate-measurement,101A3C,valid,1055292,0,True,
1,1,00001F,1790199945.099047,38674.9826371,237.6782921000049,candidate-measurement,101A3B,valid,1055291,-1,True,
1,1,00001F,1790199945.2910452,38675.1746331,237.8702881000063,candidate-measurement,101A39,valid,1055289,-2,True,
1,1,00001F,1790199945.4830317,38675.3666211,238.06227610000496,candidate-measurement,101A37,valid,1055287,-2,True,
1,1,00001F,1790199945.6906085,38675.5741982,238.26985320000676,candidate-measurement,101A37,valid,1055287,0,True,
1,1,00001F,1790199945.8825936,38675.7661848,238.46183980000205,candidate-measurement,101A37,valid,1055287,0,True,
1,1,00001F,1790199946.0745971,38675.9581853,238.65384030000132,candidate-measurement,101A35,valid,1055285,-2,True,
1,1,00001F,1790199946.2665908,38676.1501788,238.8458338000055,candidate-measurement,101A35,valid,1055285,0,True,
1,1,00001F,1790199946.4739983,38676.3575869,239.053241900001,candidate-measurement,101A35,valid,1055285,0,True,
1,1,00001F,1790199946.6659944,38676.5495841,239.24523910000426,candidate-measurement,101A35,valid,1055285,0,True,
1,1,00001F,1790199946.8575704,38676.7411596,239.43681460000516,candidate-measurement,101A35,valid,1055285,0,True,
1,1,00001F,1790199947.065553,38676.949143,239.64479800000117,candidate-measurement,101A35,valid,1055285,0,True,
1,1,00001F,1790199947.2575586,38677.1411472,239.8368022000068,candidate-measurement,101A35,valid,1055285,0,True,
1,1,00001F,1790199947.449554,38677.333142,240.0287970000063,candidate-measurement,101A34,valid,1055284,-1,True,
1,1,00001F,1790199947.6569622,38677.5405514,240.23620640000445,candidate-measurement,101A29,valid,1055273,-11,True,
1,1,00001F,1790199947.8489616,38677.7325498,240.42820480000228,candidate-measurement,101A25,valid,1055269,-4,True,
1,1,00001F,1790199948.0405383,38677.9241265,240.61978150000505,candidate-measurement,101A23,valid,1055267,-2,True,
1,1,00001F,1790199948.2325213,38678.1161101,240.8117651000066,candidate-measurement,101A23,valid,1055267,0,True,
1,1,00001F,1790199948.440535,38678.3241247,241.01977970000007,candidate-measurement,101A23,valid,1055267,0,True,
1,1,00001F,1790199948.6325142,38678.5161027,241.21175770000264,candidate-measurement,101A23,valid,1055267,0,True,
1,1,00001F,1790199948.8239279,38678.7075184,241.40317340000183,candidate-measurement,101A22,valid,1055266,-1,True,
1,1,00001F,1790199949.0319135,38678.9155046,241.6111596000046,candidate-measurement,101A14,valid,1055252,-14,True,
1,1,00001F,1790199949.2234986,38679.107087,241.80274199999985,candidate-measurement,101A0C,valid,1055244,-8,True,
1,1,00001F,1790199949.4154906,38679.299079,241.99473399999988,candidate-measurement,101A09,valid,1055241,-3,True,
1,1,00001F,1790199949.6234999,38679.5070897,242.20274470000004,candidate-measurement,101A02,valid,1055234,-7,True,
1,1,00001F,1790199949.814894,38679.6984834,242.39413840000634,candidate-measurement,1019FD,valid,1055229,-5,True,
1,1,00001F,1790199950.0068872,38679.8904783,242.58613330000662,candidate-measurement,1019FA,valid,1055226,-3,True,
1,1,00001F,1790199950.1984613,38680.0820498,242.77770480000618,candidate-measurement,1019F8,valid,1055224,-2,True,
1,1,00001F,1790199950.4064536,38680.2900424,242.98569740000676,candidate-measurement,1019F5,valid,1055221,-3,True,
1,1,00001F,1790199950.5984418,38680.4820323,243.17768730000535,candidate-measurement,1019F3,valid,1055219,-2,True,
1,1,00001F,1790199950.7904444,38680.674034,243.36968900000647,candidate-measurement,1019EF,valid,1055215,-4,True,
1,1,00001F,1790199950.9978688,38680.8814552,243.57711019999988,candidate-measurement,1019EB,valid,1055211,-4,True,
1,1,00001F,1790199951.189867,38681.0734535,243.76910850000422,candidate-measurement,1019E7,valid,1055207,-4,True,
1,1,00001F,1790199951.3818464,38681.2654355,243.96109050000086,candidate-measurement,1019E5,valid,1055205,-2,True,
1,1,00001F,1790199951.589416,38681.4730049,244.16865990000224,candidate-measurement,1019E3,valid,1055203,-2,True,
1,1,00001F,1790199951.7814112,38681.6649989,244.36065390000294,candidate-measurement,1019E3,valid,1055203,0,True,
1,1,00001F,1790199951.9734087,38681.8569977,244.55265270000382,candidate-measurement,1019E2,valid,1055202,-1,True,
1,1,00001F,1790199952.1648276,38682.0484151,244.7440701000014,candidate-measurement,1019E2,valid,1055202,0,True,
1,1,00001F,1790199952.37281,38682.2563989,244.95205390000046,candidate-measurement,1019E0,valid,1055200,-2,True,
1,1,00001F,1790199952.5643792,38682.447969,245.1436240000039,candidate-measurement,1019E0,valid,1055200,0,True,
1,1,00001F,1790199952.7563787,38682.6399685,245.33562350000284,candidate-measurement,1019DE,valid,1055198,-2,True,
1,1,00001F,1790199952.964386,38682.8479751,245.54363010000088,candidate-measurement,1019DD,valid,1055197,-1,True,
1,1,00001F,1790199953.1557853,38683.0393757,245.73503070000152,candidate-measurement,1019DD,valid,1055197,0,True,
1,1,00001F,1790199953.347781,38683.2313699,245.92702490000374,candidate-measurement,1019DC,valid,1055196,-1,True,
1,1,00001F,1790199953.5557716,38683.4393606,246.1350156000044,candidate-measurement,1019DC,valid,1055196,0,True,
1,1,00001F,1790199953.7633483,38683.6469372,246.3425922000024,candidate-measurement,1019DC,valid,1055196,0,True,
1,1,00001F,1790199953.9553394,38683.8389292,246.53458420000243,candidate-measurement,1019DC,valid,1055196,0,True,
1,1,00001F,1790199954.1473389,38684.030928,246.7265830000033,candidate-measurement,1019DC,valid,1055196,0,True,
1,1,00001F,1790199954.3387482,38684.2223377,246.91799270000047,candidate-measurement,1019DC,valid,1055196,0,True,
1,1,00001F,1790199954.5307393,38684.4143283,247.1099833000044,candidate-measurement,1019DC,valid,1055196,0,True,
1,1,00001F,1790199954.722734,38684.6063252,247.30198020000535,candidate-measurement,1019DA,valid,1055194,-2,True,
1,1,00001F,1790199954.9303122,38684.8139022,247.50955720000638,candidate-measurement,1019D7,valid,1055191,-3,True,
1,1,00001F,1790199955.1222944,38685.0058842,247.70153920000303,candidate-measurement,1019CD,valid,1055181,-10,True,
1,1,00001F,1790199955.3142974,38685.1978861,247.89354110000568,candidate-measurement,1019CB,valid,1055179,-2,True,
1,1,00001F,1790199955.5217118,38685.4053018,248.10095680000086,candidate-measurement,1019C9,valid,1055177,-2,True,
1,1,00001F,1790199955.713697,38685.5972875,248.29294250000385,candidate-measurement,1019C9,valid,1055177,0,True,
1,1,00001F,1790199955.9052787,38685.7888692,248.48452420000103,candidate-measurement,1019C9,valid,1055177,0,True,
1,1,00001F,1790199956.097269,38685.9808582,248.67651320000004,candidate-measurement,1019C9,valid,1055177,0,True,
1,1,00001F,1790199956.3052738,38686.1888625,248.8845175000024,candidate-measurement,1019C8,valid,1055176,-1,True,
1,1,00001F,1790199956.4972527,38686.380842,249.07649700000184,candidate-measurement,1019C6,valid,1055174,-2,True,
1,1,00001F,1790199956.688681,38686.57227,249.2679250000001,candidate-measurement,1019B2,valid,1055154,-20,True,
1,1,00001F,1790199956.896682,38686.7802721,249.47592710000026,candidate-measurement,1019AD,valid,1055149,-5,True,
1,1,00001F,1790199957.0886595,38686.9722482,249.6679032000029,candidate-measurement,1019A4,valid,1055140,-9,True,
1,1,00001F,1790199957.2802343,38687.1638223,249.85947730000044,candidate-measurement,1019A0,valid,1055136,-4,True,
1,1,00001F,1790199957.488224,38687.3718139,250.06746890000068,candidate-measurement,10199D,valid,1055133,-3,True,
1,1,00001F,1790199957.6802373,38687.5638251,250.25948010000138,candidate-measurement,101998,valid,1055128,-5,True,
1,1,00001F,1790199957.8716388,38687.7552275,250.45088250000117,candidate-measurement,101995,valid,1055125,-3,True,
1,1,00001F,1790199958.0636263,38687.9472158,250.64287080000213,candidate-measurement,10198C,valid,1055116,-9,True,
1,1,00001F,1790199958.271222,38688.1548103,250.85046530000545,candidate-measurement,101989,valid,1055113,-3,True,
1,1,00001F,1790199958.4631987,38688.3467888,251.04244380000455,candidate-measurement,101987,valid,1055111,-2,True,
1,1,00001F,1790199958.6551895,38688.5387781,251.23443310000584,candidate-measurement,101985,valid,1055109,-2,True,
1,1,00001F,1790199958.863183,38688.7467728,251.4424278000006,candidate-measurement,101984,valid,1055108,-1,True,
1,1,00001F,1790199959.0545878,38688.9381779,251.63383290000638,candidate-measurement,101983,valid,1055107,-1,True,
1,1,00001F,1790199959.2465906,38689.1301789,251.82583390000218,candidate-measurement,101983,valid,1055107,0,True,
1,1,00001F,1790199959.438578,38689.3221682,252.01782320000348,candidate-measurement,101983,valid,1055107,0,True,
1,1,00001F,1790199959.6461656,38689.5297542,252.22540920000029,candidate-measurement,101982,valid,1055106,-1,True,
1,1,00001F,1790199959.838154,38689.7217436,252.41739860000234,candidate-measurement,101982,valid,1055106,0,True,
1,1,00001F,1790199960.0295703,38689.9131585,252.60881350000273,candidate-measurement,101982,valid,1055106,0,True,
1,1,00001F,1790199960.2375689,38690.121156,252.81681100000424,candidate-measurement,101982,valid,1055106,0,True,
1,1,00001F,1790199960.4295514,38690.3131401,253.00879510000232,candidate-measurement,101982,valid,1055106,0,True,
1,1,00001F,1790199960.6211193,38690.5047097,253.20036470000196,candidate-measurement,101982,valid,1055106,0,True,
1,1,00001F,1790199960.8291273,38690.7127147,253.40836970000237,candidate-measurement,101980,valid,1055104,-2,True,
1,1,00001F,1790199961.0211189,38690.9047076,253.60036260000197,candidate-measurement,10197B,valid,1055099,-5,True,
1,1,00001F,1790199961.2125356,38691.0961235,253.7917785000027,candidate-measurement,101973,valid,1055091,-8,True,
1,1,00001F,1790199961.4045334,38691.2881226,253.98377760000585,candidate-measurement,101971,valid,1055089,-2,True,
1,1,00001F,1790199961.612131,38691.4957208,254.19137580000097,candidate-measurement,10196F,valid,1055087,-2,True,
1,1,00001F,1790199961.8040867,38691.6876763,254.38333129999955,candidate-measurement,10196F,valid,1055087,0,True,
1,1,00001F,1790199961.996085,38691.8796733,254.57532830000127,candidate-measurement,10196F,valid,1055087,0,True,
1,1,00001F,1790199962.2040734,38692.0876619,254.7833169000005,candidate-measurement,10196F,valid,1055087,0,True,
1,1,00001F,1790199962.396068,38692.2796577,254.97531270000036,candidate-measurement,10196E,valid,1055086,-1,True,
1,1,00001F,1790199962.5880573,38692.4716474,255.1673024000047,candidate-measurement,101961,valid,1055073,-13,True,
1,1,00001F,1790199962.79548,38692.6790707,255.37472569999954,candidate-measurement,101959,valid,1055065,-8,True,
1,1,00001F,1790199962.98705,38692.8706384,255.56629340000654,candidate-measurement,101955,valid,1055061,-4,True,
1,1,00001F,1790199963.1790462,38693.0626358,255.75829080000403,candidate-measurement,10194D,valid,1055053,-8,True,
1,1,00001F,1790199963.371036,38693.2546256,255.95028060000186,candidate-measurement,101949,valid,1055049,-4,True,
1,1,00001F,1790199963.5790327,38693.462622,256.1582770000023,candidate-measurement,101946,valid,1055046,-3,True,
1,1,00001F,1790199963.7704453,38693.6540344,256.34968940000545,candidate-measurement,101944,valid,1055044,-2,True,
1,1,00001F,1790199963.9620242,38693.8456131,256.5412681000016,candidate-measurement,101941,valid,1055041,-3,True,
1,1,00001F,1790199964.1700315,38694.0536187,256.7492737000066,candidate-measurement,10193F,valid,1055039,-2,True,
1,1,00001F,1790199964.362007,38694.2455956,256.9412506000008,candidate-measurement,10193C,valid,1055036,-3,True,
1,1,00001F,1790199964.5534217,38694.4370107,257.1326657000027,candidate-measurement,101939,valid,1055033,-3,True,
1,1,00001F,1790199964.7614086,38694.6449996,257.3406546000042,candidate-measurement,101936,valid,1055030,-3,True,
1,1,00001F,1790199964.9689882,38694.8525785,257.54823350000515,candidate-measurement,101935,valid,1055029,-1,True,
1,1,00001F,1790199965.160988,38695.0445754,257.7402304000061,candidate-measurement,101933,valid,1055027,-2,True,
1,1,00001F,1790199965.352975,38695.2365638,257.93221880000056,candidate-measurement,101931,valid,1055025,-2,True,
1,1,00001F,1790199965.544387,38695.4279763,258.1236313000045,candidate-measurement,10192F,valid,1055023,-2,True,
1,1,00001F,1790199965.7363799,38695.6199692,258.3156242000041,candidate-measurement,10192F,valid,1055023,0,True,
1,1,00001F,1790199965.9283872,38695.811977,258.50763200000074,candidate-measurement,10192F,valid,1055023,0,True,
1,1,00001F,1790199966.1359482,38696.0195377,258.71519270000135,candidate-measurement,10192F,valid,1055023,0,True,
1,1,00001F,1790199966.327944,38696.2115324,258.9071874000001,candidate-measurement,10192D,valid,1055021,-2,True,
1,1,00001F,1790199966.5199323,38696.4035232,259.09917820000555,candidate-measurement,10192D,valid,1055021,0,True,
1,1,00001F,1790199966.7273476,38696.6109372,259.30659220000234,candidate-measurement,10192D,valid,1055021,0,True,
1,1,00001F,1790199966.9193373,38696.802928,259.4985830000005,candidate-measurement,10192C,valid,1055020,-1,True,
1,1,00001F,1790199967.1109161,38696.9945048,259.69015980000404,candidate-measurement,10192A,valid,1055018,-2,True,
1,1,00001F,1790199967.3029132,38697.1865018,259.88215680000576,candidate-measurement,101929,valid,1055017,-1,True,
1,1,00001F,1790199967.5109005,38697.394491,260.0901460000023,candidate-measurement,101929,valid,1055017,0,True,
1,1,00001F,1790199967.702325,38697.5859134,260.28156840000156,candidate-measurement,101928,valid,1055016,-1,True,
1,1,00001F,1790199967.8943117,38697.7778999,260.47355490000336,candidate-measurement,101928,valid,1055016,0,True,
1,1,00001F,1790199968.10192,38697.9855083,260.6811633000034,candidate-measurement,101928,valid,1055016,0,True,
1,1,00001F,1790199968.2938848,38698.1774727,260.87312770000426,candidate-measurement,101928,valid,1055016,0,True,
1,1,00001F,1790199968.4858696,38698.3694603,261.0651152999999,candidate-measurement,101928,valid,1055016,0,True,
1,1,00001F,1790199968.6938643,38698.5774526,261.27310760000546,candidate-measurement,101928,valid,1055016,0,True,
1,1,00001F,1790199968.9012775,38698.7848661,261.4805211000057,candidate-measurement,101927,valid,1055015,-1,True,
1,1,00001F,1790199969.0932739,38698.9768633,261.6725183000017,candidate-measurement,101925,valid,1055013,-2,True,
1,1,00001F,1790199969.285275,38699.1688635,261.86451850000594,candidate-measurement,10191B,valid,1055003,-10,True,
1,1,00001F,1790199969.4768326,38699.3604231,262.0560781000022,candidate-measurement,101917,valid,1054999,-4,True,
1,1,00001F,1790199969.668837,38699.5524264,262.24808140000096,candidate-measurement,101915,valid,1054997,-2,True,
1,1,00001F,1790199969.8608289,38699.7444184,262.440073400001,candidate-measurement,101915,valid,1054997,0,True,
1,1,00001F,1790199970.0682392,38699.9518287,262.647483700006,candidate-measurement,101915,valid,1054997,0,True,
1,1,00001F,1790199970.2602408,38700.1438292,262.83948420000524,candidate-measurement,101915,valid,1054997,0,True,
1,1,00001F,1790199970.451815,38700.3354031,263.03105810000125,candidate-measurement,101914,valid,1054996,-1,True,
1,1,00001F,1790199970.6598008,38700.5433911,263.2390461000032,candidate-measurement,101902,valid,1054978,-18,True,
1,1,00001F,1790199970.8672216,38700.7508097,263.4464647000059,candidate-measurement,1018FD,valid,1054973,-5,True,
1,1,00001F,1790199971.05921,38700.9427992,263.63845420000143,candidate-measurement,1018F8,valid,1054968,-5,True,
1,1,00001F,1790199971.251209,38701.1347974,263.830452400005,candidate-measurement,1018F0,valid,1054960,-8,True,
1,1,00001F,1790199971.4427836,38701.3263718,264.0220268000048,candidate-measurement,1018ED,valid,1054957,-3,True,
1,1,00001F,1790199971.6347756,38701.5183642,264.2140192000006,candidate-measurement,1018EB,valid,1054955,-2,True,
1,1,00001F,1790199971.826764,38701.7103542,264.40600919999997,candidate-measurement,1018E9,valid,1054953,-2,True,
1,1,00001F,1790199972.0341928,38701.9177828,264.61343780000607,candidate-measurement,1018E6,valid,1054950,-3,True,
1,1,00001F,1790199972.2261755,38702.1097639,264.80541890000313,candidate-measurement,1018E3,valid,1054947,-3,True,
1,1,00001F,1790199972.4177477,38702.3013379,264.9969928999999,candidate-measurement,1018DD,valid,1054941,-6,True,
1,1,00001F,1790199972.6257408,38702.5093301,265.2049851000047,candidate-measurement,1018D9,valid,1054937,-4,True,
1,1,00001F,1790199972.817743,38702.7013336,265.396988600005,candidate-measurement,1018D6,valid,1054934,-3,True,
1,1,00001F,1790199973.0097263,38702.8933146,265.5889696000013,candidate-measurement,1018D5,valid,1054933,-1,True,
1,1,00001F,1790199973.2011485,38703.0847366,265.7803916000048,candidate-measurement,1018D5,valid,1054933,0,True,
1,1,00001F,1790199973.4091399,38703.292728,265.9883830000035,candidate-measurement,1018D4,valid,1054932,-1,True,
1,1,00001F,1790199973.6007087,38703.4842973,266.1799523000009,candidate-measurement,1018D3,valid,1054931,-1,True,
1,1,00001F,1790199973.7927008,38703.6762911,266.37194610000006,candidate-measurement,1018D2,valid,1054930,-1,True,
1,1,00001F,1790199974.000148,38703.8837369,266.57939190000616,candidate-measurement,1018D0,valid,1054928,-2,True,
1,1,00001F,1790199974.1921198,38704.0757077,266.77136270000483,candidate-measurement,1018CF,valid,1054927,-1,True,
1,1,00001F,1790199974.3841121,38704.2677005,266.9633555000037,candidate-measurement,1018CF,valid,1054927,0,True,
1,1,00001F,1790199974.59172,38704.4753091,267.1709641000052,candidate-measurement,1018CF,valid,1054927,0,True,
1,1,00001F,1790199974.7836688,38704.6672577,267.3629127000022,candidate-measurement,1018CF,valid,1054927,0,True,
1,1,00001F,1790199974.9756637,38704.8592543,267.5549093000009,candidate-measurement,1018CF,valid,1054927,0,True,
1,1,00001F,1790199975.167659,38705.0512469,267.74690190000547,candidate-measurement,1018CE,valid,1054926,-1,True,
1,1,00001F,1790199975.3750687,38705.258658,267.954313000002,candidate-measurement,1018CE,valid,1054926,0,True,
1,1,00001F,1790199975.5670595,38705.4506484,268.1463034000044,candidate-measurement,1018CE,valid,1054926,0,True,
1,1,00001F,1790199975.7590601,38705.642649,268.3383040000044,candidate-measurement,1018CE,valid,1054926,0,True,
1,1,00001F,1790199975.966631,38705.8502207,268.5458757000015,candidate-measurement,1018CE,valid,1054926,0,True,
1,1,00001F,1790199976.1586268,38706.0422146,268.73786960000143,candidate-measurement,1018CE,valid,1054926,0,True,
1,1,00001F,1790199976.3506174,38706.2342058,268.92986080000264,candidate-measurement,1018CC,valid,1054924,-2,True,
1,1,00001F,1790199976.5580285,38706.4416196,269.1372746000052,candidate-measurement,1018CC,valid,1054924,0,True,
1,1,00001F,1790199976.7500544,38706.633643,269.3292980000042,candidate-measurement,1018C1,valid,1054913,-11,True,
1,1,00001F,1790199976.9415984,38706.825189,269.52084400000604,candidate-measurement,1018BD,valid,1054909,-4,True,
1,1,00001F,1790199977.1335897,38707.0171809,269.7128359000053,candidate-measurement,1018BB,valid,1054907,-2,True,
1,1,00001F,1790199977.3416083,38707.2251965,269.9208515000064,candidate-measurement,1018BB,valid,1054907,0,True,
1,1,00001F,1790199977.5329974,38707.4165873,270.11224230000516,candidate-measurement,1018BB,valid,1054907,0,True,
1,1,00001F,1790199977.7249906,38707.6085817,270.30423670000164,candidate-measurement,1018BB,valid,1054907,0,True,
1,1,00001F,1790199977.9329815,38707.8165728,270.51222780000535,candidate-measurement,1018B5,valid,1054901,-6,True,
1,1,00001F,1790199978.1249833,38708.0085728,270.7042278000008,candidate-measurement,1018A4,valid,1054884,-17,True,
1,1,00001F,1790199978.3165588,38708.2001473,270.8958023000014,candidate-measurement,10189F,valid,1054879,-5,True,
1,1,00001F,1790199978.5085485,38708.392139,271.0877940000064,candidate-measurement,101895,valid,1054869,-10,True,
1,1,00001F,1790199978.7165422,38708.6001328,271.29578780000156,candidate-measurement,101891,valid,1054865,-4,True,
1,1,00001F,1790199978.9085474,38708.7921357,271.48779070000455,candidate-measurement,10188D,valid,1054861,-4,True,
1,1,00001F,1790199979.0999455,38708.9835359,271.67919090000214,candidate-measurement,101887,valid,1054855,-6,True,
1,1,00001F,1790199979.30795,38709.191538,271.8871930000023,candidate-measurement,10187F,valid,1054847,-8,True,
1,1,00001F,1790199979.499936,38709.3835255,272.07918050000444,candidate-measurement,10187A,valid,1054842,-5,True,
1,1,00001F,1790199979.6915088,38709.5750993,272.2707542999997,candidate-measurement,101879,valid,1054841,-1,True,
1,1,00001F,1790199979.8995063,38709.7830958,272.47875080000085,candidate-measurement,101876,valid,1054838,-3,True,
1,1,00001F,1790199980.1069152,38709.9905046,272.6861596000017,candidate-measurement,101875,valid,1054837,-1,True,
1,1,00001F,1790199980.298926,38710.1825146,272.87816960000055,candidate-measurement,101875,valid,1054837,0,True,
1,1,00001F,1790199980.4904892,38710.3740776,273.06973260000086,candidate-measurement,101874,valid,1054836,-1,True,
1,1,00001F,1790199980.6824822,38710.5660704,273.2617253999997,candidate-measurement,101874,valid,1054836,0,True,
1,1,00001F,1790199980.8744817,38710.7580726,273.45372760000464,candidate-measurement,101874,valid,1054836,0,True,
1,1,00001F,1790199981.0664692,38710.9500572,273.6457122000065,candidate-measurement,101874,valid,1054836,0,True,
1,1,00001F,1790199981.2738829,38711.1574713,273.8531263000041,candidate-measurement,101874,valid,1054836,0,True,
1,1,00001F,1790199981.4658794,38711.3494677,274.04512270000123,candidate-measurement,101873,valid,1054835,-1,True,
1,1,00001F,1790199981.6578627,38711.5414529,274.2371079000004,candidate-measurement,10186E,valid,1054830,-5,True,
1,1,00001F,1790199981.8654578,38711.7490468,274.44470180000644,candidate-measurement,101867,valid,1054823,-7,True,
1,1,00001F,1790199982.057438,38711.9410262,274.6366812000051,candidate-measurement,101863,valid,1054819,-4,True,
1,1,00001F,1790199982.2494402,38712.1330282,274.82868320000125,candidate-measurement,101861,valid,1054817,-2,True,
1,1,00001F,1790199982.440848,38712.3244366,275.02009160000307,candidate-measurement,101861,valid,1054817,0,True,
1,1,00001F,1790199982.6488347,38712.5324233,275.2280783000024,candidate-measurement,101861,valid,1054817,0,True,
1,1,00001F,1790199982.840827,38712.7244175,275.4200725000046,candidate-measurement,101861,valid,1054817,0,True,
1,1,00001F,1790199983.0324028,38712.9159924,275.61164740000095,candidate-measurement,101860,valid,1054816,-1,True,
1,1,00001F,1790199983.2403991,38713.123987,275.8196420000022,candidate-measurement,101860,valid,1054816,0,True,
1,1,00001F,1790199983.4323936,38713.315982,276.01163700000325,candidate-measurement,10184D,valid,1054797,-19,True,
1,1,00001F,1790199983.6238089,38713.507398,276.20305300000473,candidate-measurement,101847,valid,1054791,-6,True,
1,1,00001F,1790199983.831855,38713.7154458,276.4111008000036,candidate-measurement,10183D,valid,1054781,-10,True,
1,1,00001F,1790199984.039371,38713.9229603,276.6186153000017,candidate-measurement,101837,valid,1054775,-6,True,
1,1,00001F,1790199984.2313695,38714.1149576,276.8106126000057,candidate-measurement,101833,valid,1054771,-4,True,
1,1,00001F,1790199984.4233546,38714.3069453,277.0026003000021,candidate-measurement,10182B,valid,1054763,-8,True,
1,1,00001F,1790199984.6153588,38714.4989468,277.1946018000017,candidate-measurement,101821,valid,1054753,-10,True,
1,1,00001F,1790199984.8067646,38714.6903538,277.3860088000001,candidate-measurement,10181F,valid,1054751,-2,True,
1,1,00001F,1790199984.9987776,38714.882367,277.5780220000015,candidate-measurement,10181D,valid,1054749,-2,True,
1,1,00001F,1790199985.2063358,38715.0899239,277.7855789000023,candidate-measurement,10181B,valid,1054747,-2,True,
1,1,00001F,1790199985.398325,38715.2819145,277.9775695000062,candidate-measurement,10181B,valid,1054747,0,True,
1,1,00001F,1790199985.5903382,38715.4739287,278.16958370000066,candidate-measurement,10181B,valid,1054747,0,True,
1,1,00001F,1790199985.7983122,38715.6819006,278.3775556000037,candidate-measurement,10181B,valid,1054747,0,True,
1,1,00001F,1790199985.9903045,38715.8738949,278.5695499000067,candidate-measurement,101819,valid,1054745,-2,True,
1,1,00001F,1790199986.181727,38716.0653154,278.76097040000604,candidate-measurement,101819,valid,1054745,0,True,
1,1,00001F,1790199986.3737154,38716.2573039,278.95295890000125,candidate-measurement,101819,valid,1054745,0,True,
1,1,00001F,1790199986.5817082,38716.4652975,279.16095250000217,candidate-measurement,101819,valid,1054745,0,True,
1,1,00001F,1790199986.77329,38716.6568785,279.3525335000013,candidate-measurement,101819,valid,1054745,0,True,
1,1,00001F,1790199986.9652784,38716.848869,279.54452400000446,candidate-measurement,101819,valid,1054745,0,True,
1,1,00001F,1790199987.1726866,38717.0562765,279.7519315000027,candidate-measurement,101819,valid,1054745,0,True,
1,1,00001F,1790199987.364686,38717.2482743,279.9439293000032,candidate-measurement,101813,valid,1054739,-6,True,
1,1,00001F,1790199987.5566754,38717.4402661,280.1359211000017,candidate-measurement,101809,valid,1054729,-10,True,
1,1,00001F,1790199987.7642465,38717.6478378,280.34349280000606,candidate-measurement,101807,valid,1054727,-2,True,
1,1,00001F,1790199987.9562433,38717.8398336,280.5354886000059,candidate-measurement,101807,valid,1054727,0,True,
1,1,00001F,1790199988.148254,38718.0318421,280.7274971000006,candidate-measurement,101806,valid,1054726,-1,True,
1,1,00001F,1790199988.3556638,38718.2392515,280.93490650000604,candidate-measurement,101801,valid,1054721,-5,True,
1,1,00001F,1790199988.5476468,38718.4312371,281.126892100001,candidate-measurement,1017ED,valid,1054701,-20,True,
1,1,00001F,1790199988.7396379,38718.6232287,281.31888370000524,candidate-measurement,1017E3,valid,1054691,-10,True,
1,1,00001F,1790199988.9312115,38718.8148022,281.5104572000055,candidate-measurement,1017DD,valid,1054685,-6,True,
1,1,00001F,1790199989.1392126,38719.022801,281.71845600000233,candidate-measurement,1017D7,valid,1054679,-6,True,
1,1,00001F,1790199989.3312066,38719.2147951,281.9104501000038,candidate-measurement,1017CE,valid,1054670,-9,True,
1,1,00001F,1790199989.5231924,38719.4067818,282.10243679999985,candidate-measurement,1017C8,valid,1054664,-6,True,
1,1,00001F,1790199989.7146106,38719.598202,282.2938570000042,candidate-measurement,1017C5,valid,1054661,-3,True,
1,1,00001F,1790199989.9226024,38719.806191,282.5018460000065,candidate-measurement,1017C3,valid,1054659,-2,True,
1,1,00001F,1790199990.114172,38719.9977624,282.6934174000053,candidate-measurement,1017C1,valid,1054657,-2,True,
1,1,00001F,1790199990.3061688,38720.1897573,282.88541230000556,candidate-measurement,1017C0,valid,1054656,-1,True,
1,1,00001F,1790199990.5141957,38720.3977846,283.09343960000115,candidate-measurement,1017C0,valid,1054656,0,True,
1,1,00001F,1790199990.706157,38720.5897463,283.2854013000033,candidate-measurement,1017C0,valid,1054656,0,True,
1,1,00001F,1790199990.897586,38720.7811774,283.47683240000333,candidate-measurement,1017C0,valid,1054656,0,True,
1,1,00001F,1790199991.1051915,38720.9887812,283.6844362000047,candidate-measurement,1017BF,valid,1054655,-1,True,
1,1,00001F,1790199991.2971373,38721.1807257,283.8763806999996,candidate-measurement,1017BE,valid,1054654,-1,True,
1,1,00001F,1790199991.4891274,38721.3727177,284.0683726999996,candidate-measurement,1017B8,valid,1054648,-6,True,
1,1,00001F,1790199991.6811247,38721.5647131,284.2603681000037,candidate-measurement,1017B4,valid,1054644,-4,True,
1,1,00001F,1790199991.8891242,38721.7727132,284.46836820000317,candidate-measurement,1017B1,valid,1054641,-3,True,
1,1,00001F,1790199992.0805373,38721.9641261,284.6597811000029,candidate-measurement,1017AF,valid,1054639,-2,True,
1,1,00001F,1790199992.2725298,38722.156118,284.85177300000214,candidate-measurement,1017AF,valid,1054639,0,True,
1,1,00001F,1790199992.4801157,38722.3637041,285.0593590999997,candidate-measurement,1017AD,valid,1054637,-2,True,
1,1,00001F,1790199992.6720955,38722.5556841,285.25133910000295,candidate-measurement,1017AD,valid,1054637,0,True,
1,1,00001F,1790199992.8640857,38722.7476765,285.443331500006,candidate-measurement,1017AD,valid,1054637,0,True,
1,1,00001F,1790199993.0714996,38722.9550906,285.6507456000036,candidate-measurement,1017AD,valid,1054637,0,True,
1,1,00001F,1790199993.2794943,38723.1630827,285.85873770000035,candidate-measurement,1017AD,valid,1054637,0,True,
1,1,00001F,1790199993.4714923,38723.3550811,286.05073610000545,candidate-measurement,1017AD,valid,1054637,0,True,
1,1,00001F,1790199993.6630664,38723.546656,286.2423110000018,candidate-measurement,1017AC,valid,1054636,-1,True,
1,1,00001F,1790199993.855051,38723.7386415,286.43429650000326,candidate-measurement,10179E,valid,1054622,-14,True,
1,1,00001F,1790199994.0470521,38723.9306399,286.6262949000011,candidate-measurement,101798,valid,1054616,-6,True,
1,1,00001F,1790199994.2384696,38724.1220577,286.8177127000017,candidate-measurement,101794,valid,1054612,-4,True,
1,1,00001F,1790199994.4464767,38724.3300661,287.0257211000062,candidate-measurement,10178F,valid,1054607,-5,True,
1,1,00001F,1790199994.6380548,38724.5216455,287.2173005000004,candidate-measurement,10178A,valid,1054602,-5,True,
1,1,00001F,1790199994.83002,38724.7136109,287.4092659000016,candidate-measurement,101787,valid,1054599,-3,True,
1,1,00001F,1790199995.038017,38724.9216063,287.6172613000017,candidate-measurement,101785,valid,1054597,-2,True,
1,1,00001F,1790199995.2454364,38725.1290248,287.82467980000365,candidate-measurement,101785,valid,1054597,0,True,
1,1,00001F,1790199995.4374318,38725.3210199,288.01667490000546,candidate-measurement,101783,valid,1054595,-2,True,
1,1,00001F,1790199995.6289926,38725.5125826,288.2082376000035,candidate-measurement,101781,valid,1054593,-2,True,
1,1,00001F,1790199995.8209903,38725.7045793,288.4002343000029,candidate-measurement,10177F,valid,1054591,-2,True,
1,1,00001F,1790199996.0129879,38725.8965767,288.5922317000004,candidate-measurement,10177E,valid,1054590,-1,True,
1,1,00001F,1790199996.2049901,38726.0885766,288.7842316000024,candidate-measurement,10177B,valid,1054587,-3,True,
1,1,00001F,1790199996.4123952,38726.2959842,288.9916392000014,candidate-measurement,101778,valid,1054584,-3,True,
1,1,00001F,1790199996.6043916,38726.48798,289.18363500000123,candidate-measurement,101775,valid,1054581,-3,True,
1,1,00001F,1790199996.79639,38726.6799787,289.37563370000134,candidate-measurement,101773,valid,1054579,-2,True,
1,1,00001F,1790199997.0039876,38726.8875757,289.5832307000019,candidate-measurement,101771,valid,1054577,-2,True,
1,1,00001F,1790199997.195953,38727.0795415,289.77519650000613,candidate-measurement,10176E,valid,1054574,-3,True,
1,1,00001F,1790199997.3879435,38727.2715324,289.96718740000506,candidate-measurement,10176D,valid,1054573,-1,True,
1,1,00001F,1790199997.5799353,38727.4635233,290.159178300004,candidate-measurement,10176D,valid,1054573,0,True,
1,1,00001F,1790199997.7873557,38727.6709459,290.3666009000008,candidate-measurement,10176D,valid,1054573,0,True,
1,1,00001F,1790199997.9789233,38727.8625121,290.55816710000363,candidate-measurement,10176C,valid,1054572,-1,True,
1,1,00001F,1790199998.1709166,38728.0545057,290.7501607000013,candidate-measurement,10176C,valid,1054572,0,True,
1,1,00001F,1790199998.3789265,38728.2625147,290.95816970000305,candidate-measurement,10176B,valid,1054571,-1,True,
1,1,00001F,1790199998.5703316,38728.45392,291.1495750000031,candidate-measurement,101769,valid,1054569,-2,True,
1,1,00001F,1790199998.7623146,38728.6459048,291.3415598000065,candidate-measurement,101767,valid,1054567,-2,True,
1,1,00001F,1790199998.9698915,38728.8534809,291.5491359000007,candidate-measurement,101767,valid,1054567,0,True,
1,1,00001F,1790199999.1618958,38729.0454813,291.7411363000065,candidate-measurement,101766,valid,1054566,-1,True,
1,1,00001F,1790199999.3538806,38729.2374691,291.9331241000036,candidate-measurement,101766,valid,1054566,0,True,
1,1,00001F,1790199999.5612936,38729.4448827,292.14053770000464,candidate-measurement,101766,valid,1054566,0,True,
1,1,00001F,1790199999.7532814,38729.6368723,292.33252730000095,candidate-measurement,101766,valid,1054566,0,True,
1,1,00001F,1790199999.9452817,38729.8288705,292.52452550000453,candidate-measurement,101766,valid,1054566,0,True,
1,1,00001F,1790200000.136855,38730.0204447,292.7160997000028,candidate-measurement,101764,valid,1054564,-2,True,
1,1,00001F,1790200000.3448489,38730.2284374,292.92409240000416,candidate-measurement,101764,valid,1054564,0,True,
1,1,00001F,1790200000.5362601,38730.419849,293.11550400000124,candidate-measurement,10175A,valid,1054554,-10,True,
1,1,00001F,1790200000.7282526,38730.6118436,293.3074986000065,candidate-measurement,101756,valid,1054550,-4,True,
1,1,00001F,1790200000.9358442,38730.8194345,293.51508950000425,candidate-measurement,101753,valid,1054547,-3,True,
1,1,00001F,1790200001.127823,38731.0114127,293.70706770000106,candidate-measurement,101753,valid,1054547,0,True,
1,1,00001F,1790200001.3198214,38731.2034097,293.8990647000028,candidate-measurement,101753,valid,1054547,0,True,
1,1,00001F,1790200001.5118089,38731.3953985,294.09105350000027,candidate-measurement,101753,valid,1054547,0,True,
1,1,00001F,1790200001.7192776,38731.6028644,294.2985194000066,candidate-measurement,101753,valid,1054547,0,True,
1,1,00001F,1790200001.911217,38731.7948078,294.4904628000004,candidate-measurement,101753,valid,1054547,0,True,
1,1,00001F,1790200002.1027873,38731.9863784,294.68203340000036,candidate-measurement,101742,valid,1054530,-17,True,
1,1,00001F,1790200002.310781,38732.1943698,294.89002480000636,candidate-measurement,10173B,valid,1054523,-7,True,
1,1,00001F,1790200002.5027742,38732.3863634,295.082018400004,candidate-measurement,101734,valid,1054516,-7,True,
1,1,00001F,1790200002.6941924,38732.577782,295.27343700000347,candidate-measurement,10172D,valid,1054509,-7,True,
1,1,00001F,1790200002.9021864,38732.785775,295.4814299999998,candidate-measurement,101729,valid,1054505,-4,True,
1,1,00001F,1790200003.0937588,38732.9773499,295.67300490000343,candidate-measurement,101725,valid,1054501,-4,True,
1,1,00001F,1790200003.2857554,38733.1693436,295.86499860000185,candidate-measurement,101720,valid,1054496,-5,True,
1,1,00001F,1790200003.4771707,38733.3607597,296.0564147000041,candidate-measurement,101717,valid,1054487,-9,True,
1,1,00001F,1790200003.6851575,38733.5687465,296.26440150000417,candidate-measurement,101713,valid,1054483,-4,True,
1,1,00001F,1790200003.8771503,38733.7607398,296.45639479999954,candidate-measurement,101711,valid,1054481,-2,True,
1,1,00001F,1790200004.0687258,38733.9523142,296.6479692000066,candidate-measurement,101711,valid,1054481,0,True,
1,1,00001F,1790200004.2767272,38734.1603156,296.85597060000146,candidate-measurement,10170F,valid,1054479,-2,True,
1,1,00001F,1790200004.4681385,38734.3517285,297.04738350000116,candidate-measurement,10170D,valid,1054477,-2,True,
1,1,00001F,1790200004.6601267,38734.543717,297.23937200000364,candidate-measurement,10170D,valid,1054477,0,True,
1,1,00001F,1790200004.8676991,38734.7512894,297.44694440000603,candidate-measurement,10170D,valid,1054477,0,True,
1,1,00001F,1790200005.0596976,38734.9432859,297.63894090000394,candidate-measurement,10170D,valid,1054477,0,True,
1,1,00001F,1790200005.2516916,38735.1352802,297.83093519999966,candidate-measurement,10170C,valid,1054476,-1,True,
1,1,00001F,1790200005.443103,38735.3266916,298.0223466000025,candidate-measurement,10170C,valid,1054476,0,True,
1,1,00001F,1790200005.6510878,38735.5346776,298.23033260000375,candidate-measurement,10170C,valid,1054476,0,True,
1,1,00001F,1790200005.8426812,38735.7262692,298.42192420000356,candidate-measurement,10170C,valid,1054476,0,True,
1,1,00001F,1790200006.0346634,38735.9182544,298.61390940000274,candidate-measurement,10170C,valid,1054476,0,True,
1,1,00001F,1790200006.242649,38736.1262373,298.8218923000022,candidate-measurement,10170C,valid,1054476,0,True,
1,1,00001F,1790200006.434672,38736.3182616,299.0139166000008,candidate-measurement,10170B,valid,1054475,-1,True,
1,1,00001F,1790200006.6260693,38736.5096578,299.2053128000043,candidate-measurement,101705,valid,1054469,-6,True,
1,1,00001F,1790200006.8340585,38736.7176478,299.41330279999966,candidate-measurement,1016FE,valid,1054462,-7,True,
1,1,00001F,1790200007.0416307,38736.925219,299.6208740000002,candidate-measurement,1016FB,valid,1054459,-3,True,
1,1,00001F,1790200007.2336252,38737.1172134,299.81286840000394,candidate-measurement,1016F9,valid,1054457,-2,True,
1,1,00001F,1790200007.4256327,38737.3092225,300.0048775000032,candidate-measurement,1016F9,valid,1054457,0,True,
