payload_index,trial_index,payload_hex,timestamp,monotonic_s,elapsed_candidate_s,phase,rx_bytes_hex,reply_kind,raw_position,delta_counts,valid,note
1,1,000022,1790193809.6769242,32539.5605106,0.2019905999986804,candidate-warmup,10118D,valid,1053069,-124,True,
1,1,000022,1790193809.8688915,32539.7524798,0.3939597999997204,candidate-warmup,10118D,valid,1053069,0,True,
1,1,000022,1790193810.0608857,32539.9444742,0.5859541999998328,candidate-warmup,10118D,valid,1053069,0,True,
1,1,000022,1790193810.2523146,32540.1359024,0.7773823999996239,candidate-warmup,10118D,valid,1053069,0,True,
1,1,000022,1790193810.4442954,32540.3278839,0.9693638999997347,candidate-warmup,10118D,valid,1053069,0,True,
1,1,000022,1790193810.6358626,32540.5194535,1.1609334999993735,candidate-warmup,10118D,valid,1053069,0,True,
1,1,000022,1790193810.8278666,32540.7114549,1.3529348999982176,candidate-warmup,10118C,valid,1053068,-1,True,
1,1,000022,1790193811.0198562,32540.9034456,1.5449255999992602,candidate-warmup,10118C,valid,1053068,0,True,
1,1,000022,1790193811.2112763,32541.0948649,1.736344899996766,candidate-warmup,10118B,valid,1053067,-1,True,
1,1,000022,1790193811.403266,32541.2868548,1.9283347999989928,candidate-warmup,10118A,valid,1053066,-1,True,
1,1,000022,1790193811.5948503,32541.4784416,2.1199215999986336,candidate-warmup,101189,valid,1053065,-1,True,
1,1,000022,1790193811.7868316,32541.67042,2.3118999999969674,candidate-warmup,101188,valid,1053064,-1,True,
1,1,000022,1790193811.9788258,32541.8624158,2.503895799996826,candidate-warmup,101188,valid,1053064,0,True,
1,1,000022,1790193812.1708374,32542.0544262,2.695906199998717,candidate-warmup,101186,valid,1053062,-2,True,
1,1,000022,1790193812.3622322,32542.2458211,2.887301099999604,candidate-warmup,101186,valid,1053062,0,True,
1,1,000022,1790193812.554227,32542.437816,3.0792959999998857,candidate-warmup,101184,valid,1053060,-2,True,
1,1,000022,1790193812.7462227,32542.6298137,3.27129369999966,candidate-warmup,101183,valid,1053059,-1,True,
1,1,000022,1790193812.9377959,32542.8213862,3.462866199999553,candidate-warmup,101180,valid,1053056,-3,True,
1,1,000022,1790193813.1297917,32543.0133806,3.6548605999996653,candidate-warmup,101180,valid,1053056,0,True,
1,1,000022,1790193813.3212059,32543.2047945,3.8462744999997085,candidate-warmup,10117F,valid,1053055,-1,True,
1,1,000022,1790193813.5131981,32543.3967893,4.038269299999229,candidate-warmup,10117C,valid,1053052,-3,True,
1,1,000022,1790193813.721193,32543.6047813,4.246261299998878,candidate-warmup,10117A,valid,1053050,-2,True,
1,1,000022,1790193813.9127617,32543.7963522,4.4378321999975014,candidate-warmup,101176,valid,1053046,-4,True,
1,1,000022,1790193814.1047606,32543.9883499,4.629829899997276,candidate-warmup,101174,valid,1053044,-2,True,
1,1,000022,1790193814.3121727,32544.1957611,4.837241099998209,candidate-warmup,101172,valid,1053042,-2,True,
1,1,000022,1790193814.5041635,32544.3877534,5.029233399996883,candidate-warmup,101170,valid,1053040,-2,True,
1,1,000022,1790193814.6961632,32544.579752,5.221231999999873,candidate-warmup,10116E,valid,1053038,-2,True,
1,1,000022,1790193814.9037366,32544.7873265,5.428806500000064,candidate-warmup,10116E,valid,1053038,0,True,
1,1,000022,1790193815.0957308,32544.979319,5.620798999996623,candidate-warmup,10116E,valid,1053038,0,True,
1,1,000022,1790193815.2877247,32545.1713135,5.812793499997497,candidate-warmup,10116E,valid,1053038,0,True,
1,1,000022,1790193815.4797184,32545.3633076,6.004787599998963,candidate-warmup,10116C,valid,1053036,-2,True,
1,1,000022,1790193815.6871393,32545.57073,6.212209999997867,candidate-warmup,10116C,valid,1053036,0,True,
1,1,000022,1790193815.8791249,32545.7627145,6.404194499998994,candidate-warmup,10116C,valid,1053036,0,True,
1,1,000022,1790193816.070687,32545.9542779,6.595757899998716,candidate-warmup,10116B,valid,1053035,-1,True,
1,1,000022,1790193816.2786946,32546.1622818,6.803761799998028,candidate-warmup,101169,valid,1053033,-2,True,
1,1,000022,1790193816.4707003,32546.3542893,6.995769299999665,candidate-warmup,101168,valid,1053032,-1,True,
1,1,000022,1790193816.662096,32546.545687,7.187167000000045,candidate-warmup,101168,valid,1053032,0,True,
1,1,000022,1790193816.8701208,32546.7537068,7.395186799996736,candidate-warmup,101168,valid,1053032,0,True,
1,1,000022,1790193817.0616665,32546.945255,7.586734999997134,candidate-warmup,101167,valid,1053031,-1,True,
1,1,000022,1790193817.2536561,32547.1372442,7.778724199997669,candidate-warmup,101167,valid,1053031,0,True,
1,1,000022,1790193817.4456675,32547.3292577,7.970737699997699,candidate-warmup,101167,valid,1053031,0,True,
1,1,000022,1790193817.6536417,32547.5372313,8.178711299999122,candidate-warmup,101167,valid,1053031,0,True,
1,1,000022,1790193817.8450534,32547.7286437,8.370123699998658,candidate-warmup,101167,valid,1053031,0,True,
1,1,000022,1790193818.0370512,32547.9206416,8.562121599999955,candidate-warmup,101165,valid,1053029,-2,True,
1,1,000022,1790193818.2446263,32548.1282148,8.769694799997524,candidate-warmup,101162,valid,1053026,-3,True,
1,1,000022,1790193818.4366198,32548.3202086,8.961688599996705,candidate-warmup,10115A,valid,1053018,-8,True,
1,1,000022,1790193818.628611,32548.5122006,9.153680599996733,candidate-warmup,101157,valid,1053015,-3,True,
1,1,000022,1790193818.8206162,32548.7042073,9.345687299999554,candidate-warmup,101154,valid,1053012,-3,True,
1,1,000022,1790193819.0280159,32548.9116063,9.55308629999854,candidate-warmup,101154,valid,1053012,0,True,
1,1,000022,1790193819.2200174,32549.1036058,9.745085799997469,candidate-warmup,101154,valid,1053012,0,True,
1,1,000022,1790193819.4115896,32549.2951779,9.936657899997954,candidate-warmup,101154,valid,1053012,0,True,
1,1,000022,1790193819.6195788,32549.5031681,10.144648099998449,candidate-warmup,101154,valid,1053012,0,True,
1,1,000022,1790193819.8115695,32549.6951594,10.336639399996784,candidate-warmup,101151,valid,1053009,-3,True,
1,1,000022,1790193820.0029883,32549.8865781,10.528058099996997,candidate-warmup,101143,valid,1052995,-14,True,
1,1,000022,1790193820.2109816,32550.0945702,10.736050199997408,candidate-warmup,10113E,valid,1052990,-5,True,
1,1,000022,1790193820.4029896,32550.2865786,10.928058599998622,candidate-warmup,10113C,valid,1052988,-2,True,
1,1,000022,1790193820.5945508,32550.4781414,11.119621399997413,candidate-warmup,101139,valid,1052985,-3,True,
1,1,000022,1790193820.786541,32550.6701314,11.311611399996764,candidate-warmup,101136,valid,1052982,-3,True,
1,1,000022,1790193820.9945664,32550.8781547,11.519634699998278,candidate-warmup,101132,valid,1052978,-4,True,
1,1,000022,1790193821.1859667,32551.0695557,11.71103569999832,candidate-warmup,101130,valid,1052976,-2,True,
1,1,000022,1790193821.3779402,32551.2615305,11.903010499998345,candidate-warmup,10112E,valid,1052974,-2,True,
1,1,000022,1790193821.5855181,32551.4691072,12.110587199997099,candidate-warmup,10112E,valid,1052974,0,True,
1,1,000022,1790193821.777509,32551.6610973,12.30257729999721,candidate-warmup,10112D,valid,1052973,-1,True,
1,1,000022,1790193821.9695098,32551.8530985,12.49457849999817,candidate-warmup,10112C,valid,1052972,-1,True,
1,1,000022,1790193822.1769507,32552.0605381,12.702018099997076,candidate-warmup,10112A,valid,1052970,-2,True,
1,1,000022,1790193822.3689172,32552.2525057,12.893985699996847,candidate-warmup,101129,valid,1052969,-1,True,
1,1,000022,1790193822.5609033,32552.4444929,13.085972899996705,candidate-warmup,101127,valid,1052967,-2,True,
1,1,000022,1790193822.7524824,32552.6360707,13.277550699996937,candidate-warmup,101126,valid,1052966,-1,True,
1,1,000022,1790193822.9604697,32552.8440597,13.485539699999208,candidate-warmup,101126,valid,1052966,0,True,
1,1,000022,1790193823.152471,32553.0360593,13.677539299998898,candidate-warmup,101124,valid,1052964,-2,True,
1,1,000022,1790193823.3444622,32553.2280506,13.869530599997233,candidate-warmup,101121,valid,1052961,-3,True,
1,1,000022,1790193823.55188,32553.4354685,14.076948499998252,candidate-warmup,10111D,valid,1052957,-4,True,
1,1,000022,1790193823.743865,32553.6274556,14.268935599997349,candidate-warmup,10111C,valid,1052956,-1,True,
1,1,000022,1790193823.9354393,32553.8190298,14.460509799999272,candidate-warmup,10111A,valid,1052954,-2,True,
1,1,000022,1790193824.1434364,32554.0270257,14.668505699999514,candidate-warmup,101118,valid,1052952,-2,True,
1,1,000022,1790193824.3508394,32554.2344283,14.875908299996809,candidate-warmup,101117,valid,1052951,-1,True,
1,1,000022,1790193824.542854,32554.4264437,15.067923699996754,candidate-warmup,101115,valid,1052949,-2,True,
1,1,000022,1790193824.7344158,32554.6180041,15.2594840999991,candidate-warmup,101114,valid,1052948,-1,True,
1,1,000022,1790193824.926414,32554.8100021,15.45148209999752,candidate-warmup,101114,valid,1052948,0,True,
1,1,000022,1790193825.1184092,32555.0019971,15.643477099998563,candidate-warmup,101114,valid,1052948,0,True,
1,1,000022,1790193825.3104005,32555.1939886,15.835468599998421,candidate-warmup,101114,valid,1052948,0,True,
1,1,000022,1790193825.5178084,32555.4013971,16.042877099996986,candidate-warmup,101113,valid,1052947,-1,True,
1,1,000022,1790193825.7098098,32555.5933983,16.234878299997945,candidate-warmup,101113,valid,1052947,0,True,
1,1,000022,1790193825.9013789,32555.7849704,16.42645039999843,candidate-warmup,101112,valid,1052946,-1,True,
1,1,000022,1790193826.1093748,32555.9929628,16.634442799997487,candidate-warmup,101110,valid,1052944,-2,True,
1,1,000022,1790193826.3173604,32556.2009492,16.84242919999815,candidate-warmup,10110F,valid,1052943,-1,True,
1,1,000022,1790193826.5093594,32556.3929478,17.034427799997502,candidate-warmup,10110E,valid,1052942,-1,True,
1,1,000022,1790193826.700767,32556.5843576,17.225837599999068,candidate-warmup,10110E,valid,1052942,0,True,
1,1,000022,1790193826.8927872,32556.7763756,17.417855599996983,candidate-warmup,10110E,valid,1052942,0,True,
1,1,000022,1790193827.0843563,32556.9679461,17.609426099999837,candidate-warmup,10110D,valid,1052941,-1,True,
1,1,000022,1790193827.2763343,32557.1599227,17.801402699999016,candidate-warmup,10110D,valid,1052941,0,True,
1,1,000022,1790193827.4843218,32557.3679123,18.00939229999858,candidate-warmup,10110D,valid,1052941,0,True,
1,1,000022,1790193827.6757452,32557.5593336,18.200813599996764,candidate-warmup,10110D,valid,1052941,0,True,
1,1,000022,1790193827.8677316,32557.75132,18.392799999997806,candidate-warmup,10110D,valid,1052941,0,True,
1,1,000022,1790193828.0753086,32557.9588986,18.600378600000113,candidate-warmup,10110C,valid,1052940,-1,True,
1,1,000022,1790193828.267322,32558.1509102,18.792390200000227,candidate-warmup,101107,valid,1052935,-5,True,
1,1,000022,1790193828.4592957,32558.3428858,18.98436579999907,candidate-warmup,101102,valid,1052930,-5,True,
1,1,000022,1790193828.650712,32558.5343006,19.17578059999869,candidate-warmup,101100,valid,1052928,-2,True,
1,1,000022,1790193828.8587058,32558.7422958,19.383775799997238,candidate-warmup,1010FE,valid,1052926,-2,True,
1,1,000022,1790193829.0502849,32558.9338732,19.575353199998062,candidate-warmup,1010FC,valid,1052924,-2,True,
1,1,000022,1790193829.2422717,32559.1258598,19.76733979999699,candidate-warmup,1010FC,valid,1052924,0,True,
1,1,000022,1790193829.4502685,32559.3338568,19.97533679999833,candidate-warmup,1010FB,valid,1052923,-1,True,
1,1,000022,1790193829.641684,32559.5252722,20.166752199998882,candidate-measurement,1010FB,valid,1052923,0,True,
1,1,000022,1790193829.8337033,32559.7172915,20.35877149999942,candidate-measurement,1010FB,valid,1052923,0,True,
1,1,000022,1790193830.041663,32559.925254,20.566733999999997,candidate-measurement,1010FB,valid,1052923,0,True,
1,1,000022,1790193830.2332382,32560.1168262,20.758306199997605,candidate-measurement,1010FB,valid,1052923,0,True,
1,1,000022,1790193830.4252253,32560.3088155,20.9502954999989,candidate-measurement,1010F9,valid,1052921,-2,True,
1,1,000022,1790193830.6166494,32560.5002378,21.141717799997423,candidate-measurement,1010F8,valid,1052920,-1,True,
1,1,000022,1790193830.8246455,32560.708236,21.349715999996988,candidate-measurement,1010EB,valid,1052907,-13,True,
1,1,000022,1790193831.016221,32560.899809,21.54128899999705,candidate-measurement,1010E7,valid,1052903,-4,True,
1,1,000022,1790193831.2082143,32561.0918026,21.733282599998347,candidate-measurement,1010E4,valid,1052900,-3,True,
1,1,000022,1790193831.4162014,32561.2997899,21.941269899998588,candidate-measurement,1010E2,valid,1052898,-2,True,
1,1,000022,1790193831.6081915,32561.4917802,22.133260200000223,candidate-measurement,1010E0,valid,1052896,-2,True,
1,1,000022,1790193831.7996035,32561.6831947,22.32467469999756,candidate-measurement,1010DE,valid,1052894,-2,True,
1,1,000022,1790193832.007606,32561.8911945,22.532674499998393,candidate-measurement,1010DA,valid,1052890,-4,True,
1,1,000022,1790193832.199173,32562.0827618,22.72424179999871,candidate-measurement,1010D7,valid,1052887,-3,True,
1,1,000022,1790193832.391169,32562.2747592,22.916239199999836,candidate-measurement,1010D6,valid,1052886,-1,True,
1,1,000022,1790193832.5831826,32562.4667729,23.10825289999775,candidate-measurement,1010D4,valid,1052884,-2,True,
1,1,000022,1790193832.7905724,32562.674161,23.315640999997413,candidate-measurement,1010D4,valid,1052884,0,True,
1,1,000022,1790193832.9825666,32562.8661569,23.507636899998033,candidate-measurement,1010D4,valid,1052884,0,True,
1,1,000022,1790193833.1745703,32563.0581584,23.69963839999764,candidate-measurement,1010D3,valid,1052883,-1,True,
1,1,000022,1790193833.3821492,32563.2657402,23.907220199998847,candidate-measurement,1010D1,valid,1052881,-2,True,
1,1,000022,1790193833.5741363,32563.4577251,24.09920509999938,candidate-measurement,1010D0,valid,1052880,-1,True,
1,1,000022,1790193833.7661283,32563.6497193,24.29119929999797,candidate-measurement,1010CE,valid,1052878,-2,True,
1,1,000022,1790193833.9735465,32563.8571378,24.49861779999992,candidate-measurement,1010CC,valid,1052876,-2,True,
1,1,000022,1790193834.1655383,32564.0491265,24.690606499996647,candidate-measurement,1010CC,valid,1052876,0,True,
1,1,000022,1790193834.3575282,32564.2411186,24.882598599997436,candidate-measurement,1010C9,valid,1052873,-3,True,
1,1,000022,1790193834.549101,32564.4326895,25.074169499999698,candidate-measurement,1010C6,valid,1052870,-3,True,
1,1,000022,1790193834.7571058,32564.6406958,25.282175799999095,candidate-measurement,1010C3,valid,1052867,-3,True,
1,1,000022,1790193834.9485028,32564.832094,25.473573999999644,candidate-measurement,1010C2,valid,1052866,-1,True,
1,1,000022,1790193835.1405025,32565.0240909,25.665570899996965,candidate-measurement,1010C1,valid,1052865,-1,True,
1,1,000022,1790193835.3480792,32565.2316674,25.873147399997833,candidate-measurement,1010BF,valid,1052863,-2,True,
1,1,000022,1790193835.5400612,32565.4236495,26.065129499998875,candidate-measurement,1010BE,valid,1052862,-1,True,
1,1,000022,1790193835.7320645,32565.6156552,26.25713519999772,candidate-measurement,1010BC,valid,1052860,-2,True,
1,1,000022,1790193835.9394767,32565.8230659,26.464545899998484,candidate-measurement,1010BB,valid,1052859,-1,True,
1,1,000022,1790193836.1314788,32566.0150668,26.65654679999716,candidate-measurement,1010BA,valid,1052858,-1,True,
1,1,000022,1790193836.3234632,32566.2070521,26.8485320999971,candidate-measurement,1010BA,valid,1052858,0,True,
1,1,000022,1790193836.5150378,32566.398628,27.040107999997417,candidate-measurement,1010BA,valid,1052858,0,True,
1,1,000022,1790193836.723029,32566.6066177,27.248097699997743,candidate-measurement,1010BA,valid,1052858,0,True,
1,1,000022,1790193836.9150238,32566.7986141,27.440094099998532,candidate-measurement,1010B9,valid,1052857,-1,True,
1,1,000022,1790193837.1070118,32566.9906014,27.63208139999915,candidate-measurement,1010B9,valid,1052857,0,True,
1,1,000022,1790193837.3144362,32567.1980245,27.839504499999748,candidate-measurement,1010B8,valid,1052856,-1,True,
1,1,000022,1790193837.5064192,32567.3900098,28.03148979999969,candidate-measurement,1010B6,valid,1052854,-2,True,
1,1,000022,1790193837.6984174,32567.5820077,28.22348769999735,candidate-measurement,1010B4,valid,1052852,-2,True,
1,1,000022,1790193837.905987,32567.789577,28.431056999997963,candidate-measurement,1010B4,valid,1052852,0,True,
1,1,000022,1790193838.0979917,32567.981581,28.623060999998415,candidate-measurement,1010B4,valid,1052852,0,True,
1,1,000022,1790193838.2893987,32568.1729877,28.814467699998204,candidate-measurement,1010B3,valid,1052851,-1,True,
1,1,000022,1790193838.4813948,32568.3649852,29.006465200000093,candidate-measurement,1010B3,valid,1052851,0,True,
1,1,000022,1790193838.6889737,32568.5725629,29.214042899999185,candidate-measurement,1010B3,valid,1052851,0,True,
1,1,000022,1790193838.880961,32568.7645516,29.40603159999955,candidate-measurement,1010B3,valid,1052851,0,True,
1,1,000022,1790193839.0729544,32568.9565431,29.59802309999941,candidate-measurement,1010B3,valid,1052851,0,True,
1,1,000022,1790193839.2803662,32569.1639548,29.805434799996874,candidate-measurement,1010B2,valid,1052850,-1,True,
1,1,000022,1790193839.4723616,32569.3559498,29.997429799997917,candidate-measurement,1010AA,valid,1052842,-8,True,
1,1,000022,1790193839.6643488,32569.54794,30.18941999999879,candidate-measurement,1010A6,valid,1052838,-4,True,
1,1,000022,1790193839.8719451,32569.7555352,30.39701520000017,candidate-measurement,1010A3,valid,1052835,-3,True,
1,1,000022,1790193840.063916,32569.947504,30.588983999998163,candidate-measurement,1010A1,valid,1052833,-2,True,
1,1,000022,1790193840.2553363,32570.1389246,30.780404599998292,candidate-measurement,1010A1,valid,1052833,0,True,
1,1,000022,1790193840.447332,32570.3309204,30.97240039999815,candidate-measurement,1010A1,valid,1052833,0,True,
1,1,000022,1790193840.6553898,32570.5389766,31.18045659999916,candidate-measurement,1010A1,valid,1052833,0,True,
1,1,000022,1790193840.8473148,32570.730905,31.372384999998758,candidate-measurement,1010A0,valid,1052832,-1,True,
1,1,000022,1790193841.0388896,32570.922478,31.56395799999882,candidate-measurement,10109D,valid,1052829,-3,True,
1,1,000022,1790193841.2468872,32571.1304751,31.771955099997285,candidate-measurement,101092,valid,1052818,-11,True,
1,1,000022,1790193841.4388762,32571.3224656,31.963945599996805,candidate-measurement,10108C,valid,1052812,-6,True,
1,1,000022,1790193841.6302981,32571.5138864,32.15536639999846,candidate-measurement,101088,valid,1052808,-4,True,
1,1,000022,1790193841.838283,32571.7218728,32.36335279999912,candidate-measurement,101086,valid,1052806,-2,True,
1,1,000022,1790193842.0298593,32571.9134472,32.55492719999893,candidate-measurement,101082,valid,1052802,-4,True,
1,1,000022,1790193842.221858,32572.1054467,32.74692669999786,candidate-measurement,10107E,valid,1052798,-4,True,
1,1,000022,1790193842.413849,32572.2974388,32.938918799998646,candidate-measurement,10107B,valid,1052795,-3,True,
1,1,000022,1790193842.621838,32572.5054268,33.14690679999694,candidate-measurement,10107A,valid,1052794,-1,True,
1,1,000022,1790193842.8132534,32572.6968422,33.33832219999749,candidate-measurement,101078,valid,1052792,-2,True,
1,1,000022,1790193843.005249,32572.8888394,33.5303193999971,candidate-measurement,101077,valid,1052791,-1,True,
1,1,000022,1790193843.2128365,32573.0964248,33.73790479999661,candidate-measurement,101076,valid,1052790,-1,True,
1,1,000022,1790193843.4048264,32573.2884163,33.92989630000011,candidate-measurement,101074,valid,1052788,-2,True,
1,1,000022,1790193843.59681,32573.4803983,34.12187829999675,candidate-measurement,101072,valid,1052786,-2,True,
1,1,000022,1790193843.7888036,32573.6723925,34.31387249999898,candidate-measurement,101071,valid,1052785,-1,True,
1,1,000022,1790193843.996217,32573.8798075,34.521287499999744,candidate-measurement,10106E,valid,1052782,-3,True,
1,1,000022,1790193844.188231,32574.0718182,34.71329819999664,candidate-measurement,10106C,valid,1052780,-2,True,
1,1,000022,1790193844.380202,32574.2637928,34.905272799998784,candidate-measurement,10106A,valid,1052778,-2,True,
1,1,000022,1790193844.5877855,32574.4713736,35.11285359999965,candidate-measurement,101068,valid,1052776,-2,True,
1,1,000022,1790193844.7797663,32574.663355,35.304834999999,candidate-measurement,101067,valid,1052775,-1,True,
1,1,000022,1790193844.971763,32574.855354,35.49683399999776,candidate-measurement,101067,valid,1052775,0,True,
1,1,000022,1790193845.179757,32575.0633458,35.704825799999526,candidate-measurement,101066,valid,1052774,-1,True,
1,1,000022,1790193845.3711848,32575.2547737,35.89625369999703,candidate-measurement,101064,valid,1052772,-2,True,
1,1,000022,1790193845.563163,32575.4467515,36.088231499998074,candidate-measurement,101062,valid,1052770,-2,True,
1,1,000022,1790193845.7551746,32575.6387655,36.28024549999827,candidate-measurement,101061,valid,1052769,-1,True,
1,1,000022,1790193845.9627347,32575.846323,36.487802999999985,candidate-measurement,101060,valid,1052768,-1,True,
1,1,000022,1790193846.1547322,32576.0383205,36.67980049999824,candidate-measurement,101060,valid,1052768,0,True,
1,1,000022,1790193846.346737,32576.2303255,36.87180549999903,candidate-measurement,101060,valid,1052768,0,True,
1,1,000022,1790193846.5541284,32576.4377189,37.07919889999903,candidate-measurement,101060,valid,1052768,0,True,
1,1,000022,1790193846.7461207,32576.6297114,37.271191399999225,candidate-measurement,10105E,valid,1052766,-2,True,
1,1,000022,1790193846.9381208,32576.8217099,37.463189899997815,candidate-measurement,10105E,valid,1052766,0,True,
1,1,000022,1790193847.1457472,32577.0293346,37.670814599998266,candidate-measurement,10105E,valid,1052766,0,True,
1,1,000022,1790193847.353686,32577.2372756,37.87875559999884,candidate-measurement,10105D,valid,1052765,-1,True,
1,1,000022,1790193847.5456827,32577.4292731,38.07075309999709,candidate-measurement,10105B,valid,1052763,-2,True,
1,1,000022,1790193847.7371469,32577.6207288,38.262208799998916,candidate-measurement,10105A,valid,1052762,-1,True,
1,1,000022,1790193847.9290895,32577.8126781,38.454158099997585,candidate-measurement,10105A,valid,1052762,0,True,
1,1,000022,1790193848.1210825,32578.0046718,38.64615179999964,candidate-measurement,101059,valid,1052761,-1,True,
1,1,000022,1790193848.312659,32578.1962481,38.83772809999937,candidate-measurement,101059,valid,1052761,0,True,
1,1,000022,1790193848.5206516,32578.4042412,39.045721200000116,candidate-measurement,101059,valid,1052761,0,True,
1,1,000022,1790193848.7126422,32578.5962315,39.23771149999811,candidate-measurement,101059,valid,1052761,0,True,
1,1,000022,1790193848.9046395,32578.7882297,39.42970969999806,candidate-measurement,101059,valid,1052761,0,True,
1,1,000022,1790193849.1120577,32578.9956467,39.6371266999995,candidate-measurement,101058,valid,1052760,-1,True,
1,1,000022,1790193849.3040495,32579.1876383,39.82911830000012,candidate-measurement,101054,valid,1052756,-4,True,
1,1,000022,1790193849.4956157,32579.379206,40.02068599999984,candidate-measurement,10104E,valid,1052750,-6,True,
1,1,000022,1790193849.6876147,32579.5712043,40.21268429999691,candidate-measurement,10104A,valid,1052746,-4,True,
1,1,000022,1790193849.895026,32579.7786162,40.420096199999534,candidate-measurement,101048,valid,1052744,-2,True,
1,1,000022,1790193850.087036,32579.9706261,40.61210609999762,candidate-measurement,101046,valid,1052742,-2,True,
1,1,000022,1790193850.2785983,32580.1621864,40.8036663999992,candidate-measurement,101046,valid,1052742,0,True,
1,1,000022,1790193850.4866211,32580.3702095,41.01168949999919,candidate-measurement,101046,valid,1052742,0,True,
1,1,000022,1790193850.6785817,32580.5621702,41.203650199997355,candidate-measurement,101046,valid,1052742,0,True,
1,1,000022,1790193850.8705764,32580.7541645,41.395644499996706,candidate-measurement,101046,valid,1052742,0,True,
1,1,000022,1790193851.0779896,32580.9615781,41.603058099997725,candidate-measurement,10103A,valid,1052730,-12,True,
1,1,000022,1790193851.2699797,32581.153568,41.79504799999995,candidate-measurement,101032,valid,1052722,-8,True,
1,1,000022,1790193851.4619737,32581.3455627,41.98704269999871,candidate-measurement,10102E,valid,1052718,-4,True,
1,1,000022,1790193851.6535554,32581.5371438,42.178623799998604,candidate-measurement,10102C,valid,1052716,-2,True,
1,1,000022,1790193851.861537,32581.7451279,42.386607899999944,candidate-measurement,101026,valid,1052710,-6,True,
1,1,000022,1790193852.0535328,32581.9371215,42.5786014999976,candidate-measurement,101022,valid,1052706,-4,True,
1,1,000022,1790193852.244956,32582.1285445,42.77002449999782,candidate-measurement,10101F,valid,1052703,-3,True,
1,1,000022,1790193852.452937,32582.3365256,42.97800559999814,candidate-measurement,10101E,valid,1052702,-1,True,
1,1,000022,1790193852.6449373,32582.5285255,43.170005500000116,candidate-measurement,10101C,valid,1052700,-2,True,
1,1,000022,1790193852.836501,32582.7200927,43.36157269999967,candidate-measurement,10101B,valid,1052699,-1,True,
1,1,000022,1790193853.028522,32582.9121105,43.5535904999997,candidate-measurement,101018,valid,1052696,-3,True,
1,1,000022,1790193853.2359166,32583.1195053,43.76098529999945,candidate-measurement,101018,valid,1052696,0,True,
1,1,000022,1790193853.427915,32583.3115041,43.952984099996684,candidate-measurement,101017,valid,1052695,-1,True,
1,1,000022,1790193853.6199052,32583.5034933,44.14497329999722,candidate-measurement,101014,valid,1052692,-3,True,
1,1,000022,1790193853.8274763,32583.7110658,44.35254579999673,candidate-measurement,101011,valid,1052689,-3,True,
1,1,000022,1790193854.0194821,32583.9030721,44.544552100000146,candidate-measurement,10100E,valid,1052686,-3,True,
1,1,000022,1790193854.2114732,32584.0950614,44.736541399997805,candidate-measurement,10100D,valid,1052685,-1,True,
1,1,000022,1790193854.4189074,32584.3024977,44.94397769999705,candidate-measurement,10100B,valid,1052683,-2,True,
1,1,000022,1790193854.6108737,32584.4944619,45.135941900000034,candidate-measurement,101009,valid,1052681,-2,True,
1,1,000022,1790193854.8028762,32584.6864672,45.32794719999947,candidate-measurement,101007,valid,1052679,-2,True,
1,1,000022,1790193855.0104449,32584.8940337,45.535513699996955,candidate-measurement,101006,valid,1052678,-1,True,
1,1,000022,1790193855.2024403,32585.0860282,45.72750819999783,candidate-measurement,101006,valid,1052678,0,True,
1,1,000022,1790193855.3944345,32585.2780248,45.91950480000014,candidate-measurement,101006,valid,1052678,0,True,
1,1,000022,1790193855.5864227,32585.4700109,46.1114908999989,candidate-measurement,101004,valid,1052676,-2,True,
1,1,000022,1790193855.7938428,32585.6774303,46.31891029999679,candidate-measurement,101004,valid,1052676,0,True,
1,1,000022,1790193855.985823,32585.8694139,46.51089389999834,candidate-measurement,101004,valid,1052676,0,True,
1,1,000022,1790193856.1774085,32586.0609968,46.702476799997385,candidate-measurement,101003,valid,1052675,-1,True,
1,1,000022,1790193856.3853996,32586.2689881,46.91046809999898,candidate-measurement,101001,valid,1052673,-2,True,
1,1,000022,1790193856.5773907,32586.4609795,47.102459499998076,candidate-measurement,101000,valid,1052672,-1,True,
1,1,000022,1790193856.769386,32586.6529749,47.29445489999853,candidate-measurement,101000,valid,1052672,0,True,
1,1,000022,1790193856.9768093,32586.8603974,47.50187739999819,candidate-measurement,100FFF,valid,1052671,-1,True,
1,1,000022,1790193857.168801,32587.0523894,47.69386939999822,candidate-measurement,100FFF,valid,1052671,0,True,
1,1,000022,1790193857.3603666,32587.2439566,47.885436599997774,candidate-measurement,100FFF,valid,1052671,0,True,
1,1,000022,1790193857.5523577,32587.435948,48.07742799999687,candidate-measurement,100FFF,valid,1052671,0,True,
1,1,000022,1790193857.7603407,32587.6439316,48.28541159999804,candidate-measurement,100FFE,valid,1052670,-1,True,
1,1,000022,1790193857.951772,32587.835361,48.476840999999695,candidate-measurement,100FF9,valid,1052665,-5,True,
1,1,000022,1790193858.1437597,32588.0273475,48.66882749999786,candidate-measurement,100FF4,valid,1052660,-5,True,
1,1,000022,1790193858.3517735,32588.2353622,48.87684219999937,candidate-measurement,100FF1,valid,1052657,-3,True,
1,1,000022,1790193858.5593212,32588.4429104,49.08439039999939,candidate-measurement,100FEF,valid,1052655,-2,True,
1,1,000022,1790193858.7513194,32588.6349098,49.27638979999756,candidate-measurement,100FEE,valid,1052654,-1,True,
1,1,000022,1790193858.9433124,32588.8269014,49.46838139999818,candidate-measurement,100FED,valid,1052653,-1,True,
1,1,000022,1790193859.150729,32589.0343171,49.675797099997,candidate-measurement,100FED,valid,1052653,0,True,
1,1,000022,1790193859.342713,32589.2263035,49.86778349999804,candidate-measurement,100FED,valid,1052653,0,True,
1,1,000022,1790193859.5343091,32589.4178999,50.05937989999802,candidate-measurement,100FED,valid,1052653,0,True,
1,1,000022,1790193859.7263076,32589.6098973,50.25137729999915,candidate-measurement,100FED,valid,1052653,0,True,
1,1,000022,1790193859.918279,32589.8018701,50.4433500999985,candidate-measurement,100FEC,valid,1052652,-1,True,
1,1,000022,1790193860.1102753,32589.9938641,50.6353440999992,candidate-measurement,100FE5,valid,1052645,-7,True,
1,1,000022,1790193860.3176954,32590.2012845,50.84276449999743,candidate-measurement,100FD8,valid,1052632,-13,True,
1,1,000022,1790193860.5096831,32590.3932721,51.034752099996695,candidate-measurement,100FD5,valid,1052629,-3,True,
1,1,000022,1790193860.7016745,32590.5852657,51.22674569999799,candidate-measurement,100FD3,valid,1052627,-2,True,
1,1,000022,1790193860.8932748,32590.776863,51.41834299999755,candidate-measurement,100FD0,valid,1052624,-3,True,
1,1,000022,1790193861.1012492,32590.9848371,51.62631709999914,candidate-measurement,100FCE,valid,1052622,-2,True,
1,1,000022,1790193861.2932358,32591.1768242,51.81830419999824,candidate-measurement,100FCA,valid,1052618,-4,True,
1,1,000022,1790193861.4846532,32591.3682425,52.00972249999904,candidate-measurement,100FC8,valid,1052616,-2,True,
1,1,000022,1790193861.692643,32591.5762322,52.21771219999937,candidate-measurement,100FC6,valid,1052614,-2,True,
1,1,000022,1790193861.8842194,32591.7678095,52.40928949999943,candidate-measurement,100FC6,valid,1052614,0,True,
1,1,000022,1790193862.07621,32591.9597982,52.6012781999998,candidate-measurement,100FC6,valid,1052614,0,True,
1,1,000022,1790193862.2841973,32592.167786,52.80926600000021,candidate-measurement,100FC4,valid,1052612,-2,True,
1,1,000022,1790193862.4762,32592.3597887,53.001268699998036,candidate-measurement,100FC3,valid,1052611,-1,True,
1,1,000022,1790193862.6676145,32592.551205,53.192684999998164,candidate-measurement,100FC2,valid,1052610,-1,True,
1,1,000022,1790193862.8596172,32592.7432077,53.38468769999963,candidate-measurement,100FC1,valid,1052609,-1,True,
1,1,000022,1790193863.0671794,32592.9507684,53.592248399996606,candidate-measurement,100FBF,valid,1052607,-2,True,
1,1,000022,1790193863.259174,32593.1427629,53.78424289999748,candidate-measurement,100FBE,valid,1052606,-1,True,
1,1,000022,1790193863.4511662,32593.334757,53.976236999998946,candidate-measurement,100FBE,valid,1052606,0,True,
1,1,000022,1790193863.659165,32593.5427542,54.18423419999817,candidate-measurement,100FBD,valid,1052605,-1,True,
1,1,000022,1790193863.850578,32593.7341677,54.37564769999881,candidate-measurement,100FBC,valid,1052604,-1,True,
1,1,000022,1790193864.0425844,32593.9261751,54.56765509999968,candidate-measurement,100FB9,valid,1052601,-3,True,
1,1,000022,1790193864.2501445,32594.1337327,54.77521269999852,candidate-measurement,100FB8,valid,1052600,-1,True,
1,1,000022,1790193864.4421422,32594.3257302,54.96721019999677,candidate-measurement,100FB6,valid,1052598,-2,True,
1,1,000022,1790193864.6335511,32594.5171424,55.15862239999842,candidate-measurement,100FB4,valid,1052596,-2,True,
1,1,000022,1790193864.825547,32594.7091363,55.350616299998364,candidate-measurement,100FB3,valid,1052595,-1,True,
1,1,000022,1790193865.0331082,32594.9166996,55.55817959999695,candidate-measurement,100FB2,valid,1052594,-1,True,
1,1,000022,1790193865.2251103,32595.1086984,55.75017839999782,candidate-measurement,100FB0,valid,1052592,-2,True,
1,1,000022,1790193865.4171205,32595.300711,55.942190999998274,candidate-measurement,100FAE,valid,1052590,-2,True,
1,1,000022,1790193865.6250875,32595.5086767,56.15015669999775,candidate-measurement,100FAC,valid,1052588,-2,True,
1,1,000022,1790193865.8165097,32595.7001007,56.3415806999983,candidate-measurement,100FAC,valid,1052588,0,True,
1,1,000022,1790193866.0085053,32595.8920963,56.53357629999664,candidate-measurement,100FAA,valid,1052586,-2,True,
1,1,000022,1790193866.2160943,32596.099683,56.74116299999878,candidate-measurement,100FAA,valid,1052586,0,True,
1,1,000022,1790193866.408072,32596.2916604,56.93314039999677,candidate-measurement,100FAA,valid,1052586,0,True,
1,1,000022,1790193866.6000984,32596.4836896,57.125169599999936,candidate-measurement,100FA9,valid,1052585,-1,True,
1,1,000022,1790193866.7914805,32596.6750717,57.316551699997945,candidate-measurement,100FA7,valid,1052583,-2,True,
1,1,000022,1790193866.9990625,32596.8826537,57.52413369999704,candidate-measurement,100FA6,valid,1052582,-1,True,
1,1,000022,1790193867.1910472,32597.0746352,57.71611519999715,candidate-measurement,100FA6,valid,1052582,0,True,
1,1,000022,1790193867.3830423,32597.266631,57.90811099999701,candidate-measurement,100FA5,valid,1052581,-1,True,
1,1,000022,1790193867.590454,32597.474045,58.11552499999743,candidate-measurement,100FA5,valid,1052581,0,True,
1,1,000022,1790193867.7824652,32597.666053,58.30753299999924,candidate-measurement,100FA5,valid,1052581,0,True,
1,1,000022,1790193867.9744396,32597.8580306,58.49951059999876,candidate-measurement,100FA5,valid,1052581,0,True,
1,1,000022,1790193868.1820152,32598.0656039,58.70708389999709,candidate-measurement,100FA5,valid,1052581,0,True,
1,1,000022,1790193868.3740356,32598.2576222,58.89910219999729,candidate-measurement,100FA4,valid,1052580,-1,True,
1,1,000022,1790193868.566003,32598.4495915,59.09107149999909,candidate-measurement,100F9E,valid,1052574,-6,True,
1,1,000022,1790193868.7734172,32598.6570065,59.29848649999985,candidate-measurement,100F98,valid,1052568,-6,True,
1,1,000022,1790193868.96541,32598.8489989,59.49047889999929,candidate-measurement,100F95,valid,1052565,-3,True,
1,1,000022,1790193869.15741,32599.0409983,59.682478299997456,candidate-measurement,100F94,valid,1052564,-1,True,
1,1,000022,1790193869.3489761,32599.2325645,59.87404449999667,candidate-measurement,100F93,valid,1052563,-1,True,
1,1,000022,1790193869.556972,32599.440561,60.082040999997844,candidate-measurement,100F93,valid,1052563,0,True,
1,1,000022,1790193869.7489555,32599.6325458,60.27402579999762,candidate-measurement,100F93,valid,1052563,0,True,
1,1,000022,1790193869.9403791,32599.8239681,60.465448099999776,candidate-measurement,100F93,valid,1052563,0,True,
1,1,000022,1790193870.1483734,32600.0319614,60.67344139999841,candidate-measurement,100F93,valid,1052563,0,True,
1,1,000022,1790193870.339948,32600.2235365,60.86501649999991,candidate-measurement,100F91,valid,1052561,-2,True,
1,1,000022,1790193870.5319364,32600.4155257,61.05700569999681,candidate-measurement,100F8D,valid,1052557,-4,True,
1,1,000022,1790193870.739357,32600.6229454,61.26442539999698,candidate-measurement,100F7E,valid,1052542,-15,True,
1,1,000022,1790193870.9313421,32600.8149322,61.45641219999743,candidate-measurement,100F7A,valid,1052538,-4,True,
1,1,000022,1790193871.122926,32601.0065148,61.64799479999783,candidate-measurement,100F76,valid,1052534,-4,True,
1,1,000022,1790193871.3149347,32601.1985228,61.84000279999964,candidate-measurement,100F70,valid,1052528,-6,True,
1,1,000022,1790193871.5229113,32601.4064998,62.04797979999785,candidate-measurement,100F6C,valid,1052524,-4,True,
1,1,000022,1790193871.7143214,32601.5979126,62.23939259999679,candidate-measurement,100F6B,valid,1052523,-1,True,
1,1,000022,1790193871.9063134,32601.7899043,62.43138429999817,candidate-measurement,100F69,valid,1052521,-2,True,
1,1,000022,1790193872.1143017,32601.9978927,62.63937269999951,candidate-measurement,100F68,valid,1052520,-1,True,
1,1,000022,1790193872.3058884,32602.1894763,62.830956299996615,candidate-measurement,100F65,valid,1052517,-3,True,
1,1,000022,1790193872.497876,32602.381465,63.02294499999698,candidate-measurement,100F64,valid,1052516,-1,True,
1,1,000022,1790193872.689872,32602.5734623,63.21494229999735,candidate-measurement,100F62,valid,1052514,-2,True,
1,1,000022,1790193872.8972812,32602.7808723,63.42235230000006,candidate-measurement,100F5F,valid,1052511,-3,True,
1,1,000022,1790193873.0892758,32602.9728667,63.61434670000017,candidate-measurement,100F5D,valid,1052509,-2,True,
1,1,000022,1790193873.2808545,32603.1644426,63.80592259999685,candidate-measurement,100F59,valid,1052505,-4,True,
1,1,000022,1790193873.488875,32603.3724643,64.01394429999709,candidate-measurement,100F58,valid,1052504,-1,True,
1,1,000022,1790193873.6808422,32603.5644305,64.20591049999712,candidate-measurement,100F56,valid,1052502,-2,True,
1,1,000022,1790193873.872252,32603.7558422,64.3973221999986,candidate-measurement,100F54,valid,1052500,-2,True,
1,1,000022,1790193874.0802348,32603.9638237,64.60530369999833,candidate-measurement,100F52,valid,1052498,-2,True,
1,1,000022,1790193874.2718174,32604.1554058,64.79688579999856,candidate-measurement,100F52,valid,1052498,0,True,
1,1,000022,1790193874.4638155,32604.3474036,64.9888835999991,candidate-measurement,100F52,valid,1052498,0,True,
1,1,000022,1790193874.6558115,32604.5393996,65.18087959999684,candidate-measurement,100F52,valid,1052498,0,True,
1,1,000022,1790193874.863799,32604.7473879,65.38886789999742,candidate-measurement,100F52,valid,1052498,0,True,
1,1,000022,1790193875.055211,32604.9388019,65.58028189999823,candidate-measurement,100F50,valid,1052496,-2,True,
1,1,000022,1790193875.2472286,32605.1308175,65.7722974999997,candidate-measurement,100F50,valid,1052496,0,True,
1,1,000022,1790193875.4547763,32605.3383659,65.9798458999976,candidate-measurement,100F50,valid,1052496,0,True,
1,1,000022,1790193875.6467805,32605.5303699,66.17184989999805,candidate-measurement,100F4D,valid,1052493,-3,True,
1,1,000022,1790193875.8387597,32605.7223511,66.36383109999952,candidate-measurement,100F4C,valid,1052492,-1,True,
1,1,000022,1790193876.030756,32605.914347,66.55582700000014,candidate-measurement,100F4C,valid,1052492,0,True,
1,1,000022,1790193876.238174,32606.1217628,66.76324279999972,candidate-measurement,100F4B,valid,1052491,-1,True,
1,1,000022,1790193876.430176,32606.3137644,66.95524440000008,candidate-measurement,100F4B,valid,1052491,0,True,
1,1,000022,1790193876.6217587,32606.5053479,67.14682790000006,candidate-measurement,100F4B,valid,1052491,0,True,
1,1,000022,1790193876.8297317,32606.713323,67.35480299999836,candidate-measurement,100F4B,valid,1052491,0,True,
1,1,000022,1790193877.0217266,32606.9053176,67.54679759999999,candidate-measurement,100F4B,valid,1052491,0,True,
1,1,000022,1790193877.2137287,32607.0973179,67.73879789999773,candidate-measurement,100F49,valid,1052489,-2,True,
1,1,000022,1790193877.4217157,32607.3053037,67.94678369999747,candidate-measurement,100F40,valid,1052480,-9,True,
1,1,000022,1790193877.6131315,32607.4967226,68.1382025999992,candidate-measurement,100F3C,valid,1052476,-4,True,
1,1,000022,1790193877.80513,32607.688718,68.33019799999965,candidate-measurement,100F3A,valid,1052474,-2,True,
1,1,000022,1790193877.9966993,32607.8802904,68.52177039999879,candidate-measurement,100F39,valid,1052473,-1,True,
1,1,000022,1790193878.2046914,32608.0882796,68.72975959999894,candidate-measurement,100F39,valid,1052473,0,True,
1,1,000022,1790193878.3961084,32608.2796982,68.9211781999984,candidate-measurement,100F39,valid,1052473,0,True,
1,1,000022,1790193878.5881166,32608.4717065,69.11318649999885,candidate-measurement,100F39,valid,1052473,0,True,
1,1,000022,1790193878.7956724,32608.6792639,69.3207438999998,candidate-measurement,100F38,valid,1052472,-1,True,
1,1,000022,1790193878.9876592,32608.8712505,69.51273049999872,candidate-measurement,100F36,valid,1052470,-2,True,
1,1,000022,1790193879.1796677,32609.0632563,69.70473629999833,candidate-measurement,100F29,valid,1052457,-13,True,
1,1,000022,1790193879.3870897,32609.2706786,69.91215860000011,candidate-measurement,100F23,valid,1052451,-6,True,
1,1,000022,1790193879.5790677,32609.4626572,70.10413719999997,candidate-measurement,100F20,valid,1052448,-3,True,
1,1,000022,1790193879.770657,32609.6542478,70.29572779999944,candidate-measurement,100F1E,valid,1052446,-2,True,
1,1,000022,1790193879.9626312,32609.8462212,70.48770119999972,candidate-measurement,100F1B,valid,1052443,-3,True,
1,1,000022,1790193880.1706285,32610.0542169,70.69569689999844,candidate-measurement,100F17,valid,1052439,-4,True,
1,1,000022,1790193880.3620448,32610.2456347,70.88711469999907,candidate-measurement,100F15,valid,1052437,-2,True,
1,1,000022,1790193880.5540574,32610.4376468,71.07912679999936,candidate-measurement,100F14,valid,1052436,-1,True,
1,1,000022,1790193880.7620347,32610.645623,71.28710299999875,candidate-measurement,100F12,valid,1052434,-2,True,
1,1,000022,1790193880.9535947,32610.8371857,71.47866569999678,candidate-measurement,100F12,valid,1052434,0,True,
1,1,000022,1790193881.1456077,32611.0291961,71.67067609999867,candidate-measurement,100F12,valid,1052434,0,True,
1,1,000022,1790193881.3535905,32611.2371806,71.87866059999942,candidate-measurement,100F11,valid,1052433,-1,True,
1,1,000022,1790193881.5456145,32611.4292037,72.07068369999979,candidate-measurement,100F10,valid,1052432,-1,True,
1,1,000022,1790193881.7369978,32611.6205873,72.26206729999831,candidate-measurement,100F0E,valid,1052430,-2,True,
1,1,000022,1790193881.9289808,32611.8125721,72.45405209999808,candidate-measurement,100F0E,valid,1052430,0,True,
1,1,000022,1790193882.1365707,32612.0201583,72.66163830000005,candidate-measurement,100F0C,valid,1052428,-2,True,
1,1,000022,1790193882.3285599,32612.2121488,72.85362879999957,candidate-measurement,100F0A,valid,1052426,-2,True,
1,1,000022,1790193882.5205586,32612.4041473,73.04562729999816,candidate-measurement,100F0A,valid,1052426,0,True,
1,1,000022,1790193882.7279649,32612.6115546,73.2530345999985,candidate-measurement,100F09,valid,1052425,-1,True,
1,1,000022,1790193882.9199529,32612.8035443,73.4450242999992,candidate-measurement,100F07,valid,1052423,-2,True,
1,1,000022,1790193883.1115317,32612.9951214,73.63660139999774,candidate-measurement,100F04,valid,1052420,-3,True,
1,1,000022,1790193883.3195305,32613.2031187,73.84459869999773,candidate-measurement,100F01,valid,1052417,-3,True,
1,1,000022,1790193883.5115285,32613.3951181,74.03659809999954,candidate-measurement,100EFF,valid,1052415,-2,True,
1,1,000022,1790193883.7035172,32613.5871071,74.22858709999855,candidate-measurement,100EFE,valid,1052414,-1,True,
1,1,000022,1790193883.9109561,32613.7945473,74.43602729999839,candidate-measurement,100EFC,valid,1052412,-2,True,
1,1,000022,1790193884.10293,32613.9865188,74.62799879999875,candidate-measurement,100EFB,valid,1052411,-1,True,
1,1,000022,1790193884.294511,32614.1780997,74.81957969999712,candidate-measurement,100EF9,valid,1052409,-2,True,
1,1,000022,1790193884.4864929,32614.3700818,75.01156179999816,candidate-measurement,100EF8,valid,1052408,-1,True,
1,1,000022,1790193884.694494,32614.5780842,75.21956419999697,candidate-measurement,100EF8,valid,1052408,0,True,
1,1,000022,1790193884.886466,32614.7700573,75.4115372999986,candidate-measurement,100EF8,valid,1052408,0,True,
1,1,000022,1790193885.0778894,32614.9614791,75.60295909999695,candidate-measurement,100EF8,valid,1052408,0,True,
1,1,000022,1790193885.2855165,32615.1691052,75.81058519999715,candidate-measurement,100EF7,valid,1052407,-1,True,
1,1,000022,1790193885.4774556,32615.3610458,76.0025257999987,candidate-measurement,100EF7,valid,1052407,0,True,
1,1,000022,1790193885.6694493,32615.5530402,76.1945201999988,candidate-measurement,100EF6,valid,1052406,-1,True,
1,1,000022,1790193885.8614502,32615.7450384,76.38651839999875,candidate-measurement,100EF4,valid,1052404,-2,True,
1,1,000022,1790193886.0688503,32615.9524413,76.59392129999833,candidate-measurement,100EF3,valid,1052403,-1,True,
1,1,000022,1790193886.260853,32616.1444419,76.78592189999836,candidate-measurement,100EF2,valid,1052402,-1,True,
1,1,000022,1790193886.4524374,32616.3360277,76.97750769999766,candidate-measurement,100EF2,valid,1052402,0,True,
1,1,000022,1790193886.660421,32616.544009,77.1854889999995,candidate-measurement,100EF2,valid,1052402,0,True,
1,1,000022,1790193886.8524277,32616.7360186,77.37749859999894,candidate-measurement,100EF2,valid,1052402,0,True,
1,1,000022,1790193887.0444038,32616.9279946,77.56947459999719,candidate-measurement,100EF1,valid,1052401,-1,True,
1,1,000022,1790193887.2518227,32617.135411,77.7768909999977,candidate-measurement,100EF1,valid,1052401,0,True,
1,1,000022,1790193887.4438148,32617.3274037,77.96888369999942,candidate-measurement,100EF1,valid,1052401,0,True,
1,1,000022,1790193887.6358109,32617.5194,78.16087999999945,candidate-measurement,100EF1,valid,1052401,0,True,
1,1,000022,1790193887.8273811,32617.7109714,78.35245139999824,candidate-measurement,100EEF,valid,1052399,-2,True,
1,1,000022,1790193888.035382,32617.918965,78.56044499999916,candidate-measurement,100EEF,valid,1052399,0,True,
1,1,000022,1790193888.2273753,32618.1109634,78.75244339999699,candidate-measurement,100EE7,valid,1052391,-8,True,
1,1,000022,1790193888.4188023,32618.3023903,78.9438702999978,candidate-measurement,100EE3,valid,1052387,-4,True,
1,1,000022,1790193888.6267724,32618.510362,79.1518419999993,candidate-measurement,100EE0,valid,1052384,-3,True,
1,1,000022,1790193888.8187678,32618.7023587,79.34383869999874,candidate-measurement,100EDF,valid,1052383,-1,True,
1,1,000022,1790193889.0103424,32618.8939334,79.5354133999972,candidate-measurement,100EDF,valid,1052383,0,True,
1,1,000022,1790193889.2183318,32619.1019206,79.74340059999668,candidate-measurement,100EDF,valid,1052383,0,True,
1,1,000022,1790193889.4257476,32619.3093376,79.95081759999812,candidate-measurement,100EDF,valid,1052383,0,True,
1,1,000022,1790193889.6177416,32619.5013311,80.14281109999865,candidate-measurement,100EDE,valid,1052382,-1,True,
1,1,000022,1790193889.8093202,32619.6929098,80.33438979999846,candidate-measurement,100EDA,valid,1052378,-4,True,
1,1,000022,1790193890.0013108,32619.8848996,80.52637959999993,candidate-measurement,100ECD,valid,1052365,-13,True,
1,1,000022,1790193890.1933131,32620.0769014,80.71838139999818,candidate-measurement,100EC9,valid,1052361,-4,True,
1,1,000022,1790193890.3853188,32620.268907,80.9103869999999,candidate-measurement,100EC6,valid,1052358,-3,True,
1,1,000022,1790193890.592778,32620.4763666,81.1178465999983,candidate-measurement,100EC4,valid,1052356,-2,True,
1,1,000022,1790193890.7847009,32620.6682918,81.309771799999,candidate-measurement,100EBF,valid,1052351,-5,True,
1,1,000022,1790193890.976288,32620.859876,81.50135599999703,candidate-measurement,100EB9,valid,1052345,-6,True,
1,1,000022,1790193891.1842825,32621.0678706,81.70935059999829,candidate-measurement,100EB8,valid,1052344,-1,True,
1,1,000022,1790193891.3762836,32621.2598718,81.90135179999925,candidate-measurement,100EB7,valid,1052343,-1,True,
1,1,000022,1790193891.5676808,32621.4512696,82.09274959999675,candidate-measurement,100EB6,valid,1052342,-1,True,
1,1,000022,1790193891.7596786,32621.6432668,82.2847468,candidate-measurement,100EB4,valid,1052340,-2,True,
1,1,000022,1790193891.9672499,32621.8508382,82.49231819999841,candidate-measurement,100EB3,valid,1052339,-1,True,
1,1,000022,1790193892.1592448,32622.042833,82.68431299999793,candidate-measurement,100EB0,valid,1052336,-3,True,
1,1,000022,1790193892.3512485,32622.2348379,82.87631789999796,candidate-measurement,100EB0,valid,1052336,0,True,
1,1,000022,1790193892.559233,32622.4428214,83.08430139999837,candidate-measurement,100EAF,valid,1052335,-1,True,
1,1,000022,1790193892.7506428,32622.6342327,83.2757126999968,candidate-measurement,100EAC,valid,1052332,-3,True,
1,1,000022,1790193892.9426372,32622.8262266,83.46770659999675,candidate-measurement,100EAA,valid,1052330,-2,True,
1,1,000022,1790193893.134631,32623.0182206,83.65970059999745,candidate-measurement,100EA8,valid,1052328,-2,True,
1,1,000022,1790193893.342209,32623.2257989,83.86727889999747,candidate-measurement,100EA6,valid,1052326,-2,True,
1,1,000022,1790193893.5341957,32623.4177845,84.0592644999997,candidate-measurement,100EA5,valid,1052325,-1,True,
1,1,000022,1790193893.7261899,32623.6097799,84.25125990000015,candidate-measurement,100EA4,valid,1052324,-1,True,
1,1,000022,1790193893.9336064,32623.8171945,84.45867449999787,candidate-measurement,100EA2,valid,1052322,-2,True,
1,1,000022,1790193894.1256015,32624.0091904,84.65067039999849,candidate-measurement,100EA1,valid,1052321,-1,True,
1,1,000022,1790193894.3171742,32624.2007627,84.84224269999686,candidate-measurement,100EA0,valid,1052320,-1,True,
1,1,000022,1790193894.5251656,32624.4087556,85.05023559999972,candidate-measurement,100E9E,valid,1052318,-2,True,
1,1,000022,1790193894.717172,32624.6007613,85.24224129999857,candidate-measurement,100E9E,valid,1052318,0,True,
1,1,000022,1790193894.9085693,32624.7921603,85.43364029999793,candidate-measurement,100E9E,valid,1052318,0,True,
1,1,000022,1790193895.1005652,32624.9841538,85.62563379999847,candidate-measurement,100E9E,valid,1052318,0,True,
1,1,000022,1790193895.3081434,32625.1917317,85.83321169999908,candidate-measurement,100E9E,valid,1052318,0,True,
1,1,000022,1790193895.500124,32625.3837148,86.02519479999683,candidate-measurement,100E9C,valid,1052316,-2,True,
1,1,000022,1790193895.6921284,32625.5757191,86.21719909999956,candidate-measurement,100E9C,valid,1052316,0,True,
1,1,000022,1790193895.9001236,32625.7837127,86.42519269999684,candidate-measurement,100E9B,valid,1052315,-1,True,
1,1,000022,1790193896.0915341,32625.9751245,86.61660449999908,candidate-measurement,100E9B,valid,1052315,0,True,
1,1,000022,1790193896.2835295,32626.1671182,86.8085981999975,candidate-measurement,100E99,valid,1052313,-2,True,
1,1,000022,1790193896.4911027,32626.3746922,87.01617219999753,candidate-measurement,100E98,valid,1052312,-1,True,
1,1,000022,1790193896.6830933,32626.5666825,87.20816249999916,candidate-measurement,100E98,valid,1052312,0,True,
1,1,000022,1790193896.8750935,32626.7586831,87.40016309999919,candidate-measurement,100E97,valid,1052311,-1,True,
1,1,000022,1790193897.0670767,32626.9506673,87.59214729999803,candidate-measurement,100E97,valid,1052311,0,True,
1,1,000022,1790193897.2744963,32627.1580854,87.79956539999694,candidate-measurement,100E97,valid,1052311,0,True,
1,1,000022,1790193897.466507,32627.3500976,87.99157759999798,candidate-measurement,100E97,valid,1052311,0,True,
1,1,000022,1790193897.6580675,32627.5416563,88.1831362999983,candidate-measurement,100E97,valid,1052311,0,True,
1,1,000022,1790193897.8660762,32627.749667,88.39114699999845,candidate-measurement,100E96,valid,1052310,-1,True,
1,1,000022,1790193898.0580423,32627.9416328,88.58311279999907,candidate-measurement,100E91,valid,1052305,-5,True,
1,1,000022,1790193898.2500446,32628.1336325,88.77511249999952,candidate-measurement,100E8A,valid,1052298,-7,True,
1,1,000022,1790193898.4574585,32628.3410468,88.9825267999986,candidate-measurement,100E88,valid,1052296,-2,True,
1,1,000022,1790193898.6494596,32628.5330486,89.17452859999685,candidate-measurement,100E86,valid,1052294,-2,True,
1,1,000022,1790193898.8414466,32628.7250346,89.36651459999848,candidate-measurement,100E85,valid,1052293,-1,True,
1,1,000022,1790193899.033022,32628.9166102,89.55809020000015,candidate-measurement,100E85,valid,1052293,0,True,
1,1,000022,1790193899.241035,32629.1246237,89.7661036999998,candidate-measurement,100E85,valid,1052293,0,True,
1,1,000022,1790193899.4330204,32629.3166093,89.95808929999839,candidate-measurement,100E85,valid,1052293,0,True,
1,1,000022,1790193899.624423,32629.508011,90.14949100000013,candidate-measurement,100E85,valid,1052293,0,True,
1,1,000022,1790193899.8324168,32629.7160069,90.35748689999673,candidate-measurement,100E84,valid,1052292,-1,True,
1,1,000022,1790193900.024,32629.9075882,90.54906819999815,candidate-measurement,100E81,valid,1052289,-3,True,
1,1,000022,1790193900.2159872,32630.0995756,90.74105559999953,candidate-measurement,100E73,valid,1052275,-14,True,
1,1,000022,1790193900.423987,32630.3075758,90.94905579999977,candidate-measurement,100E6E,valid,1052270,-5,True,
1,1,000022,1790193900.631976,32630.5155646,91.15704459999688,candidate-measurement,100E6B,valid,1052267,-3,True,
1,1,000022,1790193900.823378,32630.7069667,91.34844669999802,candidate-measurement,100E68,valid,1052264,-3,True,
1,1,000022,1790193901.0153844,32630.8989721,91.54045209999822,candidate-measurement,100E63,valid,1052259,-5,True,
1,1,000022,1790193901.206952,32631.0905408,91.73202079999828,candidate-measurement,100E60,valid,1052256,-3,True,
1,1,000022,1790193901.3989434,32631.2825334,91.92401339999924,candidate-measurement,100E5E,valid,1052254,-2,True,
1,1,000022,1790193901.5909348,32631.4745252,92.11600519999774,candidate-measurement,100E5C,valid,1052252,-2,True,
1,1,000022,1790193901.7989395,32631.6825276,92.32400760000019,candidate-measurement,100E5C,valid,1052252,0,True,
1,1,000022,1790193901.9903455,32631.8739356,92.51541559999896,candidate-measurement,100E5B,valid,1052251,-1,True,
1,1,000022,1790193902.1823459,32632.0659343,92.70741429999907,candidate-measurement,100E5A,valid,1052250,-1,True,
1,1,000022,1790193902.3899722,32632.2735619,92.91504189999978,candidate-measurement,100E57,valid,1052247,-3,True,
1,1,000022,1790193902.5819058,32632.4654962,93.106976199997,candidate-measurement,100E56,valid,1052246,-1,True,
1,1,000022,1790193902.7739055,32632.6574936,93.29897359999813,candidate-measurement,100E55,valid,1052245,-1,True,
1,1,000022,1790193902.9658933,32632.8494845,93.49096449999706,candidate-measurement,100E53,valid,1052243,-2,True,
1,1,000022,1790193903.1733153,32633.0569034,93.69838339999842,candidate-measurement,100E50,valid,1052240,-3,True,
1,1,000022,1790193903.3653157,32633.248906,93.89038599999913,candidate-measurement,100E4E,valid,1052238,-2,True,
1,1,000022,1790193903.5568705,32633.4404595,94.08193949999986,candidate-measurement,100E4B,valid,1052235,-3,True,
1,1,000022,1790193903.7648668,32633.6484569,94.28993689999697,candidate-measurement,100E4A,valid,1052234,-1,True,
1,1,000022,1790193903.9568636,32633.8404547,94.48193469999751,candidate-measurement,100E48,valid,1052232,-2,True,
1,1,000022,1790193904.148282,32634.0318711,94.6733510999984,candidate-measurement,100E46,valid,1052230,-2,True,
1,1,000022,1790193904.3562708,32634.2398597,94.88133969999762,candidate-measurement,100E45,valid,1052229,-1,True,
1,1,000022,1790193904.563873,32634.4474628,95.08894279999731,candidate-measurement,100E44,valid,1052228,-1,True,
1,1,000022,1790193904.7558331,32634.6394231,95.2809030999997,candidate-measurement,100E44,valid,1052228,0,True,
1,1,000022,1790193904.9478579,32634.8314121,95.47289209999872,candidate-measurement,100E44,valid,1052228,0,True,
1,1,000022,1790193905.1392438,32635.0228326,95.66431259999808,candidate-measurement,100E42,valid,1052226,-2,True,
1,1,000022,1790193905.3312535,32635.2148423,95.85632229999828,candidate-measurement,100E42,valid,1052226,0,True,
1,1,000022,1790193905.5232375,32635.4068261,96.04830609999772,candidate-measurement,100E42,valid,1052226,0,True,
1,1,000022,1790193905.7308216,32635.6144123,96.25589229999969,candidate-measurement,100E42,valid,1052226,0,True,
1,1,000022,1790193905.922826,32635.8064137,96.44789369999853,candidate-measurement,100E40,valid,1052224,-2,True,
1,1,000022,1790193906.1147954,32635.9983836,96.63986359999762,candidate-measurement,100E3E,valid,1052222,-2,True,
1,1,000022,1790193906.3067856,32636.1903743,96.83185429999867,candidate-measurement,100E3E,valid,1052222,0,True,
1,1,000022,1790193906.5141962,32636.3977862,97.03926619999766,candidate-measurement,100E3E,valid,1052222,0,True,
1,1,000022,1790193906.706189,32636.5897797,97.23125969999819,candidate-measurement,100E3D,valid,1052221,-1,True,
1,1,000022,1790193906.898182,32636.7817712,97.42325119999805,candidate-measurement,100E3D,valid,1052221,0,True,
1,1,000022,1790193907.1057637,32636.989354,97.6308339999996,candidate-measurement,100E3D,valid,1052221,0,True,
1,1,000022,1790193907.2977483,32637.1813375,97.82281749999675,candidate-measurement,100E3D,valid,1052221,0,True,
1,1,000022,1790193907.489749,32637.3733382,98.01481819999753,candidate-measurement,100E3D,valid,1052221,0,True,
1,1,000022,1790193907.6977417,32637.5813306,98.22281059999659,candidate-measurement,100E39,valid,1052217,-4,True,
1,1,000022,1790193907.889156,32637.7727457,98.4142256999985,candidate-measurement,100E32,valid,1052210,-7,True,
1,1,000022,1790193908.0811503,32637.9647387,98.60621869999886,candidate-measurement,100E2F,valid,1052207,-3,True,
1,1,000022,1790193908.2887242,32638.1723126,98.81379259999812,candidate-measurement,100E2C,valid,1052204,-3,True,
1,1,000022,1790193908.4807148,32638.3643046,99.00578459999815,candidate-measurement,100E2B,valid,1052203,-1,True,
1,1,000022,1790193908.6727173,32638.5563061,99.19778609999776,candidate-measurement,100E2B,valid,1052203,0,True,
1,1,000022,1790193908.8641276,32638.7477173,99.38919729999907,candidate-measurement,100E2B,valid,1052203,0,True,
1,1,000022,1790193909.0721197,32638.9557095,99.5971894999966,candidate-measurement,100E2B,valid,1052203,0,True,
1,1,000022,1790193909.26369,32639.1472785,99.78875849999895,candidate-measurement,100E28,valid,1052200,-3,True,
1,1,000022,1790193909.4556868,32639.3392746,99.98075459999745,candidate-measurement,100E1C,valid,1052188,-12,True,
1,1,000022,1790193909.663674,32639.5472625,100.18874249999863,candidate-measurement,100E16,valid,1052182,-6,True,
1,1,000022,1790193909.8550925,32639.7386823,100.38016229999994,candidate-measurement,100E14,valid,1052180,-2,True,
1,1,000022,1790193910.0471025,32639.9306905,100.57217049999963,candidate-measurement,100E12,valid,1052178,-2,True,
1,1,000022,1790193910.2390847,32640.1226728,100.76415279999856,candidate-measurement,100E10,valid,1052176,-2,True,
1,1,000022,1790193910.446655,32640.3302442,100.97172419999697,candidate-measurement,100E0E,valid,1052174,-2,True,
1,1,000022,1790193910.6386454,32640.5222358,101.16371579999759,candidate-measurement,100E0A,valid,1052170,-4,True,
1,1,000022,1790193910.830065,32640.713654,101.35513399999763,candidate-measurement,100E08,valid,1052168,-2,True,
1,1,000022,1790193911.0380545,32640.9216451,101.5631250999977,candidate-measurement,100E06,valid,1052166,-2,True,
1,1,000022,1790193911.2300553,32641.1136437,101.75512369999706,candidate-measurement,100E05,valid,1052165,-1,True,
1,1,000022,1790193911.4216192,32641.3052098,101.94668979999915,candidate-measurement,100E04,valid,1052164,-1,True,
1,1,000022,1790193911.62961,32641.5132007,102.1546806999977,candidate-measurement,100E04,valid,1052164,0,True,
1,1,000022,1790193911.8216076,32641.7051975,102.3466774999979,candidate-measurement,100E03,valid,1052163,-1,True,
1,1,000022,1790193912.0136037,32641.8971919,102.53867189999801,candidate-measurement,100E02,valid,1052162,-1,True,
1,1,000022,1790193912.2050178,32642.0886071,102.73008709999704,candidate-measurement,100E00,valid,1052160,-2,True,
1,1,000022,1790193912.413016,32642.2966046,102.93808459999855,candidate-measurement,100E00,valid,1052160,0,True,
1,1,000022,1790193912.6049995,32642.4885878,103.13006779999705,candidate-measurement,100DFE,valid,1052158,-2,True,
1,1,000022,1790193912.7965846,32642.6801726,103.32165259999965,candidate-measurement,100DFC,valid,1052156,-2,True,
1,1,000022,1790193913.0045824,32642.8881713,103.52965129999939,candidate-measurement,100DFC,valid,1052156,0,True,
1,1,000022,1790193913.1965654,32643.0801542,103.72163419999924,candidate-measurement,100DFA,valid,1052154,-2,True,
1,1,000022,1790193913.3879876,32643.2715774,103.91305739999734,candidate-measurement,100DF8,valid,1052152,-2,True,
1,1,000022,1790193913.5959814,32643.4795692,104.1210491999991,candidate-measurement,100DF6,valid,1052150,-2,True,
1,1,000022,1790193913.7879639,32643.6715543,104.31303429999753,candidate-measurement,100DF4,valid,1052148,-2,True,
1,1,000022,1790193913.979547,32643.8631356,104.50461559999894,candidate-measurement,100DF2,valid,1052146,-2,True,
1,1,000022,1790193914.1715474,32644.0551363,104.69661629999973,candidate-measurement,100DF1,valid,1052145,-1,True,
1,1,000022,1790193914.379528,32644.2631165,104.90459649999684,candidate-measurement,100DF1,valid,1052145,0,True,
1,1,000022,1790193914.5715165,32644.4551052,105.09658519999721,candidate-measurement,100DF0,valid,1052144,-1,True,
1,1,000022,1790193914.762933,32644.6465238,105.28800379999666,candidate-measurement,100DEE,valid,1052142,-2,True,
1,1,000022,1790193914.9709258,32644.8545162,105.49599619999935,candidate-measurement,100DEC,valid,1052140,-2,True,
1,1,000022,1790193915.1629286,32645.0465166,105.68799659999786,candidate-measurement,100DEA,valid,1052138,-2,True,
1,1,000022,1790193915.354512,32645.2381008,105.87958079999953,candidate-measurement,100DEA,valid,1052138,0,True,
1,1,000022,1790193915.5624855,32645.446075,106.08755499999825,candidate-measurement,100DEA,valid,1052138,0,True,
1,1,000022,1790193915.7699215,32645.6535101,106.29499009999927,candidate-measurement,100DE8,valid,1052136,-2,True,
1,1,000022,1790193915.9618883,32645.8454785,106.48695849999785,candidate-measurement,100DE8,valid,1052136,0,True,
1,1,000022,1790193916.153891,32646.0374793,106.6789592999994,candidate-measurement,100DE7,valid,1052135,-1,True,
1,1,000022,1790193916.3454618,32646.2290512,106.87053119999837,candidate-measurement,100DE6,valid,1052134,-1,True,
1,1,000022,1790193916.5374527,32646.421044,107.06252399999721,candidate-measurement,100DE4,valid,1052132,-2,True,
1,1,000022,1790193916.728866,32646.6124571,107.25393709999844,candidate-measurement,100DE4,valid,1052132,0,True,
1,1,000022,1790193916.9368627,32646.8204534,107.46193339999809,candidate-measurement,100DE3,valid,1052131,-1,True,
1,1,000022,1790193917.128438,32647.0120261,107.6535060999995,candidate-measurement,100DE3,valid,1052131,0,True,
1,1,000022,1790193917.3204446,32647.2040333,107.84551329999886,candidate-measurement,100DE3,valid,1052131,0,True,
1,1,000022,1790193917.5284193,32647.4120097,108.05348969999977,candidate-measurement,100DE3,valid,1052131,0,True,
1,1,000022,1790193917.7358327,32647.6194227,108.26090269999986,candidate-measurement,100DE3,valid,1052131,0,True,
1,1,000022,1790193917.9278367,32647.8114252,108.4529051999998,candidate-measurement,100DE1,valid,1052129,-2,True,
1,1,000022,1790193918.1198347,32648.0034231,108.64490309999746,candidate-measurement,100DD8,valid,1052120,-9,True,
1,1,000022,1790193918.3114033,32648.1949919,108.83647189999829,candidate-measurement,100DD4,valid,1052116,-4,True,
1,1,000022,1790193918.5033875,32648.3869775,109.02845749999688,candidate-measurement,100DD2,valid,1052114,-2,True,
1,1,000022,1790193918.6953874,32648.5789765,109.22045649999927,candidate-measurement,100DD1,valid,1052113,-1,True,
1,1,000022,1790193918.9028015,32648.7863914,109.42787139999928,candidate-measurement,100DD1,valid,1052113,0,True,
1,1,000022,1790193919.0947945,32648.9783848,109.61986479999905,candidate-measurement,100DD1,valid,1052113,0,True,
1,1,000022,1790193919.2863712,32649.1699601,109.81144009999844,candidate-measurement,100DD1,valid,1052113,0,True,
1,1,000022,1790193919.4943526,32649.3779416,110.01942159999817,candidate-measurement,100DCF,valid,1052111,-2,True,
1,1,000022,1790193919.686362,32649.5699533,110.21143329999904,candidate-measurement,100DCF,valid,1052111,0,True,
1,1,000022,1790193919.8783488,32649.76194,110.40341999999873,candidate-measurement,100DCC,valid,1052108,-3,True,
1,1,000022,1790193920.0697608,32649.9533513,110.59483129999717,candidate-measurement,100DBE,valid,1052094,-14,True,
1,1,000022,1790193920.2777565,32650.1613447,110.8028247000002,candidate-measurement,100DBA,valid,1052090,-4,True,
1,1,000022,1790193920.4693308,32650.352919,110.99439899999925,candidate-measurement,100DB7,valid,1052087,-3,True,
1,1,000022,1790193920.6613212,32650.5449119,111.18639189999885,candidate-measurement,100DB4,valid,1052084,-3,True,
1,1,000022,1790193920.8693147,32650.752903,111.39438299999892,candidate-measurement,100DAE,valid,1052078,-6,True,
1,1,000022,1790193921.0613143,32650.9449033,111.58638329999667,candidate-measurement,100DAA,valid,1052074,-4,True,
1,1,000022,1790193921.2527301,32651.1363184,111.77779839999857,candidate-measurement,100DA9,valid,1052073,-1,True,
1,1,000022,1790193921.4611702,32651.3447578,111.9862377999998,candidate-measurement,100DA7,valid,1052071,-2,True,
1,1,000022,1790193921.65271,32651.5362982,112.17777819999901,candidate-measurement,100DA6,valid,1052070,-1,True,
1,1,000022,1790193921.844298,32651.7278891,112.36936909999713,candidate-measurement,100DA4,valid,1052068,-2,True,
1,1,000022,1790193922.0362816,32651.9198698,112.56134979999842,candidate-measurement,100DA2,valid,1052066,-2,True,
1,1,000022,1790193922.243709,32652.1272972,112.76877719999902,candidate-measurement,100DA2,valid,1052066,0,True,
1,1,000022,1790193922.4356854,32652.3192758,112.96075579999888,candidate-measurement,100DA0,valid,1052064,-2,True,
1,1,000022,1790193922.6276762,32652.5112669,113.15274689999933,candidate-measurement,100D9D,valid,1052061,-3,True,
1,1,000022,1790193922.8356595,32652.7192506,113.36073059999762,candidate-measurement,100D9B,valid,1052059,-2,True,
1,1,000022,1790193923.0272472,32652.9108354,113.55231540000023,candidate-measurement,100D9A,valid,1052058,-1,True,
1,1,000022,1790193923.2192442,32653.1028329,113.74431289999848,candidate-measurement,100D98,valid,1052056,-2,True,
1,1,000022,1790193923.4266832,32653.3102736,113.95175359999848,candidate-measurement,100D97,valid,1052055,-1,True,
1,1,000022,1790193923.6186454,32653.5022353,114.14371529999698,candidate-measurement,100D96,valid,1052054,-1,True,
1,1,000022,1790193923.8106427,32653.6942313,114.33571129999837,candidate-measurement,100D94,valid,1052052,-2,True,
1,1,000022,1790193924.002207,32653.8857976,114.52727759999834,candidate-measurement,100D92,valid,1052050,-2,True,
1,1,000022,1790193924.2102063,32654.0937942,114.73527419999664,candidate-measurement,100D90,valid,1052048,-2,True,
1,1,000022,1790193924.4021964,32654.2857865,114.92726649999895,candidate-measurement,100D90,valid,1052048,0,True,
1,1,000022,1790193924.5941927,32654.4777818,115.11926179999864,candidate-measurement,100D90,valid,1052048,0,True,
1,1,000022,1790193924.8016012,32654.6851906,115.32667059999949,candidate-measurement,100D8E,valid,1052046,-2,True,
1,1,000022,1790193924.9936054,32654.8771939,115.51867389999825,candidate-measurement,100D8E,valid,1052046,0,True,
1,1,000022,1790193925.185603,32655.0691913,115.71067129999938,candidate-measurement,100D8E,valid,1052046,0,True,
1,1,000022,1790193925.3771677,32655.2607576,115.90223759999935,candidate-measurement,100D8D,valid,1052045,-1,True,
1,1,000022,1790193925.5851655,32655.4687547,116.11023469999782,candidate-measurement,100D8B,valid,1052043,-2,True,
1,1,000022,1790193925.7771578,32655.6607482,116.30222819999835,candidate-measurement,100D8A,valid,1052042,-1,True,
1,1,000022,1790193925.9685855,32655.8521758,116.49365579999721,candidate-measurement,100D8A,valid,1052042,0,True,
1,1,000022,1790193926.1765826,32656.0601705,116.70165049999923,candidate-measurement,100D8A,valid,1052042,0,True,
1,1,000022,1790193926.3685622,32656.2521509,116.89363089999824,candidate-measurement,100D89,valid,1052041,-1,True,
1,1,000022,1790193926.560127,32656.443717,117.0851969999967,candidate-measurement,100D89,valid,1052041,0,True,
1,1,000022,1790193926.7681258,32656.6517148,117.29319479999685,candidate-measurement,100D89,valid,1052041,0,True,
1,1,000022,1790193926.9595342,32656.8431251,117.48460509999859,candidate-measurement,100D89,valid,1052041,0,True,
1,1,000022,1790193927.151539,32657.0351275,117.67660749999777,candidate-measurement,100D89,valid,1052041,0,True,
1,1,000022,1790193927.3431067,32657.2266966,117.86817659999724,candidate-measurement,100D85,valid,1052037,-4,True,
1,1,000022,1790193927.5511007,32657.434691,118.07617099999698,candidate-measurement,100D7E,valid,1052030,-7,True,
1,1,000022,1790193927.7430933,32657.6266844,118.26816439999675,candidate-measurement,100D7B,valid,1052027,-3,True,
1,1,000022,1790193927.9350913,32657.8186806,118.46016059999965,candidate-measurement,100D78,valid,1052024,-3,True,
1,1,000022,1790193928.142496,32658.0260839,118.66756389999864,candidate-measurement,100D78,valid,1052024,0,True,
1,1,000022,1790193928.3344984,32658.2180874,118.85956739999892,candidate-measurement,100D77,valid,1052023,-1,True,
1,1,000022,1790193928.5260644,32658.4096543,119.05113429999983,candidate-measurement,100D77,valid,1052023,0,True,
1,1,000022,1790193928.7340627,32658.6176538,119.25913379999838,candidate-measurement,100D77,valid,1052023,0,True,
1,1,000022,1790193928.9260502,32658.8096394,119.45111939999697,candidate-measurement,100D76,valid,1052022,-1,True,
1,1,000022,1790193929.1174905,32659.0010797,119.64255969999795,candidate-measurement,100D73,valid,1052019,-3,True,
1,1,000022,1790193929.3094647,32659.193054,119.8345339999978,candidate-measurement,100D68,valid,1052008,-11,True,
1,1,000022,1790193929.5170984,32659.4006892,120.04216919999817,candidate-measurement,100D63,valid,1052003,-5,True,
1,1,000022,1790193929.7090292,32659.5926182,120.2340981999987,candidate-measurement,100D60,valid,1052000,-3,True,
1,1,000022,1790193929.9010315,32659.7846224,120.42610239999703,candidate-measurement,100D5E,valid,1051998,-2,True,
1,1,000022,1790193930.1084352,32659.9920244,120.63350439999704,candidate-measurement,100D5B,valid,1051995,-3,True,
1,1,000022,1790193930.3004272,32660.1840163,120.82549629999994,candidate-measurement,100D58,valid,1051992,-3,True,
1,1,000022,1790193930.492429,32660.376018,121.01749799999743,candidate-measurement,100D57,valid,1051991,-1,True,
1,1,000022,1790193930.7000265,32660.5836173,121.22509729999729,candidate-measurement,100D54,valid,1051988,-3,True,
1,1,000022,1790193930.8919866,32660.7755778,121.41705779999756,candidate-measurement,100D52,valid,1051986,-2,True,
1,1,000022,1790193931.0839877,32660.967576,121.60905599999751,candidate-measurement,100D51,valid,1051985,-1,True,
1,1,000022,1790193931.2754066,32661.1589949,121.80047489999924,candidate-measurement,100D50,valid,1051984,-1,True,
1,1,000022,1790193931.4833908,32661.3669803,122.00846029999957,candidate-measurement,100D50,valid,1051984,0,True,
1,1,000022,1790193931.6749663,32661.5585565,122.20003649999853,candidate-measurement,100D4F,valid,1051983,-1,True,
1,1,000022,1790193931.8669553,32661.7505466,122.39202659999864,candidate-measurement,100D4E,valid,1051982,-1,True,
1,1,000022,1790193932.074964,32661.9585544,122.60003439999855,candidate-measurement,100D4C,valid,1051980,-2,True,
1,1,000022,1790193932.26695,32662.1505382,122.79201819999798,candidate-measurement,100D4B,valid,1051979,-1,True,
1,1,000022,1790193932.4583633,32662.3419541,122.9834340999987,candidate-measurement,100D49,valid,1051977,-2,True,
1,1,000022,1790193932.6663675,32662.5499582,123.19143819999954,candidate-measurement,100D47,valid,1051975,-2,True,
1,1,000022,1790193932.8739245,32662.7575161,123.39899609999702,candidate-measurement,100D47,valid,1051975,0,True,
1,1,000022,1790193933.0659177,32662.9495068,123.59098679999806,candidate-measurement,100D47,valid,1051975,0,True,
1,1,000022,1790193933.2579207,32663.1415089,123.7829888999986,candidate-measurement,100D44,valid,1051972,-3,True,
1,1,000022,1790193933.449908,32663.333498,123.97497799999837,candidate-measurement,100D41,valid,1051969,-3,True,
1,1,000022,1790193933.6413138,32663.5249044,124.16638439999952,candidate-measurement,100D3D,valid,1051965,-4,True,
1,1,000022,1790193933.8333154,32663.7169044,124.35838439999861,candidate-measurement,100D3B,valid,1051963,-2,True,
1,1,000022,1790193934.0409257,32663.924516,124.56599599999754,candidate-measurement,100D39,valid,1051961,-2,True,
1,1,000022,1790193934.232887,32664.1164756,124.75795559999824,candidate-measurement,100D37,valid,1051959,-2,True,
1,1,000022,1790193934.424892,32664.308482,124.94996199999878,candidate-measurement,100D36,valid,1051958,-1,True,
1,1,000022,1790193934.6322873,32664.5158757,125.15735569999742,candidate-measurement,100D36,valid,1051958,0,True,
1,1,000022,1790193934.8242893,32664.7078783,125.34935829999813,candidate-measurement,100D36,valid,1051958,0,True,
1,1,000022,1790193935.0158627,32664.899452,125.54093199999988,candidate-measurement,100D35,valid,1051957,-1,True,
1,1,000022,1790193935.207861,32665.091449,125.73292899999797,candidate-measurement,100D35,valid,1051957,0,True,
1,1,000022,1790193935.4158456,32665.2994366,125.94091659999685,candidate-measurement,100D34,valid,1051956,-1,True,
1,1,000022,1790193935.607267,32665.4908547,126.13233469999977,candidate-measurement,100D32,valid,1051954,-2,True,
1,1,000022,1790193935.799257,32665.6828473,126.3243272999971,candidate-measurement,100D31,valid,1051953,-1,True,
1,1,000022,1790193936.0068293,32665.8904177,126.53189769999881,candidate-measurement,100D30,valid,1051952,-1,True,
1,1,000022,1790193936.1988275,32666.0824169,126.72389689999909,candidate-measurement,100D30,valid,1051952,0,True,
1,1,000022,1790193936.3908188,32666.2744068,126.91588679999768,candidate-measurement,100D30,valid,1051952,0,True,
1,1,000022,1790193936.5987947,32666.4823866,127.12386659999902,candidate-measurement,100D2F,valid,1051951,-1,True,
1,1,000022,1790193936.7907982,32666.6743884,127.31586839999727,candidate-measurement,100D2F,valid,1051951,0,True,
1,1,000022,1790193936.9822161,32666.8658073,127.507287299999,candidate-measurement,100D2F,valid,1051951,0,True,
1,1,000022,1790193937.1742375,32667.0578262,127.69930620000014,candidate-measurement,100D2F,valid,1051951,0,True,
1,1,000022,1790193937.3817816,32667.2653695,127.90684949999923,candidate-measurement,100D2F,valid,1051951,0,True,
1,1,000022,1790193937.5737684,32667.4573592,128.09883919999993,candidate-measurement,100D2F,valid,1051951,0,True,
1,1,000022,1790193937.7657735,32667.649362,128.29084199999852,candidate-measurement,100D2E,valid,1051950,-1,True,
1,1,000022,1790193937.9737797,32667.8573683,128.49884829999792,candidate-measurement,100D26,valid,1051942,-8,True,
1,1,000022,1790193938.1651847,32668.0487724,128.69025239999974,candidate-measurement,100D22,valid,1051938,-4,True,
1,1,000022,1790193938.3567476,32668.2403362,128.88181619999887,candidate-measurement,100D1F,valid,1051935,-3,True,
1,1,000022,1790193938.5647376,32668.4483271,129.08980709999742,candidate-measurement,100D1E,valid,1051934,-1,True,
1,1,000022,1790193938.7567368,32668.6403272,129.28180719999727,candidate-measurement,100D1D,valid,1051933,-1,True,
1,1,000022,1790193938.948155,32668.8317444,129.47322439999698,candidate-measurement,100D1D,valid,1051933,0,True,
1,1,000022,1790193939.1401558,32669.023744,129.66522399999667,candidate-measurement,100D1D,valid,1051933,0,True,
1,1,000022,1790193939.3481355,32669.2317251,129.873205099997,candidate-measurement,100D1D,valid,1051933,0,True,
1,1,000022,1790193939.5397103,32669.4233,130.06477999999697,candidate-measurement,100D1B,valid,1051931,-2,True,
1,1,000022,1790193939.7317114,32669.6153007,130.25678069999776,candidate-measurement,100D19,valid,1051929,-2,True,
1,1,000022,1790193939.9397018,32669.8232895,130.4647694999985,candidate-measurement,100D0C,valid,1051916,-13,True,
1,1,000022,1790193940.1311154,32670.0147042,130.65618419999737,candidate-measurement,100D07,valid,1051911,-5,True,
1,1,000022,1790193940.3231094,32670.206698,130.8481780000002,candidate-measurement,100D04,valid,1051908,-3,True,
1,1,000022,1790193940.515099,32670.3986894,131.0401693999993,candidate-measurement,100D02,valid,1051906,-2,True,
1,1,000022,1790193940.7226765,32670.6062662,131.2477461999988,candidate-measurement,100CFE,valid,1051902,-4,True,
1,1,000022,1790193940.9146657,32670.7982563,131.4397362999989,candidate-measurement,100CF9,valid,1051897,-5,True,
1,1,000022,1790193941.1066723,32670.9902615,131.6317414999976,candidate-measurement,100CF6,valid,1051894,-3,True,
1,1,000022,1790193941.3140924,32671.1976812,131.83916119999776,candidate-measurement,100CF5,valid,1051893,-1,True,
1,1,000022,1790193941.5060656,32671.3896546,132.03113459999804,candidate-measurement,100CF4,valid,1051892,-1,True,
1,1,000022,1790193941.6980593,32671.5816504,132.2231303999979,candidate-measurement,100CF2,valid,1051890,-2,True,
1,1,000022,1790193941.9056356,32671.7892239,132.43070389999775,candidate-measurement,100CF1,valid,1051889,-1,True,
1,1,000022,1790193942.097633,32671.981223,132.62270299999727,candidate-measurement,100CEE,valid,1051886,-3,True,
1,1,000022,1790193942.2896256,32672.1732138,132.81469379999908,candidate-measurement,100CED,valid,1051885,-1,True,
1,1,000022,1790193942.4810386,32672.3646288,133.00610880000022,candidate-measurement,100CEA,valid,1051882,-3,True,
1,1,000022,1790193942.689049,32672.572637,133.21411699999953,candidate-measurement,100CE8,valid,1051880,-2,True,
1,1,000022,1790193942.8806338,32672.764222,133.40570200000002,candidate-measurement,100CE6,valid,1051878,-2,True,
1,1,000022,1790193943.0726085,32672.9561998,133.59767979999742,candidate-measurement,100CE4,valid,1051876,-2,True,
1,1,000022,1790193943.2805948,32673.1641833,133.80566329999783,candidate-measurement,100CE3,valid,1051875,-1,True,
1,1,000022,1790193943.472008,32673.3555981,133.99707809999745,candidate-measurement,100CE3,valid,1051875,0,True,
1,1,000022,1790193943.6639996,32673.5475908,134.18907079999917,candidate-measurement,100CE2,valid,1051874,-1,True,
1,1,000022,1790193943.8715785,32673.7551662,134.39664619999894,candidate-measurement,100CE0,valid,1051872,-2,True,
1,1,000022,1790193944.063566,32673.9471555,134.5886354999966,candidate-measurement,100CDE,valid,1051870,-2,True,
1,1,000022,1790193944.2555664,32674.1391546,134.78063459999976,candidate-measurement,100CDC,valid,1051868,-2,True,
1,1,000022,1790193944.4469817,32674.3305701,134.97205009999743,candidate-measurement,100CDC,valid,1051868,0,True,
1,1,000022,1790193944.6549683,32674.5385568,135.18003679999674,candidate-measurement,100CDC,valid,1051868,0,True,
1,1,000022,1790193944.8469675,32674.7305568,135.37203679999948,candidate-measurement,100CDB,valid,1051867,-1,True,
1,1,000022,1790193945.0385373,32674.922126,135.5636059999997,candidate-measurement,100CDB,valid,1051867,0,True,
1,1,000022,1790193945.2465484,32675.1301367,135.77161669999987,candidate-measurement,100CDA,valid,1051866,-1,True,
1,1,000022,1790193945.4379513,32675.3215393,135.96301929999754,candidate-measurement,100CD8,valid,1051864,-2,True,
1,1,000022,1790193945.6299436,32675.5135318,136.15501179999774,candidate-measurement,100CD7,valid,1051863,-1,True,
1,1,000022,1790193945.8375127,32675.721102,136.36258199999793,candidate-measurement,100CD6,valid,1051862,-1,True,
1,1,000022,1790193946.0295043,32675.9130921,136.55457209999804,candidate-measurement,100CD6,valid,1051862,0,True,
1,1,000022,1790193946.2215023,32676.1050907,136.7465706999974,candidate-measurement,100CD6,valid,1051862,0,True,
1,1,000022,1790193946.4289393,32676.3125285,136.95400849999714,candidate-measurement,100CD5,valid,1051861,-1,True,
1,1,000022,1790193946.6209095,32676.5044982,137.14597819999835,candidate-measurement,100CD5,valid,1051861,0,True,
1,1,000022,1790193946.8124776,32676.6960687,137.33754869999757,candidate-measurement,100CD5,valid,1051861,0,True,
1,1,000022,1790193947.0044708,32676.8880606,137.52954059999684,candidate-measurement,100CD5,valid,1051861,0,True,
1,1,000022,1790193947.2124832,32677.0960722,137.7375522000002,candidate-measurement,100CD5,valid,1051861,0,True,
1,1,000022,1790193947.404463,32677.2880521,137.92953209999905,candidate-measurement,100CD5,valid,1051861,0,True,
1,1,000022,1790193947.5958686,32677.4794597,138.12093969999842,candidate-measurement,100CD4,valid,1051860,-1,True,
1,1,000022,1790193947.8038652,32677.6874563,138.3289362999967,candidate-measurement,100CCA,valid,1051850,-10,True,
1,1,000022,1790193947.9954357,32677.8790262,138.52050619999864,candidate-measurement,100CC6,valid,1051846,-4,True,
1,1,000022,1790193948.1874385,32678.0710268,138.71250679999866,candidate-measurement,100CC4,valid,1051844,-2,True,
1,1,000022,1790193948.3794558,32678.2630437,138.90452369999912,candidate-measurement,100CC3,valid,1051843,-1,True,
1,1,000022,1790193948.5874212,32678.4710108,139.11249079999834,candidate-measurement,100CC3,valid,1051843,0,True,
1,1,000022,1790193948.7788494,32678.6624404,139.30392039999788,candidate-measurement,100CC3,valid,1051843,0,True,
1,1,000022,1790193948.9708264,32678.8544177,139.49589769999875,candidate-measurement,100CC3,valid,1051843,0,True,
1,1,000022,1790193949.1788206,32679.0624088,139.70388879999882,candidate-measurement,100CC1,valid,1051841,-2,True,
1,1,000022,1790193949.370395,32679.2539845,139.89546449999762,candidate-measurement,100CC1,valid,1051841,0,True,
1,1,000022,1790193949.5624194,32679.4460096,140.08748959999866,candidate-measurement,100CB9,valid,1051833,-8,True,
1,1,000022,1790193949.770383,32679.6539742,140.29545419999704,candidate-measurement,100CB0,valid,1051824,-9,True,
1,1,000022,1790193949.9777944,32679.8613836,140.50286359999882,candidate-measurement,100CAC,valid,1051820,-4,True,
1,1,000022,1790193950.1697915,32680.0533798,140.69485979999808,candidate-measurement,100CA9,valid,1051817,-3,True,
1,1,000022,1790193950.3613632,32680.2449534,140.88643339999908,candidate-measurement,100CA6,valid,1051814,-3,True,
1,1,000022,1790193950.5533538,32680.4369439,141.0784238999986,candidate-measurement,100CA2,valid,1051810,-4,True,
1,1,000022,1790193950.7453556,32680.6289442,141.27042419999998,candidate-measurement,100C9E,valid,1051806,-4,True,
1,1,000022,1790193950.9367628,32680.820352,141.46183199999723,candidate-measurement,100C9C,valid,1051804,-2,True,
1,1,000022,1790193951.1447809,32681.028368,141.66984799999773,candidate-measurement,100C9B,valid,1051803,-1,True,
1,1,000022,1790193951.3363364,32681.2199242,141.8614041999972,candidate-measurement,100C9A,valid,1051802,-1,True,
1,1,000022,1790193951.5283287,32681.4119189,142.0533988999996,candidate-measurement,100C98,valid,1051800,-2,True,
1,1,000022,1790193951.7363205,32681.6199093,142.26138929999797,candidate-measurement,100C97,valid,1051799,-1,True,
1,1,000022,1790193951.927726,32681.8113171,142.45279709999886,candidate-measurement,100C94,valid,1051796,-3,True,
1,1,000022,1790193952.119732,32682.0033212,142.64480120000007,candidate-measurement,100C93,valid,1051795,-1,True,
1,1,000022,1790193952.3113036,32682.1948933,142.83637329999692,candidate-measurement,100C90,valid,1051792,-3,True,
1,1,000022,1790193952.519356,32682.4029441,143.04442409999683,candidate-measurement,100C8E,valid,1051790,-2,True,
1,1,000022,1790193952.7107096,32682.5942998,143.23577979999754,candidate-measurement,100C8A,valid,1051786,-4,True,
1,1,000022,1790193952.9026968,32682.7862883,143.42776830000003,candidate-measurement,100C89,valid,1051785,-1,True,
1,1,000022,1790193953.1106954,32682.9942837,143.6357637000001,candidate-measurement,100C87,valid,1051783,-2,True,
1,1,000022,1790193953.3022704,32683.1858585,143.8273384999993,candidate-measurement,100C85,valid,1051781,-2,True,
1,1,000022,1790193953.4942684,32683.3778571,144.01933709999867,candidate-measurement,100C83,valid,1051779,-2,True,
1,1,000022,1790193953.7022636,32683.5858545,144.22733449999942,candidate-measurement,100C82,valid,1051778,-1,True,
1,1,000022,1790193953.8942447,32683.7778356,144.41931560000012,candidate-measurement,100C82,valid,1051778,0,True,
1,1,000022,1790193954.0856638,32683.9692521,144.61073209999813,candidate-measurement,100C82,valid,1051778,0,True,
1,1,000022,1790193954.2776613,32684.1612497,144.80272969999714,candidate-measurement,100C80,valid,1051776,-2,True,
1,1,000022,1790193954.4852257,32684.3688151,145.01029509999717,candidate-measurement,100C80,valid,1051776,0,True,
1,1,000022,1790193954.6772225,32684.5608135,145.20229349999863,candidate-measurement,100C80,valid,1051776,0,True,
1,1,000022,1790193954.8686538,32684.7522448,145.3937248000002,candidate-measurement,100C7E,valid,1051774,-2,True,
1,1,000022,1790193955.0766284,32684.9602178,145.60169779999705,candidate-measurement,100C7C,valid,1051772,-2,True,
1,1,000022,1790193955.2682061,32685.1517948,145.79327479999847,candidate-measurement,100C7C,valid,1051772,0,True,
1,1,000022,1790193955.4602158,32685.3438042,145.98528420000002,candidate-measurement,100C7B,valid,1051771,-1,True,
1,1,000022,1790193955.6681914,32685.5517819,146.19326189999992,candidate-measurement,100C7B,valid,1051771,0,True,
1,1,000022,1790193955.8596065,32685.7431952,146.38467519999904,candidate-measurement,100C7B,valid,1051771,0,True,
1,1,000022,1790193956.051602,32685.935191,146.5766709999989,candidate-measurement,100C7B,valid,1051771,0,True,
1,1,000022,1790193956.243175,32686.1267635,146.7682434999988,candidate-measurement,100C7B,valid,1051771,0,True,
1,1,000022,1790193956.4511662,32686.334756,146.9762359999986,candidate-measurement,100C7A,valid,1051770,-1,True,
1,1,000022,1790193956.6431668,32686.5267548,147.16823479999948,candidate-measurement,100C74,valid,1051764,-6,True,
1,1,000022,1790193956.835167,32686.718758,147.36023799999748,candidate-measurement,100C6D,valid,1051757,-7,True,
1,1,000022,1790193957.0425653,32686.926156,147.56763599999977,candidate-measurement,100C6A,valid,1051754,-3,True,
1,1,000022,1790193957.2345645,32687.1181529,147.7596328999971,candidate-measurement,100C69,valid,1051753,-1,True,
1,1,000022,1790193957.4265547,32687.3101457,147.95162569999957,candidate-measurement,100C69,valid,1051753,0,True,
1,1,000022,1790193957.634549,32687.5181378,148.15961779999998,candidate-measurement,100C69,valid,1051753,0,True,
1,1,000022,1790193957.8421211,32687.7257122,148.3671921999994,candidate-measurement,100C67,valid,1051751,-2,True,
1,1,000022,1790193958.0341086,32687.9176973,148.55917729999783,candidate-measurement,100C64,valid,1051748,-3,True,
1,1,000022,1790193958.226115,32688.1097038,148.75118379999913,candidate-measurement,100C57,valid,1051735,-13,True,
1,1,000022,1790193958.4175422,32688.3011316,148.9426115999995,candidate-measurement,100C53,valid,1051731,-4,True,
1,1,000022,1790193958.6095233,32688.4931118,149.134591799997,candidate-measurement,100C50,valid,1051728,-3,True,
1,1,000022,1790193958.8015118,32688.6850996,149.32657959999779,candidate-measurement,100C4E,valid,1051726,-2,True,
1,1,000022,1790193959.009093,32688.8926813,149.53416129999823,candidate-measurement,100C4A,valid,1051722,-4,True,
1,1,000022,1790193959.20108,32689.0846682,149.72614819999944,candidate-measurement,100C47,valid,1051719,-3,True,
1,1,000022,1790193959.3930712,32689.2766612,149.9181411999998,candidate-measurement,100C45,valid,1051717,-2,True,
1,1,000022,1790193959.5850673,32689.468657,150.11013699999967,candidate-measurement,100C43,valid,1051715,-2,True,
1,1,000022,1790193959.7924848,32689.6760752,150.31755519999933,candidate-measurement,100C43,valid,1051715,0,True,
1,1,000022,1790193959.9844782,32689.8680668,150.50954679999995,candidate-measurement,100C43,valid,1051715,0,True,
1,1,000022,1790193960.1764724,32690.0600606,150.70154059999913,candidate-measurement,100C42,valid,1051714,-1,True,
1,1,000022,1790193960.38404,32690.2676304,150.90911039999992,candidate-measurement,100C40,valid,1051712,-2,True,
1,1,000022,1790193960.5760438,32690.4596336,151.10111359999792,candidate-measurement,100C40,valid,1051712,0,True,
1,1,000022,1790193960.7680316,32690.6516207,151.293100699997,candidate-measurement,100C3F,valid,1051711,-1,True,
1,1,000022,1790193960.9754434,32690.859032,151.5005119999987,candidate-measurement,100C3D,valid,1051709,-2,True,
1,1,000022,1790193961.167445,32691.0510335,151.6925134999983,candidate-measurement,100C3A,valid,1051706,-3,True,
1,1,000022,1790193961.3590035,32691.2425923,151.8840722999994,candidate-measurement,100C38,valid,1051704,-2,True,
1,1,000022,1790193961.5669978,32691.4505879,152.09206789999735,candidate-measurement,100C34,valid,1051700,-4,True,
1,1,000022,1790193961.7589898,32691.6425788,152.2840587999999,candidate-measurement,100C2F,valid,1051695,-5,True,
1,1,000022,1790193961.9509897,32691.834581,152.47606099999757,candidate-measurement,100C2C,valid,1051692,-3,True,
1,1,000022,1790193962.1424062,32692.0259944,152.66747439999745,candidate-measurement,100C29,valid,1051689,-3,True,
1,1,000022,1790193962.3500357,32692.2336239,152.87510389999807,candidate-measurement,100C28,valid,1051688,-1,True,
1,1,000022,1790193962.5419683,32692.4255566,153.06703659999766,candidate-measurement,100C26,valid,1051686,-2,True,
1,1,000022,1790193962.7339616,32692.6175522,153.25903219999964,candidate-measurement,100C26,valid,1051686,0,True,
1,1,000022,1790193962.9413717,32692.8249631,153.4664430999983,candidate-measurement,100C26,valid,1051686,0,True,
1,1,000022,1790193963.1333714,32693.0169602,153.65844019999713,candidate-measurement,100C24,valid,1051684,-2,True,
1,1,000022,1790193963.3249452,32693.208534,153.85001399999965,candidate-measurement,100C22,valid,1051682,-2,True,
1,1,000022,1790193963.5329342,32693.4165233,154.05800329999693,candidate-measurement,100C22,valid,1051682,0,True,
1,1,000022,1790193963.7249339,32693.6085235,154.25000349999755,candidate-measurement,100C21,valid,1051681,-1,True,
1,1,000022,1790193963.9163442,32693.7999355,154.44141549999767,candidate-measurement,100C21,valid,1051681,0,True,
1,1,000022,1790193964.1083474,32693.9919354,154.63341539999965,candidate-measurement,100C21,valid,1051681,0,True,
1,1,000022,1790193964.316337,32694.1999251,154.84140509999997,candidate-measurement,100C21,valid,1051681,0,True,
1,1,000022,1790193964.507909,32694.3914986,155.0329786000002,candidate-measurement,100C21,valid,1051681,0,True,
1,1,000022,1790193964.6999,32694.58349,155.2249699999993,candidate-measurement,100C1E,valid,1051678,-3,True,
1,1,000022,1790193964.9073088,32694.7908995,155.4323794999982,candidate-measurement,100C15,valid,1051669,-9,True,
1,1,000022,1790193965.0993137,32694.9829029,155.62438289999773,candidate-measurement,100C12,valid,1051666,-3,True,
1,1,000022,1790193965.2908845,32695.1744728,155.81595279999965,candidate-measurement,100C10,valid,1051664,-2,True,
1,1,000022,1790193965.498873,32695.3824636,156.02394359999744,candidate-measurement,100C0F,valid,1051663,-1,True,
1,1,000022,1790193965.6908684,32695.574459,156.2159389999979,candidate-measurement,100C0F,valid,1051663,0,True,
1,1,000022,1790193965.8822832,32695.7658729,156.40735289999793,candidate-measurement,100C0F,valid,1051663,0,True,
1,1,000022,1790193966.0742793,32695.9578675,156.59934749999957,candidate-measurement,100C0F,valid,1051663,0,True,
1,1,000022,1790193966.281853,32696.1654411,156.80692110000018,candidate-measurement,100C0F,valid,1051663,0,True,
1,1,000022,1790193966.473849,32696.357437,156.99891699999716,candidate-measurement,100C0E,valid,1051662,-1,True,
1,1,000022,1790193966.6658378,32696.5494281,157.1909080999976,candidate-measurement,100C07,valid,1051655,-7,True,
1,1,000022,1790193966.8738322,32696.7574218,157.3989017999993,candidate-measurement,100BFA,valid,1051642,-13,True,
1,1,000022,1790193967.0652385,32696.9488281,157.59030809999967,candidate-measurement,100BF7,valid,1051639,-3,True,
1,1,000022,1790193967.2572482,32697.1408367,157.78231669999877,candidate-measurement,100BF5,valid,1051637,-2,True,
1,1,000022,1790193967.4492347,32697.3328247,157.97430469999745,candidate-measurement,100BF2,valid,1051634,-3,True,
1,1,000022,1790193967.656811,32697.5403998,158.18187979999857,candidate-measurement,100BF0,valid,1051632,-2,True,
1,1,000022,1790193967.8488228,32697.7324122,158.3738921999975,candidate-measurement,100BEC,valid,1051628,-4,True,
1,1,000022,1790193968.0407898,32697.9243807,158.56586069999685,candidate-measurement,100BEA,valid,1051626,-2,True,
1,1,000022,1790193968.2482004,32698.1317891,158.7732690999983,candidate-measurement,100BEA,valid,1051626,0,True,
1,1,000022,1790193968.4402032,32698.3237921,158.9652720999984,candidate-measurement,100BE8,valid,1051624,-2,True,
1,1,000022,1790193968.6317744,32698.5153634,159.15684340000007,candidate-measurement,100BE8,valid,1051624,0,True,
1,1,000022,1790193968.8397813,32698.7233705,159.36485049999828,candidate-measurement,100BE8,valid,1051624,0,True,
1,1,000022,1790193969.031754,32698.9153434,159.5568233999984,candidate-measurement,100BE7,valid,1051623,-1,True,
1,1,000022,1790193969.2231722,32699.1067605,159.74824049999734,candidate-measurement,100BE6,valid,1051622,-1,True,
1,1,000022,1790193969.4151697,32699.2987592,159.94023919999745,candidate-measurement,100BE4,valid,1051620,-2,True,
1,1,000022,1790193969.6231818,32699.5067721,160.1482520999998,candidate-measurement,100BE3,valid,1051619,-1,True,
1,1,000022,1790193969.8147316,32699.6983215,160.33980149999843,candidate-measurement,100BE1,valid,1051617,-2,True,
1,1,000022,1790193970.0067222,32699.8903131,160.53179309999905,candidate-measurement,100BE0,valid,1051616,-1,True,
1,1,000022,1790193970.2147307,32700.0983189,160.73979889999828,candidate-measurement,100BE0,valid,1051616,0,True,
1,1,000022,1790193970.4067173,32700.2903078,160.93178780000017,candidate-measurement,100BDF,valid,1051615,-1,True,
1,1,000022,1790193970.5981233,32700.4817133,161.1231932999981,candidate-measurement,100BDD,valid,1051613,-2,True,
1,1,000022,1790193970.8061235,32700.6897132,161.3311931999997,candidate-measurement,100BDA,valid,1051610,-3,True,
1,1,000022,1790193970.9981172,32700.8817059,161.52318589999777,candidate-measurement,100BD7,valid,1051607,-3,True,
1,1,000022,1790193971.1896982,32701.0732864,161.71476639999673,candidate-measurement,100BD5,valid,1051605,-2,True,
1,1,000022,1790193971.3817465,32701.2653341,161.90681409999888,candidate-measurement,100BD3,valid,1051603,-2,True,
1,1,000022,1790193971.5891132,32701.4727042,162.11418419999973,candidate-measurement,100BD2,valid,1051602,-1,True,
1,1,000022,1790193971.7811003,32701.6646891,162.30616909999662,candidate-measurement,100BD0,valid,1051600,-2,True,
1,1,000022,1790193971.973085,32701.8566763,162.49815630000012,candidate-measurement,100BCF,valid,1051599,-1,True,
1,1,000022,1790193972.180663,32702.0642523,162.70573229999718,candidate-measurement,100BCE,valid,1051598,-1,True,
1,1,000022,1790193972.3726544,32702.256243,162.89772299999822,candidate-measurement,100BCE,valid,1051598,0,True,
1,1,000022,1790193972.5640597,32702.4476503,163.08913029999894,candidate-measurement,100BCE,valid,1051598,0,True,
1,1,000022,1790193972.7720785,32702.6556675,163.29714749999766,candidate-measurement,100BCC,valid,1051596,-2,True,
1,1,000022,1790193972.9640546,32702.8476452,163.48912519999794,candidate-measurement,100BCC,valid,1051596,0,True,
1,1,000022,1790193973.1556363,32703.0392244,163.68070439999792,candidate-measurement,100BCC,valid,1051596,0,True,
1,1,000022,1790193973.347621,32703.2312109,163.87269089999972,candidate-measurement,100BCC,valid,1051596,0,True,
1,1,000022,1790193973.5556188,32703.4392069,164.0806868999971,candidate-measurement,100BCA,valid,1051594,-2,True,
1,1,000022,1790193973.7476072,32703.6311955,164.2726754999967,candidate-measurement,100BC8,valid,1051592,-2,True,
1,1,000022,1790193973.9390252,32703.8226162,164.46409619999758,candidate-measurement,100BC8,valid,1051592,0,True,
1,1,000022,1790193974.1471243,32704.0307135,164.67219349999868,candidate-measurement,100BC8,valid,1051592,0,True,
1,1,000022,1790193974.3385937,32704.222182,164.86366199999975,candidate-measurement,100BC7,valid,1051591,-1,True,
1,1,000022,1790193974.5305853,32704.4141753,165.05565529999876,candidate-measurement,100BC7,valid,1051591,0,True,
1,1,000022,1790193974.7385747,32704.6221648,165.26364479999756,candidate-measurement,100BC7,valid,1051591,0,True,
1,1,000022,1790193974.9305687,32704.8141598,165.4556397999986,candidate-measurement,100BC7,valid,1051591,0,True,
1,1,000022,1790193975.1219883,32705.0055775,165.64705749999848,candidate-measurement,100BC7,valid,1051591,0,True,
1,1,000022,1790193975.3139813,32705.1975692,165.83904919999986,candidate-measurement,100BC7,valid,1051591,0,True,
1,1,000022,1790193975.5215662,32705.405156,166.04663599999913,candidate-measurement,100BC6,valid,1051590,-1,True,
1,1,000022,1790193975.7135437,32705.5971348,166.23861479999687,candidate-measurement,100BBE,valid,1051582,-8,True,
1,1,000022,1790193975.9055383,32705.7891295,166.43060949999926,candidate-measurement,100BBA,valid,1051578,-4,True,
1,1,000022,1790193976.1135283,32705.9971162,166.63859619999857,candidate-measurement,100BB6,valid,1051574,-4,True,
1,1,000022,1790193976.3049436,32706.1885331,166.83001309999963,candidate-measurement,100BB5,valid,1051573,-1,True,
1,1,000022,1790193976.496942,32706.380532,167.02201199999763,candidate-measurement,100BB5,valid,1051573,0,True,
1,1,000022,1790193976.7049298,32706.5885209,167.23000089999914,candidate-measurement,100BB5,valid,1051573,0,True,
1,1,000022,1790193976.8964992,32706.780088,167.42156799999793,candidate-measurement,100BB3,valid,1051571,-2,True,
1,1,000022,1790193977.088497,32706.9720875,167.61356749999686,candidate-measurement,100BB3,valid,1051571,0,True,
1,1,000022,1790193977.2799194,32707.1635083,167.8049882999985,candidate-measurement,100BAC,valid,1051564,-7,True,
1,1,000022,1790193977.4879062,32707.3714955,168.012975499998,candidate-measurement,100BA3,valid,1051555,-9,True,
1,1,000022,1790193977.6794841,32707.5630735,168.20455349999975,candidate-measurement,100B9F,valid,1051551,-4,True,
1,1,000022,1790193977.8714736,32707.7550642,168.39654419999715,candidate-measurement,100B9C,valid,1051548,-3,True,
1,1,000022,1790193978.0794683,32707.9630592,168.60453919999782,candidate-measurement,100B9A,valid,1051546,-2,True,
1,1,000022,1790193978.2714674,32708.1550551,168.79653509999844,candidate-measurement,100B98,valid,1051544,-2,True,
1,1,000022,1790193978.4628744,32708.3464642,168.9879441999983,candidate-measurement,100B94,valid,1051540,-4,True,
1,1,000022,1790193978.670513,32708.5541023,169.19558229999893,candidate-measurement,100B91,valid,1051537,-3,True,
1,1,000022,1790193978.8624465,32708.7460352,169.38751520000005,candidate-measurement,100B90,valid,1051536,-1,True,
1,1,000022,1790193979.0544345,32708.9380258,169.5795057999967,candidate-measurement,100B8E,valid,1051534,-2,True,
1,1,000022,1790193979.246453,32709.130041,169.77152099999876,candidate-measurement,100B8E,valid,1051534,0,True,
1,1,000022,1790193979.4538496,32709.3374382,169.9789181999986,candidate-measurement,100B8D,valid,1051533,-1,True,
1,1,000022,1790193979.6458344,32709.5294253,170.17090529999768,candidate-measurement,100B8C,valid,1051532,-1,True,
1,1,000022,1790193979.837408,32709.7209975,170.36247749999893,candidate-measurement,100B8C,valid,1051532,0,True,
1,1,000022,1790193980.045406,32709.9289963,170.57047629999943,candidate-measurement,100B8A,valid,1051530,-2,True,
1,1,000022,1790193980.2374005,32710.1209891,170.76246909999827,candidate-measurement,100B89,valid,1051529,-1,True,
1,1,000022,1790193980.4288142,32710.3124049,170.95388489999823,candidate-measurement,100B87,valid,1051527,-2,True,
1,1,000022,1790193980.6368082,32710.5203985,171.16187849999915,candidate-measurement,100B86,valid,1051526,-1,True,
1,1,000022,1790193980.8288028,32710.7123931,171.35387309999714,candidate-measurement,100B86,valid,1051526,0,True,
1,1,000022,1790193981.0203784,32710.9039673,171.54544729999907,candidate-measurement,100B86,valid,1051526,0,True,
1,1,000022,1790193981.2123744,32711.0959632,171.7374431999997,candidate-measurement,100B84,valid,1051524,-2,True,
1,1,000022,1790193981.4203613,32711.3039507,171.94543069999781,candidate-measurement,100B80,valid,1051520,-4,True,
1,1,000022,1790193981.6123512,32711.4959407,172.13742069999716,candidate-measurement,100B7F,valid,1051519,-1,True,
1,1,000022,1790193981.8037663,32711.687355,172.32883499999662,candidate-measurement,100B7C,valid,1051516,-3,True,
1,1,000022,1790193982.011401,32711.8949892,172.53646919999665,candidate-measurement,100B7B,valid,1051515,-1,True,
1,1,000022,1790193982.2033424,32712.086931,172.72841100000005,candidate-measurement,100B7A,valid,1051514,-1,True,
1,1,000022,1790193982.3953285,32712.2789192,172.9203991999966,candidate-measurement,100B78,valid,1051512,-2,True,
1,1,000022,1790193982.5873218,32712.4709103,173.11239029999706,candidate-measurement,100B76,valid,1051510,-2,True,
1,1,000022,1790193982.794742,32712.678331,173.31981099999757,candidate-measurement,100B75,valid,1051509,-1,True,
1,1,000022,1790193982.986728,32712.8703176,173.51179760000014,candidate-measurement,100B74,valid,1051508,-1,True,
1,1,000022,1790193983.1787257,32713.0623147,173.70379469999898,candidate-measurement,100B74,valid,1051508,0,True,
1,1,000022,1790193983.3862977,32713.2698875,173.91136749999714,candidate-measurement,100B74,valid,1051508,0,True,
1,1,000022,1790193983.578325,32713.4619135,174.10339349999776,candidate-measurement,100B74,valid,1051508,0,True,
1,1,000022,1790193983.7697065,32713.6532976,174.2947776000001,candidate-measurement,100B73,valid,1051507,-1,True,
1,1,000022,1790193983.977693,32713.8612817,174.5027616999978,candidate-measurement,100B73,valid,1051507,0,True,
1,1,000022,1790193984.1697023,32714.0532908,174.69477079999706,candidate-measurement,100B72,valid,1051506,-1,True,
1,1,000022,1790193984.3612576,32714.2448484,174.8863283999999,candidate-measurement,100B70,valid,1051504,-2,True,
1,1,000022,1790193984.553263,32714.4368513,175.07833129999926,candidate-measurement,100B6F,valid,1051503,-1,True,
1,1,000022,1790193984.761251,32714.6448424,175.28632239999934,candidate-measurement,100B6E,valid,1051502,-1,True,
1,1,000022,1790193984.9526696,32714.8362601,175.4777400999992,candidate-measurement,100B6E,valid,1051502,0,True,
1,1,000022,1790193985.144671,32715.0282578,175.66973779999898,candidate-measurement,100B6D,valid,1051501,-1,True,
1,1,000022,1790193985.3526525,32715.2362408,175.87772079999922,candidate-measurement,100B6D,valid,1051501,0,True,
1,1,000022,1790193985.5442243,32715.4278135,176.069293499997,candidate-measurement,100B6D,valid,1051501,0,True,
1,1,000022,1790193985.736234,32715.6198249,176.26130489999923,candidate-measurement,100B6D,valid,1051501,0,True,
1,1,000022,1790193985.9436328,32715.8272234,176.46870339999805,candidate-measurement,100B6D,valid,1051501,0,True,
1,1,000022,1790193986.1356356,32716.0192237,176.66070369999943,candidate-measurement,100B6D,valid,1051501,0,True,
1,1,000022,1790193986.3276136,32716.2112031,176.8526830999981,candidate-measurement,100B6B,valid,1051499,-2,True,
1,1,000022,1790193986.5352008,32716.4187885,177.06026849999762,candidate-measurement,100B62,valid,1051490,-9,True,
1,1,000022,1790193986.7272215,32716.6108097,177.25228969999807,candidate-measurement,100B5E,valid,1051486,-4,True,
1,1,000022,1790193986.9191854,32716.8027765,177.44425649999903,candidate-measurement,100B5C,valid,1051484,-2,True,
1,1,000022,1790193987.1111722,32716.9947612,177.63624119999804,candidate-measurement,100B5A,valid,1051482,-2,True,
1,1,000022,1790193987.3185956,32717.2021844,177.8436643999994,candidate-measurement,100B5A,valid,1051482,0,True,
1,1,000022,1790193987.5105839,32717.3941744,178.03565439999875,candidate-measurement,100B5A,valid,1051482,0,True,
1,1,000022,1790193987.7021537,32717.5857448,178.2272247999972,candidate-measurement,100B5A,valid,1051482,0,True,
1,1,000022,1790193987.9101536,32717.7937418,178.43522179999854,candidate-measurement,100B5A,valid,1051482,0,True,
1,1,000022,1790193988.1021495,32717.9857395,178.62721949999832,candidate-measurement,100B50,valid,1051472,-10,True,
1,1,000022,1790193988.2935603,32718.177149,178.8186289999976,candidate-measurement,100B46,valid,1051462,-10,True,
1,1,000022,1790193988.4855525,32718.3691425,179.01062249999814,candidate-measurement,100B42,valid,1051458,-4,True,
1,1,000022,1790193988.6931887,32718.576777,179.2182569999968,candidate-measurement,100B3E,valid,1051454,-4,True,
1,1,000022,1790193988.8851357,32718.7687263,179.41020629999912,candidate-measurement,100B39,valid,1051449,-5,True,
1,1,000022,1790193989.0771072,32718.9606961,179.60217609999745,candidate-measurement,100B35,valid,1051445,-4,True,
1,1,000022,1790193989.2851133,32719.1687024,179.81018239999685,candidate-measurement,100B34,valid,1051444,-1,True,
1,1,000022,1790193989.4765673,32719.3601531,180.00163309999698,candidate-measurement,100B32,valid,1051442,-2,True,
1,1,000022,1790193989.668511,32719.5520989,180.1935788999981,candidate-measurement,100B30,valid,1051440,-2,True,
1,1,000022,1790193989.8761027,32719.7596912,180.40117119999923,candidate-measurement,100B2F,valid,1051439,-1,True,
1,1,000022,1790193990.0680797,32719.9516695,180.5931494999968,candidate-measurement,100B2D,valid,1051437,-2,True,
1,1,000022,1790193990.2594988,32720.1430873,180.78456729999743,candidate-measurement,100B2C,valid,1051436,-1,True,
1,1,000022,1790193990.4514933,32720.3350825,180.9765625,candidate-measurement,100B2C,valid,1051436,0,True,
1,1,000022,1790193990.6590664,32720.5426556,181.1841355999968,candidate-measurement,100B2A,valid,1051434,-2,True,
1,1,000022,1790193990.8510568,32720.7346484,181.3761283999993,candidate-measurement,100B26,valid,1051430,-4,True,
1,1,000022,1790193991.043042,32720.9266322,181.56811219999872,candidate-measurement,100B23,valid,1051427,-3,True,
1,1,000022,1790193991.250463,32721.1340513,181.77553129999797,candidate-measurement,100B21,valid,1051425,-2,True,
1,1,000022,1790193991.4424593,32721.3260488,181.96752879999985,candidate-measurement,100B1F,valid,1051423,-2,True,
1,1,000022,1790193991.6340275,32721.5176163,182.15909629999805,candidate-measurement,100B1D,valid,1051421,-2,True,
1,1,000022,1790193991.842039,32721.7256294,182.3671093999983,candidate-measurement,100B1B,valid,1051419,-2,True,
1,1,000022,1790193992.0340147,32721.9176036,182.5590835999974,candidate-measurement,100B1A,valid,1051418,-1,True,
1,1,000022,1790193992.2254338,32722.1090233,182.75050329999794,candidate-measurement,100B1A,valid,1051418,0,True,
1,1,000022,1790193992.417423,32722.3010143,182.94249429999763,candidate-measurement,100B1A,valid,1051418,0,True,
1,1,000022,1790193992.6254387,32722.5090283,183.15050829999745,candidate-measurement,100B1A,valid,1051418,0,True,
1,1,000022,1790193992.8169835,32722.7005751,183.3420550999981,candidate-measurement,100B18,valid,1051416,-2,True,
1,1,000022,1790193993.0089872,32722.8925768,183.53405679999923,candidate-measurement,100B18,valid,1051416,0,True,
1,1,000022,1790193993.2169802,32723.1005689,183.74204889999965,candidate-measurement,100B18,valid,1051416,0,True,
1,1,000022,1790193993.4089732,32723.2925645,183.93404449999798,candidate-measurement,100B16,valid,1051414,-2,True,
1,1,000022,1790193993.6003835,32723.4839748,184.12545479999972,candidate-measurement,100B14,valid,1051412,-2,True,
1,1,000022,1790193993.8079848,32723.6915739,184.33305389999805,candidate-measurement,100B14,valid,1051412,0,True,
1,1,000022,1790193993.9999542,32723.8835426,184.52502259999892,candidate-measurement,100B14,valid,1051412,0,True,
1,1,000022,1790193994.1919549,32724.0755433,184.7170232999997,candidate-measurement,100B13,valid,1051411,-1,True,
1,1,000022,1790193994.383356,32724.2669463,184.9084262999968,candidate-measurement,100B13,valid,1051411,0,True,
1,1,000022,1790193994.5913563,32724.4749443,185.11642429999847,candidate-measurement,100B13,valid,1051411,0,True,
1,1,000022,1790193994.7833526,32724.6669408,185.30842080000002,candidate-measurement,100B13,valid,1051411,0,True,
1,1,000022,1790193994.9753444,32724.8589355,185.50041549999878,candidate-measurement,100B13,valid,1051411,0,True,
1,1,000022,1790193995.1829157,32725.0665038,185.70798379999906,candidate-measurement,100B0E,valid,1051406,-5,True,
1,1,000022,1790193995.3749192,32725.2585072,185.89998719999858,candidate-measurement,100B07,valid,1051399,-7,True,
1,1,000022,1790193995.5669034,32725.4504933,186.09197329999733,candidate-measurement,100B04,valid,1051396,-3,True,
1,1,000022,1790193995.7743187,32725.6579088,186.29938879999827,candidate-measurement,100B02,valid,1051394,-2,True,
1,1,000022,1790193995.9663131,32725.8499015,186.4913815,candidate-measurement,100B01,valid,1051393,-1,True,
1,1,000022,1790193996.1578932,32726.0414821,186.6829620999997,candidate-measurement,100B01,valid,1051393,0,True,
1,1,000022,1790193996.3498838,32726.233472,186.8749519999983,candidate-measurement,100B01,valid,1051393,0,True,
1,1,000022,1790193996.5578685,32726.441457,187.08293699999922,candidate-measurement,100B01,valid,1051393,0,True,
1,1,000022,1790193996.749282,32726.6328731,187.27435309999782,candidate-measurement,100AFF,valid,1051391,-2,True,
1,1,000022,1790193996.9408553,32726.8244467,187.46592669999882,candidate-measurement,100AFD,valid,1051389,-2,True,
1,1,000022,1790193997.1488721,32727.0324599,187.67393989999982,candidate-measurement,100AF0,valid,1051376,-13,True,
1,1,000022,1790193997.3408542,32727.2244425,187.8659224999974,candidate-measurement,100AEA,valid,1051370,-6,True,
1,1,000022,1790193997.5322623,32727.4158501,188.05733009999676,candidate-measurement,100AE7,valid,1051367,-3,True,
1,1,000022,1790193997.7402632,32727.6238512,188.26533120000022,candidate-measurement,100AE1,valid,1051361,-6,True,
1,1,000022,1790193997.9322507,32727.8158387,188.45731869999872,candidate-measurement,100ADC,valid,1051356,-5,True,
1,1,000022,1790193998.1238225,32728.0074118,188.64889179999955,candidate-measurement,100AD9,valid,1051353,-3,True,
1,1,000022,1790193998.3158214,32728.1994099,188.84088989999873,candidate-measurement,100AD7,valid,1051351,-2,True,
1,1,000022,1790193998.5238068,32728.4073962,189.04887619999863,candidate-measurement,100AD6,valid,1051350,-1,True,
1,1,000022,1790193998.7152216,32728.5988126,189.24029259999952,candidate-measurement,100AD4,valid,1051348,-2,True,
1,1,000022,1790193998.907216,32728.7908052,189.43228519999684,candidate-measurement,100AD2,valid,1051346,-2,True,
1,1,000022,1790193999.114795,32728.9983844,189.63986440000008,candidate-measurement,100AD0,valid,1051344,-2,True,
1,1,000022,1790193999.3067803,32729.1903691,189.8318490999991,candidate-measurement,100AD0,valid,1051344,0,True,
1,1,000022,1790193999.4987767,32729.3823646,190.02384459999666,candidate-measurement,100ACC,valid,1051340,-4,True,
1,1,000022,1790193999.706191,32729.5897793,190.23125929999878,candidate-measurement,100AC9,valid,1051337,-3,True,
1,1,000022,1790193999.898176,32729.781766,190.42324599999847,candidate-measurement,100AC7,valid,1051335,-2,True,
1,1,000022,1790194000.0897589,32729.9733492,190.6148291999998,candidate-measurement,100AC5,valid,1051333,-2,True,
1,1,000022,1790194000.2817552,32730.1653434,190.8068233999984,candidate-measurement,100AC4,valid,1051332,-1,True,
1,1,000022,1790194000.4891677,32730.3727566,191.0142366,candidate-measurement,100AC2,valid,1051330,-2,True,
1,1,000022,1790194000.6811538,32730.5647449,191.20622489999732,candidate-measurement,100AC0,valid,1051328,-2,True,
1,1,000022,1790194000.8727329,32730.7563239,191.39780389999942,candidate-measurement,100AC0,valid,1051328,0,True,
1,1,000022,1790194001.0807269,32730.9643177,191.60579769999822,candidate-measurement,100AC0,valid,1051328,0,True,
1,1,000022,1790194001.2727213,32731.1563096,191.7977895999975,candidate-measurement,100AC0,valid,1051328,0,True,
1,1,000022,1790194001.4641397,32731.3477286,191.98920859999998,candidate-measurement,100ABF,valid,1051327,-1,True,
1,1,000022,1790194001.672186,32731.5557763,192.19725629999812,candidate-measurement,100ABF,valid,1051327,0,True,
1,1,000022,1790194001.8641217,32731.7477128,192.38919279999755,candidate-measurement,100ABE,valid,1051326,-1,True,
1,1,000022,1790194002.0561116,32731.9397021,192.58118209999884,candidate-measurement,100ABC,valid,1051324,-2,True,
1,1,000022,1790194002.2476952,32732.131283,192.7727629999972,candidate-measurement,100ABA,valid,1051322,-2,True,
1,1,000022,1790194002.4556787,32732.3392693,192.98074929999711,candidate-measurement,100ABA,valid,1051322,0,True,
1,1,000022,1790194002.6476738,32732.5312649,193.1727448999991,candidate-measurement,100ABA,valid,1051322,0,True,
1,1,000022,1790194002.839081,32732.7226719,193.36415189999752,candidate-measurement,100AB9,valid,1051321,-1,True,
1,1,000022,1790194003.0470834,32732.9306725,193.57215249999717,candidate-measurement,100AB9,valid,1051321,0,True,
1,1,000022,1790194003.2386577,32733.122246,193.7637259999974,candidate-measurement,100AB9,valid,1051321,0,True,
1,1,000022,1790194003.4306662,32733.3142572,193.9557371999981,candidate-measurement,100AB9,valid,1051321,0,True,
1,1,000022,1790194003.6386435,32733.5222343,194.16371429999708,candidate-measurement,100AB9,valid,1051321,0,True,
1,1,000022,1790194003.846061,32733.7296498,194.37112979999802,candidate-measurement,100AB8,valid,1051320,-1,True,
1,1,000022,1790194004.0380507,32733.9216417,194.56312169999728,candidate-measurement,100AB1,valid,1051313,-7,True,
1,1,000022,1790194004.2296295,32734.1132173,194.75469729999895,candidate-measurement,100AAB,valid,1051307,-6,True,
1,1,000022,1790194004.4216197,32734.3052102,194.94669019999856,candidate-measurement,100AA8,valid,1051304,-3,True,
1,1,000022,1790194004.6136112,32734.497202,195.13868199999706,candidate-measurement,100AA7,valid,1051303,-1,True,
1,1,000022,1790194004.8056097,32734.6891987,195.33067870000013,candidate-measurement,100AA7,valid,1051303,0,True,
1,1,000022,1790194005.0130198,32734.8966104,195.5380903999976,candidate-measurement,100AA7,valid,1051303,0,True,
1,1,000022,1790194005.2050147,32735.0886033,195.7300832999972,candidate-measurement,100AA6,valid,1051302,-1,True,
1,1,000022,1790194005.3965926,32735.2801813,195.92166129999896,candidate-measurement,100A9F,valid,1051295,-7,True,
1,1,000022,1790194005.6045842,32735.4881723,196.12965229999827,candidate-measurement,100A93,valid,1051283,-12,True,
1,1,000022,1790194005.796574,32735.6801635,196.32164349999948,candidate-measurement,100A8F,valid,1051279,-4,True,
1,1,000022,1790194005.9879858,32735.8715755,196.5130554999996,candidate-measurement,100A8D,valid,1051277,-2,True,
1,1,000022,1790194006.179992,32736.0635804,196.70506039999964,candidate-measurement,100A8A,valid,1051274,-3,True,
1,1,000022,1790194006.387631,32736.2712198,196.91269979999925,candidate-measurement,100A87,valid,1051271,-3,True,
1,1,000022,1790194006.5795443,32736.4631349,197.10461489999943,candidate-measurement,100A84,valid,1051268,-3,True,
1,1,000022,1790194006.771546,32736.655137,197.29661699999997,candidate-measurement,100A82,valid,1051266,-2,True,
1,1,000022,1790194006.9789836,32736.8625747,197.50405469999896,candidate-measurement,100A81,valid,1051265,-1,True,
1,1,000022,1790194007.1709497,32737.0545378,197.6960177999972,candidate-measurement,100A80,valid,1051264,-1,True,
1,1,000022,1790194007.3625247,32737.2461132,197.88759319999735,candidate-measurement,100A80,valid,1051264,0,True,
1,1,000022,1790194007.5705318,32737.4541188,198.0955987999987,candidate-measurement,100A7F,valid,1051263,-1,True,
1,1,000022,1790194007.7625093,32737.6460977,198.2875776999972,candidate-measurement,100A7E,valid,1051262,-1,True,
1,1,000022,1790194007.9539208,32737.8375123,198.47899229999894,candidate-measurement,100A7E,valid,1051262,0,True,
1,1,000022,1790194008.145918,32738.0295058,198.67098579999947,candidate-measurement,100A7C,valid,1051260,-2,True,
1,1,000022,1790194008.3534899,32738.2370786,198.87855859999763,candidate-measurement,100A7B,valid,1051259,-1,True,
1,1,000022,1790194008.5454812,32738.4290721,199.07055209999817,candidate-measurement,100A79,valid,1051257,-2,True,
1,1,000022,1790194008.7374794,32738.6210703,199.2625502999981,candidate-measurement,100A78,valid,1051256,-1,True,
1,1,000022,1790194008.9448898,32738.8284797,199.4699596999999,candidate-measurement,100A76,valid,1051254,-2,True,
1,1,000022,1790194009.136897,32739.0204854,199.66196539999873,candidate-measurement,100A73,valid,1051251,-3,True,
1,1,000022,1790194009.3288796,32739.2124676,199.8539475999969,candidate-measurement,100A71,valid,1051249,-2,True,
1,1,000022,1790194009.536454,32739.420044,200.061523999997,candidate-measurement,100A6E,valid,1051246,-3,True,
1,1,000022,1790194009.7284515,32739.6120398,200.25351979999687,candidate-measurement,100A6D,valid,1051245,-1,True,
1,1,000022,1790194009.9204361,32739.804027,200.44550699999672,candidate-measurement,100A6C,valid,1051244,-1,True,
1,1,000022,1790194010.111857,32739.995446,200.63692599999922,candidate-measurement,100A6A,valid,1051242,-2,True,
1,1,000022,1790194010.3198473,32740.2034358,200.84491579999667,candidate-measurement,100A69,valid,1051241,-1,True,
1,1,000022,1790194010.5118382,32740.3954286,201.03690859999915,candidate-measurement,100A67,valid,1051239,-2,True,
1,1,000022,1790194010.7034159,32740.5870053,201.22848529999828,candidate-measurement,100A66,valid,1051238,-1,True,
1,1,000022,1790194010.9114058,32740.7949971,201.43647710000005,candidate-measurement,100A66,valid,1051238,0,True,
1,1,000022,1790194011.1034026,32740.986991,201.628471,candidate-measurement,100A66,valid,1051238,0,True,
1,1,000022,1790194011.2948165,32741.1784056,201.8198855999981,candidate-measurement,100A66,valid,1051238,0,True,
1,1,000022,1790194011.5024416,32741.3860297,202.0275096999976,candidate-measurement,100A65,valid,1051237,-1,True,
1,1,000022,1790194011.6943796,32741.5779702,202.2194501999984,candidate-measurement,100A65,valid,1051237,0,True,
1,1,000022,1790194011.8863769,32741.7699683,202.41144829999757,candidate-measurement,100A64,valid,1051236,-1,True,
1,1,000022,1790194012.0783753,32741.9619642,202.6034441999982,candidate-measurement,100A62,valid,1051234,-2,True,
1,1,000022,1790194012.2857904,32742.1693786,202.81085859999803,candidate-measurement,100A60,valid,1051232,-2,True,
1,1,000022,1790194012.4777772,32742.3613671,203.00284709999687,candidate-measurement,100A60,valid,1051232,0,True,
1,1,000022,1790194012.6693685,32742.552958,203.19443799999863,candidate-measurement,100A60,valid,1051232,0,True,
1,1,000022,1790194012.8773568,32742.7609478,203.4024277999997,candidate-measurement,100A5F,valid,1051231,-1,True,
1,1,000022,1790194013.0693378,32742.9529287,203.5944086999989,candidate-measurement,100A5F,valid,1051231,0,True,
1,1,000022,1790194013.2607589,32743.1443467,203.78582669999741,candidate-measurement,100A5F,valid,1051231,0,True,
1,1,000022,1790194013.468324,32743.3519139,203.99339390000023,candidate-measurement,100A5F,valid,1051231,0,True,
1,1,000022,1790194013.6603231,32743.543911,204.18539099999907,candidate-measurement,100A5F,valid,1051231,0,True,
1,1,000022,1790194013.852317,32743.7359052,204.37738519999766,candidate-measurement,100A5E,valid,1051230,-1,True,
1,1,000022,1790194014.0437284,32743.9273179,204.56879789999948,candidate-measurement,100A5A,valid,1051226,-4,True,
1,1,000022,1790194014.2517397,32744.1353277,204.77680770000006,candidate-measurement,100A53,valid,1051219,-7,True,
1,1,000022,1790194014.4437335,32744.3273223,204.96880229999806,candidate-measurement,100A50,valid,1051216,-3,True,
1,1,000022,1790194014.6352837,32744.5188741,205.16035409999677,candidate-measurement,100A4E,valid,1051214,-2,True,
1,1,000022,1790194014.8433027,32744.7268911,205.3683710999976,candidate-measurement,100A4D,valid,1051213,-1,True,
1,1,000022,1790194015.0352786,32744.9188666,205.56034659999932,candidate-measurement,100A4D,valid,1051213,0,True,
1,1,000022,1790194015.2272675,32745.110856,205.75233599999774,candidate-measurement,100A4D,valid,1051213,0,True,
1,1,000022,1790194015.4346793,32745.3182691,205.9597490999986,candidate-measurement,100A4D,valid,1051213,0,True,
1,1,000022,1790194015.626683,32745.5102714,206.151751399997,candidate-measurement,100A4C,valid,1051212,-1,True,
1,1,000022,1790194015.8186736,32745.7022617,206.34374169999865,candidate-measurement,100A49,valid,1051209,-3,True,
1,1,000022,1790194016.0102417,32745.893833,206.53531299999668,candidate-measurement,100A3C,valid,1051196,-13,True,
1,1,000022,1790194016.2182453,32746.1018335,206.7433134999992,candidate-measurement,100A38,valid,1051192,-4,True,
1,1,000022,1790194016.4096537,32746.2932437,206.93472370000018,candidate-measurement,100A35,valid,1051189,-3,True,
1,1,000022,1790194016.6016436,32746.4852323,207.12671229999978,candidate-measurement,100A33,valid,1051187,-2,True,
1,1,000022,1790194016.8092132,32746.6928048,207.3342847999993,candidate-measurement,100A30,valid,1051184,-3,True,
1,1,000022,1790194017.0012183,32746.8848069,207.52628689999983,candidate-measurement,100A2E,valid,1051182,-2,True,
1,1,000022,1790194017.193204,32747.0767929,207.71827289999783,candidate-measurement,100A29,valid,1051177,-5,True,
1,1,000022,1790194017.3851998,32747.2687886,207.91026859999693,candidate-measurement,100A27,valid,1051175,-2,True,
1,1,000022,1790194017.5926352,32747.4762236,208.11770359999718,candidate-measurement,100A26,valid,1051174,-1,True,
1,1,000022,1790194017.784605,32747.6681962,208.30967619999865,candidate-measurement,100A25,valid,1051173,-1,True,
1,1,000022,1790194017.9761715,32747.8597626,208.5012425999994,candidate-measurement,100A24,valid,1051172,-1,True,
1,1,000022,1790194018.1841738,32748.0677619,208.70924190000005,candidate-measurement,100A22,valid,1051170,-2,True,
1,1,000022,1790194018.3761692,32748.2597598,208.9012397999977,candidate-measurement,100A21,valid,1051169,-1,True,
1,1,000022,1790194018.5675948,32748.4511845,209.09266449999996,candidate-measurement,100A1F,valid,1051167,-2,True,
1,1,000022,1790194018.7755759,32748.659167,209.30064700000003,candidate-measurement,100A1E,valid,1051166,-1,True,
1,1,000022,1790194018.9671514,32748.850739,209.49221899999975,candidate-measurement,100A1B,valid,1051163,-3,True,
1,1,000022,1790194019.1591468,32749.0427349,209.68421489999673,candidate-measurement,100A18,valid,1051160,-3,True,
1,1,000022,1790194019.3671598,32749.250725,209.8922050000001,candidate-measurement,100A15,valid,1051157,-3,True,
1,1,000022,1790194019.5591319,32749.442721,210.08420099999785,candidate-measurement,100A13,valid,1051155,-2,True,
1,1,000022,1790194019.750543,32749.634134,210.2756139999983,candidate-measurement,100A12,valid,1051154,-1,True,
1,1,000022,1790194019.9425302,32749.8261202,210.46760019999783,candidate-measurement,100A10,valid,1051152,-2,True,
1,1,000022,1790194020.1501224,32750.0337102,210.67519019999963,candidate-measurement,100A0F,valid,1051151,-1,True,
1,1,000022,1790194020.342102,32750.2256902,210.86717019999924,candidate-measurement,100A0D,valid,1051149,-2,True,
1,1,000022,1790194020.5341077,32750.4176959,211.05917589999808,candidate-measurement,100A0C,valid,1051148,-1,True,
1,1,000022,1790194020.7415264,32750.6251152,211.26659519999885,candidate-measurement,100A0C,valid,1051148,0,True,
1,1,000022,1790194020.933504,32750.8170939,211.45857389999946,candidate-measurement,100A0C,valid,1051148,0,True,
1,1,000022,1790194021.1250799,32751.008668,211.650147999997,candidate-measurement,100A0A,valid,1051146,-2,True,
1,1,000022,1790194021.3170753,32751.2006639,211.8421438999976,candidate-measurement,100A0A,valid,1051146,0,True,
1,1,000022,1790194021.5244992,32751.4080895,212.04956949999905,candidate-measurement,100A0A,valid,1051146,0,True,
1,1,000022,1790194021.7164853,32751.6000737,212.2415536999979,candidate-measurement,100A09,valid,1051145,-1,True,
1,1,000022,1790194021.9084778,32751.7920665,212.43354649999674,candidate-measurement,100A08,valid,1051144,-1,True,
1,1,000022,1790194022.1160429,32751.9996314,212.64111140000023,candidate-measurement,100A06,valid,1051142,-2,True,
1,1,000022,1790194022.308039,32752.1916279,212.83310789999814,candidate-measurement,100A06,valid,1051142,0,True,
1,1,000022,1790194022.5000403,32752.3836287,213.0251086999997,candidate-measurement,100A06,valid,1051142,0,True,
1,1,000022,1790194022.7074401,32752.5910307,213.2325106999997,candidate-measurement,100A05,valid,1051141,-1,True,
1,1,000022,1790194022.8994398,32752.7830312,213.42451119999896,candidate-measurement,100A05,valid,1051141,0,True,
1,1,000022,1790194023.0910075,32752.9745989,213.61607889999868,candidate-measurement,100A05,valid,1051141,0,True,
1,1,000022,1790194023.2990272,32753.1826156,213.82409559999724,candidate-measurement,100A05,valid,1051141,0,True,
1,1,000022,1790194023.4910085,32753.3745967,214.01607669999794,candidate-measurement,100A05,valid,1051141,0,True,
1,1,000022,1790194023.6830037,32753.5665913,214.20807129999957,candidate-measurement,100A05,valid,1051141,0,True,
1,1,000022,1790194023.8744736,32753.7580599,214.39953989999776,candidate-measurement,100A04,valid,1051140,-1,True,
1,1,000022,1790194024.0824122,32753.9660004,214.60748039999817,candidate-measurement,1009FA,valid,1051130,-10,True,
1,1,000022,1790194024.2739754,32754.1575637,214.79904369999713,candidate-measurement,1009F6,valid,1051126,-4,True,
1,1,000022,1790194024.4659736,32754.3495639,214.99104389999775,candidate-measurement,1009F4,valid,1051124,-2,True,
1,1,000022,1790194024.6739821,32754.5575702,215.19905019999715,candidate-measurement,1009F3,valid,1051123,-1,True,
1,1,000022,1790194024.8659604,32754.7495502,215.39103019999675,candidate-measurement,1009F3,valid,1051123,0,True,
1,1,000022,1790194025.057952,32754.9415412,215.58302120000008,candidate-measurement,1009F3,valid,1051123,0,True,
1,1,000022,1790194025.2653866,32755.1489748,215.79045479999695,candidate-measurement,1009F3,valid,1051123,0,True,
1,1,000022,1790194025.4573562,32755.3409465,215.98242649999884,candidate-measurement,1009F0,valid,1051120,-3,True,
1,1,000022,1790194025.648932,32755.5325224,216.17400239999915,candidate-measurement,1009E5,valid,1051109,-11,True,
1,1,000022,1790194025.8409314,32755.7245202,216.3660001999997,candidate-measurement,1009E0,valid,1051104,-5,True,
1,1,000022,1790194026.0489163,32755.9325074,216.57398739999917,candidate-measurement,1009DD,valid,1051101,-3,True,
1,1,000022,1790194026.2403338,32756.1239221,216.76540209999803,candidate-measurement,1009DA,valid,1051098,-3,True,
1,1,000022,1790194026.4323294,32756.3159199,216.95739989999856,candidate-measurement,1009D9,valid,1051097,-1,True,
1,1,000022,1790194026.6403263,32756.5239148,217.16539479999847,candidate-measurement,1009D6,valid,1051094,-3,True,
1,1,000022,1790194026.8318942,32756.7154854,217.35696539999844,candidate-measurement,1009D4,valid,1051092,-2,True,
1,1,000022,1790194027.0238829,32756.9074733,217.5489533,candidate-measurement,1009D0,valid,1051088,-4,True,
1,1,000022,1790194027.2158859,32757.0994741,217.7409540999979,candidate-measurement,1009CE,valid,1051086,-2,True,
1,1,000022,1790194027.4233122,32757.3069028,217.9483827999975,candidate-measurement,1009CD,valid,1051085,-1,True,
1,1,000022,1790194027.615293,32757.4988823,218.14036229999692,candidate-measurement,1009CC,valid,1051084,-1,True,
1,1,000022,1790194027.8072805,32757.6908717,218.33235169999898,candidate-measurement,1009CC,valid,1051084,0,True,
1,1,000022,1790194028.0148637,32757.8984542,218.53993419999824,candidate-measurement,1009CB,valid,1051083,-1,True,
1,1,000022,1790194028.2068567,32758.0904458,218.73192579999886,candidate-measurement,1009C9,valid,1051081,-2,True,
1,1,000022,1790194028.3988502,32758.2824392,218.92391919999864,candidate-measurement,1009C8,valid,1051080,-1,True,
1,1,000022,1790194028.6068351,32758.4904235,219.13190349999786,candidate-measurement,1009C7,valid,1051079,-1,True,
1,1,000022,1790194028.7988327,32758.6824236,219.32390359999772,candidate-measurement,1009C4,valid,1051076,-3,True,
1,1,000022,1790194028.990247,32758.8738379,219.51531789999717,candidate-measurement,1009C4,valid,1051076,0,True,
1,1,000022,1790194029.18225,32759.0658378,219.70731779999915,candidate-measurement,1009C2,valid,1051074,-2,True,
1,1,000022,1790194029.3898134,32759.2734041,219.91488409999874,candidate-measurement,1009C0,valid,1051072,-2,True,
1,1,000022,1790194029.5818086,32759.4653978,220.10687779999716,candidate-measurement,1009BD,valid,1051069,-3,True,
1,1,000022,1790194029.7732232,32759.6568124,220.2982923999989,candidate-measurement,1009BA,valid,1051066,-3,True,
1,1,000022,1790194029.9812248,32759.8648158,220.50629579999804,candidate-measurement,1009B8,valid,1051064,-2,True,
1,1,000022,1790194030.1732183,32760.0568068,220.69828679999773,candidate-measurement,1009B6,valid,1051062,-2,True,
1,1,000022,1790194030.3647976,32760.2483883,220.88986829999703,candidate-measurement,1009B4,valid,1051060,-2,True,
1,1,000022,1790194030.5727699,32760.4563584,221.09783839999727,candidate-measurement,1009B2,valid,1051058,-2,True,
1,1,000022,1790194030.7647686,32760.6483569,221.2898368999995,candidate-measurement,1009B2,valid,1051058,0,True,
1,1,000022,1790194030.956184,32760.8397728,221.48125280000022,candidate-measurement,1009B2,valid,1051058,0,True,
1,1,000022,1790194031.1481786,32761.031767,221.6732469999988,candidate-measurement,1009B0,valid,1051056,-2,True,
1,1,000022,1790194031.3557427,32761.2393321,221.88081210000018,candidate-measurement,1009B0,valid,1051056,0,True,
1,1,000022,1790194031.5477405,32761.4313305,222.072810499998,candidate-measurement,1009B0,valid,1051056,0,True,
1,1,000022,1790194031.739741,32761.6233302,222.26481019999846,candidate-measurement,1009AF,valid,1051055,-1,True,
1,1,000022,1790194031.9477184,32761.83131,222.4727899999998,candidate-measurement,1009AD,valid,1051053,-2,True,
1,1,000022,1790194032.1397226,32762.0233133,222.66479329999856,candidate-measurement,1009AC,valid,1051052,-1,True,
1,1,000022,1790194032.3311374,32762.2147262,222.85620619999827,candidate-measurement,1009AC,valid,1051052,0,True,
1,1,000022,1790194032.5391223,32762.422711,223.06419099999766,candidate-measurement,1009AC,valid,1051052,0,True,
1,1,000022,1790194032.7307076,32762.6142971,223.25577709999925,candidate-measurement,1009AB,valid,1051051,-1,True,
1,1,000022,1790194032.9226997,32762.8062896,223.44776959999945,candidate-measurement,1009AB,valid,1051051,0,True,
1,1,000022,1790194033.1146882,32762.998279,223.63975899999787,candidate-measurement,1009AB,valid,1051051,0,True,
1,1,000022,1790194033.3221116,32763.2056993,223.84717929999897,candidate-measurement,1009AB,valid,1051051,0,True,
1,1,000022,1790194033.5141008,32763.3976898,224.0391697999985,candidate-measurement,1009AB,valid,1051051,0,True,
1,1,000022,1790194033.7060955,32763.5896857,224.2311656999991,candidate-measurement,1009AA,valid,1051050,-1,True,
1,1,000022,1790194033.9136593,32763.7972494,224.4387293999971,candidate-measurement,1009A1,valid,1051041,-9,True,
1,1,000022,1790194034.1056595,32763.9892497,224.63072969999848,candidate-measurement,10099E,valid,1051038,-3,True,
1,1,000022,1790194034.2976742,32764.1812623,224.82274229999894,candidate-measurement,10099B,valid,1051035,-3,True,
1,1,000022,1790194034.5050645,32764.3886553,225.03013529999953,candidate-measurement,10099A,valid,1051034,-1,True,
1,1,000022,1790194034.6970694,32764.5806574,225.22213740000007,candidate-measurement,100999,valid,1051033,-1,True,
1,1,000022,1790194034.8890495,32764.7726404,225.41412039999705,candidate-measurement,100999,valid,1051033,0,True,
1,1,000022,1790194035.0806313,32764.9642205,225.6057004999966,candidate-measurement,100999,valid,1051033,0,True,
1,1,000022,1790194035.2886255,32765.1722144,225.8136943999998,candidate-measurement,100999,valid,1051033,0,True,
1,1,000022,1790194035.4806159,32765.3642067,226.00568669999848,candidate-measurement,100998,valid,1051032,-1,True,
1,1,000022,1790194035.672045,32765.5556362,226.19711619999725,candidate-measurement,100991,valid,1051025,-7,True,
1,1,000022,1790194035.8800156,32765.7636066,226.40508659999978,candidate-measurement,100984,valid,1051012,-13,True,
1,1,000022,1790194036.0715973,32765.9551871,226.59666709999874,candidate-measurement,100981,valid,1051009,-3,True,
1,1,000022,1790194036.2635906,32766.147179,226.788658999998,candidate-measurement,10097F,valid,1051007,-2,True,
1,1,000022,1790194036.455582,32766.3391733,226.98065329999736,candidate-measurement,10097C,valid,1051004,-3,True,
1,1,000022,1790194036.6629994,32766.5465877,227.1880676999972,candidate-measurement,10097A,valid,1051002,-2,True,
1,1,000022,1790194036.8549988,32766.7385876,227.38006759999917,candidate-measurement,100976,valid,1050998,-4,True,
1,1,000022,1790194037.0465636,32766.9301536,227.57163359999686,candidate-measurement,100973,valid,1050995,-3,True,
1,1,000022,1790194037.2545571,32767.1381462,227.77962619999744,candidate-measurement,100973,valid,1050995,0,True,
1,1,000022,1790194037.4465513,32767.3301421,227.97162209999806,candidate-measurement,100972,valid,1050994,-1,True,
1,1,000022,1790194037.6385396,32767.5221285,228.1636084999991,candidate-measurement,100972,valid,1050994,0,True,
1,1,000022,1790194037.8459551,32767.729545,228.37102499999673,candidate-measurement,100971,valid,1050993,-1,True,
1,1,000022,1790194038.0379517,32767.9215412,228.56302119999964,candidate-measurement,10096F,valid,1050991,-2,True,
1,1,000022,1790194038.2295306,32768.113119,228.75459899999987,candidate-measurement,10096E,valid,1050990,-1,True,
1,1,000022,1790194038.42153,32768.3051215,228.94660149999982,candidate-measurement,10096C,valid,1050988,-2,True,
1,1,000022,1790194038.629516,32768.513104,229.15458399999625,candidate-measurement,10096A,valid,1050986,-2,True,
1,1,000022,1790194038.8209395,32768.7045293,229.34600929999579,candidate-measurement,10096A,valid,1050986,0,True,
1,1,000022,1790194039.012918,32768.8965086,229.53798860000097,candidate-measurement,100968,valid,1050984,-2,True,
1,1,000022,1790194039.220918,32769.1045064,229.7459863999975,candidate-measurement,100965,valid,1050981,-3,True,
1,1,000022,1790194039.4129143,32769.2965026,229.9379826000004,candidate-measurement,100963,valid,1050979,-2,True,
1,1,000022,1790194039.6044896,32769.4880807,230.12956069999927,candidate-measurement,100962,valid,1050978,-1,True,
1,1,000022,1790194039.8124807,32769.6960699,230.3375498999958,candidate-measurement,100960,valid,1050976,-2,True,
1,1,000022,1790194040.019879,32769.9034696,230.5449496000001,candidate-measurement,10095F,valid,1050975,-1,True,
1,1,000022,1790194040.2118883,32770.0954773,230.736957299996,candidate-measurement,10095F,valid,1050975,0,True,
1,1,000022,1790194040.4038682,32770.2874592,230.92893919999915,candidate-measurement,10095E,valid,1050974,-1,True,
1,1,000022,1790194040.5954545,32770.4790457,231.1205256999965,candidate-measurement,10095C,valid,1050972,-2,True,
1,1,000022,1790194040.7874403,32770.6710308,231.31251079999493,candidate-measurement,10095A,valid,1050970,-2,True,
1,1,000022,1790194040.9794412,32770.8630297,231.50450969999656,candidate-measurement,100959,valid,1050969,-1,True,
1,1,000022,1790194041.1868455,32771.0704345,231.71191449999606,candidate-measurement,100958,valid,1050968,-1,True,
1,1,000022,1790194041.3788476,32771.2624373,231.90391729999828,candidate-measurement,100958,valid,1050968,0,True,
1,1,000022,1790194041.5704134,32771.4540043,232.09548429999995,candidate-measurement,100958,valid,1050968,0,True,
1,1,000022,1790194041.7784116,32771.6620022,232.30348219999723,candidate-measurement,100956,valid,1050966,-2,True,
1,1,000022,1790194041.9704058,32771.8539943,232.49547429999802,candidate-measurement,100956,valid,1050966,0,True,
1,1,000022,1790194042.1624062,32772.0459948,232.6874747999973,candidate-measurement,100956,valid,1050966,0,True,
1,1,000022,1790194042.3698146,32772.2534042,232.89488419999543,candidate-measurement,100955,valid,1050965,-1,True,
1,1,000022,1790194042.5618072,32772.4453981,233.08687809999537,candidate-measurement,100953,valid,1050963,-2,True,
1,1,000022,1790194042.753379,32772.6369685,233.2784485000011,candidate-measurement,100952,valid,1050962,-1,True,
1,1,000022,1790194042.9453816,32772.8289696,233.47044959999766,candidate-measurement,100952,valid,1050962,0,True,
1,1,000022,1790194043.1533668,32773.0369553,233.67843529999664,candidate-measurement,100951,valid,1050961,-1,True,
1,1,000022,1790194043.3447807,32773.22837,233.8698499999955,candidate-measurement,100951,valid,1050961,0,True,
1,1,000022,1790194043.536782,32773.4203704,234.06185040000128,candidate-measurement,100951,valid,1050961,0,True,
1,1,000022,1790194043.7447674,32773.6283587,234.26983869999822,candidate-measurement,100951,valid,1050961,0,True,
1,1,000022,1790194043.936769,32773.820357,234.46183699999528,candidate-measurement,100951,valid,1050961,0,True,
1,1,000022,1790194044.128346,32774.0119352,234.65341519999492,candidate-measurement,100950,valid,1050960,-1,True,
1,1,000022,1790194044.320333,32774.2039218,234.8454017999975,candidate-measurement,100948,valid,1050952,-8,True,
1,1,000022,1790194044.5277414,32774.4113304,235.05281039999682,candidate-measurement,100944,valid,1050948,-4,True,
1,1,000022,1790194044.7197375,32774.6033282,235.24480819999735,candidate-measurement,100942,valid,1050946,-2,True,
1,1,000022,1790194044.911306,32774.7948948,235.43637479999597,candidate-measurement,100940,valid,1050944,-2,True,
1,1,000022,1790194045.1193032,32775.0028923,235.64437229999749,candidate-measurement,100940,valid,1050944,0,True,
1,1,000022,1790194045.3113012,32775.1948891,235.83636909999768,candidate-measurement,10093F,valid,1050943,-1,True,
1,1,000022,1790194045.503295,32775.386885,236.0283649999983,candidate-measurement,10093F,valid,1050943,0,True,
1,1,000022,1790194045.7112997,32775.5948898,236.2363697999972,candidate-measurement,10093F,valid,1050943,0,True,
1,1,000022,1790194045.9187157,32775.802305,236.44378499999584,candidate-measurement,10093F,valid,1050943,0,True,
1,1,000022,1790194046.1106899,32775.9942778,236.6357577999952,candidate-measurement,10093D,valid,1050941,-2,True,
1,1,000022,1790194046.3022678,32776.1858567,236.82733670000016,candidate-measurement,10093B,valid,1050939,-2,True,
1,1,000022,1790194046.4942594,32776.3778502,237.01933019999706,candidate-measurement,10092F,valid,1050927,-12,True,
1,1,000022,1790194046.6862571,32776.5698455,237.21132550000038,candidate-measurement,10092A,valid,1050922,-5,True,
1,1,000022,1790194046.8776667,32776.7612551,237.4027350999968,candidate-measurement,100927,valid,1050919,-3,True,
1,1,000022,1790194047.0856578,32776.969246,237.61072599999898,candidate-measurement,100926,valid,1050918,-1,True,
1,1,000022,1790194047.2772372,32777.1608257,237.8023056999955,candidate-measurement,100923,valid,1050915,-3,True,
1,1,000022,1790194047.4692314,32777.3528224,237.99430239999492,candidate-measurement,100921,valid,1050913,-2,True,
1,1,000022,1790194047.6772604,32777.5608509,238.20233089999965,candidate-measurement,10091D,valid,1050909,-4,True,
1,1,000022,1790194047.8846364,32777.7682257,238.40970569999627,candidate-measurement,10091B,valid,1050907,-2,True,
1,1,000022,1790194048.0766282,32777.960218,238.60169799999858,candidate-measurement,10091A,valid,1050906,-1,True,
1,1,000022,1790194048.268206,32778.1517944,238.79327439999906,candidate-measurement,100918,valid,1050904,-2,True,
1,1,000022,1790194048.4602015,32778.3437901,238.98527009999816,candidate-measurement,100918,valid,1050904,0,True,
1,1,000022,1790194048.6521947,32778.5357841,239.17726409999887,candidate-measurement,100918,valid,1050904,0,True,
1,1,000022,1790194048.8441951,32778.7277834,239.36926339999627,candidate-measurement,100916,valid,1050902,-2,True,
1,1,000022,1790194049.0521884,32778.9357772,239.5772571999987,candidate-measurement,100915,valid,1050901,-1,True,
1,1,000022,1790194049.2435975,32779.1271856,239.76866560000053,candidate-measurement,100914,valid,1050900,-1,True,
1,1,000022,1790194049.4355948,32779.3191833,239.9606633000003,candidate-measurement,100912,valid,1050898,-2,True,
1,1,000022,1790194049.6431541,32779.5267435,240.1682234999971,candidate-measurement,100910,valid,1050896,-2,True,
1,1,000022,1790194049.835152,32779.7187423,240.360222299998,candidate-measurement,100910,valid,1050896,0,True,
1,1,000022,1790194050.0271525,32779.9107406,240.55222059999505,candidate-measurement,10090E,valid,1050894,-2,True,
1,1,000022,1790194050.2191453,32780.1027339,240.7442138999977,candidate-measurement,10090B,valid,1050891,-3,True,
1,1,000022,1790194050.4271345,32780.3107233,240.95220329999574,candidate-measurement,100906,valid,1050886,-5,True,
1,1,000022,1790194050.6185472,32780.502138,241.14361800000188,candidate-measurement,100904,valid,1050884,-2,True,
1,1,000022,1790194050.810535,32780.6941263,241.33560629999556,candidate-measurement,100901,valid,1050881,-3,True,
1,1,000022,1790194051.0181167,32780.9017054,241.54318539999804,candidate-measurement,1008FF,valid,1050879,-2,True,
1,1,000022,1790194051.2101142,32781.093702,241.7351819999967,candidate-measurement,1008FE,valid,1050878,-1,True,
1,1,000022,1790194051.4021032,32781.2856941,241.9271740999975,candidate-measurement,1008FE,valid,1050878,0,True,
1,1,000022,1790194051.5941055,32781.4776967,242.1191766999982,candidate-measurement,1008FE,valid,1050878,0,True,
1,1,000022,1790194051.8020809,32781.6856713,242.32715129999997,candidate-measurement,1008FD,valid,1050877,-1,True,
1,1,000022,1790194051.9935045,32781.8770932,242.51857319999544,candidate-measurement,1008FD,valid,1050877,0,True,
1,1,000022,1790194052.1854978,32782.0690862,242.7105661999958,candidate-measurement,1008FC,valid,1050876,-1,True,
1,1,000022,1790194052.3930902,32782.2766806,242.91816059999837,candidate-measurement,1008FA,valid,1050874,-2,True,
1,1,000022,1790194052.5850666,32782.4686565,243.1101364999995,candidate-measurement,1008F9,valid,1050873,-1,True,
1,1,000022,1790194052.7770598,32782.6606494,243.3021293999991,candidate-measurement,1008F8,valid,1050872,-1,True,
1,1,000022,1790194052.9845343,32782.8681222,243.5096021999998,candidate-measurement,1008F8,valid,1050872,0,True,
1,1,000022,1790194053.176469,32783.0600569,243.70153690000006,candidate-measurement,1008F7,valid,1050871,-1,True,
1,1,000022,1790194053.3680372,32783.2516277,243.89310770000156,candidate-measurement,1008F7,valid,1050871,0,True,
1,1,000022,1790194053.5600479,32783.4436389,244.085118899995,candidate-measurement,1008F7,valid,1050871,0,True,
1,1,000022,1790194053.7680242,32783.6516139,244.2930938999998,candidate-measurement,1008F7,valid,1050871,0,True,
1,1,000022,1790194053.9600198,32783.8436108,244.48509080000076,candidate-measurement,1008F7,valid,1050871,0,True,
1,1,000022,1790194054.1514385,32784.0350268,244.67650679999497,candidate-measurement,1008F7,valid,1050871,0,True,
1,1,000022,1790194054.3590062,32784.2425958,244.88407580000057,candidate-measurement,1008F3,valid,1050867,-4,True,
1,1,000022,1790194054.5509982,32784.4345877,245.07606769999984,candidate-measurement,1008EC,valid,1050860,-7,True,
1,1,000022,1790194054.7430034,32784.6265947,245.26807469999767,candidate-measurement,1008E9,valid,1050857,-3,True,
1,1,000022,1790194054.950974,32784.8345653,245.47604529999808,candidate-measurement,1008E6,valid,1050854,-3,True,
1,1,000022,1790194055.1424038,32785.025992,245.667472000001,candidate-measurement,1008E5,valid,1050853,-1,True,
1,1,000022,1790194055.3343952,32785.2179838,245.8594637999995,candidate-measurement,1008E5,valid,1050853,0,True,
1,1,000022,1790194055.5259693,32785.4095594,246.05103940000117,candidate-measurement,1008E5,valid,1050853,0,True,
1,1,000022,1790194055.7339582,32785.6175494,246.2590293999965,candidate-measurement,1008E5,valid,1050853,0,True,
1,1,000022,1790194055.9259486,32785.8095401,246.4510201000012,candidate-measurement,1008E4,valid,1050852,-1,True,
1,1,000022,1790194056.1173801,32786.000969,246.64244899999903,candidate-measurement,1008E1,valid,1050849,-3,True,
1,1,000022,1790194056.325366,32786.2089542,246.85043420000147,candidate-measurement,1008D4,valid,1050836,-13,True,
1,1,000022,1790194056.517369,32786.4009597,247.04243969999516,candidate-measurement,1008CE,valid,1050830,-6,True,
1,1,000022,1790194056.7089305,32786.5925217,247.23400169999513,candidate-measurement,1008CC,valid,1050828,-2,True,
1,1,000022,1790194056.9169395,32786.800528,247.44200799999817,candidate-measurement,1008C8,valid,1050824,-4,True,
1,1,000022,1790194057.1083412,32786.9919299,247.63340990000142,candidate-measurement,1008C5,valid,1050821,-3,True,
1,1,000022,1790194057.3003333,32787.1839217,247.82540169999993,candidate-measurement,1008C1,valid,1050817,-4,True,
1,1,000022,1790194057.4923391,32787.3759304,248.01741039999615,candidate-measurement,1008BF,valid,1050815,-2,True,
1,1,000022,1790194057.699893,32787.5834841,248.22496410000167,candidate-measurement,1008BE,valid,1050814,-1,True,
1,1,000022,1790194057.8918984,32787.7754864,248.4169664000001,candidate-measurement,1008BD,valid,1050813,-1,True,
1,1,000022,1790194058.0839045,32787.9674933,248.60897329999716,candidate-measurement,1008BD,valid,1050813,0,True,
1,1,000022,1790194058.2913032,32788.1748917,248.81637169999885,candidate-measurement,1008BB,valid,1050811,-2,True,
1,1,000022,1790194058.4832888,32788.36688,249.0083599999998,candidate-measurement,1008BA,valid,1050810,-1,True,
1,1,000022,1790194058.6748676,32788.5584573,249.19993729999987,candidate-measurement,1008B9,valid,1050809,-1,True,
1,1,000022,1790194058.882848,32788.7664384,249.4079184000002,candidate-measurement,1008B7,valid,1050807,-2,True,
1,1,000022,1790194059.0748575,32788.9584471,249.59992709999642,candidate-measurement,1008B6,valid,1050806,-1,True,
1,1,000022,1790194059.2668493,32789.1504382,249.79191819999687,candidate-measurement,1008B6,valid,1050806,0,True,
1,1,000022,1790194059.4582677,32789.3418585,249.983338500002,candidate-measurement,1008B5,valid,1050805,-1,True,
1,1,000022,1790194059.6658928,32789.5494829,250.19096290000016,candidate-measurement,1008B2,valid,1050802,-3,True,
1,1,000022,1790194059.8578231,32789.7414142,250.38289419999637,candidate-measurement,1008B0,valid,1050800,-2,True,
1,1,000022,1790194060.049819,32789.9334102,250.57489019999775,candidate-measurement,1008AF,valid,1050799,-1,True,
1,1,000022,1790194060.2578175,32790.1414059,250.7828859000001,candidate-measurement,1008AD,valid,1050797,-2,True,
1,1,000022,1790194060.4492297,32790.332819,250.97429900000134,candidate-measurement,1008AB,valid,1050795,-2,True,
1,1,000022,1790194060.64122,32790.5248112,251.1662911999956,candidate-measurement,1008AB,valid,1050795,0,True,
1,1,000022,1790194060.8488352,32790.732426,251.37390600000072,candidate-measurement,1008AA,valid,1050794,-1,True,
1,1,000022,1790194061.0407887,32790.9243798,251.5658598000009,candidate-measurement,1008A9,valid,1050793,-1,True,
1,1,000022,1790194061.2327924,32791.1163807,251.75786069999594,candidate-measurement,1008A8,valid,1050792,-1,True,
1,1,000022,1790194061.4247975,32791.3083888,251.94986879999487,candidate-measurement,1008A6,valid,1050790,-2,True,
1,1,000022,1790194061.6322033,32791.5157948,252.15727479999623,candidate-measurement,1008A4,valid,1050788,-2,True,
1,1,000022,1790194061.8242106,32791.7077983,252.3492782999965,candidate-measurement,1008A4,valid,1050788,0,True,
1,1,000022,1790194062.016181,32791.8997699,252.54124990000128,candidate-measurement,1008A4,valid,1050788,0,True,
1,1,000022,1790194062.2237597,32792.1073479,252.74882789999538,candidate-measurement,1008A4,valid,1050788,0,True,
1,1,000022,1790194062.4157462,32792.2993371,252.9408170999959,candidate-measurement,1008A2,valid,1050786,-2,True,
1,1,000022,1790194062.6077359,32792.4913267,253.1328066999995,candidate-measurement,1008A2,valid,1050786,0,True,
1,1,000022,1790194062.7997324,32792.6833241,253.32480409999698,candidate-measurement,1008A2,valid,1050786,0,True,
1,1,000022,1790194063.007162,32792.890752,253.53223199999775,candidate-measurement,1008A0,valid,1050784,-2,True,
1,1,000022,1790194063.1991372,32793.0827255,253.72420549999515,candidate-measurement,10089E,valid,1050782,-2,True,
1,1,000022,1790194063.3907075,32793.2742983,253.91577829999733,candidate-measurement,10089E,valid,1050782,0,True,
1,1,000022,1790194063.5987222,32793.4823136,254.12379359999613,candidate-measurement,10089E,valid,1050782,0,True,
1,1,000022,1790194063.7907188,32793.674307,254.31578699999955,candidate-measurement,10089D,valid,1050781,-1,True,
1,1,000022,1790194063.9821312,32793.8657195,254.5071994999962,candidate-measurement,10089D,valid,1050781,0,True,
1,1,000022,1790194064.1901133,32794.0737014,254.71518139999534,candidate-measurement,10089D,valid,1050781,0,True,
1,1,000022,1790194064.3816965,32794.2652871,254.90676710000116,candidate-measurement,10089D,valid,1050781,0,True,
1,1,000022,1790194064.5736768,32794.457266,255.09874599999603,candidate-measurement,10089B,valid,1050779,-2,True,
1,1,000022,1790194064.7656682,32794.6492593,255.29073929999868,candidate-measurement,100898,valid,1050776,-3,True,
1,1,000022,1790194064.973663,32794.8572546,255.498734599998,candidate-measurement,100892,valid,1050770,-6,True,
1,1,000022,1790194065.165659,32795.0492475,255.6907274999976,candidate-measurement,10088E,valid,1050766,-4,True,
1,1,000022,1790194065.357074,32795.240663,255.88214299999527,candidate-measurement,10088C,valid,1050764,-2,True,
1,1,000022,1790194065.5650656,32795.4486547,256.09013469999627,candidate-measurement,10088B,valid,1050763,-1,True,
1,1,000022,1790194065.757055,32795.6406466,256.28212659999554,candidate-measurement,10088B,valid,1050763,0,True,
1,1,000022,1790194065.9486475,32795.8322389,256.4737189000007,candidate-measurement,10088B,valid,1050763,0,True,
1,1,000022,1790194066.1566393,32796.040227,256.6817069999961,candidate-measurement,10088A,valid,1050762,-1,True,
1,1,000022,1790194066.3486245,32796.2322129,256.8736929000006,candidate-measurement,100889,valid,1050761,-1,True,
1,1,000022,1790194066.5406117,32796.4242029,257.06568289999996,candidate-measurement,100884,valid,1050756,-5,True,
1,1,000022,1790194066.7326014,32796.6161924,257.2576723999955,candidate-measurement,100879,valid,1050745,-11,True,
1,1,000022,1790194066.9400156,32796.8236068,257.46508679999533,candidate-measurement,100876,valid,1050742,-3,True,
1,1,000022,1790194067.132016,32797.0156043,257.65708430000086,candidate-measurement,100874,valid,1050740,-2,True,
1,1,000022,1790194067.3235888,32797.2071769,257.8486569000015,candidate-measurement,100872,valid,1050738,-2,True,
1,1,000022,1790194067.5315812,32797.4151719,258.05665189999854,candidate-measurement,100871,valid,1050737,-1,True,
1,1,000022,1790194067.7235687,32797.6071601,258.24864009999874,candidate-measurement,10086E,valid,1050734,-3,True,
1,1,000022,1790194067.915566,32797.7991574,258.44063739999547,candidate-measurement,10086E,valid,1050734,0,True,
1,1,000022,1790194068.1229832,32798.0065729,258.6480528999964,candidate-measurement,10086C,valid,1050732,-2,True,
1,1,000022,1790194068.3149734,32798.1985621,258.84004209999694,candidate-measurement,100868,valid,1050728,-4,True,
1,1,000022,1790194068.506549,32798.3901373,259.03161729999556,candidate-measurement,100867,valid,1050727,-1,True,
1,1,000022,1790194068.6985438,32798.5821347,259.2236147000003,candidate-measurement,100866,valid,1050726,-1,True,
1,1,000022,1790194068.906543,32798.7901312,259.4316112000015,candidate-measurement,100865,valid,1050725,-1,True,
1,1,000022,1790194069.097948,32798.981539,259.62301899999875,candidate-measurement,100864,valid,1050724,-1,True,
1,1,000022,1790194069.2899504,32799.173539,259.8150190000015,candidate-measurement,100864,valid,1050724,0,True,
1,1,000022,1790194069.4975479,32799.3811379,260.02261790000193,candidate-measurement,100863,valid,1050723,-1,True,
1,1,000022,1790194069.689514,32799.5731023,260.2145822999955,candidate-measurement,100862,valid,1050722,-1,True,
1,1,000022,1790194069.8815074,32799.7650955,260.4065754999974,candidate-measurement,100862,valid,1050722,0,True,
1,1,000022,1790194070.088918,32799.9725084,260.6139884000004,candidate-measurement,100860,valid,1050720,-2,True,
1,1,000022,1790194070.2809134,32800.1645016,260.805981599995,candidate-measurement,10085F,valid,1050719,-1,True,
1,1,000022,1790194070.4724886,32800.3560778,260.99755780000123,candidate-measurement,10085D,valid,1050717,-2,True,
1,1,000022,1790194070.6644866,32800.5480779,261.18955789999745,candidate-measurement,10085C,valid,1050716,-1,True,
1,1,000022,1790194070.8724961,32800.7560844,261.397564400002,candidate-measurement,10085A,valid,1050714,-2,True,
1,1,000022,1790194071.0638876,32800.9474756,261.58895559999655,candidate-measurement,100858,valid,1050712,-2,True,
1,1,000022,1790194071.2558777,32801.1394664,261.780946400002,candidate-measurement,100855,valid,1050709,-3,True,
1,1,000022,1790194071.4634972,32801.347086,261.988566,candidate-measurement,100852,valid,1050706,-3,True,
1,1,000022,1790194071.6554415,32801.5390324,262.18051240000204,candidate-measurement,100851,valid,1050705,-1,True,
1,1,000022,1790194071.8474422,32801.7310302,262.3725101999953,candidate-measurement,100850,valid,1050704,-1,True,
1,1,000022,1790194072.055435,32801.939024,262.58050399999775,candidate-measurement,10084E,valid,1050702,-2,True,
1,1,000022,1790194072.2628677,32802.1464559,262.78793589999987,candidate-measurement,10084D,valid,1050701,-1,True,
1,1,000022,1790194072.4548407,32802.3384295,262.97990949999803,candidate-measurement,10084B,valid,1050699,-2,True,
1,1,000022,1790194072.646834,32802.5304241,263.171904099996,candidate-measurement,10084A,valid,1050698,-1,True,
1,1,000022,1790194072.8388019,32802.7223878,263.36386779999884,candidate-measurement,10084A,valid,1050698,0,True,
1,1,000022,1790194073.0304062,32802.9139943,263.5554742999957,candidate-measurement,10084A,valid,1050698,0,True,
1,1,000022,1790194073.2218225,32803.1054105,263.7468904999987,candidate-measurement,100848,valid,1050696,-2,True,
1,1,000022,1790194073.4298098,32803.3133984,263.95487839999987,candidate-measurement,100848,valid,1050696,0,True,
1,1,000022,1790194073.621806,32803.5053961,264.14687609999964,candidate-measurement,100848,valid,1050696,0,True,
1,1,000022,1790194073.8133671,32803.6969577,264.3384376999966,candidate-measurement,100847,valid,1050695,-1,True,
1,1,000022,1790194074.021377,32803.9049652,264.5464452000015,candidate-measurement,100845,valid,1050693,-2,True,
1,1,000022,1790194074.2133694,32804.0969575,264.7384374999965,candidate-measurement,100844,valid,1050692,-1,True,
1,1,000022,1790194074.4047828,32804.2883721,264.9298521000019,candidate-measurement,100844,valid,1050692,0,True,
1,1,000022,1790194074.5967739,32804.4803643,265.12184429999616,candidate-measurement,100844,valid,1050692,0,True,
1,1,000022,1790194074.8043416,32804.687931,265.3294109999988,candidate-measurement,100843,valid,1050691,-1,True,
1,1,000022,1790194074.9963424,32804.8799326,265.52141259999917,candidate-measurement,100843,valid,1050691,0,True,
1,1,000022,1790194075.1883316,32805.07192,265.71340000000055,candidate-measurement,100843,valid,1050691,0,True,
1,1,000022,1790194075.3957431,32805.279332,265.92081199999666,candidate-measurement,100843,valid,1050691,0,True,
1,1,000022,1790194075.5877454,32805.4713343,266.1128142999951,candidate-measurement,100841,valid,1050689,-2,True,
1,1,000022,1790194075.7793124,32805.662903,266.30438299999514,candidate-measurement,100841,valid,1050689,0,True,
1,1,000022,1790194075.987309,32805.8708989,266.512378899999,candidate-measurement,100838,valid,1050680,-9,True,
1,1,000022,1790194076.179307,32806.0628952,266.7043751999954,candidate-measurement,100834,valid,1050676,-4,True,
1,1,000022,1790194076.3707225,32806.2543107,266.89579070000036,candidate-measurement,100832,valid,1050674,-2,True,
1,1,000022,1790194076.562722,32806.446311,267.0877909999981,candidate-measurement,100830,valid,1050672,-2,True,
1,1,000022,1790194076.7702892,32806.6538797,267.2953597000014,candidate-measurement,100830,valid,1050672,0,True,
1,1,000022,1790194076.9622746,32806.8458658,267.4873458000002,candidate-measurement,100830,valid,1050672,0,True,
1,1,000022,1790194077.1542797,32807.0378688,267.67934879999666,candidate-measurement,100830,valid,1050672,0,True,
1,1,000022,1790194077.3616872,32807.2452761,267.88675610000064,candidate-measurement,10082F,valid,1050671,-1,True,
1,1,000022,1790194077.5536716,32807.4372618,268.07874179999635,candidate-measurement,100829,valid,1050665,-6,True,
1,1,000022,1790194077.7452521,32807.628842,268.27032199999667,candidate-measurement,10081E,valid,1050654,-11,True,
1,1,000022,1790194077.953256,32807.8368467,268.4783266999948,candidate-measurement,10081A,valid,1050650,-4,True,
1,1,000022,1790194078.1452503,32808.0288386,268.67031860000134,candidate-measurement,100817,valid,1050647,-3,True,
1,1,000022,1790194078.3366516,32808.2202395,268.861719499997,candidate-measurement,100814,valid,1050644,-3,True,
1,1,000022,1790194078.52865,32808.4122399,269.0537198999955,candidate-measurement,10080E,valid,1050638,-6,True,
1,1,000022,1790194078.7362478,32808.6198391,269.2613190999982,candidate-measurement,10080C,valid,1050636,-2,True,
1,1,000022,1790194078.9282193,32808.8118062,269.4532861999978,candidate-measurement,10080A,valid,1050634,-2,True,
1,1,000022,1790194079.1202164,32809.0038046,269.64528459999565,candidate-measurement,100808,valid,1050632,-2,True,
1,1,000022,1790194079.327627,32809.2112155,269.85269549999794,candidate-measurement,100808,valid,1050632,0,True,
1,1,000022,1790194079.5196168,32809.4032055,270.0446854999973,candidate-measurement,100806,valid,1050630,-2,True,
1,1,000022,1790194079.7111855,32809.5947766,270.23625660000107,candidate-measurement,100805,valid,1050629,-1,True,
1,1,000022,1790194079.9191833,32809.8027726,270.44425259999844,candidate-measurement,100802,valid,1050626,-3,True,
1,1,000022,1790194080.111184,32809.9947718,270.6362517999951,candidate-measurement,100802,valid,1050626,0,True,
1,1,000022,1790194080.3031712,32810.1867591,270.8282390999957,candidate-measurement,1007FF,valid,1050623,-3,True,
1,1,000022,1790194080.494589,32810.3781779,271.0196578999967,candidate-measurement,1007FE,valid,1050622,-1,True,
1,1,000022,1790194080.7025936,32810.5861826,271.2276625999948,candidate-measurement,1007FB,valid,1050619,-3,True,
1,1,000022,1790194080.8941507,32810.7777402,271.41922019999765,candidate-measurement,1007F8,valid,1050616,-3,True,
1,1,000022,1790194081.0861437,32810.9697326,271.6112126000007,candidate-measurement,1007F6,valid,1050614,-2,True,
1,1,000022,1790194081.2941394,32811.1777278,271.8192077999993,candidate-measurement,1007F4,valid,1050612,-2,True,
1,1,000022,1790194081.486148,32811.3697367,272.011216699997,candidate-measurement,1007F2,valid,1050610,-2,True,
1,1,000022,1790194081.6775417,32811.5611317,272.20261169999867,candidate-measurement,1007F0,valid,1050608,-2,True,
1,1,000022,1790194081.8695383,32811.7531291,272.39460909999616,candidate-measurement,1007F0,valid,1050608,0,True,
1,1,000022,1790194082.0771499,32811.9607402,272.6022201999949,candidate-measurement,1007F0,valid,1050608,0,True,
1,1,000022,1790194082.2691083,32812.1526963,272.79417629999807,candidate-measurement,1007F0,valid,1050608,0,True,
1,1,000022,1790194082.4611,32812.3446897,272.9861697000015,candidate-measurement,1007EE,valid,1050606,-2,True,
1,1,000022,1790194082.6690917,32812.5526807,273.19416069999716,candidate-measurement,1007EE,valid,1050606,0,True,
1,1,000022,1790194082.8610837,32812.7446751,273.3861551000009,candidate-measurement,1007EE,valid,1050606,0,True,
1,1,000022,1790194083.0524998,32812.9360908,273.5775708000001,candidate-measurement,1007ED,valid,1050605,-1,True,
1,1,000022,1790194083.2604961,32813.1440851,273.7855650999991,candidate-measurement,1007EB,valid,1050603,-2,True,
1,1,000022,1790194083.4524848,32813.3360741,273.9775540999981,candidate-measurement,1007EA,valid,1050602,-1,True,
1,1,000022,1790194083.6440625,32813.5276527,274.1691327000008,candidate-measurement,1007E9,valid,1050601,-1,True,
1,1,000022,1790194083.8360503,32813.7196416,274.361121599999,candidate-measurement,1007E9,valid,1050601,0,True,
1,1,000022,1790194084.0434802,32813.9270688,274.56854880000174,candidate-measurement,1007E9,valid,1050601,0,True,
1,1,000022,1790194084.2354639,32814.1190525,274.76053249999677,candidate-measurement,1007E9,valid,1050601,0,True,
1,1,000022,1790194084.427459,32814.3110495,274.9525294999985,candidate-measurement,1007E8,valid,1050600,-1,True,
1,1,000022,1790194084.635028,32814.5186167,275.16009669999767,candidate-measurement,1007E4,valid,1050596,-4,True,
1,1,000022,1790194084.8270597,32814.7106484,275.3521284000017,candidate-measurement,1007DD,valid,1050589,-7,True,
1,1,000022,1790194085.019018,32814.9026084,275.54408839999815,candidate-measurement,1007DA,valid,1050586,-3,True,
1,1,000022,1790194085.2270105,32815.1105987,275.75207869999576,candidate-measurement,1007D8,valid,1050584,-2,True,
1,1,000022,1790194085.4184437,32815.3020341,275.94351409999945,candidate-measurement,1007D7,valid,1050583,-1,True,
1,1,000022,1790194085.6104147,32815.4940039,276.1354838999978,candidate-measurement,1007D7,valid,1050583,0,True,
1,1,000022,1790194085.802411,32815.6860005,276.32748049999645,candidate-measurement,1007D7,valid,1050583,0,True,
1,1,000022,1790194086.0099936,32815.8935845,276.53506449999986,candidate-measurement,1007D7,valid,1050583,0,True,
1,1,000022,1790194086.2019815,32816.0855708,276.72705080000014,candidate-measurement,1007D7,valid,1050583,0,True,
1,1,000022,1790194086.3939726,32816.2775618,276.91904179999983,candidate-measurement,1007D4,valid,1050580,-3,True,
1,1,000022,1790194086.6013916,32816.4849799,277.12645989999874,candidate-measurement,1007C6,valid,1050566,-14,True,
1,1,000022,1790194086.7929578,32816.6765488,277.3180288000003,candidate-measurement,1007C1,valid,1050561,-5,True,
1,1,000022,1790194086.98495,32816.8685412,277.5100211999961,candidate-measurement,1007BE,valid,1050558,-3,True,
1,1,000022,1790194087.1929438,32817.076533,277.7180129999979,candidate-measurement,1007BA,valid,1050554,-4,True,
1,1,000022,1790194087.4009423,32817.2845306,277.92601060000015,candidate-measurement,1007B6,valid,1050550,-4,True,
1,1,000022,1790194087.5923533,32817.4759431,278.1174230999968,candidate-measurement,1007B2,valid,1050546,-4,True,
1,1,000022,1790194087.784345,32817.6679364,278.30941639999946,candidate-measurement,1007B0,valid,1050544,-2,True,
1,1,000022,1790194087.9759247,32817.8595126,278.5009925999984,candidate-measurement,1007AF,valid,1050543,-1,True,
1,1,000022,1790194088.1679442,32818.0515316,278.6930116000003,candidate-measurement,1007AF,valid,1050543,0,True,
1,1,000022,1790194088.3599057,32818.2434954,278.8849753999966,candidate-measurement,1007AD,valid,1050541,-2,True,
1,1,000022,1790194088.5678985,32818.4514874,279.0929673999999,candidate-measurement,1007AC,valid,1050540,-1,True,
1,1,000022,1790194088.7593164,32818.6429047,279.28438469999674,candidate-measurement,1007AA,valid,1050538,-2,True,
1,1,000022,1790194088.9513059,32818.8348974,279.4763773999948,candidate-measurement,1007A8,valid,1050536,-2,True,
1,1,000022,1790194089.1593113,32819.0428995,279.684379499995,candidate-measurement,1007A6,valid,1050534,-2,True,
1,1,000022,1790194089.3668938,32819.2504835,279.8919634999984,candidate-measurement,1007A5,valid,1050533,-1,True,
1,1,000022,1790194089.558881,32819.4424712,280.08395120000205,candidate-measurement,1007A2,valid,1050530,-3,True,
1,1,000022,1790194089.7508876,32819.6344762,280.2759561999992,candidate-measurement,1007A0,valid,1050528,-2,True,
1,1,000022,1790194089.942861,32819.8264489,280.4679288999978,candidate-measurement,10079D,valid,1050525,-3,True,
1,1,000022,1790194090.1343021,32820.0178893,280.6593692999959,candidate-measurement,10079B,valid,1050523,-2,True,
1,1,000022,1790194090.3262842,32820.2098726,280.85135259999515,candidate-measurement,10079A,valid,1050522,-1,True,
1,1,000022,1790194090.533838,32820.417427,281.0589069999987,candidate-measurement,100798,valid,1050520,-2,True,
1,1,000022,1790194090.7258315,32820.6094207,281.25090069999715,candidate-measurement,100796,valid,1050518,-2,True,
1,1,000022,1790194090.917823,32820.8014139,281.44289389999904,candidate-measurement,100796,valid,1050518,0,True,
1,1,000022,1790194091.1252363,32821.0088246,281.6503045999998,candidate-measurement,100796,valid,1050518,0,True,
1,1,000022,1790194091.3172338,32821.2008223,281.8423022999996,candidate-measurement,100796,valid,1050518,0,True,
1,1,000022,1790194091.5088093,32821.3923994,282.0338793999981,candidate-measurement,100795,valid,1050517,-1,True,
1,1,000022,1790194091.7007954,32821.584384,282.225864,candidate-measurement,100795,valid,1050517,0,True,
1,1,000022,1790194091.9087903,32821.7923816,282.433861599995,candidate-measurement,100793,valid,1050515,-2,True,
1,1,000022,1790194092.100208,32821.9837992,282.6252792000014,candidate-measurement,100792,valid,1050514,-1,True,
1,1,000022,1790194092.2921953,32822.1757839,282.81726389999676,candidate-measurement,100790,valid,1050512,-2,True,
1,1,000022,1790194092.5001984,32822.3837871,283.025267099998,candidate-measurement,100790,valid,1050512,0,True,
1,1,000022,1790194092.692209,32822.5757981,283.2172780999972,candidate-measurement,100790,valid,1050512,0,True,
1,1,000022,1790194092.8837612,32822.7673522,283.40883219999523,candidate-measurement,100790,valid,1050512,0,True,
1,1,000022,1790194093.091754,32822.9753425,283.6168225000001,candidate-measurement,10078F,valid,1050511,-1,True,
1,1,000022,1790194093.283751,32823.1673398,283.80881979999685,candidate-measurement,10078F,valid,1050511,0,True,
1,1,000022,1790194093.4751625,32823.3587524,284.00023240000155,candidate-measurement,10078F,valid,1050511,0,True,
1,1,000022,1790194093.667169,32823.5507589,284.1922388999956,candidate-measurement,10078F,valid,1050511,0,True,
1,1,000022,1790194093.8747458,32823.7583365,284.3998165000012,candidate-measurement,10078F,valid,1050511,0,True,
1,1,000022,1790194094.0667272,32823.9503155,284.5917954999968,candidate-measurement,10078D,valid,1050509,-2,True,
1,1,000022,1790194094.2587216,32824.1423107,284.7837906999994,candidate-measurement,100785,valid,1050501,-8,True,
1,1,000022,1790194094.4661314,32824.349722,284.99120199999743,candidate-measurement,100780,valid,1050496,-5,True,
1,1,000022,1790194094.658132,32824.5417212,285.18320120000135,candidate-measurement,10077E,valid,1050494,-2,True,
1,1,000022,1790194094.850116,32824.7337068,285.3751867999963,candidate-measurement,10077D,valid,1050493,-1,True,
1,1,000022,1790194095.0576906,32824.9412803,285.5827602999998,candidate-measurement,10077D,valid,1050493,0,True,
1,1,000022,1790194095.2496893,32825.1332776,285.7747575999965,candidate-measurement,10077D,valid,1050493,0,True,
1,1,000022,1790194095.4416728,32825.3252624,285.96674239999993,candidate-measurement,10077D,valid,1050493,0,True,
1,1,000022,1790194095.6330955,32825.5166836,286.15816359999735,candidate-measurement,10077A,valid,1050490,-3,True,
1,1,000022,1790194095.8410926,32825.7246809,286.36616089999734,candidate-measurement,10076F,valid,1050479,-11,True,
1,1,000022,1790194096.0326545,32825.916245,286.55772499999875,candidate-measurement,100769,valid,1050473,-6,True,
1,1,000022,1790194096.2246583,32826.1082471,286.74972709999565,candidate-measurement,100767,valid,1050471,-2,True,
1,1,000022,1790194096.4326446,32826.3162333,286.95771329999843,candidate-measurement,100765,valid,1050469,-2,True,
1,1,000022,1790194096.6246524,32826.5082408,287.14972080000007,candidate-measurement,100764,valid,1050468,-1,True,
1,1,000022,1790194096.8160524,32826.6996424,287.34112240000104,candidate-measurement,100762,valid,1050466,-2,True,
1,1,000022,1790194097.0236256,32826.9072164,287.54869640000106,candidate-measurement,100760,valid,1050464,-2,True,
1,1,000022,1790194097.2156224,32827.0992112,287.7406912000006,candidate-measurement,10075E,valid,1050462,-2,True,
1,1,000022,1790194097.407616,32827.2912061,287.93268610000086,candidate-measurement,10075B,valid,1050459,-3,True,
1,1,000022,1790194097.5996158,32827.483204,288.1246839999949,candidate-measurement,100758,valid,1050456,-3,True,
1,1,000022,1790194097.8076189,32827.6912079,288.3326879000015,candidate-measurement,100757,valid,1050455,-1,True,
1,1,000022,1790194097.9990172,32827.8826071,288.5240870999987,candidate-measurement,100756,valid,1050454,-1,True,
1,1,000022,1790194098.1910172,32828.0746061,288.7160861000011,candidate-measurement,100756,valid,1050454,0,True,
1,1,000022,1790194098.3986504,32828.2822387,288.92371869999624,candidate-measurement,100754,valid,1050452,-2,True,
1,1,000022,1790194098.5905726,32828.4741624,289.11564240000007,candidate-measurement,100753,valid,1050451,-1,True,
1,1,000022,1790194098.782572,32828.6661615,289.30764149999595,candidate-measurement,100752,valid,1050450,-1,True,
1,1,000022,1790194098.9745636,32828.8581546,289.4996345999971,candidate-measurement,100751,valid,1050449,-1,True,
1,1,000022,1790194099.181982,32829.0655698,289.70704979999573,candidate-measurement,10074F,valid,1050447,-2,True,
1,1,000022,1790194099.3739722,32829.2575627,289.89904269999533,candidate-measurement,10074E,valid,1050446,-1,True,
1,1,000022,1790194099.5659668,32829.4495573,290.0910373000006,candidate-measurement,10074E,valid,1050446,0,True,
1,1,000022,1790194099.7735417,32829.6571316,290.29861159999564,candidate-measurement,10074D,valid,1050445,-1,True,
1,1,000022,1790194099.9655435,32829.8491316,290.4906115999984,candidate-measurement,10074C,valid,1050444,-1,True,
1,1,000022,1790194100.1575336,32830.0411222,290.682602199995,candidate-measurement,100749,valid,1050441,-3,True,
1,1,000022,1790194100.3649423,32830.2485317,290.8900117000012,candidate-measurement,100748,valid,1050440,-1,True,
1,1,000022,1790194100.5565104,32830.4401007,291.08158069999627,candidate-measurement,100746,valid,1050438,-2,True,
1,1,000022,1790194100.7485158,32830.6321046,291.2735845999996,candidate-measurement,100744,valid,1050436,-2,True,
1,1,000022,1790194100.9405034,32830.8240929,291.46557290000055,candidate-measurement,100743,valid,1050435,-1,True,
1,1,000022,1790194101.1479235,32831.0315111,291.6729911000002,candidate-measurement,100742,valid,1050434,-1,True,
1,1,000022,1790194101.3399081,32831.2234965,291.8649765000009,candidate-measurement,100740,valid,1050432,-2,True,
1,1,000022,1790194101.5319116,32831.4154997,292.0569796999989,candidate-measurement,10073E,valid,1050430,-2,True,
1,1,000022,1790194101.7395203,32831.623109,292.2645889999985,candidate-measurement,10073C,valid,1050428,-2,True,
1,1,000022,1790194101.9314692,32831.8150589,292.4565388999981,candidate-measurement,10073C,valid,1050428,0,True,
1,1,000022,1790194102.1234655,32832.0070546,292.6485345999972,candidate-measurement,10073C,valid,1050428,0,True,
1,1,000022,1790194102.3314555,32832.215044,292.85652399999526,candidate-measurement,10073C,valid,1050428,0,True,
1,1,000022,1790194102.5388782,32832.4224665,293.06394649999856,candidate-measurement,10073B,valid,1050427,-1,True,
1,1,000022,1790194102.7308674,32832.6144552,293.2559351999953,candidate-measurement,10073A,valid,1050426,-1,True,
1,1,000022,1790194102.9224389,32832.8060291,293.44750909999857,candidate-measurement,10073A,valid,1050426,0,True,
1,1,000022,1790194103.1144354,32832.9980261,293.6395061000003,candidate-measurement,10073A,valid,1050426,0,True,
1,1,000022,1790194103.3064315,32833.1900202,293.83150020000176,candidate-measurement,100738,valid,1050424,-2,True,
1,1,000022,1790194103.4978485,32833.3814368,294.02291680000053,candidate-measurement,100736,valid,1050422,-2,True,
1,1,000022,1790194103.7058308,32833.5894218,294.23090180000145,candidate-measurement,100736,valid,1050422,0,True,
1,1,000022,1790194103.897437,32833.7810249,294.4225049000015,candidate-measurement,100736,valid,1050422,0,True,
1,1,000022,1790194104.0893986,32833.9729882,294.6144682000013,candidate-measurement,100735,valid,1050421,-1,True,
1,1,000022,1790194104.297397,32834.1809854,294.8224654000005,candidate-measurement,100735,valid,1050421,0,True,
1,1,000022,1790194104.4888031,32834.3723934,295.0138733999993,candidate-measurement,100735,valid,1050421,0,True,
1,1,000022,1790194104.6807995,32834.5643898,295.20586979999644,candidate-measurement,100735,valid,1050421,0,True,
1,1,000022,1790194104.8727922,32834.7563818,295.39786179999646,candidate-measurement,100735,valid,1050421,0,True,
1,1,000022,1790194105.0803726,32834.9639612,295.6054412000012,candidate-measurement,100734,valid,1050420,-1,True,
1,1,000022,1790194105.272377,32835.1559653,295.7974452999988,candidate-measurement,10072F,valid,1050415,-5,True,
1,1,000022,1790194105.4643724,32835.3479632,295.9894432000001,candidate-measurement,100729,valid,1050409,-6,True,
1,1,000022,1790194105.6717668,32835.5553572,296.1968371999974,candidate-measurement,100726,valid,1050406,-3,True,
1,1,000022,1790194105.8637664,32835.7473548,296.3888347999964,candidate-measurement,100724,valid,1050404,-2,True,
1,1,000022,1790194106.0558043,32835.9393901,296.5808700999987,candidate-measurement,100723,valid,1050403,-1,True,
1,1,000022,1790194106.2633367,32836.1469247,296.78840469999705,candidate-measurement,100723,valid,1050403,0,True,
1,1,000022,1790194106.4553246,32836.3389155,296.9803954999952,candidate-measurement,100723,valid,1050403,0,True,
1,1,000022,1790194106.6473205,32836.530909,297.1723889999994,candidate-measurement,100723,valid,1050403,0,True,
1,1,000022,1790194106.838735,32836.7223235,297.3638034999967,candidate-measurement,100723,valid,1050403,0,True,
1,1,000022,1790194107.0467246,32836.9303151,297.57179509999696,candidate-measurement,100722,valid,1050402,-1,True,
1,1,000022,1790194107.238296,32837.1218845,297.7633644999951,candidate-measurement,100721,valid,1050401,-1,True,
1,1,000022,1790194107.4302936,32837.3138848,297.9553648000001,candidate-measurement,10071E,valid,1050398,-3,True,
1,1,000022,1790194107.6382875,32837.5218766,298.16335660000186,candidate-measurement,100712,valid,1050386,-12,True,
1,1,000022,1790194107.8302827,32837.7138728,298.3553527999975,candidate-measurement,10070D,valid,1050381,-5,True,
1,1,000022,1790194108.0216951,32837.9052852,298.54676520000066,candidate-measurement,10070A,valid,1050378,-3,True,
1,1,000022,1790194108.229691,32838.1132798,298.7547598000019,candidate-measurement,100707,valid,1050375,-3,True,
1,1,000022,1790194108.421674,32838.3052614,298.9467413999955,candidate-measurement,100704,valid,1050372,-3,True,
1,1,000022,1790194108.61326,32838.496849,299.13832900000125,candidate-measurement,100700,valid,1050368,-4,True,
1,1,000022,1790194108.8052526,32838.6888425,299.33032249999815,candidate-measurement,1006FE,valid,1050366,-2,True,
1,1,000022,1790194109.0132685,32838.8968587,299.53833869999653,candidate-measurement,1006FC,valid,1050364,-2,True,
1,1,000022,1790194109.2052426,32839.0888304,299.7303103999948,candidate-measurement,1006FC,valid,1050364,0,True,
1,1,000022,1790194109.3966699,32839.2802586,299.92173860000185,candidate-measurement,1006FA,valid,1050362,-2,True,
2,1,000023,1790194112.30614,32842.1897285,0.2025502000033157,candidate-warmup,10066B,valid,1050219,-143,True,
2,1,000023,1790194112.4981267,32842.3817157,0.3945374000031734,candidate-warmup,10066B,valid,1050219,0,True,
2,1,000023,1790194112.6895447,32842.5731339,0.5859555999995791,candidate-warmup,10066B,valid,1050219,0,True,
2,1,000023,1790194112.8975368,32842.7811249,0.7939466000025277,candidate-warmup,10066B,valid,1050219,0,True,
2,1,000023,1790194113.0891109,32842.9727005,0.9855222000041977,candidate-warmup,10066B,valid,1050219,0,True,
2,1,000023,1790194113.281111,32843.1646995,1.177521199999319,candidate-warmup,10066B,valid,1050219,0,True,
2,1,000023,1790194113.473102,32843.3566909,1.3695126000020537,candidate-warmup,10066B,valid,1050219,0,True,
2,1,000023,1790194113.6815777,32843.5651636,1.577985299998545,candidate-warmup,10066A,valid,1050218,-1,True,
2,1,000023,1790194113.8725028,32843.7560937,1.768915400003607,candidate-warmup,100668,valid,1050216,-2,True,
2,1,000023,1790194114.0640757,32843.947665,1.9604867000016384,candidate-warmup,100667,valid,1050215,-1,True,
2,1,000023,1790194114.2720923,32844.155681,2.1685026999984984,candidate-warmup,100664,valid,1050212,-3,True,
2,1,000023,1790194114.46408,32844.3476691,2.360490800005209,candidate-warmup,100664,valid,1050212,0,True,
2,1,000023,1790194114.655478,32844.5390687,2.5518904000055045,candidate-warmup,100664,valid,1050212,0,True,
2,1,000023,1790194114.8634877,32844.747078,2.759899700002279,candidate-warmup,100662,valid,1050210,-2,True,
2,1,000023,1790194115.0554633,32844.9390529,2.951874600003066,candidate-warmup,100662,valid,1050210,0,True,
2,1,000023,1790194115.2470436,32845.1306322,3.1434539000038058,candidate-warmup,100662,valid,1050210,0,True,
2,1,000023,1790194115.439033,32845.3226234,3.3354451000050176,candidate-warmup,100660,valid,1050208,-2,True,
2,1,000023,1790194115.6470196,32845.5306093,3.543431000005512,candidate-warmup,10065E,valid,1050206,-2,True,
2,1,000023,1790194115.838454,32845.7220449,3.7348666000034427,candidate-warmup,10065C,valid,1050204,-2,True,
2,1,000023,1790194116.0304372,32845.9140258,3.926847499998985,candidate-warmup,10065C,valid,1050204,0,True,
2,1,000023,1790194116.238013,32846.1216016,4.134423300005437,candidate-warmup,10065C,valid,1050204,0,True,
2,1,000023,1790194116.4299965,32846.3135872,4.326408900000388,candidate-warmup,10065B,valid,1050203,-1,True,
2,1,000023,1790194116.6219978,32846.5055884,4.518410100004985,candidate-warmup,10065A,valid,1050202,-1,True,
2,1,000023,1790194116.829429,32846.7130186,4.725840300001437,candidate-warmup,100659,valid,1050201,-1,True,
2,1,000023,1790194117.0214,32846.9049906,4.91781230000197,candidate-warmup,100658,valid,1050200,-1,True,
2,1,000023,1790194117.2129815,32847.0965707,5.109392400001525,candidate-warmup,100656,valid,1050198,-2,True,
2,1,000023,1790194117.4049718,32847.2885627,5.301384400001552,candidate-warmup,100656,valid,1050198,0,True,
2,1,000023,1790194117.6129653,32847.4965566,5.509378300004755,candidate-warmup,100654,valid,1050196,-2,True,
2,1,000023,1790194117.804959,32847.6885482,5.701369900001737,candidate-warmup,100652,valid,1050194,-2,True,
2,1,000023,1790194117.9963825,32847.8799704,5.892792099999497,candidate-warmup,100652,valid,1050194,0,True,
2,1,000023,1790194118.2043834,32848.0879705,6.100792199998978,candidate-warmup,100650,valid,1050192,-2,True,
2,1,000023,1790194118.3959475,32848.2795354,6.292357099999208,candidate-warmup,10064D,valid,1050189,-3,True,
2,1,000023,1790194118.587948,32848.4715356,6.484357300003467,candidate-warmup,10064B,valid,1050187,-2,True,
2,1,000023,1790194118.7959208,32848.6795115,6.692333200000576,candidate-warmup,10064A,valid,1050186,-1,True,
2,1,000023,1790194118.9873364,32848.8709254,6.883747100000619,candidate-warmup,10064A,valid,1050186,0,True,
2,1,000023,1790194119.179335,32849.0629236,7.0757453000042005,candidate-warmup,100648,valid,1050184,-2,True,
2,1,000023,1790194119.3709106,32849.2544987,7.267320400002063,candidate-warmup,100648,valid,1050184,0,True,
2,1,000023,1790194119.5789187,32849.4625093,7.475331000001461,candidate-warmup,100647,valid,1050183,-1,True,
2,1,000023,1790194119.7703278,32849.6539182,7.666739899999811,candidate-warmup,100646,valid,1050182,-1,True,
2,1,000023,1790194119.9623117,32849.8459024,7.858724099998653,candidate-warmup,100645,valid,1050181,-1,True,
2,1,000023,1790194120.1703043,32850.053893,8.066714699998556,candidate-warmup,100644,valid,1050180,-1,True,
2,1,000023,1790194120.3618815,32850.2454702,8.258291900005133,candidate-warmup,100643,valid,1050179,-1,True,
2,1,000023,1790194120.5539124,32850.4374945,8.450316200003726,candidate-warmup,100641,valid,1050177,-2,True,
2,1,000023,1790194120.7618587,32850.6454501,8.658271799999056,candidate-warmup,100640,valid,1050176,-1,True,
2,1,000023,1790194120.9692914,32850.85288,8.8657017000005,candidate-warmup,100640,valid,1050176,0,True,
2,1,000023,1790194121.1612728,32851.0448613,9.057682999999088,candidate-warmup,10063E,valid,1050174,-2,True,
2,1,000023,1790194121.352845,32851.2364334,9.24925510000321,candidate-warmup,10063B,valid,1050171,-3,True,
2,1,000023,1790194121.5448499,32851.4284412,9.441262899999856,candidate-warmup,100638,valid,1050168,-3,True,
2,1,000023,1790194121.7368245,32851.6204158,9.633237499998359,candidate-warmup,100635,valid,1050165,-3,True,
2,1,000023,1790194121.9288251,32851.8124141,9.825235800002702,candidate-warmup,100634,valid,1050164,-1,True,
2,1,000023,1790194122.1362457,32852.0198339,10.032655599999998,candidate-warmup,100632,valid,1050162,-2,True,
2,1,000023,1790194122.3282356,32852.2118243,10.224646000002394,candidate-warmup,100630,valid,1050160,-2,True,
2,1,000023,1790194122.5202358,32852.4038265,10.416648200000054,candidate-warmup,10062F,valid,1050159,-1,True,
2,1,000023,1790194122.7278051,32852.6113942,10.624215900003037,candidate-warmup,10062E,valid,1050158,-1,True,
2,1,000023,1790194122.9197972,32852.8033852,10.816206900002726,candidate-warmup,10062E,valid,1050158,0,True,
2,1,000023,1790194123.1117928,32852.995382,11.008203700002923,candidate-warmup,10062E,valid,1050158,0,True,
2,1,000023,1790194123.319204,32853.2027929,11.21561460000521,candidate-warmup,10062D,valid,1050157,-1,True,
2,1,000023,1790194123.5111969,32853.3947851,11.407606799999485,candidate-warmup,10062D,valid,1050157,0,True,
2,1,000023,1790194123.702766,32853.5863552,11.59917690000293,candidate-warmup,10062D,valid,1050157,0,True,
2,1,000023,1790194123.8947625,32853.7783526,11.79117430000042,candidate-warmup,10062C,valid,1050156,-1,True,
2,1,000023,1790194124.1027615,32853.9863497,11.999171399998886,candidate-warmup,10062A,valid,1050154,-2,True,
2,1,000023,1790194124.2947536,32854.1783414,12.191163100003905,candidate-warmup,100628,valid,1050152,-2,True,
2,1,000023,1790194124.4861598,32854.3697486,12.382570300003863,candidate-warmup,100628,valid,1050152,0,True,
2,1,000023,1790194124.694159,32854.5777485,12.590570200001821,candidate-warmup,100628,valid,1050152,0,True,
2,1,000023,1790194124.885728,32854.769319,12.782140700001037,candidate-warmup,100628,valid,1050152,0,True,
2,1,000023,1790194125.0777225,32854.9613126,12.974134299998695,candidate-warmup,100627,valid,1050151,-1,True,
2,1,000023,1790194125.269724,32855.153312,13.166133700004139,candidate-warmup,100627,valid,1050151,0,True,
2,1,000023,1790194125.4777534,32855.3613411,13.374162799998885,candidate-warmup,100627,valid,1050151,0,True,
2,1,000023,1790194125.6691275,32855.5527156,13.565537300004507,candidate-warmup,100627,valid,1050151,0,True,
2,1,000023,1790194125.8611183,32855.7447095,13.75753120000445,candidate-warmup,100627,valid,1050151,0,True,
2,1,000023,1790194126.0687027,32855.9522897,13.965111400000751,candidate-warmup,100623,valid,1050147,-4,True,
2,1,000023,1790194126.2606964,32856.1442846,14.157106300001033,candidate-warmup,10061C,valid,1050140,-7,True,
2,1,000023,1790194126.452675,32856.3362662,14.349087900001905,candidate-warmup,100618,valid,1050136,-4,True,
2,1,000023,1790194126.660688,32856.5442782,14.557099900004687,candidate-warmup,100616,valid,1050134,-2,True,
2,1,000023,1790194126.8680816,32856.751671,14.764492700000119,candidate-warmup,100615,valid,1050133,-1,True,
2,1,000023,1790194127.0600834,32856.9436719,14.956493600002432,candidate-warmup,100615,valid,1050133,0,True,
2,1,000023,1790194127.2520773,32857.1356658,15.148487500002375,candidate-warmup,100615,valid,1050133,0,True,
2,1,000023,1790194127.4437912,32857.3273775,15.340199199999915,candidate-warmup,100615,valid,1050133,0,True,
2,1,000023,1790194127.6356356,32857.519227,15.532048699998995,candidate-warmup,100614,valid,1050132,-1,True,
2,1,000023,1790194127.8270535,32857.7106427,15.723464400005469,candidate-warmup,100611,valid,1050129,-3,True,
2,1,000023,1790194128.0350478,32857.918638,15.93145970000478,candidate-warmup,100604,valid,1050116,-13,True,
2,1,000023,1790194128.2270465,32858.1106352,16.123456900000747,candidate-warmup,1005FF,valid,1050111,-5,True,
2,1,000023,1790194128.4186091,32858.3022005,16.315022200004023,candidate-warmup,1005FC,valid,1050108,-3,True,
2,1,000023,1790194128.62662,32858.510209,16.523030700001982,candidate-warmup,1005FA,valid,1050106,-2,True,
2,1,000023,1790194128.8340228,32858.7176138,16.730435500001477,candidate-warmup,1005F6,valid,1050102,-4,True,
2,1,000023,1790194129.026016,32858.9096076,16.92242930000066,candidate-warmup,1005F2,valid,1050098,-4,True,
2,1,000023,1790194129.2175982,32859.1011862,17.114007900003344,candidate-warmup,1005EE,valid,1050094,-4,True,
2,1,000023,1790194129.4095957,32859.2931862,17.306007899998804,candidate-warmup,1005ED,valid,1050093,-1,True,
2,1,000023,1790194129.601569,32859.4851588,17.497980500003905,candidate-warmup,1005EC,valid,1050092,-1,True,
2,1,000023,1790194129.7935686,32859.6771592,17.68998090000241,candidate-warmup,1005EA,valid,1050090,-2,True,
2,1,000023,1790194130.0015652,32859.8851556,17.89797730000282,candidate-warmup,1005E9,valid,1050089,-1,True,
2,1,000023,1790194130.1929932,32860.0765813,18.089403000005404,candidate-warmup,1005E5,valid,1050085,-4,True,
2,1,000023,1790194130.3849757,32860.2685646,18.28138630000467,candidate-warmup,1005E5,valid,1050085,0,True,
2,1,000023,1790194130.5925436,32860.4761316,18.488953300002322,candidate-warmup,1005E5,valid,1050085,0,True,
2,1,000023,1790194130.7845414,32860.6681298,18.680951499998628,candidate-warmup,1005E2,valid,1050082,-3,True,
2,1,000023,1790194130.976549,32860.8601362,18.872957899999165,candidate-warmup,1005E0,valid,1050080,-2,True,
2,1,000023,1790194131.1685321,32861.0521204,19.064942100005283,candidate-warmup,1005DB,valid,1050075,-5,True,
2,1,000023,1790194131.3765175,32861.2601062,19.272927900005016,candidate-warmup,1005D8,valid,1050072,-3,True,
2,1,000023,1790194131.567933,32861.451524,19.464345699998375,candidate-warmup,1005D6,valid,1050070,-2,True,
2,1,000023,1790194131.7599208,32861.6435121,19.656333800005086,candidate-warmup,1005D4,valid,1050068,-2,True,
2,1,000023,1790194131.9674926,32861.8510818,19.86390350000147,candidate-warmup,1005D4,valid,1050068,0,True,
2,1,000023,1790194132.1594985,32862.0430869,20.055908599999384,candidate-measurement,1005D4,valid,1050068,0,True,
2,1,000023,1790194132.3514922,32862.2350816,20.24790330000542,candidate-measurement,1005D2,valid,1050066,-2,True,
2,1,000023,1790194132.5589051,32862.4424934,20.455315100000007,candidate-measurement,1005D2,valid,1050066,0,True,
2,1,000023,1790194132.750929,32862.6345145,20.647336200003338,candidate-measurement,1005D2,valid,1050066,0,True,
2,1,000023,1790194132.942893,32862.8264813,20.839303000000655,candidate-measurement,1005D0,valid,1050064,-2,True,
2,1,000023,1790194133.134469,32863.018059,21.030880700003763,candidate-measurement,1005CE,valid,1050062,-2,True,
2,1,000023,1790194133.342463,32863.2260515,21.23887320000358,candidate-measurement,1005CE,valid,1050062,0,True,
2,1,000023,1790194133.5344481,32863.4180391,21.43086079999921,candidate-measurement,1005CD,valid,1050061,-1,True,
2,1,000023,1790194133.72588,32863.6094693,21.622290999999677,candidate-measurement,1005CD,valid,1050061,0,True,
2,1,000023,1790194133.9338572,32863.8174424,21.83026410000457,candidate-measurement,1005CD,valid,1050061,0,True,
2,1,000023,1790194134.1254282,32864.0090179,22.021839600005478,candidate-measurement,1005CD,valid,1050061,0,True,
2,1,000023,1790194134.3174298,32864.2010181,22.21383980000246,candidate-measurement,1005CC,valid,1050060,-1,True,
2,1,000023,1790194134.5094128,32864.3930019,22.405823600005533,candidate-measurement,1005C9,valid,1050057,-3,True,
2,1,000023,1790194134.7168312,32864.6004196,22.61324130000139,candidate-measurement,1005C1,valid,1050049,-8,True,
2,1,000023,1790194134.9088297,32864.7924198,22.805241499998374,candidate-measurement,1005BE,valid,1050046,-3,True,
2,1,000023,1790194135.1003923,32864.9839824,22.99680410000292,candidate-measurement,1005BC,valid,1050044,-2,True,
2,1,000023,1790194135.3083894,32865.1919782,23.20479989999876,candidate-measurement,1005BB,valid,1050043,-1,True,
2,1,000023,1790194135.500383,32865.3839721,23.396793799998704,candidate-measurement,1005BB,valid,1050043,0,True,
2,1,000023,1790194135.6918037,32865.5753938,23.588215499999933,candidate-measurement,1005BB,valid,1050043,0,True,
2,1,000023,1790194135.899791,32865.7833814,23.79620309999882,candidate-measurement,1005BB,valid,1050043,0,True,
2,1,000023,1790194136.091368,32865.9749583,23.987780000003113,candidate-measurement,1005B9,valid,1050041,-2,True,
2,1,000023,1790194136.2833595,32866.166948,24.17976970000018,candidate-measurement,1005B7,valid,1050039,-2,True,
2,1,000023,1790194136.4753592,32866.3589474,24.371769099998346,candidate-measurement,1005AB,valid,1050027,-12,True,
2,1,000023,1790194136.6833491,32866.5669392,24.57976090000011,candidate-measurement,1005A6,valid,1050022,-5,True,
2,1,000023,1790194136.8747625,32866.7583529,24.77117459999863,candidate-measurement,1005A2,valid,1050018,-4,True,
2,1,000023,1790194137.0667567,32866.9503449,24.963166599998658,candidate-measurement,1005A1,valid,1050017,-1,True,
2,1,000023,1790194137.2743318,32867.1579207,25.17074240000511,candidate-measurement,10059E,valid,1050014,-3,True,
2,1,000023,1790194137.46632,32867.3499116,25.362733300004038,candidate-measurement,10059A,valid,1050010,-4,True,
2,1,000023,1790194137.6583226,32867.541911,25.554732700002205,candidate-measurement,100597,valid,1050007,-3,True,
2,1,000023,1790194137.8657312,32867.7493208,25.762142500003392,candidate-measurement,100595,valid,1050005,-2,True,
2,1,000023,1790194138.0577292,32867.9413183,25.954140000001644,candidate-measurement,100594,valid,1050004,-1,True,
2,1,000023,1790194138.249298,32868.1328868,26.145708500000183,candidate-measurement,100594,valid,1050004,0,True,
2,1,000023,1790194138.4412932,32868.3248834,26.337705099998857,candidate-measurement,100593,valid,1050003,-1,True,
2,1,000023,1790194138.649282,32868.5328728,26.545694500004174,candidate-measurement,100592,valid,1050002,-1,True,
2,1,000023,1790194138.8412838,32868.7248731,26.73769480000192,candidate-measurement,100591,valid,1050001,-1,True,
2,1,000023,1790194139.032695,32868.9162829,26.929104599999846,candidate-measurement,100590,valid,1050000,-1,True,
2,1,000023,1790194139.2402701,32869.1238593,27.13668100000359,candidate-measurement,10058E,valid,1049998,-2,True,
2,1,000023,1790194139.4322793,32869.315869,27.328690700000152,candidate-measurement,10058C,valid,1049996,-2,True,
2,1,000023,1790194139.6242533,32869.5078429,27.5206646000006,candidate-measurement,10058A,valid,1049994,-2,True,
2,1,000023,1790194139.8322446,32869.7158352,27.728656899998896,candidate-measurement,100589,valid,1049993,-1,True,
2,1,000023,1790194140.0396636,32869.9232523,27.936074000004737,candidate-measurement,100586,valid,1049990,-3,True,
2,1,000023,1790194140.231656,32870.1152443,28.128066000004765,candidate-measurement,100582,valid,1049986,-4,True,
2,1,000023,1790194140.4236507,32870.3072398,28.32006150000234,candidate-measurement,100580,valid,1049984,-2,True,
2,1,000023,1790194140.6152403,32870.4988288,28.51165050000418,candidate-measurement,10057E,valid,1049982,-2,True,
2,1,000023,1790194140.8072207,32870.6908097,28.703631399999722,candidate-measurement,10057C,valid,1049980,-2,True,
2,1,000023,1790194140.9986308,32870.8822191,28.89504080000188,candidate-measurement,10057B,valid,1049979,-1,True,
2,1,000023,1790194141.2066526,32871.0902406,29.10306230000424,candidate-measurement,10057A,valid,1049978,-1,True,
2,1,000023,1790194141.3986194,32871.2822081,29.29502979999961,candidate-measurement,10057A,valid,1049978,0,True,
2,1,000023,1790194141.5901937,32871.4737833,29.48660500000551,candidate-measurement,10057A,valid,1049978,0,True,
2,1,000023,1790194141.7981834,32871.6817742,29.694595900000422,candidate-measurement,100578,valid,1049976,-2,True,
2,1,000023,1790194141.990176,32871.8737629,29.886584600004426,candidate-measurement,100578,valid,1049976,0,True,
2,1,000023,1790194142.1821785,32872.0657667,30.078588399999717,candidate-measurement,100578,valid,1049976,0,True,
2,1,000023,1790194142.37359,32872.257178,30.26999970000179,candidate-measurement,100578,valid,1049976,0,True,
2,1,000023,1790194142.581579,32872.4651673,30.47798899999907,candidate-measurement,100576,valid,1049974,-2,True,
2,1,000023,1790194142.7735653,32872.6571559,30.669977600002312,candidate-measurement,100574,valid,1049972,-2,True,
2,1,000023,1790194142.9651616,32872.8487496,30.86157130000356,candidate-measurement,100574,valid,1049972,0,True,
2,1,000023,1790194143.173142,32873.0567303,31.06955200000084,candidate-measurement,100574,valid,1049972,0,True,
2,1,000023,1790194143.3651342,32873.2487231,31.261544799999683,candidate-measurement,100573,valid,1049971,-1,True,
2,1,000023,1790194143.5571325,32873.4407208,31.453542499999458,candidate-measurement,100573,valid,1049971,0,True,
2,1,000023,1790194143.7645445,32873.648133,31.660954700004368,candidate-measurement,100573,valid,1049971,0,True,
2,1,000023,1790194143.9565365,32873.8401249,31.852946600003634,candidate-measurement,100573,valid,1049971,0,True,
2,1,000023,1790194144.1485274,32874.032116,32.044937700004084,candidate-measurement,100573,valid,1049971,0,True,
2,1,000023,1790194144.3561022,32874.2396911,32.252512800005206,candidate-measurement,100572,valid,1049970,-1,True,
2,1,000023,1790194144.5480921,32874.4316829,32.44450460000371,candidate-measurement,10056C,valid,1049964,-6,True,
2,1,000023,1790194144.7400856,32874.6236751,32.63649680000526,candidate-measurement,100566,valid,1049958,-6,True,
2,1,000023,1790194144.9320776,32874.8156675,32.82848920000106,candidate-measurement,100563,valid,1049955,-3,True,
2,1,000023,1790194145.1395013,32875.0230897,33.03591140000208,candidate-measurement,100562,valid,1049954,-1,True,
2,1,000023,1790194145.3315046,32875.2150934,33.227915100003884,candidate-measurement,100561,valid,1049953,-1,True,
2,1,000023,1790194145.5230784,32875.4066674,33.419489100000646,candidate-measurement,100561,valid,1049953,0,True,
2,1,000023,1790194145.7150526,32875.5986432,33.61146490000101,candidate-measurement,100561,valid,1049953,0,True,
2,1,000023,1790194145.9230494,32875.8066408,33.81946250000328,candidate-measurement,100561,valid,1049953,0,True,
2,1,000023,1790194146.1144657,32875.9980568,34.010878500004765,candidate-measurement,100560,valid,1049952,-1,True,
2,1,000023,1790194146.3064778,32876.190066,34.202887700004794,candidate-measurement,10055D,valid,1049949,-3,True,
2,1,000023,1790194146.5140355,32876.3976241,34.41044580000016,candidate-measurement,100550,valid,1049936,-13,True,
2,1,000023,1790194146.7060199,32876.58961,34.60243170000467,candidate-measurement,10054A,valid,1049930,-6,True,
2,1,000023,1790194146.8980095,32876.7816005,34.794422200000554,candidate-measurement,100548,valid,1049928,-2,True,
2,1,000023,1790194147.1054308,32876.9890211,35.00184280000394,candidate-measurement,100544,valid,1049924,-4,True,
2,1,000023,1790194147.2974343,32877.1810225,35.193844200002786,candidate-measurement,10053E,valid,1049918,-6,True,
2,1,000023,1790194147.488997,32877.3725874,35.38540910000302,candidate-measurement,10053C,valid,1049916,-2,True,
2,1,000023,1790194147.6969907,32877.5805817,35.59340340000199,candidate-measurement,10053A,valid,1049914,-2,True,
2,1,000023,1790194147.8889966,32877.7725873,35.78540900000371,candidate-measurement,100539,valid,1049913,-1,True,
2,1,000023,1790194148.0804086,32877.9639968,35.976818499999354,candidate-measurement,100538,valid,1049912,-1,True,
2,1,000023,1790194148.272398,32878.1559858,36.168807499998366,candidate-measurement,100536,valid,1049910,-2,True,
2,1,000023,1790194148.4799721,32878.3635612,36.37638290000177,candidate-measurement,100535,valid,1049909,-1,True,
2,1,000023,1790194148.6719732,32878.5555645,36.56838620000053,candidate-measurement,100532,valid,1049906,-3,True,
2,1,000023,1790194148.8639636,32878.747553,36.76037470000301,candidate-measurement,100531,valid,1049905,-1,True,
2,1,000023,1790194149.071363,32878.9549541,36.96777580000344,candidate-measurement,10052D,valid,1049901,-4,True,
2,1,000023,1790194149.2633944,32879.1469816,37.15980330000457,candidate-measurement,10052B,valid,1049899,-2,True,
2,1,000023,1790194149.4549541,32879.3385444,37.35136610000336,candidate-measurement,100527,valid,1049895,-4,True,
2,1,000023,1790194149.6629684,32879.546558,37.559379700003774,candidate-measurement,100526,valid,1049894,-1,True,
2,1,000023,1790194149.854926,32879.7385155,37.751337200003036,candidate-measurement,100524,valid,1049892,-2,True,
2,1,000023,1790194150.0463316,32879.9299223,37.94274399999995,candidate-measurement,100522,valid,1049890,-2,True,
2,1,000023,1790194150.238335,32880.1219235,38.134745200004545,candidate-measurement,100521,valid,1049889,-1,True,
2,1,000023,1790194150.44634,32880.3299294,38.342751100004534,candidate-measurement,100520,valid,1049888,-1,True,
2,1,000023,1790194150.6379025,32880.521492,38.5343137000018,candidate-measurement,100520,valid,1049888,0,True,
2,1,000023,1790194150.829903,32880.7134944,38.726316100000986,candidate-measurement,100520,valid,1049888,0,True,
2,1,000023,1790194151.0379045,32880.9214941,38.9343158000047,candidate-measurement,100520,valid,1049888,0,True,
2,1,000023,1790194151.2292979,32881.1128864,39.12570810000034,candidate-measurement,10051F,valid,1049887,-1,True,
2,1,000023,1790194151.4212997,32881.3048883,39.31771000000299,candidate-measurement,10051F,valid,1049887,0,True,
2,1,000023,1790194151.613288,32881.496878,39.509699700000056,candidate-measurement,10051E,valid,1049886,-1,True,
2,1,000023,1790194151.8208613,32881.7044521,39.71727380000084,candidate-measurement,10051D,valid,1049885,-1,True,
2,1,000023,1790194152.0128536,32881.8964424,39.909264100002474,candidate-measurement,10051B,valid,1049883,-2,True,
2,1,000023,1790194152.2042625,32882.0878515,40.10067320000235,candidate-measurement,10051A,valid,1049882,-1,True,
2,1,000023,1790194152.4122615,32882.2958508,40.30867250000301,candidate-measurement,10051A,valid,1049882,0,True,
2,1,000023,1790194152.6042566,32882.4878464,40.50066810000135,candidate-measurement,100519,valid,1049881,-1,True,
2,1,000023,1790194152.795826,32882.6794166,40.692238300005556,candidate-measurement,100519,valid,1049881,0,True,
2,1,000023,1790194153.0038097,32882.8874013,40.90022300000419,candidate-measurement,100519,valid,1049881,0,True,
2,1,000023,1790194153.1958208,32883.079409,41.09223070000007,candidate-measurement,100519,valid,1049881,0,True,
2,1,000023,1790194153.387236,32883.2708266,41.283648299999186,candidate-measurement,100519,valid,1049881,0,True,
2,1,000023,1790194153.5792239,32883.4628137,41.47563540000556,candidate-measurement,100517,valid,1049879,-2,True,
2,1,000023,1790194153.7867968,32883.6703883,41.68321000000287,candidate-measurement,100517,valid,1049879,0,True,
2,1,000023,1790194153.9787917,32883.8623801,41.87520180000138,candidate-measurement,10050E,valid,1049870,-9,True,
2,1,000023,1790194154.1862109,32884.069799,42.0826206999991,candidate-measurement,10050A,valid,1049866,-4,True,
2,1,000023,1790194154.3781958,32884.2617863,42.274607999999716,candidate-measurement,100507,valid,1049863,-3,True,
2,1,000023,1790194154.5697675,32884.4533579,42.46617960000003,candidate-measurement,100507,valid,1049863,0,True,
2,1,000023,1790194154.761777,32884.6453648,42.658186500004376,candidate-measurement,100507,valid,1049863,0,True,
2,1,000023,1790194154.9697578,32884.8533487,42.866170400004194,candidate-measurement,100505,valid,1049861,-2,True,
2,1,000023,1790194155.1617494,32885.0453383,43.0581600000005,candidate-measurement,1004FE,valid,1049854,-7,True,
2,1,000023,1790194155.353167,32885.2367567,43.24957839999843,candidate-measurement,1004F3,valid,1049843,-11,True,
2,1,000023,1790194155.5451581,32885.4287491,43.4415708000015,candidate-measurement,1004EF,valid,1049839,-4,True,
2,1,000023,1790194155.7527359,32885.6363253,43.64914700000372,candidate-measurement,1004ED,valid,1049837,-2,True,
2,1,000023,1790194155.9447715,32885.8283623,43.84118400000443,candidate-measurement,1004EB,valid,1049835,-2,True,
2,1,000023,1790194156.1367238,32886.0203124,44.033134100005555,candidate-measurement,1004E8,valid,1049832,-3,True,
2,1,000023,1790194156.3441544,32886.2277434,44.24056510000082,candidate-measurement,1004E4,valid,1049828,-4,True,
2,1,000023,1790194156.5361323,32886.4197211,44.4325428000011,candidate-measurement,1004E2,valid,1049826,-2,True,
2,1,000023,1790194156.7281177,32886.611706,44.624527700005274,candidate-measurement,1004E1,valid,1049825,-1,True,
2,1,000023,1790194156.9356906,32886.8192818,44.83210350000445,candidate-measurement,1004E0,valid,1049824,-1,True,
2,1,000023,1790194157.1276987,32887.0112877,45.02410940000118,candidate-measurement,1004E0,valid,1049824,0,True,
2,1,000023,1790194157.3196888,32887.2032765,45.21609819999867,candidate-measurement,1004DF,valid,1049823,-1,True,
2,1,000023,1790194157.5110981,32887.3946883,45.40751000000455,candidate-measurement,1004DE,valid,1049822,-1,True,
2,1,000023,1790194157.7190866,32887.6026774,45.61549910000031,candidate-measurement,1004DC,valid,1049820,-2,True,
2,1,000023,1790194157.9106593,32887.7942495,45.80707120000443,candidate-measurement,1004DB,valid,1049819,-1,True,
2,1,000023,1790194158.1026556,32887.9862461,45.999067800003104,candidate-measurement,1004D9,valid,1049817,-2,True,
2,1,000023,1790194158.3106568,32888.1942453,46.20706700000301,candidate-measurement,1004D8,valid,1049816,-1,True,
2,1,000023,1790194158.5026684,32888.3862562,46.39907790000143,candidate-measurement,1004D8,valid,1049816,0,True,
2,1,000023,1790194158.6940558,32888.5776465,46.59046820000367,candidate-measurement,1004D6,valid,1049814,-2,True,
2,1,000023,1790194158.9020784,32888.7856691,46.798490799999854,candidate-measurement,1004D2,valid,1049810,-4,True,
2,1,000023,1790194159.0940473,32888.9776356,46.99045730000216,candidate-measurement,1004CE,valid,1049806,-4,True,
2,1,000023,1790194159.2856233,32889.169212,47.18203370000265,candidate-measurement,1004CC,valid,1049804,-2,True,
2,1,000023,1790194159.4776075,32889.3611984,47.37402010000369,candidate-measurement,1004CA,valid,1049802,-2,True,
2,1,000023,1790194159.6856356,32889.5692264,47.58204810000461,candidate-measurement,1004C8,valid,1049800,-2,True,
2,1,000023,1790194159.8770218,32889.760611,47.77343269999983,candidate-measurement,1004C6,valid,1049798,-2,True,
2,1,000023,1790194160.0690117,32889.9526007,47.96542240000417,candidate-measurement,1004C6,valid,1049798,0,True,
2,1,000023,1790194160.2766688,32890.1602569,48.173078600004374,candidate-measurement,1004C6,valid,1049798,0,True,
2,1,000023,1790194160.4685824,32890.3521703,48.36499200000253,candidate-measurement,1004C4,valid,1049796,-2,True,
2,1,000023,1790194160.6605785,32890.5441684,48.55699010000535,candidate-measurement,1004C4,valid,1049796,0,True,
2,1,000023,1790194160.8679895,32890.7515794,48.76440110000112,candidate-measurement,1004C4,valid,1049796,0,True,
2,1,000023,1790194161.059984,32890.9435733,48.956395000001066,candidate-measurement,1004C3,valid,1049795,-1,True,
2,1,000023,1790194161.2515757,32891.1351642,49.14798590000282,candidate-measurement,1004C2,valid,1049794,-1,True,
2,1,000023,1790194161.44355,32891.3271412,49.33996290000505,candidate-measurement,1004C0,valid,1049792,-2,True,
2,1,000023,1790194161.6515443,32891.535133,49.547954699999536,candidate-measurement,1004C0,valid,1049792,0,True,
2,1,000023,1790194161.8429546,32891.7265456,49.73936730000423,candidate-measurement,1004C0,valid,1049792,0,True,
2,1,000023,1790194162.0349472,32891.9185381,49.93135980000079,candidate-measurement,1004BF,valid,1049791,-1,True,
2,1,000023,1790194162.2425282,32892.1261169,50.138938600000984,candidate-measurement,1004BF,valid,1049791,0,True,
2,1,000023,1790194162.4345343,32892.3181233,50.33094500000152,candidate-measurement,1004BF,valid,1049791,0,True,
2,1,000023,1790194162.6265152,32892.5101037,50.52292540000053,candidate-measurement,1004BF,valid,1049791,0,True,
2,1,000023,1790194162.834501,32892.718092,50.73091370000475,candidate-measurement,1004BF,valid,1049791,0,True,
2,1,000023,1790194163.0259151,32892.9095065,50.922328200002084,candidate-measurement,1004BE,valid,1049790,-1,True,
2,1,000023,1790194163.2179234,32893.1015113,51.11433300000499,candidate-measurement,1004BA,valid,1049786,-4,True,
2,1,000023,1790194163.409485,32893.2930758,51.305897500002175,candidate-measurement,1004B2,valid,1049778,-8,True,
2,1,000023,1790194163.6174958,32893.5010867,51.51390840000386,candidate-measurement,1004AF,valid,1049775,-3,True,
2,1,000023,1790194163.8094723,32893.6930637,51.705885399998806,candidate-measurement,1004AD,valid,1049773,-2,True,
2,1,000023,1790194164.000885,32893.8844764,51.897298100004264,candidate-measurement,1004AD,valid,1049773,0,True,
2,1,000023,1790194164.2089024,32894.09249,52.10531170000468,candidate-measurement,1004AD,valid,1049773,0,True,
2,1,000023,1790194164.4008698,32894.2844605,52.297282200001064,candidate-measurement,1004AD,valid,1049773,0,True,
2,1,000023,1790194164.5924485,32894.4760397,52.48886140000104,candidate-measurement,1004A9,valid,1049769,-4,True,
2,1,000023,1790194164.800437,32894.6840276,52.696849300002214,candidate-measurement,10049B,valid,1049755,-14,True,
2,1,000023,1790194164.9924386,32894.8760272,52.8888489000019,candidate-measurement,100497,valid,1049751,-4,True,
2,1,000023,1790194165.1838574,32895.0674459,53.08026760000212,candidate-measurement,100494,valid,1049748,-3,True,
2,1,000023,1790194165.3758452,32895.2594338,53.27225550000003,candidate-measurement,100492,valid,1049746,-2,True,
2,1,000023,1790194165.5834465,32895.4670356,53.47985730000073,candidate-measurement,10048E,valid,1049742,-4,True,
2,1,000023,1790194165.775411,32895.6589994,53.67182110000431,candidate-measurement,10048A,valid,1049738,-4,True,
2,1,000023,1790194165.967405,32895.8509946,53.8638162999996,candidate-measurement,100488,valid,1049736,-2,True,
2,1,000023,1790194166.1748166,32896.0584044,54.071226100000786,candidate-measurement,100486,valid,1049734,-2,True,
2,1,000023,1790194166.3668048,32896.2503947,54.26321640000242,candidate-measurement,100486,valid,1049734,0,True,
2,1,000023,1790194166.558794,32896.4423841,54.45520580000448,candidate-measurement,100484,valid,1049732,-2,True,
2,1,000023,1790194166.7663772,32896.6499656,54.6627873000034,candidate-measurement,100484,valid,1049732,0,True,
2,1,000023,1790194166.9583685,32896.8419588,54.85478050000529,candidate-measurement,100483,valid,1049731,-1,True,
2,1,000023,1790194167.1503646,32897.0339529,55.04677459999948,candidate-measurement,100482,valid,1049730,-1,True,
2,1,000023,1790194167.341806,32897.2253947,55.238216400000965,candidate-measurement,100480,valid,1049728,-2,True,
2,1,000023,1790194167.5497732,32897.4333618,55.446183500003826,candidate-measurement,10047E,valid,1049726,-2,True,
2,1,000023,1790194167.741761,32897.6253505,55.638172200000554,candidate-measurement,10047E,valid,1049726,0,True,
2,1,000023,1790194167.9333408,32897.816931,55.829752700003155,candidate-measurement,10047D,valid,1049725,-1,True,
2,1,000023,1790194168.1413424,32898.0249308,56.03775250000035,candidate-measurement,10047B,valid,1049723,-2,True,
2,1,000023,1790194168.33276,32898.2163478,56.22916950000217,candidate-measurement,100478,valid,1049720,-3,True,
2,1,000023,1790194168.5247414,32898.4083296,56.42115130000457,candidate-measurement,100477,valid,1049719,-1,True,
2,1,000023,1790194168.7327366,32898.6163254,56.62914710000041,candidate-measurement,100475,valid,1049717,-2,True,
2,1,000023,1790194168.9247422,32898.8083317,56.821153400000185,candidate-measurement,100473,valid,1049715,-2,True,
2,1,000023,1790194169.116309,32898.9998974,57.01271909999923,candidate-measurement,100473,valid,1049715,0,True,
2,1,000023,1790194169.3082995,32899.1918875,57.20470919999934,candidate-measurement,100472,valid,1049714,-1,True,
2,1,000023,1790194169.515712,32899.3993006,57.41212230000383,candidate-measurement,100470,valid,1049712,-2,True,
2,1,000023,1790194169.7077122,32899.5913012,57.60412290000386,candidate-measurement,10046E,valid,1049710,-2,True,
2,1,000023,1790194169.8992784,32899.7828689,57.79569060000358,candidate-measurement,10046D,valid,1049709,-1,True,
2,1,000023,1790194170.1072683,32899.9908574,58.003679100002046,candidate-measurement,10046C,valid,1049708,-1,True,
2,1,000023,1790194170.299268,32900.1828567,58.19567839999945,candidate-measurement,10046C,valid,1049708,0,True,
2,1,000023,1790194170.4912617,32900.3748499,58.38767160000134,candidate-measurement,10046C,valid,1049708,0,True,
2,1,000023,1790194170.6986594,32900.5822507,58.59507239999948,candidate-measurement,10046A,valid,1049706,-2,True,
2,1,000023,1790194170.8906684,32900.7742565,58.787078200002725,candidate-measurement,10046A,valid,1049706,0,True,
2,1,000023,1790194171.0826645,32900.9662535,58.979075200004445,candidate-measurement,10046A,valid,1049706,0,True,
2,1,000023,1790194171.2742476,32901.1578361,59.17065780000121,candidate-measurement,10046A,valid,1049706,0,True,
2,1,000023,1790194171.4822202,32901.3658111,59.37863279999874,candidate-measurement,100468,valid,1049704,-2,True,
2,1,000023,1790194171.6736422,32901.5572308,59.57005249999929,candidate-measurement,100466,valid,1049702,-2,True,
2,1,000023,1790194171.8656352,32901.7492248,59.7620465,candidate-measurement,100466,valid,1049702,0,True,
2,1,000023,1790194172.0736253,32901.9572154,59.9700370999999,candidate-measurement,100465,valid,1049701,-1,True,
2,1,000023,1790194172.265206,32902.1487945,60.161616199999116,candidate-measurement,100465,valid,1049701,0,True,
2,1,000023,1790194172.4571915,32902.3407819,60.3536036000005,candidate-measurement,100465,valid,1049701,0,True,
2,1,000023,1790194172.649188,32902.5327774,60.54559910000535,candidate-measurement,100465,valid,1049701,0,True,
2,1,000023,1790194172.8566034,32902.7401918,60.75301350000518,candidate-measurement,100465,valid,1049701,0,True,
2,1,000023,1790194173.0486262,32902.9322172,60.945038900004874,candidate-measurement,100463,valid,1049699,-2,True,
2,1,000023,1790194173.2405953,32903.1241839,61.13700560000143,candidate-measurement,10045A,valid,1049690,-9,True,
2,1,000023,1790194173.4481797,32903.3317682,61.344589899999846,candidate-measurement,100456,valid,1049686,-4,True,
2,1,000023,1790194173.6401658,32903.5237553,61.53657699999894,candidate-measurement,100454,valid,1049684,-2,True,
2,1,000023,1790194173.83215,32903.7157394,61.7285611000043,candidate-measurement,100453,valid,1049683,-1,True,
2,1,000023,1790194174.0395648,32903.923155,61.93597669999872,candidate-measurement,100453,valid,1049683,0,True,
2,1,000023,1790194174.2315602,32904.1151487,62.127970400004415,candidate-measurement,100453,valid,1049683,0,True,
2,1,000023,1790194174.42355,32904.3071405,62.31996220000292,candidate-measurement,100452,valid,1049682,-1,True,
2,1,000023,1790194174.6311245,32904.5147128,62.52753450000455,candidate-measurement,10044C,valid,1049676,-6,True,
2,1,000023,1790194174.8231232,32904.7067125,62.719534200005,candidate-measurement,100441,valid,1049665,-11,True,
2,1,000023,1790194175.015131,32904.8987193,62.91154100000131,candidate-measurement,10043D,valid,1049661,-4,True,
2,1,000023,1790194175.2071552,32905.0907434,63.10356509999838,candidate-measurement,10043A,valid,1049658,-3,True,
2,1,000023,1790194175.414517,32905.2981075,63.31092920000083,candidate-measurement,100438,valid,1049656,-2,True,
2,1,000023,1790194175.6065147,32905.4901038,63.502925500004494,candidate-measurement,100434,valid,1049652,-4,True,
2,1,000023,1790194175.798139,32905.6817297,63.69455140000355,candidate-measurement,100430,valid,1049648,-4,True,
2,1,000023,1790194176.0060787,32905.889667,63.90248870000505,candidate-measurement,10042E,valid,1049646,-2,True,
2,1,000023,1790194176.1974907,32906.0810794,64.09390110000095,candidate-measurement,10042C,valid,1049644,-2,True,
2,1,000023,1790194176.389491,32906.2730819,64.28590360000089,candidate-measurement,10042C,valid,1049644,0,True,
2,1,000023,1790194176.5974758,32906.4810665,64.49388819999876,candidate-measurement,10042A,valid,1049642,-2,True,
2,1,000023,1790194176.7890537,32906.6726432,64.68546490000153,candidate-measurement,10042A,valid,1049642,0,True,
2,1,000023,1790194176.9810493,32906.8646377,64.87745939999877,candidate-measurement,10042A,valid,1049642,0,True,
2,1,000023,1790194177.1730444,32907.0566331,65.06945480000286,candidate-measurement,100428,valid,1049640,-2,True,
2,1,000023,1790194177.3804603,32907.2640491,65.27687080000032,candidate-measurement,100426,valid,1049638,-2,True,
2,1,000023,1790194177.5724554,32907.4560439,65.46886559999984,candidate-measurement,100424,valid,1049636,-2,True,
2,1,000023,1790194177.7640262,32907.6476141,65.66043580000405,candidate-measurement,100423,valid,1049635,-1,True,
2,1,000023,1790194177.9720237,32907.8556115,65.8684332000048,candidate-measurement,100420,valid,1049632,-3,True,
2,1,000023,1790194178.164011,32908.0475998,66.06042149999848,candidate-measurement,10041E,valid,1049630,-2,True,
2,1,000023,1790194178.3554444,32908.2390337,66.2518554000053,candidate-measurement,10041C,valid,1049628,-2,True,
2,1,000023,1790194178.5474215,32908.4310103,66.44383200000448,candidate-measurement,100419,valid,1049625,-3,True,
2,1,000023,1790194178.7550347,32908.6386232,66.65144490000239,candidate-measurement,100417,valid,1049623,-2,True,
2,1,000023,1790194178.946993,32908.8305811,66.8434028000047,candidate-measurement,100416,valid,1049622,-1,True,
2,1,000023,1790194179.138989,32909.0225771,67.0353987999988,candidate-measurement,100414,valid,1049620,-2,True,
2,1,000023,1790194179.3463955,32909.2299838,67.24280550000549,candidate-measurement,100413,valid,1049619,-1,True,
2,1,000023,1790194179.5383914,32909.4219809,67.4348026000007,candidate-measurement,100412,valid,1049618,-1,True,
2,1,000023,1790194179.7299595,32909.613549,67.62637070000346,candidate-measurement,100412,valid,1049618,0,True,
2,1,000023,1790194179.9379556,32909.8215447,67.83436639999854,candidate-measurement,100412,valid,1049618,0,True,
2,1,000023,1790194180.1299708,32910.0135586,68.02638030000526,candidate-measurement,100410,valid,1049616,-2,True,
2,1,000023,1790194180.321963,32910.2055512,68.21837290000258,candidate-measurement,100410,valid,1049616,0,True,
2,1,000023,1790194180.5133529,32910.3969441,68.40976580000279,candidate-measurement,100410,valid,1049616,0,True,
2,1,000023,1790194180.7213626,32910.604954,68.61777570000413,candidate-measurement,100410,valid,1049616,0,True,
2,1,000023,1790194180.9129176,32910.7965073,68.80932900000334,candidate-measurement,10040D,valid,1049613,-3,True,
2,1,000023,1790194181.104917,32910.9885053,69.0013270000054,candidate-measurement,10040C,valid,1049612,-1,True,
2,1,000023,1790194181.3129158,32911.1965038,69.20932549999998,candidate-measurement,10040C,valid,1049612,0,True,
2,1,000023,1790194181.5049012,32911.3884921,69.40131380000093,candidate-measurement,10040B,valid,1049611,-1,True,
2,1,000023,1790194181.6963096,32911.5799,69.59272169999895,candidate-measurement,10040B,valid,1049611,0,True,
2,1,000023,1790194181.9043083,32911.7878963,69.8007179999986,candidate-measurement,10040B,valid,1049611,0,True,
2,1,000023,1790194182.0958967,32911.9794852,69.99230689999968,candidate-measurement,10040B,valid,1049611,0,True,
2,1,000023,1790194182.287884,32912.1714725,70.1842942000003,candidate-measurement,10040B,valid,1049611,0,True,
2,1,000023,1790194182.4798703,32912.3634602,70.37628190000396,candidate-measurement,10040A,valid,1049610,-1,True,
2,1,000023,1790194182.6872864,32912.5708749,70.5836965999988,candidate-measurement,100401,valid,1049601,-9,True,
2,1,000023,1790194182.8788576,32912.7624482,70.77526990000479,candidate-measurement,1003FD,valid,1049597,-4,True,
2,1,000023,1790194183.0708525,32912.9544404,70.96726209999906,candidate-measurement,1003FA,valid,1049594,-3,True,
2,1,000023,1790194183.2788653,32913.1624539,71.17527559999871,candidate-measurement,1003F9,valid,1049593,-1,True,
2,1,000023,1790194183.4708393,32913.3544284,71.36725010000373,candidate-measurement,1003F9,valid,1049593,0,True,
2,1,000023,1790194183.6628387,32913.5464272,71.5592489000046,candidate-measurement,1003F9,valid,1049593,0,True,
2,1,000023,1790194183.8708265,32913.754415,71.76723670000501,candidate-measurement,1003F9,valid,1049593,0,True,
2,1,000023,1790194184.0782428,32913.9618326,71.97465430000011,candidate-measurement,1003F8,valid,1049592,-1,True,
2,1,000023,1790194184.2702346,32914.1538235,72.16664519999904,candidate-measurement,1003EE,valid,1049582,-10,True,
2,1,000023,1790194184.4618106,32914.345399,72.35822069999995,candidate-measurement,1003E4,valid,1049572,-10,True,
2,1,000023,1790194184.6537971,32914.5373883,72.55021000000124,candidate-measurement,1003E0,valid,1049568,-4,True,
2,1,000023,1790194184.8457928,32914.7293838,72.74220549999882,candidate-measurement,1003DE,valid,1049566,-2,True,
2,1,000023,1790194185.0372057,32914.9207962,72.93361790000199,candidate-measurement,1003D8,valid,1049560,-6,True,
2,1,000023,1790194185.2452056,32915.128794,73.14161569999851,candidate-measurement,1003D4,valid,1049556,-4,True,
2,1,000023,1790194185.4367807,32915.3203699,73.33319160000246,candidate-measurement,1003D2,valid,1049554,-2,True,
2,1,000023,1790194185.6287673,32915.5123566,73.52517829999852,candidate-measurement,1003D1,valid,1049553,-1,True,
2,1,000023,1790194185.8367565,32915.7203474,73.73316909999994,candidate-measurement,1003D0,valid,1049552,-1,True,
2,1,000023,1790194186.044178,32915.927767,73.94058870000299,candidate-measurement,1003CE,valid,1049550,-2,True,
2,1,000023,1790194186.2361732,32916.1197613,74.1325829999987,candidate-measurement,1003CC,valid,1049548,-2,True,
2,1,000023,1790194186.4281604,32916.3117512,74.32457290000457,candidate-measurement,1003CA,valid,1049546,-2,True,
2,1,000023,1790194186.6197522,32916.5033425,74.5161642000021,candidate-measurement,1003C9,valid,1049545,-1,True,
2,1,000023,1790194186.811734,32916.6953253,74.70814700000483,candidate-measurement,1003C7,valid,1049543,-2,True,
2,1,000023,1790194187.0031447,32916.8867328,74.8995544999998,candidate-measurement,1003C4,valid,1049540,-3,True,
2,1,000023,1790194187.2111435,32917.0947319,75.10755359999894,candidate-measurement,1003C1,valid,1049537,-3,True,
2,1,000023,1790194187.4031332,32917.2867232,75.29954490000091,candidate-measurement,1003BF,valid,1049535,-2,True,
2,1,000023,1790194187.5947003,32917.4782891,75.49111080000148,candidate-measurement,1003BE,valid,1049534,-1,True,
2,1,000023,1790194187.8026974,32917.6862857,75.69910740000341,candidate-measurement,1003BC,valid,1049532,-2,True,
2,1,000023,1790194187.9946945,32917.8782838,75.89110549999896,candidate-measurement,1003BB,valid,1049531,-1,True,
2,1,000023,1790194188.1866887,32918.0702771,76.08309880000161,candidate-measurement,1003BA,valid,1049530,-1,True,
2,1,000023,1790194188.3781013,32918.2616916,76.27451329999894,candidate-measurement,1003B8,valid,1049528,-2,True,
2,1,000023,1790194188.586098,32918.4696869,76.48250860000553,candidate-measurement,1003B8,valid,1049528,0,True,
2,1,000023,1790194188.7776763,32918.6612676,76.67408930000238,candidate-measurement,1003B8,valid,1049528,0,True,
2,1,000023,1790194188.9696593,32918.8532508,76.86607250000088,candidate-measurement,1003B8,valid,1049528,0,True,
2,1,000023,1790194189.1776526,32919.0612415,77.07406320000155,candidate-measurement,1003B6,valid,1049526,-2,True,
2,1,000023,1790194189.3696504,32919.2532393,77.26606100000208,candidate-measurement,1003B6,valid,1049526,0,True,
2,1,000023,1790194189.5610557,32919.444647,77.45746869999857,candidate-measurement,1003B6,valid,1049526,0,True,
2,1,000023,1790194189.7690551,32919.6526463,77.66546799999924,candidate-measurement,1003B5,valid,1049525,-1,True,
2,1,000023,1790194189.9606187,32919.8442102,77.85703189999913,candidate-measurement,1003B3,valid,1049523,-2,True,
2,1,000023,1790194190.1526241,32920.0362129,78.0490346000006,candidate-measurement,1003B2,valid,1049522,-1,True,
2,1,000023,1790194190.3446207,32920.2282091,78.2410308000035,candidate-measurement,1003B2,valid,1049522,0,True,
2,1,000023,1790194190.5526142,32920.4362032,78.44902490000095,candidate-measurement,1003B1,valid,1049521,-1,True,
2,1,000023,1790194190.744624,32920.6282124,78.64103410000098,candidate-measurement,1003B1,valid,1049521,0,True,
2,1,000023,1790194190.9360075,32920.8195993,78.83242099999916,candidate-measurement,1003B1,valid,1049521,0,True,
2,1,000023,1790194191.144021,32921.0276098,79.04043150000507,candidate-measurement,1003B1,valid,1049521,0,True,
2,1,000023,1790194191.3355906,32921.2191788,79.23200050000014,candidate-measurement,1003B1,valid,1049521,0,True,
2,1,000023,1790194191.5275722,32921.4111619,79.42398360000516,candidate-measurement,1003B0,valid,1049520,-1,True,
2,1,000023,1790194191.7349896,32921.6185795,79.63140120000025,candidate-measurement,1003A8,valid,1049512,-8,True,
2,1,000023,1790194191.9269857,32921.8105749,79.82339660000434,candidate-measurement,1003A4,valid,1049508,-4,True,
2,1,000023,1790194192.1189845,32922.0025733,80.01539500000217,candidate-measurement,1003A2,valid,1049506,-2,True,
2,1,000023,1790194192.310556,32922.1941446,80.2069663000002,candidate-measurement,1003A0,valid,1049504,-2,True,
2,1,000023,1790194192.5185487,32922.4021387,80.41496040000493,candidate-measurement,10039F,valid,1049503,-1,True,
2,1,000023,1790194192.7105384,32922.5941297,80.60695140000462,candidate-measurement,10039F,valid,1049503,0,True,
2,1,000023,1790194192.9019547,32922.7855437,80.79836540000542,candidate-measurement,10039F,valid,1049503,0,True,
2,1,000023,1790194193.1099427,32922.9935323,81.00635400000465,candidate-measurement,10039E,valid,1049502,-1,True,
2,1,000023,1790194193.301957,32923.1855458,81.19836750000104,candidate-measurement,10039A,valid,1049498,-4,True,
2,1,000023,1790194193.493602,32923.3771887,81.39001039999857,candidate-measurement,10038E,valid,1049486,-12,True,
2,1,000023,1790194193.6855092,32923.5690992,81.58192090000375,candidate-measurement,100389,valid,1049481,-5,True,
2,1,000023,1790194193.8934987,32923.77709,81.78991170000518,candidate-measurement,100386,valid,1049478,-3,True,
2,1,000023,1790194194.0849178,32923.9685074,81.98132910000277,candidate-measurement,100384,valid,1049476,-2,True,
2,1,000023,1790194194.2769089,32924.1604971,82.17331879999983,candidate-measurement,100380,valid,1049472,-4,True,
2,1,000023,1790194194.4844882,32924.368077,82.38089870000113,candidate-measurement,10037C,valid,1049468,-4,True,
2,1,000023,1790194194.676471,32924.5600623,82.57288400000107,candidate-measurement,100379,valid,1049465,-3,True,
2,1,000023,1790194194.8684678,32924.7520591,82.76488080000127,candidate-measurement,100378,valid,1049464,-1,True,
2,1,000023,1790194195.0764585,32924.960047,82.97286870000244,candidate-measurement,100377,valid,1049463,-1,True,
2,1,000023,1790194195.267884,32925.1514722,83.16429390000121,candidate-measurement,100376,valid,1049462,-1,True,
2,1,000023,1790194195.459878,32925.3434665,83.3562882000042,candidate-measurement,100375,valid,1049461,-1,True,
2,1,000023,1790194195.651867,32925.5354565,83.54827820000355,candidate-measurement,100374,valid,1049460,-1,True,
2,1,000023,1790194195.8594682,32925.7430551,83.75587680000172,candidate-measurement,100372,valid,1049458,-2,True,
2,1,000023,1790194196.0514317,32925.9350225,83.9478442000036,candidate-measurement,100370,valid,1049456,-2,True,
2,1,000023,1790194196.2434297,32926.1270175,84.13983920000464,candidate-measurement,100370,valid,1049456,0,True,
2,1,000023,1790194196.4508386,32926.3344268,84.34724850000202,candidate-measurement,10036E,valid,1049454,-2,True,
2,1,000023,1790194196.642835,32926.5264259,84.53924760000518,candidate-measurement,10036B,valid,1049451,-3,True,
2,1,000023,1790194196.8344014,32926.7179924,84.73081410000304,candidate-measurement,100369,valid,1049449,-2,True,
2,1,000023,1790194197.042397,32926.925985,84.93880670000362,candidate-measurement,100365,valid,1049445,-4,True,
2,1,000023,1790194197.2344089,32927.1179972,85.13081890000467,candidate-measurement,100364,valid,1049444,-1,True,
2,1,000023,1790194197.4258099,32927.3094004,85.32222210000327,candidate-measurement,100362,valid,1049442,-2,True,
2,1,000023,1790194197.6177986,32927.5013898,85.51421150000533,candidate-measurement,10035F,valid,1049439,-3,True,
2,1,000023,1790194197.825799,32927.7093887,85.72221040000295,candidate-measurement,10035E,valid,1049438,-1,True,
2,1,000023,1790194198.0173619,32927.9009532,85.91377490000013,candidate-measurement,10035E,valid,1049438,0,True,
2,1,000023,1790194198.2093694,32928.0929576,86.1057793,candidate-measurement,10035E,valid,1049438,0,True,
2,1,000023,1790194198.4173565,32928.3009452,86.31376689999888,candidate-measurement,10035C,valid,1049436,-2,True,
2,1,000023,1790194198.6087742,32928.4923637,86.50518540000485,candidate-measurement,10035C,valid,1049436,0,True,
2,1,000023,1790194198.8007638,32928.6843531,86.69717479999963,candidate-measurement,10035C,valid,1049436,0,True,
2,1,000023,1790194199.0083387,32928.8919269,86.9047486000054,candidate-measurement,10035C,valid,1049436,0,True,
2,1,000023,1790194199.2003329,32929.0839205,87.09674220000306,candidate-measurement,10035A,valid,1049434,-2,True,
2,1,000023,1790194199.3923304,32929.2759193,87.28874100000394,candidate-measurement,100358,valid,1049432,-2,True,
2,1,000023,1790194199.5997686,32929.4833576,87.49617930000386,candidate-measurement,100358,valid,1049432,0,True,
2,1,000023,1790194199.7917297,32929.6753206,87.68814230000135,candidate-measurement,100358,valid,1049432,0,True,
2,1,000023,1790194199.983303,32929.8668939,87.87971560000005,candidate-measurement,100357,valid,1049431,-1,True,
2,1,000023,1790194200.1753263,32930.0589139,88.07173560000228,candidate-measurement,100357,valid,1049431,0,True,
2,1,000023,1790194200.3832932,32930.2668816,88.27970330000244,candidate-measurement,100357,valid,1049431,0,True,
2,1,000023,1790194200.5747108,32930.4582986,88.47112030000426,candidate-measurement,100357,valid,1049431,0,True,
2,1,000023,1790194200.7666993,32930.6502893,88.66311100000166,candidate-measurement,100357,valid,1049431,0,True,
2,1,000023,1790194200.9746914,32930.8582804,88.87110210000537,candidate-measurement,100356,valid,1049430,-1,True,
2,1,000023,1790194201.1822703,32931.0658588,89.07868050000252,candidate-measurement,100350,valid,1049424,-6,True,
2,1,000023,1790194201.3742673,32931.2578559,89.270677600005,candidate-measurement,10034B,valid,1049419,-5,True,
2,1,000023,1790194201.5662572,32931.4498471,89.46266879999894,candidate-measurement,100348,valid,1049416,-3,True,
2,1,000023,1790194201.7576675,32931.641258,89.65407970000524,candidate-measurement,100346,valid,1049414,-2,True,
2,1,000023,1790194201.9496818,32931.833272,89.84609370000544,candidate-measurement,100345,valid,1049413,-1,True,
2,1,000023,1790194202.1412396,32932.0248281,90.03764980000415,candidate-measurement,100345,valid,1049413,0,True,
2,1,000023,1790194202.3492222,32932.2328107,90.24563240000134,candidate-measurement,100345,valid,1049413,0,True,
2,1,000023,1790194202.5412219,32932.4248112,90.43763290000061,candidate-measurement,100345,valid,1049413,0,True,
2,1,000023,1790194202.7326434,32932.6162312,90.62905290000344,candidate-measurement,100343,valid,1049411,-2,True,
2,1,000023,1790194202.9406302,32932.8242202,90.83704189999844,candidate-measurement,100342,valid,1049410,-1,True,
2,1,000023,1790194203.132214,32933.0158019,91.0286236000029,candidate-measurement,100336,valid,1049398,-12,True,
2,1,000023,1790194203.3242016,32933.2077901,91.2206118000031,candidate-measurement,100331,valid,1049393,-5,True,
2,1,000023,1790194203.516198,32933.3997864,91.41260809999949,candidate-measurement,10032D,valid,1049389,-4,True,
2,1,000023,1790194203.7241988,32933.6077878,91.62060950000159,candidate-measurement,10032C,valid,1049388,-1,True,
2,1,000023,1790194203.9156003,32933.7991898,91.81201149999833,candidate-measurement,100329,valid,1049385,-3,True,
2,1,000023,1790194204.107591,32933.9911815,92.00400320000335,candidate-measurement,100326,valid,1049382,-3,True,
2,1,000023,1790194204.3151627,32934.1987507,92.2115724000032,candidate-measurement,100322,valid,1049378,-4,True,
2,1,000023,1790194204.507153,32934.3907436,92.40356530000281,candidate-measurement,100320,valid,1049376,-2,True,
2,1,000023,1790194204.6991742,32934.5827639,92.59558560000005,candidate-measurement,100320,valid,1049376,0,True,
2,1,000023,1790194204.9071453,32934.7907358,92.80355750000308,candidate-measurement,10031E,valid,1049374,-2,True,
2,1,000023,1790194205.0985615,32934.9821524,92.99497410000185,candidate-measurement,10031E,valid,1049374,0,True,
2,1,000023,1790194205.2905524,32935.1741413,93.1869630000001,candidate-measurement,10031D,valid,1049373,-1,True,
2,1,000023,1790194205.4825494,32935.3661386,93.37896030000411,candidate-measurement,10031D,valid,1049373,0,True,
2,1,000023,1790194205.6901174,32935.5737081,93.58652979999897,candidate-measurement,10031B,valid,1049371,-2,True,
2,1,000023,1790194205.8821275,32935.7657188,93.77854050000315,candidate-measurement,10031A,valid,1049370,-1,True,
2,1,000023,1790194206.0741036,32935.9576944,93.97051610000199,candidate-measurement,100319,valid,1049369,-1,True,
2,1,000023,1790194206.2821033,32936.165692,94.17851370000426,candidate-measurement,100317,valid,1049367,-2,True,
2,1,000023,1790194206.4735146,32936.357105,94.36992670000473,candidate-measurement,100316,valid,1049366,-1,True,
2,1,000023,1790194206.6655097,32936.5491004,94.56192210000154,candidate-measurement,100316,valid,1049366,0,True,
2,1,000023,1790194206.8574977,32936.7410867,94.75390840000182,candidate-measurement,100315,valid,1049365,-1,True,
2,1,000023,1790194207.0651085,32936.9486951,94.96151680000185,candidate-measurement,100313,valid,1049363,-2,True,
2,1,000023,1790194207.2570908,32937.1406789,95.15350060000492,candidate-measurement,100310,valid,1049360,-3,True,
2,1,000023,1790194207.4490635,32937.3326545,95.34547620000376,candidate-measurement,10030F,valid,1049359,-1,True,
2,1,000023,1790194207.6570537,32937.5406421,95.55346380000265,candidate-measurement,10030C,valid,1049356,-3,True,
2,1,000023,1790194207.8484719,32937.7320633,95.74488500000007,candidate-measurement,10030B,valid,1049355,-1,True,
2,1,000023,1790194208.0404608,32937.9240508,95.93687250000221,candidate-measurement,100309,valid,1049353,-2,True,
2,1,000023,1790194208.2480369,32938.1316255,96.14444720000029,candidate-measurement,100307,valid,1049351,-2,True,
2,1,000023,1790194208.4400344,32938.3236226,96.33644430000277,candidate-measurement,100305,valid,1049349,-2,True,
2,1,000023,1790194208.6320274,32938.5156183,96.52844000000186,candidate-measurement,100304,valid,1049348,-1,True,
2,1,000023,1790194208.8234339,32938.7070243,96.71984599999996,candidate-measurement,100304,valid,1049348,0,True,
2,1,000023,1790194209.0314326,32938.9150238,96.92784550000215,candidate-measurement,100304,valid,1049348,0,True,
2,1,000023,1790194209.2234364,32939.107025,97.11984669999947,candidate-measurement,100303,valid,1049347,-1,True,
2,1,000023,1790194209.415004,32939.298594,97.31141570000182,candidate-measurement,100303,valid,1049347,0,True,
2,1,000023,1790194209.622995,32939.5065837,97.51940540000214,candidate-measurement,100302,valid,1049346,-1,True,
2,1,000023,1790194209.8149908,32939.6985806,97.7114023000031,candidate-measurement,100300,valid,1049344,-2,True,
2,1,000023,1790194210.0064085,32939.8899968,97.90281849999883,candidate-measurement,1002FE,valid,1049342,-2,True,
2,1,000023,1790194210.2143948,32940.097983,98.11080470000161,candidate-measurement,1002FE,valid,1049342,0,True,
2,1,000023,1790194210.4059677,32940.2895568,98.30237850000412,candidate-measurement,1002FE,valid,1049342,0,True,
2,1,000023,1790194210.5979817,32940.4815709,98.49439260000509,candidate-measurement,1002FD,valid,1049341,-1,True,
2,1,000023,1790194210.7899542,32940.6735453,98.68636700000206,candidate-measurement,1002FD,valid,1049341,0,True,
2,1,000023,1790194210.9973705,32940.8809608,98.893782500003,candidate-measurement,1002FD,valid,1049341,0,True,
2,1,000023,1790194211.1893718,32941.0729611,99.08578280000074,candidate-measurement,1002FD,valid,1049341,0,True,
2,1,000023,1790194211.3809412,32941.2645299,99.27735160000157,candidate-measurement,1002FD,valid,1049341,0,True,
2,1,000023,1790194211.588929,32941.4725194,99.48534110000037,candidate-measurement,1002FC,valid,1049340,-1,True,
2,1,000023,1790194211.7809348,32941.6645265,99.67734819999896,candidate-measurement,1002F8,valid,1049336,-4,True,
2,1,000023,1790194211.9723406,32941.8559318,99.868753499999,candidate-measurement,1002F0,valid,1049328,-8,True,
2,1,000023,1790194212.1803524,32942.0639404,100.076762100005,candidate-measurement,1002ED,valid,1049325,-3,True,
2,1,000023,1790194212.3723323,32942.255921,100.26874270000553,candidate-measurement,1002EB,valid,1049323,-2,True,
2,1,000023,1790194212.563986,32942.4475736,100.46039530000417,candidate-measurement,1002EB,valid,1049323,0,True,
2,1,000023,1790194212.7558935,32942.6394832,100.65230490000249,candidate-measurement,1002EB,valid,1049323,0,True,
2,1,000023,1790194212.9638894,32942.8474773,100.86029899999994,candidate-measurement,1002EB,valid,1049323,0,True,
2,1,000023,1790194213.155881,32943.0394701,101.05229179999878,candidate-measurement,1002E9,valid,1049321,-2,True,
2,1,000023,1790194213.3478754,32943.2314643,101.24428600000101,candidate-measurement,1002E8,valid,1049320,-1,True,
2,1,000023,1790194213.5552893,32943.4388798,101.45170150000195,candidate-measurement,1002DA,valid,1049306,-14,True,
2,1,000023,1790194213.7472723,32943.6308634,101.6436851000035,candidate-measurement,1002D5,valid,1049301,-5,True,
2,1,000023,1790194213.9388607,32943.8224489,101.83527060000051,candidate-measurement,1002D2,valid,1049298,-3,True,
2,1,000023,1790194214.1468544,32944.0304424,102.04326410000067,candidate-measurement,1002D0,valid,1049296,-2,True,
2,1,000023,1790194214.3388538,32944.2224421,102.23526380000112,candidate-measurement,1002CC,valid,1049292,-4,True,
2,1,000023,1790194214.5302722,32944.4138606,102.42668229999981,candidate-measurement,1002C8,valid,1049288,-4,True,
2,1,000023,1790194214.7222526,32944.6058412,102.61866290000034,candidate-measurement,1002C6,valid,1049286,-2,True,
2,1,000023,1790194214.9298196,32944.8134107,102.82623240000248,candidate-measurement,1002C4,valid,1049284,-2,True,
2,1,000023,1790194215.1218214,32945.0054113,103.01823300000251,candidate-measurement,1002C4,valid,1049284,0,True,
2,1,000023,1790194215.3138142,32945.1974029,103.21022459999949,candidate-measurement,1002C3,valid,1049283,-1,True,
2,1,000023,1790194215.5218086,32945.4053972,103.41821889999846,candidate-measurement,1002C2,valid,1049282,-1,True,
2,1,000023,1790194215.71321,32945.5968012,103.60962290000316,candidate-measurement,1002C0,valid,1049280,-2,True,
2,1,000023,1790194215.9052095,32945.7887986,103.80162030000065,candidate-measurement,1002C0,valid,1049280,0,True,
2,1,000023,1790194216.1127868,32945.996375,104.0091967000044,candidate-measurement,1002BE,valid,1049278,-2,True,
2,1,000023,1790194216.304801,32946.1883903,104.20121199999994,candidate-measurement,1002BC,valid,1049276,-2,True,
2,1,000023,1790194216.496193,32946.3797814,104.392603100001,candidate-measurement,1002BC,valid,1049276,0,True,
2,1,000023,1790194216.6881905,32946.5717795,104.58460120000382,candidate-measurement,1002BA,valid,1049274,-2,True,
2,1,000023,1790194216.8957546,32946.7793456,104.79216730000189,candidate-measurement,1002BA,valid,1049274,0,True,
2,1,000023,1790194217.0877557,32946.9713462,104.98416790000192,candidate-measurement,1002B8,valid,1049272,-2,True,
2,1,000023,1790194217.279752,32947.1633405,105.17616220000491,candidate-measurement,1002B5,valid,1049269,-3,True,
2,1,000023,1790194217.4871528,32947.3707417,105.38356339999882,candidate-measurement,1002B1,valid,1049265,-4,True,
2,1,000023,1790194217.679148,32947.5627392,105.57556090000435,candidate-measurement,1002B0,valid,1049264,-1,True,
2,1,000023,1790194217.8711472,32947.7547384,105.76756010000099,candidate-measurement,1002AE,valid,1049262,-2,True,
2,1,000023,1790194218.0787358,32947.9623255,105.9751471999989,candidate-measurement,1002AC,valid,1049260,-2,True,
2,1,000023,1790194218.2707198,32948.1543085,106.16713020000316,candidate-measurement,1002AB,valid,1049259,-1,True,
2,1,000023,1790194218.462757,32948.3463465,106.3591682000042,candidate-measurement,1002AA,valid,1049258,-1,True,
2,1,000023,1790194218.6541262,32948.5377164,106.5505381000039,candidate-measurement,1002AA,valid,1049258,0,True,
2,1,000023,1790194218.8621209,32948.7457101,106.75853180000558,candidate-measurement,1002AA,valid,1049258,0,True,
2,1,000023,1790194219.0536962,32948.9372878,106.95010950000142,candidate-measurement,1002AA,valid,1049258,0,True,
2,1,000023,1790194219.245689,32949.1292766,107.1420982999989,candidate-measurement,1002A9,valid,1049257,-1,True,
2,1,000023,1790194219.453676,32949.3372656,107.35008730000118,candidate-measurement,1002A9,valid,1049257,0,True,
2,1,000023,1790194219.6450899,32949.5286808,107.54150250000384,candidate-measurement,1002A8,valid,1049256,-1,True,
2,1,000023,1790194219.8370836,32949.7206737,107.73349540000345,candidate-measurement,1002A6,valid,1049254,-2,True,
2,1,000023,1790194220.0446863,32949.928277,107.94109870000102,candidate-measurement,1002A5,valid,1049253,-1,True,
2,1,000023,1790194220.2366583,32950.1202476,108.13306930000545,candidate-measurement,1002A4,valid,1049252,-1,True,
2,1,000023,1790194220.4286418,32950.3122321,108.3250537999993,candidate-measurement,1002A4,valid,1049252,0,True,
2,1,000023,1790194220.6206477,32950.5042356,108.51705729999958,candidate-measurement,1002A3,valid,1049251,-1,True,
2,1,000023,1790194220.828637,32950.712225,108.7250467000049,candidate-measurement,1002A3,valid,1049251,0,True,
2,1,000023,1790194221.0200458,32950.9036372,108.91645889999927,candidate-measurement,1002A3,valid,1049251,0,True,
2,1,000023,1790194221.2120476,32951.0956364,109.10845810000319,candidate-measurement,1002A3,valid,1049251,0,True,
2,1,000023,1790194221.4196136,32951.3032024,109.3160241000005,candidate-measurement,1002A3,valid,1049251,0,True,
2,1,000023,1790194221.6116095,32951.4951984,109.50802010000189,candidate-measurement,1002A2,valid,1049250,-1,True,
2,1,000023,1790194221.8036208,32951.6872094,109.70003110000107,candidate-measurement,10029E,valid,1049246,-4,True,
2,1,000023,1790194221.9955919,32951.879181,109.89200269999856,candidate-measurement,100297,valid,1049239,-7,True,
2,1,000023,1790194222.2030132,32952.0866014,110.09942310000042,candidate-measurement,100294,valid,1049236,-3,True,
2,1,000023,1790194222.3950067,32952.2785956,110.29141730000265,candidate-measurement,100292,valid,1049234,-2,True,
2,1,000023,1790194222.5870137,32952.4706023,110.48342400000547,candidate-measurement,100291,valid,1049233,-1,True,
2,1,000023,1790194222.7945664,32952.6781576,110.69097930000135,candidate-measurement,100291,valid,1049233,0,True,
2,1,000023,1790194222.9865596,32952.8701509,110.882972600004,candidate-measurement,100291,valid,1049233,0,True,
2,1,000023,1790194223.1785572,32953.0621455,111.07496720000199,candidate-measurement,100291,valid,1049233,0,True,
2,1,000023,1790194223.3859708,32953.269561,111.28238270000293,candidate-measurement,10028F,valid,1049231,-2,True,
2,1,000023,1790194223.577958,32953.4615479,111.4743696000005,candidate-measurement,10028D,valid,1049229,-2,True,
2,1,000023,1790194223.7699552,32953.6535438,111.66636550000112,candidate-measurement,100283,valid,1049219,-10,True,
2,1,000023,1790194223.9775484,32953.8611378,111.87395950000064,candidate-measurement,10027D,valid,1049213,-6,True,
2,1,000023,1790194224.169557,32954.0531439,112.06596559999889,candidate-measurement,10027A,valid,1049210,-3,True,
2,1,000023,1790194224.3615115,32954.245101,112.25792270000238,candidate-measurement,100278,valid,1049208,-2,True,
2,1,000023,1790194224.5529318,32954.4365211,112.4493427999987,candidate-measurement,100277,valid,1049207,-1,True,
2,1,000023,1790194224.760931,32954.6445202,112.65734190000512,candidate-measurement,100275,valid,1049205,-2,True,
2,1,000023,1790194224.9529474,32954.8365356,112.84935730000143,candidate-measurement,100274,valid,1049204,-1,True,
2,1,000023,1790194225.1444964,32955.0280856,113.04090730000462,candidate-measurement,100272,valid,1049202,-2,True,
2,1,000023,1790194225.352488,32955.2360767,113.24889840000105,candidate-measurement,10026F,valid,1049199,-3,True,
2,1,000023,1790194225.544497,32955.4280881,113.44090980000328,candidate-measurement,10026E,valid,1049198,-1,True,
2,1,000023,1790194225.7358947,32955.6194837,113.63230540000222,candidate-measurement,10026D,valid,1049197,-1,True,
2,1,000023,1790194225.9278862,32955.8114771,113.82429879999836,candidate-measurement,10026B,valid,1049195,-2,True,
2,1,000023,1790194226.1354733,32956.0190628,114.03188450000016,candidate-measurement,10026B,valid,1049195,0,True,
2,1,000023,1790194226.327457,32956.2110458,114.22386750000442,candidate-measurement,10026B,valid,1049195,0,True,
2,1,000023,1790194226.5194538,32956.4030418,114.41586349999852,candidate-measurement,10026A,valid,1049194,-1,True,
2,1,000023,1790194226.727447,32956.6110357,114.62385740000173,candidate-measurement,10026A,valid,1049194,0,True,
2,1,000023,1790194226.9188576,32956.8024459,114.8152676000027,candidate-measurement,100269,valid,1049193,-1,True,
2,1,000023,1790194227.11085,32956.9944411,115.00726280000526,candidate-measurement,100267,valid,1049191,-2,True,
2,1,000023,1790194227.3184285,32957.202017,115.2148387000052,candidate-measurement,100266,valid,1049190,-1,True,
2,1,000023,1790194227.5104158,32957.394007,115.40682870000455,candidate-measurement,100264,valid,1049188,-2,True,
2,1,000023,1790194227.702408,32957.585998,115.59881970000424,candidate-measurement,100262,valid,1049186,-2,True,
2,1,000023,1790194227.8938267,32957.7774179,115.79023959999904,candidate-measurement,100262,valid,1049186,0,True,
2,1,000023,1790194228.1018152,32957.9854065,115.99822820000554,candidate-measurement,100261,valid,1049185,-1,True,
2,1,000023,1790194228.2938166,32958.1774048,116.19022650000261,candidate-measurement,10025E,valid,1049182,-3,True,
2,1,000023,1790194228.4853923,32958.3689812,116.3818029000031,candidate-measurement,10025C,valid,1049180,-2,True,
2,1,000023,1790194228.6934125,32958.5770026,116.5898243000047,candidate-measurement,10025A,valid,1049178,-2,True,
2,1,000023,1790194228.8853698,32958.768961,116.78178270000353,candidate-measurement,100257,valid,1049175,-3,True,
2,1,000023,1790194229.0768044,32958.9603927,116.97321440000087,candidate-measurement,100256,valid,1049174,-1,True,
2,1,000023,1790194229.2847834,32959.1683716,117.181193299999,candidate-measurement,100254,valid,1049172,-2,True,
2,1,000023,1790194229.4764214,32959.3600089,117.37283060000482,candidate-measurement,100252,valid,1049170,-2,True,
2,1,000023,1790194229.668347,32959.5519367,117.56475840000348,candidate-measurement,100250,valid,1049168,-2,True,
2,1,000023,1790194229.8603418,32959.7439307,117.75675240000419,candidate-measurement,100250,valid,1049168,0,True,
2,1,000023,1790194230.0677586,32959.9513483,117.96416999999929,candidate-measurement,100250,valid,1049168,0,True,
2,1,000023,1790194230.2597504,32960.1433389,118.1561606000032,candidate-measurement,10024E,valid,1049166,-2,True,
2,1,000023,1790194230.4513211,32960.3349102,118.34773190000124,candidate-measurement,10024E,valid,1049166,0,True,
2,1,000023,1790194230.6593332,32960.5429213,118.55574300000444,candidate-measurement,10024E,valid,1049166,0,True,
2,1,000023,1790194230.8507466,32960.7343353,118.74715700000525,candidate-measurement,10024D,valid,1049165,-1,True,
2,1,000023,1790194231.0427237,32960.9263121,118.93913379999867,candidate-measurement,10024B,valid,1049163,-2,True,
2,1,000023,1790194231.2507179,32961.1343062,119.1471279000034,candidate-measurement,10024A,valid,1049162,-1,True,
2,1,000023,1790194231.4422867,32961.3258773,119.3386989999999,candidate-measurement,10024A,valid,1049162,0,True,
2,1,000023,1790194231.6342864,32961.5178754,119.53069710000273,candidate-measurement,100249,valid,1049161,-1,True,
2,1,000023,1790194231.8262765,32961.7098672,119.72268890000123,candidate-measurement,100249,valid,1049161,0,True,
2,1,000023,1790194232.034273,32961.9178635,119.93068520000088,candidate-measurement,100249,valid,1049161,0,True,
2,1,000023,1790194232.2256913,32962.1092795,120.12210120000236,candidate-measurement,100249,valid,1049161,0,True,
2,1,000023,1790194232.417682,32962.3012708,120.31409250000434,candidate-measurement,100249,valid,1049161,0,True,
2,1,000023,1790194232.6256695,32962.5092597,120.52208139999857,candidate-measurement,100248,valid,1049160,-1,True,
2,1,000023,1790194232.8172445,32962.7008332,120.7136548999988,candidate-measurement,100242,valid,1049154,-6,True,
2,1,000023,1790194233.0092425,32962.892831,120.90565269999934,candidate-measurement,10023D,valid,1049149,-5,True,
2,1,000023,1790194233.2172384,32963.1008264,121.11364809999941,candidate-measurement,10023A,valid,1049146,-3,True,
2,1,000023,1790194233.4092317,32963.2928201,121.3056418000051,candidate-measurement,100238,valid,1049144,-2,True,
2,1,000023,1790194233.60064,32963.4842312,121.49705289999838,candidate-measurement,100237,valid,1049143,-1,True,
2,1,000023,1790194233.7926354,32963.6762257,121.68904740000289,candidate-measurement,100237,valid,1049143,0,True,
2,1,000023,1790194234.0006282,32963.8842192,121.89704090000305,candidate-measurement,100237,valid,1049143,0,True,
2,1,000023,1790194234.1922054,32964.0757941,122.08861579999939,candidate-measurement,100237,valid,1049143,0,True,
2,1,000023,1790194234.3841958,32964.267786,122.28060769999865,candidate-measurement,100236,valid,1049142,-1,True,
2,1,000023,1790194234.5921955,32964.4757839,122.48860560000321,candidate-measurement,100234,valid,1049140,-2,True,
2,1,000023,1790194234.7836094,32964.6671974,122.68001910000021,candidate-measurement,100227,valid,1049127,-13,True,
2,1,000023,1790194234.9756014,32964.8591903,122.87201199999981,candidate-measurement,100222,valid,1049122,-5,True,
2,1,000023,1790194235.183179,32965.0667672,123.07958890000009,candidate-measurement,10021F,valid,1049119,-3,True,
2,1,000023,1790194235.3751569,32965.2587473,123.27156900000409,candidate-measurement,10021D,valid,1049117,-2,True,
2,1,000023,1790194235.5671551,32965.4507464,123.46356809999997,candidate-measurement,10021B,valid,1049115,-2,True,
2,1,000023,1790194235.7585757,32965.642164,123.65498569999909,candidate-measurement,100218,valid,1049112,-3,True,
2,1,000023,1790194235.9665658,32965.8501573,123.862979000005,candidate-measurement,100214,valid,1049108,-4,True,
2,1,000023,1790194236.1585758,32966.0421637,124.05498540000553,candidate-measurement,100212,valid,1049106,-2,True,
2,1,000023,1790194236.3501358,32966.2337243,124.24654600000213,candidate-measurement,100210,valid,1049104,-2,True,
2,1,000023,1790194236.5581293,32966.441718,124.4545397000038,candidate-measurement,100210,valid,1049104,0,True,
2,1,000023,1790194236.7501416,32966.6337321,124.64655380000477,candidate-measurement,10020F,valid,1049103,-1,True,
2,1,000023,1790194236.9415326,32966.8251208,124.8379425000021,candidate-measurement,10020E,valid,1049102,-1,True,
2,1,000023,1790194237.1495242,32967.0331135,125.04593520000344,candidate-measurement,10020C,valid,1049100,-2,True,
2,1,000023,1790194237.341107,32967.2246961,125.2375178000002,candidate-measurement,10020C,valid,1049100,0,True,
2,1,000023,1790194237.5331044,32967.4166938,125.42951549999998,candidate-measurement,10020A,valid,1049098,-2,True,
2,1,000023,1790194237.7245033,32967.6080935,125.62091520000104,candidate-measurement,100208,valid,1049096,-2,True,
2,1,000023,1790194237.9325008,32967.8160891,125.82891080000263,candidate-measurement,100208,valid,1049096,0,True,
2,1,000023,1790194238.1240807,32968.0076696,126.02049130000523,candidate-measurement,100207,valid,1049095,-1,True,
2,1,000023,1790194238.3160665,32968.1996551,126.21247679999942,candidate-measurement,100205,valid,1049093,-2,True,
2,1,000023,1790194238.5240552,32968.4076451,126.42046680000203,candidate-measurement,100202,valid,1049090,-3,True,
2,1,000023,1790194238.7154715,32968.5990626,126.61188430000038,candidate-measurement,100201,valid,1049089,-1,True,
2,1,000023,1790194238.907475,32968.7910651,126.80388680000033,candidate-measurement,1001FE,valid,1049086,-3,True,
2,1,000023,1790194239.1150446,32968.998634,127.01145570000517,candidate-measurement,1001FD,valid,1049085,-1,True,
2,1,000023,1790194239.3070436,32969.190632,127.20345369999995,candidate-measurement,1001FC,valid,1049084,-1,True,
2,1,000023,1790194239.4990268,32969.3826167,127.3954384000026,candidate-measurement,1001FB,valid,1049083,-1,True,
2,1,000023,1790194239.690461,32969.574052,127.58687370000553,candidate-measurement,1001F9,valid,1049081,-2,True,
2,1,000023,1790194239.8980567,32969.7816469,127.79446860000462,candidate-measurement,1001F7,valid,1049079,-2,True,
2,1,000023,1790194240.0900156,32969.9736042,127.98642590000236,candidate-measurement,1001F6,valid,1049078,-1,True,
2,1,000023,1790194240.282007,32970.1655956,128.1784173000051,candidate-measurement,1001F6,valid,1049078,0,True,
2,1,000023,1790194240.4899993,32970.3735892,128.38641089999874,candidate-measurement,1001F6,valid,1049078,0,True,
2,1,000023,1790194240.6814587,32970.5650457,128.57786740000302,candidate-measurement,1001F6,valid,1049078,0,True,
2,1,000023,1790194240.8734097,32970.7569989,128.76982059999864,candidate-measurement,1001F5,valid,1049077,-1,True,
2,1,000023,1790194241.0809813,32970.9645717,128.97739340000408,candidate-measurement,1001F5,valid,1049077,0,True,
2,1,000023,1790194241.2729769,32971.1565653,129.16938700000173,candidate-measurement,1001F4,valid,1049076,-1,True,
2,1,000023,1790194241.4649696,32971.3485578,129.36137950000557,candidate-measurement,1001F2,valid,1049074,-2,True,
2,1,000023,1790194241.6563842,32971.5399741,129.55279580000206,candidate-measurement,1001F0,valid,1049072,-2,True,
2,1,000023,1790194241.8643756,32971.7479656,129.76078730000154,candidate-measurement,1001F0,valid,1049072,0,True,
2,1,000023,1790194242.0559506,32971.9395398,129.95236149999982,candidate-measurement,1001F0,valid,1049072,0,True,
2,1,000023,1790194242.247946,32972.1315341,130.1443558000028,candidate-measurement,1001F0,valid,1049072,0,True,
2,1,000023,1790194242.4559422,32972.3395308,130.3523525000055,candidate-measurement,1001EF,valid,1049071,-1,True,
2,1,000023,1790194242.6473558,32972.5309438,130.5437654999987,candidate-measurement,1001EF,valid,1049071,0,True,
2,1,000023,1790194242.839347,32972.722936,130.73575770000025,candidate-measurement,1001EF,valid,1049071,0,True,
2,1,000023,1790194243.0469117,32972.9305031,130.94332479999866,candidate-measurement,1001EF,valid,1049071,0,True,
2,1,000023,1790194243.2389164,32973.122505,131.13532670000131,candidate-measurement,1001EF,valid,1049071,0,True,
2,1,000023,1790194243.4309087,32973.3144976,131.32731929999863,candidate-measurement,1001EE,valid,1049070,-1,True,
2,1,000023,1790194243.6223254,32973.5059163,131.51873799999885,candidate-measurement,1001E6,valid,1049062,-8,True,
2,1,000023,1790194243.8298926,32973.7134815,131.72630320000462,candidate-measurement,1001E3,valid,1049059,-3,True,
2,1,000023,1790194244.0218782,32973.9054681,131.9182897999999,candidate-measurement,1001E0,valid,1049056,-3,True,
2,1,000023,1790194244.2138858,32974.097474,132.11029570000392,candidate-measurement,1001DE,valid,1049054,-2,True,
2,1,000023,1790194244.4218662,32974.3054568,132.31827850000263,candidate-measurement,1001DE,valid,1049054,0,True,
2,1,000023,1790194244.6138828,32974.4974728,132.5102945000035,candidate-measurement,1001DD,valid,1049053,-1,True,
2,1,000023,1790194244.8052714,32974.6888621,132.7016838000054,candidate-measurement,1001DD,valid,1049053,0,True,
2,1,000023,1790194245.013274,32974.8968621,132.90968380000413,candidate-measurement,1001DD,valid,1049053,0,True,
2,1,000023,1790194245.220844,32975.1044326,133.11725429999933,candidate-measurement,1001DD,valid,1049053,0,True,
2,1,000023,1790194245.4128451,32975.2964353,133.3092570000008,candidate-measurement,1001DC,valid,1049052,-1,True,
2,1,000023,1790194245.604832,32975.4884212,133.5012429000053,candidate-measurement,1001D3,valid,1049043,-9,True,
2,1,000023,1790194245.7962456,32975.6798368,133.69265850000374,candidate-measurement,1001CA,valid,1049034,-9,True,
2,1,000023,1790194245.9882417,32975.871831,133.8846526999987,candidate-measurement,1001C7,valid,1049031,-3,True,
2,1,000023,1790194246.1802337,32976.0638226,134.07664430000295,candidate-measurement,1001C4,valid,1049028,-3,True,
2,1,000023,1790194246.3878012,32976.2713915,134.28421320000052,candidate-measurement,1001C3,valid,1049027,-1,True,
2,1,000023,1790194246.579798,32976.463389,134.47621069999877,candidate-measurement,1001C0,valid,1049024,-3,True,
2,1,000023,1790194246.771811,32976.6554004,134.668222100001,candidate-measurement,1001BE,valid,1049022,-2,True,
2,1,000023,1790194246.9792106,32976.8628001,134.87562180000532,candidate-measurement,1001BB,valid,1049019,-3,True,
2,1,000023,1790194247.1712024,32977.0547911,135.067612800005,candidate-measurement,1001B9,valid,1049017,-2,True,
2,1,000023,1790194247.3631957,32977.2467852,135.2596068999992,candidate-measurement,1001B8,valid,1049016,-1,True,
2,1,000023,1790194247.5547695,32977.4383587,135.45118039999943,candidate-measurement,1001B8,valid,1049016,0,True,
2,1,000023,1790194247.7627652,32977.6463556,135.65917730000365,candidate-measurement,1001B6,valid,1049014,-2,True,
2,1,000023,1790194247.9547582,32977.8383467,135.8511684000041,candidate-measurement,1001B6,valid,1049014,0,True,
2,1,000023,1790194248.1461766,32978.0297653,136.04258700000355,candidate-measurement,1001B6,valid,1049014,0,True,
2,1,000023,1790194248.3541658,32978.2377549,136.25057660000311,candidate-measurement,1001B5,valid,1049013,-1,True,
2,1,000023,1790194248.5461516,32978.4297408,136.44256250000035,candidate-measurement,1001B4,valid,1049012,-1,True,
2,1,000023,1790194248.7381592,32978.6217475,136.63456920000317,candidate-measurement,1001B2,valid,1049010,-2,True,
2,1,000023,1790194248.929728,32978.8133163,136.826138000004,candidate-measurement,1001B2,valid,1049010,0,True,
2,1,000023,1790194249.1377215,32979.0213109,137.03413260000525,candidate-measurement,1001B0,valid,1049008,-2,True,
2,1,000023,1790194249.3297188,32979.2133072,137.22612890000164,candidate-measurement,1001AE,valid,1049006,-2,True,
2,1,000023,1790194249.5211294,32979.4047186,137.41754030000448,candidate-measurement,1001AE,valid,1049006,0,True,
2,1,000023,1790194249.7291229,32979.6127128,137.6255345000027,candidate-measurement,1001AC,valid,1049004,-2,True,
2,1,000023,1790194249.9211302,32979.8047204,137.81754210000508,candidate-measurement,1001AC,valid,1049004,0,True,
2,1,000023,1790194250.1126885,32979.996277,138.00909870000032,candidate-measurement,1001AA,valid,1049002,-2,True,
2,1,000023,1790194250.320678,32980.2042663,138.21708800000488,candidate-measurement,1001A7,valid,1048999,-3,True,
2,1,000023,1790194250.5120974,32980.3956877,138.40850940000382,candidate-measurement,1001A4,valid,1048996,-3,True,
2,1,000023,1790194250.7040908,32980.5876815,138.600503200003,candidate-measurement,1001A2,valid,1048994,-2,True,
2,1,000023,1790194250.896081,32980.7796719,138.7924936000054,candidate-measurement,1001A0,valid,1048992,-2,True,
2,1,000023,1790194251.103658,32980.9872464,139.00006810000195,candidate-measurement,10019E,valid,1048990,-2,True,
2,1,000023,1790194251.2956536,32981.179242,139.1920637000003,candidate-measurement,10019D,valid,1048989,-1,True,
2,1,000023,1790194251.4870694,32981.3706574,139.38347910000448,candidate-measurement,10019C,valid,1048988,-1,True,
2,1,000023,1790194251.695076,32981.5786637,139.59148540000024,candidate-measurement,10019C,valid,1048988,0,True,
2,1,000023,1790194251.8870537,32981.7706423,139.7834640000001,candidate-measurement,10019C,valid,1048988,0,True,
2,1,000023,1790194252.0786269,32981.9622153,139.9750370000038,candidate-measurement,10019A,valid,1048986,-2,True,
2,1,000023,1790194252.2866187,32982.1702068,140.18302850000327,candidate-measurement,10019A,valid,1048986,0,True,
2,1,000023,1790194252.4786057,32982.3621957,140.37501740000152,candidate-measurement,100199,valid,1048985,-1,True,
2,1,000023,1790194252.6706178,32982.5542075,140.56702919999952,candidate-measurement,100199,valid,1048985,0,True,
2,1,000023,1790194252.86202,32982.7456111,140.75843280000117,candidate-measurement,100197,valid,1048983,-2,True,
2,1,000023,1790194253.0700183,32982.9536074,140.96642910000082,candidate-measurement,100196,valid,1048982,-1,True,
2,1,000023,1790194253.2620225,32983.1456106,141.15843229999882,candidate-measurement,100196,valid,1048982,0,True,
2,1,000023,1790194253.4535794,32983.3371696,141.34999130000506,candidate-measurement,100195,valid,1048981,-1,True,
2,1,000023,1790194253.661571,32983.5451616,141.55798330000107,candidate-measurement,100195,valid,1048981,0,True,
2,1,000023,1790194253.853568,32983.7371591,141.74998079999932,candidate-measurement,100195,valid,1048981,0,True,
2,1,000023,1790194254.0455604,32983.9291485,141.94197020000138,candidate-measurement,100195,valid,1048981,0,True,
2,1,000023,1790194254.252974,32984.1365629,142.1493846000012,candidate-measurement,100195,valid,1048981,0,True,
2,1,000023,1790194254.4449713,32984.3285595,142.3413811999999,candidate-measurement,100194,valid,1048980,-1,True,
2,1,000023,1790194254.6365404,32984.5201311,142.5329528000002,candidate-measurement,10018B,valid,1048971,-9,True,
2,1,000023,1790194254.8285336,32984.7121248,142.72494649999862,candidate-measurement,100187,valid,1048967,-4,True,
2,1,000023,1790194255.036529,32984.9201182,142.9329399000053,candidate-measurement,100185,valid,1048965,-2,True,
2,1,000023,1790194255.2285202,32985.112109,143.12493070000346,candidate-measurement,100184,valid,1048964,-1,True,
2,1,000023,1790194255.4199362,32985.3035262,143.31634789999953,candidate-measurement,100183,valid,1048963,-1,True,
2,1,000023,1790194255.6279314,32985.5115205,143.5243421999985,candidate-measurement,100183,valid,1048963,0,True,
2,1,000023,1790194255.8195033,32985.7030932,143.71591489999992,candidate-measurement,100183,valid,1048963,0,True,
2,1,000023,1790194256.011519,32985.8951073,143.90792900000088,candidate-measurement,100183,valid,1048963,0,True,
2,1,000023,1790194256.2194939,32986.1030821,144.11590380000416,candidate-measurement,100183,valid,1048963,0,True,
2,1,000023,1790194256.4269052,32986.3104941,144.32331580000027,candidate-measurement,100182,valid,1048962,-1,True,
2,1,000023,1790194256.6188939,32986.5024816,144.51530330000242,candidate-measurement,10017D,valid,1048957,-5,True,
2,1,000023,1790194256.8104906,32986.6940792,144.70690090000426,candidate-measurement,10016F,valid,1048943,-14,True,
2,1,000023,1790194257.0024683,32986.8860577,144.89887940000335,candidate-measurement,10016A,valid,1048938,-5,True,
2,1,000023,1790194257.1944728,32987.0780598,145.09088150000025,candidate-measurement,100167,valid,1048935,-3,True,
2,1,000023,1790194257.385877,32987.269467,145.2822887000002,candidate-measurement,100160,valid,1048928,-7,True,
2,1,000023,1790194257.5938659,32987.4774575,145.49027919999935,candidate-measurement,10015C,valid,1048924,-4,True,
2,1,000023,1790194257.7858567,32987.6694465,145.68226819999836,candidate-measurement,100159,valid,1048921,-3,True,
2,1,000023,1790194257.9774396,32987.8610277,145.87384939999902,candidate-measurement,100158,valid,1048920,-1,True,
2,1,000023,1790194258.1854372,32988.0690254,146.08184710000205,candidate-measurement,100155,valid,1048917,-3,True,
2,1,000023,1790194258.377449,32988.261038,146.27385969999887,candidate-measurement,100154,valid,1048916,-1,True,
2,1,000023,1790194258.5688407,32988.4524296,146.46525130000373,candidate-measurement,100152,valid,1048914,-2,True,
2,1,000023,1790194258.7608273,32988.6444187,146.6572404000035,candidate-measurement,10014F,valid,1048911,-3,True,
2,1,000023,1790194258.968846,32988.8524372,146.86525890000485,candidate-measurement,10014D,valid,1048909,-2,True,
2,1,000023,1790194259.1604028,32989.0439916,147.05681330000516,candidate-measurement,10014A,valid,1048906,-3,True,
2,1,000023,1790194259.3523953,32989.2359838,147.24880549999943,candidate-measurement,100148,valid,1048904,-2,True,
2,1,000023,1790194259.560382,32989.4439735,147.45679519999976,candidate-measurement,100146,valid,1048902,-2,True,
2,1,000023,1790194259.7517889,32989.6353803,147.64820200000395,candidate-measurement,100144,valid,1048900,-2,True,
2,1,000023,1790194259.9437888,32989.8273799,147.84020160000364,candidate-measurement,100143,valid,1048899,-1,True,
2,1,000023,1790194260.1513739,32990.0349618,148.04778349999833,candidate-measurement,100142,valid,1048898,-1,True,
2,1,000023,1790194260.3433623,32990.2269508,148.23977250000462,candidate-measurement,100142,valid,1048898,0,True,
2,1,000023,1790194260.5353487,32990.4189393,148.43176099999982,candidate-measurement,100142,valid,1048898,0,True,
2,1,000023,1790194260.7267654,32990.6103562,148.62317790000088,candidate-measurement,100140,valid,1048896,-2,True,
2,1,000023,1790194260.9347727,32990.8183627,148.83118440000544,candidate-measurement,100140,valid,1048896,0,True,
2,1,000023,1790194261.1267614,32991.0103497,149.02317140000378,candidate-measurement,10013F,valid,1048895,-1,True,
2,1,000023,1790194261.3183296,32991.2019184,149.21474010000384,candidate-measurement,10013E,valid,1048894,-1,True,
2,1,000023,1790194261.5263245,32991.4099125,149.4227342000013,candidate-measurement,10013C,valid,1048892,-2,True,
2,1,000023,1790194261.718317,32991.6019045,149.61472620000131,candidate-measurement,10013C,valid,1048892,0,True,
2,1,000023,1790194261.9097295,32991.7933187,149.80614040000364,candidate-measurement,10013B,valid,1048891,-1,True,
2,1,000023,1790194262.101722,32991.9853129,149.9981345999986,candidate-measurement,10013B,valid,1048891,0,True,
2,1,000023,1790194262.3093004,32992.1928891,150.20571080000082,candidate-measurement,10013B,valid,1048891,0,True,
2,1,000023,1790194262.5012913,32992.3848797,150.39770140000473,candidate-measurement,10013B,valid,1048891,0,True,
2,1,000023,1790194262.6932857,32992.5768741,150.5896958000012,candidate-measurement,10013A,valid,1048890,-1,True,
2,1,000023,1790194262.901309,32992.7848977,150.797719400005,candidate-measurement,100131,valid,1048881,-9,True,
2,1,000023,1790194263.0926862,32992.9762773,150.98909899999853,candidate-measurement,10012E,valid,1048878,-3,True,
2,1,000023,1790194263.2846885,32993.168277,151.18109869999898,candidate-measurement,10012B,valid,1048875,-3,True,
2,1,000023,1790194263.4922535,32993.3758443,151.38866599999892,candidate-measurement,10012A,valid,1048874,-1,True,
2,1,000023,1790194263.6842723,32993.5678613,151.58068300000014,candidate-measurement,100129,valid,1048873,-1,True,
2,1,000023,1790194263.8762443,32993.7598347,151.77265640000405,candidate-measurement,100129,valid,1048873,0,True,
2,1,000023,1790194264.0836542,32993.9672453,151.98006700000406,candidate-measurement,100129,valid,1048873,0,True,
2,1,000023,1790194264.275657,32994.1592453,152.17206699999952,candidate-measurement,100129,valid,1048873,0,True,
2,1,000023,1790194264.467646,32994.3512343,152.36405599999853,candidate-measurement,100129,valid,1048873,0,True,
2,1,000023,1790194264.659216,32994.5428071,152.5556288000007,candidate-measurement,100126,valid,1048870,-3,True,
2,1,000023,1790194264.8672078,32994.7507962,152.76361790000374,candidate-measurement,100118,valid,1048856,-14,True,
2,1,000023,1790194265.0592127,32994.9427945,152.9556162000008,candidate-measurement,100113,valid,1048851,-5,True,
2,1,000023,1790194265.2506225,32995.1342111,153.14703279999958,candidate-measurement,100110,valid,1048848,-3,True,
2,1,000023,1790194265.4586122,32995.3422022,153.3550239000033,candidate-measurement,10010D,valid,1048845,-3,True,
2,1,000023,1790194265.6502175,32995.5338039,153.54662559999997,candidate-measurement,10010A,valid,1048842,-3,True,
2,1,000023,1790194265.84218,32995.7257716,153.73859330000414,candidate-measurement,100106,valid,1048838,-4,True,
2,1,000023,1790194266.0341687,32995.9177593,153.93058100000053,candidate-measurement,100104,valid,1048836,-2,True,
2,1,000023,1790194266.2415955,32996.1251838,154.1380055000045,candidate-measurement,100103,valid,1048835,-1,True,
2,1,000023,1790194266.4331586,32996.3167494,154.3295711000028,candidate-measurement,100102,valid,1048834,-1,True,
2,1,000023,1790194266.625155,32996.5087461,154.52156780000223,candidate-measurement,100102,valid,1048834,0,True,
2,1,000023,1790194266.833148,32996.7167391,154.72956079999858,candidate-measurement,100101,valid,1048833,-1,True,
2,1,000023,1790194267.025145,32996.9087336,154.9215553000031,candidate-measurement,100100,valid,1048832,-1,True,
2,1,000023,1790194267.216555,32997.1001435,155.11296520000178,candidate-measurement,1000FF,valid,1048831,-1,True,
2,1,000023,1790194267.4241483,32997.3077371,155.32055880000553,candidate-measurement,1000FE,valid,1048830,-1,True,
2,1,000023,1790194267.6161237,32997.4997141,155.51253580000048,candidate-measurement,1000FD,valid,1048829,-1,True,
2,1,000023,1790194267.8081138,32997.6917032,155.70452490000025,candidate-measurement,1000FA,valid,1048826,-3,True,
2,1,000023,1790194268.0001113,32997.8836996,155.89652130000468,candidate-measurement,1000FA,valid,1048826,0,True,
2,1,000023,1790194268.2075279,32998.0911164,156.10393810000096,candidate-measurement,1000F9,valid,1048825,-1,True,
2,1,000023,1790194268.3995194,32998.2831084,156.295930100001,candidate-measurement,1000F7,valid,1048823,-2,True,
2,1,000023,1790194268.5910845,32998.4746755,156.48749720000342,candidate-measurement,1000F4,valid,1048820,-3,True,
2,1,000023,1790194268.7990818,32998.6826712,156.6954928999985,candidate-measurement,1000F2,valid,1048818,-2,True,
2,1,000023,1790194268.9910767,32998.8746672,156.88748889999988,candidate-measurement,1000EF,valid,1048815,-3,True,
2,1,000023,1790194269.1824996,32999.0660882,157.07890990000305,candidate-measurement,1000EE,valid,1048814,-1,True,
2,1,000023,1790194269.3905022,32999.2740917,157.28691339999932,candidate-measurement,1000EC,valid,1048812,-2,True,
2,1,000023,1790194269.5820537,32999.465643,157.47846470000513,candidate-measurement,1000EB,valid,1048811,-1,True,
2,1,000023,1790194269.7740593,32999.6576499,157.6704716000022,candidate-measurement,1000E9,valid,1048809,-2,True,
2,1,000023,1790194269.966052,32999.849641,157.86246270000265,candidate-measurement,1000E8,valid,1048808,-1,True,
2,1,000023,1790194270.173554,33000.0571397,158.0699614000041,candidate-measurement,1000E8,valid,1048808,0,True,
2,1,000023,1790194270.3654633,33000.249052,158.26187370000116,candidate-measurement,1000E8,valid,1048808,0,True,
2,1,000023,1790194270.5574715,33000.4410612,158.4538829000012,candidate-measurement,1000E8,valid,1048808,0,True,
2,1,000023,1790194270.7650223,33000.6486127,158.6614344000045,candidate-measurement,1000E7,valid,1048807,-1,True,
2,1,000023,1790194270.9570184,33000.8406067,158.8534284000052,candidate-measurement,1000E7,valid,1048807,0,True,
2,1,000023,1790194271.1490264,33001.0326145,159.04543620000186,candidate-measurement,1000E6,valid,1048806,-1,True,
2,1,000023,1790194271.3570063,33001.2405949,159.25341660000413,candidate-measurement,1000E4,valid,1048804,-2,True,
2,1,000023,1790194271.5484188,33001.4320091,159.44483079999918,candidate-measurement,1000E3,valid,1048803,-1,True,
2,1,000023,1790194271.7404132,33001.6240017,159.63682340000378,candidate-measurement,1000E2,valid,1048802,-1,True,
2,1,000023,1790194271.9319818,33001.8155729,159.82839460000105,candidate-measurement,1000E2,valid,1048802,0,True,
2,1,000023,1790194272.1399965,33002.023585,160.0364067000046,candidate-measurement,1000E1,valid,1048801,-1,True,
2,1,000023,1790194272.3319705,33002.2155591,160.2283807999993,candidate-measurement,1000E1,valid,1048801,0,True,
2,1,000023,1790194272.5239642,33002.4075538,160.42037550000532,candidate-measurement,1000E1,valid,1048801,0,True,
2,1,000023,1790194272.7319572,33002.6155484,160.6283700999993,candidate-measurement,1000E1,valid,1048801,0,True,
2,1,000023,1790194272.923372,33002.8069616,160.8197833000013,candidate-measurement,1000E1,valid,1048801,0,True,
2,1,000023,1790194273.1153653,33002.998956,161.01177770000504,candidate-measurement,1000E0,valid,1048800,-1,True,
2,1,000023,1790194273.3229463,33003.2065341,161.2193557999999,candidate-measurement,1000DD,valid,1048797,-3,True,
2,1,000023,1790194273.5309336,33003.4145242,161.42734590000327,candidate-measurement,1000D6,valid,1048790,-7,True,
2,1,000023,1790194273.7229247,33003.6065144,161.61933610000415,candidate-measurement,1000D3,valid,1048787,-3,True,
2,1,000023,1790194273.914922,33003.7985123,161.81133400000544,candidate-measurement,1000D1,valid,1048785,-2,True,
2,1,000023,1790194274.1063354,33003.9899263,162.00274799999897,candidate-measurement,1000D0,valid,1048784,-1,True,
2,1,000023,1790194274.2983258,33004.1819149,162.19473660000222,candidate-measurement,1000CF,valid,1048783,-1,True,
2,1,000023,1790194274.4903235,33004.373913,162.38673470000504,candidate-measurement,1000CF,valid,1048783,0,True,
2,1,000023,1790194274.6979072,33004.5814963,162.5943180000031,candidate-measurement,1000CF,valid,1048783,0,True,
2,1,000023,1790194274.889906,33004.7734952,162.78631690000475,candidate-measurement,1000CF,valid,1048783,0,True,
2,1,000023,1790194275.0818837,33004.9654736,162.97829530000308,candidate-measurement,1000CE,valid,1048782,-1,True,
2,1,000023,1790194275.289299,33005.1728872,163.1857089000041,candidate-measurement,1000C9,valid,1048777,-5,True,
2,1,000023,1790194275.4812927,33005.3648814,163.37770309999905,candidate-measurement,1000C1,valid,1048769,-8,True,
2,1,000023,1790194275.6728723,33005.5564605,163.56928220000555,candidate-measurement,1000BD,valid,1048765,-4,True,
2,1,000023,1790194275.864855,33005.7484465,163.76126820000354,candidate-measurement,1000BA,valid,1048762,-3,True,
2,1,000023,1790194276.0728488,33005.9564396,163.96926130000065,candidate-measurement,1000B9,valid,1048761,-1,True,
2,1,000023,1790194276.2648492,33006.1484372,164.16125889999967,candidate-measurement,1000B7,valid,1048759,-2,True,
2,1,000023,1790194276.4562576,33006.3398478,164.35266950000369,candidate-measurement,1000B6,valid,1048758,-1,True,
2,1,000023,1790194276.6638303,33006.5474199,164.5602416000038,candidate-measurement,1000B4,valid,1048756,-2,True,
2,1,000023,1790194276.855825,33006.7394163,164.75223800000094,candidate-measurement,1000B2,valid,1048754,-2,True,
2,1,000023,1790194277.047822,33006.9314105,164.94423220000317,candidate-measurement,1000B1,valid,1048753,-1,True,
2,1,000023,1790194277.2558157,33007.1394042,165.15222590000485,candidate-measurement,1000AE,valid,1048750,-3,True,
2,1,000023,1790194277.447823,33007.3314131,165.3442348000026,candidate-measurement,1000AC,valid,1048748,-2,True,
2,1,000023,1790194277.6392155,33007.5228065,165.53562819999934,candidate-measurement,1000AB,valid,1048747,-1,True,
2,1,000023,1790194277.8312094,33007.714801,165.72762270000385,candidate-measurement,1000AA,valid,1048746,-1,True,
2,1,000023,1790194278.038787,33007.9223757,165.93519740000193,candidate-measurement,1000AA,valid,1048746,0,True,
2,1,000023,1790194278.2307806,33008.1143688,166.12719050000305,candidate-measurement,1000A8,valid,1048744,-2,True,
2,1,000023,1790194278.4227774,33008.3063661,166.31918779999978,candidate-measurement,1000A8,valid,1048744,0,True,
2,1,000023,1790194278.6301851,33008.5137756,166.52659729999868,candidate-measurement,1000A6,valid,1048742,-2,True,
2,1,000023,1790194278.8221884,33008.7057775,166.71859920000134,candidate-measurement,1000A6,valid,1048742,0,True,
2,1,000023,1790194279.01375,33008.8973407,166.91016240000317,candidate-measurement,1000A5,valid,1048741,-1,True,
2,1,000023,1790194279.2057867,33009.0893753,167.10219700000016,candidate-measurement,1000A4,valid,1048740,-1,True,
2,1,000023,1790194279.4137416,33009.2973308,167.310152500002,candidate-measurement,1000A3,valid,1048739,-1,True,
2,1,000023,1790194279.6051576,33009.488747,167.501568700005,candidate-measurement,1000A0,valid,1048736,-3,True,
2,1,000023,1790194279.7971478,33009.680739,167.69356070000504,candidate-measurement,1000A0,valid,1048736,0,True,
2,1,000023,1790194280.0051346,33009.8887253,167.9015470000013,candidate-measurement,10009F,valid,1048735,-1,True,
2,1,000023,1790194280.1967196,33010.0803086,168.0931303000034,candidate-measurement,10009C,valid,1048732,-3,True,
2,1,000023,1790194280.3887105,33010.2723009,168.28512259999843,candidate-measurement,10009A,valid,1048730,-2,True,
2,1,000023,1790194280.5967064,33010.4802953,168.49311700000544,candidate-measurement,100099,valid,1048729,-1,True,
2,1,000023,1790194280.788696,33010.6722874,168.68510909999895,candidate-measurement,100098,valid,1048728,-1,True,
2,1,000023,1790194280.9801066,33010.8636975,168.87651919999917,candidate-measurement,100095,valid,1048725,-3,True,
2,1,000023,1790194281.1721103,33011.0556988,169.06852050000452,candidate-measurement,100095,valid,1048725,0,True,
2,1,000023,1790194281.380119,33011.2637071,169.27652880000096,candidate-measurement,100093,valid,1048723,-2,True,
2,1,000023,1790194281.5716736,33011.455263,169.46808470000542,candidate-measurement,100091,valid,1048721,-2,True,
2,1,000023,1790194281.7636693,33011.6472576,169.66007930000342,candidate-measurement,100090,valid,1048720,-1,True,
2,1,000023,1790194281.9716594,33011.8552493,169.86807100000442,candidate-measurement,10008E,valid,1048718,-2,True,
2,1,000023,1790194282.1636665,33012.0472548,170.06007650000538,candidate-measurement,10008E,valid,1048718,0,True,
2,1,000023,1790194282.3550751,33012.2386647,170.25148640000407,candidate-measurement,10008E,valid,1048718,0,True,
2,1,000023,1790194282.563055,33012.4466436,170.4594653000022,candidate-measurement,10008E,valid,1048718,0,True,
2,1,000023,1790194282.7546325,33012.6382237,170.65104540000175,candidate-measurement,10008C,valid,1048716,-2,True,
2,1,000023,1790194282.9466345,33012.8302225,170.84304420000262,candidate-measurement,10008C,valid,1048716,0,True,
2,1,000023,1790194283.1386404,33013.0222291,171.03505080000468,candidate-measurement,10008C,valid,1048716,0,True,
2,1,000023,1790194283.346037,33013.2296253,171.24244700000418,candidate-measurement,10008C,valid,1048716,0,True,
2,1,000023,1790194283.5380342,33013.4216223,171.43444399999862,candidate-measurement,10008A,valid,1048714,-2,True,
2,1,000023,1790194283.7296097,33013.6131976,171.62601930000528,candidate-measurement,100088,valid,1048712,-2,True,
2,1,000023,1790194283.9376147,33013.8212026,171.83402429999842,candidate-measurement,100088,valid,1048712,0,True,
2,1,000023,1790194284.1295872,33014.0131782,172.02599990000454,candidate-measurement,100088,valid,1048712,0,True,
2,1,000023,1790194284.3216004,33014.2051892,172.21801090000372,candidate-measurement,100087,valid,1048711,-1,True,
2,1,000023,1790194284.5290003,33014.4125891,172.42541080000228,candidate-measurement,100087,valid,1048711,0,True,
2,1,000023,1790194284.737015,33014.6206036,172.63342530000227,candidate-measurement,100087,valid,1048711,0,True,
2,1,000023,1790194284.9285917,33014.8121797,172.82500140000047,candidate-measurement,100087,valid,1048711,0,True,
2,1,000023,1790194285.1205575,33015.0041483,173.01697000000422,candidate-measurement,100087,valid,1048711,0,True,
2,1,000023,1790194285.312558,33015.1961467,173.20896840000205,candidate-measurement,100085,valid,1048709,-2,True,
2,1,000023,1790194285.5045505,33015.3881398,173.40096150000318,candidate-measurement,100085,valid,1048709,0,True,
2,1,000023,1790194285.6959577,33015.5795475,173.59236919999967,candidate-measurement,10007C,valid,1048700,-9,True,
2,1,000023,1790194285.9039686,33015.7875595,173.80038120000245,candidate-measurement,100079,valid,1048697,-3,True,
2,1,000023,1790194286.095938,33015.979528,173.99234970000543,candidate-measurement,100076,valid,1048694,-3,True,
2,1,000023,1790194286.287522,33016.1711111,174.18393279999873,candidate-measurement,100074,valid,1048692,-2,True,
2,1,000023,1790194286.4955175,33016.3791062,174.3919279000038,candidate-measurement,100074,valid,1048692,0,True,
2,1,000023,1790194286.6875064,33016.5710964,174.58391810000467,candidate-measurement,100074,valid,1048692,0,True,
2,1,000023,1790194286.8795166,33016.7631078,174.77592949999962,candidate-measurement,100074,valid,1048692,0,True,
2,1,000023,1790194287.0709133,33016.9545042,174.96732590000465,candidate-measurement,100073,valid,1048691,-1,True,
2,1,000023,1790194287.2789137,33017.1625022,175.1753239000027,candidate-measurement,100071,valid,1048689,-2,True,
2,1,000023,1790194287.4709182,33017.3545092,175.36733090000052,candidate-measurement,100064,valid,1048676,-13,True,
2,1,000023,1790194287.6624823,33017.5460722,175.55889390000084,candidate-measurement,10005F,valid,1048671,-5,True,
2,1,000023,1790194287.8704674,33017.7540577,175.76687940000556,candidate-measurement,10005C,valid,1048668,-3,True,
2,1,000023,1790194288.062466,33017.9460546,175.95887629999925,candidate-measurement,100058,valid,1048664,-4,True,
2,1,000023,1790194288.2544565,33018.1380452,176.15086690000317,candidate-measurement,100053,valid,1048659,-5,True,
2,1,000023,1790194288.4618747,33018.3454653,176.35828700000275,candidate-measurement,100050,valid,1048656,-3,True,
2,1,000023,1790194288.6538765,33018.5374659,176.55028760000278,candidate-measurement,10004E,valid,1048654,-2,True,
2,1,000023,1790194288.8458796,33018.7294686,176.74229030000424,candidate-measurement,10004E,valid,1048654,0,True,
2,1,000023,1790194289.0374498,33018.9210383,176.93386000000464,candidate-measurement,10004C,valid,1048652,-2,True,
2,1,000023,1790194289.2454233,33019.129012,177.14183369999955,candidate-measurement,10004A,valid,1048650,-2,True,
2,1,000023,1790194289.4374166,33019.3210066,177.33382830000482,candidate-measurement,100049,valid,1048649,-1,True,
2,1,000023,1790194289.6294148,33019.5130047,177.52582640000037,candidate-measurement,100047,valid,1048647,-2,True,
2,1,000023,1790194289.836828,33019.7204166,177.733238300003,candidate-measurement,100046,valid,1048646,-1,True,
2,1,000023,1790194290.0288186,33019.9124085,177.92523020000226,candidate-measurement,100045,valid,1048645,-1,True,
2,1,000023,1790194290.2204027,33020.1039915,178.11681320000207,candidate-measurement,100043,valid,1048643,-2,True,
2,1,000023,1790194290.4123867,33020.2959771,178.3087988000043,candidate-measurement,100040,valid,1048640,-3,True,
2,1,000023,1790194290.620381,33020.5039694,178.5167911000026,candidate-measurement,10003D,valid,1048637,-3,True,
2,1,000023,1790194290.8117976,33020.6953872,178.70820890000323,candidate-measurement,10003A,valid,1048634,-3,True,
2,1,000023,1790194291.0037901,33020.8873797,178.9002013999998,candidate-measurement,100038,valid,1048632,-2,True,
2,1,000023,1790194291.2113914,33021.0949795,179.1078011999998,candidate-measurement,100036,valid,1048630,-2,True,
2,1,000023,1790194291.4033613,33021.2869498,179.29977150000195,candidate-measurement,100034,valid,1048628,-2,True,
2,1,000023,1790194291.59535,33021.4789408,179.49176250000164,candidate-measurement,100034,valid,1048628,0,True,
2,1,000023,1790194291.8027744,33021.6863654,179.6991870999991,candidate-measurement,100034,valid,1048628,0,True,
2,1,000023,1790194291.9947557,33021.8783461,179.8911678000004,candidate-measurement,100032,valid,1048626,-2,True,
2,1,000023,1790194292.1863387,33022.0699272,180.0827489000003,candidate-measurement,100032,valid,1048626,0,True,
2,1,000023,1790194292.3783379,33022.2619269,180.27474860000075,candidate-measurement,100032,valid,1048626,0,True,
2,1,000023,1790194292.5863197,33022.4699101,180.4827318000025,candidate-measurement,100032,valid,1048626,0,True,
2,1,000023,1790194292.7783065,33022.6618969,180.67471859999932,candidate-measurement,10002F,valid,1048623,-3,True,
2,1,000023,1790194292.9697244,33022.853315,180.86613670000224,candidate-measurement,10002E,valid,1048622,-1,True,
2,1,000023,1790194293.1777203,33023.0613085,181.0741302000024,candidate-measurement,10002D,valid,1048621,-1,True,
2,1,000023,1790194293.3692935,33023.2528836,181.26570530000026,candidate-measurement,10002D,valid,1048621,0,True,
2,1,000023,1790194293.5612867,33023.4448759,181.45769760000258,candidate-measurement,10002D,valid,1048621,0,True,
2,1,000023,1790194293.7692702,33023.6528597,181.66568140000163,candidate-measurement,10002D,valid,1048621,0,True,
2,1,000023,1790194293.9606924,33023.8442821,181.8571038000009,candidate-measurement,10002D,valid,1048621,0,True,
2,1,000023,1790194294.1526957,33024.036284,182.04910570000357,candidate-measurement,10002B,valid,1048619,-2,True,
2,1,000023,1790194294.344288,33024.2278766,182.24069830000371,candidate-measurement,100025,valid,1048613,-6,True,
2,1,000023,1790194294.5522597,33024.4358502,182.44867190000514,candidate-measurement,100021,valid,1048609,-4,True,
2,1,000023,1790194294.7436666,33024.6272556,182.64007729999867,candidate-measurement,10001F,valid,1048607,-2,True,
2,1,000023,1790194294.935666,33024.8192548,182.8320765000026,candidate-measurement,10001D,valid,1048605,-2,True,
2,1,000023,1790194295.143676,33025.0272657,183.04008740000427,candidate-measurement,10001C,valid,1048604,-1,True,
2,1,000023,1790194295.3352332,33025.2188222,183.23164389999874,candidate-measurement,10001B,valid,1048603,-1,True,
2,1,000023,1790194295.5272279,33025.4108171,183.42363879999903,candidate-measurement,10001B,valid,1048603,0,True,
2,1,000023,1790194295.735233,33025.6188217,183.63164340000367,candidate-measurement,10001B,valid,1048603,0,True,
2,1,000023,1790194295.92662,33025.8102114,183.82303310000134,candidate-measurement,10001B,valid,1048603,0,True,
2,1,000023,1790194296.118624,33026.0022149,184.01503660000162,candidate-measurement,10001B,valid,1048603,0,True,
2,1,000023,1790194296.3106194,33026.1942077,184.20702940000047,candidate-measurement,100018,valid,1048600,-3,True,
2,1,000023,1790194296.5181954,33026.4017842,184.41460590000497,candidate-measurement,10000E,valid,1048590,-10,True,
2,1,000023,1790194296.7101872,33026.5937755,184.60659719999967,candidate-measurement,100008,valid,1048584,-6,True,
2,1,000023,1790194296.902176,33026.7857673,184.79858900000545,candidate-measurement,100005,valid,1048581,-3,True,
2,1,000023,1790194297.1095903,33026.9931815,185.00600320000376,candidate-measurement,100002,valid,1048578,-3,True,
2,1,000023,1790194297.301582,33027.1851708,185.19799250000506,candidate-measurement,100001,valid,1048577,-1,True,
2,1,000023,1790194297.4931607,33027.3767514,185.38957310000114,candidate-measurement,0FFFFE,valid,1048574,-3,True,
2,1,000023,1790194297.7011523,33027.5847436,185.59756529999868,candidate-measurement,0FFFFD,valid,1048573,-1,True,
2,1,000023,1790194297.8931355,33027.776727,185.7895486999987,candidate-measurement,0FFFFA,valid,1048570,-3,True,
2,1,000023,1790194298.08456,33027.9681506,185.98097229999985,candidate-measurement,0FFFF8,valid,1048568,-2,True,
2,1,000023,1790194298.276558,33028.1601454,186.17296709999937,candidate-measurement,0FFFF7,valid,1048567,-1,True,
2,1,000023,1790194298.4841459,33028.3677366,186.3805582999994,candidate-measurement,0FFFF6,valid,1048566,-1,True,
2,1,000023,1790194298.6761332,33028.5597244,186.57254610000382,candidate-measurement,0FFFF4,valid,1048564,-2,True,
2,1,000023,1790194298.8681185,33028.7517072,186.76452889999928,candidate-measurement,0FFFF4,valid,1048564,0,True,
2,1,000023,1790194299.0755296,33028.9591186,186.97194030000537,candidate-measurement,0FFFF3,valid,1048563,-1,True,
2,1,000023,1790194299.2675424,33029.1511303,187.1639520000026,candidate-measurement,0FFFF2,valid,1048562,-1,True,
2,1,000023,1790194299.4590933,33029.3426837,187.35550540000258,candidate-measurement,0FFFF2,valid,1048562,0,True,
2,1,000023,1790194299.6670835,33029.5506746,187.56349630000477,candidate-measurement,0FFFF0,valid,1048560,-2,True,
2,1,000023,1790194299.8750794,33029.7586687,187.77149040000222,candidate-measurement,0FFFEF,valid,1048559,-1,True,
2,1,000023,1790194300.0670686,33029.9506593,187.96348099999886,candidate-measurement,0FFFED,valid,1048557,-2,True,
2,1,000023,1790194300.258497,33030.142085,188.15490670000145,candidate-measurement,0FFFEC,valid,1048556,-1,True,
2,1,000023,1790194300.4504778,33030.3340685,188.34689020000224,candidate-measurement,0FFFEC,valid,1048556,0,True,
2,1,000023,1790194300.6424732,33030.5260622,188.53888390000066,candidate-measurement,0FFFEB,valid,1048555,-1,True,
2,1,000023,1790194300.83407,33030.7176583,188.73047999999835,candidate-measurement,0FFFE9,valid,1048553,-2,True,
2,1,000023,1790194301.0420427,33030.925633,188.93845470000088,candidate-measurement,0FFFE6,valid,1048550,-3,True,
2,1,000023,1790194301.2340531,33031.1176418,189.13046350000513,candidate-measurement,0FFFE5,valid,1048549,-1,True,
2,1,000023,1790194301.425454,33031.3090446,189.3218663000007,candidate-measurement,0FFFE2,valid,1048546,-3,True,
2,1,000023,1790194301.6334548,33031.5170434,189.52986510000483,candidate-measurement,0FFFE1,valid,1048545,-1,True,
2,1,000023,1790194301.825443,33031.7090316,189.72185330000502,candidate-measurement,0FFFDF,valid,1048543,-2,True,
2,1,000023,1790194302.0170066,33031.9005971,189.91341880000255,candidate-measurement,0FFFDE,valid,1048542,-1,True,
2,1,000023,1790194302.2090137,33032.0926023,190.10542400000122,candidate-measurement,0FFFDC,valid,1048540,-2,True,
2,1,000023,1790194302.4169993,33032.300588,190.3134097000002,candidate-measurement,0FFFDB,valid,1048539,-1,True,
2,1,000023,1790194302.6084156,33032.4920066,190.50482829999964,candidate-measurement,0FFFDA,valid,1048538,-1,True,
2,1,000023,1790194302.8004165,33032.6840076,190.69682930000272,candidate-measurement,0FFFDA,valid,1048538,0,True,
2,1,000023,1790194303.008399,33032.8919905,190.9048122000022,candidate-measurement,0FFFDA,valid,1048538,0,True,
2,1,000023,1790194303.2004073,33033.0839955,191.09681719999935,candidate-measurement,0FFFD9,valid,1048537,-1,True,
2,1,000023,1790194303.3919697,33033.2755607,191.28838240000186,candidate-measurement,0FFFD9,valid,1048537,0,True,
2,1,000023,1790194303.59996,33033.4835511,191.49637280000024,candidate-measurement,0FFFD8,valid,1048536,-1,True,
2,1,000023,1790194303.7913737,33033.6749654,191.68778710000333,candidate-measurement,0FFFD7,valid,1048535,-1,True,
2,1,000023,1790194303.98298,33033.8665686,191.87939030000416,candidate-measurement,0FFFD5,valid,1048533,-2,True,
2,1,000023,1790194304.17495,33034.0585383,192.07136000000173,candidate-measurement,0FFFD4,valid,1048532,-1,True,
2,1,000023,1790194304.3829515,33034.2665413,192.27936300000147,candidate-measurement,0FFFD4,valid,1048532,0,True,
2,1,000023,1790194304.5743518,33034.4579427,192.47076440000092,candidate-measurement,0FFFD3,valid,1048531,-1,True,
2,1,000023,1790194304.7663586,33034.6499495,192.6627712000045,candidate-measurement,0FFFD3,valid,1048531,0,True,
2,1,000023,1790194304.9743412,33034.8579296,192.87075130000449,candidate-measurement,0FFFD3,valid,1048531,0,True,
2,1,000023,1790194305.1659112,33035.0495001,193.0623218000037,candidate-measurement,0FFFD3,valid,1048531,0,True,
2,1,000023,1790194305.3579054,33035.2414949,193.25431660000322,candidate-measurement,0FFFD3,valid,1048531,0,True,
2,1,000023,1790194305.5658906,33035.4494817,193.4623034000033,candidate-measurement,0FFFD2,valid,1048530,-1,True,
2,1,000023,1790194305.757897,33035.6414861,193.65430780000315,candidate-measurement,0FFFCE,valid,1048526,-4,True,
2,1,000023,1790194305.9493067,33035.8328973,193.84571900000446,candidate-measurement,0FFFC8,valid,1048520,-6,True,
2,1,000023,1790194306.1412985,33036.0248878,194.03770950000035,candidate-measurement,0FFFC4,valid,1048516,-4,True,
2,1,000023,1790194306.348876,33036.2324651,194.24528680000367,candidate-measurement,0FFFC2,valid,1048514,-2,True,
2,1,000023,1790194306.5408738,33036.4244619,194.43728360000387,candidate-measurement,0FFFC1,valid,1048513,-1,True,
2,1,000023,1790194306.7328763,33036.6164659,194.62928760000068,candidate-measurement,0FFFC1,valid,1048513,0,True,
2,1,000023,1790194306.9402747,33036.823863,194.83668469999975,candidate-measurement,0FFFC1,valid,1048513,0,True,
2,1,000023,1790194307.1318505,33037.0154417,195.0282634000032,candidate-measurement,0FFFC1,valid,1048513,0,True,
2,1,000023,1790194307.32384,33037.2074283,195.2202499999985,candidate-measurement,0FFFBF,valid,1048511,-2,True,
2,1,000023,1790194307.5318434,33037.4154321,195.4282538000043,candidate-measurement,0FFFBE,valid,1048510,-1,True,
2,1,000023,1790194307.7238305,33037.6074194,195.62024110000493,candidate-measurement,0FFFB0,valid,1048496,-14,True,
2,1,000023,1790194307.9152439,33037.7988334,195.81165509999846,candidate-measurement,0FFFAB,valid,1048491,-5,True,
2,1,000023,1790194308.1072285,33037.9908196,196.00364130000526,candidate-measurement,0FFFA8,valid,1048488,-3,True,
2,1,000023,1790194308.3148067,33038.198395,196.2112167000014,candidate-measurement,0FFFA6,valid,1048486,-2,True,
2,1,000023,1790194308.5068011,33038.3903918,196.40321350000158,candidate-measurement,0FFFA1,valid,1048481,-5,True,
2,1,000023,1790194308.6987972,33038.5823887,196.59521040000254,candidate-measurement,0FFF9D,valid,1048477,-4,True,
2,1,000023,1790194308.9067855,33038.7903743,196.80319600000075,candidate-measurement,0FFF9B,valid,1048475,-2,True,
2,1,000023,1790194309.098208,33038.9817973,196.9946190000046,candidate-measurement,0FFF9A,valid,1048474,-1,True,
2,1,000023,1790194309.290196,33039.1737848,197.18660649999947,candidate-measurement,0FFF99,valid,1048473,-1,True,
2,1,000023,1790194309.497787,33039.3813761,197.39419780000026,candidate-measurement,0FFF98,valid,1048472,-1,True,
2,1,000023,1790194309.6897743,33039.5733655,197.5861872000023,candidate-measurement,0FFF96,valid,1048470,-2,True,
2,1,000023,1790194309.881759,33039.7653503,197.77817199999845,candidate-measurement,0FFF95,valid,1048469,-1,True,
2,1,000023,1790194310.0731885,33039.956777,197.96959870000137,candidate-measurement,0FFF92,valid,1048466,-3,True,
2,1,000023,1790194310.2807453,33040.1643339,198.17715560000215,candidate-measurement,0FFF90,valid,1048464,-2,True,
2,1,000023,1790194310.4727383,33040.3563287,198.36915040000167,candidate-measurement,0FFF8C,valid,1048460,-4,True,
2,1,000023,1790194310.6647322,33040.5483232,198.5611448999989,candidate-measurement,0FFF88,valid,1048456,-4,True,
2,1,000023,1790194310.8721461,33040.7557361,198.76855780000187,candidate-measurement,0FFF86,valid,1048454,-2,True,
2,1,000023,1790194311.0641477,33040.9477353,198.96055699999852,candidate-measurement,0FFF84,valid,1048452,-2,True,
2,1,000023,1790194311.2557197,33041.1393083,199.15213000000222,candidate-measurement,0FFF81,valid,1048449,-3,True,
2,1,000023,1790194311.4637117,33041.347301,199.36012270000356,candidate-measurement,0FFF80,valid,1048448,-1,True,
2,1,000023,1790194311.655709,33041.5392977,199.552119400003,candidate-measurement,0FFF80,valid,1048448,0,True,
2,1,000023,1790194311.8477058,33041.7312973,199.74411900000268,candidate-measurement,0FFF7E,valid,1048446,-2,True,
2,1,000023,1790194312.0391173,33041.9227057,199.9355274000045,candidate-measurement,0FFF7E,valid,1048446,0,True,
2,1,000023,1790194312.2466927,33042.130281,200.14310269999987,candidate-measurement,0FFF7E,valid,1048446,0,True,
2,1,000023,1790194312.438699,33042.322287,200.33510870000464,candidate-measurement,0FFF7D,valid,1048445,-1,True,
2,1,000023,1790194312.6306708,33042.5142599,200.52708160000475,candidate-measurement,0FFF7B,valid,1048443,-2,True,
2,1,000023,1790194312.838082,33042.7216704,200.734492100004,candidate-measurement,0FFF7A,valid,1048442,-1,True,
2,1,000023,1790194313.0300896,33042.9136799,200.92650159999903,candidate-measurement,0FFF7A,valid,1048442,0,True,
2,1,000023,1790194313.2216473,33043.1052359,201.11805760000425,candidate-measurement,0FFF79,valid,1048441,-1,True,
2,1,000023,1790194313.4296474,33043.3132365,201.32605820000026,candidate-measurement,0FFF79,valid,1048441,0,True,
2,1,000023,1790194313.6216397,33043.5052304,201.5180521000002,candidate-measurement,0FFF79,valid,1048441,0,True,
2,1,000023,1790194313.8136306,33043.6972216,201.71004330000142,candidate-measurement,0FFF79,valid,1048441,0,True,
2,1,000023,1790194314.005048,33043.8886372,201.90145889999985,candidate-measurement,0FFF79,valid,1048441,0,True,
2,1,000023,1790194314.2130792,33044.0966675,202.10948920000374,candidate-measurement,0FFF77,valid,1048439,-2,True,
2,1,000023,1790194314.4046075,33044.2881973,202.30101899999863,candidate-measurement,0FFF76,valid,1048438,-1,True,
2,1,000023,1790194314.5966072,33044.4801975,202.4930192000029,candidate-measurement,0FFF6C,valid,1048428,-10,True,
2,1,000023,1790194314.8046005,33044.6881914,202.70101309999882,candidate-measurement,0FFF68,valid,1048424,-4,True,
2,1,000023,1790194314.9966075,33044.8801963,202.89301800000248,candidate-measurement,0FFF67,valid,1048423,-1,True,
2,1,000023,1790194315.1885917,33045.0721798,203.08500150000327,candidate-measurement,0FFF67,valid,1048423,0,True,
2,1,000023,1790194315.3959973,33045.2795871,203.29240879999998,candidate-measurement,0FFF64,valid,1048420,-3,True,
2,1,000023,1790194315.587996,33045.4715863,203.4844080000039,candidate-measurement,0FFF57,valid,1048407,-13,True,
2,1,000023,1790194315.779579,33045.6631699,203.675991600001,candidate-measurement,0FFF52,valid,1048402,-5,True,
2,1,000023,1790194315.971561,33045.8551501,203.8679717999985,candidate-measurement,0FFF4F,valid,1048399,-3,True,
2,1,000023,1790194316.1795638,33046.0631519,204.07597360000364,candidate-measurement,0FFF4D,valid,1048397,-2,True,
2,1,000023,1790194316.3715544,33046.2551441,204.2679658000052,candidate-measurement,0FFF4A,valid,1048394,-3,True,
2,1,000023,1790194316.5629694,33046.44656,204.45938169999863,candidate-measurement,0FFF47,valid,1048391,-3,True,
2,1,000023,1790194316.770959,33046.6545489,204.66737060000014,candidate-measurement,0FFF44,valid,1048388,-3,True,
2,1,000023,1790194316.9629436,33046.846535,204.8593566999989,candidate-measurement,0FFF42,valid,1048386,-2,True,
2,1,000023,1790194317.154523,33047.0381122,205.05093390000548,candidate-measurement,0FFF41,valid,1048385,-1,True,
2,1,000023,1790194317.3465803,33047.230165,205.2429867000028,candidate-measurement,0FFF40,valid,1048384,-1,True,
2,1,000023,1790194317.55452,33047.4381078,205.45092950000253,candidate-measurement,0FFF40,valid,1048384,0,True,
2,1,000023,1790194317.7459195,33047.6295102,205.64233190000232,candidate-measurement,0FFF3F,valid,1048383,-1,True,
2,1,000023,1790194317.9379141,33047.8215051,205.8343268000026,candidate-measurement,0FFF3E,valid,1048382,-1,True,
2,1,000023,1790194318.1459148,33048.0295036,206.04232530000445,candidate-measurement,0FFF3C,valid,1048380,-2,True,
2,1,000023,1790194318.3374918,33048.2210805,206.23390220000147,candidate-measurement,0FFF3B,valid,1048379,-1,True,
2,1,000023,1790194318.529483,33048.4130715,206.42589320000116,candidate-measurement,0FFF39,valid,1048377,-2,True,
2,1,000023,1790194318.7374716,33048.6210626,206.63388430000487,candidate-measurement,0FFF38,valid,1048376,-1,True,
2,1,000023,1790194318.9288826,33048.8124735,206.8252952000039,candidate-measurement,0FFF36,valid,1048374,-2,True,
2,1,000023,1790194319.120884,33049.0044733,207.0172950000051,candidate-measurement,0FFF33,valid,1048371,-3,True,
2,1,000023,1790194319.3124573,33049.1960452,207.20886690000043,candidate-measurement,0FFF31,valid,1048369,-2,True,
2,1,000023,1790194319.5204556,33049.4040443,207.41686599999957,candidate-measurement,0FFF2F,valid,1048367,-2,True,
2,1,000023,1790194319.7124398,33049.5960309,207.60885260000214,candidate-measurement,0FFF2D,valid,1048365,-2,True,
2,1,000023,1790194319.904436,33049.7880277,207.80084940000233,candidate-measurement,0FFF2C,valid,1048364,-1,True,
2,1,000023,1790194320.1118584,33049.9954469,208.00826860000234,candidate-measurement,0FFF2B,valid,1048363,-1,True,
2,1,000023,1790194320.3038502,33050.1874388,208.2002605000016,candidate-measurement,0FFF29,valid,1048361,-2,True,
2,1,000023,1790194320.495836,33050.3794261,208.39224780000222,candidate-measurement,0FFF27,valid,1048359,-2,True,
2,1,000023,1790194320.7034087,33050.5869999,208.59982160000072,candidate-measurement,0FFF26,valid,1048358,-1,True,
2,1,000023,1790194320.8954062,33050.7789949,208.79181660000177,candidate-measurement,0FFF26,valid,1048358,0,True,
2,1,000023,1790194321.087399,33050.970987,208.98380870000256,candidate-measurement,0FFF24,valid,1048356,-2,True,
2,1,000023,1790194321.2788327,33051.1624211,209.17524280000362,candidate-measurement,0FFF24,valid,1048356,0,True,
2,1,000023,1790194321.4864502,33051.3700389,209.38286060000246,candidate-measurement,0FFF24,valid,1048356,0,True,
2,1,000023,1790194321.6783893,33051.5619793,209.57480100000248,candidate-measurement,0FFF23,valid,1048355,-1,True,
2,1,000023,1790194321.8703718,33051.7539617,209.76678340000217,candidate-measurement,0FFF21,valid,1048353,-2,True,
2,1,000023,1790194322.078364,33051.961954,209.97477570000046,candidate-measurement,0FFF20,valid,1048352,-1,True,
2,1,000023,1790194322.2697856,33052.1533738,210.16619550000178,candidate-measurement,0FFF20,valid,1048352,0,True,
2,1,000023,1790194322.4617722,33052.3453633,210.3581850000046,candidate-measurement,0FFF1F,valid,1048351,-1,True,
2,1,000023,1790194322.669743,33052.55333,210.5661517000044,candidate-measurement,0FFF1F,valid,1048351,0,True,
2,1,000023,1790194322.8773577,33052.7609463,210.7737679999991,candidate-measurement,0FFF1F,valid,1048351,0,True,
2,1,000023,1790194323.0693393,33052.9529276,210.96574930000497,candidate-measurement,0FFF1F,valid,1048351,0,True,
2,1,000023,1790194323.261331,33053.1449196,211.157741300005,candidate-measurement,0FFF1D,valid,1048349,-2,True,
2,1,000023,1790194323.452739,33053.3363298,211.3491514999987,candidate-measurement,0FFF1B,valid,1048347,-2,True,
2,1,000023,1790194323.6443167,33053.5279061,211.54072779999842,candidate-measurement,0FFF14,valid,1048340,-7,True,
2,1,000023,1790194323.8363116,33053.7199025,211.73272420000285,candidate-measurement,0FFF10,valid,1048336,-4,True,
2,1,000023,1790194324.0442984,33053.9278899,211.9407116000002,candidate-measurement,0FFF0E,valid,1048334,-2,True,
2,1,000023,1790194324.2362957,33054.1198842,212.1327059000032,candidate-measurement,0FFF0D,valid,1048333,-1,True,
2,1,000023,1790194324.4277034,33054.3112924,212.3241141000035,candidate-measurement,0FFF0D,valid,1048333,0,True,
2,1,000023,1790194324.6357028,33054.5192935,212.53211520000332,candidate-measurement,0FFF0D,valid,1048333,0,True,
2,1,000023,1790194324.8432755,33054.7268666,212.73968830000376,candidate-measurement,0FFF0D,valid,1048333,0,True,
2,1,000023,1790194325.035269,33054.918858,212.93167969999922,candidate-measurement,0FFF0C,valid,1048332,-1,True,
2,1,000023,1790194325.227269,33055.1108574,213.12367910000467,candidate-measurement,0FFF08,valid,1048328,-4,True,
2,1,000023,1790194325.4186795,33055.3022684,213.31509010000445,candidate-measurement,0FFEFC,valid,1048316,-12,True,
2,1,000023,1790194325.6106687,33055.4942594,213.50708110000414,candidate-measurement,0FFEF7,valid,1048311,-5,True,
2,1,000023,1790194325.8022418,33055.6858333,213.69865500000014,candidate-measurement,0FFEF4,valid,1048308,-3,True,
2,1,000023,1790194326.0102432,33055.8938327,213.90665440000157,candidate-measurement,0FFEF2,valid,1048306,-2,True,
2,1,000023,1790194326.2022333,33056.085822,214.09864370000287,candidate-measurement,0FFEEF,valid,1048303,-3,True,
2,1,000023,1790194326.393639,33056.2772285,214.29005020000477,candidate-measurement,0FFEEB,valid,1048299,-4,True,
2,1,000023,1790194326.6016362,33056.4852269,214.49804859999858,candidate-measurement,0FFEE9,valid,1048297,-2,True,
2,1,000023,1790194326.8092122,33056.6928035,214.70562520000385,candidate-measurement,0FFEE8,valid,1048296,-1,True,
2,1,000023,1790194327.0012085,33056.8847981,214.89761980000185,candidate-measurement,0FFEE6,valid,1048294,-2,True,
2,1,000023,1790194327.1932056,33057.0767947,215.08961640000052,candidate-measurement,0FFEE6,valid,1048294,0,True,
2,1,000023,1790194327.3851976,33057.2687869,215.28160860000207,candidate-measurement,0FFEE5,valid,1048293,-1,True,
2,1,000023,1790194327.576608,33057.4601983,215.4730200000049,candidate-measurement,0FFEE4,valid,1048292,-1,True,
2,1,000023,1790194327.7686074,33057.6521967,215.66501840000274,candidate-measurement,0FFEE2,valid,1048290,-2,True,
2,1,000023,1790194327.976236,33057.8598264,215.87264810000488,candidate-measurement,0FFEE2,valid,1048290,0,True,
2,1,000023,1790194328.1681695,33058.0517587,216.06458040000143,candidate-measurement,0FFEE0,valid,1048288,-2,True,
2,1,000023,1790194328.3601613,33058.2437507,216.25657240000146,candidate-measurement,0FFEDE,valid,1048286,-2,True,
2,1,000023,1790194328.5521564,33058.4357453,216.44856699999946,candidate-measurement,0FFEDE,valid,1048286,0,True,
2,1,000023,1790194328.7595706,33058.643162,216.65598370000225,candidate-measurement,0FFEDE,valid,1048286,0,True,
2,1,000023,1790194328.9515653,33058.8351567,216.847978400001,candidate-measurement,0FFEDD,valid,1048285,-1,True,
2,1,000023,1790194329.1435566,33059.0271465,217.03996819999884,candidate-measurement,0FFEDA,valid,1048282,-3,True,
2,1,000023,1790194329.3511336,33059.2347222,217.24754390000453,candidate-measurement,0FFED8,valid,1048280,-2,True,
2,1,000023,1790194329.5431314,33059.42672,217.43954170000507,candidate-measurement,0FFED7,valid,1048279,-1,True,
2,1,000023,1790194329.7351167,33059.6187067,217.63152840000112,candidate-measurement,0FFED4,valid,1048276,-3,True,
2,1,000023,1790194329.94311,33059.8266994,217.83952110000246,candidate-measurement,0FFED3,valid,1048275,-1,True,
2,1,000023,1790194330.1345448,33060.0181325,218.03095420000318,candidate-measurement,0FFED2,valid,1048274,-1,True,
2,1,000023,1790194330.3265376,33060.2101254,218.22294710000278,candidate-measurement,0FFED0,valid,1048272,-2,True,
2,1,000023,1790194330.5180938,33060.4016836,218.41450530000293,candidate-measurement,0FFECF,valid,1048271,-1,True,
2,1,000023,1790194330.726086,33060.6096768,218.6224985000008,candidate-measurement,0FFECE,valid,1048270,-1,True,
2,1,000023,1790194330.9180787,33060.80167,218.8144917000027,candidate-measurement,0FFECC,valid,1048268,-2,True,
2,1,000023,1790194331.1101005,33060.9936893,219.0065109999996,candidate-measurement,0FFECC,valid,1048268,0,True,
2,1,000023,1790194331.3174953,33061.2010833,219.21390500000416,candidate-measurement,0FFECC,valid,1048268,0,True,
2,1,000023,1790194331.5094771,33061.3930669,219.40588859999843,candidate-measurement,0FFECC,valid,1048268,0,True,
2,1,000023,1790194331.701052,33061.5846429,219.59746460000315,candidate-measurement,0FFECA,valid,1048266,-2,True,
2,1,000023,1790194331.9090493,33061.7926386,219.8054603000055,candidate-measurement,0FFECA,valid,1048266,0,True,
2,1,000023,1790194332.1010406,33061.9846309,219.99745260000054,candidate-measurement,0FFECA,valid,1048266,0,True,
2,1,000023,1790194332.2930412,33062.176629,220.18945070000336,candidate-measurement,0FFEC9,valid,1048265,-1,True,
2,1,000023,1790194332.5004642,33062.384054,220.39687570000387,candidate-measurement,0FFEC7,valid,1048263,-2,True,
2,1,000023,1790194332.6920114,33062.5756026,220.58842430000368,candidate-measurement,0FFEC6,valid,1048262,-1,True,
2,1,000023,1790194332.884015,33062.7676042,220.78042590000405,candidate-measurement,0FFEC6,valid,1048262,0,True,
2,1,000023,1790194333.0760038,33062.9595952,220.97241690000374,candidate-measurement,0FFEC6,valid,1048262,0,True,
2,1,000023,1790194333.284001,33063.1675882,221.1804099000001,candidate-measurement,0FFEC5,valid,1048261,-1,True,
2,1,000023,1790194333.4759989,33063.3595875,221.37240920000477,candidate-measurement,0FFEC5,valid,1048261,0,True,
2,1,000023,1790194333.667997,33063.5515857,221.56440740000107,candidate-measurement,0FFEC5,valid,1048261,0,True,
2,1,000023,1790194333.8754168,33063.7590075,221.77182919999905,candidate-measurement,0FFEC5,valid,1048261,0,True,
2,1,000023,1790194334.067409,33063.9509992,221.96382090000407,candidate-measurement,0FFEC5,valid,1048261,0,True,
2,1,000023,1790194334.2589736,33064.1425622,222.15538390000438,candidate-measurement,0FFEC4,valid,1048260,-1,True,
2,1,000023,1790194334.4509706,33064.334559,222.34738070000458,candidate-measurement,0FFEBC,valid,1048252,-8,True,
2,1,000023,1790194334.6589522,33064.5425413,222.5553629999995,candidate-measurement,0FFEB8,valid,1048248,-4,True,
2,1,000023,1790194334.850372,33064.7339624,222.74678410000342,candidate-measurement,0FFEB6,valid,1048246,-2,True,
2,1,000023,1790194335.0423832,33064.9259737,222.9387954000049,candidate-measurement,0FFEB4,valid,1048244,-2,True,
2,1,000023,1790194335.249944,33065.1335315,223.14635320000525,candidate-measurement,0FFEB4,valid,1048244,0,True,
2,1,000023,1790194335.4419377,33065.3255265,223.33834819999902,candidate-measurement,0FFEB3,valid,1048243,-1,True,
2,1,000023,1790194335.633924,33065.5175146,223.53033629999845,candidate-measurement,0FFEB3,valid,1048243,0,True,
2,1,000023,1790194335.841342,33065.7249329,223.73775459999888,candidate-measurement,0FFEB3,valid,1048243,0,True,
2,1,000023,1790194336.0333376,33065.9169278,223.92974949999916,candidate-measurement,0FFEB3,valid,1048243,0,True,
2,1,000023,1790194336.2253363,33066.1089247,224.12174640000012,candidate-measurement,0FFEB1,valid,1048241,-2,True,
2,1,000023,1790194336.4169068,33066.3004955,224.31331720000162,candidate-measurement,0FFEB0,valid,1048240,-1,True,
2,1,000023,1790194336.6248913,33066.5084808,224.52130250000482,candidate-measurement,0FFEA3,valid,1048227,-13,True,
2,1,000023,1790194336.8168883,33066.7004794,224.71330110000417,candidate-measurement,0FFE9E,valid,1048222,-5,True,
2,1,000023,1790194337.008309,33066.8918971,224.90471880000405,candidate-measurement,0FFE9B,valid,1048219,-3,True,
2,1,000023,1790194337.2162998,33067.0998878,225.1127095000047,candidate-measurement,0FFE99,valid,1048217,-2,True,
2,1,000023,1790194337.408313,33067.2919024,225.3047241000022,candidate-measurement,0FFE97,valid,1048215,-2,True,
2,1,000023,1790194337.599882,33067.4834721,225.4962938000026,candidate-measurement,0FFE95,valid,1048213,-2,True,
2,1,000023,1790194337.8078556,33067.6914448,225.70426650000445,candidate-measurement,0FFE92,valid,1048210,-3,True,
2,1,000023,1790194337.9998536,33067.8834442,225.89626590000262,candidate-measurement,0FFE90,valid,1048208,-2,True,
2,1,000023,1790194338.1912732,33068.0748619,226.0876836000025,candidate-measurement,0FFE8F,valid,1048207,-1,True,
2,1,000023,1790194338.383261,33068.2668508,226.27967250000074,candidate-measurement,0FFE8E,valid,1048206,-1,True,
2,1,000023,1790194338.5912511,33068.4748403,226.48766199999955,candidate-measurement,0FFE8E,valid,1048206,0,True,
2,1,000023,1790194338.783262,33068.6668506,226.67967230000068,candidate-measurement,0FFE8C,valid,1048204,-2,True,
2,1,000023,1790194338.9748223,33068.8584132,226.87123490000522,candidate-measurement,0FFE8C,valid,1048204,0,True,
2,1,000023,1790194339.182813,33069.0664014,227.0792231000014,candidate-measurement,0FFE8C,valid,1048204,0,True,
2,1,000023,1790194339.3748188,33069.2584073,227.2712290000054,candidate-measurement,0FFE8A,valid,1048202,-2,True,
2,1,000023,1790194339.5662208,33069.4498088,227.46263049999834,candidate-measurement,0FFE8A,valid,1048202,0,True,
2,1,000023,1790194339.774213,33069.6578025,227.67062420000002,candidate-measurement,0FFE89,valid,1048201,-1,True,
2,1,000023,1790194339.9662056,33069.8497962,227.86261789999844,candidate-measurement,0FFE88,valid,1048200,-1,True,
2,1,000023,1790194340.1577866,33070.0413751,228.0541968000034,candidate-measurement,0FFE86,valid,1048198,-2,True,
2,1,000023,1790194340.3497732,33070.2333619,228.24618360000022,candidate-measurement,0FFE84,valid,1048196,-2,True,
2,1,000023,1790194340.557767,33070.4413561,228.45417779999843,candidate-measurement,0FFE84,valid,1048196,0,True,
2,1,000023,1790194340.7497737,33070.6333644,228.64618609999889,candidate-measurement,0FFE82,valid,1048194,-2,True,
2,1,000023,1790194340.9411736,33070.8247648,228.83758650000527,candidate-measurement,0FFE7F,valid,1048191,-3,True,
2,1,000023,1790194341.1491933,33071.0327808,229.04560250000213,candidate-measurement,0FFE7E,valid,1048190,-1,True,
2,1,000023,1790194341.3407435,33071.224332,229.2371536999999,candidate-measurement,0FFE7B,valid,1048187,-3,True,
2,1,000023,1790194341.5327332,33071.4163235,229.4291452000034,candidate-measurement,0FFE7A,valid,1048186,-1,True,
2,1,000023,1790194341.72473,33071.6083195,229.62114120000479,candidate-measurement,0FFE78,valid,1048184,-2,True,
2,1,000023,1790194341.9321458,33071.8157344,229.82855610000115,candidate-measurement,0FFE76,valid,1048182,-2,True,
2,1,000023,1790194342.1241424,33072.0077314,230.02055310000287,candidate-measurement,0FFE74,valid,1048180,-2,True,
2,1,000023,1790194342.3161297,33072.1997189,230.212540600005,candidate-measurement,0FFE72,valid,1048178,-2,True,
2,1,000023,1790194342.5237098,33072.4072994,230.4201211000036,candidate-measurement,0FFE72,valid,1048178,0,True,
2,1,000023,1790194342.7156928,33072.5992839,230.61210560000472,candidate-measurement,0FFE72,valid,1048178,0,True,
2,1,000023,1790194342.9076974,33072.791286,230.80410770000162,candidate-measurement,0FFE70,valid,1048176,-2,True,
2,1,000023,1790194343.1156864,33072.9992754,231.01209709999966,candidate-measurement,0FFE70,valid,1048176,0,True,
2,1,000023,1790194343.3231056,33073.2066941,231.21951580000314,candidate-measurement,0FFE70,valid,1048176,0,True,
2,1,000023,1790194343.5146782,33073.3982667,231.4110884000038,candidate-measurement,0FFE6E,valid,1048174,-2,True,
2,1,000023,1790194343.706672,33073.5902606,231.60308230000373,candidate-measurement,0FFE6C,valid,1048172,-2,True,
2,1,000023,1790194343.8990688,33073.7826556,231.79547730000195,candidate-measurement,0FFE6C,valid,1048172,0,True,
2,1,000023,1790194344.090083,33073.9736711,231.98649280000245,candidate-measurement,0FFE6B,valid,1048171,-1,True,
2,1,000023,1790194344.2820714,33074.1656595,232.17848120000417,candidate-measurement,0FFE6B,valid,1048171,0,True,
2,1,000023,1790194344.490068,33074.3736566,232.38647830000264,candidate-measurement,0FFE6B,valid,1048171,0,True,
2,1,000023,1790194344.6816351,33074.5652233,232.57804500000202,candidate-measurement,0FFE6B,valid,1048171,0,True,
2,1,000023,1790194344.8736317,33074.757222,232.77004370000213,candidate-measurement,0FFE6B,valid,1048171,0,True,
2,1,000023,1790194345.0816224,33074.9652125,232.97803420000128,candidate-measurement,0FFE68,valid,1048168,-3,True,
2,1,000023,1790194345.2890396,33075.1726282,233.18544990000373,candidate-measurement,0FFE60,valid,1048160,-8,True,
2,1,000023,1790194345.4810236,33075.3646131,233.37743480000063,candidate-measurement,0FFE5D,valid,1048157,-3,True,
2,1,000023,1790194345.6726105,33075.5562008,233.56902249999985,candidate-measurement,0FFE5A,valid,1048154,-3,True,
2,1,000023,1790194345.8645976,33075.7481887,233.76101040000503,candidate-measurement,0FFE59,valid,1048153,-1,True,
2,1,000023,1790194346.056588,33075.9401767,233.9529984000037,candidate-measurement,0FFE59,valid,1048153,0,True,
2,1,000023,1790194346.248009,33076.1315968,234.14441850000003,candidate-measurement,0FFE59,valid,1048153,0,True,
2,1,000023,1790194346.4560015,33076.3395922,234.3524139000001,candidate-measurement,0FFE58,valid,1048152,-1,True,
2,1,000023,1790194346.6479976,33076.531586,234.54440769999928,candidate-measurement,0FFE52,valid,1048146,-6,True,
2,1,000023,1790194346.8395696,33076.7231583,234.73598000000493,candidate-measurement,0FFE46,valid,1048134,-12,True,
2,1,000023,1790194347.0475671,33076.9311557,234.9439773999984,candidate-measurement,0FFE43,valid,1048131,-3,True,
2,1,000023,1790194347.2395673,33077.1231561,235.13597780000418,candidate-measurement,0FFE40,valid,1048128,-3,True,
2,1,000023,1790194347.430966,33077.3145561,235.32737780000025,candidate-measurement,0FFE3F,valid,1048127,-1,True,
2,1,000023,1790194347.62296,33077.5065502,235.51937190000172,candidate-measurement,0FFE3C,valid,1048124,-3,True,
2,1,000023,1790194347.8305964,33077.7141877,235.72700940000504,candidate-measurement,0FFE3A,valid,1048122,-2,True,
2,1,000023,1790194348.0225194,33077.9061095,235.91893120000168,candidate-measurement,0FFE36,valid,1048118,-4,True,
2,1,000023,1790194348.2145276,33078.0981155,236.11093719999917,candidate-measurement,0FFE34,valid,1048116,-2,True,
2,1,000023,1790194348.4225268,33078.3061168,236.3189385000005,candidate-measurement,0FFE32,valid,1048114,-2,True,
2,1,000023,1790194348.6139345,33078.4975234,236.51034510000318,candidate-measurement,0FFE32,valid,1048114,0,True,
2,1,000023,1790194348.8059587,33078.6895475,236.70236920000025,candidate-measurement,0FFE31,valid,1048113,-1,True,
2,1,000023,1790194349.013912,33078.8975031,236.91032480000285,candidate-measurement,0FFE30,valid,1048112,-1,True,
2,1,000023,1790194349.221522,33079.1051107,237.11793240000407,candidate-measurement,0FFE2E,valid,1048110,-2,True,
2,1,000023,1790194349.4134784,33079.2970693,237.30989100000443,candidate-measurement,0FFE2D,valid,1048109,-1,True,
2,1,000023,1790194349.6054735,33079.4890621,237.50188380000327,candidate-measurement,0FFE2A,valid,1048106,-3,True,
2,1,000023,1790194349.797465,33079.6810561,237.69387780000397,candidate-measurement,0FFE2A,valid,1048106,0,True,
2,1,000023,1790194349.9894657,33079.8730536,237.88587530000223,candidate-measurement,0FFE27,valid,1048103,-3,True,
2,1,000023,1790194350.1808822,33080.0644709,238.07729259999905,candidate-measurement,0FFE24,valid,1048100,-3,True,
2,1,000023,1790194350.388511,33080.2721001,238.28492180000467,candidate-measurement,0FFE21,valid,1048097,-3,True,
2,1,000023,1790194350.580447,33080.4640348,238.47685650000494,candidate-measurement,0FFE1F,valid,1048095,-2,True,
2,1,000023,1790194350.772445,33080.6560333,238.66885500000353,candidate-measurement,0FFE1E,valid,1048094,-1,True,
2,1,000023,1790194350.9798512,33080.8634411,238.87626280000404,candidate-measurement,0FFE1C,valid,1048092,-2,True,
2,1,000023,1790194351.1718516,33081.0554404,239.06826210000145,candidate-measurement,0FFE1B,valid,1048091,-1,True,
2,1,000023,1790194351.3638446,33081.2474335,239.26025520000258,candidate-measurement,0FFE19,valid,1048089,-2,True,
2,1,000023,1790194351.5554106,33081.4390014,239.45182310000382,candidate-measurement,0FFE18,valid,1048088,-1,True,
2,1,000023,1790194351.7634091,33081.6470001,239.65982179999992,candidate-measurement,0FFE18,valid,1048088,0,True,
2,1,000023,1790194351.9553964,33081.8389873,239.85180899999978,candidate-measurement,0FFE18,valid,1048088,0,True,
2,1,000023,1790194352.147397,33082.0309866,240.04380830000446,candidate-measurement,0FFE18,valid,1048088,0,True,
2,1,000023,1790194352.3548105,33082.2383988,240.2512205000021,candidate-measurement,0FFE17,valid,1048087,-1,True,
2,1,000023,1790194352.5467944,33082.430386,240.44320770000195,candidate-measurement,0FFE17,valid,1048087,0,True,
2,1,000023,1790194352.7383733,33082.6219637,240.63478540000506,candidate-measurement,0FFE16,valid,1048086,-1,True,
2,1,000023,1790194352.9463682,33082.8299591,240.84278080000513,candidate-measurement,0FFE15,valid,1048085,-1,True,
2,1,000023,1790194353.138368,33083.0219574,241.0347791000022,candidate-measurement,0FFE14,valid,1048084,-1,True,
2,1,000023,1790194353.3297827,33083.2133711,241.22619280000072,candidate-measurement,0FFE12,valid,1048082,-2,True,
2,1,000023,1790194353.5217717,33083.4053625,241.41818420000345,candidate-measurement,0FFE12,valid,1048082,0,True,
2,1,000023,1790194353.7293453,33083.6129356,241.6257573000039,candidate-measurement,0FFE12,valid,1048082,0,True,
2,1,000023,1790194353.9213405,33083.8049303,241.81775200000266,candidate-measurement,0FFE11,valid,1048081,-1,True,
2,1,000023,1790194354.1133358,33083.9969266,242.00974829999905,candidate-measurement,0FFE11,valid,1048081,0,True,
2,1,000023,1790194354.3213284,33084.2049175,242.21773920000123,candidate-measurement,0FFE11,valid,1048081,0,True,
2,1,000023,1790194354.5127423,33084.3963322,242.4091539000001,candidate-measurement,0FFE11,valid,1048081,0,True,
2,1,000023,1790194354.704736,33084.5883242,242.60114590000012,candidate-measurement,0FFE11,valid,1048081,0,True,
2,1,000023,1790194354.9123013,33084.7958923,242.80871399999887,candidate-measurement,0FFE11,valid,1048081,0,True,
2,1,000023,1790194355.104302,33084.9878922,243.00071390000085,candidate-measurement,0FFE10,valid,1048080,-1,True,
2,1,000023,1790194355.296293,33085.1798812,243.19270289999986,candidate-measurement,0FFE09,valid,1048073,-7,True,
2,1,000023,1790194355.4882977,33085.371886,243.38470770000276,candidate-measurement,0FFE04,valid,1048068,-5,True,
2,1,000023,1790194355.6957026,33085.5792913,243.5921129999988,candidate-measurement,0FFE02,valid,1048066,-2,True,
2,1,000023,1790194355.8876996,33085.7712878,243.78410950000398,candidate-measurement,0FFE00,valid,1048064,-2,True,
2,1,000023,1790194356.0792673,33085.9628569,243.9756785999998,candidate-measurement,0FFE00,valid,1048064,0,True,
2,1,000023,1790194356.287267,33086.1708551,244.18367679999938,candidate-measurement,0FFDFF,valid,1048063,-1,True,
2,1,000023,1790194356.4792655,33086.3628545,244.37567620000482,candidate-measurement,0FFDFF,valid,1048063,0,True,
2,1,000023,1790194356.6706743,33086.5542637,244.56708540000545,candidate-measurement,0FFDFF,valid,1048063,0,True,
2,1,000023,1790194356.8782551,33086.7618453,244.77466700000514,candidate-measurement,0FFDFF,valid,1048063,0,True,
2,1,000023,1790194357.0702376,33086.9538279,244.96664959999907,candidate-measurement,0FFDFE,valid,1048062,-1,True,
2,1,000023,1790194357.2622356,33087.1458241,245.15864580000198,candidate-measurement,0FFDFB,valid,1048059,-3,True,
2,1,000023,1790194357.4542272,33087.3378166,245.35063829999854,candidate-measurement,0FFDEE,valid,1048046,-13,True,
2,1,000023,1790194357.6622152,33087.5458049,245.55862660000275,candidate-measurement,0FFDE9,valid,1048041,-5,True,
2,1,000023,1790194357.8536322,33087.7372224,245.7500441000011,candidate-measurement,0FFDE6,valid,1048038,-3,True,
2,1,000023,1790194358.04563,33087.9292184,245.9420401000025,candidate-measurement,0FFDE4,valid,1048036,-2,True,
2,1,000023,1790194358.2532015,33088.1367902,246.1496119000003,candidate-measurement,0FFDE0,valid,1048032,-4,True,
2,1,000023,1790194358.4451947,33088.3287833,246.34160500000144,candidate-measurement,0FFDDB,valid,1048027,-5,True,
2,1,000023,1790194358.6372023,33088.5207931,246.53361479999876,candidate-measurement,0FFDD9,valid,1048025,-2,True,
2,1,000023,1790194358.8285985,33088.7121876,246.72500930000388,candidate-measurement,0FFDD8,valid,1048024,-1,True,
2,1,000023,1790194359.0365973,33088.9201857,246.93300740000268,candidate-measurement,0FFDD6,valid,1048022,-2,True,
2,1,000023,1790194359.2286017,33089.1121899,247.12501160000102,candidate-measurement,0FFDD6,valid,1048022,0,True,
2,1,000023,1790194359.4201646,33089.303753,247.3165747000021,candidate-measurement,0FFDD5,valid,1048021,-1,True,
2,1,000023,1790194359.6281538,33089.5117422,247.5245638999986,candidate-measurement,0FFDD4,valid,1048020,-1,True,
2,1,000023,1790194359.8201532,33089.7037419,247.71656359999906,candidate-measurement,0FFDD2,valid,1048018,-2,True,
2,1,000023,1790194360.0115626,33089.895151,247.90797269999894,candidate-measurement,0FFDD0,valid,1048016,-2,True,
2,1,000023,1790194360.2195547,33090.1031431,248.11596480000298,candidate-measurement,0FFDD0,valid,1048016,0,True,
2,1,000023,1790194360.4111311,33090.2947213,248.30754300000262,candidate-measurement,0FFDCF,valid,1048015,-1,True,
2,1,000023,1790194360.603123,33090.4867123,248.4995340000023,candidate-measurement,0FFDCC,valid,1048012,-3,True,
2,1,000023,1790194360.7951264,33090.6787148,248.69153650000226,candidate-measurement,0FFDCA,valid,1048010,-2,True,
2,1,000023,1790194361.0025246,33090.8861152,248.89893690000463,candidate-measurement,0FFDC8,valid,1048008,-2,True,
2,1,000023,1790194361.1945286,33091.0781176,249.0909393000038,candidate-measurement,0FFDC6,valid,1048006,-2,True,
2,1,000023,1790194361.3865252,33091.2701132,249.28293490000215,candidate-measurement,0FFDC5,valid,1048005,-1,True,
2,1,000023,1790194361.5940897,33091.4776782,249.49049989999912,candidate-measurement,0FFDC4,valid,1048004,-1,True,
2,1,000023,1790194361.786085,33091.6696746,249.68249630000355,candidate-measurement,0FFDC2,valid,1048002,-2,True,
2,1,000023,1790194361.978076,33091.8616659,249.87448760000552,candidate-measurement,0FFDC0,valid,1048000,-2,True,
2,1,000023,1790194362.1860778,33092.0696669,250.08248860000458,candidate-measurement,0FFDBF,valid,1047999,-1,True,
2,1,000023,1790194362.3934898,33092.2770788,250.28990049999993,candidate-measurement,0FFDBE,valid,1047998,-1,True,
2,1,000023,1790194362.5854757,33092.469066,250.4818876999998,candidate-measurement,0FFDBE,valid,1047998,0,True,
2,1,000023,1790194362.777471,33092.6610616,250.6738833000054,candidate-measurement,0FFDBD,valid,1047997,-1,True,
2,1,000023,1790194362.969041,33092.8526321,250.86545380000462,candidate-measurement,0FFDBC,valid,1047996,-1,True,
2,1,000023,1790194363.1610413,33093.0446299,251.05745160000515,candidate-measurement,0FFDBC,valid,1047996,0,True,
2,1,000023,1790194363.3530452,33093.2366343,251.249456000005,candidate-measurement,0FFDBC,valid,1047996,0,True,
2,1,000023,1790194363.5604405,33093.4440309,251.45685260000027,candidate-measurement,0FFDBB,valid,1047995,-1,True,
2,1,000023,1790194363.7524457,33093.6360355,251.64885720000166,candidate-measurement,0FFDB9,valid,1047993,-2,True,
2,1,000023,1790194363.9444356,33093.8280244,251.8408460999999,candidate-measurement,0FFDB8,valid,1047992,-1,True,
2,1,000023,1790194364.1520088,33094.0355975,252.04841920000035,candidate-measurement,0FFDB8,valid,1047992,0,True,
2,1,000023,1790194364.3440073,33094.2275951,252.24041679999937,candidate-measurement,0FFDB7,valid,1047991,-1,True,
2,1,000023,1790194364.5359962,33094.4195859,252.4324076000048,candidate-measurement,0FFDB7,valid,1047991,0,True,
2,1,000023,1790194364.7274227,33094.6110134,252.62383509999927,candidate-measurement,0FFDB7,valid,1047991,0,True,
2,1,000023,1790194364.9354036,33094.8189919,252.83181360000162,candidate-measurement,0FFDB7,valid,1047991,0,True,
2,1,000023,1790194365.127402,33095.0109914,253.02381310000055,candidate-measurement,0FFDB7,valid,1047991,0,True,
2,1,000023,1790194365.318968,33095.2025563,253.21537800000078,candidate-measurement,0FFDB6,valid,1047990,-1,True,
2,1,000023,1790194365.5269647,33095.410553,253.42337470000348,candidate-measurement,0FFDB1,valid,1047985,-5,True,
2,1,000023,1790194365.7189646,33095.6025531,253.6153747999997,candidate-measurement,0FFDAB,valid,1047979,-6,True,
2,1,000023,1790194365.9109535,33095.7945432,253.8073648999998,candidate-measurement,0FFDA8,valid,1047976,-3,True,
2,1,000023,1790194366.1183643,33096.0019544,254.01477610000438,candidate-measurement,0FFDA6,valid,1047974,-2,True,
2,1,000023,1790194366.3103805,33096.1939689,254.2067906000011,candidate-measurement,0FFDA5,valid,1047973,-1,True,
2,1,000023,1790194366.5019274,33096.3855161,254.3983378000048,candidate-measurement,0FFDA5,valid,1047973,0,True,
2,1,000023,1790194366.6939259,33096.5775146,254.5903363000034,candidate-measurement,0FFDA5,valid,1047973,0,True,
2,1,000023,1790194366.9019108,33096.7855004,254.79832210000313,candidate-measurement,0FFDA5,valid,1047973,0,True,
2,1,000023,1790194367.0933542,33096.9769225,254.98974420000013,candidate-measurement,0FFDA5,valid,1047973,0,True,
2,1,000023,1790194367.2853312,33097.168919,255.18174070000532,candidate-measurement,0FFDA4,valid,1047972,-1,True,
2,1,000023,1790194367.4929001,33097.3764908,255.38931250000314,candidate-measurement,0FFD9E,valid,1047966,-6,True,
2,1,000023,1790194367.6848915,33097.5684828,255.58130450000317,candidate-measurement,0FFD93,valid,1047955,-11,True,
2,1,000023,1790194367.8768866,33097.7604767,255.7732984000031,candidate-measurement,0FFD8F,valid,1047951,-4,True,
2,1,000023,1790194368.068876,33097.9524661,255.96528780000517,candidate-measurement,0FFD8C,valid,1047948,-3,True,
2,1,000023,1790194368.2762997,33098.1598876,256.17270930000086,candidate-measurement,0FFD8A,valid,1047946,-2,True,
2,1,000023,1790194368.4682884,33098.3518795,256.3647012000001,candidate-measurement,0FFD87,valid,1047943,-3,True,
2,1,000023,1790194368.6598628,33098.5434539,256.55627559999994,candidate-measurement,0FFD83,valid,1047939,-4,True,
2,1,000023,1790194368.8678567,33098.7514471,256.7642688000051,candidate-measurement,0FFD81,valid,1047937,-2,True,
2,1,000023,1790194369.059853,33098.9434417,256.9562634000031,candidate-measurement,0FFD7F,valid,1047935,-2,True,
2,1,000023,1790194369.2518463,33099.1354348,257.1482565000042,candidate-measurement,0FFD7F,valid,1047935,0,True,
2,1,000023,1790194369.459258,33099.3428473,257.3556690000041,candidate-measurement,0FFD7E,valid,1047934,-1,True,
2,1,000023,1790194369.6513145,33099.534901,257.54772270000103,candidate-measurement,0FFD7C,valid,1047932,-2,True,
2,1,000023,1790194369.8432558,33099.7268439,257.73966560000554,candidate-measurement,0FFD7C,valid,1047932,0,True,
2,1,000023,1790194370.0348208,33099.91841,257.93123170000035,candidate-measurement,0FFD7A,valid,1047930,-2,True,
2,1,000023,1790194370.2428167,33100.1264049,258.1392266000039,candidate-measurement,0FFD79,valid,1047929,-1,True,
2,1,000023,1790194370.4342244,33100.3178139,258.330635600003,candidate-measurement,0FFD76,valid,1047926,-3,True,
2,1,000023,1790194370.6262338,33100.5098244,258.5226460999984,candidate-measurement,0FFD76,valid,1047926,0,True,
2,1,000023,1790194370.833798,33100.7173871,258.7302087999997,candidate-measurement,0FFD74,valid,1047924,-2,True,
2,1,000023,1790194371.0258286,33100.9094164,258.92223809999996,candidate-measurement,0FFD70,valid,1047920,-4,True,
2,1,000023,1790194371.2177868,33101.1013748,259.1141964999988,candidate-measurement,0FFD6F,valid,1047919,-1,True,
2,1,000023,1790194371.4252486,33101.3088358,259.3216575000042,candidate-measurement,0FFD6C,valid,1047916,-3,True,
2,1,000023,1790194371.6171837,33101.5007726,259.51359429999866,candidate-measurement,0FFD6A,valid,1047914,-2,True,
2,1,000023,1790194371.808757,33101.6923483,259.7051700000011,candidate-measurement,0FFD6A,valid,1047914,0,True,
2,1,000023,1790194372.0007625,33101.884351,259.89717270000256,candidate-measurement,0FFD68,valid,1047912,-2,True,
2,1,000023,1790194372.208752,33102.0923406,260.1051623000021,candidate-measurement,0FFD66,valid,1047910,-2,True,
2,1,000023,1790194372.4007454,33102.2843343,260.29715600000054,candidate-measurement,0FFD64,valid,1047908,-2,True,
2,1,000023,1790194372.5921528,33102.4757421,260.48856380000507,candidate-measurement,0FFD64,valid,1047908,0,True,
2,1,000023,1790194372.8001485,33102.6837396,260.6965612999993,candidate-measurement,0FFD64,valid,1047908,0,True,
2,1,000023,1790194372.9917758,33102.8753634,260.8881851000042,candidate-measurement,0FFD62,valid,1047906,-2,True,
2,1,000023,1790194373.183725,33103.0673132,261.08013490000303,candidate-measurement,0FFD62,valid,1047906,0,True,
2,1,000023,1790194373.3917243,33103.2753147,261.2881363999986,candidate-measurement,0FFD62,valid,1047906,0,True,
2,1,000023,1790194373.5831232,33103.4667144,261.4795360999997,candidate-measurement,0FFD61,valid,1047905,-1,True,
2,1,000023,1790194373.775115,33103.6587061,261.6715278000047,candidate-measurement,0FFD5F,valid,1047903,-2,True,
2,1,000023,1790194373.9667008,33103.8502888,261.8631105000022,candidate-measurement,0FFD5E,valid,1047902,-1,True,
2,1,000023,1790194374.174689,33104.058277,262.0710986999984,candidate-measurement,0FFD5E,valid,1047902,0,True,
2,1,000023,1790194374.3666801,33104.2502694,262.2630911000015,candidate-measurement,0FFD5D,valid,1047901,-1,True,
2,1,000023,1790194374.558093,33104.441681,262.45450269999856,candidate-measurement,0FFD5D,valid,1047901,0,True,
2,1,000023,1790194374.7660916,33104.6496798,262.6625015000027,candidate-measurement,0FFD5D,valid,1047901,0,True,
2,1,000023,1790194374.9580827,33104.8416712,262.8544929000054,candidate-measurement,0FFD5D,valid,1047901,0,True,
2,1,000023,1790194375.1496553,33105.0332434,263.04606510000303,candidate-measurement,0FFD5D,valid,1047901,0,True,
2,1,000023,1790194375.3576655,33105.2412543,263.2540760000047,candidate-measurement,0FFD5C,valid,1047900,-1,True,
2,1,000023,1790194375.549651,33105.4332421,263.44606380000187,candidate-measurement,0FFD58,valid,1047896,-4,True,
2,1,000023,1790194375.7410524,33105.6246415,263.63746320000064,candidate-measurement,0FFD50,valid,1047888,-8,True,
2,1,000023,1790194375.9330437,33105.8166345,263.829456200001,candidate-measurement,0FFD4D,valid,1047885,-3,True,
2,1,000023,1790194376.1410449,33106.0246326,264.0374542999998,candidate-measurement,0FFD4C,valid,1047884,-1,True,
2,1,000023,1790194376.3326154,33106.2162042,264.2290259000001,candidate-measurement,0FFD4B,valid,1047883,-1,True,
2,1,000023,1790194376.5246062,33106.4081969,264.4210186000055,candidate-measurement,0FFD4B,valid,1047883,0,True,
2,1,000023,1790194376.7326045,33106.6161936,264.6290153000009,candidate-measurement,0FFD4B,valid,1047883,0,True,
2,1,000023,1790194376.9240117,33106.8076022,264.82042390000424,candidate-measurement,0FFD4B,valid,1047883,0,True,
2,1,000023,1790194377.116011,33106.9995998,265.01242150000326,candidate-measurement,0FFD47,valid,1047879,-4,True,
2,1,000023,1790194377.323581,33107.2071695,265.21999119999964,candidate-measurement,0FFD3A,valid,1047866,-13,True,
2,1,000023,1790194377.5155816,33107.3991705,265.4119922000027,candidate-measurement,0FFD36,valid,1047862,-4,True,
2,1,000023,1790194377.7075646,33107.5911544,265.6039760999993,candidate-measurement,0FFD33,valid,1047859,-3,True,
2,1,000023,1790194377.8995662,33107.7831567,265.79597840000497,candidate-measurement,0FFD31,valid,1047857,-2,True,
2,1,000023,1790194378.1069806,33107.9905702,266.0033919000052,candidate-measurement,0FFD2F,valid,1047855,-2,True,
2,1,000023,1790194378.298975,33108.1825633,266.1953849999991,candidate-measurement,0FFD2C,valid,1047852,-3,True,
2,1,000023,1790194378.4909647,33108.3745542,266.3873759000053,candidate-measurement,0FFD28,valid,1047848,-4,True,
2,1,000023,1790194378.698553,33108.5821441,266.5949658000027,candidate-measurement,0FFD26,valid,1047846,-2,True,
2,1,000023,1790194378.8905363,33108.774127,266.7869486999989,candidate-measurement,0FFD24,valid,1047844,-2,True,
2,1,000023,1790194379.082534,33108.9661225,266.97894420000375,candidate-measurement,0FFD24,valid,1047844,0,True,
2,1,000023,1790194379.290526,33109.1741151,267.18693680000433,candidate-measurement,0FFD23,valid,1047843,-1,True,
2,1,000023,1790194379.4819334,33109.3655238,267.37834550000116,candidate-measurement,0FFD22,valid,1047842,-1,True,
2,1,000023,1790194379.6739283,33109.5575195,267.57034120000026,candidate-measurement,0FFD20,valid,1047840,-2,True,
2,1,000023,1790194379.8654914,33109.7490829,267.7619046000036,candidate-measurement,0FFD1F,valid,1047839,-1,True,
2,1,000023,1790194380.0734963,33109.9570844,267.9699060999992,candidate-measurement,0FFD1D,valid,1047837,-2,True,
2,1,000023,1790194380.2654908,33110.1490793,268.1619009999995,candidate-measurement,0FFD1C,valid,1047836,-1,True,
2,1,000023,1790194380.456914,33110.3405025,268.35332420000486,candidate-measurement,0FFD19,valid,1047833,-3,True,
2,1,000023,1790194380.6649356,33110.5485239,268.5613455999992,candidate-measurement,0FFD16,valid,1047830,-3,True,
2,1,000023,1790194380.8568914,33110.7404798,268.7533015000008,candidate-measurement,0FFD13,valid,1047827,-3,True,
2,1,000023,1790194381.0484617,33110.9320496,268.944871300002,candidate-measurement,0FFD11,valid,1047825,-2,True,
2,1,000023,1790194381.2564573,33111.1400455,269.1528671999986,candidate-measurement,0FFD10,valid,1047824,-1,True,
2,1,000023,1790194381.4484472,33111.3320373,269.34485900000436,candidate-measurement,0FFD0E,valid,1047822,-2,True,
2,1,000023,1790194381.6404498,33111.5240394,269.53686110000126,candidate-measurement,0FFD0D,valid,1047821,-1,True,
2,1,000023,1790194381.831891,33111.7154818,269.72830350000004,candidate-measurement,0FFD0C,valid,1047820,-1,True,
2,1,000023,1790194382.0398667,33111.9234564,269.9362781000018,candidate-measurement,0FFD0A,valid,1047818,-2,True,
2,1,000023,1790194382.231426,33112.1150145,270.1278362000012,candidate-measurement,0FFD0A,valid,1047818,0,True,
2,1,000023,1790194382.4234197,33112.30701,270.31983169999876,candidate-measurement,0FFD0A,valid,1047818,0,True,
2,1,000023,1790194382.6314268,33112.5150158,270.52783750000526,candidate-measurement,0FFD0A,valid,1047818,0,True,
2,1,000023,1790194382.8228457,33112.7064358,270.7192575000008,candidate-measurement,0FFD09,valid,1047817,-1,True,
2,1,000023,1790194383.01482,33112.8984096,270.9112313000005,candidate-measurement,0FFD09,valid,1047817,0,True,
2,1,000023,1790194383.2223966,33113.1059851,271.1188068000047,candidate-measurement,0FFD08,valid,1047816,-1,True,
2,1,000023,1790194383.4143882,33113.2979777,271.310799400002,candidate-measurement,0FFD07,valid,1047815,-1,True,
2,1,000023,1790194383.6063807,33113.4899713,271.50279299999966,candidate-measurement,0FFD06,valid,1047814,-1,True,
2,1,000023,1790194383.7983673,33113.6819585,271.6947801999995,candidate-measurement,0FFD04,valid,1047812,-2,True,
2,1,000023,1790194384.0057883,33113.8893785,271.90220019999833,candidate-measurement,0FFD04,valid,1047812,0,True,
2,1,000023,1790194384.197793,33114.0813814,272.0942031000013,candidate-measurement,0FFD04,valid,1047812,0,True,
2,1,000023,1790194384.3893669,33114.2729573,272.2857790000053,candidate-measurement,0FFD04,valid,1047812,0,True,
2,1,000023,1790194384.5973456,33114.4809354,272.4937571000046,candidate-measurement,0FFD03,valid,1047811,-1,True,
2,1,000023,1790194384.7893424,33114.6729337,272.68575540000165,candidate-measurement,0FFD03,valid,1047811,0,True,
2,1,000023,1790194384.9813375,33114.8649262,272.8777479000055,candidate-measurement,0FFD03,valid,1047811,0,True,
2,1,000023,1790194385.1887484,33115.072337,273.08515869999974,candidate-measurement,0FFD03,valid,1047811,0,True,
2,1,000023,1790194385.3807433,33115.264333,273.2771547000011,candidate-measurement,0FFD03,valid,1047811,0,True,
2,1,000023,1790194385.5723157,33115.4559062,273.46872789999907,candidate-measurement,0FFD02,valid,1047810,-1,True,
2,1,000023,1790194385.7643244,33115.6479141,273.66073580000375,candidate-measurement,0FFCF8,valid,1047800,-10,True,
2,1,000023,1790194385.9717286,33115.8553177,273.8681394000014,candidate-measurement,0FFCF6,valid,1047798,-2,True,
2,1,000023,1790194386.1637306,33116.047319,274.06014069999947,candidate-measurement,0FFCF3,valid,1047795,-3,True,
2,1,000023,1790194386.3557115,33116.2393001,274.2521218000038,candidate-measurement,0FFCF2,valid,1047794,-1,True,
2,1,000023,1790194386.5633433,33116.4469322,274.4597539000024,candidate-measurement,0FFCF1,valid,1047793,-1,True,
2,1,000023,1790194386.7552807,33116.63887,274.65169170000445,candidate-measurement,0FFCF1,valid,1047793,0,True,
2,1,000023,1790194386.9472847,33116.8308757,274.84369739999966,candidate-measurement,0FFCF1,valid,1047793,0,True,
2,1,000023,1790194387.1392643,33117.0228539,275.03567560000374,candidate-measurement,0FFCF1,valid,1047793,0,True,
2,1,000023,1790194387.3466945,33117.2302835,275.2431052000029,candidate-measurement,0FFCF0,valid,1047792,-1,True,
2,1,000023,1790194387.5386746,33117.4222638,275.43508550000115,candidate-measurement,0FFCED,valid,1047789,-3,True,
2,1,000023,1790194387.7302341,33117.6138254,275.62664710000536,candidate-measurement,0FFCE0,valid,1047776,-13,True,
2,1,000023,1790194387.9382427,33117.8218312,275.8346529000046,candidate-measurement,0FFCDB,valid,1047771,-5,True,
2,1,000023,1790194388.1302364,33118.0138254,276.02664709999954,candidate-measurement,0FFCD8,valid,1047768,-3,True,
2,1,000023,1790194388.3216648,33118.2052536,276.2180752999993,candidate-measurement,0FFCD5,valid,1047765,-3,True,
2,1,000023,1790194388.529638,33118.4132272,276.42604890000075,candidate-measurement,0FFCD2,valid,1047762,-3,True,
2,1,000023,1790194388.7212284,33118.6048188,276.61764050000056,candidate-measurement,0FFCCE,valid,1047758,-4,True,
2,1,000023,1790194388.9132085,33118.7967996,276.8096213000026,candidate-measurement,0FFCCC,valid,1047756,-2,True,
2,1,000023,1790194389.1051981,33118.9887861,277.0016078000044,candidate-measurement,0FFCCB,valid,1047755,-1,True,
2,1,000023,1790194389.3126175,33119.1962056,277.20902729999943,candidate-measurement,0FFCCA,valid,1047754,-1,True,
2,1,000023,1790194389.5046039,33119.3881934,277.40101510000386,candidate-measurement,0FFCCA,valid,1047754,0,True,
2,1,000023,1790194389.6965945,33119.5801853,277.5930070000031,candidate-measurement,0FFCC9,valid,1047753,-1,True,
2,1,000023,1790194389.9041743,33119.7877644,277.8005860999983,candidate-measurement,0FFCC8,valid,1047752,-1,True,
2,1,000023,1790194390.0961833,33119.979771,277.9925927000004,candidate-measurement,0FFCC6,valid,1047750,-2,True,
2,1,000023,1790194390.288169,33120.1717571,278.18457879999914,candidate-measurement,0FFCC6,valid,1047750,0,True,
2,1,000023,1790194390.495582,33120.3791703,278.3919920000044,candidate-measurement,0FFCC4,valid,1047748,-2,True,
2,1,000023,1790194390.687575,33120.5711631,278.58398480000324,candidate-measurement,0FFCC2,valid,1047746,-2,True,
2,1,000023,1790194390.879573,33120.7631612,278.7759828999988,candidate-measurement,0FFCC2,valid,1047746,0,True,
2,1,000023,1790194391.0711415,33120.9547296,278.96755130000383,candidate-measurement,0FFCC0,valid,1047744,-2,True,
2,1,000023,1790194391.2791362,33121.1627239,279.1755456000028,candidate-measurement,0FFCBF,valid,1047743,-1,True,
2,1,000023,1790194391.4711304,33121.3547191,279.3675408000054,candidate-measurement,0FFCBC,valid,1047740,-3,True,
2,1,000023,1790194391.6625395,33121.5461302,279.55895189999865,candidate-measurement,0FFCB7,valid,1047735,-5,True,
2,1,000023,1790194391.8705342,33121.7541222,279.76694390000193,candidate-measurement,0FFCB5,valid,1047733,-2,True,
2,1,000023,1790194392.0621102,33121.9456984,279.9585201000009,candidate-measurement,0FFCB3,valid,1047731,-2,True,
2,1,000023,1790194392.254138,33122.1377254,280.1505471000055,candidate-measurement,0FFCB1,valid,1047729,-2,True,
2,1,000023,1790194392.4620974,33122.3456858,280.358507500001,candidate-measurement,0FFCB0,valid,1047728,-1,True,
2,1,000023,1790194392.6535144,33122.5371027,280.54992440000206,candidate-measurement,0FFCB0,valid,1047728,0,True,
2,1,000023,1790194392.845498,33122.7290879,280.74190960000124,candidate-measurement,0FFCB0,valid,1047728,0,True,
2,1,000023,1790194393.037496,33122.9210844,280.93390609999915,candidate-measurement,0FFCAF,valid,1047727,-1,True,
2,1,000023,1790194393.245078,33123.1286664,281.1414881000019,candidate-measurement,0FFCAF,valid,1047727,0,True,
2,1,000023,1790194393.4370744,33123.320663,281.33348470000055,candidate-measurement,0FFCAE,valid,1047726,-1,True,
2,1,000023,1790194393.6284783,33123.5120692,281.5248909000002,candidate-measurement,0FFCAC,valid,1047724,-2,True,
2,1,000023,1790194393.8364727,33123.7200632,281.73288490000414,candidate-measurement,0FFCAB,valid,1047723,-1,True,
2,1,000023,1790194394.028043,33123.9116325,281.9244542000015,candidate-measurement,0FFCAA,valid,1047722,-1,True,
2,1,000023,1790194394.2200537,33124.103642,282.1164637000038,candidate-measurement,0FFCAA,valid,1047722,0,True,
2,1,000023,1790194394.4274688,33124.3110581,282.32387980000203,candidate-measurement,0FFCAA,valid,1047722,0,True,
2,1,000023,1790194394.6194463,33124.503035,282.5158567000035,candidate-measurement,0FFCA9,valid,1047721,-1,True,
2,1,000023,1790194394.8114438,33124.6950319,282.70785360000446,candidate-measurement,0FFCA9,valid,1047721,0,True,
2,1,000023,1790194395.003013,33124.8866027,282.8994243999987,candidate-measurement,0FFCA9,valid,1047721,0,True,
2,1,000023,1790194395.211008,33125.0945959,283.1074176000038,candidate-measurement,0FFCA9,valid,1047721,0,True,
2,1,000023,1790194395.4029999,33125.2865894,283.2994111000007,candidate-measurement,0FFCA9,valid,1047721,0,True,
2,1,000023,1790194395.5944188,33125.47801,283.49083170000085,candidate-measurement,0FFCA8,valid,1047720,-1,True,
2,1,000023,1790194395.801988,33125.6855788,283.69840050000494,candidate-measurement,0FFC9F,valid,1047711,-9,True,
2,1,000023,1790194395.993978,33125.8775674,283.8903891000009,candidate-measurement,0FFC9B,valid,1047707,-4,True,
2,1,000023,1790194396.1859725,33126.0695606,284.0823823000028,candidate-measurement,0FFC98,valid,1047704,-3,True,
2,1,000023,1790194396.3933876,33126.2769774,284.2897990999991,candidate-measurement,0FFC97,valid,1047703,-1,True,
2,1,000023,1790194396.5853856,33126.4689737,284.48179540000274,candidate-measurement,0FFC97,valid,1047703,0,True,
2,1,000023,1790194396.7773874,33126.6609752,284.67379690000234,candidate-measurement,0FFC97,valid,1047703,0,True,
2,1,000023,1790194396.968943,33126.8525339,284.865355599999,candidate-measurement,0FFC97,valid,1047703,0,True,
2,1,000023,1790194397.1769552,33127.0605434,285.0733651000046,candidate-measurement,0FFC96,valid,1047702,-1,True,
2,1,000023,1790194397.3689415,33127.2525296,285.2653513000041,candidate-measurement,0FFC92,valid,1047698,-4,True,
2,1,000023,1790194397.5603497,33127.4439374,285.45675910000136,candidate-measurement,0FFC86,valid,1047686,-12,True,
2,1,000023,1790194397.7683616,33127.6519506,285.66477229999873,candidate-measurement,0FFC81,valid,1047681,-5,True,
2,1,000023,1790194397.960333,33127.8439234,285.85674510000536,candidate-measurement,0FFC7E,valid,1047678,-3,True,
2,1,000023,1790194398.1519132,33128.0355008,286.0483224999989,candidate-measurement,0FFC7A,valid,1047674,-4,True,
2,1,000023,1790194398.3599107,33128.2434993,286.25632100000075,candidate-measurement,0FFC77,valid,1047671,-3,True,
2,1,000023,1790194398.551323,33128.4349108,286.44773250000435,candidate-measurement,0FFC73,valid,1047667,-4,True,
2,1,000023,1790194398.743309,33128.6269003,286.6397219999999,candidate-measurement,0FFC71,valid,1047665,-2,True,
2,1,000023,1790194398.9353223,33128.8189103,286.83173199999874,candidate-measurement,0FFC70,valid,1047664,-1,True,
2,1,000023,1790194399.1429017,33129.0264902,287.03931190000003,candidate-measurement,0FFC6E,valid,1047662,-2,True,
2,1,000023,1790194399.3348687,33129.2184574,287.2312791000004,candidate-measurement,0FFC6E,valid,1047662,0,True,
2,1,000023,1790194399.526863,33129.4104531,287.4232747999995,candidate-measurement,0FFC6D,valid,1047661,-1,True,
2,1,000023,1790194399.7343018,33129.6178895,287.6307111999995,candidate-measurement,0FFC6C,valid,1047660,-1,True,
2,1,000023,1790194399.9262743,33129.8098625,287.82268420000037,candidate-measurement,0FFC6A,valid,1047658,-2,True,
2,1,000023,1790194400.1178508,33130.0014395,288.0142612000054,candidate-measurement,0FFC68,valid,1047656,-2,True,
2,1,000023,1790194400.3258455,33130.209434,288.22225569999864,candidate-measurement,0FFC68,valid,1047656,0,True,
2,1,000023,1790194400.51784,33130.4014286,288.4142503000039,candidate-measurement,0FFC67,valid,1047655,-1,True,
2,1,000023,1790194400.7092462,33130.5928373,288.60565900000074,candidate-measurement,0FFC64,valid,1047652,-3,True,
2,1,000023,1790194400.9012504,33130.7848379,288.79765960000077,candidate-measurement,0FFC62,valid,1047650,-2,True,
2,1,000023,1790194401.1088219,33130.9924101,289.00523180000164,candidate-measurement,0FFC61,valid,1047649,-1,True,
2,1,000023,1790194401.300826,33131.184414,289.19723570000497,candidate-measurement,0FFC60,valid,1047648,-1,True,
2,1,000023,1790194401.492825,33131.3764133,289.3892350000024,candidate-measurement,0FFC5E,valid,1047646,-2,True,
2,1,000023,1790194401.7002149,33131.5838056,289.5966273000013,candidate-measurement,0FFC5D,valid,1047645,-1,True,
2,1,000023,1790194401.8922143,33131.7758029,289.7886246000053,candidate-measurement,0FFC5D,valid,1047645,0,True,
2,1,000023,1790194402.0837827,33131.9673736,289.98019529999874,candidate-measurement,0FFC5B,valid,1047643,-2,True,
2,1,000023,1790194402.291791,33132.1753786,290.18820029999915,candidate-measurement,0FFC5A,valid,1047642,-1,True,
2,1,000023,1790194402.4837685,33132.3673573,290.38017899999977,candidate-measurement,0FFC58,valid,1047640,-2,True,
2,1,000023,1790194402.67519,33132.558778,290.57159970000066,candidate-measurement,0FFC57,valid,1047639,-1,True,
2,1,000023,1790194402.8671916,33132.7507831,290.7636047999986,candidate-measurement,0FFC56,valid,1047638,-1,True,
2,1,000023,1790194403.0747519,33132.9583421,290.9711638000008,candidate-measurement,0FFC56,valid,1047638,0,True,
2,1,000023,1790194403.266745,33133.1503337,291.16315540000505,candidate-measurement,0FFC56,valid,1047638,0,True,
2,1,000023,1790194403.4581583,33133.3417481,291.3545698000016,candidate-measurement,0FFC56,valid,1047638,0,True,
2,1,000023,1790194403.6661515,33133.5497405,291.5625622000007,candidate-measurement,0FFC56,valid,1047638,0,True,
2,1,000023,1790194403.8581443,33133.7417352,291.75455689999944,candidate-measurement,0FFC55,valid,1047637,-1,True,
2,1,000023,1790194404.0497377,33133.9333256,291.94614730000467,candidate-measurement,0FFC55,valid,1047637,0,True,
2,1,000023,1790194404.2577121,33134.1413007,292.15412240000296,candidate-measurement,0FFC54,valid,1047636,-1,True,
2,1,000023,1790194404.44971,33134.3332984,292.34612010000274,candidate-measurement,0FFC52,valid,1047634,-2,True,
2,1,000023,1790194404.6411204,33134.5247104,292.53753210000286,candidate-measurement,0FFC51,valid,1047633,-1,True,
2,1,000023,1790194404.8331497,33134.7167404,292.7295621000012,candidate-measurement,0FFC50,valid,1047632,-1,True,
2,1,000023,1790194405.0407019,33134.9242908,292.9371125000034,candidate-measurement,0FFC50,valid,1047632,0,True,
2,1,000023,1790194405.2326846,33135.1162732,293.1290949000031,candidate-measurement,0FFC50,valid,1047632,0,True,
2,1,000023,1790194405.4247081,33135.308297,293.3211187000052,candidate-measurement,0FFC4F,valid,1047631,-1,True,
2,1,000023,1790194405.6326687,33135.5162567,293.5290784000026,candidate-measurement,0FFC4F,valid,1047631,0,True,
2,1,000023,1790194405.8240838,33135.7076745,293.72049620000325,candidate-measurement,0FFC4F,valid,1047631,0,True,
2,1,000023,1790194406.016085,33135.8996742,293.9124959000037,candidate-measurement,0FFC4F,valid,1047631,0,True,
2,1,000023,1790194406.223698,33136.1072863,294.1201080000028,candidate-measurement,0FFC4F,valid,1047631,0,True,
2,1,000023,1790194406.4156487,33136.2992379,294.3120596000008,candidate-measurement,0FFC4E,valid,1047630,-1,True,
2,1,000023,1790194406.6076388,33136.4912287,294.50405039999896,candidate-measurement,0FFC4B,valid,1047627,-3,True,
2,1,000023,1790194406.8150494,33136.6986376,294.71145930000057,candidate-measurement,0FFC43,valid,1047619,-8,True,
2,1,000023,1790194407.007047,33136.8906359,294.9034576000049,candidate-measurement,0FFC40,valid,1047616,-3,True,
2,1,000023,1790194407.1990447,33137.0826329,295.09545459999936,candidate-measurement,0FFC3E,valid,1047614,-2,True,
2,1,000023,1790194407.3910394,33137.2746283,295.28745000000345,candidate-measurement,0FFC3D,valid,1047613,-1,True,
2,1,000023,1790194407.598607,33137.4821968,295.49501850000524,candidate-measurement,0FFC3D,valid,1047613,0,True,
2,1,000023,1790194407.7906036,33137.6741932,295.6870149000024,candidate-measurement,0FFC3D,valid,1047613,0,True,
2,1,000023,1790194407.9825947,33137.8661863,295.8790080000035,candidate-measurement,0FFC3D,valid,1047613,0,True,
2,1,000023,1790194408.1905918,33138.0741804,296.087002100001,candidate-measurement,0FFC3C,valid,1047612,-1,True,
2,1,000023,1790194408.3820152,33138.2656054,296.2784271000055,candidate-measurement,0FFC3B,valid,1047611,-1,True,
2,1,000023,1790194408.5740187,33138.457607,296.4704286999986,candidate-measurement,0FFC38,valid,1047608,-3,True,
2,1,000023,1790194408.765991,33138.6495787,296.6624004000041,candidate-measurement,0FFC2E,valid,1047598,-10,True,
2,1,000023,1790194408.9735909,33138.8571811,296.8700028000021,candidate-measurement,0FFC29,valid,1047593,-5,True,
2,1,000023,1790194409.1655557,33139.0491446,297.0619663000034,candidate-measurement,0FFC26,valid,1047590,-3,True,
2,1,000023,1790194409.3569949,33139.2405812,297.2534029000017,candidate-measurement,0FFC24,valid,1047588,-2,True,
2,1,000023,1790194409.564956,33139.4485444,297.46136610000394,candidate-measurement,0FFC22,valid,1047586,-2,True,
2,1,000023,1790194409.7569547,33139.6405448,297.65336650000245,candidate-measurement,0FFC20,valid,1047584,-2,True,
2,1,000023,1790194409.9485264,33139.8321177,297.8449394000054,candidate-measurement,0FFC1D,valid,1047581,-3,True,
2,1,000023,1790194410.156525,33140.0401135,298.05293520000123,candidate-measurement,0FFC1A,valid,1047578,-3,True,
2,1,000023,1790194410.3485334,33140.2321217,298.2449434000009,candidate-measurement,0FFC18,valid,1047576,-2,True,
2,1,000023,1790194410.5405097,33140.4240982,298.43691989999934,candidate-measurement,0FFC17,valid,1047575,-1,True,
2,1,000023,1790194410.731931,33140.615519,298.628340700001,candidate-measurement,0FFC16,valid,1047574,-1,True,
2,1,000023,1790194410.939928,33140.8235164,298.83633810000174,candidate-measurement,0FFC15,valid,1047573,-1,True,
2,1,000023,1790194411.1319125,33141.0155012,299.02832290000515,candidate-measurement,0FFC14,valid,1047572,-1,True,
2,1,000023,1790194411.323484,33141.2070725,299.2198942000032,candidate-measurement,0FFC14,valid,1047572,0,True,
2,1,000023,1790194411.5315008,33141.4150903,299.4279119999992,candidate-measurement,0FFC12,valid,1047570,-2,True,
2,1,000023,1790194411.7234724,33141.6070625,299.61988420000125,candidate-measurement,0FFC11,valid,1047569,-1,True,
2,1,000023,1790194411.9154704,33141.7990608,299.8118824999983,candidate-measurement,0FFC0F,valid,1047567,-2,True,
2,1,000023,1790194412.122909,33142.0065003,300.0193220000001,candidate-measurement,0FFC0E,valid,1047566,-1,True,
3,1,000024,1790194414.9524372,33144.8360259,0.20162989999516867,candidate-warmup,0FFB72,valid,1047410,-156,True,
3,1,000024,1790194415.1443577,33145.027948,0.3935520000013639,candidate-warmup,0FFB72,valid,1047410,0,True,
3,1,000024,1790194415.3363545,33145.2199433,0.5855472999974154,candidate-warmup,0FFB72,valid,1047410,0,True,
3,1,000024,1790194415.5283659,33145.4119547,0.7775586999996449,candidate-warmup,0FFB72,valid,1047410,0,True,
3,1,000024,1790194415.7197568,33145.6033478,0.9689518000013777,candidate-warmup,0FFB71,valid,1047409,-1,True,
3,1,000024,1790194415.911762,33145.7953531,1.1609571000008145,candidate-warmup,0FFB71,valid,1047409,0,True,
3,1,000024,1790194416.103337,33145.9869256,1.3525296000007074,candidate-warmup,0FFB71,valid,1047409,0,True,
3,1,000024,1790194416.2953217,33146.1789102,1.5445141999953194,candidate-warmup,0FFB71,valid,1047409,0,True,
3,1,000024,1790194416.48732,33146.3709101,1.7365140999972937,candidate-warmup,0FFB70,valid,1047408,-1,True,
3,1,000024,1790194416.678749,33146.5623398,1.9279438000012306,candidate-warmup,0FFB70,valid,1047408,0,True,
3,1,000024,1790194416.886713,33146.770304,2.1359079999965616,candidate-warmup,0FFB70,valid,1047408,0,True,
3,1,000024,1790194417.078724,33146.9623129,2.3279169000015827,candidate-warmup,0FFB6F,valid,1047407,-1,True,
3,1,000024,1790194417.2703009,33147.153889,2.519492999999784,candidate-warmup,0FFB6F,valid,1047407,0,True,
3,1,000024,1790194417.478285,33147.3618755,2.727479499997571,candidate-warmup,0FFB6E,valid,1047406,-1,True,
3,1,000024,1790194417.670282,33147.5538723,2.9194762999977684,candidate-warmup,0FFB6C,valid,1047404,-2,True,
3,1,000024,1790194417.8616974,33147.7452864,3.1108903999993345,candidate-warmup,0FFB6C,valid,1047404,0,True,
3,1,000024,1790194418.069319,33147.952909,3.3185129999983474,candidate-warmup,0FFB6B,valid,1047403,-1,True,
3,1,000024,1790194418.2612681,33148.1448565,3.5104605000015,candidate-warmup,0FFB6A,valid,1047402,-1,True,
3,1,000024,1790194418.4532557,33148.3368464,3.702450400000089,candidate-warmup,0FFB69,valid,1047401,-1,True,
3,1,000024,1790194418.645243,33148.5288335,3.894437499999185,candidate-warmup,0FFB66,valid,1047398,-3,True,
3,1,000024,1790194418.8526807,33148.73627,4.1018739999999525,candidate-warmup,0FFB65,valid,1047397,-1,True,
3,1,000024,1790194419.044654,33148.9282451,4.293849100002262,candidate-warmup,0FFB64,valid,1047396,-1,True,
3,1,000024,1790194419.2366564,33149.1202448,4.485848799995438,candidate-warmup,0FFB63,valid,1047395,-1,True,
3,1,000024,1790194419.444219,33149.3278092,4.6934131999951205,candidate-warmup,0FFB62,valid,1047394,-1,True,
3,1,000024,1790194419.6362243,33149.519813,4.8854169999976875,candidate-warmup,0FFB62,valid,1047394,0,True,
3,1,000024,1790194419.828205,33149.7117956,5.077399599998898,candidate-warmup,0FFB61,valid,1047393,-1,True,
3,1,000024,1790194420.0356567,33149.9192476,5.284851600001275,candidate-warmup,0FFB60,valid,1047392,-1,True,
3,1,000024,1790194420.2276263,33150.1112148,5.476818800001638,candidate-warmup,0FFB5E,valid,1047390,-2,True,
3,1,000024,1790194420.4191968,33150.302786,5.668389999998908,candidate-warmup,0FFB5E,valid,1047390,0,True,
3,1,000024,1790194420.6111877,33150.4947767,5.860380699996313,candidate-warmup,0FFB5C,valid,1047388,-2,True,
3,1,000024,1790194420.8192198,33150.7028076,6.068411599997489,candidate-warmup,0FFB5A,valid,1047386,-2,True,
3,1,000024,1790194421.0111763,33150.8947647,6.260368700000981,candidate-warmup,0FFB5A,valid,1047386,0,True,
3,1,000024,1790194421.2025893,33151.0861778,6.451781800002209,candidate-warmup,0FFB59,valid,1047385,-1,True,
3,1,000024,1790194421.410621,33151.2942093,6.659813300000678,candidate-warmup,0FFB56,valid,1047382,-3,True,
3,1,000024,1790194421.602155,33151.4857448,6.851348799995321,candidate-warmup,0FFB54,valid,1047380,-2,True,
3,1,000024,1790194421.7941458,33151.6777358,7.043339800002286,candidate-warmup,0FFB52,valid,1047378,-2,True,
3,1,000024,1790194421.9861443,33151.8697335,7.2353375000020606,candidate-warmup,0FFB50,valid,1047376,-2,True,
3,1,000024,1790194422.193567,33152.0771552,7.442759199999273,candidate-warmup,0FFB4F,valid,1047375,-1,True,
3,1,000024,1790194422.3855536,33152.2691423,7.634746299998369,candidate-warmup,0FFB4F,valid,1047375,0,True,
3,1,000024,1790194422.5775404,33152.4611297,7.82673369999975,candidate-warmup,0FFB4E,valid,1047374,-1,True,
3,1,000024,1790194422.7851176,33152.6687079,8.034311899995373,candidate-warmup,0FFB4C,valid,1047372,-2,True,
3,1,000024,1790194422.9771123,33152.8607008,8.226304800002254,candidate-warmup,0FFB4A,valid,1047370,-2,True,
3,1,000024,1790194423.169116,33153.0527039,8.41830789999949,candidate-warmup,0FFB48,valid,1047368,-2,True,
3,1,000024,1790194423.3765147,33153.2601036,8.625707599996531,candidate-warmup,0FFB48,valid,1047368,0,True,
3,1,000024,1790194423.5680833,33153.4516741,8.817278099995747,candidate-warmup,0FFB48,valid,1047368,0,True,
3,1,000024,1790194423.7600892,33153.6436773,9.009281300001021,candidate-warmup,0FFB46,valid,1047366,-2,True,
3,1,000024,1790194423.952091,33153.835681,9.20128499999555,candidate-warmup,0FFB46,valid,1047366,0,True,
3,1,000024,1790194424.1600764,33154.0436662,9.40927019999799,candidate-warmup,0FFB46,valid,1047366,0,True,
3,1,000024,1790194424.351486,33154.2350747,9.600678700000572,candidate-warmup,0FFB44,valid,1047364,-2,True,
3,1,000024,1790194424.5434868,33154.4270747,9.792678699996031,candidate-warmup,0FFB42,valid,1047362,-2,True,
3,1,000024,1790194424.7510505,33154.6346412,10.000245199997153,candidate-warmup,0FFB42,valid,1047362,0,True,
3,1,000024,1790194424.943042,33154.826633,10.192236999995657,candidate-warmup,0FFB42,valid,1047362,0,True,
3,1,000024,1790194425.1350436,33155.018634,10.384237999998732,candidate-warmup,0FFB41,valid,1047361,-1,True,
3,1,000024,1790194425.3430378,33155.2266265,10.59223049999855,candidate-warmup,0FFB41,valid,1047361,0,True,
3,1,000024,1790194425.5504565,33155.4340425,10.799646499996015,candidate-warmup,0FFB41,valid,1047361,0,True,
3,1,000024,1790194425.7424567,33155.6260446,10.99164860000019,candidate-warmup,0FFB41,valid,1047361,0,True,
3,1,000024,1790194425.9340127,33155.817603,11.183207000001858,candidate-warmup,0FFB40,valid,1047360,-1,True,
3,1,000024,1790194426.1260083,33156.0095987,11.375202700000955,candidate-warmup,0FFB3C,valid,1047356,-4,True,
3,1,000024,1790194426.3174286,33156.2010162,11.566620199999306,candidate-warmup,0FFB36,valid,1047350,-6,True,
3,1,000024,1790194426.5094197,33156.3930097,11.758613699996204,candidate-warmup,0FFB32,valid,1047346,-4,True,
3,1,000024,1790194426.7170055,33156.6005944,11.966198399997666,candidate-warmup,0FFB30,valid,1047344,-2,True,
3,1,000024,1790194426.9089942,33156.7925846,12.158188599998539,candidate-warmup,0FFB2F,valid,1047343,-1,True,
3,1,000024,1790194427.1009715,33156.9845601,12.350164099996618,candidate-warmup,0FFB2F,valid,1047343,0,True,
3,1,000024,1790194427.3089762,33157.1925639,12.55816789999517,candidate-warmup,0FFB2F,valid,1047343,0,True,
3,1,000024,1790194427.500383,33157.383973,12.749577000002319,candidate-warmup,0FFB2F,valid,1047343,0,True,
3,1,000024,1790194427.692377,33157.5759671,12.941571099996509,candidate-warmup,0FFB2B,valid,1047339,-4,True,
3,1,000024,1790194427.8843687,33157.7679592,13.133563199997297,candidate-warmup,0FFB1E,valid,1047326,-13,True,
3,1,000024,1790194428.0919378,33157.975527,13.341131000001042,candidate-warmup,0FFB1A,valid,1047322,-4,True,
3,1,000024,1790194428.2839417,33158.1675301,13.533134099998279,candidate-warmup,0FFB17,valid,1047319,-3,True,
3,1,000024,1790194428.4759324,33158.3595219,13.725125899996783,candidate-warmup,0FFB15,valid,1047317,-2,True,
3,1,000024,1790194428.6833496,33158.5669392,13.932543199996871,candidate-warmup,0FFB12,valid,1047314,-3,True,
3,1,000024,1790194428.8753393,33158.7589292,14.124533199996222,candidate-warmup,0FFB10,valid,1047312,-2,True,
3,1,000024,1790194429.067326,33158.9509168,14.316520799999125,candidate-warmup,0FFB0B,valid,1047307,-5,True,
3,1,000024,1790194429.2749088,33159.1584973,14.52410129999771,candidate-warmup,0FFB08,valid,1047304,-3,True,
3,1,000024,1790194429.4669216,33159.3505093,14.716113299997232,candidate-warmup,0FFB08,valid,1047304,0,True,
3,1,000024,1790194429.6588964,33159.5424864,14.90809040000022,candidate-warmup,0FFB07,valid,1047303,-1,True,
3,1,000024,1790194429.8503084,33159.7338978,15.099501799995778,candidate-warmup,0FFB05,valid,1047301,-2,True,
3,1,000024,1790194430.058355,33159.9419448,15.307548799995857,candidate-warmup,0FFB04,valid,1047300,-1,True,
3,1,000024,1790194430.2503016,33160.1338895,15.499493499999517,candidate-warmup,0FFB02,valid,1047298,-2,True,
3,1,000024,1790194430.4418745,33160.3254635,15.69106749999628,candidate-warmup,0FFB00,valid,1047296,-2,True,
3,1,000024,1790194430.6498523,33160.5334424,15.89904640000168,candidate-warmup,0FFAFF,valid,1047295,-1,True,
3,1,000024,1790194430.8418581,33160.7254472,16.09105119999731,candidate-warmup,0FFAFD,valid,1047293,-2,True,
3,1,000024,1790194431.0338552,33160.9174432,16.28304719999869,candidate-warmup,0FFAFA,valid,1047290,-3,True,
3,1,000024,1790194431.2412782,33161.1248658,16.49046979999548,candidate-warmup,0FFAF7,valid,1047287,-3,True,
3,1,000024,1790194431.4332638,33161.3168522,16.682456199996523,candidate-warmup,0FFAF5,valid,1047285,-2,True,
3,1,000024,1790194431.6248467,33161.5084375,16.874041499999294,candidate-warmup,0FFAF4,valid,1047284,-1,True,
3,1,000024,1790194431.816826,33161.7004169,17.066020899997966,candidate-warmup,0FFAF2,valid,1047282,-2,True,
3,1,000024,1790194432.024837,33161.9084255,17.274029499996686,candidate-warmup,0FFAF0,valid,1047280,-2,True,
3,1,000024,1790194432.2162373,33162.099826,17.46542999999656,candidate-warmup,0FFAEF,valid,1047279,-1,True,
3,1,000024,1790194432.4082258,33162.2918154,17.657419399998616,candidate-warmup,0FFAEE,valid,1047278,-1,True,
3,1,000024,1790194432.6158025,33162.4993916,17.86499560000084,candidate-warmup,0FFAEE,valid,1047278,0,True,
3,1,000024,1790194432.807809,33162.6913971,18.0570011000018,candidate-warmup,0FFAEE,valid,1047278,0,True,
3,1,000024,1790194432.9997878,33162.8833761,18.248980099997425,candidate-warmup,0FFAEC,valid,1047276,-2,True,
3,1,000024,1790194433.2072158,33163.0908039,18.45640789999743,candidate-warmup,0FFAEC,valid,1047276,0,True,
3,1,000024,1790194433.415197,33163.298787,18.66439099999843,candidate-warmup,0FFAEC,valid,1047276,0,True,
3,1,000024,1790194433.6067724,33163.49036,18.855964000002132,candidate-warmup,0FFAEB,valid,1047275,-1,True,
3,1,000024,1790194433.7987611,33163.6823524,19.04795639999793,candidate-warmup,0FFAE9,valid,1047273,-2,True,
3,1,000024,1790194433.9907513,33163.8743401,19.239944100001594,candidate-warmup,0FFAE8,valid,1047272,-1,True,
3,1,000024,1790194434.1827466,33164.0663353,19.431939299996884,candidate-warmup,0FFAE8,valid,1047272,0,True,
3,1,000024,1790194434.3747494,33164.2583371,19.623941099998774,candidate-warmup,0FFAE8,valid,1047272,0,True,
3,1,000024,1790194434.5821579,33164.4657475,19.831351499997254,candidate-warmup,0FFAE7,valid,1047271,-1,True,
3,1,000024,1790194434.7741475,33164.6577363,20.02334030000202,candidate-measurement,0FFAE7,valid,1047271,0,True,
3,1,000024,1790194434.9657254,33164.8493165,20.214920500002336,candidate-measurement,0FFAE7,valid,1047271,0,True,
3,1,000024,1790194435.173724,33165.0573124,20.42291639999894,candidate-measurement,0FFAE7,valid,1047271,0,True,
3,1,000024,1790194435.3657124,33165.249301,20.61490500000218,candidate-measurement,0FFAE7,valid,1047271,0,True,
3,1,000024,1790194435.5571191,33165.4407073,20.806311299995286,candidate-measurement,0FFAE6,valid,1047270,-1,True,
3,1,000024,1790194435.7491167,33165.6327078,20.99831180000183,candidate-measurement,0FFADC,valid,1047260,-10,True,
3,1,000024,1790194435.9566896,33165.8402801,21.205884099996183,candidate-measurement,0FFAD9,valid,1047257,-3,True,
3,1,000024,1790194436.1486862,33166.0322754,21.39787939999951,candidate-measurement,0FFAD6,valid,1047254,-3,True,
3,1,000024,1790194436.3406942,33166.224282,21.58988600000157,candidate-measurement,0FFAD5,valid,1047253,-1,True,
3,1,000024,1790194436.5480952,33166.4316845,21.797288499998103,candidate-measurement,0FFAD5,valid,1047253,0,True,
3,1,000024,1790194436.7400908,33166.6236784,21.989282399998046,candidate-measurement,0FFAD5,valid,1047253,0,True,
3,1,000024,1790194436.9321373,33166.8157238,22.181327799997234,candidate-measurement,0FFAD4,valid,1047252,-1,True,
3,1,000024,1790194437.1396558,33167.0232429,22.388846900001226,candidate-measurement,0FFACD,valid,1047245,-7,True,
3,1,000024,1790194437.3316522,33167.2152402,22.580844199997955,candidate-measurement,0FFAC2,valid,1047234,-11,True,
3,1,000024,1790194437.5236638,33167.4072521,22.772856099996716,candidate-measurement,0FFABF,valid,1047231,-3,True,
3,1,000024,1790194437.7150557,33167.5986469,22.96425089999684,candidate-measurement,0FFABC,valid,1047228,-3,True,
3,1,000024,1790194437.923047,33167.8066354,23.172239399995306,candidate-measurement,0FFABB,valid,1047227,-1,True,
3,1,000024,1790194438.1146238,33167.9982124,23.36381640000036,candidate-measurement,0FFAB8,valid,1047224,-3,True,
3,1,000024,1790194438.3066206,33168.1902086,23.55581259999599,candidate-measurement,0FFAB4,valid,1047220,-4,True,
3,1,000024,1790194438.5146093,33168.398199,23.763803000001644,candidate-measurement,0FFAB1,valid,1047217,-3,True,
3,1,000024,1790194438.706025,33168.5896135,23.95521749999898,candidate-measurement,0FFAB0,valid,1047216,-1,True,
3,1,000024,1790194438.8980217,33168.7816107,24.147214700002223,candidate-measurement,0FFAAE,valid,1047214,-2,True,
3,1,000024,1790194439.1055918,33168.9891821,24.354786099997,candidate-measurement,0FFAAE,valid,1047214,0,True,
3,1,000024,1790194439.2975938,33169.1811825,24.546786499995505,candidate-measurement,0FFAAE,valid,1047214,0,True,
3,1,000024,1790194439.4895735,33169.3731619,24.738765900001454,candidate-measurement,0FFAAD,valid,1047213,-1,True,
3,1,000024,1790194439.681569,33169.5651601,24.93076409999776,candidate-measurement,0FFAAC,valid,1047212,-1,True,
3,1,000024,1790194439.889028,33169.772617,25.138221000001067,candidate-measurement,0FFAAA,valid,1047210,-2,True,
3,1,000024,1790194440.0809834,33169.9645716,25.330175600000075,candidate-measurement,0FFAA9,valid,1047209,-1,True,
3,1,000024,1790194440.2725604,33170.156148,25.52175200000056,candidate-measurement,0FFAA7,valid,1047207,-2,True,
3,1,000024,1790194440.4805493,33170.3641382,25.729742199997418,candidate-measurement,0FFAA6,valid,1047206,-1,True,
3,1,000024,1790194440.6725447,33170.5561329,25.921736899996176,candidate-measurement,0FFAA6,valid,1047206,0,True,
3,1,000024,1790194440.8639572,33170.7475454,26.11314940000011,candidate-measurement,0FFAA4,valid,1047204,-2,True,
3,1,000024,1790194441.071945,33170.9555335,26.32113749999553,candidate-measurement,0FFAA1,valid,1047201,-3,True,
3,1,000024,1790194441.2639425,33171.1475306,26.51313459999801,candidate-measurement,0FFA9F,valid,1047199,-2,True,
3,1,000024,1790194441.4555168,33171.3391059,26.704709899997397,candidate-measurement,0FFA9C,valid,1047196,-3,True,
3,1,000024,1790194441.647523,33171.5311124,26.896716399998695,candidate-measurement,0FFA9A,valid,1047194,-2,True,
3,1,000024,1790194441.8555014,33171.7390917,27.104695699999866,candidate-measurement,0FFA98,valid,1047192,-2,True,
3,1,000024,1790194442.0474968,33171.9310858,27.29668980000133,candidate-measurement,0FFA96,valid,1047190,-2,True,
3,1,000024,1790194442.2389138,33172.1225019,27.4881058999963,candidate-measurement,0FFA94,valid,1047188,-2,True,
3,1,000024,1790194442.4469032,33172.3304927,27.696096699997724,candidate-measurement,0FFA94,valid,1047188,0,True,
3,1,000024,1790194442.638897,33172.5224869,27.888090899999952,candidate-measurement,0FFA94,valid,1047188,0,True,
3,1,000024,1790194442.8304658,33172.7140571,28.079661099996883,candidate-measurement,0FFA92,valid,1047186,-2,True,
3,1,000024,1790194443.022465,33172.9060552,28.271659199999704,candidate-measurement,0FFA92,valid,1047186,0,True,
3,1,000024,1790194443.2304566,33173.1140451,28.479649100001552,candidate-measurement,0FFA92,valid,1047186,0,True,
3,1,000024,1790194443.4218736,33173.3054632,28.671067199997196,candidate-measurement,0FFA92,valid,1047186,0,True,
3,1,000024,1790194443.6138675,33173.4974573,28.863061299998662,candidate-measurement,0FFA90,valid,1047184,-2,True,
3,1,000024,1790194443.8218575,33173.7054483,29.07105230000161,candidate-measurement,0FFA8E,valid,1047182,-2,True,
3,1,000024,1790194444.0138566,33173.8974444,29.263048399996478,candidate-measurement,0FFA8E,valid,1047182,0,True,
3,1,000024,1790194444.2054298,33174.0890181,29.454622099998232,candidate-measurement,0FFA8E,valid,1047182,0,True,
3,1,000024,1790194444.4134152,33174.2970058,29.66260979999788,candidate-measurement,0FFA8D,valid,1047181,-1,True,
3,1,000024,1790194444.6054142,33174.4890041,29.854608100002224,candidate-measurement,0FFA8D,valid,1047181,0,True,
3,1,000024,1790194444.7968302,33174.6804197,30.04602370000066,candidate-measurement,0FFA8D,valid,1047181,0,True,
3,1,000024,1790194444.9888217,33174.8724125,30.238016499999503,candidate-measurement,0FFA8D,valid,1047181,0,True,
3,1,000024,1790194445.1963966,33175.0799852,30.445589199996903,candidate-measurement,0FFA8D,valid,1047181,0,True,
3,1,000024,1790194445.3883886,33175.2719787,30.637582700001076,candidate-measurement,0FFA8C,valid,1047180,-1,True,
3,1,000024,1790194445.580388,33175.4639765,30.82958050000161,candidate-measurement,0FFA89,valid,1047177,-3,True,
3,1,000024,1790194445.7877967,33175.671386,31.036990000000515,candidate-measurement,0FFA81,valid,1047169,-8,True,
3,1,000024,1790194445.9797924,33175.8633806,31.228984599998512,candidate-measurement,0FFA7E,valid,1047166,-3,True,
3,1,000024,1790194446.1713626,33176.0549516,31.420555600001535,candidate-measurement,0FFA7C,valid,1047164,-2,True,
3,1,000024,1790194446.379374,33176.2629619,31.628565899998648,candidate-measurement,0FFA7B,valid,1047163,-1,True,
3,1,000024,1790194446.5713506,33176.454939,31.820543000001635,candidate-measurement,0FFA7B,valid,1047163,0,True,
3,1,000024,1790194446.762762,33176.6463507,32.01195469999948,candidate-measurement,0FFA7B,valid,1047163,0,True,
3,1,000024,1790194446.9547577,33176.8383486,32.203952600000775,candidate-measurement,0FFA7B,valid,1047163,0,True,
3,1,000024,1790194447.1627486,33177.0463398,32.41194379999797,candidate-measurement,0FFA7B,valid,1047163,0,True,
3,1,000024,1790194447.354329,33177.2379153,32.60351929999888,candidate-measurement,0FFA79,valid,1047161,-2,True,
3,1,000024,1790194447.5463133,33177.4299039,32.79550790000212,candidate-measurement,0FFA6F,valid,1047151,-10,True,
3,1,000024,1790194447.7537282,33177.6373193,33.002923300002294,candidate-measurement,0FFA68,valid,1047144,-7,True,
3,1,000024,1790194447.9457235,33177.8293137,33.19491769999877,candidate-measurement,0FFA65,valid,1047141,-3,True,
3,1,000024,1790194448.1372888,33178.0208786,33.386482599999,candidate-measurement,0FFA62,valid,1047138,-3,True,
3,1,000024,1790194448.3452928,33178.2288806,33.594484599998395,candidate-measurement,0FFA60,valid,1047136,-2,True,
3,1,000024,1790194448.5372856,33178.4208756,33.78647959999944,candidate-measurement,0FFA5E,valid,1047134,-2,True,
3,1,000024,1790194448.729277,33178.6128659,33.97846990000107,candidate-measurement,0FFA5C,valid,1047132,-2,True,
3,1,000024,1790194448.9206886,33178.8042793,34.16988329999731,candidate-measurement,0FFA58,valid,1047128,-4,True,
3,1,000024,1790194449.128707,33179.0122944,34.37789840000187,candidate-measurement,0FFA57,valid,1047127,-1,True,
3,1,000024,1790194449.3202658,33179.2038543,34.569458300000406,candidate-measurement,0FFA56,valid,1047126,-1,True,
3,1,000024,1790194449.5122733,33179.3958633,34.76146729999891,candidate-measurement,0FFA55,valid,1047125,-1,True,
3,1,000024,1790194449.720243,33179.6038339,34.96943789999932,candidate-measurement,0FFA53,valid,1047123,-2,True,
3,1,000024,1790194449.9116626,33179.795251,35.1608550000019,candidate-measurement,0FFA53,valid,1047123,0,True,
3,1,000024,1790194450.1036575,33179.9872456,35.3528495999999,candidate-measurement,0FFA52,valid,1047122,-1,True,
3,1,000024,1790194450.3112297,33180.1948177,35.560421700000006,candidate-measurement,0FFA52,valid,1047122,0,True,
3,1,000024,1790194450.5032282,33180.3868161,35.752420099997835,candidate-measurement,0FFA51,valid,1047121,-1,True,
3,1,000024,1790194450.6946554,33180.5782436,35.94384759999957,candidate-measurement,0FFA4F,valid,1047119,-2,True,
3,1,000024,1790194450.8866246,33180.7702157,36.135819700000866,candidate-measurement,0FFA4C,valid,1047116,-3,True,
3,1,000024,1790194451.0942135,33180.9778014,36.34340539999539,candidate-measurement,0FFA4A,valid,1047114,-2,True,
3,1,000024,1790194451.2861984,33181.1697869,36.535390899996855,candidate-measurement,0FFA46,valid,1047110,-4,True,
3,1,000024,1790194451.4781919,33181.361783,36.727386999999,candidate-measurement,0FFA42,valid,1047106,-4,True,
3,1,000024,1790194451.6856089,33181.5691971,36.93480109999655,candidate-measurement,0FFA3E,valid,1047102,-4,True,
3,1,000024,1790194451.8775985,33181.7611894,37.12679339999886,candidate-measurement,0FFA3B,valid,1047099,-3,True,
3,1,000024,1790194452.0691721,33181.9527604,37.31836440000188,candidate-measurement,0FFA3A,valid,1047098,-1,True,
3,1,000024,1790194452.2771647,33182.1607531,37.52635709999595,candidate-measurement,0FFA3A,valid,1047098,0,True,
3,1,000024,1790194452.4851663,33182.3687548,37.73435880000034,candidate-measurement,0FFA39,valid,1047097,-1,True,
3,1,000024,1790194452.6765733,33182.5601626,37.92576659999759,candidate-measurement,0FFA39,valid,1047097,0,True,
3,1,000024,1790194452.8685718,33182.752159,38.117763000002014,candidate-measurement,0FFA38,valid,1047096,-1,True,
3,1,000024,1790194453.0605583,33182.9441482,38.30975219999527,candidate-measurement,0FFA36,valid,1047094,-2,True,
3,1,000024,1790194453.2521408,33183.1357289,38.5013328999994,candidate-measurement,0FFA35,valid,1047093,-1,True,
3,1,000024,1790194453.4441216,33183.3277116,38.69331560000137,candidate-measurement,0FFA34,valid,1047092,-1,True,
3,1,000024,1790194453.6549673,33183.5385519,38.90415589999611,candidate-measurement,0FFA34,valid,1047092,0,True,
3,1,000024,1790194453.8595374,33183.7431256,39.10872959999688,candidate-measurement,0FFA33,valid,1047091,-1,True,
3,1,000024,1790194454.0511076,33183.9346976,39.30030160000024,candidate-measurement,0FFA33,valid,1047091,0,True,
3,1,000024,1790194454.243104,33184.1266924,39.49229639999976,candidate-measurement,0FFA33,valid,1047091,0,True,
3,1,000024,1790194454.4350936,33184.3186842,39.684288199998264,candidate-measurement,0FFA33,valid,1047091,0,True,
3,1,000024,1790194454.6270916,33184.5106804,39.87628440000117,candidate-measurement,0FFA33,valid,1047091,0,True,
3,1,000024,1790194454.8185048,33184.7020933,40.06769730000087,candidate-measurement,0FFA33,valid,1047091,0,True,
3,1,000024,1790194455.026491,33184.91008,40.27568400000018,candidate-measurement,0FFA32,valid,1047090,-1,True,
3,1,000024,1790194455.2180774,33185.101665,40.46726900000067,candidate-measurement,0FFA2E,valid,1047086,-4,True,
3,1,000024,1790194455.4100583,33185.2936487,40.659252699995704,candidate-measurement,0FFA26,valid,1047078,-8,True,
3,1,000024,1790194455.6180677,33185.5016572,40.86726120000094,candidate-measurement,0FFA22,valid,1047074,-4,True,
3,1,000024,1790194455.8100493,33185.6936377,41.05924170000071,candidate-measurement,0FFA21,valid,1047073,-1,True,
3,1,000024,1790194456.0014646,33185.8850558,41.250659799996356,candidate-measurement,0FFA21,valid,1047073,0,True,
3,1,000024,1790194456.2094612,33186.0930492,41.45865319999575,candidate-measurement,0FFA21,valid,1047073,0,True,
3,1,000024,1790194456.4170327,33186.3006227,41.66622669999924,candidate-measurement,0FFA20,valid,1047072,-1,True,
3,1,000024,1790194456.6090255,33186.4926147,41.85821869999927,candidate-measurement,0FFA1C,valid,1047068,-4,True,
3,1,000024,1790194456.8010354,33186.6846246,42.050228599997354,candidate-measurement,0FFA10,valid,1047056,-12,True,
3,1,000024,1790194456.992434,33186.876022,42.24162599999545,candidate-measurement,0FFA0B,valid,1047051,-5,True,
3,1,000024,1790194457.184438,33187.0680265,42.43363049999607,candidate-measurement,0FFA08,valid,1047048,-3,True,
3,1,000024,1790194457.3764305,33187.26002,42.62562400000024,candidate-measurement,0FFA05,valid,1047045,-3,True,
3,1,000024,1790194457.584044,33187.4676337,42.83323769999697,candidate-measurement,0FFA02,valid,1047042,-3,True,
3,1,000024,1790194457.7759888,33187.6595774,43.02518140000029,candidate-measurement,0FF9FE,valid,1047038,-4,True,
3,1,000024,1790194457.967989,33187.8515768,43.21718079999846,candidate-measurement,0FF9FC,valid,1047036,-2,True,
3,1,000024,1790194458.175403,33188.0589912,43.42459519999829,candidate-measurement,0FF9FA,valid,1047034,-2,True,
3,1,000024,1790194458.3673894,33188.2509776,43.616581599999336,candidate-measurement,0FF9FA,valid,1047034,0,True,
3,1,000024,1790194458.558961,33188.4425507,43.80815469999652,candidate-measurement,0FF9F9,valid,1047033,-1,True,
3,1,000024,1790194458.7509613,33188.6345494,44.000153399996634,candidate-measurement,0FF9F7,valid,1047031,-2,True,
3,1,000024,1790194458.9583662,33188.8419573,44.207561299997906,candidate-measurement,0FF9F6,valid,1047030,-1,True,
3,1,000024,1790194459.1503725,33189.0339614,44.39956539999548,candidate-measurement,0FF9F5,valid,1047029,-1,True,
3,1,000024,1790194459.3423588,33189.2259463,44.59155029999965,candidate-measurement,0FF9F3,valid,1047027,-2,True,
3,1,000024,1790194459.5499306,33189.4335201,44.79912409999815,candidate-measurement,0FF9F2,valid,1047026,-1,True,
3,1,000024,1790194459.7419188,33189.6255093,44.99111329999869,candidate-measurement,0FF9F2,valid,1047026,0,True,
3,1,000024,1790194459.933339,33189.8169299,45.182533899998816,candidate-measurement,0FF9EF,valid,1047023,-3,True,
3,1,000024,1790194460.1413314,33190.0249206,45.39052459999948,candidate-measurement,0FF9EC,valid,1047020,-3,True,
3,1,000024,1790194460.3333278,33190.2169161,45.582520099997055,candidate-measurement,0FF9EB,valid,1047019,-1,True,
3,1,000024,1790194460.5249002,33190.4084902,45.774094200001855,candidate-measurement,0FF9E8,valid,1047016,-3,True,
3,1,000024,1790194460.7168906,33190.6004818,45.96608579999884,candidate-measurement,0FF9E7,valid,1047015,-1,True,
3,1,000024,1790194460.924884,33190.8084734,46.17407739999908,candidate-measurement,0FF9E4,valid,1047012,-3,True,
3,1,000024,1790194461.1162996,33190.9998899,46.36549389999709,candidate-measurement,0FF9E2,valid,1047010,-2,True,
3,1,000024,1790194461.308299,33191.1918875,46.557491499996104,candidate-measurement,0FF9E0,valid,1047008,-2,True,
3,1,000024,1790194461.516288,33191.3998782,46.76548219999677,candidate-measurement,0FF9E0,valid,1047008,0,True,
3,1,000024,1790194461.707864,33191.5914517,46.957055699997,candidate-measurement,0FF9E0,valid,1047008,0,True,
3,1,000024,1790194461.8998532,33191.783444,47.14904799999931,candidate-measurement,0FF9DE,valid,1047006,-2,True,
3,1,000024,1790194462.1078503,33191.9914398,47.357043799995154,candidate-measurement,0FF9DE,valid,1047006,0,True,
3,1,000024,1790194462.2998784,33192.1834647,47.549068699998315,candidate-measurement,0FF9DE,valid,1047006,0,True,
3,1,000024,1790194462.4912667,33192.3748547,47.74045869999827,candidate-measurement,0FF9DD,valid,1047005,-1,True,
3,1,000024,1790194462.683245,33192.5668355,47.93243950000033,candidate-measurement,0FF9DB,valid,1047003,-2,True,
3,1,000024,1790194462.8912437,33192.7748317,48.140435699999216,candidate-measurement,0FF9DA,valid,1047002,-1,True,
3,1,000024,1790194463.0828102,33192.9664001,48.33200409999699,candidate-measurement,0FF9DA,valid,1047002,0,True,
3,1,000024,1790194463.2748146,33193.158403,48.52400699999998,candidate-measurement,0FF9D9,valid,1047001,-1,True,
3,1,000024,1790194463.4828033,33193.366392,48.731996000002255,candidate-measurement,0FF9D9,valid,1047001,0,True,
3,1,000024,1790194463.6742177,33193.5578087,48.92341270000179,candidate-measurement,0FF9D9,valid,1047001,0,True,
3,1,000024,1790194463.8662083,33193.7497993,49.115403299998434,candidate-measurement,0FF9D9,valid,1047001,0,True,
3,1,000024,1790194464.0737789,33193.9573703,49.32297429999744,candidate-measurement,0FF9D9,valid,1047001,0,True,
3,1,000024,1790194464.2657764,33194.149365,49.5149689999962,candidate-measurement,0FF9D7,valid,1046999,-2,True,
3,1,000024,1790194464.457766,33194.3413574,49.70696139999927,candidate-measurement,0FF9D4,valid,1046996,-3,True,
3,1,000024,1790194464.6497617,33194.5333526,49.89895660000184,candidate-measurement,0FF9CD,valid,1046989,-7,True,
3,1,000024,1790194464.85718,33194.7407707,50.10637470000074,candidate-measurement,0FF9CA,valid,1046986,-3,True,
3,1,000024,1790194465.0491757,33194.9327652,50.29836919999798,candidate-measurement,0FF9C8,valid,1046984,-2,True,
3,1,000024,1790194465.2407525,33195.1243407,50.48994469999889,candidate-measurement,0FF9C7,valid,1046983,-1,True,
3,1,000024,1790194465.448736,33195.3323275,50.69793149999896,candidate-measurement,0FF9C7,valid,1046983,0,True,
3,1,000024,1790194465.6407354,33195.5243253,50.889929299999494,candidate-measurement,0FF9C7,valid,1046983,0,True,
3,1,000024,1790194465.83215,33195.7157381,51.08134209999844,candidate-measurement,0FF9C7,valid,1046983,0,True,
3,1,000024,1790194466.0241425,33195.9077317,51.273335699996096,candidate-measurement,0FF9C7,valid,1046983,0,True,
3,1,000024,1790194466.231735,33196.1153231,51.48092709999764,candidate-measurement,0FF9C5,valid,1046981,-2,True,
3,1,000024,1790194466.423712,33196.3073006,51.6729045999964,candidate-measurement,0FF9C2,valid,1046978,-3,True,
3,1,000024,1790194466.6157212,33196.4993092,51.86491319999914,candidate-measurement,0FF9B5,valid,1046965,-13,True,
3,1,000024,1790194466.8231177,33196.7067063,52.07231029999821,candidate-measurement,0FF9B1,valid,1046961,-4,True,
3,1,000024,1790194467.0151076,33196.8986986,52.26430260000052,candidate-measurement,0FF9AE,valid,1046958,-3,True,
3,1,000024,1790194467.2071068,33197.0906962,52.45630019999953,candidate-measurement,0FF9AB,valid,1046955,-3,True,
3,1,000024,1790194467.4146788,33197.298268,52.663871999997355,candidate-measurement,0FF9A8,valid,1046952,-3,True,
3,1,000024,1790194467.606672,33197.4902613,52.855865300000005,candidate-measurement,0FF9A4,valid,1046948,-4,True,
3,1,000024,1790194467.7986615,33197.6822526,53.04785660000198,candidate-measurement,0FF9A2,valid,1046946,-2,True,
3,1,000024,1790194467.9900756,33197.8736663,53.2392703000005,candidate-measurement,0FF99F,valid,1046943,-3,True,
3,1,000024,1790194468.198081,33198.0816698,53.447273799996765,candidate-measurement,0FF99F,valid,1046943,0,True,
3,1,000024,1790194468.3896437,33198.2732335,53.638837499995134,candidate-measurement,0FF99F,valid,1046943,0,True,
3,1,000024,1790194468.5816398,33198.4652284,53.830832399995415,candidate-measurement,0FF99E,valid,1046942,-1,True,
3,1,000024,1790194468.7896302,33198.6732208,54.03882480000175,candidate-measurement,0FF99C,valid,1046940,-2,True,
3,1,000024,1790194468.9810503,33198.8646385,54.23024250000162,candidate-measurement,0FF99A,valid,1046938,-2,True,
3,1,000024,1790194469.1730373,33199.0566265,54.422230500000296,candidate-measurement,0FF998,valid,1046936,-2,True,
3,1,000024,1790194469.3806183,33199.2642067,54.6298106999966,candidate-measurement,0FF998,valid,1046936,0,True,
3,1,000024,1790194469.5725996,33199.4561901,54.82179409999662,candidate-measurement,0FF996,valid,1046934,-2,True,
3,1,000024,1790194469.7646005,33199.6481908,55.01379479999741,candidate-measurement,0FF992,valid,1046930,-4,True,
3,1,000024,1790194469.9565895,33199.840181,55.205784999998286,candidate-measurement,0FF990,valid,1046928,-2,True,
3,1,000024,1790194470.1640282,33200.0476166,55.41322059999948,candidate-measurement,0FF98D,valid,1046925,-3,True,
3,1,000024,1790194470.3555796,33200.2391686,55.60477259999607,candidate-measurement,0FF98C,valid,1046924,-1,True,
3,1,000024,1790194470.5475743,33200.4311646,55.79676859999745,candidate-measurement,0FF98A,valid,1046922,-2,True,
3,1,000024,1790194470.7555661,33200.6391572,56.00476119999803,candidate-measurement,0FF988,valid,1046920,-2,True,
3,1,000024,1790194470.9469802,33200.8305702,56.196174199998495,candidate-measurement,0FF986,valid,1046918,-2,True,
3,1,000024,1790194471.138998,33201.022586,56.38818999999785,candidate-measurement,0FF986,valid,1046918,0,True,
3,1,000024,1790194471.3465512,33201.2301392,56.59574319999956,candidate-measurement,0FF986,valid,1046918,0,True,
3,1,000024,1790194471.5385377,33201.4221291,56.78773309999815,candidate-measurement,0FF984,valid,1046916,-2,True,
3,1,000024,1790194471.7305365,33201.6141272,56.97973120000097,candidate-measurement,0FF984,valid,1046916,0,True,
3,1,000024,1790194471.9219475,33201.8055356,57.17113959999551,candidate-measurement,0FF984,valid,1046916,0,True,
3,1,000024,1790194472.1295214,33202.0131119,57.3787158999985,candidate-measurement,0FF982,valid,1046914,-2,True,
3,1,000024,1790194472.3215156,33202.205104,57.570707999999286,candidate-measurement,0FF980,valid,1046912,-2,True,
3,1,000024,1790194472.5135121,33202.3971025,57.762706499997876,candidate-measurement,0FF980,valid,1046912,0,True,
3,1,000024,1790194472.7209432,33202.6045317,57.970135700001265,candidate-measurement,0FF97F,valid,1046911,-1,True,
3,1,000024,1790194472.9129333,33202.7965248,58.162128799995116,candidate-measurement,0FF97F,valid,1046911,0,True,
3,1,000024,1790194473.104906,33202.9884973,58.354101299999456,candidate-measurement,0FF97F,valid,1046911,0,True,
3,1,000024,1790194473.3125203,33203.1961091,58.56171309999627,candidate-measurement,0FF97F,valid,1046911,0,True,
3,1,000024,1790194473.5044847,33203.3880735,58.75367749999714,candidate-measurement,0FF97D,valid,1046909,-2,True,
3,1,000024,1790194473.6964722,33203.5800627,58.94566669999767,candidate-measurement,0FF974,valid,1046900,-9,True,
3,1,000024,1790194473.8884618,33203.772053,59.13765699999931,candidate-measurement,0FF971,valid,1046897,-3,True,
3,1,000024,1790194474.0958812,33203.9794719,59.34507589999703,candidate-measurement,0FF96E,valid,1046894,-3,True,
3,1,000024,1790194474.2878716,33204.1714602,59.537064199997985,candidate-measurement,0FF96D,valid,1046893,-1,True,
3,1,000024,1790194474.4794526,33204.3630413,59.72864529999788,candidate-measurement,0FF96D,valid,1046893,0,True,
3,1,000024,1790194474.6874413,33204.5710293,59.93663329999981,candidate-measurement,0FF96D,valid,1046893,0,True,
3,1,000024,1790194474.8794367,33204.7630274,60.128631399995356,candidate-measurement,0FF96B,valid,1046891,-2,True,
3,1,000024,1790194475.0714333,33204.9550212,60.320625200001814,candidate-measurement,0FF96B,valid,1046891,0,True,
3,1,000024,1790194475.2794278,33205.1630165,60.528620500001125,candidate-measurement,0FF960,valid,1046880,-11,True,
3,1,000024,1790194475.4708352,33205.3544244,60.72002839999914,candidate-measurement,0FF959,valid,1046873,-7,True,
3,1,000024,1790194475.6628287,33205.5464193,60.91202329999942,candidate-measurement,0FF955,valid,1046869,-4,True,
3,1,000024,1790194475.854815,33205.7384054,61.104009399998176,candidate-measurement,0FF953,valid,1046867,-2,True,
3,1,000024,1790194476.0623968,33205.9459854,61.31158940000023,candidate-measurement,0FF950,valid,1046864,-3,True,
3,1,000024,1790194476.2543938,33206.137982,61.503585999998904,candidate-measurement,0FF94D,valid,1046861,-3,True,
3,1,000024,1790194476.4463775,33206.3299671,61.69557109999732,candidate-measurement,0FF94A,valid,1046858,-3,True,
3,1,000024,1790194476.6543753,33206.5379648,61.90356880000036,candidate-measurement,0FF948,valid,1046856,-2,True,
3,1,000024,1790194476.8457954,33206.7293839,62.09498789999634,candidate-measurement,0FF947,valid,1046855,-1,True,
3,1,000024,1790194477.037785,33206.9213752,62.286979199998314,candidate-measurement,0FF946,valid,1046854,-1,True,
3,1,000024,1790194477.245359,33207.1289469,62.494550899995374,candidate-measurement,0FF946,valid,1046854,0,True,
3,1,000024,1790194477.4373558,33207.3209437,62.68654769999557,candidate-measurement,0FF944,valid,1046852,-2,True,
3,1,000024,1790194477.6293452,33207.5129355,62.87853950000135,candidate-measurement,0FF944,valid,1046852,0,True,
3,1,000024,1790194477.8207624,33207.7043515,63.06995549999556,candidate-measurement,0FF942,valid,1046850,-2,True,
3,1,000024,1790194478.0287745,33207.9123607,63.27796469999885,candidate-measurement,0FF941,valid,1046849,-1,True,
3,1,000024,1790194478.220337,33208.1039246,63.46952859999874,candidate-measurement,0FF93F,valid,1046847,-2,True,
3,1,000024,1790194478.4123197,33208.2959083,63.66151230000105,candidate-measurement,0FF93E,valid,1046846,-1,True,
3,1,000024,1790194478.6203141,33208.5039027,63.869506700000784,candidate-measurement,0FF93E,valid,1046846,0,True,
3,1,000024,1790194478.8123045,33208.695895,64.06149899999582,candidate-measurement,0FF93C,valid,1046844,-2,True,
3,1,000024,1790194479.0037255,33208.8873154,64.2529194000017,candidate-measurement,0FF939,valid,1046841,-3,True,
3,1,000024,1790194479.2117088,33209.0952979,64.46090189999813,candidate-measurement,0FF938,valid,1046840,-1,True,
3,1,000024,1790194479.4037116,33209.2873002,64.65290419999656,candidate-measurement,0FF936,valid,1046838,-2,True,
3,1,000024,1790194479.5952768,33209.4788669,64.84447089999594,candidate-measurement,0FF935,valid,1046837,-1,True,
3,1,000024,1790194479.7872763,33209.6708674,65.03647139999521,candidate-measurement,0FF933,valid,1046835,-2,True,
3,1,000024,1790194479.9952722,33209.8788613,65.24446529999841,candidate-measurement,0FF932,valid,1046834,-1,True,
3,1,000024,1790194480.1866827,33210.0702713,65.43587529999786,candidate-measurement,0FF930,valid,1046832,-2,True,
3,1,000024,1790194480.3786726,33210.2622612,65.62786519999645,candidate-measurement,0FF92E,valid,1046830,-2,True,
3,1,000024,1790194480.5866716,33210.4702607,65.83586469999864,candidate-measurement,0FF92C,valid,1046828,-2,True,
3,1,000024,1790194480.7782426,33210.6618332,66.02743719999853,candidate-measurement,0FF92C,valid,1046828,0,True,
3,1,000024,1790194480.970242,33210.8538324,66.21943639999517,candidate-measurement,0FF92C,valid,1046828,0,True,
3,1,000024,1790194481.1622396,33211.0458281,66.41143210000155,candidate-measurement,0FF92B,valid,1046827,-1,True,
3,1,000024,1790194481.3696494,33211.2532379,66.61884189999546,candidate-measurement,0FF92B,valid,1046827,0,True,
3,1,000024,1790194481.5616393,33211.4452293,66.8108332999982,candidate-measurement,0FF92A,valid,1046826,-1,True,
3,1,000024,1790194481.7532125,33211.6368028,67.00240679999843,candidate-measurement,0FF928,valid,1046824,-2,True,
3,1,000024,1790194481.9612038,33211.8447921,67.2103960999957,candidate-measurement,0FF926,valid,1046822,-2,True,
3,1,000024,1790194482.1532044,33212.036794,67.40239799999836,candidate-measurement,0FF926,valid,1046822,0,True,
3,1,000024,1790194482.3446121,33212.228201,67.59380499999679,candidate-measurement,0FF926,valid,1046822,0,True,
3,1,000024,1790194482.552606,33212.4361961,67.80180010000186,candidate-measurement,0FF925,valid,1046821,-1,True,
3,1,000024,1790194482.744189,33212.6277774,67.993381399996,candidate-measurement,0FF925,valid,1046821,0,True,
3,1,000024,1790194482.9361715,33212.8197626,68.18536659999518,candidate-measurement,0FF925,valid,1046821,0,True,
3,1,000024,1790194483.1281672,33213.0117568,68.3773607999974,candidate-measurement,0FF925,valid,1046821,0,True,
3,1,000024,1790194483.3355892,33213.2191773,68.58478130000003,candidate-measurement,0FF925,valid,1046821,0,True,
3,1,000024,1790194483.5275893,33213.4111791,68.77678310000192,candidate-measurement,0FF924,valid,1046820,-1,True,
3,1,000024,1790194483.7191532,33213.6027426,68.96834659999877,candidate-measurement,0FF923,valid,1046819,-1,True,
3,1,000024,1790194483.9271584,33213.810749,69.17635299999529,candidate-measurement,0FF91B,valid,1046811,-8,True,
3,1,000024,1790194484.1191366,33214.0027264,69.36833040000056,candidate-measurement,0FF918,valid,1046808,-3,True,
3,1,000024,1790194484.3105543,33214.1941433,69.55974730000162,candidate-measurement,0FF916,valid,1046806,-2,True,
3,1,000024,1790194484.518548,33214.4021365,69.76774049999949,candidate-measurement,0FF914,valid,1046804,-2,True,
3,1,000024,1790194484.710538,33214.5941291,69.95973309999681,candidate-measurement,0FF913,valid,1046803,-1,True,
3,1,000024,1790194484.9021037,33214.7856949,70.15129889999662,candidate-measurement,0FF913,valid,1046803,0,True,
3,1,000024,1790194485.0941036,33214.9776944,70.34329839999555,candidate-measurement,0FF913,valid,1046803,0,True,
3,1,000024,1790194485.3021042,33215.1856926,70.55129659999511,candidate-measurement,0FF913,valid,1046803,0,True,
3,1,000024,1790194485.4935257,33215.3771157,70.74271969999972,candidate-measurement,0FF913,valid,1046803,0,True,
3,1,000024,1790194485.6855085,33215.5690989,70.93470289999823,candidate-measurement,0FF912,valid,1046802,-1,True,
3,1,000024,1790194485.8930845,33215.7766741,71.14227810000011,candidate-measurement,0FF90F,valid,1046799,-3,True,
3,1,000024,1790194486.0850778,33215.968668,71.33427200000006,candidate-measurement,0FF900,valid,1046784,-15,True,
3,1,000024,1790194486.2770665,33216.1606545,71.52625850000186,candidate-measurement,0FF8FB,valid,1046779,-5,True,
3,1,000024,1790194486.4844983,33216.3680882,71.73369219999586,candidate-measurement,0FF8F8,valid,1046776,-3,True,
3,1,000024,1790194486.6764727,33216.5600614,71.92566539999825,candidate-measurement,0FF8F4,valid,1046772,-4,True,
3,1,000024,1790194486.8680587,33216.7516498,72.11725379999552,candidate-measurement,0FF8EF,valid,1046767,-5,True,
3,1,000024,1790194487.0760434,33216.9596315,72.32523550000042,candidate-measurement,0FF8EC,valid,1046764,-3,True,
3,1,000024,1790194487.2674565,33217.1510441,72.51664809999784,candidate-measurement,0FF8EB,valid,1046763,-1,True,
3,1,000024,1790194487.4594567,33217.3430463,72.7086502999955,candidate-measurement,0FF8EA,valid,1046762,-1,True,
3,1,000024,1790194487.6514435,33217.5350321,72.90063609999925,candidate-measurement,0FF8E8,valid,1046760,-2,True,
3,1,000024,1790194487.8590138,33217.7426024,73.1082064000002,candidate-measurement,0FF8E7,valid,1046759,-1,True,
3,1,000024,1790194488.051012,33217.9346004,73.30020440000226,candidate-measurement,0FF8E4,valid,1046756,-3,True,
3,1,000024,1790194488.243007,33218.1265953,73.49219929999526,candidate-measurement,0FF8E4,valid,1046756,0,True,
3,1,000024,1790194488.4504647,33218.3340516,73.69965560000128,candidate-measurement,0FF8E1,valid,1046753,-3,True,
3,1,000024,1790194488.6424146,33218.5260034,73.8916074000008,candidate-measurement,0FF8DE,valid,1046750,-3,True,
3,1,000024,1790194488.8339944,33218.717585,74.08318899999722,candidate-measurement,0FF8DA,valid,1046746,-4,True,
3,1,000024,1790194489.0419772,33218.925567,74.29117099999712,candidate-measurement,0FF8D9,valid,1046745,-1,True,
3,1,000024,1790194489.2339756,33219.1175641,74.4831680999996,candidate-measurement,0FF8D7,valid,1046743,-2,True,
3,1,000024,1790194489.425382,33219.3089726,74.67457660000218,candidate-measurement,0FF8D5,valid,1046741,-2,True,
3,1,000024,1790194489.617381,33219.5009698,74.86657379999815,candidate-measurement,0FF8D3,valid,1046739,-2,True,
3,1,000024,1790194489.8249545,33219.7085453,75.07414930000232,candidate-measurement,0FF8D2,valid,1046738,-1,True,
3,1,000024,1790194490.0169475,33219.9005379,75.26614189999964,candidate-measurement,0FF8D2,valid,1046738,0,True,
3,1,000024,1790194490.2089472,33220.0925354,75.45813939999789,candidate-measurement,0FF8D2,valid,1046738,0,True,
3,1,000024,1790194490.416931,33220.3005196,75.66612359999999,candidate-measurement,0FF8D0,valid,1046736,-2,True,
3,1,000024,1790194490.6083462,33220.4919351,75.85753909999767,candidate-measurement,0FF8D0,valid,1046736,0,True,
3,1,000024,1790194490.800357,33220.6839477,76.04955170000176,candidate-measurement,0FF8D0,valid,1046736,0,True,
3,1,000024,1790194491.0079098,33220.8914988,76.25710280000203,candidate-measurement,0FF8D0,valid,1046736,0,True,
3,1,000024,1790194491.199916,33221.0835036,76.44910759999766,candidate-measurement,0FF8CE,valid,1046734,-2,True,
3,1,000024,1790194491.391921,33221.2755111,76.6411150999993,candidate-measurement,0FF8CC,valid,1046732,-2,True,
3,1,000024,1790194491.583319,33221.4669089,76.83251290000044,candidate-measurement,0FF8CC,valid,1046732,0,True,
3,1,000024,1790194491.7908905,33221.6744788,77.04008279999834,candidate-measurement,0FF8CC,valid,1046732,0,True,
3,1,000024,1790194491.9828975,33221.8664852,77.23208919999888,candidate-measurement,0FF8CB,valid,1046731,-1,True,
3,1,000024,1790194492.1748853,33222.0584739,77.42407789999561,candidate-measurement,0FF8CB,valid,1046731,0,True,
3,1,000024,1790194492.3828704,33222.2664596,77.63206360000186,candidate-measurement,0FF8CB,valid,1046731,0,True,
3,1,000024,1790194492.5742986,33222.4578868,77.82349080000131,candidate-measurement,0FF8CB,valid,1046731,0,True,
3,1,000024,1790194492.766279,33222.6498695,78.015473499996,candidate-measurement,0FF8CB,valid,1046731,0,True,
3,1,000024,1790194492.9738896,33222.8574773,78.22308129999874,candidate-measurement,0FF8CA,valid,1046730,-1,True,
3,1,000024,1790194493.1658518,33223.0494408,78.41504480000003,candidate-measurement,0FF8C9,valid,1046729,-1,True,
3,1,000024,1790194493.3578346,33223.2414233,78.60702730000048,candidate-measurement,0FF8C0,valid,1046720,-9,True,
3,1,000024,1790194493.5498319,33223.4334222,78.79902620000212,candidate-measurement,0FF8BC,valid,1046716,-4,True,
3,1,000024,1790194493.757248,33223.6408365,79.00644050000119,candidate-measurement,0FF8BA,valid,1046714,-2,True,
3,1,000024,1790194493.9492388,33223.8328302,79.19843419999961,candidate-measurement,0FF8B9,valid,1046713,-1,True,
3,1,000024,1790194494.1412275,33224.0248181,79.39042209999752,candidate-measurement,0FF8B9,valid,1046713,0,True,
3,1,000024,1790194494.3492231,33224.2328117,79.59841569999844,candidate-measurement,0FF8B9,valid,1046713,0,True,
3,1,000024,1790194494.5408027,33224.4243914,79.78999540000223,candidate-measurement,0FF8B7,valid,1046711,-2,True,
3,1,000024,1790194494.7327912,33224.6163814,79.98198540000158,candidate-measurement,0FF8B5,valid,1046709,-2,True,
3,1,000024,1790194494.9247837,33224.8083737,80.17397769999661,candidate-measurement,0FF8A9,valid,1046697,-12,True,
3,1,000024,1790194495.1322002,33225.0157903,80.38139429999865,candidate-measurement,0FF8A4,valid,1046692,-5,True,
3,1,000024,1790194495.324193,33225.2077818,80.57338580000214,candidate-measurement,0FF8A1,valid,1046689,-3,True,
3,1,000024,1790194495.5161936,33225.3997827,80.76538669999718,candidate-measurement,0FF8A0,valid,1046688,-1,True,
3,1,000024,1790194495.7237592,33225.6073494,80.97295339999982,candidate-measurement,0FF89D,valid,1046685,-3,True,
3,1,000024,1790194495.915753,33225.7993442,81.16494819999934,candidate-measurement,0FF89B,valid,1046683,-2,True,
3,1,000024,1790194496.1077466,33225.991336,81.35693999999785,candidate-measurement,0FF897,valid,1046679,-4,True,
3,1,000024,1790194496.3151908,33226.198777,81.5643809999965,candidate-measurement,0FF895,valid,1046677,-2,True,
3,1,000024,1790194496.5231526,33226.4067433,81.77234730000055,candidate-measurement,0FF894,valid,1046676,-1,True,
3,1,000024,1790194496.715159,33226.5987474,81.96435139999812,candidate-measurement,0FF893,valid,1046675,-1,True,
3,1,000024,1790194496.9067173,33226.790308,82.15591200000199,candidate-measurement,0FF892,valid,1046674,-1,True,
3,1,000024,1790194497.0987253,33226.9823135,82.34791749999567,candidate-measurement,0FF892,valid,1046674,0,True,
3,1,000024,1790194497.2907224,33227.1743102,82.53991419999511,candidate-measurement,0FF891,valid,1046673,-1,True,
3,1,000024,1790194497.4821272,33227.365718,82.73132199999964,candidate-measurement,0FF891,valid,1046673,0,True,
3,1,000024,1790194497.690122,33227.5737125,82.93931650000013,candidate-measurement,0FF88F,valid,1046671,-2,True,
3,1,000024,1790194497.8821108,33227.7657001,83.13130409999576,candidate-measurement,0FF88E,valid,1046670,-1,True,
3,1,000024,1790194498.0736835,33227.9572738,83.32287779999751,candidate-measurement,0FF88D,valid,1046669,-1,True,
3,1,000024,1790194498.2816796,33228.1652678,83.53087180000148,candidate-measurement,0FF88B,valid,1046667,-2,True,
3,1,000024,1790194498.4736931,33228.3572842,83.72288819999812,candidate-measurement,0FF88A,valid,1046666,-1,True,
3,1,000024,1790194498.665671,33228.54926,83.91486399999849,candidate-measurement,0FF88A,valid,1046666,0,True,
3,1,000024,1790194498.8570828,33228.7406714,84.10627540000132,candidate-measurement,0FF888,valid,1046664,-2,True,
3,1,000024,1790194499.065074,33228.9486648,84.31426880000072,candidate-measurement,0FF888,valid,1046664,0,True,
3,1,000024,1790194499.2570713,33229.14066,84.50626399999601,candidate-measurement,0FF885,valid,1046661,-3,True,
3,1,000024,1790194499.448659,33229.3322491,84.69785309999861,candidate-measurement,0FF883,valid,1046659,-2,True,
3,1,000024,1790194499.6566443,33229.5402324,84.90583640000114,candidate-measurement,0FF87F,valid,1046655,-4,True,
3,1,000024,1790194499.848633,33229.7322227,85.0978266999955,candidate-measurement,0FF87E,valid,1046654,-1,True,
3,1,000024,1790194500.040629,33229.9242173,85.28982130000077,candidate-measurement,0FF87C,valid,1046652,-2,True,
3,1,000024,1790194500.232625,33230.1162132,85.48181720000139,candidate-measurement,0FF87A,valid,1046650,-2,True,
3,1,000024,1790194500.440036,33230.3236244,85.68922839999868,candidate-measurement,0FF878,valid,1046648,-2,True,
3,1,000024,1790194500.6320245,33230.5156153,85.88121929999761,candidate-measurement,0FF878,valid,1046648,0,True,
3,1,000024,1790194500.823602,33230.7071899,86.07279389999894,candidate-measurement,0FF878,valid,1046648,0,True,
3,1,000024,1790194501.0315938,33230.9151822,86.28078619999724,candidate-measurement,0FF876,valid,1046646,-2,True,
3,1,000024,1790194501.2235904,33231.1071786,86.47278260000166,candidate-measurement,0FF876,valid,1046646,0,True,
3,1,000024,1790194501.4150069,33231.2985957,86.66419969999697,candidate-measurement,0FF876,valid,1046646,0,True,
3,1,000024,1790194501.6229906,33231.5065788,86.87218279999797,candidate-measurement,0FF876,valid,1046646,0,True,
3,1,000024,1790194501.814986,33231.6985757,87.06417969999893,candidate-measurement,0FF874,valid,1046644,-2,True,
3,1,000024,1790194502.0065615,33231.890152,87.25575599999866,candidate-measurement,0FF872,valid,1046642,-2,True,
3,1,000024,1790194502.1985579,33232.0821457,87.44774969999708,candidate-measurement,0FF872,valid,1046642,0,True,
3,1,000024,1790194502.4065487,33232.2901383,87.65574229999766,candidate-measurement,0FF872,valid,1046642,0,True,
3,1,000024,1790194502.5979543,33232.4815443,87.84714829999575,candidate-measurement,0FF871,valid,1046641,-1,True,
3,1,000024,1790194502.7899573,33232.6735462,88.0391501999984,candidate-measurement,0FF871,valid,1046641,0,True,
3,1,000024,1790194502.9975333,33232.8811221,88.24672609999834,candidate-measurement,0FF871,valid,1046641,0,True,
3,1,000024,1790194503.1895213,33233.0731095,88.43871349999972,candidate-measurement,0FF871,valid,1046641,0,True,
3,1,000024,1790194503.3815181,33233.2651072,88.6307111999995,candidate-measurement,0FF871,valid,1046641,0,True,
3,1,000024,1790194503.5889473,33233.4725355,88.83813949999603,candidate-measurement,0FF86F,valid,1046639,-2,True,
3,1,000024,1790194503.7809267,33233.6645159,89.03011990000232,candidate-measurement,0FF86C,valid,1046636,-3,True,
3,1,000024,1790194503.972499,33233.856089,89.2216929999995,candidate-measurement,0FF864,valid,1046628,-8,True,
3,1,000024,1790194504.1645005,33234.0480903,89.41369429999759,candidate-measurement,0FF860,valid,1046624,-4,True,
3,1,000024,1790194504.3724892,33234.2560778,89.62168179999571,candidate-measurement,0FF85F,valid,1046623,-1,True,
3,1,000024,1790194504.5639086,33234.4474982,89.8131022000016,candidate-measurement,0FF85F,valid,1046623,0,True,
3,1,000024,1790194504.755889,33234.639478,90.00508199999604,candidate-measurement,0FF85F,valid,1046623,0,True,
3,1,000024,1790194504.9635248,33234.8471152,90.21271919999708,candidate-measurement,0FF85E,valid,1046622,-1,True,
3,1,000024,1790194505.155456,33235.0390454,90.40464939999947,candidate-measurement,0FF85A,valid,1046618,-4,True,
3,1,000024,1790194505.347448,33235.2310366,90.59664060000068,candidate-measurement,0FF84C,valid,1046604,-14,True,
3,1,000024,1790194505.555448,33235.439037,90.80464099999517,candidate-measurement,0FF847,valid,1046599,-5,True,
3,1,000024,1790194505.7474453,33235.6310337,90.99663770000188,candidate-measurement,0FF844,valid,1046596,-3,True,
3,1,000024,1790194505.938852,33235.8224426,91.18804660000023,candidate-measurement,0FF83F,valid,1046591,-5,True,
3,1,000024,1790194506.1308434,33236.0144328,91.38003680000111,candidate-measurement,0FF83A,valid,1046586,-5,True,
3,1,000024,1790194506.3384368,33236.2220251,91.58762910000223,candidate-measurement,0FF838,valid,1046584,-2,True,
3,1,000024,1790194506.5304096,33236.4139998,91.7796038000015,candidate-measurement,0FF837,valid,1046583,-1,True,
3,1,000024,1790194506.7224066,33236.6059976,91.97160160000203,candidate-measurement,0FF836,valid,1046582,-1,True,
3,1,000024,1790194506.9304247,33236.8140127,92.17961669999931,candidate-measurement,0FF834,valid,1046580,-2,True,
3,1,000024,1790194507.1223946,33237.0059845,92.37158849999832,candidate-measurement,0FF833,valid,1046579,-1,True,
3,1,000024,1790194507.3138118,33237.1974001,92.56300409999676,candidate-measurement,0FF831,valid,1046577,-2,True,
3,1,000024,1790194507.5218065,33237.4053949,92.77099889999954,candidate-measurement,0FF830,valid,1046576,-1,True,
3,1,000024,1790194507.7293737,33237.6129652,92.97856920000049,candidate-measurement,0FF830,valid,1046576,0,True,
3,1,000024,1790194507.9213796,33237.8049705,93.17057449999993,candidate-measurement,0FF82E,valid,1046574,-2,True,
3,1,000024,1790194508.1133661,33237.996954,93.36255800000072,candidate-measurement,0FF82B,valid,1046571,-3,True,
3,1,000024,1790194508.304783,33238.1883712,93.55397519999678,candidate-measurement,0FF82A,valid,1046570,-1,True,
3,1,000024,1790194508.4967716,33238.3803624,93.745966399998,candidate-measurement,0FF828,valid,1046568,-2,True,
3,1,000024,1790194508.6883495,33238.571938,93.93754199999967,candidate-measurement,0FF826,valid,1046566,-2,True,
3,1,000024,1790194508.8963404,33238.77993,94.14553399999568,candidate-measurement,0FF825,valid,1046565,-1,True,
3,1,000024,1790194509.0883331,33238.9719238,94.33752780000214,candidate-measurement,0FF824,valid,1046564,-1,True,
3,1,000024,1790194509.2797487,33239.163337,94.52894099999685,candidate-measurement,0FF822,valid,1046562,-2,True,
3,1,000024,1790194509.4873397,33239.3709311,94.73653509999713,candidate-measurement,0FF820,valid,1046560,-2,True,
3,1,000024,1790194509.6953278,33239.5789162,94.9445201999988,candidate-measurement,0FF81E,valid,1046558,-2,True,
3,1,000024,1790194509.887327,33239.770915,95.13651899999968,candidate-measurement,0FF81E,valid,1046558,0,True,
3,1,000024,1790194510.0793014,33239.9628924,95.32849639999768,candidate-measurement,0FF81D,valid,1046557,-1,True,
3,1,000024,1790194510.270709,33240.1542972,95.51990120000119,candidate-measurement,0FF81C,valid,1046556,-1,True,
3,1,000024,1790194510.4627078,33240.3462983,95.71190229999775,candidate-measurement,0FF81C,valid,1046556,0,True,
3,1,000024,1790194510.6542752,33240.5378634,95.9034673999995,candidate-measurement,0FF81C,valid,1046556,0,True,
3,1,000024,1790194510.8622885,33240.7458798,96.1114837999994,candidate-measurement,0FF81A,valid,1046554,-2,True,
3,1,000024,1790194511.054261,33240.9378514,96.30345539999689,candidate-measurement,0FF818,valid,1046552,-2,True,
3,1,000024,1790194511.2462566,33241.129845,96.49544900000183,candidate-measurement,0FF818,valid,1046552,0,True,
3,1,000024,1790194511.4536762,33241.3372649,96.70286889999988,candidate-measurement,0FF818,valid,1046552,0,True,
3,1,000024,1790194511.645675,33241.5292635,96.89486749999924,candidate-measurement,0FF817,valid,1046551,-1,True,
3,1,000024,1790194511.837256,33241.7208447,97.08644869999989,candidate-measurement,0FF817,valid,1046551,0,True,
3,1,000024,1790194512.0292573,33241.9128468,97.27845079999679,candidate-measurement,0FF817,valid,1046551,0,True,
3,1,000024,1790194512.2372491,33242.1208375,97.48644149999745,candidate-measurement,0FF817,valid,1046551,0,True,
3,1,000024,1790194512.428644,33242.3122331,97.6778370999964,candidate-measurement,0FF817,valid,1046551,0,True,
3,1,000024,1790194512.6206348,33242.5042255,97.86982949999947,candidate-measurement,0FF815,valid,1046549,-2,True,
3,1,000024,1790194512.8282087,33242.7117999,98.07740389999526,candidate-measurement,0FF80D,valid,1046541,-8,True,
3,1,000024,1790194513.0201983,33242.9037887,98.26939270000003,candidate-measurement,0FF80A,valid,1046538,-3,True,
3,1,000024,1790194513.2122073,33243.0957952,98.46139920000132,candidate-measurement,0FF807,valid,1046535,-3,True,
3,1,000024,1790194513.4041874,33243.2877772,98.65338119999797,candidate-measurement,0FF806,valid,1046534,-1,True,
3,1,000024,1790194513.6116078,33243.4951984,98.86080239999865,candidate-measurement,0FF805,valid,1046533,-1,True,
3,1,000024,1790194513.80361,33243.6871988,99.05280279999715,candidate-measurement,0FF805,valid,1046533,0,True,
3,1,000024,1790194513.995179,33243.8787677,99.24437169999874,candidate-measurement,0FF805,valid,1046533,0,True,
3,1,000024,1790194514.2031655,33244.0867535,99.45235749999847,candidate-measurement,0FF805,valid,1046533,0,True,
3,1,000024,1790194514.3951774,33244.2787667,99.64437069999985,candidate-measurement,0FF805,valid,1046533,0,True,
3,1,000024,1790194514.5865755,33244.4701642,99.83576819999871,candidate-measurement,0FF804,valid,1046532,-1,True,
3,1,000024,1790194514.7945724,33244.6781608,100.04376480000064,candidate-measurement,0FF7F6,valid,1046518,-14,True,
3,1,000024,1790194514.9861386,33244.869729,100.2353329999969,candidate-measurement,0FF7F0,valid,1046512,-6,True,
3,1,000024,1790194515.181158,33245.0647441,100.43034809999517,candidate-measurement,0FF7EC,valid,1046508,-4,True,
3,1,000024,1790194515.3861299,33245.2697178,100.63532180000038,candidate-measurement,0FF7EA,valid,1046506,-2,True,
3,1,000024,1790194515.5935447,33245.4771331,100.8427370999998,candidate-measurement,0FF7E4,valid,1046500,-6,True,
3,1,000024,1790194515.785537,33245.669125,101.03472899999906,candidate-measurement,0FF7E0,valid,1046496,-4,True,
3,1,000024,1790194515.9775262,33245.8611176,101.22672159999638,candidate-measurement,0FF7DE,valid,1046494,-2,True,
3,1,000024,1790194516.169114,33246.0527036,101.4183075999972,candidate-measurement,0FF7DD,valid,1046493,-1,True,
3,1,000024,1790194516.3610969,33246.2446854,101.6102893999996,candidate-measurement,0FF7DC,valid,1046492,-1,True,
3,1,000024,1790194516.5530908,33246.43668,101.8022839999976,candidate-measurement,0FF7DA,valid,1046490,-2,True,
3,1,000024,1790194516.7605004,33246.6440916,102.00969559999794,candidate-measurement,0FF7D9,valid,1046489,-1,True,
3,1,000024,1790194516.9525118,33246.8360996,102.20170359999611,candidate-measurement,0FF7D7,valid,1046487,-2,True,
3,1,000024,1790194517.144083,33247.0276717,102.39327570000023,candidate-measurement,0FF7D6,valid,1046486,-1,True,
3,1,000024,1790194517.3520834,33247.2356718,102.60127579999971,candidate-measurement,0FF7D6,valid,1046486,0,True,
3,1,000024,1790194517.5440702,33247.427661,102.79326500000025,candidate-measurement,0FF7D4,valid,1046484,-2,True,
3,1,000024,1790194517.7354686,33247.6190599,102.98466389999521,candidate-measurement,0FF7D2,valid,1046482,-2,True,
3,1,000024,1790194517.9274628,33247.8110545,103.17665850000049,candidate-measurement,0FF7CF,valid,1046479,-3,True,
3,1,000024,1790194518.1350436,33248.018632,103.38423599999805,candidate-measurement,0FF7CD,valid,1046477,-2,True,
3,1,000024,1790194518.327039,33248.2106273,103.57623130000138,candidate-measurement,0FF7CB,valid,1046475,-2,True,
3,1,000024,1790194518.5190265,33248.4026167,103.76822069999616,candidate-measurement,0FF7CB,valid,1046475,0,True,
3,1,000024,1790194518.7270305,33248.6106219,103.9762258999981,candidate-measurement,0FF7CA,valid,1046474,-1,True,
3,1,000024,1790194518.9184346,33248.8020258,104.16762980000203,candidate-measurement,0FF7C8,valid,1046472,-2,True,
3,1,000024,1790194519.1104329,33248.9940213,104.3596252999996,candidate-measurement,0FF7C6,valid,1046470,-2,True,
3,1,000024,1790194519.318004,33249.2015922,104.56719619999785,candidate-measurement,0FF7C5,valid,1046469,-1,True,
3,1,000024,1790194519.5099957,33249.3935848,104.75918879999517,candidate-measurement,0FF7C4,valid,1046468,-1,True,
3,1,000024,1790194519.7019887,33249.5855799,104.95118389999698,candidate-measurement,0FF7C4,valid,1046468,0,True,
3,1,000024,1790194519.8939753,33249.7775656,105.14316959999996,candidate-measurement,0FF7C4,valid,1046468,0,True,
3,1,000024,1790194520.1013947,33249.9849848,105.35058879999997,candidate-measurement,0FF7C2,valid,1046466,-2,True,
3,1,000024,1790194520.292971,33250.1765592,105.54216319999978,candidate-measurement,0FF7C2,valid,1046466,0,True,
3,1,000024,1790194520.4849846,33250.3685738,105.73417779999727,candidate-measurement,0FF7C2,valid,1046466,0,True,
3,1,000024,1790194520.692956,33250.576545,105.94214900000225,candidate-measurement,0FF7C2,valid,1046466,0,True,
3,1,000024,1790194520.884373,33250.767963,106.13356699999713,candidate-measurement,0FF7BF,valid,1046463,-3,True,
3,1,000024,1790194521.0763621,33250.9599513,106.32555529999809,candidate-measurement,0FF7BE,valid,1046462,-1,True,
3,1,000024,1790194521.2683585,33251.1519467,106.51755070000218,candidate-measurement,0FF7BE,valid,1046462,0,True,
3,1,000024,1790194521.4759398,33251.3595282,106.7251322000011,candidate-measurement,0FF7BD,valid,1046461,-1,True,
3,1,000024,1790194521.667926,33251.5515172,106.91712120000011,candidate-measurement,0FF7BD,valid,1046461,0,True,
3,1,000024,1790194521.8599155,33251.7435071,107.1091110999987,candidate-measurement,0FF7BD,valid,1046461,0,True,
3,1,000024,1790194522.0673325,33251.9509216,107.3165255999993,candidate-measurement,0FF7BD,valid,1046461,0,True,
3,1,000024,1790194522.2594314,33252.1430166,107.50862059999781,candidate-measurement,0FF7BD,valid,1046461,0,True,
3,1,000024,1790194522.4509065,33252.3344949,107.70009890000074,candidate-measurement,0FF7BD,valid,1046461,0,True,
3,1,000024,1790194522.6588933,33252.5424817,107.90808570000081,candidate-measurement,0FF7B8,valid,1046456,-5,True,
3,1,000024,1790194522.8508945,33252.7344819,108.1000858999978,candidate-measurement,0FF7B1,valid,1046449,-7,True,
3,1,000024,1790194523.0423012,33252.92589,108.29149399999733,candidate-measurement,0FF7AE,valid,1046446,-3,True,
3,1,000024,1790194523.2343009,33253.1178892,108.48349320000125,candidate-measurement,0FF7AC,valid,1046444,-2,True,
3,1,000024,1790194523.4422944,33253.3258827,108.6914867000014,candidate-measurement,0FF7AB,valid,1046443,-1,True,
3,1,000024,1790194523.6338778,33253.5174684,108.88307239999995,candidate-measurement,0FF7AB,valid,1046443,0,True,
3,1,000024,1790194523.8258557,33253.7094441,109.07504809999955,candidate-measurement,0FF7AB,valid,1046443,0,True,
3,1,000024,1790194524.0338519,33253.9174411,109.28304509999725,candidate-measurement,0FF7AB,valid,1046443,0,True,
3,1,000024,1790194524.2252693,33254.1088574,109.47446140000102,candidate-measurement,0FF7AA,valid,1046442,-1,True,
3,1,000024,1790194524.4172585,33254.300848,109.66645199999766,candidate-measurement,0FF7A4,valid,1046436,-6,True,
3,1,000024,1790194524.62483,33254.508419,109.87402299999667,candidate-measurement,0FF798,valid,1046424,-12,True,
3,1,000024,1790194524.8168206,33254.7004122,110.06601619999856,candidate-measurement,0FF795,valid,1046421,-3,True,
3,1,000024,1790194525.008822,33254.8924111,110.2580151000002,candidate-measurement,0FF793,valid,1046419,-2,True,
3,1,000024,1790194525.200232,33255.0838203,110.44942430000083,candidate-measurement,0FF792,valid,1046418,-1,True,
3,1,000024,1790194525.4082274,33255.2918161,110.65742009999667,candidate-measurement,0FF790,valid,1046416,-2,True,
3,1,000024,1790194525.5997999,33255.4833902,110.84899420000147,candidate-measurement,0FF78E,valid,1046414,-2,True,
3,1,000024,1790194525.791796,33255.6753847,111.0409886999987,candidate-measurement,0FF78B,valid,1046411,-3,True,
3,1,000024,1790194525.9997842,33255.8833742,111.24897819999751,candidate-measurement,0FF788,valid,1046408,-3,True,
3,1,000024,1790194526.1912007,33256.0747895,111.44039350000094,candidate-measurement,0FF787,valid,1046407,-1,True,
3,1,000024,1790194526.3831887,33256.2667782,111.63238219999766,candidate-measurement,0FF786,valid,1046406,-1,True,
3,1,000024,1790194526.5911872,33256.4747765,111.84038049999799,candidate-measurement,0FF785,valid,1046405,-1,True,
3,1,000024,1790194526.782755,33256.6663456,112.0319496000011,candidate-measurement,0FF784,valid,1046404,-1,True,
3,1,000024,1790194526.9747527,33256.8583439,112.22394789999817,candidate-measurement,0FF784,valid,1046404,0,True,
3,1,000024,1790194527.1667457,33257.0503341,112.41593809999904,candidate-measurement,0FF783,valid,1046403,-1,True,
3,1,000024,1790194527.3747838,33257.2583716,112.62397559999954,candidate-measurement,0FF782,valid,1046402,-1,True,
3,1,000024,1790194527.5667293,33257.4503197,112.81592369999998,candidate-measurement,0FF780,valid,1046400,-2,True,
3,1,000024,1790194527.7587254,33257.6423169,113.00792089999595,candidate-measurement,0FF77F,valid,1046399,-1,True,
3,1,000024,1790194527.9661405,33257.8497291,113.21533310000086,candidate-measurement,0FF77D,valid,1046397,-2,True,
3,1,000024,1790194528.1581416,33258.041732,113.40733599999658,candidate-measurement,0FF77C,valid,1046396,-1,True,
3,1,000024,1790194528.349727,33258.2333148,113.59891880000214,candidate-measurement,0FF77A,valid,1046394,-2,True,
3,1,000024,1790194528.5577047,33258.4412943,113.80689829999756,candidate-measurement,0FF77A,valid,1046394,0,True,
3,1,000024,1790194528.7651093,33258.6487006,114.0143046000012,candidate-measurement,0FF776,valid,1046390,-4,True,
3,1,000024,1790194528.9571116,33258.8407026,114.20630659999733,candidate-measurement,0FF771,valid,1046385,-5,True,
3,1,000024,1790194529.1491048,33259.032694,114.39829800000007,candidate-measurement,0FF76E,valid,1046382,-3,True,
3,1,000024,1790194529.3410952,33259.2246839,114.59028789999866,candidate-measurement,0FF76C,valid,1046380,-2,True,
3,1,000024,1790194529.5326667,33259.4162578,114.78186180000193,candidate-measurement,0FF76A,valid,1046378,-2,True,
3,1,000024,1790194529.7246633,33259.6082547,114.97385869999562,candidate-measurement,0FF76A,valid,1046378,0,True,
3,1,000024,1790194529.9326591,33259.8162485,115.18185249999806,candidate-measurement,0FF768,valid,1046376,-2,True,
3,1,000024,1790194530.12407,33260.007661,115.373265000002,candidate-measurement,0FF768,valid,1046376,0,True,
3,1,000024,1790194530.3160698,33260.1996582,115.56526219999796,candidate-measurement,0FF768,valid,1046376,0,True,
3,1,000024,1790194530.523694,33260.4072828,115.77288679999765,candidate-measurement,0FF768,valid,1046376,0,True,
3,1,000024,1790194530.7156339,33260.5992245,115.9648285000003,candidate-measurement,0FF766,valid,1046374,-2,True,
3,1,000024,1790194530.9076269,33260.7912166,116.15682060000108,candidate-measurement,0FF764,valid,1046372,-2,True,
3,1,000024,1790194531.0990417,33260.9826326,116.34823659999529,candidate-measurement,0FF764,valid,1046372,0,True,
3,1,000024,1790194531.3070557,33261.1906433,116.55624729999545,candidate-measurement,0FF764,valid,1046372,0,True,
3,1,000024,1790194531.4990277,33261.3826177,116.7482216999997,candidate-measurement,0FF763,valid,1046371,-1,True,
3,1,000024,1790194531.6906207,33261.5742094,116.93981340000028,candidate-measurement,0FF763,valid,1046371,0,True,
3,1,000024,1790194531.8985844,33261.7821757,117.14777969999705,candidate-measurement,0FF763,valid,1046371,0,True,
3,1,000024,1790194532.0905893,33261.9741802,117.33978419999767,candidate-measurement,0FF763,valid,1046371,0,True,
3,1,000024,1790194532.282589,33262.1661766,117.5317806000021,candidate-measurement,0FF763,valid,1046371,0,True,
3,1,000024,1790194532.4900239,33262.3736127,117.73921669999982,candidate-measurement,0FF762,valid,1046370,-1,True,
3,1,000024,1790194532.6819897,33262.5655792,117.93118320000212,candidate-measurement,0FF759,valid,1046361,-9,True,
3,1,000024,1790194532.8735557,33262.7571471,118.1227510999961,candidate-measurement,0FF756,valid,1046358,-3,True,
3,1,000024,1790194533.0655587,33262.9491499,118.31475389999832,candidate-measurement,0FF754,valid,1046356,-2,True,
3,1,000024,1790194533.2735505,33263.157139,118.52274300000136,candidate-measurement,0FF752,valid,1046354,-2,True,
3,1,000024,1790194533.4655437,33263.3491331,118.71473709999555,candidate-measurement,0FF751,valid,1046353,-1,True,
3,1,000024,1790194533.6569571,33263.5405477,118.90615170000092,candidate-measurement,0FF751,valid,1046353,0,True,
3,1,000024,1790194533.8649492,33263.7485407,119.11414469999727,candidate-measurement,0FF751,valid,1046353,0,True,
3,1,000024,1790194534.056961,33263.9405525,119.30615649999527,candidate-measurement,0FF751,valid,1046353,0,True,
3,1,000024,1790194534.248523,33264.1321109,119.49771489999694,candidate-measurement,0FF751,valid,1046353,0,True,
3,1,000024,1790194534.4405174,33264.324107,119.68971099999908,candidate-measurement,0FF74E,valid,1046350,-3,True,
3,1,000024,1790194534.6479275,33264.5315181,119.89712209999561,candidate-measurement,0FF741,valid,1046337,-13,True,
3,1,000024,1790194534.8399122,33264.7235035,120.08910749999632,candidate-measurement,0FF73C,valid,1046332,-5,True,
3,1,000024,1790194535.0319147,33264.9155038,120.28110780000134,candidate-measurement,0FF739,valid,1046329,-3,True,
3,1,000024,1790194535.2394886,33265.1230771,120.48868109999603,candidate-measurement,0FF737,valid,1046327,-2,True,
3,1,000024,1790194535.4314837,33265.3150735,120.68067750000046,candidate-measurement,0FF734,valid,1046324,-3,True,
3,1,000024,1790194535.6234865,33265.5070763,120.87268029999541,candidate-measurement,0FF732,valid,1046322,-2,True,
3,1,000024,1790194535.8308854,33265.7144749,121.08007889999863,candidate-measurement,0FF72E,valid,1046318,-4,True,
3,1,000024,1790194536.022878,33265.9064691,121.27207310000085,candidate-measurement,0FF72C,valid,1046316,-2,True,
3,1,000024,1790194536.2144618,33266.0980507,121.46365469999728,candidate-measurement,0FF72C,valid,1046316,0,True,
3,1,000024,1790194536.4064467,33266.2900366,121.65564060000179,candidate-measurement,0FF72A,valid,1046314,-2,True,
3,1,000024,1790194536.6144445,33266.4980352,121.86363919999712,candidate-measurement,0FF72A,valid,1046314,0,True,
3,1,000024,1790194536.8058512,33266.6894411,122.05504510000173,candidate-measurement,0FF728,valid,1046312,-2,True,
3,1,000024,1790194536.9978664,33266.8814575,122.24706149999838,candidate-measurement,0FF728,valid,1046312,0,True,
3,1,000024,1790194537.2054684,33267.0890566,122.45466060000035,candidate-measurement,0FF727,valid,1046311,-1,True,
3,1,000024,1790194537.397422,33267.2810106,122.64661460000207,candidate-measurement,0FF725,valid,1046309,-2,True,
3,1,000024,1790194537.5894115,33267.4730006,122.83860460000142,candidate-measurement,0FF723,valid,1046307,-2,True,
3,1,000024,1790194537.797404,33267.6809951,123.04659910000191,candidate-measurement,0FF722,valid,1046306,-1,True,
3,1,000024,1790194538.0048175,33267.8884085,123.25401250000141,candidate-measurement,0FF720,valid,1046304,-2,True,
3,1,000024,1790194538.1968124,33268.0804006,123.4460046000022,candidate-measurement,0FF71C,valid,1046300,-4,True,
3,1,000024,1790194538.3888237,33268.2724122,123.63801619999867,candidate-measurement,0FF71A,valid,1046298,-2,True,
3,1,000024,1790194538.5803742,33268.4639634,123.82956739999645,candidate-measurement,0FF717,valid,1046295,-3,True,
3,1,000024,1790194538.7723706,33268.6559615,124.02156549999927,candidate-measurement,0FF715,valid,1046293,-2,True,
3,1,000024,1790194538.9643714,33268.8479609,124.21356489999744,candidate-measurement,0FF713,valid,1046291,-2,True,
3,1,000024,1790194539.1717858,33269.0553751,124.42097909999575,candidate-measurement,0FF711,valid,1046289,-2,True,
3,1,000024,1790194539.36378,33269.2473685,124.61297249999916,candidate-measurement,0FF710,valid,1046288,-1,True,
3,1,000024,1790194539.5557609,33269.4393518,124.80495579999842,candidate-measurement,0FF710,valid,1046288,0,True,
3,1,000024,1790194539.76334,33269.646931,125.01253500000166,candidate-measurement,0FF710,valid,1046288,0,True,
3,1,000024,1790194539.9553325,33269.8389226,125.20452659999864,candidate-measurement,0FF710,valid,1046288,0,True,
3,1,000024,1790194540.1473372,33270.0309254,125.39652940000087,candidate-measurement,0FF70F,valid,1046287,-1,True,
3,1,000024,1790194540.3387482,33270.2223365,125.58794050000142,candidate-measurement,0FF70F,valid,1046287,0,True,
3,1,000024,1790194540.546742,33270.4303312,125.79593519999617,candidate-measurement,0FF70E,valid,1046286,-1,True,
3,1,000024,1790194540.738743,33270.6223342,125.98793819999992,candidate-measurement,0FF70C,valid,1046284,-2,True,
3,1,000024,1790194540.9303086,33270.8138961,126.17950009999913,candidate-measurement,0FF70B,valid,1046283,-1,True,
3,1,000024,1790194541.138316,33271.0219058,126.38750979999895,candidate-measurement,0FF70A,valid,1046282,-1,True,
3,1,000024,1790194541.3302994,33271.2138874,126.57949139999982,candidate-measurement,0FF70A,valid,1046282,0,True,
3,1,000024,1790194541.5217047,33271.4052948,126.7708988000013,candidate-measurement,0FF70A,valid,1046282,0,True,
3,1,000024,1790194541.7296908,33271.613281,126.97888499999681,candidate-measurement,0FF709,valid,1046281,-1,True,
3,1,000024,1790194541.9216886,33271.8052795,127.1708834999954,candidate-measurement,0FF709,valid,1046281,0,True,
3,1,000024,1790194542.1132574,33271.9968488,127.36245280000003,candidate-measurement,0FF709,valid,1046281,0,True,
3,1,000024,1790194542.3052666,33272.1888548,127.55445879999752,candidate-measurement,0FF709,valid,1046281,0,True,
3,1,000024,1790194542.5132508,33272.3968394,127.76244339999539,candidate-measurement,0FF709,valid,1046281,0,True,
3,1,000024,1790194542.70525,33272.5888391,127.95444309999584,candidate-measurement,0FF708,valid,1046280,-1,True,
3,1,000024,1790194542.8966696,33272.7802599,128.1458638999975,candidate-measurement,0FF6FE,valid,1046270,-10,True,
3,1,000024,1790194543.1046531,33272.9882436,128.3538475999958,candidate-measurement,0FF6FA,valid,1046266,-4,True,
3,1,000024,1790194543.2962396,33273.1798286,128.54543259999627,candidate-measurement,0FF6F8,valid,1046264,-2,True,
3,1,000024,1790194543.4882252,33273.371814,128.73741799999698,candidate-measurement,0FF6F7,valid,1046263,-1,True,
3,1,000024,1790194543.6962097,33273.5798001,128.945404099999,candidate-measurement,0FF6F7,valid,1046263,0,True,
3,1,000024,1790194543.9036272,33273.7872185,129.15282250000018,candidate-measurement,0FF6F7,valid,1046263,0,True,
3,1,000024,1790194544.0956142,33273.9792055,129.34480949999852,candidate-measurement,0FF6F7,valid,1046263,0,True,
3,1,000024,1790194544.2871988,33274.170787,129.53639100000146,candidate-measurement,0FF6F6,valid,1046262,-1,True,
3,1,000024,1790194544.4791853,33274.3627761,129.72838010000123,candidate-measurement,0FF6EE,valid,1046254,-8,True,
3,1,000024,1790194544.6711843,33274.5547745,129.92037849999906,candidate-measurement,0FF6E3,valid,1046243,-11,True,
3,1,000024,1790194544.862591,33274.7461821,130.11178610000206,candidate-measurement,0FF6DF,valid,1046239,-4,True,
3,1,000024,1790194545.0705888,33274.9541794,130.31978340000205,candidate-measurement,0FF6DD,valid,1046237,-2,True,
3,1,000024,1790194545.2621646,33275.1457528,130.51135680000152,candidate-measurement,0FF6DA,valid,1046234,-3,True,
3,1,000024,1790194545.4541578,33275.3377478,130.7033517999953,candidate-measurement,0FF6D6,valid,1046230,-4,True,
3,1,000024,1790194545.6621509,33275.5457418,130.91134579999925,candidate-measurement,0FF6D3,valid,1046227,-3,True,
3,1,000024,1790194545.8695667,33275.7531556,131.1187596000018,candidate-measurement,0FF6D2,valid,1046226,-1,True,
3,1,000024,1790194546.0615573,33275.9451455,131.31074950000038,candidate-measurement,0FF6D0,valid,1046224,-2,True,
3,1,000024,1790194546.2531388,33276.1367266,131.50233060000028,candidate-measurement,0FF6D0,valid,1046224,0,True,
3,1,000024,1790194546.445127,33276.3287165,131.69432049999887,candidate-measurement,0FF6CF,valid,1046223,-1,True,
3,1,000024,1790194546.6371205,33276.520711,131.8863149999961,candidate-measurement,0FF6CD,valid,1046221,-2,True,
3,1,000024,1790194546.8291147,33276.7127037,132.07830770000146,candidate-measurement,0FF6CC,valid,1046220,-1,True,
3,1,000024,1790194547.0365255,33276.920116,132.28571999999986,candidate-measurement,0FF6CA,valid,1046218,-2,True,
3,1,000024,1790194547.2285235,33277.1121125,132.47771649999777,candidate-measurement,0FF6C8,valid,1046216,-2,True,
3,1,000024,1790194547.4201005,33277.3036883,132.66929230000096,candidate-measurement,0FF6C6,valid,1046214,-2,True,
3,1,000024,1790194547.628093,33277.5116819,132.87728590000188,candidate-measurement,0FF6C6,valid,1046214,0,True,
3,1,000024,1790194547.8200788,33277.7036702,133.06927419999556,candidate-measurement,0FF6C2,valid,1046210,-4,True,
3,1,000024,1790194548.0120735,33277.895664,133.26126800000202,candidate-measurement,0FF6BE,valid,1046206,-4,True,
3,1,000024,1790194548.203488,33278.0870771,133.45268109999597,candidate-measurement,0FF6BB,valid,1046203,-3,True,
3,1,000024,1790194548.4115238,33278.2951134,133.6607174000019,candidate-measurement,0FF6B9,valid,1046201,-2,True,
3,1,000024,1790194548.603489,33278.4870772,133.8526811999982,candidate-measurement,0FF6B7,valid,1046199,-2,True,
3,1,000024,1790194548.7954705,33278.679062,134.0446660000016,candidate-measurement,0FF6B6,valid,1046198,-1,True,
3,1,000024,1790194549.003073,33278.8866632,134.25226719999773,candidate-measurement,0FF6B6,valid,1046198,0,True,
3,1,000024,1790194549.19504,33279.0786293,134.444233299997,candidate-measurement,0FF6B6,valid,1046198,0,True,
3,1,000024,1790194549.3870316,33279.2706208,134.6362248000005,candidate-measurement,0FF6B6,valid,1046198,0,True,
3,1,000024,1790194549.5944357,33279.4780255,134.84362949999922,candidate-measurement,0FF6B5,valid,1046197,-1,True,
3,1,000024,1790194549.7864335,33279.670025,135.03562899999815,candidate-measurement,0FF6B5,valid,1046197,0,True,
3,1,000024,1790194549.978432,33279.8620232,135.22762720000173,candidate-measurement,0FF6B4,valid,1046196,-1,True,
3,1,000024,1790194550.1704252,33280.054013,135.41961699999956,candidate-measurement,0FF6B2,valid,1046194,-2,True,
3,1,000024,1790194550.3779974,33280.2615858,135.62718979999772,candidate-measurement,0FF6B1,valid,1046193,-1,True,
3,1,000024,1790194550.5699942,33280.4535825,135.81918649999716,candidate-measurement,0FF6B0,valid,1046192,-1,True,
3,1,000024,1790194550.7614117,33280.6449994,136.01060339999822,candidate-measurement,0FF6B0,valid,1046192,0,True,
3,1,000024,1790194550.9694057,33280.8529935,136.21859749999567,candidate-measurement,0FF6B0,valid,1046192,0,True,
3,1,000024,1790194551.1609833,33281.0445712,136.41017519999878,candidate-measurement,0FF6AF,valid,1046191,-1,True,
3,1,000024,1790194551.352966,33281.2365549,136.6021589000011,candidate-measurement,0FF6AF,valid,1046191,0,True,
3,1,000024,1790194551.5603852,33281.4439736,136.80957759999728,candidate-measurement,0FF6AF,valid,1046191,0,True,
3,1,000024,1790194551.7523715,33281.6359612,137.0015652000002,candidate-measurement,0FF6AF,valid,1046191,0,True,
3,1,000024,1790194551.943945,33281.8275335,137.19313749999856,candidate-measurement,0FF6AF,valid,1046191,0,True,
3,1,000024,1790194552.1359496,33282.0195385,137.3851424999957,candidate-measurement,0FF6AD,valid,1046189,-2,True,
3,1,000024,1790194552.3439348,33282.227523,137.5931270000001,candidate-measurement,0FF6AB,valid,1046187,-2,True,
3,1,000024,1790194552.5353532,33282.4189417,137.7845457000003,candidate-measurement,0FF6A2,valid,1046178,-9,True,
3,1,000024,1790194552.727349,33282.610937,137.97654099999636,candidate-measurement,0FF69E,valid,1046174,-4,True,
3,1,000024,1790194552.9349473,33282.8185377,138.18414169999596,candidate-measurement,0FF69D,valid,1046173,-1,True,
3,1,000024,1790194553.1269002,33283.0104902,138.3760942000008,candidate-measurement,0FF69D,valid,1046173,0,True,
3,1,000024,1790194553.318909,33283.2024972,138.56810119999864,candidate-measurement,0FF69D,valid,1046173,0,True,
3,1,000024,1790194553.526325,33283.4099127,138.77551669999957,candidate-measurement,0FF69B,valid,1046171,-2,True,
3,1,000024,1790194553.7183106,33283.6019001,138.96750410000095,candidate-measurement,0FF698,valid,1046168,-3,True,
3,1,000024,1790194553.9098825,33283.7934736,139.15907760000118,candidate-measurement,0FF68C,valid,1046156,-12,True,
3,1,000024,1790194554.1018763,33283.9854674,139.35107140000036,candidate-measurement,0FF688,valid,1046152,-4,True,
3,1,000024,1790194554.3098874,33284.1934752,139.55907920000027,candidate-measurement,0FF685,valid,1046149,-3,True,
3,1,000024,1790194554.501285,33284.3848742,139.750478199996,candidate-measurement,0FF683,valid,1046147,-2,True,
3,1,000024,1790194554.6932845,33284.5768738,139.9424777999957,candidate-measurement,0FF681,valid,1046145,-2,True,
3,1,000024,1790194554.9013095,33284.784901,140.1505049999978,candidate-measurement,0FF67E,valid,1046142,-3,True,
3,1,000024,1790194555.0928469,33284.976438,140.34204199999658,candidate-measurement,0FF67B,valid,1046139,-3,True,
3,1,000024,1790194555.2848468,33285.1684347,140.53403869999602,candidate-measurement,0FF679,valid,1046137,-2,True,
3,1,000024,1790194555.4768343,33285.3604243,140.7260282999996,candidate-measurement,0FF678,valid,1046136,-1,True,
3,1,000024,1790194555.6848264,33285.5684164,140.93402039999637,candidate-measurement,0FF677,valid,1046135,-1,True,
3,1,000024,1790194555.876244,33285.7598345,141.1254384999993,candidate-measurement,0FF676,valid,1046134,-1,True,
3,1,000024,1790194556.0682368,33285.9518258,141.31742980000126,candidate-measurement,0FF676,valid,1046134,0,True,
3,1,000024,1790194556.2758245,33286.1594137,141.525017699998,candidate-measurement,0FF675,valid,1046133,-1,True,
3,1,000024,1790194556.4677975,33286.3513881,141.71699210000224,candidate-measurement,0FF674,valid,1046132,-1,True,
3,1,000024,1790194556.6597974,33286.5433869,141.90899089999584,candidate-measurement,0FF673,valid,1046131,-1,True,
3,1,000024,1790194556.8672087,33286.7508001,142.1164041000011,candidate-measurement,0FF671,valid,1046129,-2,True,
3,1,000024,1790194557.0592003,33286.9427899,142.30839389999892,candidate-measurement,0FF66F,valid,1046127,-2,True,
3,1,000024,1790194557.2507792,33287.1343677,142.4999716999955,candidate-measurement,0FF66E,valid,1046126,-1,True,
3,1,000024,1790194557.4427662,33287.3263557,142.69195970000146,candidate-measurement,0FF66B,valid,1046123,-3,True,
3,1,000024,1790194557.6507807,33287.53437,142.89997399999993,candidate-measurement,0FF668,valid,1046120,-3,True,
3,1,000024,1790194557.8427587,33287.7263484,143.09195239999826,candidate-measurement,0FF666,valid,1046118,-2,True,
3,1,000024,1790194558.0341704,33287.9177612,143.2833651999972,candidate-measurement,0FF663,valid,1046115,-3,True,
3,1,000024,1790194558.2421827,33288.1257711,143.49137509999855,candidate-measurement,0FF661,valid,1046113,-2,True,
3,1,000024,1790194558.4337356,33288.3173263,143.68293029999768,candidate-measurement,0FF660,valid,1046112,-1,True,
3,1,000024,1790194558.6257527,33288.5093407,143.87494470000092,candidate-measurement,0FF65E,valid,1046110,-2,True,
3,1,000024,1790194558.8337395,33288.7173303,144.0829343000005,candidate-measurement,0FF65D,valid,1046109,-1,True,
3,1,000024,1790194559.0251367,33288.9087277,144.27433169999858,candidate-measurement,0FF65C,valid,1046108,-1,True,
3,1,000024,1790194559.2171407,33289.1007294,144.4663333999997,candidate-measurement,0FF65C,valid,1046108,0,True,
3,1,000024,1790194559.4091232,33289.2927131,144.65831710000202,candidate-measurement,0FF65C,valid,1046108,0,True,
3,1,000024,1790194559.6167016,33289.5002908,144.86589480000112,candidate-measurement,0FF65C,valid,1046108,0,True,
3,1,000024,1790194559.8086884,33289.6922793,145.05788329999632,candidate-measurement,0FF65A,valid,1046106,-2,True,
3,1,000024,1790194560.0006895,33289.8842806,145.24988460000168,candidate-measurement,0FF65A,valid,1046106,0,True,
3,1,000024,1790194560.2086892,33290.0922768,145.45788080000057,candidate-measurement,0FF65A,valid,1046106,0,True,
3,1,000024,1790194560.4001164,33290.2837032,145.6493072000012,candidate-measurement,0FF659,valid,1046105,-1,True,
3,1,000024,1790194560.5920882,33290.4756785,145.84128249999776,candidate-measurement,0FF657,valid,1046103,-2,True,
3,1,000024,1790194560.799664,33290.6832538,146.0488578000004,candidate-measurement,0FF656,valid,1046102,-1,True,
3,1,000024,1790194560.9916542,33290.875243,146.24084700000094,candidate-measurement,0FF655,valid,1046101,-1,True,
3,1,000024,1790194561.183084,33291.066672,146.43227599999955,candidate-measurement,0FF655,valid,1046101,0,True,
3,1,000024,1790194561.3750706,33291.2586584,146.6242624000006,candidate-measurement,0FF655,valid,1046101,0,True,
3,1,000024,1790194561.5826368,33291.4662273,146.83183129999816,candidate-measurement,0FF655,valid,1046101,0,True,
3,1,000024,1790194561.7746234,33291.6582133,147.02381729999615,candidate-measurement,0FF654,valid,1046100,-1,True,
3,1,000024,1790194561.9666302,33291.8502178,147.21582179999677,candidate-measurement,0FF651,valid,1046097,-3,True,
3,1,000024,1790194562.1740413,33292.0576301,147.42323409999517,candidate-measurement,0FF649,valid,1046089,-8,True,
3,1,000024,1790194562.366036,33292.249625,147.61522899999545,candidate-measurement,0FF646,valid,1046086,-3,True,
3,1,000024,1790194562.5576022,33292.4411908,147.80679479999526,candidate-measurement,0FF644,valid,1046084,-2,True,
3,1,000024,1790194562.765597,33292.6491867,148.01479069999914,candidate-measurement,0FF643,valid,1046083,-1,True,
3,1,000024,1790194562.957012,33292.8406015,148.20620549999876,candidate-measurement,0FF643,valid,1046083,0,True,
3,1,000024,1790194563.1490023,33293.0325921,148.3981960999954,candidate-measurement,0FF643,valid,1046083,0,True,
3,1,000024,1790194563.340587,33293.2241756,148.58977959999902,candidate-measurement,0FF643,valid,1046083,0,True,
3,1,000024,1790194563.5486202,33293.432211,148.79781499999808,candidate-measurement,0FF643,valid,1046083,0,True,
3,1,000024,1790194563.7405696,33293.6241579,148.98976189999667,candidate-measurement,0FF640,valid,1046080,-3,True,
3,1,000024,1790194563.931979,33293.8155693,149.1811732999995,candidate-measurement,0FF633,valid,1046067,-13,True,
3,1,000024,1790194564.1399772,33294.0235664,149.38917039999797,candidate-measurement,0FF62E,valid,1046062,-5,True,
3,1,000024,1790194564.3315485,33294.215137,149.58074099999794,candidate-measurement,0FF62B,valid,1046059,-3,True,
3,1,000024,1790194564.523542,33294.4071307,149.77273469999636,candidate-measurement,0FF629,valid,1046057,-2,True,
3,1,000024,1790194564.7315376,33294.6151265,149.98073049999948,candidate-measurement,0FF626,valid,1046054,-3,True,
3,1,000024,1790194564.938949,33294.8225391,150.18814310000016,candidate-measurement,0FF624,valid,1046052,-2,True,
3,1,000024,1790194565.1309416,33295.014532,150.38013599999977,candidate-measurement,0FF620,valid,1046048,-4,True,
3,1,000024,1790194565.322536,33295.206124,150.57172799999535,candidate-measurement,0FF61E,valid,1046046,-2,True,
3,1,000024,1790194565.5145097,33295.3980985,150.76370250000036,candidate-measurement,0FF61C,valid,1046044,-2,True,
3,1,000024,1790194565.7065,33295.5900899,150.95569389999582,candidate-measurement,0FF61C,valid,1046044,0,True,
3,1,000024,1790194565.8979166,33295.7815072,151.14711119999993,candidate-measurement,0FF61B,valid,1046043,-1,True,
3,1,000024,1790194566.105913,33295.9895031,151.35510709999653,candidate-measurement,0FF619,valid,1046041,-2,True,
3,1,000024,1790194566.2974782,33296.181067,151.54667099999642,candidate-measurement,0FF618,valid,1046040,-1,True,
3,1,000024,1790194566.48948,33296.3730694,151.7386733999956,candidate-measurement,0FF617,valid,1046039,-1,True,
3,1,000024,1790194566.6974692,33296.5810599,151.94666390000202,candidate-measurement,0FF614,valid,1046036,-3,True,
3,1,000024,1790194566.8894649,33296.7730559,152.13865989999613,candidate-measurement,0FF614,valid,1046036,0,True,
3,1,000024,1790194567.0808773,33296.9644666,152.3300706000009,candidate-measurement,0FF613,valid,1046035,-1,True,
3,1,000024,1790194567.2728794,33297.1564683,152.52207230000204,candidate-measurement,0FF611,valid,1046033,-2,True,
3,1,000024,1790194567.4804626,33297.3640533,152.7296572999985,candidate-measurement,0FF60E,valid,1046030,-3,True,
3,1,000024,1790194567.6724393,33297.5560299,152.9216338999977,candidate-measurement,0FF60D,valid,1046029,-1,True,
3,1,000024,1790194567.8644361,33297.7480249,153.11362889999873,candidate-measurement,0FF60A,valid,1046026,-3,True,
3,1,000024,1790194568.0718503,33297.9554404,153.32104439999966,candidate-measurement,0FF609,valid,1046025,-1,True,
3,1,000024,1790194568.2638428,33298.1474322,153.51303619999817,candidate-measurement,0FF608,valid,1046024,-1,True,
3,1,000024,1790194568.4554162,33298.3390072,153.70461119999527,candidate-measurement,0FF606,valid,1046022,-2,True,
3,1,000024,1790194568.66347,33298.5470612,153.91266519999772,candidate-measurement,0FF605,valid,1046021,-1,True,
3,1,000024,1790194568.870818,33298.754407,154.12001099999907,candidate-measurement,0FF603,valid,1046019,-2,True,
3,1,000024,1790194569.062817,33298.9464081,154.31201209999563,candidate-measurement,0FF602,valid,1046018,-1,True,
3,1,000024,1790194569.2548072,33299.1383958,154.5039997999993,candidate-measurement,0FF602,valid,1046018,0,True,
3,1,000024,1790194569.446814,33299.3304048,154.6960087999978,candidate-measurement,0FF602,valid,1046018,0,True,
3,1,000024,1790194569.638376,33299.5219648,154.8875687999971,candidate-measurement,0FF602,valid,1046018,0,True,
3,1,000024,1790194569.8303869,33299.7139769,155.07958089999738,candidate-measurement,0FF600,valid,1046016,-2,True,
3,1,000024,1790194570.0383594,33299.92195,155.28755400000227,candidate-measurement,0FF600,valid,1046016,0,True,
3,1,000024,1790194570.2297843,33300.1133724,155.47897640000156,candidate-measurement,0FF600,valid,1046016,0,True,
3,1,000024,1790194570.421778,33300.3053666,155.6709705999965,candidate-measurement,0FF600,valid,1046016,0,True,
3,1,000024,1790194570.629388,33300.5129771,155.87858109999797,candidate-measurement,0FF5FE,valid,1046014,-2,True,
3,1,000024,1790194570.8213434,33300.704933,156.0705369999996,candidate-measurement,0FF5FC,valid,1046012,-2,True,
3,1,000024,1790194571.013334,33300.896923,156.26252699999895,candidate-measurement,0FF5FC,valid,1046012,0,True,
3,1,000024,1790194571.2053416,33301.0889305,156.4545345000006,candidate-measurement,0FF5FB,valid,1046011,-1,True,
3,1,000024,1790194571.4127388,33301.2963272,156.66193119999662,candidate-measurement,0FF5FB,valid,1046011,0,True,
3,1,000024,1790194571.6047306,33301.4883218,156.8539258000019,candidate-measurement,0FF5FB,valid,1046011,0,True,
3,1,000024,1790194571.7963119,33301.6799003,157.04550429999654,candidate-measurement,0FF5FB,valid,1046011,0,True,
3,1,000024,1790194572.004299,33301.8878871,157.2534910999966,candidate-measurement,0FF5FB,valid,1046011,0,True,
3,1,000024,1790194572.1963003,33302.0798885,157.44549249999545,candidate-measurement,0FF5FB,valid,1046011,0,True,
3,1,000024,1790194572.388285,33302.2718736,157.63747760000115,candidate-measurement,0FF5FA,valid,1046010,-1,True,
3,1,000024,1790194572.5957005,33302.4792887,157.84489269999904,candidate-measurement,0FF5F0,valid,1046000,-10,True,
3,1,000024,1790194572.7877035,33302.6712929,158.03689689999737,candidate-measurement,0FF5ED,valid,1045997,-3,True,
3,1,000024,1790194572.9796963,33302.863284,158.22888799999782,candidate-measurement,0FF5EA,valid,1045994,-3,True,
3,1,000024,1790194573.187261,33303.0708507,158.43645470000047,candidate-measurement,0FF5E9,valid,1045993,-1,True,
3,1,000024,1790194573.379261,33303.2628496,158.6284536000021,candidate-measurement,0FF5E9,valid,1045993,0,True,
3,1,000024,1790194573.5712473,33303.4548386,158.82044260000112,candidate-measurement,0FF5E9,valid,1045993,0,True,
3,1,000024,1790194573.762677,33303.6462667,159.01187070000015,candidate-measurement,0FF5E9,valid,1045993,0,True,
3,1,000024,1790194573.9706743,33303.8542633,159.21986730000208,candidate-measurement,0FF5E8,valid,1045992,-1,True,
3,1,000024,1790194574.162645,33304.0462357,159.41183969999838,candidate-measurement,0FF5E4,valid,1045988,-4,True,
3,1,000024,1790194574.3542266,33304.2378155,159.60341949999565,candidate-measurement,0FF5D8,valid,1045976,-12,True,
3,1,000024,1790194574.562218,33304.4458089,159.81141290000232,candidate-measurement,0FF5D2,valid,1045970,-6,True,
3,1,000024,1790194574.7542152,33304.6378029,160.00340689999575,candidate-measurement,0FF5D0,valid,1045968,-2,True,
3,1,000024,1790194574.9456275,33304.8292182,160.19482219999918,candidate-measurement,0FF5CD,valid,1045965,-3,True,
3,1,000024,1790194575.137619,33305.0212083,160.3868122999993,candidate-measurement,0FF5CA,valid,1045962,-3,True,
3,1,000024,1790194575.3451984,33305.2287869,160.59439089999796,candidate-measurement,0FF5C5,valid,1045957,-5,True,
3,1,000024,1790194575.5371885,33305.4207766,160.7863806000023,candidate-measurement,0FF5C3,valid,1045955,-2,True,
3,1,000024,1790194575.7291822,33305.6127727,160.97837669999717,candidate-measurement,0FF5C2,valid,1045954,-1,True,
3,1,000024,1790194575.9371727,33305.8207628,161.18636680000054,candidate-measurement,0FF5C1,valid,1045953,-1,True,
3,1,000024,1790194576.1285906,33306.0121805,161.37778450000042,candidate-measurement,0FF5C0,valid,1045952,-1,True,
3,1,000024,1790194576.3205853,33306.2041734,161.56977740000002,candidate-measurement,0FF5BE,valid,1045950,-2,True,
3,1,000024,1790194576.5281568,33306.4117471,161.77735109999776,candidate-measurement,0FF5BD,valid,1045949,-1,True,
3,1,000024,1790194576.7201664,33306.6037574,161.9693613999989,candidate-measurement,0FF5BB,valid,1045947,-2,True,
3,1,000024,1790194576.9121435,33306.7957316,162.16133560000162,candidate-measurement,0FF5BA,valid,1045946,-1,True,
3,1,000024,1790194577.1041396,33306.9877279,162.353331899998,candidate-measurement,0FF5B8,valid,1045944,-2,True,
3,1,000024,1790194577.3115542,33307.1951428,162.56074680000165,candidate-measurement,0FF5B4,valid,1045940,-4,True,
3,1,000024,1790194577.503128,33307.3867164,162.75232039999537,candidate-measurement,0FF5B0,valid,1045936,-4,True,
3,1,000024,1790194577.6951125,33307.5787029,162.94430689999717,candidate-measurement,0FF5AE,valid,1045934,-2,True,
3,1,000024,1790194577.903114,33307.7867023,163.1523062999986,candidate-measurement,0FF5AB,valid,1045931,-3,True,
3,1,000024,1790194578.0945294,33307.9781181,163.34372209999856,candidate-measurement,0FF5A9,valid,1045929,-2,True,
3,1,000024,1790194578.2865202,33308.1701082,163.53571219999867,candidate-measurement,0FF5A8,valid,1045928,-1,True,
3,1,000024,1790194578.4940898,33308.3776785,163.74328249999962,candidate-measurement,0FF5A8,valid,1045928,0,True,
3,1,000024,1790194578.6860893,33308.5696783,163.93528230000084,candidate-measurement,0FF5A8,valid,1045928,0,True,
3,1,000024,1790194578.878082,33308.7616711,164.12727509999968,candidate-measurement,0FF5A6,valid,1045926,-2,True,
3,1,000024,1790194579.0694942,33308.9530851,164.31868910000048,candidate-measurement,0FF5A6,valid,1045926,0,True,
3,1,000024,1790194579.2775025,33309.1610909,164.5266948999997,candidate-measurement,0FF5A6,valid,1045926,0,True,
3,1,000024,1790194579.4690614,33309.3526502,164.71825420000096,candidate-measurement,0FF5A4,valid,1045924,-2,True,
3,1,000024,1790194579.661062,33309.544651,164.91025499999523,candidate-measurement,0FF5A2,valid,1045922,-2,True,
3,1,000024,1790194579.8690453,33309.7526359,165.1182398999954,candidate-measurement,0FF5A2,valid,1045922,0,True,
3,1,000024,1790194580.0604572,33309.9440476,165.3096516000005,candidate-measurement,0FF5A1,valid,1045921,-1,True,
3,1,000024,1790194580.2524562,33310.1360443,165.50164829999994,candidate-measurement,0FF5A1,valid,1045921,0,True,
3,1,000024,1790194580.4600646,33310.3436531,165.70925709999574,candidate-measurement,0FF5A1,valid,1045921,0,True,
3,1,000024,1790194580.6520245,33310.5356126,165.90121659999568,candidate-measurement,0FF5A1,valid,1045921,0,True,
3,1,000024,1790194580.8440092,33310.7275999,166.0932038999963,candidate-measurement,0FF5A1,valid,1045921,0,True,
3,1,000024,1790194581.0360105,33310.9195989,166.2852028999987,candidate-measurement,0FF59F,valid,1045919,-2,True,
3,1,000024,1790194581.2434251,33311.1270133,166.49261729999853,candidate-measurement,0FF598,valid,1045912,-7,True,
3,1,000024,1790194581.4354193,33311.3190079,166.68461189999653,candidate-measurement,0FF595,valid,1045909,-3,True,
3,1,000024,1790194581.6270125,33311.5106009,166.87620489999972,candidate-measurement,0FF592,valid,1045906,-3,True,
3,1,000024,1790194581.8349874,33311.7185766,167.0841805999953,candidate-measurement,0FF590,valid,1045904,-2,True,
3,1,000024,1790194582.0269854,33311.9105742,167.2761782000016,candidate-measurement,0FF58F,valid,1045903,-1,True,
3,1,000024,1790194582.2183926,33312.1019808,167.46758479999698,candidate-measurement,0FF58F,valid,1045903,0,True,
3,1,000024,1790194582.4259613,33312.3095513,167.67515529999946,candidate-measurement,0FF58F,valid,1045903,0,True,
3,1,000024,1790194582.617963,33312.501552,167.86715600000025,candidate-measurement,0FF58F,valid,1045903,0,True,
3,1,000024,1790194582.8099463,33312.6935372,168.05914119999943,candidate-measurement,0FF58F,valid,1045903,0,True,
3,1,000024,1790194583.0019495,33312.885537,168.25114100000064,candidate-measurement,0FF58C,valid,1045900,-3,True,
3,1,000024,1790194583.2093632,33313.0929512,168.45855519999895,candidate-measurement,0FF581,valid,1045889,-11,True,
3,1,000024,1790194583.4013534,33313.2849421,168.65054609999788,candidate-measurement,0FF57A,valid,1045882,-7,True,
3,1,000024,1790194583.5929236,33313.4765148,168.8421187999993,candidate-measurement,0FF577,valid,1045879,-3,True,
3,1,000024,1790194583.8009193,33313.6845107,169.0501146999959,candidate-measurement,0FF576,valid,1045878,-1,True,
3,1,000024,1790194583.9929209,33313.876509,169.24211300000024,candidate-measurement,0FF573,valid,1045875,-3,True,
3,1,000024,1790194584.1843278,33314.067917,169.43352099999902,candidate-measurement,0FF570,valid,1045872,-3,True,
3,1,000024,1790194584.3919003,33314.2754892,169.6410931999999,candidate-measurement,0FF56C,valid,1045868,-4,True,
3,1,000024,1790194584.5838945,33314.4674843,169.8330883000017,candidate-measurement,0FF56A,valid,1045866,-2,True,
3,1,000024,1790194584.7758853,33314.6594741,170.02507809999952,candidate-measurement,0FF568,valid,1045864,-2,True,
3,1,000024,1790194584.967878,33314.8514687,170.21707269999752,candidate-measurement,0FF568,valid,1045864,0,True,
3,1,000024,1790194585.1752965,33315.0588851,170.42448909999803,candidate-measurement,0FF567,valid,1045863,-1,True,
3,1,000024,1790194585.3672934,33315.2508824,170.61648640000203,candidate-measurement,0FF565,valid,1045861,-2,True,
3,1,000024,1790194585.5588653,33315.4424544,170.80805839999812,candidate-measurement,0FF564,valid,1045860,-1,True,
3,1,000024,1790194585.7668586,33315.6504476,171.016051599996,candidate-measurement,0FF562,valid,1045858,-2,True,
3,1,000024,1790194585.958854,33315.842442,171.20804599999974,candidate-measurement,0FF560,valid,1045856,-2,True,
3,1,000024,1790194586.150843,33316.0344319,171.40003589999833,candidate-measurement,0FF55F,valid,1045855,-1,True,
3,1,000024,1790194586.3582635,33316.2418517,171.60745569999563,candidate-measurement,0FF55D,valid,1045853,-2,True,
3,1,000024,1790194586.5502691,33316.4338574,171.7994613999981,candidate-measurement,0FF55A,valid,1045850,-3,True,
3,1,000024,1790194586.7422423,33316.6258327,171.99143670000194,candidate-measurement,0FF556,valid,1045846,-4,True,
3,1,000024,1790194586.9338222,33316.8174108,172.18301480000082,candidate-measurement,0FF554,valid,1045844,-2,True,
3,1,000024,1790194587.1418176,33317.0254064,172.39101039999514,candidate-measurement,0FF552,valid,1045842,-2,True,
3,1,000024,1790194587.3338075,33317.2173952,172.5829991999999,candidate-measurement,0FF54F,valid,1045839,-3,True,
3,1,000024,1790194587.5252142,33317.4088054,172.77440940000088,candidate-measurement,0FF54E,valid,1045838,-1,True,
3,1,000024,1790194587.733247,33317.6168377,172.98244169999816,candidate-measurement,0FF54E,valid,1045838,0,True,
3,1,000024,1790194587.9252083,33317.8087975,173.17440150000039,candidate-measurement,0FF54E,valid,1045838,0,True,
3,1,000024,1790194588.1167822,33318.0003699,173.36597389999952,candidate-measurement,0FF54C,valid,1045836,-2,True,
3,1,000024,1790194588.3087769,33318.1923652,173.55796919999557,candidate-measurement,0FF54C,valid,1045836,0,True,
3,1,000024,1790194588.5168278,33318.4004181,173.76602209999692,candidate-measurement,0FF54C,valid,1045836,0,True,
3,1,000024,1790194588.7087657,33318.5923542,173.95795820000058,candidate-measurement,0FF54B,valid,1045835,-1,True,
3,1,000024,1790194588.9001682,33318.7837596,174.14936360000138,candidate-measurement,0FF54A,valid,1045834,-1,True,
3,1,000024,1790194589.1081715,33318.99176,174.35736399999587,candidate-measurement,0FF548,valid,1045832,-2,True,
3,1,000024,1790194589.2997446,33319.1833329,174.5489368999988,candidate-measurement,0FF548,valid,1045832,0,True,
3,1,000024,1790194589.4917367,33319.3753267,174.740930699998,candidate-measurement,0FF548,valid,1045832,0,True,
3,1,000024,1790194589.6991856,33319.5827752,174.94837919999554,candidate-measurement,0FF547,valid,1045831,-1,True,
3,1,000024,1790194589.8911426,33319.7747319,175.140335899996,candidate-measurement,0FF547,valid,1045831,0,True,
3,1,000024,1790194590.0827353,33319.9663252,175.33192920000147,candidate-measurement,0FF547,valid,1045831,0,True,
3,1,000024,1790194590.2747164,33320.1583047,175.5239087000009,candidate-measurement,0FF547,valid,1045831,0,True,
3,1,000024,1790194590.4821222,33320.3657123,175.7313162999999,candidate-measurement,0FF547,valid,1045831,0,True,
3,1,000024,1790194590.674123,33320.5577118,175.92331579999882,candidate-measurement,0FF546,valid,1045830,-1,True,
3,1,000024,1790194590.8661084,33320.7496979,176.11530189999758,candidate-measurement,0FF53E,valid,1045822,-8,True,
3,1,000024,1790194591.0741084,33320.9576979,176.3233018999963,candidate-measurement,0FF53B,valid,1045819,-3,True,
3,1,000024,1790194591.2656813,33321.1492691,176.51487310000084,candidate-measurement,0FF538,valid,1045816,-3,True,
3,1,000024,1790194591.457674,33321.3412636,176.70686759999808,candidate-measurement,0FF536,valid,1045814,-2,True,
3,1,000024,1790194591.665087,33321.548676,176.91427999999723,candidate-measurement,0FF536,valid,1045814,0,True,
3,1,000024,1790194591.8570926,33321.7406827,177.10628670000006,candidate-measurement,0FF535,valid,1045813,-1,True,
3,1,000024,1790194592.0486708,33321.9322601,177.29786410000088,candidate-measurement,0FF535,valid,1045813,0,True,
3,1,000024,1790194592.2406535,33322.1242417,177.48984570000175,candidate-measurement,0FF535,valid,1045813,0,True,
3,1,000024,1790194592.448638,33322.3322265,177.69783050000115,candidate-measurement,0FF535,valid,1045813,0,True,
3,1,000024,1790194592.6406355,33322.5242249,177.88982889999897,candidate-measurement,0FF533,valid,1045811,-2,True,
3,1,000024,1790194592.8320634,33322.715655,178.08125899999868,candidate-measurement,0FF531,valid,1045809,-2,True,
3,1,000024,1790194593.0400403,33322.9236295,178.28923349999968,candidate-measurement,0FF524,valid,1045796,-13,True,
3,1,000024,1790194593.2320402,33323.1156285,178.48123250000208,candidate-measurement,0FF51F,valid,1045791,-5,True,
3,1,000024,1790194593.4236076,33323.3071975,178.67280149999715,candidate-measurement,0FF51C,valid,1045788,-3,True,
3,1,000024,1790194593.631601,33323.5151895,178.88079350000044,candidate-measurement,0FF518,valid,1045784,-4,True,
3,1,000024,1790194593.8236017,33323.7071906,179.072794599997,candidate-measurement,0FF514,valid,1045780,-4,True,
3,1,000024,1790194594.0150175,33323.8986059,179.26420990000042,candidate-measurement,0FF510,valid,1045776,-4,True,
3,1,000024,1790194594.207009,33324.0905969,179.4562009000001,candidate-measurement,0FF50E,valid,1045774,-2,True,
3,1,000024,1790194594.4145677,33324.2981583,179.66376229999878,candidate-measurement,0FF50D,valid,1045773,-1,True,
3,1,000024,1790194594.60657,33324.4901603,179.8557643000022,candidate-measurement,0FF50C,valid,1045772,-1,True,
3,1,000024,1790194594.7985618,33324.6821529,180.0477568999995,candidate-measurement,0FF50A,valid,1045770,-2,True,
3,1,000024,1790194595.0065558,33324.8901452,180.2557491999978,candidate-measurement,0FF509,valid,1045769,-1,True,
3,1,000024,1790194595.197981,33325.0815693,180.44717329999548,candidate-measurement,0FF506,valid,1045766,-3,True,
3,1,000024,1790194595.3899798,33325.2735702,180.6391741999978,candidate-measurement,0FF506,valid,1045766,0,True,
3,1,000024,1790194595.5975385,33325.4811265,180.84673050000129,candidate-measurement,0FF504,valid,1045764,-2,True,
3,1,000024,1790194595.789532,33325.6731211,181.03872509999928,candidate-measurement,0FF501,valid,1045761,-3,True,
3,1,000024,1790194595.9815342,33325.8651224,181.23072639999737,candidate-measurement,0FF500,valid,1045760,-1,True,
3,1,000024,1790194596.1735222,33326.0571111,181.42271510000137,candidate-measurement,0FF4FD,valid,1045757,-3,True,
3,1,000024,1790194596.3815045,33326.2650936,181.6306975999978,candidate-measurement,0FF4FB,valid,1045755,-2,True,
3,1,000024,1790194596.5729294,33326.4565178,181.82212179999624,candidate-measurement,0FF4F9,valid,1045753,-2,True,
3,1,000024,1790194596.764921,33326.6485104,182.01411440000084,candidate-measurement,0FF4F8,valid,1045752,-1,True,
3,1,000024,1790194596.9724922,33326.8560824,182.22168640000018,candidate-measurement,0FF4F6,valid,1045750,-2,True,
3,1,000024,1790194597.164495,33327.0480835,182.41368749999674,candidate-measurement,0FF4F5,valid,1045749,-1,True,
3,1,000024,1790194597.3564987,33327.2400871,182.60569109999778,candidate-measurement,0FF4F4,valid,1045748,-1,True,
3,1,000024,1790194597.5638936,33327.4474824,182.8130863999977,candidate-measurement,0FF4F4,valid,1045748,0,True,
3,1,000024,1790194597.7719028,33327.6554926,183.02109660000133,candidate-measurement,0FF4F4,valid,1045748,0,True,
3,1,000024,1790194597.9634602,33327.8470509,183.21265490000224,candidate-measurement,0FF4F4,valid,1045748,0,True,
3,1,000024,1790194598.1554606,33328.0390492,183.4046531999993,candidate-measurement,0FF4F2,valid,1045746,-2,True,
3,1,000024,1790194598.3474543,33328.2310428,183.59664679999696,candidate-measurement,0FF4F2,valid,1045746,0,True,
3,1,000024,1790194598.538862,33328.4224525,183.7880565000014,candidate-measurement,0FF4F2,valid,1045746,0,True,
3,1,000024,1790194598.7308712,33328.6144621,183.9800660999972,candidate-measurement,0FF4F2,valid,1045746,0,True,
3,1,000024,1790194598.938429,33328.82202,184.18762399999832,candidate-measurement,0FF4F0,valid,1045744,-2,True,
3,1,000024,1790194599.1304307,33329.0140187,184.37962269999844,candidate-measurement,0FF4EE,valid,1045742,-2,True,
3,1,000024,1790194599.3224363,33329.2060249,184.57162889999745,candidate-measurement,0FF4EE,valid,1045742,0,True,
3,1,000024,1790194599.5298357,33329.413424,184.7790279999972,candidate-measurement,0FF4ED,valid,1045741,-1,True,
3,1,000024,1790194599.7378266,33329.621416,184.98702000000048,candidate-measurement,0FF4ED,valid,1045741,0,True,
3,1,000024,1790194599.9293983,33329.8129863,185.17859029999818,candidate-measurement,0FF4ED,valid,1045741,0,True,
3,1,000024,1790194600.121395,33330.0049832,185.37058719999914,candidate-measurement,0FF4ED,valid,1045741,0,True,
3,1,000024,1790194600.31339,33330.1969781,185.56258209999942,candidate-measurement,0FF4ED,valid,1045741,0,True,
3,1,000024,1790194600.5048032,33330.3883917,185.75399569999718,candidate-measurement,0FF4EC,valid,1045740,-1,True,
3,1,000024,1790194600.696796,33330.5803869,185.94599089999974,candidate-measurement,0FF4E9,valid,1045737,-3,True,
3,1,000024,1790194600.90437,33330.7879597,186.1535636999979,candidate-measurement,0FF4E1,valid,1045729,-8,True,
3,1,000024,1790194601.0963683,33330.9799574,186.34556139999768,candidate-measurement,0FF4DE,valid,1045726,-3,True,
3,1,000024,1790194601.2883613,33331.1719495,186.53755349999847,candidate-measurement,0FF4DC,valid,1045724,-2,True,
3,1,000024,1790194601.4963503,33331.3799396,186.74554360000184,candidate-measurement,0FF4DB,valid,1045723,-1,True,
3,1,000024,1790194601.6877813,33331.5713708,186.93697479999537,candidate-measurement,0FF4DB,valid,1045723,0,True,
3,1,000024,1790194601.879758,33331.763349,187.12895299999946,candidate-measurement,0FF4DB,valid,1045723,0,True,
3,1,000024,1790194602.0713284,33331.9549193,187.32052329999715,candidate-measurement,0FF4DB,valid,1045723,0,True,
3,1,000024,1790194602.2793257,33332.1629144,187.5285184000022,candidate-measurement,0FF4DB,valid,1045723,0,True,
3,1,000024,1790194602.4713223,33332.3549106,187.72051459999784,candidate-measurement,0FF4DA,valid,1045722,-1,True,
3,1,000024,1790194602.6627364,33332.5463241,187.91192810000211,candidate-measurement,0FF4D3,valid,1045715,-7,True,
3,1,000024,1790194602.8707228,33332.7543139,188.11991789999593,candidate-measurement,0FF4C7,valid,1045703,-12,True,
3,1,000024,1790194603.0627217,33332.9463109,188.31191489999765,candidate-measurement,0FF4C3,valid,1045699,-4,True,
3,1,000024,1790194603.2542963,33333.1378839,188.50348790000135,candidate-measurement,0FF4C1,valid,1045697,-2,True,
3,1,000024,1790194603.4622836,33333.3458717,188.71147570000176,candidate-measurement,0FF4BE,valid,1045694,-3,True,
3,1,000024,1790194603.6696947,33333.5532854,188.91888939999626,candidate-measurement,0FF4BC,valid,1045692,-2,True,
3,1,000024,1790194603.8616855,33333.7452765,189.1108804999967,candidate-measurement,0FF4B8,valid,1045688,-4,True,
3,1,000024,1790194604.0536923,33333.9372807,189.30288470000232,candidate-measurement,0FF4B6,valid,1045686,-2,True,
3,1,000024,1790194604.2452614,33334.1288492,189.49445320000086,candidate-measurement,0FF4B4,valid,1045684,-2,True,
3,1,000024,1790194604.437255,33334.3208447,189.68644869999844,candidate-measurement,0FF4B4,valid,1045684,0,True,
3,1,000024,1790194604.6292596,33334.5128502,189.8784541999994,candidate-measurement,0FF4B3,valid,1045683,-1,True,
3,1,000024,1790194604.836658,33334.7202481,190.08585209999728,candidate-measurement,0FF4B2,valid,1045682,-1,True,
3,1,000024,1790194605.028653,33334.9122412,190.2778451999984,candidate-measurement,0FF4B0,valid,1045680,-2,True,
3,1,000024,1790194605.2206542,33335.1042426,190.46984659999725,candidate-measurement,0FF4B0,valid,1045680,0,True,
3,1,000024,1790194605.4282193,33335.3118086,190.67741260000184,candidate-measurement,0FF4AE,valid,1045678,-2,True,
3,1,000024,1790194605.620214,33335.5038044,190.8694084000017,candidate-measurement,0FF4AC,valid,1045676,-2,True,
3,1,000024,1790194605.8122063,33335.6957964,191.06140040000173,candidate-measurement,0FF4AC,valid,1045676,0,True,
3,1,000024,1790194606.0036194,33335.8872098,191.25281379999797,candidate-measurement,0FF4AA,valid,1045674,-2,True,
3,1,000024,1790194606.211616,33336.0952043,191.46080829999846,candidate-measurement,0FF4A9,valid,1045673,-1,True,
3,1,000024,1790194606.4031916,33336.2867811,191.652385100002,candidate-measurement,0FF4A6,valid,1045670,-3,True,
3,1,000024,1790194606.595183,33336.4787739,191.84437790000084,candidate-measurement,0FF4A5,valid,1045669,-1,True,
3,1,000024,1790194606.8031728,33336.6867621,192.05236609999702,candidate-measurement,0FF4A4,valid,1045668,-1,True,
3,1,000024,1790194606.9945908,33336.8781806,192.2437845999957,candidate-measurement,0FF4A2,valid,1045666,-2,True,
3,1,000024,1790194607.186588,33337.0701768,192.4357807999986,candidate-measurement,0FF4A1,valid,1045665,-1,True,
3,1,000024,1790194607.3941565,33337.2777454,192.64334940000117,candidate-measurement,0FF4A0,valid,1045664,-1,True,
3,1,000024,1790194607.5861673,33337.4697548,192.83535879999545,candidate-measurement,0FF49E,valid,1045662,-2,True,
3,1,000024,1790194607.7781522,33337.6617404,193.02734439999767,candidate-measurement,0FF49D,valid,1045661,-1,True,
3,1,000024,1790194607.9695566,33337.8531468,193.21875079999882,candidate-measurement,0FF49B,valid,1045659,-2,True,
3,1,000024,1790194608.1771793,33338.0607677,193.42637169999944,candidate-measurement,0FF49A,valid,1045658,-1,True,
3,1,000024,1790194608.3691301,33338.2527183,193.6183222999971,candidate-measurement,0FF49A,valid,1045658,0,True,
3,1,000024,1790194608.5611196,33338.4447097,193.81031369999982,candidate-measurement,0FF49A,valid,1045658,0,True,
3,1,000024,1790194608.769114,33338.6527047,194.01830869999685,candidate-measurement,0FF49A,valid,1045658,0,True,
3,1,000024,1790194608.9605281,33338.8441183,194.20972230000189,candidate-measurement,0FF498,valid,1045656,-2,True,
3,1,000024,1790194609.152524,33339.0361138,194.40171779999946,candidate-measurement,0FF498,valid,1045656,0,True,
3,1,000024,1790194609.3600986,33339.2436869,194.6092908999999,candidate-measurement,0FF498,valid,1045656,0,True,
3,1,000024,1790194609.5521107,33339.4357011,194.80130510000163,candidate-measurement,0FF497,valid,1045655,-1,True,
3,1,000024,1790194609.7435,33339.6270913,194.99269529999583,candidate-measurement,0FF495,valid,1045653,-2,True,
3,1,000024,1790194609.9350772,33339.8186685,195.18427249999513,candidate-measurement,0FF494,valid,1045652,-1,True,
3,1,000024,1790194610.1430755,33340.0266638,195.39226780000172,candidate-measurement,0FF494,valid,1045652,0,True,
3,1,000024,1790194610.335066,33340.2186549,195.58425890000217,candidate-measurement,0FF493,valid,1045651,-1,True,
3,1,000024,1790194610.5264819,33340.4100708,195.7756747999956,candidate-measurement,0FF493,valid,1045651,0,True,
3,1,000024,1790194610.7344835,33340.6180747,195.9836787000022,candidate-measurement,0FF493,valid,1045651,0,True,
3,1,000024,1790194610.9260464,33340.8096361,196.1752400999976,candidate-measurement,0FF493,valid,1045651,0,True,
3,1,000024,1790194611.1180394,33341.0016277,196.36723170000187,candidate-measurement,0FF492,valid,1045650,-1,True,
3,1,000024,1790194611.3260388,33341.2096269,196.57523090000177,candidate-measurement,0FF48E,valid,1045646,-4,True,
3,1,000024,1790194611.5180306,33341.4016181,196.7672220999957,candidate-measurement,0FF488,valid,1045640,-6,True,
3,1,000024,1790194611.7094405,33341.5930287,196.95863269999973,candidate-measurement,0FF486,valid,1045638,-2,True,
3,1,000024,1790194611.9014304,33341.7850219,197.15062590000161,candidate-measurement,0FF483,valid,1045635,-3,True,
3,1,000024,1790194612.1090117,33341.9926002,197.358204199998,candidate-measurement,0FF482,valid,1045634,-1,True,
3,1,000024,1790194612.300999,33342.1845877,197.55019170000014,candidate-measurement,0FF481,valid,1045633,-1,True,
3,1,000024,1790194612.4929974,33342.3765859,197.74218989999645,candidate-measurement,0FF481,valid,1045633,0,True,
3,1,000024,1790194612.7004256,33342.5840147,197.9496186999968,candidate-measurement,0FF481,valid,1045633,0,True,
3,1,000024,1790194612.8924263,33342.7760169,198.14162090000173,candidate-measurement,0FF481,valid,1045633,0,True,
3,1,000024,1790194613.0839741,33342.9675641,198.33316809999815,candidate-measurement,0FF480,valid,1045632,-1,True,
3,1,000024,1790194613.2919688,33343.1755578,198.54116179999983,candidate-measurement,0FF47A,valid,1045626,-6,True,
3,1,000024,1790194613.4839625,33343.3675513,198.73315529999672,candidate-measurement,0FF470,valid,1045616,-10,True,
3,1,000024,1790194613.6759565,33343.5595474,198.92515139999887,candidate-measurement,0FF46D,valid,1045613,-3,True,
3,1,000024,1790194613.8679464,33343.7515379,199.11714190000203,candidate-measurement,0FF46A,valid,1045610,-3,True,
3,1,000024,1790194614.0753653,33343.9589558,199.3245597999994,candidate-measurement,0FF468,valid,1045608,-2,True,
3,1,000024,1790194614.2673628,33344.1509512,199.51655519999622,candidate-measurement,0FF467,valid,1045607,-1,True,
3,1,000024,1790194614.4589367,33344.3425251,199.7081290999995,candidate-measurement,0FF464,valid,1045604,-3,True,
3,1,000024,1790194614.6669297,33344.5505193,199.9161232999977,candidate-measurement,0FF463,valid,1045603,-1,True,
3,1,000024,1790194614.858919,33344.7425097,200.1081137000001,candidate-measurement,0FF45F,valid,1045599,-4,True,
3,1,000024,1790194615.050336,33344.9339254,200.2995293999993,candidate-measurement,0FF45D,valid,1045597,-2,True,
3,1,000024,1790194615.2583303,33345.1419188,200.5075227999987,candidate-measurement,0FF45C,valid,1045596,-1,True,
3,1,000024,1790194615.465901,33345.3494886,200.71509259999584,candidate-measurement,0FF45B,valid,1045595,-1,True,
3,1,000024,1790194615.6578946,33345.5414829,200.90708689999883,candidate-measurement,0FF45A,valid,1045594,-1,True,
3,1,000024,1790194615.8498828,33345.7334723,201.0990763000009,candidate-measurement,0FF45A,valid,1045594,0,True,
3,1,000024,1790194616.041301,33345.9248888,201.2904927999989,candidate-measurement,0FF459,valid,1045593,-1,True,
3,1,000024,1790194616.233315,33346.1169033,201.48250729999563,candidate-measurement,0FF458,valid,1045592,-1,True,
3,1,000024,1790194616.4248784,33346.3084675,201.6740714999978,candidate-measurement,0FF456,valid,1045590,-2,True,
3,1,000024,1790194616.632857,33346.5164459,201.8820498999994,candidate-measurement,0FF455,valid,1045589,-1,True,
3,1,000024,1790194616.824278,33346.7078665,202.07347049999953,candidate-measurement,0FF452,valid,1045586,-3,True,
3,1,000024,1790194617.0162559,33346.8998469,202.26545089999854,candidate-measurement,0FF450,valid,1045584,-2,True,
3,1,000024,1790194617.2238414,33347.1074296,202.47303359999933,candidate-measurement,0FF44D,valid,1045581,-3,True,
3,1,000024,1790194617.4158359,33347.2994257,202.66502970000147,candidate-measurement,0FF44B,valid,1045579,-2,True,
3,1,000024,1790194617.6078272,33347.4914159,202.85701990000234,candidate-measurement,0FF448,valid,1045576,-3,True,
3,1,000024,1790194617.7992392,33347.6828307,203.04843470000196,candidate-measurement,0FF447,valid,1045575,-1,True,
3,1,000024,1790194618.0072322,33347.890823,203.25642700000026,candidate-measurement,0FF446,valid,1045574,-1,True,
3,1,000024,1790194618.1988177,33348.0824059,203.4480098999993,candidate-measurement,0FF444,valid,1045572,-2,True,
3,1,000024,1790194618.3908057,33348.2743945,203.63999849999527,candidate-measurement,0FF442,valid,1045570,-2,True,
3,1,000024,1790194618.5988016,33348.4823903,203.8479942999984,candidate-measurement,0FF441,valid,1045569,-1,True,
3,1,000024,1790194618.7907825,33348.674374,204.0399780000007,candidate-measurement,0FF440,valid,1045568,-1,True,
3,1,000024,1790194618.9821951,33348.8657866,204.23139059999812,candidate-measurement,0FF440,valid,1045568,0,True,
3,1,000024,1790194619.189775,33349.0733638,204.43896780000068,candidate-measurement,0FF440,valid,1045568,0,True,
3,1,000024,1790194619.3817759,33349.2653645,204.63096850000147,candidate-measurement,0FF43E,valid,1045566,-2,True,
3,1,000024,1790194619.5737653,33349.4573554,204.8229594000004,candidate-measurement,0FF43E,valid,1045566,0,True,
3,1,000024,1790194619.7651803,33349.6487711,205.0143750999996,candidate-measurement,0FF43E,valid,1045566,0,True,
3,1,000024,1790194619.9731777,33349.8567685,205.22237250000035,candidate-measurement,0FF43D,valid,1045565,-1,True,
3,1,000024,1790194620.1651766,33350.0487646,205.4143685999952,candidate-measurement,0FF43B,valid,1045563,-2,True,
3,1,000024,1790194620.3567436,33350.2403323,205.6059363000022,candidate-measurement,0FF43A,valid,1045562,-1,True,
3,1,000024,1790194620.5647333,33350.4483224,205.8139263999983,candidate-measurement,0FF43A,valid,1045562,0,True,
3,1,000024,1790194620.7567227,33350.6403135,206.00591749999876,candidate-measurement,0FF439,valid,1045561,-1,True,
3,1,000024,1790194620.9481382,33350.8317272,206.19733119999728,candidate-measurement,0FF439,valid,1045561,0,True,
3,1,000024,1790194621.1561377,33351.0397258,206.4053297999999,candidate-measurement,0FF439,valid,1045561,0,True,
3,1,000024,1790194621.3477128,33351.231301,206.59690499999851,candidate-measurement,0FF439,valid,1045561,0,True,
3,1,000024,1790194621.5396993,33351.4232905,206.78889450000133,candidate-measurement,0FF437,valid,1045559,-2,True,
3,1,000024,1790194621.7316966,33351.6152877,206.9808916999973,candidate-measurement,0FF436,valid,1045558,-1,True,
3,1,000024,1790194621.939109,33351.8226991,207.18830309999612,candidate-measurement,0FF42E,valid,1045550,-8,True,
3,1,000024,1790194622.1311052,33352.0146954,207.38029939999979,candidate-measurement,0FF42B,valid,1045547,-3,True,
3,1,000024,1790194622.3231027,33352.2066913,207.5722953000004,candidate-measurement,0FF428,valid,1045544,-3,True,
3,1,000024,1790194622.530665,33352.4142552,207.77985919999628,candidate-measurement,0FF427,valid,1045543,-1,True,
3,1,000024,1790194622.7226665,33352.6062553,207.97185929999978,candidate-measurement,0FF427,valid,1045543,0,True,
3,1,000024,1790194622.9146574,33352.7982488,208.16385279999668,candidate-measurement,0FF427,valid,1045543,0,True,
3,1,000024,1790194623.1220686,33353.0056595,208.37126349999744,candidate-measurement,0FF427,valid,1045543,0,True,
3,1,000024,1790194623.3140903,33353.1976789,208.5632828999951,candidate-measurement,0FF425,valid,1045541,-2,True,
3,1,000024,1790194623.505658,33353.3892472,208.7548511999994,candidate-measurement,0FF425,valid,1045541,0,True,
3,1,000024,1790194623.697637,33353.5812266,208.94683059999807,candidate-measurement,0FF41E,valid,1045534,-7,True,
3,1,000024,1790194623.905625,33353.7892135,209.1548174999989,candidate-measurement,0FF414,valid,1045524,-10,True,
3,1,000024,1790194624.0970378,33353.9806289,209.3462328999958,candidate-measurement,0FF411,valid,1045521,-3,True,
3,1,000024,1790194624.289051,33354.17264,209.53824399999576,candidate-measurement,0FF40E,valid,1045518,-3,True,
3,1,000024,1790194624.496602,33354.3801907,209.74579470000026,candidate-measurement,0FF40C,valid,1045516,-2,True,
3,1,000024,1790194624.6886027,33354.572193,209.93779699999868,candidate-measurement,0FF409,valid,1045513,-3,True,
3,1,000024,1790194624.8805914,33354.7641823,210.12978629999998,candidate-measurement,0FF405,valid,1045509,-4,True,
3,1,000024,1790194625.088009,33354.9715973,210.3372012999971,candidate-measurement,0FF403,valid,1045507,-2,True,
3,1,000024,1790194625.2800055,33355.1635934,210.52919739999925,candidate-measurement,0FF402,valid,1045506,-1,True,
3,1,000024,1790194625.471576,33355.3551663,210.7207703000022,candidate-measurement,0FF401,valid,1045505,-1,True,
3,1,000024,1790194625.663605,33355.5471929,210.91279689999647,candidate-measurement,0FF400,valid,1045504,-1,True,
3,1,000024,1790194625.8715618,33355.7551531,211.12075709999772,candidate-measurement,0FF400,valid,1045504,0,True,
3,1,000024,1790194626.0629785,33355.9465677,211.31217169999582,candidate-measurement,0FF3FF,valid,1045503,-1,True,
3,1,000024,1790194626.2549715,33356.1385597,211.50416369999584,candidate-measurement,0FF3FE,valid,1045502,-1,True,
3,1,000024,1790194626.4625423,33356.346132,211.71173599999747,candidate-measurement,0FF3FD,valid,1045501,-1,True,
3,1,000024,1790194626.654539,33356.5381291,211.90373309999995,candidate-measurement,0FF3FC,valid,1045500,-1,True,
3,1,000024,1790194626.8465366,33356.7301258,212.0957297999994,candidate-measurement,0FF3FA,valid,1045498,-2,True,
3,1,000024,1790194627.0539455,33356.9375351,212.30313909999677,candidate-measurement,0FF3F8,valid,1045496,-2,True,
3,1,000024,1790194627.2459352,33357.1295241,212.49512809999578,candidate-measurement,0FF3F8,valid,1045496,0,True,
3,1,000024,1790194627.4375505,33357.3211412,212.6867452000006,candidate-measurement,0FF3F7,valid,1045495,-1,True,
3,1,000024,1790194627.6294985,33357.5130894,212.8786934000018,candidate-measurement,0FF3F5,valid,1045493,-2,True,
3,1,000024,1790194627.8375015,33357.7210907,213.08669469999586,candidate-measurement,0FF3F2,valid,1045490,-3,True,
3,1,000024,1790194628.028912,33357.9125032,213.2781071999998,candidate-measurement,0FF3EF,valid,1045487,-3,True,
3,1,000024,1790194628.2209098,33358.1044988,213.47010279999813,candidate-measurement,0FF3ED,valid,1045485,-2,True,
3,1,000024,1790194628.42852,33358.3121101,213.6777140999984,candidate-measurement,0FF3EB,valid,1045483,-2,True,
3,1,000024,1790194628.620483,33358.504071,213.86967500000173,candidate-measurement,0FF3EA,valid,1045482,-1,True,
3,1,000024,1790194628.8124647,33358.6960553,214.06165930000134,candidate-measurement,0FF3E8,valid,1045480,-2,True,
3,1,000024,1790194629.0044603,33358.8880511,214.2536551000012,candidate-measurement,0FF3E7,valid,1045479,-1,True,
3,1,000024,1790194629.2118943,33359.0954818,214.46108580000146,candidate-measurement,0FF3E6,valid,1045478,-1,True,
3,1,000024,1790194629.4038668,33359.2874552,214.6530591999981,candidate-measurement,0FF3E6,valid,1045478,0,True,
3,1,000024,1790194629.5954347,33359.4790252,214.84462920000078,candidate-measurement,0FF3E6,valid,1045478,0,True,
3,1,000024,1790194629.803435,33359.687026,215.05262999999832,candidate-measurement,0FF3E5,valid,1045477,-1,True,
3,1,000024,1790194629.9954255,33359.8790142,215.2446181999985,candidate-measurement,0FF3E4,valid,1045476,-1,True,
3,1,000024,1790194630.1874366,33360.0710242,215.43662819999736,candidate-measurement,0FF3E4,valid,1045476,0,True,
3,1,000024,1790194630.394835,33360.2784233,215.6440272999971,candidate-measurement,0FF3E4,valid,1045476,0,True,
3,1,000024,1790194630.5868342,33360.470423,215.83602699999756,candidate-measurement,0FF3E3,valid,1045475,-1,True,
3,1,000024,1790194630.778853,33360.6624395,216.02804350000224,candidate-measurement,0FF3E1,valid,1045473,-2,True,
3,1,000024,1790194630.9708254,33360.8544136,216.22001759999694,candidate-measurement,0FF3E0,valid,1045472,-1,True,
3,1,000024,1790194631.1783924,33361.0619801,216.42758409999806,candidate-measurement,0FF3E0,valid,1045472,0,True,
3,1,000024,1790194631.370391,33361.2539788,216.61958279999817,candidate-measurement,0FF3DF,valid,1045471,-1,True,
3,1,000024,1790194631.561799,33361.4453891,216.8109930999999,candidate-measurement,0FF3DF,valid,1045471,0,True,
3,1,000024,1790194631.7698243,33361.6534139,217.0190178999983,candidate-measurement,0FF3DF,valid,1045471,0,True,
3,1,000024,1790194631.9613671,33361.8449559,217.21055989999877,candidate-measurement,0FF3DF,valid,1045471,0,True,
3,1,000024,1790194632.1533604,33362.0369504,217.402554399996,candidate-measurement,0FF3DF,valid,1045471,0,True,
3,1,000024,1790194632.361362,33362.24495,217.61055399999896,candidate-measurement,0FF3DE,valid,1045470,-1,True,
3,1,000024,1790194632.5533545,33362.4369452,217.80254920000152,candidate-measurement,0FF3D9,valid,1045465,-5,True,
3,1,000024,1790194632.74534,33362.6289306,217.99453460000223,candidate-measurement,0FF3D4,valid,1045460,-5,True,
3,1,000024,1790194632.9367876,33362.8203753,218.1859792999967,candidate-measurement,0FF3D2,valid,1045458,-2,True,
3,1,000024,1790194633.144754,33363.0283444,218.39394840000023,candidate-measurement,0FF3CF,valid,1045455,-3,True,
3,1,000024,1790194633.3367748,33363.2203631,218.58596709999983,candidate-measurement,0FF3CE,valid,1045454,-1,True,
3,1,000024,1790194633.5283203,33363.4119084,218.77751239999634,candidate-measurement,0FF3CE,valid,1045454,0,True,
3,1,000024,1790194633.7363114,33363.6198994,218.9855033999993,candidate-measurement,0FF3CD,valid,1045453,-1,True,
3,1,000024,1790194633.9282973,33363.8118877,219.17749170000025,candidate-measurement,0FF3CD,valid,1045453,0,True,
3,1,000024,1790194634.1203032,33364.0038909,219.36949489999824,candidate-measurement,0FF3CD,valid,1045453,0,True,
3,1,000024,1790194634.3277073,33364.2112956,219.57689959999698,candidate-measurement,0FF3CD,valid,1045453,0,True,
3,1,000024,1790194634.519706,33364.4032953,219.76889929999743,candidate-measurement,0FF3CD,valid,1045453,0,True,
3,1,000024,1790194634.7112808,33364.5948694,219.96047340000223,candidate-measurement,0FF3C9,valid,1045449,-4,True,
3,1,000024,1790194634.9032667,33364.7868565,220.15246050000133,candidate-measurement,0FF3BC,valid,1045436,-13,True,
3,1,000024,1790194635.1106856,33364.9942761,220.3598800999971,candidate-measurement,0FF3B8,valid,1045432,-4,True,
3,1,000024,1790194635.3026876,33365.1862758,220.55187979999755,candidate-measurement,0FF3B5,valid,1045429,-3,True,
3,1,000024,1790194635.4942534,33365.3778427,220.74344669999846,candidate-measurement,0FF3B4,valid,1045428,-1,True,
3,1,000024,1790194635.702242,33365.5858305,220.95143449999887,candidate-measurement,0FF3B1,valid,1045425,-3,True,
3,1,000024,1790194635.8936653,33365.7772538,221.14285779999773,candidate-measurement,0FF3AE,valid,1045422,-3,True,
3,1,000024,1790194636.0856578,33365.9692462,221.3348502000008,candidate-measurement,0FF3AA,valid,1045418,-4,True,
3,1,000024,1790194636.2936494,33366.1772374,221.542841399998,candidate-measurement,0FF3A8,valid,1045416,-2,True,
3,1,000024,1790194636.4852202,33366.3688094,221.73441340000136,candidate-measurement,0FF3A7,valid,1045415,-1,True,
3,1,000024,1790194636.6772165,33366.5608051,221.92640910000046,candidate-measurement,0FF3A6,valid,1045414,-1,True,
3,1,000024,1790194636.8692012,33366.7527908,222.11839479999617,candidate-measurement,0FF3A6,valid,1045414,0,True,
3,1,000024,1790194637.076625,33366.9602137,222.32581769999524,candidate-measurement,0FF3A5,valid,1045413,-1,True,
3,1,000024,1790194637.2686365,33367.1522247,222.5178287000017,candidate-measurement,0FF3A3,valid,1045411,-2,True,
3,1,000024,1790194637.4606147,33367.3442035,222.7098074999958,candidate-measurement,0FF3A2,valid,1045410,-1,True,
3,1,000024,1790194637.6681974,33367.5517879,222.91739190000226,candidate-measurement,0FF3A0,valid,1045408,-2,True,
3,1,000024,1790194637.8601785,33367.7437673,223.10937130000093,candidate-measurement,0FF39E,valid,1045406,-2,True,
3,1,000024,1790194638.0521722,33367.9357607,223.30136469999707,candidate-measurement,0FF39E,valid,1045406,0,True,
3,1,000024,1790194638.259587,33368.1431755,223.50877949999995,candidate-measurement,0FF39C,valid,1045404,-2,True,
3,1,000024,1790194638.4511697,33368.3347599,223.70036389999586,candidate-measurement,0FF399,valid,1045401,-3,True,
3,1,000024,1790194638.6431546,33368.5267432,223.89234719999513,candidate-measurement,0FF397,valid,1045399,-2,True,
3,1,000024,1790194638.8351452,33368.7187337,224.0843376999983,candidate-measurement,0FF395,valid,1045397,-2,True,
3,1,000024,1790194639.0425715,33368.9261627,224.29176670000015,candidate-measurement,0FF394,valid,1045396,-1,True,
3,1,000024,1790194639.2345564,33369.1181447,224.4837486999968,candidate-measurement,0FF392,valid,1045394,-2,True,
3,1,000024,1790194639.42655,33369.3101381,224.6757421000002,candidate-measurement,0FF390,valid,1045392,-2,True,
3,1,000024,1790194639.6341202,33369.5177084,224.88331240000116,candidate-measurement,0FF38F,valid,1045391,-1,True,
3,1,000024,1790194639.8261075,33369.709696,225.0752999999968,candidate-measurement,0FF38D,valid,1045389,-2,True,
3,1,000024,1790194640.0181293,33369.9016955,225.26729949999572,candidate-measurement,0FF38C,valid,1045388,-1,True,
3,1,000024,1790194640.226101,33370.1096887,225.47529270000086,candidate-measurement,0FF38C,valid,1045388,0,True,
3,1,000024,1790194640.433519,33370.3171071,225.68271110000205,candidate-measurement,0FF38C,valid,1045388,0,True,
3,1,000024,1790194640.6255107,33370.5090995,225.87470349999785,candidate-measurement,0FF38A,valid,1045386,-2,True,
3,1,000024,1790194640.817089,33370.7006773,226.06628130000172,candidate-measurement,0FF38A,valid,1045386,0,True,
3,1,000024,1790194641.0090735,33370.8926627,226.25826669999515,candidate-measurement,0FF38A,valid,1045386,0,True,
3,1,000024,1790194641.201073,33371.0846612,226.450265200001,candidate-measurement,0FF389,valid,1045385,-1,True,
3,1,000024,1790194641.3930588,33371.2766477,226.64225169999554,candidate-measurement,0FF387,valid,1045383,-2,True,
3,1,000024,1790194641.6004786,33371.4840677,226.84967170000164,candidate-measurement,0FF386,valid,1045382,-1,True,
3,1,000024,1790194641.7924888,33371.6760769,227.04168090000167,candidate-measurement,0FF386,valid,1045382,0,True,
3,1,000024,1790194641.984464,33371.868055,227.23365899999772,candidate-measurement,0FF385,valid,1045381,-1,True,
3,1,000024,1790194642.1921277,33372.0757145,227.44131850000122,candidate-measurement,0FF385,valid,1045381,0,True,
3,1,000024,1790194642.3840325,33372.2676208,227.63322479999624,candidate-measurement,0FF385,valid,1045381,0,True,
3,1,000024,1790194642.5760205,33372.4596082,227.82521219999762,candidate-measurement,0FF385,valid,1045381,0,True,
3,1,000024,1790194642.768018,33372.6516091,228.01721309999994,candidate-measurement,0FF385,valid,1045381,0,True,
3,1,000024,1790194642.9754498,33372.8590381,228.2246421000018,candidate-measurement,0FF384,valid,1045380,-1,True,
3,1,000024,1790194643.1674187,33373.0510092,228.41661319999548,candidate-measurement,0FF380,valid,1045376,-4,True,
3,1,000024,1790194643.359423,33373.2430118,228.6086157999962,candidate-measurement,0FF379,valid,1045369,-7,True,
3,1,000024,1790194643.5669954,33373.4505843,228.81618829999934,candidate-measurement,0FF376,valid,1045366,-3,True,
3,1,000024,1790194643.759382,33373.642969,229.00857299999916,candidate-measurement,0FF374,valid,1045364,-2,True,
3,1,000024,1790194643.95098,33373.8345682,229.20017219999863,candidate-measurement,0FF373,valid,1045363,-1,True,
3,1,000024,1790194644.1583931,33374.0419835,229.40758749999804,candidate-measurement,0FF373,valid,1045363,0,True,
3,1,000024,1790194644.350392,33374.2339806,229.59958460000053,candidate-measurement,0FF373,valid,1045363,0,True,
3,1,000024,1790194644.5419643,33374.4255535,229.7911574999962,candidate-measurement,0FF373,valid,1045363,0,True,
3,1,000024,1790194644.7339535,33374.6175422,229.9831462000002,candidate-measurement,0FF372,valid,1045362,-1,True,
3,1,000024,1790194644.941948,33374.8255363,230.19114029999764,candidate-measurement,0FF370,valid,1045360,-2,True,
3,1,000024,1790194645.1333578,33375.0169484,230.38255239999853,candidate-measurement,0FF363,valid,1045347,-13,True,
3,1,000024,1790194645.3253565,33375.2089459,230.57454989999678,candidate-measurement,0FF35E,valid,1045342,-5,True,
3,1,000024,1790194645.532932,33375.4165206,230.78212460000213,candidate-measurement,0FF35B,valid,1045339,-3,True,
3,1,000024,1790194645.724917,33375.6085073,230.97411129999819,candidate-measurement,0FF359,valid,1045337,-2,True,
3,1,000024,1790194645.9169111,33375.8005016,231.16610560000117,candidate-measurement,0FF356,valid,1045334,-3,True,
3,1,000024,1790194646.108913,33375.9925012,231.35810520000086,candidate-measurement,0FF354,valid,1045332,-2,True,
3,1,000024,1790194646.3163223,33376.1999107,231.56551469999977,candidate-measurement,0FF351,valid,1045329,-3,True,
3,1,000024,1790194646.5083122,33376.391902,231.75750600000174,candidate-measurement,0FF34F,valid,1045327,-2,True,
3,1,000024,1790194646.69989,33376.583481,231.9490850000002,candidate-measurement,0FF34E,valid,1045326,-1,True,
3,1,000024,1790194646.907882,33376.7914734,232.15707739999925,candidate-measurement,0FF34D,valid,1045325,-1,True,
3,1,000024,1790194647.099882,33376.9834704,232.34907440000097,candidate-measurement,0FF34C,valid,1045324,-1,True,
3,1,000024,1790194647.2918718,33377.175461,232.54106499999762,candidate-measurement,0FF34C,valid,1045324,0,True,
3,1,000024,1790194647.4992845,33377.3828744,232.7484783999971,candidate-measurement,0FF34B,valid,1045323,-1,True,
3,1,000024,1790194647.6912792,33377.5748697,232.94047370000044,candidate-measurement,0FF34A,valid,1045322,-1,True,
3,1,000024,1790194647.8828475,33377.7664384,233.1320424000005,candidate-measurement,0FF348,valid,1045320,-2,True,
3,1,000024,1790194648.0748463,33377.9584348,233.32403879999765,candidate-measurement,0FF348,valid,1045320,0,True,
3,1,000024,1790194648.2828522,33378.1664406,233.53204459999688,candidate-measurement,0FF346,valid,1045318,-2,True,
3,1,000024,1790194648.474833,33378.3584233,233.72402729999885,candidate-measurement,0FF344,valid,1045316,-2,True,
3,1,000024,1790194648.6662393,33378.5498295,233.91543349999847,candidate-measurement,0FF344,valid,1045316,0,True,
3,1,000024,1790194648.874257,33378.7578469,234.12345089999872,candidate-measurement,0FF344,valid,1045316,0,True,
3,1,000024,1790194649.0662327,33378.9498218,234.3154257999995,candidate-measurement,0FF342,valid,1045314,-2,True,
3,1,000024,1790194649.2578583,33379.141447,234.5070510000005,candidate-measurement,0FF341,valid,1045313,-1,True,
3,1,000024,1790194649.4658008,33379.3493903,234.71499429999676,candidate-measurement,0FF33E,valid,1045310,-3,True,
3,1,000024,1790194649.673215,33379.5568034,234.92240740000125,candidate-measurement,0FF33D,valid,1045309,-1,True,
3,1,000024,1790194649.8652055,33379.7487967,235.11440069999662,candidate-measurement,0FF33A,valid,1045306,-3,True,
3,1,000024,1790194650.056783,33379.9403727,235.30597670000134,candidate-measurement,0FF338,valid,1045304,-2,True,
3,1,000024,1790194650.2487776,33380.1323666,235.49797060000128,candidate-measurement,0FF336,valid,1045302,-2,True,
3,1,000024,1790194650.440768,33380.3243583,235.68996229999902,candidate-measurement,0FF334,valid,1045300,-2,True,
3,1,000024,1790194650.632757,33380.5163464,235.88195039999846,candidate-measurement,0FF332,valid,1045298,-2,True,
3,1,000024,1790194650.8401947,33380.7237853,236.08938929999567,candidate-measurement,0FF332,valid,1045298,0,True,
3,1,000024,1790194651.032172,33380.9157624,236.28136639999866,candidate-measurement,0FF332,valid,1045298,0,True,
3,1,000024,1790194651.2237484,33381.1073376,236.47294159999728,candidate-measurement,0FF332,valid,1045298,0,True,
3,1,000024,1790194651.4317489,33381.3153374,236.68094140000176,candidate-measurement,0FF330,valid,1045296,-2,True,
3,1,000024,1790194651.6237323,33381.5073224,236.87292639999941,candidate-measurement,0FF330,valid,1045296,0,True,
3,1,000024,1790194651.8157215,33381.6993125,237.06491649999953,candidate-measurement,0FF330,valid,1045296,0,True,
3,1,000024,1790194652.0071409,33381.8907308,237.2563347999967,candidate-measurement,0FF32F,valid,1045295,-1,True,
3,1,000024,1790194652.2151318,33382.0987197,237.4643236999982,candidate-measurement,0FF32E,valid,1045294,-1,True,
3,1,000024,1790194652.4067085,33382.2902976,237.65590159999556,candidate-measurement,0FF32C,valid,1045292,-2,True,
3,1,000024,1790194652.5986981,33382.4822886,237.84789259999525,candidate-measurement,0FF32C,valid,1045292,0,True,
3,1,000024,1790194652.8066916,33382.6902825,238.05588649999845,candidate-measurement,0FF32B,valid,1045291,-1,True,
3,1,000024,1790194652.998687,33382.8822776,238.24788160000026,candidate-measurement,0FF32B,valid,1045291,0,True,
3,1,000024,1790194653.190693,33383.0742806,238.43988459999673,candidate-measurement,0FF32B,valid,1045291,0,True,
3,1,000024,1790194653.3980916,33383.2816822,238.64728620000096,candidate-measurement,0FF32B,valid,1045291,0,True,
3,1,000024,1790194653.5900886,33383.4736796,238.83928359999845,candidate-measurement,0FF32B,valid,1045291,0,True,
3,1,000024,1790194653.781678,33383.6652664,239.0308703999981,candidate-measurement,0FF329,valid,1045289,-2,True,
3,1,000024,1790194653.9736505,33383.8572391,239.22284309999668,candidate-measurement,0FF326,valid,1045286,-3,True,
3,1,000024,1790194654.181076,33384.0646643,239.43026829999872,candidate-measurement,0FF31E,valid,1045278,-8,True,
3,1,000024,1790194654.373068,33384.2566575,239.6222615000006,candidate-measurement,0FF31B,valid,1045275,-3,True,
3,1,000024,1790194654.5650532,33384.4486417,239.81424569999945,candidate-measurement,0FF319,valid,1045273,-2,True,
3,1,000024,1790194654.772631,33384.6562191,240.02182309999625,candidate-measurement,0FF319,valid,1045273,0,True,
3,1,000024,1790194654.9646232,33384.8482131,240.21381709999696,candidate-measurement,0FF319,valid,1045273,0,True,
3,1,000024,1790194655.1566167,33385.0402068,240.40581079999538,candidate-measurement,0FF319,valid,1045273,0,True,
3,1,000024,1790194655.3640323,33385.2476215,240.6132254999975,candidate-measurement,0FF317,valid,1045271,-2,True,
3,1,000024,1790194655.5560308,33385.439619,240.80522299999575,candidate-measurement,0FF314,valid,1045268,-3,True,
3,1,000024,1790194655.7475994,33385.6311897,240.9967936999965,candidate-measurement,0FF308,valid,1045256,-12,True,
3,1,000024,1790194655.9395833,33385.8231747,241.18877870000142,candidate-measurement,0FF302,valid,1045250,-6,True,
3,1,000024,1790194656.1470034,33386.0305915,241.3961954999977,candidate-measurement,0FF300,valid,1045248,-2,True,
3,1,000024,1790194656.3389993,33386.222588,241.58819199999562,candidate-measurement,0FF2FC,valid,1045244,-4,True,
3,1,000024,1790194656.530996,33386.4145855,241.78018950000114,candidate-measurement,0FF2F7,valid,1045239,-5,True,
3,1,000024,1790194656.7385669,33386.6221553,241.9877592999983,candidate-measurement,0FF2F4,valid,1045236,-3,True,
3,1,000024,1790194656.9305532,33386.8141443,242.1797482999973,candidate-measurement,0FF2F2,valid,1045234,-2,True,
3,1,000024,1790194657.122553,33387.0061429,242.37174689999665,candidate-measurement,0FF2F1,valid,1045233,-1,True,
3,1,000024,1790194657.3305495,33387.214138,242.57974200000172,candidate-measurement,0FF2F0,valid,1045232,-1,True,
3,1,000024,1790194657.537956,33387.421547,242.7871509999968,candidate-measurement,0FF2EE,valid,1045230,-2,True,
3,1,000024,1790194657.729533,33387.6131235,242.97872749999806,candidate-measurement,0FF2ED,valid,1045229,-1,True,
3,1,000024,1790194657.9215207,33387.8051124,243.1707163999963,candidate-measurement,0FF2EA,valid,1045226,-3,True,
3,1,000024,1790194658.1135252,33387.997114,243.36271799999668,candidate-measurement,0FF2EA,valid,1045226,0,True,
3,1,000024,1790194658.3049521,33388.1885404,243.5541443999973,candidate-measurement,0FF2E9,valid,1045225,-1,True,
3,1,000024,1790194658.4969306,33388.3805218,243.74612579999666,candidate-measurement,0FF2E6,valid,1045222,-3,True,
3,1,000024,1790194658.7049208,33388.5885119,243.95411590000003,candidate-measurement,0FF2E4,valid,1045220,-2,True,
3,1,000024,1790194658.8964942,33388.7800854,244.14568940000026,candidate-measurement,0FF2E1,valid,1045217,-3,True,
3,1,000024,1790194659.088494,33388.9720829,244.33768689999852,candidate-measurement,0FF2DF,valid,1045215,-2,True,
3,1,000024,1790194659.2964876,33389.1800758,244.54567980000138,candidate-measurement,0FF2DD,valid,1045213,-2,True,
3,1,000024,1790194659.5038948,33389.3874851,244.75308909999876,candidate-measurement,0FF2DC,valid,1045212,-1,True,
3,1,000024,1790194659.6958897,33389.5794807,244.9450846999971,candidate-measurement,0FF2DA,valid,1045210,-2,True,
3,1,000024,1790194659.8874648,33389.7710542,245.13665819999733,candidate-measurement,0FF2D8,valid,1045208,-2,True,
3,1,000024,1790194660.0794582,33389.9630489,245.3286528999961,candidate-measurement,0FF2D8,valid,1045208,0,True,
3,1,000024,1790194660.2714536,33390.1550417,245.5206457000022,candidate-measurement,0FF2D8,valid,1045208,0,True,
3,1,000024,1790194660.4628642,33390.3464553,245.71205929999996,candidate-measurement,0FF2D8,valid,1045208,0,True,
3,1,000024,1790194660.6708608,33390.5544494,245.9200533999974,candidate-measurement,0FF2D7,valid,1045207,-1,True,
3,1,000024,1790194660.8624349,33390.746025,246.11162899999908,candidate-measurement,0FF2D7,valid,1045207,0,True,
3,1,000024,1790194661.0544326,33390.9380234,246.3036273999969,candidate-measurement,0FF2D6,valid,1045206,-1,True,
3,1,000024,1790194661.262422,33391.1460103,246.51161429999775,candidate-measurement,0FF2D4,valid,1045204,-2,True,
3,1,000024,1790194661.453842,33391.3374302,246.70303419999982,candidate-measurement,0FF2D3,valid,1045203,-1,True,
3,1,000024,1790194661.6458268,33391.5294174,246.89502139999968,candidate-measurement,0FF2D2,valid,1045202,-1,True,
3,1,000024,1790194661.837405,33391.7209961,247.08660009999585,candidate-measurement,0FF2D2,valid,1045202,0,True,
3,1,000024,1790194662.045395,33391.9289864,247.29459040000074,candidate-measurement,0FF2D2,valid,1045202,0,True,
3,1,000024,1790194662.2373927,33392.1209809,247.48658489999798,candidate-measurement,0FF2D1,valid,1045201,-1,True,
3,1,000024,1790194662.429384,33392.3129729,247.678576899998,candidate-measurement,0FF2D1,valid,1045201,0,True,
3,1,000024,1790194662.6367953,33392.5203861,247.88599009999598,candidate-measurement,0FF2D1,valid,1045201,0,True,
3,1,000024,1790194662.8288052,33392.7123961,248.0780001000021,candidate-measurement,0FF2D1,valid,1045201,0,True,
3,1,000024,1790194663.020361,33392.9039521,248.26955610000005,candidate-measurement,0FF2D1,valid,1045201,0,True,
3,1,000024,1790194663.2283456,33393.1119347,248.47753869999724,candidate-measurement,0FF2D0,valid,1045200,-1,True,
3,1,000024,1790194663.4203446,33393.3039352,248.6695391999965,candidate-measurement,0FF2C8,valid,1045192,-8,True,
3,1,000024,1790194663.611757,33393.4953478,248.8609518000012,candidate-measurement,0FF2C4,valid,1045188,-4,True,
3,1,000024,1790194663.803755,33393.6873463,249.0529502999998,candidate-measurement,0FF2C2,valid,1045186,-2,True,
3,1,000024,1790194664.011329,33393.8949174,249.26052139999956,candidate-measurement,0FF2C0,valid,1045184,-2,True,
3,1,000024,1790194664.2033348,33394.0869228,249.45252679999976,candidate-measurement,0FF2BF,valid,1045183,-1,True,
3,1,000024,1790194664.3953135,33394.2789042,249.6445081999991,candidate-measurement,0FF2BF,valid,1045183,0,True,
3,1,000024,1790194664.6033099,33394.4868998,249.8525038000007,candidate-measurement,0FF2BF,valid,1045183,0,True,
3,1,000024,1790194664.794722,33394.6783106,250.04391459999897,candidate-measurement,0FF2BF,valid,1045183,0,True,
3,1,000024,1790194664.9867282,33394.8703164,250.23592040000221,candidate-measurement,0FF2BF,valid,1045183,0,True,
3,1,000024,1790194665.1787195,33395.0623081,250.42791209999996,candidate-measurement,0FF2BC,valid,1045180,-3,True,
3,1,000024,1790194665.3862987,33395.2698876,250.6354915999982,candidate-measurement,0FF2B0,valid,1045168,-12,True,
3,1,000024,1790194665.5782878,33395.4618763,250.8274803000022,candidate-measurement,0FF2AA,valid,1045162,-6,True,
3,1,000024,1790194665.7702818,33395.6538708,251.01947479999944,candidate-measurement,0FF2A7,valid,1045159,-3,True,
3,1,000024,1790194665.9776874,33395.8612781,251.22688209999615,candidate-measurement,0FF2A5,valid,1045157,-2,True,
3,1,000024,1790194666.169685,33396.053274,251.41887799999677,candidate-measurement,0FF2A2,valid,1045154,-3,True,
3,1,000024,1790194666.3616762,33396.2452654,251.6108693999995,candidate-measurement,0FF2A0,valid,1045152,-2,True,
3,1,000024,1790194666.5692613,33396.4528506,251.8184545999975,candidate-measurement,0FF29B,valid,1045147,-5,True,
3,1,000024,1790194666.7612398,33396.6448305,252.01043449999997,candidate-measurement,0FF29A,valid,1045146,-1,True,
3,1,000024,1790194666.9532297,33396.8368207,252.20242470000085,candidate-measurement,0FF298,valid,1045144,-2,True,
3,1,000024,1790194667.1446502,33397.0282408,252.39384479999717,candidate-measurement,0FF298,valid,1045144,0,True,
3,1,000024,1790194667.35265,33397.2362384,252.60184239999944,candidate-measurement,0FF297,valid,1045143,-1,True,
3,1,000024,1790194667.544209,33397.4277984,252.79340239999874,candidate-measurement,0FF295,valid,1045141,-2,True,
3,1,000024,1790194667.7362125,33397.6198032,252.98540720000165,candidate-measurement,0FF294,valid,1045140,-1,True,
3,1,000024,1790194667.9442039,33397.8277947,253.19339870000113,candidate-measurement,0FF293,valid,1045139,-1,True,
3,1,000024,1790194668.1356056,33398.0191964,253.38480039999558,candidate-measurement,0FF290,valid,1045136,-3,True,
3,1,000024,1790194668.3276162,33398.2112049,253.57680889999756,candidate-measurement,0FF290,valid,1045136,0,True,
3,1,000024,1790194668.5351853,33398.4187755,253.7843795000008,candidate-measurement,0FF28F,valid,1045135,-1,True,
3,1,000024,1790194668.727189,33398.6107767,253.97638069999812,candidate-measurement,0FF28E,valid,1045134,-1,True,
3,1,000024,1790194668.9191682,33398.8027593,254.16836329999933,candidate-measurement,0FF28A,valid,1045130,-4,True,
3,1,000024,1790194669.110593,33398.9941809,254.3597848999998,candidate-measurement,0FF289,valid,1045129,-1,True,
3,1,000024,1790194669.3181694,33399.2017575,254.5673614999978,candidate-measurement,0FF287,valid,1045127,-2,True,
3,1,000024,1790194669.510155,33399.3937455,254.75934949999646,candidate-measurement,0FF284,valid,1045124,-3,True,
3,1,000024,1790194669.7021499,33399.5857393,254.95134329999564,candidate-measurement,0FF282,valid,1045122,-2,True,
3,1,000024,1790194669.9101422,33399.7937306,255.15933460000088,candidate-measurement,0FF280,valid,1045120,-2,True,
3,1,000024,1790194670.1015534,33399.9851437,255.3507477000021,candidate-measurement,0FF27E,valid,1045118,-2,True,
3,1,000024,1790194670.293555,33400.1771433,255.5427473000018,candidate-measurement,0FF27E,valid,1045118,0,True,
3,1,000024,1790194670.5011158,33400.3847061,255.75031009999657,candidate-measurement,0FF27E,valid,1045118,0,True,
3,1,000024,1790194670.6931176,33400.5767062,255.94231020000007,candidate-measurement,0FF27D,valid,1045117,-1,True,
3,1,000024,1790194670.8851058,33400.768695,256.13429899999755,candidate-measurement,0FF27D,valid,1045117,0,True,
3,1,000024,1790194671.0925298,33400.9761178,256.34172179999587,candidate-measurement,0FF27C,valid,1045116,-1,True,
3,1,000024,1790194671.2845228,33401.1681104,256.53371440000046,candidate-measurement,0FF27A,valid,1045114,-2,True,
3,1,000024,1790194671.4760933,33401.3596826,256.72528659999807,candidate-measurement,0FF279,valid,1045113,-1,True,
3,1,000024,1790194671.6680784,33401.5516675,256.91727150000224,candidate-measurement,0FF278,valid,1045112,-1,True,
3,1,000024,1790194671.8760743,33401.7596651,257.12526909999724,candidate-measurement,0FF278,valid,1045112,0,True,
3,1,000024,1790194672.0674903,33401.9510793,257.31668329999957,candidate-measurement,0FF277,valid,1045111,-1,True,
3,1,000024,1790194672.259507,33402.1430947,257.5086986999959,candidate-measurement,0FF277,valid,1045111,0,True,
3,1,000024,1790194672.4671412,33402.3507299,257.71633389999624,candidate-measurement,0FF277,valid,1045111,0,True,
3,1,000024,1790194672.6590524,33402.5426421,257.9082460999998,candidate-measurement,0FF277,valid,1045111,0,True,
3,1,000024,1790194672.8510442,33402.7346348,258.1002387999979,candidate-measurement,0FF277,valid,1045111,0,True,
3,1,000024,1790194673.0430372,33402.9266269,258.2922308999987,candidate-measurement,0FF277,valid,1045111,0,True,
3,1,000024,1790194673.251086,33403.1346743,258.5002783000018,candidate-measurement,0FF276,valid,1045110,-1,True,
3,1,000024,1790194673.4424503,33403.3260389,258.69164289999753,candidate-measurement,0FF271,valid,1045105,-5,True,
3,1,000024,1790194673.6344492,33403.5180374,258.8836413999961,candidate-measurement,0FF26A,valid,1045098,-7,True,
3,1,000024,1790194673.8420155,33403.7256033,259.09120729999995,candidate-measurement,0FF266,valid,1045094,-4,True,
3,1,000024,1790194674.034006,33403.917596,259.28319999999803,candidate-measurement,0FF265,valid,1045093,-1,True,
3,1,000024,1790194674.2260125,33404.1096005,259.47520449999865,candidate-measurement,0FF265,valid,1045093,0,True,
3,1,000024,1790194674.4334185,33404.3170073,259.6826112999988,candidate-measurement,0FF265,valid,1045093,0,True,
3,1,000024,1790194674.625413,33404.5090028,259.8746067999964,candidate-measurement,0FF265,valid,1045093,0,True,
3,1,000024,1790194674.8169835,33404.7005741,260.0661781000017,candidate-measurement,0FF263,valid,1045091,-2,True,
3,1,000024,1790194675.0089803,33404.8925695,260.2581734999985,candidate-measurement,0FF25E,valid,1045086,-5,True,
3,1,000024,1790194675.2169793,33405.1005675,260.46617149999656,candidate-measurement,0FF252,valid,1045074,-12,True,
3,1,000024,1790194675.4083812,33405.2919709,260.6575748999967,candidate-measurement,0FF24E,valid,1045070,-4,True,
3,1,000024,1790194675.6003795,33405.4839702,260.84957420000137,candidate-measurement,0FF24C,valid,1045068,-2,True,
3,1,000024,1790194675.8083782,33405.6919665,261.057570500001,candidate-measurement,0FF249,valid,1045065,-3,True,
3,1,000024,1790194675.9999444,33405.8835324,261.2491364000016,candidate-measurement,0FF246,valid,1045062,-3,True,
3,1,000024,1790194676.1919408,33406.0755299,261.44113389999984,candidate-measurement,0FF243,valid,1045059,-3,True,
3,1,000024,1790194676.3999224,33406.2835118,261.649115799999,candidate-measurement,0FF241,valid,1045057,-2,True,
3,1,000024,1790194676.5913646,33406.4749529,261.84055689999514,candidate-measurement,0FF240,valid,1045056,-1,True,
3,1,000024,1790194676.7833414,33406.6669312,262.0325352,candidate-measurement,0FF23F,valid,1045055,-1,True,
3,1,000024,1790194676.975328,33406.858919,262.22452299999713,candidate-measurement,0FF23E,valid,1045054,-1,True,
3,1,000024,1790194677.1829207,33407.0665087,262.4321127000003,candidate-measurement,0FF23E,valid,1045054,0,True,
3,1,000024,1790194677.374903,33407.2584918,262.62409579999803,candidate-measurement,0FF23D,valid,1045053,-1,True,
3,1,000024,1790194677.5668962,33407.4504859,262.8160898999995,candidate-measurement,0FF23C,valid,1045052,-1,True,
3,1,000024,1790194677.7748873,33407.6584783,263.02408229999855,candidate-measurement,0FF23B,valid,1045051,-1,True,
3,1,000024,1790194677.9663012,33407.8498928,263.2154967999959,candidate-measurement,0FF23A,valid,1045050,-1,True,
3,1,000024,1790194678.158302,33408.0418915,263.407495499996,candidate-measurement,0FF238,valid,1045048,-2,True,
3,1,000024,1790194678.3658729,33408.2494611,263.6150650999989,candidate-measurement,0FF236,valid,1045046,-2,True,
3,1,000024,1790194678.557889,33408.44148,263.80708400000003,candidate-measurement,0FF234,valid,1045044,-2,True,
3,1,000024,1790194678.749873,33408.6334638,263.9990677999958,candidate-measurement,0FF233,valid,1045043,-1,True,
3,1,000024,1790194678.95727,33408.8408587,264.2064627,candidate-measurement,0FF230,valid,1045040,-3,True,
3,1,000024,1790194679.1492658,33409.0328558,264.3984597999952,candidate-measurement,0FF22C,valid,1045036,-4,True,
3,1,000024,1790194679.3412614,33409.2248496,264.59045360000164,candidate-measurement,0FF22A,valid,1045034,-2,True,
3,1,000024,1790194679.5328283,33409.4164172,264.7820212000006,candidate-measurement,0FF228,valid,1045032,-2,True,
3,1,000024,1790194679.7408538,33409.624444,264.99004799999966,candidate-measurement,0FF225,valid,1045029,-3,True,
3,1,000024,1790194679.932822,33409.8164102,265.1820141999997,candidate-measurement,0FF224,valid,1045028,-1,True,
3,1,000024,1790194680.1242323,33410.0078199,265.37342389999685,candidate-measurement,0FF224,valid,1045028,0,True,
3,1,000024,1790194680.3322275,33410.2158164,265.581420399998,candidate-measurement,0FF224,valid,1045028,0,True,
3,1,000024,1790194680.5398006,33410.4233902,265.7889941999965,candidate-measurement,0FF222,valid,1045026,-2,True,
3,1,000024,1790194680.7317917,33410.6153818,265.9809858000008,candidate-measurement,0FF222,valid,1045026,0,True,
3,1,000024,1790194680.9237845,33410.8073727,266.1729766999997,candidate-measurement,0FF222,valid,1045026,0,True,
3,1,000024,1790194681.115206,33410.9987939,266.36439789999713,candidate-measurement,0FF220,valid,1045024,-2,True,
3,1,000024,1790194681.3071926,33411.1907816,266.5563856000008,candidate-measurement,0FF21E,valid,1045022,-2,True,
3,1,000024,1790194681.4991903,33411.3827794,266.74838340000133,candidate-measurement,0FF21E,valid,1045022,0,True,
3,1,000024,1790194681.706769,33411.5903573,266.95596130000195,candidate-measurement,0FF21E,valid,1045022,0,True,
3,1,000024,1790194681.8987484,33411.7823395,267.1479435000001,candidate-measurement,0FF21D,valid,1045021,-1,True,
3,1,000024,1790194682.090165,33411.9737555,267.3393595000016,candidate-measurement,0FF21D,valid,1045021,0,True,
3,1,000024,1790194682.298167,33412.1817552,267.547359199998,candidate-measurement,0FF21D,valid,1045021,0,True,
3,1,000024,1790194682.505738,33412.3893261,267.7549300999963,candidate-measurement,0FF21D,valid,1045021,0,True,
3,1,000024,1790194682.6977289,33412.5813176,267.94692159999977,candidate-measurement,0FF21C,valid,1045020,-1,True,
3,1,000024,1790194682.8891535,33412.7727416,268.1383455999967,candidate-measurement,0FF21A,valid,1045018,-2,True,
3,1,000024,1790194683.0811336,33412.964725,268.3303289999967,candidate-measurement,0FF211,valid,1045009,-9,True,
3,1,000024,1790194683.272713,33413.1563012,268.5219051999957,candidate-measurement,0FF20D,valid,1045005,-4,True,
3,1,000024,1790194683.4647079,33413.3482961,268.71390009999595,candidate-measurement,0FF20B,valid,1045003,-2,True,
3,1,000024,1790194683.6727064,33413.5562945,268.92189849999704,candidate-measurement,0FF20B,valid,1045003,0,True,
3,1,000024,1790194683.8647087,33413.7482968,269.11390079999546,candidate-measurement,0FF20B,valid,1045003,0,True,
3,1,000024,1790194684.0561013,33413.9396929,269.3052968999982,candidate-measurement,0FF209,valid,1045001,-2,True,
3,1,000024,1790194684.2641034,33414.1476913,269.5132952999993,candidate-measurement,0FF202,valid,1044994,-7,True,
3,1,000024,1790194684.4561183,33414.3397062,269.7053101999991,candidate-measurement,0FF1F9,valid,1044985,-9,True,
3,1,000024,1790194684.6476684,33414.5312582,269.89686219999567,candidate-measurement,0FF1F6,valid,1044982,-3,True,
3,1,000024,1790194684.839671,33414.7232586,270.08886260000145,candidate-measurement,0FF1F4,valid,1044980,-2,True,
3,1,000024,1790194685.04765,33414.9312412,270.29684519999864,candidate-measurement,0FF1F2,valid,1044978,-2,True,
3,1,000024,1790194685.2390766,33415.1226646,270.48826859999826,candidate-measurement,0FF1F0,valid,1044976,-2,True,
3,1,000024,1790194685.4310577,33415.3146483,270.6802523000006,candidate-measurement,0FF1ED,valid,1044973,-3,True,
3,1,000024,1790194685.638635,33415.5222252,270.88782920000085,candidate-measurement,0FF1E9,valid,1044969,-4,True,
3,1,000024,1790194685.830625,33415.7142141,271.0798180999991,candidate-measurement,0FF1E7,valid,1044967,-2,True,
3,1,000024,1790194686.0226252,33415.9062142,271.2718181999953,candidate-measurement,0FF1E6,valid,1044966,-1,True,
3,1,000024,1790194686.2300422,33416.1136303,271.4792343000008,candidate-measurement,0FF1E5,valid,1044965,-1,True,
3,1,000024,1790194686.422028,33416.3056182,271.67122219999874,candidate-measurement,0FF1E4,valid,1044964,-1,True,
3,1,000024,1790194686.6135988,33416.4971881,271.86279210000066,candidate-measurement,0FF1E4,valid,1044964,0,True,
3,1,000024,1790194686.8055925,33416.689181,272.05478500000027,candidate-measurement,0FF1E3,valid,1044963,-1,True,
3,1,000024,1790194687.0135865,33416.8971774,272.2627814000007,candidate-measurement,0FF1E3,valid,1044963,0,True,
3,1,000024,1790194687.2055874,33417.0891767,272.4547806999981,candidate-measurement,0FF1E1,valid,1044961,-2,True,
3,1,000024,1790194687.396996,33417.2805862,272.646190200001,candidate-measurement,0FF1E0,valid,1044960,-1,True,
3,1,000024,1790194687.6049962,33417.4885853,272.85418930000014,candidate-measurement,0FF1DF,valid,1044959,-1,True,
3,1,000024,1790194687.7965567,33417.6801482,273.0457521999997,candidate-measurement,0FF1DC,valid,1044956,-3,True,
3,1,000024,1790194687.9885676,33417.8721581,273.2377620999978,candidate-measurement,0FF1DC,valid,1044956,0,True,
3,1,000024,1790194688.196554,33418.0801417,273.4457456999953,candidate-measurement,0FF1DB,valid,1044955,-1,True,
3,1,000024,1790194688.388545,33418.2721346,273.6377386000022,candidate-measurement,0FF1DA,valid,1044954,-1,True,
3,1,000024,1790194688.5799778,33418.4635669,273.8291708999968,candidate-measurement,0FF1D8,valid,1044952,-2,True,
3,1,000024,1790194688.771951,33418.6555418,274.0211457999976,candidate-measurement,0FF1D5,valid,1044949,-3,True,
3,1,000024,1790194688.9795225,33418.8631131,274.2287170999989,candidate-measurement,0FF1D1,valid,1044945,-4,True,
3,1,000024,1790194689.1715176,33419.0551076,274.42071159999614,candidate-measurement,0FF1CF,valid,1044943,-2,True,
3,1,000024,1790194689.3629377,33419.2465264,274.6121303999971,candidate-measurement,0FF1CD,valid,1044941,-2,True,
3,1,000024,1790194689.5709388,33419.4545277,274.82013169999846,candidate-measurement,0FF1CB,valid,1044939,-2,True,
3,1,000024,1790194689.762913,33419.6465045,275.01210849999916,candidate-measurement,0FF1CA,valid,1044938,-1,True,
3,1,000024,1790194689.954492,33419.8380834,275.20368739999685,candidate-measurement,0FF1CA,valid,1044938,0,True,
3,1,000024,1790194690.1624901,33420.046078,275.4116819999981,candidate-measurement,0FF1CA,valid,1044938,0,True,
3,1,000024,1790194690.3544846,33420.2380726,275.6036765999961,candidate-measurement,0FF1CA,valid,1044938,0,True,
3,1,000024,1790194690.5464785,33420.430067,275.79567099999986,candidate-measurement,0FF1C9,valid,1044937,-1,True,
3,1,000024,1790194690.737892,33420.621482,275.987086000001,candidate-measurement,0FF1C9,valid,1044937,0,True,
3,1,000024,1790194690.9458852,33420.8294747,276.19507870000234,candidate-measurement,0FF1C8,valid,1044936,-1,True,
3,1,000024,1790194691.1374605,33421.0210496,276.3866535999987,candidate-measurement,0FF1C6,valid,1044934,-2,True,
3,1,000024,1790194691.3294508,33421.2130396,276.57864359999803,candidate-measurement,0FF1C5,valid,1044933,-1,True,
3,1,000024,1790194691.5374415,33421.4210308,276.7866347999952,candidate-measurement,0FF1C4,valid,1044932,-1,True,
3,1,000024,1790194691.7288482,33421.6124376,276.9780415999994,candidate-measurement,0FF1C4,valid,1044932,0,True,
3,1,000024,1790194691.920852,33421.8044402,277.1700442000001,candidate-measurement,0FF1C4,valid,1044932,0,True,
3,1,000024,1790194692.1284277,33422.0120162,277.3776202000008,candidate-measurement,0FF1C3,valid,1044931,-1,True,
3,1,000024,1790194692.320422,33422.2040099,277.56961389999924,candidate-measurement,0FF1C3,valid,1044931,0,True,
3,1,000024,1790194692.512405,33422.3959956,277.7615996000022,candidate-measurement,0FF1C3,valid,1044931,0,True,
3,1,000024,1790194692.7044096,33422.5879981,277.9536021000022,candidate-measurement,0FF1C3,valid,1044931,0,True,
3,1,000024,1790194692.9118178,33422.7954081,278.1610120999976,candidate-measurement,0FF1C3,valid,1044931,0,True,
3,1,000024,1790194693.1038249,33422.9874151,278.35301909999544,candidate-measurement,0FF1C3,valid,1044931,0,True,
3,1,000024,1790194693.2953868,33423.1789749,278.5445789000005,candidate-measurement,0FF1C2,valid,1044930,-1,True,
3,1,000024,1790194693.503393,33423.3869813,278.752585299997,candidate-measurement,0FF1B8,valid,1044920,-10,True,
3,1,000024,1790194693.6947892,33423.5783792,278.9439831999989,candidate-measurement,0FF1B5,valid,1044917,-3,True,
3,1,000024,1790194693.886789,33423.7703772,279.13598120000097,candidate-measurement,0FF1B2,valid,1044914,-3,True,
3,1,000024,1790194694.0787823,33423.9623717,279.3279756999982,candidate-measurement,0FF1B1,valid,1044913,-1,True,
3,1,000024,1790194694.2863564,33424.1699448,279.53554879999865,candidate-measurement,0FF1B1,valid,1044913,0,True,
3,1,000024,1790194694.4783683,33424.3619568,279.7275607999982,candidate-measurement,0FF1B1,valid,1044913,0,True,
3,1,000024,1790194694.6857781,33424.5693665,279.9349704999986,candidate-measurement,0FF1B1,valid,1044913,0,True,
3,1,000024,1790194694.8777578,33424.7613479,280.12695189999795,candidate-measurement,0FF1AF,valid,1044911,-2,True,
3,1,000024,1790194695.0697467,33424.9533368,280.3189407999962,candidate-measurement,0FF1AD,valid,1044909,-2,True,
3,1,000024,1790194695.2613292,33425.1449176,280.5105216000011,candidate-measurement,0FF1A1,valid,1044897,-12,True,
3,1,000024,1790194695.4693472,33425.3529369,280.71854090000124,candidate-measurement,0FF19C,valid,1044892,-5,True,
3,1,000024,1790194695.6613104,33425.5448997,280.9105036999972,candidate-measurement,0FF199,valid,1044889,-3,True,
3,1,000024,1790194695.8527195,33425.7363109,281.1019148999985,candidate-measurement,0FF198,valid,1044888,-1,True,
3,1,000024,1790194696.044716,33425.9283047,281.2939086999977,candidate-measurement,0FF196,valid,1044886,-2,True,
3,1,000024,1790194696.2523556,33426.1359434,281.5015473999956,candidate-measurement,0FF194,valid,1044884,-2,True,
3,1,000024,1790194696.4442873,33426.3278771,281.69348109999555,candidate-measurement,0FF192,valid,1044882,-2,True,
3,1,000024,1790194696.6362784,33426.5198679,281.885471900001,candidate-measurement,0FF18F,valid,1044879,-3,True,
3,1,000024,1790194696.8436913,33426.7272825,282.0928864999951,candidate-measurement,0FF18D,valid,1044877,-2,True,
3,1,000024,1790194697.035684,33426.9192726,282.2848765999952,candidate-measurement,0FF18B,valid,1044875,-2,True,
3,1,000024,1790194697.227748,33427.1113327,282.47693669999717,candidate-measurement,0FF18B,valid,1044875,0,True,
3,1,000024,1790194697.4352725,33427.3188609,282.6844648999977,candidate-measurement,0FF18B,valid,1044875,0,True,
3,1,000024,1790194697.6272476,33427.5108383,282.8764422999957,candidate-measurement,0FF18A,valid,1044874,-1,True,
3,1,000024,1790194697.8192425,33427.7028309,283.0684349000003,candidate-measurement,0FF18A,valid,1044874,0,True,
3,1,000024,1790194698.0112352,33427.8948254,283.2604293999975,candidate-measurement,0FF189,valid,1044873,-1,True,
3,1,000024,1790194698.2186558,33428.1022437,283.46784769999795,candidate-measurement,0FF187,valid,1044871,-2,True,
3,1,000024,1790194698.4106443,33428.2942343,283.65983830000187,candidate-measurement,0FF186,valid,1044870,-1,True,
3,1,000024,1790194698.6026518,33428.4862411,283.8518450999982,candidate-measurement,0FF185,valid,1044869,-1,True,
3,1,000024,1790194698.8102093,33428.6937996,284.0594035999966,candidate-measurement,0FF183,valid,1044867,-2,True,
3,1,000024,1790194699.002203,33428.8857933,284.2513973000023,candidate-measurement,0FF182,valid,1044866,-1,True,
3,1,000024,1790194699.1942053,33429.0777946,284.44339860000036,candidate-measurement,0FF182,valid,1044866,0,True,
3,1,000024,1790194699.401606,33429.2851951,284.6507990999962,candidate-measurement,0FF181,valid,1044865,-1,True,
3,1,000024,1790194699.5936043,33429.4771947,284.8427986999959,candidate-measurement,0FF17F,valid,1044863,-2,True,
3,1,000024,1790194699.7856011,33429.6691895,285.03479349999543,candidate-measurement,0FF17C,valid,1044860,-3,True,
3,1,000024,1790194699.977169,33429.8607598,285.2263638000004,candidate-measurement,0FF17A,valid,1044858,-2,True,
3,1,000024,1790194700.1851752,33430.0687638,285.4343678000005,candidate-measurement,0FF177,valid,1044855,-3,True,
3,1,000024,1790194700.3771625,33430.2607515,285.62635549999686,candidate-measurement,0FF176,valid,1044854,-1,True,
3,1,000024,1790194700.5685692,33430.4521592,285.8177632000006,candidate-measurement,0FF174,valid,1044852,-2,True,
3,1,000024,1790194700.7766218,33430.6602103,286.02581429999555,candidate-measurement,0FF172,valid,1044850,-2,True,
3,1,000024,1790194700.9685726,33430.8521605,286.21776449999743,candidate-measurement,0FF170,valid,1044848,-2,True,
3,1,000024,1790194701.160178,33431.0437662,286.40937019999546,candidate-measurement,0FF170,valid,1044848,0,True,
3,1,000024,1790194701.3681228,33431.2517117,286.6173157000012,candidate-measurement,0FF170,valid,1044848,0,True,
3,1,000024,1790194701.55954,33431.443129,286.808732999998,candidate-measurement,0FF16E,valid,1044846,-2,True,
3,1,000024,1790194701.751529,33431.6351178,287.0007217999955,candidate-measurement,0FF16E,valid,1044846,0,True,
3,1,000024,1790194701.9435303,33431.8271185,287.1927224999963,candidate-measurement,0FF16E,valid,1044846,0,True,
3,1,000024,1790194702.151167,33432.0347545,287.4003584999955,candidate-measurement,0FF16D,valid,1044845,-1,True,
3,1,000024,1790194702.3430989,33432.2266867,287.59229069999856,candidate-measurement,0FF16B,valid,1044843,-2,True,
3,1,000024,1790194702.5350852,33432.418675,287.7842789999995,candidate-measurement,0FF16A,valid,1044842,-1,True,
3,1,000024,1790194702.742518,33432.6261075,287.9917114999989,candidate-measurement,0FF16A,valid,1044842,0,True,
3,1,000024,1790194702.934495,33432.8180848,288.18368879999616,candidate-measurement,0FF169,valid,1044841,-1,True,
3,1,000024,1790194703.1260633,33433.0096536,288.375257599997,candidate-measurement,0FF169,valid,1044841,0,True,
3,1,000024,1790194703.3340666,33433.2176554,288.58325940000213,candidate-measurement,0FF169,valid,1044841,0,True,
3,1,000024,1790194703.5420523,33433.4256422,288.7912462000022,candidate-measurement,0FF169,valid,1044841,0,True,
3,1,000024,1790194703.7340493,33433.6176386,288.98324259999936,candidate-measurement,0FF168,valid,1044840,-1,True,
3,1,000024,1790194703.9254606,33433.8090508,289.174654800001,candidate-measurement,0FF164,valid,1044836,-4,True,
3,1,000024,1790194704.1174507,33434.001042,289.3666460000022,candidate-measurement,0FF15C,valid,1044828,-8,True,
3,1,000024,1790194704.3094518,33434.1930398,289.5586437999955,candidate-measurement,0FF159,valid,1044825,-3,True,
3,1,000024,1790194704.5010295,33434.384618,289.7502219999951,candidate-measurement,0FF157,valid,1044823,-2,True,
3,1,000024,1790194704.7090187,33434.592607,289.9582109999974,candidate-measurement,0FF157,valid,1044823,0,True,
3,1,000024,1790194704.901018,33434.7846058,290.15020979999827,candidate-measurement,0FF157,valid,1044823,0,True,
3,1,000024,1790194705.0930054,33434.9765963,290.3422003000014,candidate-measurement,0FF157,valid,1044823,0,True,
3,1,000024,1790194705.3004222,33435.1840102,290.54961419999745,candidate-measurement,0FF155,valid,1044821,-2,True,
3,1,000024,1790194705.4924064,33435.3759955,290.7415994999974,candidate-measurement,0FF152,valid,1044818,-3,True,
3,1,000024,1790194705.68441,33435.5679999,290.93360389999725,candidate-measurement,0FF145,valid,1044805,-13,True,
3,1,000024,1790194705.8759837,33435.7595729,291.12517690000095,candidate-measurement,0FF140,valid,1044800,-5,True,
3,1,000024,1790194706.0839727,33435.9675625,291.3331665000005,candidate-measurement,0FF13D,valid,1044797,-3,True,
3,1,000024,1790194706.2759883,33436.1595768,291.5251807999957,candidate-measurement,0FF13A,valid,1044794,-3,True,
3,1,000024,1790194706.4673855,33436.3509755,291.71657949999644,candidate-measurement,0FF134,valid,1044788,-6,True,
3,1,000024,1790194706.675372,33436.5589619,291.92456590000074,candidate-measurement,0FF130,valid,1044784,-4,True,
3,1,000024,1790194706.8669546,33436.7505429,292.1161468999999,candidate-measurement,0FF12F,valid,1044783,-1,True,
3,1,000024,1790194707.058941,33436.9425293,292.3081333000009,candidate-measurement,0FF12D,valid,1044781,-2,True,
3,1,000024,1790194707.2509344,33437.1345231,292.5001271000001,candidate-measurement,0FF12C,valid,1044780,-1,True,
3,1,000024,1790194707.4583447,33437.3419348,292.7075388000012,candidate-measurement,0FF12A,valid,1044778,-2,True,
3,1,000024,1790194707.6503456,33437.5339367,292.8995406999966,candidate-measurement,0FF128,valid,1044776,-2,True,
3,1,000024,1790194707.841918,33437.7255066,293.0911105999985,candidate-measurement,0FF128,valid,1044776,0,True,
3,1,000024,1790194708.0499072,33437.9334981,293.299102099998,candidate-measurement,0FF126,valid,1044774,-2,True,
3,1,000024,1790194708.2419093,33438.1254975,293.49110149999615,candidate-measurement,0FF122,valid,1044770,-4,True,
3,1,000024,1790194708.4333205,33438.3169108,293.6825147999989,candidate-measurement,0FF121,valid,1044769,-1,True,
3,1,000024,1790194708.6413076,33438.5248972,293.8905011999959,candidate-measurement,0FF11D,valid,1044765,-4,True,
3,1,000024,1790194708.8328955,33438.7164833,294.0820872999975,candidate-measurement,0FF11C,valid,1044764,-1,True,
3,1,000024,1790194709.0248764,33438.9084643,294.2740683000011,candidate-measurement,0FF11A,valid,1044762,-2,True,
3,1,000024,1790194709.2168767,33439.1004654,294.46606939999765,candidate-measurement,0FF118,valid,1044760,-2,True,
3,1,000024,1790194709.424899,33439.3084896,294.67409359999874,candidate-measurement,0FF117,valid,1044759,-1,True,
3,1,000024,1790194709.6162765,33439.4998652,294.8654691999982,candidate-measurement,0FF116,valid,1044758,-1,True,
3,1,000024,1790194709.808282,33439.6918689,295.0574729,candidate-measurement,0FF116,valid,1044758,0,True,
3,1,000024,1790194710.0159523,33439.8995402,295.26514419999876,candidate-measurement,0FF116,valid,1044758,0,True,
3,1,000024,1790194710.2078426,33440.091431,295.45703499999945,candidate-measurement,0FF116,valid,1044758,0,True,
3,1,000024,1790194710.3998327,33440.2834212,295.6490252000003,candidate-measurement,0FF114,valid,1044756,-2,True,
3,1,000024,1790194710.6072764,33440.4908644,295.8564684000012,candidate-measurement,0FF114,valid,1044756,0,True,
3,1,000024,1790194710.7992454,33440.6828336,296.0484376000022,candidate-measurement,0FF114,valid,1044756,0,True,
3,1,000024,1790194710.9912362,33440.8748258,296.2404297999965,candidate-measurement,0FF113,valid,1044755,-1,True,
3,1,000024,1790194711.1828134,33441.0664018,296.4320058000012,candidate-measurement,0FF111,valid,1044753,-2,True,
3,1,000024,1790194711.3908002,33441.2743883,296.639992299999,candidate-measurement,0FF110,valid,1044752,-1,True,
3,1,000024,1790194711.5827944,33441.4663858,296.83198979999725,candidate-measurement,0FF110,valid,1044752,0,True,
3,1,000024,1790194711.774788,33441.6583784,297.02398240000184,candidate-measurement,0FF10F,valid,1044751,-1,True,
3,1,000024,1790194711.9822364,33441.865825,297.2314289999995,candidate-measurement,0FF10F,valid,1044751,0,True,
3,1,000024,1790194712.1742058,33442.0577944,297.42339840000204,candidate-measurement,0FF10F,valid,1044751,0,True,
3,1,000024,1790194712.3657722,33442.2493616,297.61496559999796,candidate-measurement,0FF10F,valid,1044751,0,True,
3,1,000024,1790194712.57378,33442.4573677,297.82297169999947,candidate-measurement,0FF10F,valid,1044751,0,True,
3,1,000024,1790194712.781775,33442.6653633,298.03096730000107,candidate-measurement,0FF10E,valid,1044750,-1,True,
3,1,000024,1790194712.9731817,33442.8567697,298.2223737000022,candidate-measurement,0FF10A,valid,1044746,-4,True,
3,1,000024,1790194713.1651747,33443.0487627,298.4143666999953,candidate-measurement,0FF102,valid,1044738,-8,True,
3,1,000024,1790194713.3567402,33443.2403283,298.60593230000086,candidate-measurement,0FF100,valid,1044736,-2,True,
3,1,000024,1790194713.5487366,33443.4323249,298.79792889999953,candidate-measurement,0FF0FE,valid,1044734,-2,True,
3,1,000024,1790194713.7405462,33443.6241324,298.98973639999895,candidate-measurement,0FF0FD,valid,1044733,-1,True,
3,1,000024,1790194713.9481587,33443.831747,299.19735099999525,candidate-measurement,0FF0FD,valid,1044733,0,True,
3,1,000024,1790194714.1398768,33444.0234635,299.38906750000024,candidate-measurement,0FF0FD,valid,1044733,0,True,
3,1,000024,1790194714.33171,33444.2152981,299.5809021000023,candidate-measurement,0FF0FB,valid,1044731,-2,True,
3,1,000024,1790194714.539719,33444.4233074,299.78891139999905,candidate-measurement,0FF0F6,valid,1044726,-5,True,
3,1,000024,1790194714.731699,33444.615287,299.98089099999925,candidate-measurement,0FF0EC,valid,1044716,-10,True,
4,1,000025,1790194717.5765998,33447.4601878,0.20254170000407612,candidate-warmup,0FF07D,valid,1044605,-110,True,
4,1,000025,1790194717.7685993,33447.6521886,0.39454249999835156,candidate-warmup,0FF07D,valid,1044605,0,True,
4,1,000025,1790194717.9600408,33447.8436282,0.5859820999976364,candidate-warmup,0FF07D,valid,1044605,0,True,
4,1,000025,1790194718.1520102,33448.0355984,0.7779522999990149,candidate-warmup,0FF07D,valid,1044605,0,True,
4,1,000025,1790194718.3435893,33448.2271781,0.9695320000028005,candidate-warmup,0FF07D,valid,1044605,0,True,
4,1,000025,1790194718.5355759,33448.4191635,1.161517400003504,candidate-warmup,0FF07D,valid,1044605,0,True,
4,1,000025,1790194718.7275712,33448.6111592,1.3535131000026013,candidate-warmup,0FF07D,valid,1044605,0,True,
4,1,000025,1790194718.9190028,33448.802591,1.5449449000007007,candidate-warmup,0FF07C,valid,1044604,-1,True,
4,1,000025,1790194719.1269784,33449.0105668,1.7529207000043243,candidate-warmup,0FF07C,valid,1044604,0,True,
4,1,000025,1790194719.3185415,33449.2021303,1.9444842000011704,candidate-warmup,0FF07C,valid,1044604,0,True,
4,1,000025,1790194719.510572,33449.3941589,2.136512800003402,candidate-warmup,0FF07C,valid,1044604,0,True,
4,1,000025,1790194719.7025373,33449.5861253,2.3284791999976733,candidate-warmup,0FF07C,valid,1044604,0,True,
4,1,000025,1790194719.9099386,33449.7935267,2.5358806000003824,candidate-warmup,0FF07B,valid,1044603,-1,True,
4,1,000025,1790194720.1019402,33449.9855233,2.7278771999990568,candidate-warmup,0FF07A,valid,1044602,-1,True,
4,1,000025,1790194720.293515,33450.1771032,2.919457100004365,candidate-warmup,0FF078,valid,1044600,-2,True,
4,1,000025,1790194720.5015092,33450.3850974,3.1274513000025763,candidate-warmup,0FF077,valid,1044599,-1,True,
4,1,000025,1790194720.693545,33450.5771301,3.3194839999996475,candidate-warmup,0FF075,valid,1044597,-2,True,
4,1,000025,1790194720.8849187,33450.7685074,3.5108612999974866,candidate-warmup,0FF074,valid,1044596,-1,True,
4,1,000025,1790194721.0924895,33450.9760776,3.7184314999976777,candidate-warmup,0FF074,valid,1044596,0,True,
4,1,000025,1790194721.2844884,33451.1680765,3.9104303999993135,candidate-warmup,0FF072,valid,1044594,-2,True,
4,1,000025,1790194721.4764779,33451.3600664,4.1024202999979025,candidate-warmup,0FF06F,valid,1044591,-3,True,
4,1,000025,1790194721.68389,33451.5674785,4.309832400002051,candidate-warmup,0FF06E,valid,1044590,-1,True,
4,1,000025,1790194721.8758903,33451.7594779,4.501831800000218,candidate-warmup,0FF06C,valid,1044588,-2,True,
4,1,000025,1790194722.0674655,33451.9510535,4.693407400001888,candidate-warmup,0FF06C,valid,1044588,0,True,
4,1,000025,1790194722.2594762,33452.143064,4.885417900004541,candidate-warmup,0FF069,valid,1044585,-3,True,
4,1,000025,1790194722.467476,33452.3510627,5.093416600000637,candidate-warmup,0FF068,valid,1044584,-1,True,
4,1,000025,1790194722.658853,33452.5424424,5.284796300002199,candidate-warmup,0FF066,valid,1044582,-2,True,
4,1,000025,1790194722.8508523,33452.7344424,5.476796299997659,candidate-warmup,0FF064,valid,1044580,-2,True,
4,1,000025,1790194723.0584965,33452.9420828,5.684436700001243,candidate-warmup,0FF062,valid,1044578,-2,True,
4,1,000025,1790194723.2504232,33453.1340117,5.876365600001009,candidate-warmup,0FF062,valid,1044578,0,True,
4,1,000025,1790194723.4424183,33453.3260065,6.068360400000529,candidate-warmup,0FF062,valid,1044578,0,True,
4,1,000025,1790194723.6344113,33453.5179989,6.260352800003602,candidate-warmup,0FF061,valid,1044577,-1,True,
4,1,000025,1790194723.8418226,33453.7254105,6.467764400003944,candidate-warmup,0FF060,valid,1044576,-1,True,
4,1,000025,1790194724.0338366,33453.9174244,6.6597783000033814,candidate-warmup,0FF060,valid,1044576,0,True,
4,1,000025,1790194724.2258096,33454.1093979,6.851751800000784,candidate-warmup,0FF060,valid,1044576,0,True,
4,1,000025,1790194724.4333732,33454.3169623,7.059316200000467,candidate-warmup,0FF05F,valid,1044575,-1,True,
4,1,000025,1790194724.6253738,33454.5089619,7.251315800000157,candidate-warmup,0FF05D,valid,1044573,-2,True,
4,1,000025,1790194724.8173788,33454.7009673,7.443321200000355,candidate-warmup,0FF05C,valid,1044572,-1,True,
4,1,000025,1790194725.0247955,33454.9083834,7.650737299998582,candidate-warmup,0FF05C,valid,1044572,0,True,
4,1,000025,1790194725.2167768,33455.100365,7.842718899999454,candidate-warmup,0FF05B,valid,1044571,-1,True,
4,1,000025,1790194725.4083595,33455.2919471,8.034300999999687,candidate-warmup,0FF05B,valid,1044571,0,True,
4,1,000025,1790194725.6003451,33455.4839332,8.226287099998444,candidate-warmup,0FF05B,valid,1044571,0,True,
4,1,000025,1790194725.8083448,33455.6919332,8.43428710000444,candidate-warmup,0FF05B,valid,1044571,0,True,
4,1,000025,1790194725.9997807,33455.8833678,8.625721700002032,candidate-warmup,0FF05B,valid,1044571,0,True,
4,1,000025,1790194726.1917486,33456.0753364,8.817690299998503,candidate-warmup,0FF05A,valid,1044570,-1,True,
4,1,000025,1790194726.3993635,33456.2829527,9.025306600000476,candidate-warmup,0FF052,valid,1044562,-8,True,
4,1,000025,1790194726.5913124,33456.4749008,9.217254700000922,candidate-warmup,0FF04E,valid,1044558,-4,True,
4,1,000025,1790194726.783312,33456.6668999,9.40925380000408,candidate-warmup,0FF04C,valid,1044556,-2,True,
4,1,000025,1790194726.991314,33456.8749009,9.617254800003138,candidate-warmup,0FF04A,valid,1044554,-2,True,
4,1,000025,1790194727.1992846,33457.0828727,9.825226599998132,candidate-warmup,0FF049,valid,1044553,-1,True,
4,1,000025,1790194727.3907077,33457.2742955,10.01664940000046,candidate-warmup,0FF049,valid,1044553,0,True,
4,1,000025,1790194727.5827012,33457.4662893,10.208643199999642,candidate-warmup,0FF049,valid,1044553,0,True,
4,1,000025,1790194727.7747293,33457.6583169,10.400670800001535,candidate-warmup,0FF049,valid,1044553,0,True,
4,1,000025,1790194727.96629,33457.8498776,10.592231499998888,candidate-warmup,0FF048,valid,1044552,-1,True,
4,1,000025,1790194728.1582675,33458.0418553,10.784209199999168,candidate-warmup,0FF045,valid,1044549,-3,True,
4,1,000025,1790194728.3662572,33458.2498457,10.992199599997548,candidate-warmup,0FF038,valid,1044536,-13,True,
4,1,000025,1790194728.5576756,33458.441263,11.183616900001653,candidate-warmup,0FF033,valid,1044531,-5,True,
4,1,000025,1790194728.7496617,33458.6332514,11.375605300003372,candidate-warmup,0FF030,valid,1044528,-3,True,
4,1,000025,1790194728.9572825,33458.8408708,11.583224699999846,candidate-warmup,0FF02E,valid,1044526,-2,True,
4,1,000025,1790194729.1492321,33459.0328201,11.775174000002153,candidate-warmup,0FF02B,valid,1044523,-3,True,
4,1,000025,1790194729.341231,33459.2248193,11.967173199998797,candidate-warmup,0FF027,valid,1044519,-4,True,
4,1,000025,1790194729.548634,33459.4322217,12.174575600001845,candidate-warmup,0FF024,valid,1044516,-3,True,
4,1,000025,1790194729.7406366,33459.6242249,12.366578799999843,candidate-warmup,0FF022,valid,1044514,-2,True,
4,1,000025,1790194729.9322052,33459.8157937,12.558147600000666,candidate-warmup,0FF022,valid,1044514,0,True,
4,1,000025,1790194730.1242194,33460.0078065,12.750160399999004,candidate-warmup,0FF021,valid,1044513,-1,True,
4,1,000025,1790194730.3316128,33460.2152011,12.957555000000866,candidate-warmup,0FF020,valid,1044512,-1,True,
4,1,000025,1790194730.5236137,33460.4072016,13.149555500000133,candidate-warmup,0FF01E,valid,1044510,-2,True,
4,1,000025,1790194730.7156088,33460.5991973,13.34155119999923,candidate-warmup,0FF01D,valid,1044509,-1,True,
4,1,000025,1790194730.9231713,33460.8067605,13.549114400004328,candidate-warmup,0FF01A,valid,1044506,-3,True,
4,1,000025,1790194731.1311789,33461.0147658,13.757119699999748,candidate-warmup,0FF01A,valid,1044506,0,True,
4,1,000025,1790194731.3231566,33461.2067466,13.949100500001805,candidate-warmup,0FF018,valid,1044504,-2,True,
4,1,000025,1790194731.5151494,33461.3987376,14.141091500001494,candidate-warmup,0FF015,valid,1044501,-3,True,
4,1,000025,1790194731.7065632,33461.590153,14.332506899998407,candidate-warmup,0FF013,valid,1044499,-2,True,
4,1,000025,1790194731.8985574,33461.7821472,14.524501100000634,candidate-warmup,0FF00F,valid,1044495,-4,True,
4,1,000025,1790194732.0905623,33461.9741508,14.716504700001678,candidate-warmup,0FF00E,valid,1044494,-1,True,
4,1,000025,1790194732.2981327,33462.1817212,14.924075100003392,candidate-warmup,0FF00B,valid,1044491,-3,True,
4,1,000025,1790194732.490122,33462.3737113,15.116065200003504,candidate-warmup,0FF009,valid,1044489,-2,True,
4,1,000025,1790194732.6821175,33462.565706,15.308059900002263,candidate-warmup,0FF008,valid,1044488,-1,True,
4,1,000025,1790194732.8895261,33462.7731156,15.515469500001927,candidate-warmup,0FF008,valid,1044488,0,True,
4,1,000025,1790194733.0815272,33462.9651149,15.707468799999333,candidate-warmup,0FF008,valid,1044488,0,True,
4,1,000025,1790194733.273525,33463.1571128,15.89946670000063,candidate-warmup,0FF006,valid,1044486,-2,True,
4,1,000025,1790194733.4650824,33463.3486731,16.091027000002214,candidate-warmup,0FF006,valid,1044486,0,True,
4,1,000025,1790194733.6730795,33463.5566703,16.29902420000144,candidate-warmup,0FF006,valid,1044486,0,True,
4,1,000025,1790194733.8645008,33463.7480901,16.490444000002753,candidate-warmup,0FF005,valid,1044485,-1,True,
4,1,000025,1790194734.0560915,33463.9396794,16.682033299999603,candidate-warmup,0FF003,valid,1044483,-2,True,
4,1,000025,1790194734.2640746,33464.1476623,16.89001619999908,candidate-warmup,0FF002,valid,1044482,-1,True,
4,1,000025,1790194734.4560652,33464.3396533,17.08200719999877,candidate-warmup,0FF002,valid,1044482,0,True,
4,1,000025,1790194734.6480467,33464.5316366,17.273990499998035,candidate-warmup,0FF002,valid,1044482,0,True,
4,1,000025,1790194734.85546,33464.7390483,17.48140219999914,candidate-warmup,0FF001,valid,1044481,-1,True,
4,1,000025,1790194735.0474765,33464.9310631,17.673416999998153,candidate-warmup,0FF001,valid,1044481,0,True,
4,1,000025,1790194735.2390313,33465.1226195,17.864973399999144,candidate-warmup,0FF001,valid,1044481,0,True,
4,1,000025,1790194735.431031,33465.3146192,18.056973099999595,candidate-warmup,0FF001,valid,1044481,0,True,
4,1,000025,1790194735.6384609,33465.5220488,18.264402699998755,candidate-warmup,0FF001,valid,1044481,0,True,
4,1,000025,1790194735.8304453,33465.7140333,18.45638719999988,candidate-warmup,0FEFFF,valid,1044479,-2,True,
4,1,000025,1790194736.0224407,33465.9060282,18.648382100000163,candidate-warmup,0FEFFE,valid,1044478,-1,True,
4,1,000025,1790194736.2300036,33466.1135918,18.85594570000103,candidate-warmup,0FEFF4,valid,1044468,-10,True,
4,1,000025,1790194736.422012,33466.3056002,19.047954100002244,candidate-warmup,0FEFF1,valid,1044465,-3,True,
4,1,000025,1790194736.6139932,33466.4975818,19.239935700003116,candidate-warmup,0FEFF0,valid,1044464,-1,True,
4,1,000025,1790194736.8214085,33466.7049951,19.44734900000185,candidate-warmup,0FEFEF,valid,1044463,-1,True,
4,1,000025,1790194737.013408,33466.896994,19.639347900003486,candidate-warmup,0FEFEF,valid,1044463,0,True,
4,1,000025,1790194737.2053888,33467.0889773,19.83133120000275,candidate-warmup,0FEFEF,valid,1044463,0,True,
4,1,000025,1790194737.396971,33467.2805593,20.022913200002222,candidate-measurement,0FEFEF,valid,1044463,0,True,
4,1,000025,1790194737.604959,33467.4885472,20.230901100003393,candidate-measurement,0FEFEE,valid,1044462,-1,True,
4,1,000025,1790194737.796955,33467.6805446,20.422898500000883,candidate-measurement,0FEFE6,valid,1044454,-8,True,
4,1,000025,1790194737.9883652,33467.8719551,20.61430900000414,candidate-measurement,0FEFDA,valid,1044442,-12,True,
4,1,000025,1790194738.1963592,33468.0799471,20.822301000000152,candidate-measurement,0FEFD7,valid,1044439,-3,True,
4,1,000025,1790194738.3879266,33468.2715155,21.01386939999793,candidate-measurement,0FEFD4,valid,1044436,-3,True,
4,1,000025,1790194738.5799198,33468.463509,21.205862900002103,candidate-measurement,0FEFD1,valid,1044433,-3,True,
4,1,000025,1790194738.7879121,33468.6715007,21.413854600003106,candidate-measurement,0FEFCC,valid,1044428,-5,True,
4,1,000025,1790194738.9793403,33468.8629289,21.605282800002897,candidate-measurement,0FEFCA,valid,1044426,-2,True,
4,1,000025,1790194739.1713333,33469.0549217,21.79727560000174,candidate-measurement,0FEFC8,valid,1044424,-2,True,
4,1,000025,1790194739.3628995,33469.2464878,21.98884170000383,candidate-measurement,0FEFC8,valid,1044424,0,True,
4,1,000025,1790194739.570899,33469.4544886,22.196842500001367,candidate-measurement,0FEFC7,valid,1044423,-1,True,
4,1,000025,1790194739.7623088,33469.6458982,22.38825209999777,candidate-measurement,0FEFC6,valid,1044422,-1,True,
4,1,000025,1790194739.9543068,33469.8378956,22.580249500002537,candidate-measurement,0FEFC6,valid,1044422,0,True,
4,1,000025,1790194740.1619904,33470.045577,22.787930899998173,candidate-measurement,0FEFC4,valid,1044420,-2,True,
4,1,000025,1790194740.3538797,33470.2374683,22.979822200002673,candidate-measurement,0FEFC2,valid,1044418,-2,True,
4,1,000025,1790194740.5458627,33470.4294514,23.171805300000415,candidate-measurement,0FEFC0,valid,1044416,-2,True,
4,1,000025,1790194740.7538567,33470.6374448,23.37979869999981,candidate-measurement,0FEFBF,valid,1044415,-1,True,
4,1,000025,1790194740.9612749,33470.8448631,23.587217000000237,candidate-measurement,0FEFBD,valid,1044413,-2,True,
4,1,000025,1790194741.1532667,33471.0368548,23.77920869999798,candidate-measurement,0FEFBA,valid,1044410,-3,True,
4,1,000025,1790194741.3448443,33471.2284325,23.97078640000109,candidate-measurement,0FEFB8,valid,1044408,-2,True,
4,1,000025,1790194741.5368264,33471.4204162,24.1627701000034,candidate-measurement,0FEFB4,valid,1044404,-4,True,
4,1,000025,1790194741.7288275,33471.6124157,24.354769600002328,candidate-measurement,0FEFB4,valid,1044404,0,True,
4,1,000025,1790194741.9208183,33471.8044072,24.546761099998548,candidate-measurement,0FEFB2,valid,1044402,-2,True,
4,1,000025,1790194742.128233,33472.0118214,24.754175300004135,candidate-measurement,0FEFB0,valid,1044400,-2,True,
4,1,000025,1790194742.3202326,33472.2038209,24.946174800003064,candidate-measurement,0FEFAE,valid,1044398,-2,True,
4,1,000025,1790194742.5122192,33472.3958077,25.138161599999876,candidate-measurement,0FEFAE,valid,1044398,0,True,
4,1,000025,1790194742.719795,33472.6033829,25.34573680000176,candidate-measurement,0FEFAE,valid,1044398,0,True,
4,1,000025,1790194742.9117904,33472.7953788,25.53773270000238,candidate-measurement,0FEFAD,valid,1044397,-1,True,
4,1,000025,1790194743.1037877,33472.987376,25.729729899998347,candidate-measurement,0FEFAD,valid,1044397,0,True,
4,1,000025,1790194743.2951994,33473.1787877,25.921141600003466,candidate-measurement,0FEFAC,valid,1044396,-1,True,
4,1,000025,1790194743.5027814,33473.3863685,26.128722400004335,candidate-measurement,0FEFAB,valid,1044395,-1,True,
4,1,000025,1790194743.6947727,33473.5783614,26.32071530000394,candidate-measurement,0FEFA9,valid,1044393,-2,True,
4,1,000025,1790194743.8867605,33473.7703483,26.512702200001513,candidate-measurement,0FEFA8,valid,1044392,-1,True,
4,1,000025,1790194744.0947556,33473.9783417,26.72069560000091,candidate-measurement,0FEFA8,valid,1044392,0,True,
4,1,000025,1790194744.2861598,33474.1697487,26.912102599999344,candidate-measurement,0FEFA7,valid,1044391,-1,True,
4,1,000025,1790194744.478153,33474.3617411,27.104095000002417,candidate-measurement,0FEFA7,valid,1044391,0,True,
4,1,000025,1790194744.670149,33474.5537378,27.296091700001853,candidate-measurement,0FEFA7,valid,1044391,0,True,
4,1,000025,1790194744.878135,33474.7617231,27.50407699999778,candidate-measurement,0FEFA7,valid,1044391,0,True,
4,1,000025,1790194745.0697513,33474.9533392,27.695693100002245,candidate-measurement,0FEFA7,valid,1044391,0,True,
4,1,000025,1790194745.2617142,33475.1453027,27.887656600003538,candidate-measurement,0FEFA6,valid,1044390,-1,True,
4,1,000025,1790194745.4697046,33475.3532929,28.095646800000395,candidate-measurement,0FEF9E,valid,1044382,-8,True,
4,1,000025,1790194745.6616983,33475.5452861,28.287640000002284,candidate-measurement,0FEF9A,valid,1044378,-4,True,
4,1,000025,1790194745.8531163,33475.7367041,28.479058000004443,candidate-measurement,0FEF97,valid,1044375,-3,True,
4,1,000025,1790194746.0611105,33475.9446969,28.68705079999927,candidate-measurement,0FEF96,valid,1044374,-1,True,
4,1,000025,1790194746.252683,33476.1362705,28.878624400000263,candidate-measurement,0FEF95,valid,1044373,-1,True,
4,1,000025,1790194746.444669,33476.3282581,29.070612000003166,candidate-measurement,0FEF95,valid,1044373,0,True,
4,1,000025,1790194746.6366646,33476.5202529,29.262606800002686,candidate-measurement,0FEF95,valid,1044373,0,True,
4,1,000025,1790194746.8446763,33476.7282638,29.470617700004368,candidate-measurement,0FEF95,valid,1044373,0,True,
4,1,000025,1790194747.0360832,33476.9196697,29.662023600001703,candidate-measurement,0FEF94,valid,1044372,-1,True,
4,1,000025,1790194747.2280707,33477.1116588,29.854012700001476,candidate-measurement,0FEF92,valid,1044370,-2,True,
4,1,000025,1790194747.4360576,33477.3196459,30.061999800003832,candidate-measurement,0FEF84,valid,1044356,-14,True,
4,1,000025,1790194747.6276333,33477.5112215,30.253575399998226,candidate-measurement,0FEF7F,valid,1044351,-5,True,
4,1,000025,1790194747.8196304,33477.7032186,30.445572500000708,candidate-measurement,0FEF7C,valid,1044348,-3,True,
4,1,000025,1790194748.027621,33477.9112094,30.653563300002133,candidate-measurement,0FEF7A,valid,1044346,-2,True,
4,1,000025,1790194748.2190442,33478.102632,30.84498590000294,candidate-measurement,0FEF76,valid,1044342,-4,True,
4,1,000025,1790194748.4110327,33478.2946204,31.03697430000466,candidate-measurement,0FEF71,valid,1044337,-5,True,
4,1,000025,1790194748.6030238,33478.4866119,31.22896580000088,candidate-measurement,0FEF6F,valid,1044335,-2,True,
4,1,000025,1790194748.8105931,33478.6941808,31.436534699998447,candidate-measurement,0FEF6E,valid,1044334,-1,True,
4,1,000025,1790194749.002601,33478.8861865,31.62854040000093,candidate-measurement,0FEF6C,valid,1044332,-2,True,
4,1,000025,1790194749.1945994,33479.0781863,31.820540200002142,candidate-measurement,0FEF6C,valid,1044332,0,True,
4,1,000025,1790194749.401997,33479.2855856,32.02793950000341,candidate-measurement,0FEF6A,valid,1044330,-2,True,
4,1,000025,1790194749.5939958,33479.4775837,32.21993759999896,candidate-measurement,0FEF68,valid,1044328,-2,True,
4,1,000025,1790194749.785991,33479.6695792,32.41193310000381,candidate-measurement,0FEF66,valid,1044326,-2,True,
4,1,000025,1790194749.993564,33479.8771507,32.619504599999345,candidate-measurement,0FEF65,valid,1044325,-1,True,
4,1,000025,1790194750.1855593,33480.0691476,32.811501500000304,candidate-measurement,0FEF62,valid,1044322,-3,True,
4,1,000025,1790194750.376967,33480.2605548,33.00290870000026,candidate-measurement,0FEF60,valid,1044320,-2,True,
4,1,000025,1790194750.5689697,33480.4525581,33.19491199999902,candidate-measurement,0FEF5F,valid,1044319,-1,True,
4,1,000025,1790194750.7766693,33480.6602533,33.402607199997874,candidate-measurement,0FEF5E,valid,1044318,-1,True,
4,1,000025,1790194750.9685261,33480.8521149,33.59446880000178,candidate-measurement,0FEF5B,valid,1044315,-3,True,
4,1,000025,1790194751.1605325,33481.0441204,33.78647430000274,candidate-measurement,0FEF5A,valid,1044314,-1,True,
4,1,000025,1790194751.368639,33481.2522158,33.994569700000284,candidate-measurement,0FEF58,valid,1044312,-2,True,
4,1,000025,1790194751.5605218,33481.4441093,34.18646319999971,candidate-measurement,0FEF56,valid,1044310,-2,True,
4,1,000025,1790194751.7519357,33481.6355239,34.377877799997805,candidate-measurement,0FEF54,valid,1044308,-2,True,
4,1,000025,1790194751.9599144,33481.8435027,34.585856600002444,candidate-measurement,0FEF54,valid,1044308,0,True,
4,1,000025,1790194752.1674993,33482.0510868,34.79344069999934,candidate-measurement,0FEF54,valid,1044308,0,True,
4,1,000025,1790194752.3594835,33482.2430713,34.98542520000046,candidate-measurement,0FEF53,valid,1044307,-1,True,
4,1,000025,1790194752.5514774,33482.4350655,35.17741940000269,candidate-measurement,0FEF52,valid,1044306,-1,True,
4,1,000025,1790194752.7428858,33482.6264746,35.368828500002564,candidate-measurement,0FEF52,valid,1044306,0,True,
4,1,000025,1790194752.934877,33482.8184675,35.56082140000217,candidate-measurement,0FEF52,valid,1044306,0,True,
4,1,000025,1790194753.1264646,33483.0100527,35.75240660000418,candidate-measurement,0FEF50,valid,1044304,-2,True,
4,1,000025,1790194753.3344462,33483.2180347,35.96038860000408,candidate-measurement,0FEF4F,valid,1044303,-1,True,
4,1,000025,1790194753.5264494,33483.4100378,36.15239170000132,candidate-measurement,0FEF4E,valid,1044302,-1,True,
4,1,000025,1790194753.7184417,33483.6020303,36.344384199997876,candidate-measurement,0FEF4E,valid,1044302,0,True,
4,1,000025,1790194753.925854,33483.8094421,36.55179599999974,candidate-measurement,0FEF4D,valid,1044301,-1,True,
4,1,000025,1790194754.117849,33484.0014376,36.74379150000459,candidate-measurement,0FEF4D,valid,1044301,0,True,
4,1,000025,1790194754.3098428,33484.1934314,36.93578530000377,candidate-measurement,0FEF4D,valid,1044301,0,True,
4,1,000025,1790194754.5014184,33484.3850063,37.12736020000011,candidate-measurement,0FEF4D,valid,1044301,0,True,
4,1,000025,1790194754.7094004,33484.5929895,37.335343400001875,candidate-measurement,0FEF4D,valid,1044301,0,True,
4,1,000025,1790194754.9014003,33484.7849895,37.52734340000461,candidate-measurement,0FEF4C,valid,1044300,-1,True,
4,1,000025,1790194755.0934057,33484.9769939,37.71934780000447,candidate-measurement,0FEF4B,valid,1044299,-1,True,
4,1,000025,1790194755.3013835,33485.1849721,37.92732600000454,candidate-measurement,0FEF42,valid,1044290,-9,True,
4,1,000025,1790194755.4928074,33485.3763954,38.1187493000034,candidate-measurement,0FEF40,valid,1044288,-2,True,
4,1,000025,1790194755.684791,33485.5683795,38.31073340000148,candidate-measurement,0FEF3D,valid,1044285,-3,True,
4,1,000025,1790194755.8767953,33485.7603838,38.50273770000058,candidate-measurement,0FEF3C,valid,1044284,-1,True,
4,1,000025,1790194756.0844154,33485.9680037,38.71035760000086,candidate-measurement,0FEF3B,valid,1044283,-1,True,
4,1,000025,1790194756.2763584,33486.1599465,38.902300400004606,candidate-measurement,0FEF3B,valid,1044283,0,True,
4,1,000025,1790194756.4683588,33486.3519449,39.094298800002434,candidate-measurement,0FEF3B,valid,1044283,0,True,
4,1,000025,1790194756.6763475,33486.5599366,39.30229050000344,candidate-measurement,0FEF3B,valid,1044283,0,True,
4,1,000025,1790194756.8683307,33486.7519195,39.494273399999656,candidate-measurement,0FEF39,valid,1044281,-2,True,
4,1,000025,1790194757.059762,33486.9433498,39.685703700000886,candidate-measurement,0FEF38,valid,1044280,-1,True,
4,1,000025,1790194757.2677464,33487.151335,39.893688900003326,candidate-measurement,0FEF2C,valid,1044268,-12,True,
4,1,000025,1790194757.4597492,33487.3433373,40.08569120000175,candidate-measurement,0FEF26,valid,1044262,-6,True,
4,1,000025,1790194757.651315,33487.5349031,40.277257000001555,candidate-measurement,0FEF23,valid,1044259,-3,True,
4,1,000025,1790194757.8433046,33487.7268932,40.46924710000167,candidate-measurement,0FEF21,valid,1044257,-2,True,
4,1,000025,1790194758.0513332,33487.9349189,40.67727279999963,candidate-measurement,0FEF1E,valid,1044254,-3,True,
4,1,000025,1790194758.2427146,33488.1263028,40.86865670000407,candidate-measurement,0FEF1B,valid,1044251,-3,True,
4,1,000025,1790194758.4347126,33488.318301,41.06065490000037,candidate-measurement,0FEF17,valid,1044247,-4,True,
4,1,000025,1790194758.6422796,33488.5258677,41.26822160000302,candidate-measurement,0FEF15,valid,1044245,-2,True,
4,1,000025,1790194758.8342762,33488.7178643,41.46021820000169,candidate-measurement,0FEF14,valid,1044244,-1,True,
4,1,000025,1790194759.0262797,33488.9098676,41.65222150000045,candidate-measurement,0FEF13,valid,1044243,-1,True,
4,1,000025,1790194759.234271,33489.1178584,41.860212300001876,candidate-measurement,0FEF12,valid,1044242,-1,True,
4,1,000025,1790194759.425677,33489.3092649,42.05161880000378,candidate-measurement,0FEF10,valid,1044240,-2,True,
4,1,000025,1790194759.617675,33489.5012632,42.24361710000085,candidate-measurement,0FEF0F,valid,1044239,-1,True,
4,1,000025,1790194759.809252,33489.6928404,42.43519430000015,candidate-measurement,0FEF0C,valid,1044236,-3,True,
4,1,000025,1790194760.0172918,33489.9008775,42.6432313999976,candidate-measurement,0FEF0A,valid,1044234,-2,True,
4,1,000025,1790194760.209231,33490.0928183,42.83517220000067,candidate-measurement,0FEF07,valid,1044231,-3,True,
4,1,000025,1790194760.4006486,33490.2842367,43.0265905999986,candidate-measurement,0FEF05,valid,1044229,-2,True,
4,1,000025,1790194760.608312,33490.4918989,43.23425280000083,candidate-measurement,0FEF01,valid,1044225,-4,True,
4,1,000025,1790194760.8002145,33490.683802,43.426155900000595,candidate-measurement,0FEF00,valid,1044224,-1,True,
4,1,000025,1790194760.9922173,33490.8758055,43.61815940000088,candidate-measurement,0FEEFE,valid,1044222,-2,True,
4,1,000025,1790194761.2002187,33491.0838063,43.82616019999841,candidate-measurement,0FEEFC,valid,1044220,-2,True,
4,1,000025,1790194761.4076114,33491.2911993,44.03355320000264,candidate-measurement,0FEEFB,valid,1044219,-1,True,
4,1,000025,1790194761.5996144,33491.4832024,44.22555629999988,candidate-measurement,0FEEFA,valid,1044218,-1,True,
4,1,000025,1790194761.7911787,33491.6747665,44.417120400001295,candidate-measurement,0FEEFA,valid,1044218,0,True,
4,1,000025,1790194761.9831922,33491.866778,44.609131900004286,candidate-measurement,0FEEFA,valid,1044218,0,True,
4,1,000025,1790194762.1751704,33492.0587584,44.8011123000033,candidate-measurement,0FEEFA,valid,1044218,0,True,
4,1,000025,1790194762.3665907,33492.2501792,44.99253309999767,candidate-measurement,0FEEF8,valid,1044216,-2,True,
4,1,000025,1790194762.5745912,33492.4581797,45.2005336000002,candidate-measurement,0FEEF8,valid,1044216,0,True,
4,1,000025,1790194762.7661564,33492.6497449,45.392098800002714,candidate-measurement,0FEEF8,valid,1044216,0,True,
4,1,000025,1790194762.9581463,33492.8417341,45.58408800000325,candidate-measurement,0FEEF7,valid,1044215,-1,True,
4,1,000025,1790194763.1661499,33493.0497372,45.792091100003745,candidate-measurement,0FEEF5,valid,1044213,-2,True,
4,1,000025,1790194763.35814,33493.241728,45.98408190000191,candidate-measurement,0FEEF4,valid,1044212,-1,True,
4,1,000025,1790194763.5495512,33493.4331389,46.17549280000094,candidate-measurement,0FEEF4,valid,1044212,0,True,
4,1,000025,1790194763.7415388,33493.6251268,46.36748069999885,candidate-measurement,0FEEF3,valid,1044211,-1,True,
4,1,000025,1790194763.9491048,33493.8326931,46.57504699999845,candidate-measurement,0FEEF3,valid,1044211,0,True,
4,1,000025,1790194764.141114,33494.0247022,46.76705609999772,candidate-measurement,0FEEF3,valid,1044211,0,True,
4,1,000025,1790194764.3331084,33494.2166968,46.95905070000299,candidate-measurement,0FEEF3,valid,1044211,0,True,
4,1,000025,1790194764.5405152,33494.4241033,47.16645720000088,candidate-measurement,0FEEF3,valid,1044211,0,True,
4,1,000025,1790194764.7325125,33494.6161002,47.358454100001836,candidate-measurement,0FEEF2,valid,1044210,-1,True,
4,1,000025,1790194764.9245045,33494.8080925,47.55044640000415,candidate-measurement,0FEEEE,valid,1044206,-4,True,
4,1,000025,1790194765.1320856,33495.0156733,47.75802719999774,candidate-measurement,0FEEE6,valid,1044198,-8,True,
4,1,000025,1790194765.3240912,33495.2076788,47.9500326999987,candidate-measurement,0FEEE3,valid,1044195,-3,True,
4,1,000025,1790194765.516068,33495.3996563,48.14201019999746,candidate-measurement,0FEEE1,valid,1044193,-2,True,
4,1,000025,1790194765.7074757,33495.5910639,48.33341780000046,candidate-measurement,0FEEE1,valid,1044193,0,True,
4,1,000025,1790194765.915466,33495.7990542,48.54140809999808,candidate-measurement,0FEEE1,valid,1044193,0,True,
4,1,000025,1790194766.1074636,33495.9910514,48.73340530000132,candidate-measurement,0FEEE1,valid,1044193,0,True,
4,1,000025,1790194766.2990367,33496.1826248,48.92497870000079,candidate-measurement,0FEEE0,valid,1044192,-1,True,
4,1,000025,1790194766.5070307,33496.3906192,49.13297310000053,candidate-measurement,0FEED6,valid,1044182,-10,True,
4,1,000025,1790194766.6990328,33496.5826205,49.32497439999861,candidate-measurement,0FEECE,valid,1044174,-8,True,
4,1,000025,1790194766.8910394,33496.7746268,49.516980699998385,candidate-measurement,0FEECA,valid,1044170,-4,True,
4,1,000025,1790194767.0824356,33496.9660231,49.708377000002656,candidate-measurement,0FEEC7,valid,1044167,-3,True,
4,1,000025,1790194767.2904284,33497.1740141,49.91636799999833,candidate-measurement,0FEEC4,valid,1044164,-3,True,
4,1,000025,1790194767.4824355,33497.3660232,50.1083770999976,candidate-measurement,0FEEC0,valid,1044160,-4,True,
4,1,000025,1790194767.674024,33497.5576114,50.29996530000062,candidate-measurement,0FEEBD,valid,1044157,-3,True,
4,1,000025,1790194767.8820083,33497.765596,50.50794989999849,candidate-measurement,0FEEBC,valid,1044156,-1,True,
4,1,000025,1790194768.0739875,33497.9575735,50.699927400004526,candidate-measurement,0FEEBA,valid,1044154,-2,True,
4,1,000025,1790194768.2653987,33498.1489869,50.89134080000076,candidate-measurement,0FEEBA,valid,1044154,0,True,
4,1,000025,1790194768.4734142,33498.3570007,51.0993546000027,candidate-measurement,0FEEB8,valid,1044152,-2,True,
4,1,000025,1790194768.6809604,33498.5645485,51.30690239999967,candidate-measurement,0FEEB8,valid,1044152,0,True,
4,1,000025,1790194768.8730025,33498.7565882,51.49894209999911,candidate-measurement,0FEEB6,valid,1044150,-2,True,
4,1,000025,1790194769.064954,33498.9485425,51.69089640000311,candidate-measurement,0FEEB4,valid,1044148,-2,True,
4,1,000025,1790194769.2569504,33499.1405381,51.88289200000145,candidate-measurement,0FEEB2,valid,1044146,-2,True,
4,1,000025,1790194769.4483616,33499.3319498,52.07430369999929,candidate-measurement,0FEEB1,valid,1044145,-1,True,
4,1,000025,1790194769.6403615,33499.5239495,52.26630339999974,candidate-measurement,0FEEAE,valid,1044142,-3,True,
4,1,000025,1790194769.8479207,33499.7315084,52.4738623000012,candidate-measurement,0FEEAC,valid,1044140,-2,True,
4,1,000025,1790194770.0399175,33499.9235058,52.66585969999869,candidate-measurement,0FEEA9,valid,1044137,-3,True,
4,1,000025,1790194770.2319262,33500.1155135,52.85786740000185,candidate-measurement,0FEEA7,valid,1044135,-2,True,
4,1,000025,1790194770.4393365,33500.322924,53.06527790000109,candidate-measurement,0FEEA6,valid,1044134,-1,True,
4,1,000025,1790194770.6313133,33500.5149016,53.25725550000061,candidate-measurement,0FEEA4,valid,1044132,-2,True,
4,1,000025,1790194770.823311,33500.7068991,53.44925299999886,candidate-measurement,0FEEA3,valid,1044131,-1,True,
4,1,000025,1790194771.015001,33500.8985809,53.64093480000156,candidate-measurement,0FEEA2,valid,1044130,-1,True,
4,1,000025,1790194771.2228744,33501.1064623,53.84881619999942,candidate-measurement,0FEEA1,valid,1044129,-1,True,
4,1,000025,1790194771.4148703,33501.2984582,54.04081210000004,candidate-measurement,0FEEA0,valid,1044128,-1,True,
4,1,000025,1790194771.606309,33501.489896,54.23224990000017,candidate-measurement,0FEEA0,valid,1044128,0,True,
4,1,000025,1790194771.8142784,33501.6978663,54.44022019999829,candidate-measurement,0FEEA0,valid,1044128,0,True,
4,1,000025,1790194772.0063078,33501.8898947,54.632248599999,candidate-measurement,0FEEA0,valid,1044128,0,True,
4,1,000025,1790194772.1978636,33502.081451,54.82380489999923,candidate-measurement,0FEE9E,valid,1044126,-2,True,
4,1,000025,1790194772.4058366,33502.2894246,55.031778500000655,candidate-measurement,0FEE9E,valid,1044126,0,True,
4,1,000025,1790194772.5978427,33502.4814305,55.22378440000466,candidate-measurement,0FEE9E,valid,1044126,0,True,
4,1,000025,1790194772.7898304,33502.6734187,55.41577259999758,candidate-measurement,0FEE9E,valid,1044126,0,True,
4,1,000025,1790194772.9812417,33502.8648296,55.607183500003885,candidate-measurement,0FEE9C,valid,1044124,-2,True,
4,1,000025,1790194773.1892467,33503.0728345,55.815188400003535,candidate-measurement,0FEE9A,valid,1044122,-2,True,
4,1,000025,1790194773.3808422,33503.2644278,56.00678170000174,candidate-measurement,0FEE9A,valid,1044122,0,True,
4,1,000025,1790194773.572802,33503.4563905,56.198744400004216,candidate-measurement,0FEE99,valid,1044121,-1,True,
4,1,000025,1790194773.7808151,33503.6644024,56.40675629999896,candidate-measurement,0FEE99,valid,1044121,0,True,
4,1,000025,1790194773.9727876,33503.8563756,56.598729500001355,candidate-measurement,0FEE99,valid,1044121,0,True,
4,1,000025,1790194774.164789,33504.0483773,56.79073120000248,candidate-measurement,0FEE99,valid,1044121,0,True,
4,1,000025,1790194774.3722382,33504.2558243,56.99817820000317,candidate-measurement,0FEE98,valid,1044120,-1,True,
4,1,000025,1790194774.564183,33504.4477717,57.19012559999828,candidate-measurement,0FEE93,valid,1044115,-5,True,
4,1,000025,1790194774.7557755,33504.6393616,57.3817154999997,candidate-measurement,0FEE8E,valid,1044110,-5,True,
4,1,000025,1790194774.947757,33504.8313453,57.57369920000201,candidate-measurement,0FEE8C,valid,1044108,-2,True,
4,1,000025,1790194775.1557426,33505.0393308,57.78168469999946,candidate-measurement,0FEE8A,valid,1044106,-2,True,
4,1,000025,1790194775.347744,33505.231332,57.97368590000406,candidate-measurement,0FEE88,valid,1044104,-2,True,
4,1,000025,1790194775.539731,33505.4233198,58.16567370000121,candidate-measurement,0FEE88,valid,1044104,0,True,
4,1,000025,1790194775.7471488,33505.6307374,58.37309130000358,candidate-measurement,0FEE87,valid,1044103,-1,True,
4,1,000025,1790194775.9391482,33505.8227365,58.56509039999946,candidate-measurement,0FEE87,valid,1044103,0,True,
4,1,000025,1790194776.131141,33506.0147285,58.75708239999949,candidate-measurement,0FEE87,valid,1044103,0,True,
4,1,000025,1790194776.3231282,33506.206717,58.94907090000197,candidate-measurement,0FEE87,valid,1044103,0,True,
4,1,000025,1790194776.5306985,33506.4142871,59.1566410000014,candidate-measurement,0FEE87,valid,1044103,0,True,
4,1,000025,1790194776.7226994,33506.6062877,59.34864160000143,candidate-measurement,0FEE85,valid,1044101,-2,True,
4,1,000025,1790194776.91412,33506.797708,59.54006189999927,candidate-measurement,0FEE80,valid,1044096,-5,True,
4,1,000025,1790194777.122107,33507.0056949,59.748048800000106,candidate-measurement,0FEE76,valid,1044086,-10,True,
4,1,000025,1790194777.314096,33507.1976852,59.94003910000174,candidate-measurement,0FEE73,valid,1044083,-3,True,
4,1,000025,1790194777.5056922,33507.3892809,60.13163480000367,candidate-measurement,0FEE71,valid,1044081,-2,True,
4,1,000025,1790194777.7136598,33507.5972497,60.339603599997645,candidate-measurement,0FEE6F,valid,1044079,-2,True,
4,1,000025,1790194777.9056628,33507.7892522,60.53160609999759,candidate-measurement,0FEE6E,valid,1044078,-1,True,
4,1,000025,1790194778.097083,33507.9806716,60.72302550000313,candidate-measurement,0FEE6C,valid,1044076,-2,True,
4,1,000025,1790194778.289065,33508.1726536,60.915007499999774,candidate-measurement,0FEE6A,valid,1044074,-2,True,
4,1,000025,1790194778.49664,33508.3802283,61.12258219999785,candidate-measurement,0FEE69,valid,1044073,-1,True,
4,1,000025,1790194778.688635,33508.5722233,61.314577199998894,candidate-measurement,0FEE66,valid,1044070,-3,True,
4,1,000025,1790194778.8806338,33508.7642221,61.50657599999977,candidate-measurement,0FEE64,valid,1044068,-2,True,
4,1,000025,1790194779.0880406,33508.9716288,61.71398269999918,candidate-measurement,0FEE63,valid,1044067,-1,True,
4,1,000025,1790194779.280048,33509.1636381,61.90599199999997,candidate-measurement,0FEE62,valid,1044066,-1,True,
4,1,000025,1790194779.472031,33509.355619,62.09797290000279,candidate-measurement,0FEE62,valid,1044066,0,True,
4,1,000025,1790194779.6796014,33509.5631908,62.30554470000061,candidate-measurement,0FEE60,valid,1044064,-2,True,
4,1,000025,1790194779.871594,33509.755182,62.49753590000182,candidate-measurement,0FEE60,valid,1044064,0,True,
4,1,000025,1790194780.06359,33509.9471783,62.68953219999821,candidate-measurement,0FEE60,valid,1044064,0,True,
4,1,000025,1790194780.255587,33510.1391752,62.88152909999917,candidate-measurement,0FEE5F,valid,1044063,-1,True,
4,1,000025,1790194780.4629974,33510.3465877,63.08894159999909,candidate-measurement,0FEE5D,valid,1044061,-2,True,
4,1,000025,1790194780.6550007,33510.5385883,63.28094219999912,candidate-measurement,0FEE5C,valid,1044060,-1,True,
4,1,000025,1790194780.8465664,33510.730155,63.4725088999985,candidate-measurement,0FEE5A,valid,1044058,-2,True,
4,1,000025,1790194781.054564,33510.9381523,63.68050619999849,candidate-measurement,0FEE58,valid,1044056,-2,True,
4,1,000025,1790194781.24656,33511.1301463,63.872500199999195,candidate-measurement,0FEE58,valid,1044056,0,True,
4,1,000025,1790194781.437966,33511.3215543,64.06390819999797,candidate-measurement,0FEE57,valid,1044055,-1,True,
4,1,000025,1790194781.6455462,33511.5291342,64.27148809999926,candidate-measurement,0FEE54,valid,1044052,-3,True,
4,1,000025,1790194781.8375318,33511.7211199,64.46347380000225,candidate-measurement,0FEE51,valid,1044049,-3,True,
4,1,000025,1790194782.029534,33511.9131207,64.6554746000038,candidate-measurement,0FEE4D,valid,1044045,-4,True,
4,1,000025,1790194782.220938,33512.104526,64.84687990000384,candidate-measurement,0FEE4C,valid,1044044,-1,True,
4,1,000025,1790194782.4289384,33512.3125271,65.05488100000366,candidate-measurement,0FEE4A,valid,1044042,-2,True,
4,1,000025,1790194782.6209266,33512.5045149,65.24686880000081,candidate-measurement,0FEE48,valid,1044040,-2,True,
4,1,000025,1790194782.812501,33512.6960895,65.43844340000214,candidate-measurement,0FEE46,valid,1044038,-2,True,
4,1,000025,1790194783.0205195,33512.9041059,65.64645980000205,candidate-measurement,0FEE46,valid,1044038,0,True,
4,1,000025,1790194783.2124865,33513.096075,65.83842890000233,candidate-measurement,0FEE46,valid,1044038,0,True,
4,1,000025,1790194783.4038994,33513.2874892,66.02984310000465,candidate-measurement,0FEE46,valid,1044038,0,True,
4,1,000025,1790194783.6118977,33513.4954879,66.23784180000075,candidate-measurement,0FEE44,valid,1044036,-2,True,
4,1,000025,1790194783.803889,33513.6874772,66.42983110000205,candidate-measurement,0FEE44,valid,1044036,0,True,
4,1,000025,1790194783.9954693,33513.8790562,66.6214101000005,candidate-measurement,0FEE44,valid,1044036,0,True,
4,1,000025,1790194784.187459,33514.0710474,66.81340130000171,candidate-measurement,0FEE43,valid,1044035,-1,True,
4,1,000025,1790194784.3954473,33514.2790352,67.02138910000212,candidate-measurement,0FEE41,valid,1044033,-2,True,
4,1,000025,1790194784.5868676,33514.4704559,67.21280980000301,candidate-measurement,0FEE40,valid,1044032,-1,True,
4,1,000025,1790194784.7788613,33514.6624514,67.40480530000059,candidate-measurement,0FEE40,valid,1044032,0,True,
4,1,000025,1790194784.9864743,33514.870059,67.6124129000018,candidate-measurement,0FEE3F,valid,1044031,-1,True,
4,1,000025,1790194785.1784575,33515.0620422,67.8043961000003,candidate-measurement,0FEE3F,valid,1044031,0,True,
4,1,000025,1790194785.3704221,33515.2540103,67.99636420000024,candidate-measurement,0FEE3F,valid,1044031,0,True,
4,1,000025,1790194785.5778306,33515.4614198,68.20377369999915,candidate-measurement,0FEE3F,valid,1044031,0,True,
4,1,000025,1790194785.769826,33515.6534141,68.39576800000214,candidate-measurement,0FEE3F,valid,1044031,0,True,
4,1,000025,1790194785.9614005,33515.8449887,68.58734260000347,candidate-measurement,0FEE3E,valid,1044030,-1,True,
4,1,000025,1790194786.1534007,33516.0369885,68.7793423999974,candidate-measurement,0FEE36,valid,1044022,-8,True,
4,1,000025,1790194786.3614063,33516.2449941,68.98734800000238,candidate-measurement,0FEE32,valid,1044018,-4,True,
4,1,000025,1790194786.5528052,33516.4363928,69.1787467000031,candidate-measurement,0FEE30,valid,1044016,-2,True,
4,1,000025,1790194786.7447882,33516.6283792,69.37073310000414,candidate-measurement,0FEE2E,valid,1044014,-2,True,
4,1,000025,1790194786.9523687,33516.8359581,69.57831199999782,candidate-measurement,0FEE2D,valid,1044013,-1,True,
4,1,000025,1790194787.144363,33517.0279513,69.77030519999971,candidate-measurement,0FEE2D,valid,1044013,0,True,
4,1,000025,1790194787.3363552,33517.2199455,69.96229940000194,candidate-measurement,0FEE2D,valid,1044013,0,True,
4,1,000025,1790194787.5437698,33517.4273581,70.16971200000262,candidate-measurement,0FEE2D,valid,1044013,0,True,
4,1,000025,1790194787.735758,33517.6193495,70.36170339999808,candidate-measurement,0FEE2D,valid,1044013,0,True,
4,1,000025,1790194787.9277754,33517.8113621,70.55371600000217,candidate-measurement,0FEE2B,valid,1044011,-2,True,
4,1,000025,1790194788.1353312,33518.0189193,70.76127319999796,candidate-measurement,0FEE2B,valid,1044011,0,True,
4,1,000025,1790194788.3273351,33518.2109265,70.95328040000459,candidate-measurement,0FEE21,valid,1044001,-10,True,
4,1,000025,1790194788.5193188,33518.4029081,71.14526199999818,candidate-measurement,0FEE19,valid,1043993,-8,True,
4,1,000025,1790194788.710727,33518.5943163,71.33667019999848,candidate-measurement,0FEE15,valid,1043989,-4,True,
4,1,000025,1790194788.9187415,33518.8023326,71.54468649999762,candidate-measurement,0FEE13,valid,1043987,-2,True,
4,1,000025,1790194789.1107216,33518.9943099,71.73666380000213,candidate-measurement,0FEE10,valid,1043984,-3,True,
4,1,000025,1790194789.302292,33519.1858814,71.92823530000169,candidate-measurement,0FEE0B,valid,1043979,-5,True,
4,1,000025,1790194789.5102801,33519.3938703,72.1362242000032,candidate-measurement,0FEE08,valid,1043976,-3,True,
4,1,000025,1790194789.7022803,33519.5858689,72.32822280000255,candidate-measurement,0FEE06,valid,1043974,-2,True,
4,1,000025,1790194789.8936887,33519.7772792,72.51963310000428,candidate-measurement,0FEE06,valid,1043974,0,True,
4,1,000025,1790194790.0856936,33519.9692818,72.71163569999771,candidate-measurement,0FEE04,valid,1043972,-2,True,
4,1,000025,1790194790.293686,33520.1772739,72.91962780000176,candidate-measurement,0FEE03,valid,1043971,-1,True,
4,1,000025,1790194790.485262,33520.3688497,73.11120359999768,candidate-measurement,0FEE02,valid,1043970,-1,True,
4,1,000025,1790194790.677251,33520.5608391,73.30319299999974,candidate-measurement,0FEE00,valid,1043968,-2,True,
4,1,000025,1790194790.8852322,33520.76882,73.51117389999854,candidate-measurement,0FEDFE,valid,1043966,-2,True,
4,1,000025,1790194791.0766563,33520.9602448,73.70259870000154,candidate-measurement,0FEDFE,valid,1043966,0,True,
4,1,000025,1790194791.2686496,33521.1522379,73.89459180000267,candidate-measurement,0FEDFC,valid,1043964,-2,True,
4,1,000025,1790194791.4762135,33521.3598023,74.10215620000236,candidate-measurement,0FEDF9,valid,1043961,-3,True,
4,1,000025,1790194791.668213,33521.5518012,74.29415510000399,candidate-measurement,0FEDF7,valid,1043959,-2,True,
4,1,000025,1790194791.8602092,33521.743797,74.48615090000385,candidate-measurement,0FEDF4,valid,1043956,-3,True,
4,1,000025,1790194792.051629,33521.9352155,74.67756940000254,candidate-measurement,0FEDF3,valid,1043955,-1,True,
4,1,000025,1790194792.2596214,33522.1432097,74.88556360000075,candidate-measurement,0FEDF2,valid,1043954,-1,True,
4,1,000025,1790194792.4511886,33522.3347779,75.07713180000428,candidate-measurement,0FEDEF,valid,1043951,-3,True,
4,1,000025,1790194792.6431854,33522.5267767,75.26913059999788,candidate-measurement,0FEDED,valid,1043949,-2,True,
4,1,000025,1790194792.8512013,33522.7347913,75.47714519999863,candidate-measurement,0FEDEC,valid,1043948,-1,True,
4,1,000025,1790194793.0425932,33522.9261815,75.66853540000011,candidate-measurement,0FEDEC,valid,1043948,0,True,
4,1,000025,1790194793.2345848,33523.1181743,75.86052819999895,candidate-measurement,0FEDEA,valid,1043946,-2,True,
4,1,000025,1790194793.4421608,33523.3257496,76.0681035000016,candidate-measurement,0FEDEA,valid,1043946,0,True,
4,1,000025,1790194793.634143,33523.5177347,76.26008860000002,candidate-measurement,0FEDEA,valid,1043946,0,True,
4,1,000025,1790194793.8261483,33523.7097367,76.45209060000343,candidate-measurement,0FEDE8,valid,1043944,-2,True,
4,1,000025,1790194794.0175765,33523.9011634,76.64351729999908,candidate-measurement,0FEDE7,valid,1043943,-1,True,
4,1,000025,1790194794.225592,33524.1091778,76.8515316999983,candidate-measurement,0FEDE6,valid,1043942,-1,True,
4,1,000025,1790194794.4171295,33524.3007178,77.04307169999811,candidate-measurement,0FEDE6,valid,1043942,0,True,
4,1,000025,1790194794.6091223,33524.4927108,77.23506469999847,candidate-measurement,0FEDE5,valid,1043941,-1,True,
4,1,000025,1790194794.817181,33524.7007678,77.44312170000194,candidate-measurement,0FEDE5,valid,1043941,0,True,
4,1,000025,1790194795.009116,33524.8927031,77.6350569999995,candidate-measurement,0FEDE5,valid,1043941,0,True,
4,1,000025,1790194795.2005246,33525.0841127,77.82646660000319,candidate-measurement,0FEDE5,valid,1043941,0,True,
4,1,000025,1790194795.4085157,33525.2921049,78.03445880000072,candidate-measurement,0FEDE4,valid,1043940,-1,True,
4,1,000025,1790194795.600529,33525.4841178,78.22647169999982,candidate-measurement,0FEDE3,valid,1043939,-1,True,
4,1,000025,1790194795.7920806,33525.6756722,78.41802610000013,candidate-measurement,0FEDDF,valid,1043935,-4,True,
4,1,000025,1790194795.9840727,33525.8676619,78.61001580000448,candidate-measurement,0FEDD9,valid,1043929,-6,True,
4,1,000025,1790194796.1914966,33526.0750849,78.81743880000431,candidate-measurement,0FEDD6,valid,1043926,-3,True,
4,1,000025,1790194796.383503,33526.2670912,79.00944510000409,candidate-measurement,0FEDD4,valid,1043924,-2,True,
4,1,000025,1790194796.57506,33526.4586487,79.2010025999989,candidate-measurement,0FEDD4,valid,1043924,0,True,
4,1,000025,1790194796.7830486,33526.6666396,79.40899350000109,candidate-measurement,0FEDD3,valid,1043923,-1,True,
4,1,000025,1790194796.9750404,33526.8586317,79.60098560000188,candidate-measurement,0FEDD3,valid,1043923,0,True,
4,1,000025,1790194797.166478,33527.0500661,79.79241999999795,candidate-measurement,0FEDD3,valid,1043923,0,True,
4,1,000025,1790194797.3744504,33527.2580405,80.00039439999819,candidate-measurement,0FEDD3,valid,1043923,0,True,
4,1,000025,1790194797.5664535,33527.4500414,80.1923953000005,candidate-measurement,0FEDD1,valid,1043921,-2,True,
4,1,000025,1790194797.758017,33527.6416077,80.38396160000411,candidate-measurement,0FEDCE,valid,1043918,-3,True,
4,1,000025,1790194797.950009,33527.8336003,80.57595420000143,candidate-measurement,0FEDC4,valid,1043908,-10,True,
4,1,000025,1790194798.157422,33528.0410109,80.78336480000144,candidate-measurement,0FEDBE,valid,1043902,-6,True,
4,1,000025,1790194798.3494115,33528.2330022,80.97535610000341,candidate-measurement,0FEDBB,valid,1043899,-3,True,
4,1,000025,1790194798.541412,33528.4250027,81.16735660000268,candidate-measurement,0FEDB9,valid,1043897,-2,True,
4,1,000025,1790194798.7489843,33528.6325726,81.37492650000058,candidate-measurement,0FEDB6,valid,1043894,-3,True,
4,1,000025,1790194798.9409764,33528.8245661,81.56691999999748,candidate-measurement,0FEDB4,valid,1043892,-2,True,
4,1,000025,1790194799.132973,33529.0165612,81.75891509999929,candidate-measurement,0FEDB0,valid,1043888,-4,True,
4,1,000025,1790194799.3403873,33529.2239772,81.96633110000403,candidate-measurement,0FEDAE,valid,1043886,-2,True,
4,1,000025,1790194799.5323775,33529.4159679,82.15832180000143,candidate-measurement,0FEDAC,valid,1043884,-2,True,
4,1,000025,1790194799.7239568,33529.6075452,82.3498991000015,candidate-measurement,0FEDAC,valid,1043884,0,True,
4,1,000025,1790194799.9159436,33529.799535,82.54188889999932,candidate-measurement,0FEDAB,valid,1043883,-1,True,
4,1,000025,1790194800.1239803,33530.0075683,82.74992220000422,candidate-measurement,0FEDAA,valid,1043882,-1,True,
4,1,000025,1790194800.315936,33530.199524,82.94187790000433,candidate-measurement,0FEDA8,valid,1043880,-2,True,
4,1,000025,1790194800.5073972,33530.3909859,83.1333397999988,candidate-measurement,0FEDA7,valid,1043879,-1,True,
4,1,000025,1790194800.7153442,33530.5989338,83.34128770000098,candidate-measurement,0FEDA5,valid,1043877,-2,True,
4,1,000025,1790194800.906912,33530.790501,83.53285490000417,candidate-measurement,0FEDA4,valid,1043876,-1,True,
4,1,000025,1790194801.098915,33530.9825031,83.72485700000107,candidate-measurement,0FEDA2,valid,1043874,-2,True,
4,1,000025,1790194801.2909024,33531.1744903,83.91684420000092,candidate-measurement,0FED9F,valid,1043871,-3,True,
4,1,000025,1790194801.4983351,33531.3819242,84.12427810000372,candidate-measurement,0FED9D,valid,1043869,-2,True,
4,1,000025,1790194801.6903055,33531.5738965,84.31625039999926,candidate-measurement,0FED9A,valid,1043866,-3,True,
4,1,000025,1790194801.8823102,33531.7659005,84.50825440000335,candidate-measurement,0FED98,valid,1043864,-2,True,
4,1,000025,1790194802.0898836,33531.9734724,84.71582630000194,candidate-measurement,0FED96,valid,1043862,-2,True,
4,1,000025,1790194802.2818809,33532.165469,84.90782290000061,candidate-measurement,0FED94,valid,1043860,-2,True,
4,1,000025,1790194802.4738665,33532.3574575,85.09981140000309,candidate-measurement,0FED92,valid,1043858,-2,True,
4,1,000025,1790194802.6812778,33532.564869,85.30722290000267,candidate-measurement,0FED92,valid,1043858,0,True,
4,1,000025,1790194802.8732836,33532.7568744,85.49922830000287,candidate-measurement,0FED92,valid,1043858,0,True,
4,1,000025,1790194803.065276,33532.9488639,85.69121779999841,candidate-measurement,0FED91,valid,1043857,-1,True,
4,1,000025,1790194803.256838,33533.1404274,85.88278130000253,candidate-measurement,0FED91,valid,1043857,0,True,
4,1,000025,1790194803.4648352,33533.3484248,86.09077870000328,candidate-measurement,0FED90,valid,1043856,-1,True,
4,1,000025,1790194803.656826,33533.5404166,86.28277050000179,candidate-measurement,0FED8E,valid,1043854,-2,True,
4,1,000025,1790194803.8488197,33533.732411,86.47476489999826,candidate-measurement,0FED8D,valid,1043853,-1,True,
4,1,000025,1790194804.0562277,33533.9398164,86.68217030000233,candidate-measurement,0FED8C,valid,1043852,-1,True,
4,1,000025,1790194804.248231,33534.1318206,86.87417450000066,candidate-measurement,0FED8C,valid,1043852,0,True,
4,1,000025,1790194804.4397998,33534.3233889,87.06574279999768,candidate-measurement,0FED8B,valid,1043851,-1,True,
4,1,000025,1790194804.6477916,33534.5313821,87.27373600000283,candidate-measurement,0FED8B,valid,1043851,0,True,
4,1,000025,1790194804.8398132,33534.723401,87.46575490000396,candidate-measurement,0FED8B,valid,1043851,0,True,
4,1,000025,1790194805.0312133,33534.9148015,87.65715540000383,candidate-measurement,0FED8B,valid,1043851,0,True,
4,1,000025,1790194805.2232,33535.1067886,87.84914250000293,candidate-measurement,0FED89,valid,1043849,-2,True,
4,1,000025,1790194805.4308002,33535.3143915,88.05674539999745,candidate-measurement,0FED89,valid,1043849,0,True,
4,1,000025,1790194805.6227682,33535.5063572,88.24871110000095,candidate-measurement,0FED81,valid,1043841,-8,True,
4,1,000025,1790194805.814759,33535.6983472,88.4407011000003,candidate-measurement,0FED7D,valid,1043837,-4,True,
4,1,000025,1790194806.022182,33535.9057682,88.64812209999945,candidate-measurement,0FED7A,valid,1043834,-3,True,
4,1,000025,1790194806.2141705,33536.0977595,88.84011340000143,candidate-measurement,0FED79,valid,1043833,-1,True,
4,1,000025,1790194806.406171,33536.2897595,89.03211340000416,candidate-measurement,0FED79,valid,1043833,0,True,
4,1,000025,1790194806.6137335,33536.4973219,89.23967580000317,candidate-measurement,0FED79,valid,1043833,0,True,
4,1,000025,1790194806.8217244,33536.7053141,89.4476680000007,candidate-measurement,0FED79,valid,1043833,0,True,
4,1,000025,1790194807.0137298,33536.8973177,89.63967160000175,candidate-measurement,0FED78,valid,1043832,-1,True,
4,1,000025,1790194807.2051296,33537.0887185,89.8310724000039,candidate-measurement,0FED74,valid,1043828,-4,True,
4,1,000025,1790194807.3971221,33537.280711,90.02306490000046,candidate-measurement,0FED65,valid,1043813,-15,True,
4,1,000025,1790194807.5891275,33537.4727159,90.21506980000413,candidate-measurement,0FED60,valid,1043808,-5,True,
4,1,000025,1790194807.7806926,33537.664281,90.40663489999861,candidate-measurement,0FED5C,valid,1043804,-4,True,
4,1,000025,1790194807.988686,33537.8722766,90.6146305000002,candidate-measurement,0FED54,valid,1043796,-8,True,
4,1,000025,1790194808.180698,33538.0642858,90.80663970000023,candidate-measurement,0FED50,valid,1043792,-4,True,
4,1,000025,1790194808.3720984,33538.255688,90.9980418999985,candidate-measurement,0FED4E,valid,1043790,-2,True,
4,1,000025,1790194808.5801053,33538.4636962,91.20605010000145,candidate-measurement,0FED4C,valid,1043788,-2,True,
4,1,000025,1790194808.7876794,33538.6712687,91.4136226000046,candidate-measurement,0FED4A,valid,1043786,-2,True,
4,1,000025,1790194808.979659,33538.8632482,91.60560210000403,candidate-measurement,0FED48,valid,1043784,-2,True,
4,1,000025,1790194809.1716568,33539.055245,91.79759890000423,candidate-measurement,0FED44,valid,1043780,-4,True,
4,1,000025,1790194809.363068,33539.246657,91.98901090000436,candidate-measurement,0FED40,valid,1043776,-4,True,
4,1,000025,1790194809.5550604,33539.4386502,92.18100409999897,candidate-measurement,0FED3E,valid,1043774,-2,True,
4,1,000025,1790194809.7466328,33539.6302222,92.37257610000233,candidate-measurement,0FED3C,valid,1043772,-2,True,
4,1,000025,1790194809.9546413,33539.8382305,92.58058439999877,candidate-measurement,0FED3A,valid,1043770,-2,True,
4,1,000025,1790194810.146645,33540.0302317,92.77258560000337,candidate-measurement,0FED38,valid,1043768,-2,True,
4,1,000025,1790194810.3380475,33540.2216353,92.96398919999774,candidate-measurement,0FED38,valid,1043768,0,True,
4,1,000025,1790194810.546026,33540.4296142,93.17196810000314,candidate-measurement,0FED38,valid,1043768,0,True,
4,1,000025,1790194810.7380247,33540.621613,93.36396690000402,candidate-measurement,0FED38,valid,1043768,0,True,
4,1,000025,1790194810.9295921,33540.8131813,93.55553520000103,candidate-measurement,0FED36,valid,1043766,-2,True,
4,1,000025,1790194811.121586,33541.0051749,93.74752879999869,candidate-measurement,0FED36,valid,1043766,0,True,
4,1,000025,1790194811.329604,33541.2131921,93.95554599999741,candidate-measurement,0FED36,valid,1043766,0,True,
4,1,000025,1790194811.5215676,33541.4051566,94.14751049999904,candidate-measurement,0FED34,valid,1043764,-2,True,
4,1,000025,1790194811.7129903,33541.5965781,94.33893199999875,candidate-measurement,0FED32,valid,1043762,-2,True,
4,1,000025,1790194811.920554,33541.8041426,94.5464964999992,candidate-measurement,0FED32,valid,1043762,0,True,
4,1,000025,1790194812.1125572,33541.9961456,94.73849950000294,candidate-measurement,0FED31,valid,1043761,-1,True,
4,1,000025,1790194812.3045518,33542.1881406,94.93049450000399,candidate-measurement,0FED31,valid,1043761,0,True,
4,1,000025,1790194812.5119622,33542.3955509,95.1379048000017,candidate-measurement,0FED31,valid,1043761,0,True,
4,1,000025,1790194812.7199543,33542.6035428,95.34589670000423,candidate-measurement,0FED31,valid,1043761,0,True,
4,1,000025,1790194812.9115224,33542.7951113,95.53746520000277,candidate-measurement,0FED2F,valid,1043759,-2,True,
4,1,000025,1790194813.1035347,33542.9871226,95.72947650000424,candidate-measurement,0FED2A,valid,1043754,-5,True,
4,1,000025,1790194813.2955256,33543.1791137,95.92146759999741,candidate-measurement,0FED23,valid,1043747,-7,True,
4,1,000025,1790194813.4869356,33543.3705239,96.11287779999839,candidate-measurement,0FED20,valid,1043744,-3,True,
4,1,000025,1790194813.6789284,33543.5625181,96.30487200000061,candidate-measurement,0FED1F,valid,1043743,-1,True,
4,1,000025,1790194813.8869185,33543.7705084,96.51286229999823,candidate-measurement,0FED1F,valid,1043743,0,True,
4,1,000025,1790194814.0785494,33543.9621352,96.70448910000414,candidate-measurement,0FED1F,valid,1043743,0,True,
4,1,000025,1790194814.2705421,33544.1541259,96.89647980000154,candidate-measurement,0FED1F,valid,1043743,0,True,
4,1,000025,1790194814.4784927,33544.3620804,97.10443430000305,candidate-measurement,0FED1D,valid,1043741,-2,True,
4,1,000025,1790194814.6704714,33544.55406,97.29641390000324,candidate-measurement,0FED1B,valid,1043739,-2,True,
4,1,000025,1790194814.8618917,33544.7454802,97.48783410000033,candidate-measurement,0FED10,valid,1043728,-11,True,
4,1,000025,1790194815.0538843,33544.9374729,97.67982679999841,candidate-measurement,0FED0A,valid,1043722,-6,True,
4,1,000025,1790194815.261458,33545.1450458,97.88739970000461,candidate-measurement,0FED07,valid,1043719,-3,True,
4,1,000025,1790194815.4534833,33545.3370716,98.07942550000007,candidate-measurement,0FED05,valid,1043717,-2,True,
4,1,000025,1790194815.6454446,33545.529033,98.27138689999992,candidate-measurement,0FED02,valid,1043714,-3,True,
4,1,000025,1790194815.8528621,33545.7364504,98.47880430000077,candidate-measurement,0FED00,valid,1043712,-2,True,
4,1,000025,1790194816.0448668,33545.9284548,98.67080870000063,candidate-measurement,0FECFC,valid,1043708,-4,True,
4,1,000025,1790194816.236907,33546.120495,98.86284890000388,candidate-measurement,0FECFA,valid,1043706,-2,True,
4,1,000025,1790194816.4444375,33546.3280252,99.07037909999781,candidate-measurement,0FECF9,valid,1043705,-1,True,
4,1,000025,1790194816.6364195,33546.5200074,99.26236130000325,candidate-measurement,0FECF8,valid,1043704,-1,True,
4,1,000025,1790194816.827872,33546.7114577,99.45381160000397,candidate-measurement,0FECF8,valid,1043704,0,True,
4,1,000025,1790194817.0198357,33546.9034216,99.64577550000104,candidate-measurement,0FECF7,valid,1043703,-1,True,
4,1,000025,1790194817.227842,33547.1114282,99.85378209999908,candidate-measurement,0FECF6,valid,1043702,-1,True,
4,1,000025,1790194817.4198227,33547.3034098,100.04576369999995,candidate-measurement,0FECF4,valid,1043700,-2,True,
4,1,000025,1790194817.6113877,33547.4949761,100.23733000000357,candidate-measurement,0FECF4,valid,1043700,0,True,
4,1,000025,1790194817.8193786,33547.7029665,100.44532040000195,candidate-measurement,0FECF1,valid,1043697,-3,True,
4,1,000025,1790194818.0114121,33547.8949975,100.63735140000063,candidate-measurement,0FECF0,valid,1043696,-1,True,
4,1,000025,1790194818.2027917,33548.0863797,100.8287335999994,candidate-measurement,0FECEF,valid,1043695,-1,True,
4,1,000025,1790194818.4104245,33548.2940116,101.03636550000374,candidate-measurement,0FECEC,valid,1043692,-3,True,
4,1,000025,1790194818.6023817,33548.4859686,101.2283224999992,candidate-measurement,0FECEA,valid,1043690,-2,True,
4,1,000025,1790194818.794351,33548.6779392,101.42029310000362,candidate-measurement,0FECE7,valid,1043687,-3,True,
4,1,000025,1790194818.9863417,33548.8699283,101.61228220000339,candidate-measurement,0FECE5,valid,1043685,-2,True,
4,1,000025,1790194819.1937642,33549.0773513,101.81970520000323,candidate-measurement,0FECE4,valid,1043684,-1,True,
4,1,000025,1790194819.3857436,33549.2693319,102.01168580000376,candidate-measurement,0FECE2,valid,1043682,-2,True,
4,1,000025,1790194819.577322,33549.4609098,102.20326370000112,candidate-measurement,0FECE0,valid,1043680,-2,True,
4,1,000025,1790194819.785312,33549.6688995,102.41125340000144,candidate-measurement,0FECDF,valid,1043679,-1,True,
4,1,000025,1790194819.9773183,33549.8609057,102.60325960000046,candidate-measurement,0FECDE,valid,1043678,-1,True,
4,1,000025,1790194820.1693,33550.0528884,102.79524230000243,candidate-measurement,0FECDE,valid,1043678,0,True,
4,1,000025,1790194820.376708,33550.2602961,103.00265000000218,candidate-measurement,0FECDE,valid,1043678,0,True,
4,1,000025,1790194820.5687096,33550.4522971,103.19465099999798,candidate-measurement,0FECDE,valid,1043678,0,True,
4,1,000025,1790194820.7606966,33550.6442848,103.38663870000164,candidate-measurement,0FECDC,valid,1043676,-2,True,
4,1,000025,1790194820.9522684,33550.8358571,103.57821100000001,candidate-measurement,0FECDC,valid,1043676,0,True,
4,1,000025,1790194821.1602857,33551.0438728,103.78622670000186,candidate-measurement,0FECDC,valid,1043676,0,True,
4,1,000025,1790194821.352297,33551.2358827,103.97823659999995,candidate-measurement,0FECDA,valid,1043674,-2,True,
4,1,000025,1790194821.543679,33551.4272676,104.16962149999745,candidate-measurement,0FECD8,valid,1043672,-2,True,
4,1,000025,1790194821.751681,33551.635268,104.37762189999921,candidate-measurement,0FECD8,valid,1043672,0,True,
4,1,000025,1790194821.9436584,33551.8272462,104.5696001000033,candidate-measurement,0FECD7,valid,1043671,-1,True,
4,1,000025,1790194822.13524,33552.0188286,104.76118249999854,candidate-measurement,0FECD7,valid,1043671,0,True,
4,1,000025,1790194822.3272405,33552.2108288,104.9531827000028,candidate-measurement,0FECD7,valid,1043671,0,True,
4,1,000025,1790194822.5352263,33552.4188143,105.16116820000025,candidate-measurement,0FECD7,valid,1043671,0,True,
4,1,000025,1790194822.7266366,33552.6102249,105.35257880000427,candidate-measurement,0FECD7,valid,1043671,0,True,
4,1,000025,1790194822.918625,33552.8022133,105.54456719999871,candidate-measurement,0FECD6,valid,1043670,-1,True,
4,1,000025,1790194823.1266427,33553.01023,105.7525839000009,candidate-measurement,0FECCE,valid,1043662,-8,True,
4,1,000025,1790194823.318632,33553.2022192,105.94457310000143,candidate-measurement,0FECCA,valid,1043658,-4,True,
4,1,000025,1790194823.5101917,33553.3937798,106.13613369999803,candidate-measurement,0FECC7,valid,1043655,-3,True,
4,1,000025,1790194823.7182126,33553.6018,106.34415389999776,candidate-measurement,0FECC6,valid,1043654,-1,True,
4,1,000025,1790194823.910191,33553.7937788,106.53613269999914,candidate-measurement,0FECC5,valid,1043653,-1,True,
4,1,000025,1790194824.1016128,33553.9852,106.72755390000384,candidate-measurement,0FECC5,valid,1043653,0,True,
4,1,000025,1790194824.2935884,33554.1771768,106.91953070000454,candidate-measurement,0FECC5,valid,1043653,0,True,
4,1,000025,1790194824.5011594,33554.3847476,107.12710150000203,candidate-measurement,0FECC5,valid,1043653,0,True,
4,1,000025,1790194824.6925685,33554.5761568,107.31851070000266,candidate-measurement,0FECC2,valid,1043650,-3,True,
4,1,000025,1790194824.8845882,33554.7681615,107.51051539999753,candidate-measurement,0FECB6,valid,1043638,-12,True,
4,1,000025,1790194825.092171,33554.9757593,107.71811320000415,candidate-measurement,0FECB1,valid,1043633,-5,True,
4,1,000025,1790194825.284179,33555.1677644,107.91011830000207,candidate-measurement,0FECAE,valid,1043630,-3,True,
4,1,000025,1790194825.4761267,33555.3597142,108.1020681000009,candidate-measurement,0FECAC,valid,1043628,-2,True,
4,1,000025,1790194825.684143,33555.56773,108.31008390000352,candidate-measurement,0FECAA,valid,1043626,-2,True,
4,1,000025,1790194825.891577,33555.7751631,108.51751700000023,candidate-measurement,0FECA8,valid,1043624,-2,True,
4,1,000025,1790194826.083536,33555.9671233,108.70947719999822,candidate-measurement,0FECA5,valid,1043621,-3,True,
4,1,000025,1790194826.2755342,33556.1591207,108.90147460000298,candidate-measurement,0FECA1,valid,1043617,-4,True,
4,1,000025,1790194826.4670973,33556.350685,109.09303889999865,candidate-measurement,0FEC9F,valid,1043615,-2,True,
4,1,000025,1790194826.6590924,33556.5426801,109.28503400000045,candidate-measurement,0FEC9E,valid,1043614,-1,True,
4,1,000025,1790194826.8510869,33556.7346754,109.47702930000378,candidate-measurement,0FEC9D,valid,1043613,-1,True,
4,1,000025,1790194827.0585005,33556.9420879,109.6844418000037,candidate-measurement,0FEC9C,valid,1043612,-1,True,
4,1,000025,1790194827.2505267,33557.1341135,109.87646739999764,candidate-measurement,0FEC9A,valid,1043610,-2,True,
4,1,000025,1790194827.4424772,33557.3260659,110.06841980000172,candidate-measurement,0FEC99,valid,1043609,-1,True,
4,1,000025,1790194827.6500964,33557.5336827,110.27603660000023,candidate-measurement,0FEC97,valid,1043607,-2,True,
4,1,000025,1790194827.8420599,33557.7256451,110.46799900000042,candidate-measurement,0FEC96,valid,1043606,-1,True,
4,1,000025,1790194828.034078,33557.9176645,110.66001839999808,candidate-measurement,0FEC95,valid,1043605,-1,True,
4,1,000025,1790194828.241501,33558.1250858,110.86743969999952,candidate-measurement,0FEC92,valid,1043602,-3,True,
4,1,000025,1790194828.4334571,33558.3170456,111.05939950000175,candidate-measurement,0FEC90,valid,1043600,-2,True,
4,1,000025,1790194828.6254604,33558.5090483,111.25140220000321,candidate-measurement,0FEC8F,valid,1043599,-1,True,
4,1,000025,1790194828.817027,33558.7006154,111.44296929999837,candidate-measurement,0FEC8D,valid,1043597,-2,True,
4,1,000025,1790194829.0250258,33558.9086142,111.6509681000025,candidate-measurement,0FEC8B,valid,1043595,-2,True,
4,1,000025,1790194829.2170217,33559.100609,111.84296290000202,candidate-measurement,0FEC8B,valid,1043595,0,True,
4,1,000025,1790194829.408423,33559.292011,112.03436489999876,candidate-measurement,0FEC8A,valid,1043594,-1,True,
4,1,000025,1790194829.6164215,33559.5000089,112.24236280000332,candidate-measurement,0FEC88,valid,1043592,-2,True,
4,1,000025,1790194829.8239973,33559.7075853,112.44993919999979,candidate-measurement,0FEC86,valid,1043590,-2,True,
4,1,000025,1790194830.0159986,33559.8995857,112.6419395999983,candidate-measurement,0FEC84,valid,1043588,-2,True,
4,1,000025,1790194830.2080026,33560.0915897,112.83394360000239,candidate-measurement,0FEC84,valid,1043588,0,True,
4,1,000025,1790194830.3994188,33560.2830041,113.02535799999896,candidate-measurement,0FEC84,valid,1043588,0,True,
4,1,000025,1790194830.591393,33560.4749808,113.2173346999989,candidate-measurement,0FEC83,valid,1043587,-1,True,
4,1,000025,1790194830.7833705,33560.6669588,113.40931270000146,candidate-measurement,0FEC83,valid,1043587,0,True,
4,1,000025,1790194830.9909987,33560.8745834,113.61693730000115,candidate-measurement,0FEC82,valid,1043586,-1,True,
4,1,000025,1790194831.1829643,33561.066552,113.80890589999763,candidate-measurement,0FEC80,valid,1043584,-2,True,
4,1,000025,1790194831.374968,33561.2585557,114.00090959999943,candidate-measurement,0FEC7F,valid,1043583,-1,True,
4,1,000025,1790194831.5823522,33561.4659401,114.20829400000366,candidate-measurement,0FEC7E,valid,1043582,-1,True,
4,1,000025,1790194831.7743437,33561.6579318,114.4002857000014,candidate-measurement,0FEC7E,valid,1043582,0,True,
4,1,000025,1790194831.9659092,33561.8494979,114.5918518000035,candidate-measurement,0FEC7D,valid,1043581,-1,True,
4,1,000025,1790194832.1579528,33562.0415386,114.78389250000328,candidate-measurement,0FEC7D,valid,1043581,0,True,
4,1,000025,1790194832.3659046,33562.2494928,114.9918467000025,candidate-measurement,0FEC7D,valid,1043581,0,True,
4,1,000025,1790194832.557327,33562.4409153,115.18326920000254,candidate-measurement,0FEC7D,valid,1043581,0,True,
4,1,000025,1790194832.7493155,33562.6329033,115.37525720000122,candidate-measurement,0FEC7D,valid,1043581,0,True,
4,1,000025,1790194832.9573054,33562.8408933,115.58324720000383,candidate-measurement,0FEC7B,valid,1043579,-2,True,
4,1,000025,1790194833.1488986,33563.0324828,115.7748367000022,candidate-measurement,0FEC7B,valid,1043579,0,True,
4,1,000025,1790194833.340873,33563.2244609,115.96681479999825,candidate-measurement,0FEC72,valid,1043570,-9,True,
4,1,000025,1790194833.5483117,33563.4318986,116.17425250000088,candidate-measurement,0FEC6E,valid,1043566,-4,True,
4,1,000025,1790194833.7403245,33563.623909,116.36626290000277,candidate-measurement,0FEC6C,valid,1043564,-2,True,
4,1,000025,1790194833.9322827,33563.8158694,116.55822330000228,candidate-measurement,0FEC6B,valid,1043563,-1,True,
4,1,000025,1790194834.123887,33564.0074737,116.74982760000421,candidate-measurement,0FEC6B,valid,1043563,0,True,
4,1,000025,1790194834.331881,33564.2154662,116.95782010000403,candidate-measurement,0FEC6B,valid,1043563,0,True,
4,1,000025,1790194834.5238566,33564.4074436,117.14979750000202,candidate-measurement,0FEC6B,valid,1043563,0,True,
4,1,000025,1790194834.7152672,33564.598853,117.34120690000418,candidate-measurement,0FEC6A,valid,1043562,-1,True,
4,1,000025,1790194834.9232826,33564.8068696,117.54922349999833,candidate-measurement,0FEC67,valid,1043559,-3,True,
4,1,000025,1790194835.1148307,33564.9984192,117.74077309999848,candidate-measurement,0FEC59,valid,1043545,-14,True,
4,1,000025,1790194835.3068268,33565.1904142,117.93276809999952,candidate-measurement,0FEC54,valid,1043540,-5,True,
4,1,000025,1790194835.514839,33565.3984262,118.1407801000023,candidate-measurement,0FEC52,valid,1043538,-2,True,
4,1,000025,1790194835.7062259,33565.5898141,118.33216800000082,candidate-measurement,0FEC4E,valid,1043534,-4,True,
4,1,000025,1790194835.8982103,33565.7817984,118.52415230000042,candidate-measurement,0FEC4B,valid,1043531,-3,True,
4,1,000025,1790194836.089791,33565.9733792,118.71573309999803,candidate-measurement,0FEC47,valid,1043527,-4,True,
4,1,000025,1790194836.29783,33566.181416,118.92376990000048,candidate-measurement,0FEC44,valid,1043524,-3,True,
4,1,000025,1790194836.4897778,33566.3733664,119.11572030000389,candidate-measurement,0FEC44,valid,1043524,0,True,
4,1,000025,1790194836.6818097,33566.5653951,119.3077489999996,candidate-measurement,0FEC42,valid,1043522,-2,True,
4,1,000025,1790194836.8891864,33566.7727738,119.51512770000409,candidate-measurement,0FEC40,valid,1043520,-2,True,
4,1,000025,1790194837.0811803,33566.9647687,119.70712260000437,candidate-measurement,0FEC3F,valid,1043519,-1,True,
4,1,000025,1790194837.27318,33567.1567678,119.89912170000025,candidate-measurement,0FEC3D,valid,1043517,-2,True,
4,1,000025,1790194837.4807355,33567.3643237,120.1066776000007,candidate-measurement,0FEC3C,valid,1043516,-1,True,
4,1,000025,1790194837.6727393,33567.5563277,120.29868159999751,candidate-measurement,0FEC3A,valid,1043514,-2,True,
4,1,000025,1790194837.8647325,33567.7483206,120.49067450000439,candidate-measurement,0FEC37,valid,1043511,-3,True,
4,1,000025,1790194838.0567634,33567.9403505,120.68270440000197,candidate-measurement,0FEC36,valid,1043510,-1,True,
4,1,000025,1790194838.2641761,33568.1477618,120.89011570000002,candidate-measurement,0FEC33,valid,1043507,-3,True,
4,1,000025,1790194838.4561343,33568.3397226,121.08207650000259,candidate-measurement,0FEC33,valid,1043507,0,True,
4,1,000025,1790194838.6477144,33568.5313021,121.27365599999757,candidate-measurement,0FEC31,valid,1043505,-2,True,
4,1,000025,1790194838.8557363,33568.739323,121.48167690000264,candidate-measurement,0FEC30,valid,1043504,-1,True,
4,1,000025,1790194839.047714,33568.9313002,121.67365409999911,candidate-measurement,0FEC2D,valid,1043501,-3,True,
4,1,000025,1790194839.2391422,33569.1227297,121.86508360000153,candidate-measurement,0FEC2B,valid,1043499,-2,True,
4,1,000025,1790194839.4311097,33569.3146977,122.0570516000007,candidate-measurement,0FEC2A,valid,1043498,-1,True,
4,1,000025,1790194839.638675,33569.5222632,122.26461710000149,candidate-measurement,0FEC2A,valid,1043498,0,True,
4,1,000025,1790194839.8306682,33569.7142563,122.45661020000261,candidate-measurement,0FEC2A,valid,1043498,0,True,
4,1,000025,1790194840.0226698,33569.9062554,122.6486092999985,candidate-measurement,0FEC28,valid,1043496,-2,True,
4,1,000025,1790194840.230095,33570.1136638,122.85601770000358,candidate-measurement,0FEC28,valid,1043496,0,True,
4,1,000025,1790194840.4220855,33570.3056597,123.0480136000042,candidate-measurement,0FEC28,valid,1043496,0,True,
4,1,000025,1790194840.613646,33570.4972346,123.23958850000054,candidate-measurement,0FEC26,valid,1043494,-2,True,
4,1,000025,1790194840.8216372,33570.7052255,123.44757940000272,candidate-measurement,0FEC24,valid,1043492,-2,True,
4,1,000025,1790194841.013643,33570.897231,123.63958490000368,candidate-measurement,0FEC24,valid,1043492,0,True,
4,1,000025,1790194841.205045,33571.088633,123.83098690000043,candidate-measurement,0FEC23,valid,1043491,-1,True,
4,1,000025,1790194841.3970451,33571.2806331,124.02298700000392,candidate-measurement,0FEC23,valid,1043491,0,True,
4,1,000025,1790194841.6046367,33571.4882235,124.23057739999786,candidate-measurement,0FEC23,valid,1043491,0,True,
4,1,000025,1790194841.7966125,33571.6802007,124.4225546000016,candidate-measurement,0FEC23,valid,1043491,0,True,
4,1,000025,1790194841.9885998,33571.8721864,124.61454030000459,candidate-measurement,0FEC23,valid,1043491,0,True,
4,1,000025,1790194842.1960227,33572.0796108,124.82196470000054,candidate-measurement,0FEC21,valid,1043489,-2,True,
4,1,000025,1790194842.3880503,33572.2716367,125.01399060000404,candidate-measurement,0FEC21,valid,1043489,0,True,
4,1,000025,1790194842.579578,33572.4631659,125.20551980000164,candidate-measurement,0FEC18,valid,1043480,-9,True,
4,1,000025,1790194842.787574,33572.6711623,125.41351620000205,candidate-measurement,0FEC14,valid,1043476,-4,True,
4,1,000025,1790194842.979576,33572.8631619,125.60551580000174,candidate-measurement,0FEC12,valid,1043474,-2,True,
4,1,000025,1790194843.1709743,33573.0545622,125.79691610000009,candidate-measurement,0FEC11,valid,1043473,-1,True,
4,1,000025,1790194843.3629832,33573.246571,125.98892490000435,candidate-measurement,0FEC11,valid,1043473,0,True,
4,1,000025,1790194843.5705597,33573.454147,126.19650089999777,candidate-measurement,0FEC11,valid,1043473,0,True,
4,1,000025,1790194843.7625575,33573.6461453,126.38849920000212,candidate-measurement,0FEC11,valid,1043473,0,True,
4,1,000025,1790194843.9545465,33573.8381344,126.58048830000189,candidate-measurement,0FEC0F,valid,1043471,-2,True,
4,1,000025,1790194844.1619775,33574.0455642,126.78791810000257,candidate-measurement,0FEC0D,valid,1043469,-2,True,
4,1,000025,1790194844.3539472,33574.2375349,126.97988880000048,candidate-measurement,0FEBFF,valid,1043455,-14,True,
4,1,000025,1790194844.5459387,33574.4295269,127.17188080000051,candidate-measurement,0FEBF9,valid,1043449,-6,True,
4,1,000025,1790194844.7535188,33574.6371068,127.3794607000018,candidate-measurement,0FEBF6,valid,1043446,-3,True,
4,1,000025,1790194844.9455004,33574.8290883,127.57144220000191,candidate-measurement,0FEBF0,valid,1043440,-6,True,
4,1,000025,1790194845.136942,33575.0205277,127.76288159999967,candidate-measurement,0FEBEB,valid,1043435,-5,True,
4,1,000025,1790194845.3289146,33575.2125027,127.95485660000122,candidate-measurement,0FEBE9,valid,1043433,-2,True,
4,1,000025,1790194845.5364828,33575.4200712,128.16242510000302,candidate-measurement,0FEBE8,valid,1043432,-1,True,
4,1,000025,1790194845.7284758,33575.6120642,128.3544181000034,candidate-measurement,0FEBE6,valid,1043430,-2,True,
4,1,000025,1790194845.9204986,33575.8040849,128.54643880000367,candidate-measurement,0FEBE5,valid,1043429,-1,True,
4,1,000025,1790194846.1278977,33576.0114855,128.7538394000003,candidate-measurement,0FEBE2,valid,1043426,-3,True,
4,1,000025,1790194846.319882,33576.2034701,128.94582400000218,candidate-measurement,0FEBE2,valid,1043426,0,True,
4,1,000025,1790194846.5114532,33576.3950412,129.13739509999868,candidate-measurement,0FEBE0,valid,1043424,-2,True,
4,1,000025,1790194846.719451,33576.6030389,129.34539280000172,candidate-measurement,0FEBDE,valid,1043422,-2,True,
4,1,000025,1790194846.911436,33576.7950243,129.53737820000242,candidate-measurement,0FEBDC,valid,1043420,-2,True,
4,1,000025,1790194847.1028476,33576.9864354,129.72878930000297,candidate-measurement,0FEBD9,valid,1043417,-3,True,
4,1,000025,1790194847.2948468,33577.1784346,129.92078849999962,candidate-measurement,0FEBD7,valid,1043415,-2,True,
4,1,000025,1790194847.5024297,33577.3860177,130.12837160000345,candidate-measurement,0FEBD6,valid,1043414,-1,True,
4,1,000025,1790194847.6944122,33577.5780006,130.32035449999967,candidate-measurement,0FEBD4,valid,1043412,-2,True,
4,1,000025,1790194847.8858302,33577.7694182,130.51177209999878,candidate-measurement,0FEBD3,valid,1043411,-1,True,
4,1,000025,1790194848.0938199,33577.9774076,130.7197615000041,candidate-measurement,0FEBD2,valid,1043410,-1,True,
4,1,000025,1790194848.2858176,33578.1694059,130.91175980000116,candidate-measurement,0FEBD1,valid,1043409,-1,True,
4,1,000025,1790194848.4773834,33578.3609724,131.10332629999903,candidate-measurement,0FEBD0,valid,1043408,-1,True,
4,1,000025,1790194848.685435,33578.5690188,131.3113727000018,candidate-measurement,0FEBD0,valid,1043408,0,True,
4,1,000025,1790194848.8773797,33578.7609676,131.5033215000003,candidate-measurement,0FEBD0,valid,1043408,0,True,
4,1,000025,1790194849.0694108,33578.9529978,131.69535170000017,candidate-measurement,0FEBD0,valid,1043408,0,True,
4,1,000025,1790194849.2767982,33579.1603858,131.9027397000027,candidate-measurement,0FEBCE,valid,1043406,-2,True,
4,1,000025,1790194849.4687827,33579.3523708,132.09472470000037,candidate-measurement,0FEBCE,valid,1043406,0,True,
4,1,000025,1790194849.660348,33579.5439359,132.28628980000212,candidate-measurement,0FEBCE,valid,1043406,0,True,
4,1,000025,1790194849.8524098,33579.7359904,132.47834429999784,candidate-measurement,0FEBCE,valid,1043406,0,True,
4,1,000025,1790194850.0603402,33579.943928,132.68628190000163,candidate-measurement,0FEBCC,valid,1043404,-2,True,
4,1,000025,1790194850.2517514,33580.1353401,132.87769400000252,candidate-measurement,0FEBCA,valid,1043402,-2,True,
4,1,000025,1790194850.4437482,33580.3273365,133.06969039999967,candidate-measurement,0FEBCA,valid,1043402,0,True,
4,1,000025,1790194850.6513174,33580.5349057,133.27725959999952,candidate-measurement,0FEBC9,valid,1043401,-1,True,
4,1,000025,1790194850.8433146,33580.7269028,133.469256700002,candidate-measurement,0FEBC9,valid,1043401,0,True,
4,1,000025,1790194851.0353408,33580.9189271,133.6612810000006,candidate-measurement,0FEBC9,valid,1043401,0,True,
4,1,000025,1790194851.242731,33581.1263187,133.86867260000145,candidate-measurement,0FEBC9,valid,1043401,0,True,
4,1,000025,1790194851.4347227,33581.3183106,134.0606645000007,candidate-measurement,0FEBC9,valid,1043401,0,True,
4,1,000025,1790194851.626715,33581.5103029,134.25265680000302,candidate-measurement,0FEBC9,valid,1043401,0,True,
4,1,000025,1790194851.8182762,33581.701864,134.44421790000342,candidate-measurement,0FEBC8,valid,1043400,-1,True,
4,1,000025,1790194852.0262895,33581.9098753,134.65222920000087,candidate-measurement,0FEBC3,valid,1043395,-5,True,
4,1,000025,1790194852.2182882,33582.1018759,134.8442298000009,candidate-measurement,0FEBBC,valid,1043388,-7,True,
4,1,000025,1790194852.409685,33582.2932731,135.03562699999748,candidate-measurement,0FEBB9,valid,1043385,-3,True,
4,1,000025,1790194852.6176732,33582.5012613,135.24361520000093,candidate-measurement,0FEBB8,valid,1043384,-1,True,
4,1,000025,1790194852.809258,33582.6928463,135.43520020000142,candidate-measurement,0FEBB7,valid,1043383,-1,True,
4,1,000025,1790194853.00125,33582.8848378,135.62719169999764,candidate-measurement,0FEBB7,valid,1043383,0,True,
4,1,000025,1790194853.1932392,33583.0768278,135.81918170000426,candidate-measurement,0FEBB7,valid,1043383,0,True,
4,1,000025,1790194853.4006972,33583.2842837,136.02663759999996,candidate-measurement,0FEBB7,valid,1043383,0,True,
4,1,000025,1790194853.592643,33583.4762314,136.21858530000463,candidate-measurement,0FEBB6,valid,1043382,-1,True,
4,1,000025,1790194853.7846487,33583.668237,136.41059089999908,candidate-measurement,0FEBAA,valid,1043370,-12,True,
4,1,000025,1790194853.9922662,33583.8758538,136.61820769999758,candidate-measurement,0FEBA2,valid,1043362,-8,True,
4,1,000025,1790194854.1842113,33584.0677988,136.81015270000353,candidate-measurement,0FEB9E,valid,1043358,-4,True,
4,1,000025,1790194854.3762016,33584.2597902,137.002144099999,candidate-measurement,0FEB9C,valid,1043356,-2,True,
4,1,000025,1790194854.5841885,33584.4677768,137.21013069999753,candidate-measurement,0FEB96,valid,1043350,-6,True,
4,1,000025,1790194854.7756047,33584.6591931,137.4015470000013,candidate-measurement,0FEB92,valid,1043346,-4,True,
4,1,000025,1790194854.9675996,33584.8511877,137.5935415999993,candidate-measurement,0FEB90,valid,1043344,-2,True,
4,1,000025,1790194855.159591,33585.0431792,137.7855331000028,candidate-measurement,0FEB8E,valid,1043342,-2,True,
4,1,000025,1790194855.367171,33585.2507594,137.9931132999991,candidate-measurement,0FEB8C,valid,1043340,-2,True,
4,1,000025,1790194855.5591702,33585.4427588,138.18511270000454,candidate-measurement,0FEB8B,valid,1043339,-1,True,
4,1,000025,1790194855.7511566,33585.6347445,138.37709840000025,candidate-measurement,0FEB89,valid,1043337,-2,True,
4,1,000025,1790194855.9585764,33585.8421645,138.58451839999907,candidate-measurement,0FEB88,valid,1043336,-1,True,
4,1,000025,1790194856.150589,33586.0341737,138.7765275999991,candidate-measurement,0FEB88,valid,1043336,0,True,
4,1,000025,1790194856.3425782,33586.2261656,138.96851949999837,candidate-measurement,0FEB86,valid,1043334,-2,True,
4,1,000025,1790194856.550129,33586.4337167,139.17607059999864,candidate-measurement,0FEB84,valid,1043332,-2,True,
4,1,000025,1790194856.7421284,33586.6257166,139.3680705000006,candidate-measurement,0FEB81,valid,1043329,-3,True,
4,1,000025,1790194856.9341342,33586.8177222,139.56007610000233,candidate-measurement,0FEB7D,valid,1043325,-4,True,
4,1,000025,1790194857.1261108,33587.0096987,139.75205260000075,candidate-measurement,0FEB7C,valid,1043324,-1,True,
4,1,000025,1790194857.3335254,33587.2171132,139.95946710000135,candidate-measurement,0FEB7A,valid,1043322,-2,True,
4,1,000025,1790194857.5255117,33587.4091004,140.1514543000012,candidate-measurement,0FEB78,valid,1043320,-2,True,
4,1,000025,1790194857.7170942,33587.6006822,140.34303609999915,candidate-measurement,0FEB77,valid,1043319,-1,True,
4,1,000025,1790194857.925086,33587.8086739,140.55102780000016,candidate-measurement,0FEB76,valid,1043318,-1,True,
4,1,000025,1790194858.1170797,33588.0006677,140.74302159999934,candidate-measurement,0FEB76,valid,1043318,0,True,
4,1,000025,1790194858.309077,33588.1926656,140.93501950000064,candidate-measurement,0FEB76,valid,1043318,0,True,
4,1,000025,1790194858.5164852,33588.4000733,141.14242720000038,candidate-measurement,0FEB74,valid,1043316,-2,True,
4,1,000025,1790194858.7084827,33588.592071,141.33442490000016,candidate-measurement,0FEB74,valid,1043316,0,True,
4,1,000025,1790194858.9004765,33588.7840643,141.5264182000028,candidate-measurement,0FEB74,valid,1043316,0,True,
4,1,000025,1790194859.0920565,33588.9756446,141.7179985000039,candidate-measurement,0FEB74,valid,1043316,0,True,
4,1,000025,1790194859.3000486,33589.1836367,141.92599060000066,candidate-measurement,0FEB72,valid,1043314,-2,True,
4,1,000025,1790194859.4920516,33589.3756391,142.11799299999984,candidate-measurement,0FEB70,valid,1043312,-2,True,
4,1,000025,1790194859.683452,33589.5670402,142.30939410000428,candidate-measurement,0FEB70,valid,1043312,0,True,
4,1,000025,1790194859.891031,33589.7746188,142.51697270000295,candidate-measurement,0FEB6F,valid,1043311,-1,True,
4,1,000025,1790194860.0830142,33589.9666022,142.70895610000298,candidate-measurement,0FEB6F,valid,1043311,0,True,
4,1,000025,1790194860.2750046,33590.1585927,142.90094659999886,candidate-measurement,0FEB6F,valid,1043311,0,True,
4,1,000025,1790194860.4824195,33590.3660076,143.1083615000025,candidate-measurement,0FEB6F,valid,1043311,0,True,
4,1,000025,1790194860.6744113,33590.5580003,143.30035420000058,candidate-measurement,0FEB6F,valid,1043311,0,True,
4,1,000025,1790194860.865991,33590.7495791,143.49193299999752,candidate-measurement,0FEB6E,valid,1043310,-1,True,
4,1,000025,1790194861.05798,33590.9415687,143.6839226000011,candidate-measurement,0FEB65,valid,1043301,-9,True,
4,1,000025,1790194861.27498,33591.158565,143.90091889999894,candidate-measurement,0FEB62,valid,1043298,-3,True,
4,1,000025,1790194861.4733882,33591.3569766,144.0993305000011,candidate-measurement,0FEB5F,valid,1043295,-3,True,
4,1,000025,1790194861.6653898,33591.5489781,144.2913320000007,candidate-measurement,0FEB5E,valid,1043294,-1,True,
4,1,000025,1790194861.85738,33591.7409682,144.4833221000008,candidate-measurement,0FEB5D,valid,1043293,-1,True,
4,1,000025,1790194862.0489533,33591.9325415,144.6748953999995,candidate-measurement,0FEB5D,valid,1043293,0,True,
4,1,000025,1790194862.240957,33592.1245453,144.86689920000208,candidate-measurement,0FEB5D,valid,1043293,0,True,
4,1,000025,1790194862.4329786,33592.316566,145.05891990000237,candidate-measurement,0FEB5D,valid,1043293,0,True,
4,1,000025,1790194862.6403432,33592.5239317,145.26628560000245,candidate-measurement,0FEB5B,valid,1043291,-2,True,
4,1,000025,1790194862.8323479,33592.7159301,145.45828400000028,candidate-measurement,0FEB5A,valid,1043290,-1,True,
4,1,000025,1790194863.024344,33592.9079313,145.6502851999976,candidate-measurement,0FEB4E,valid,1043278,-12,True,
4,1,000025,1790194863.2319143,33593.1155026,145.8578564999989,candidate-measurement,0FEB49,valid,1043273,-5,True,
4,1,000025,1790194863.423917,33593.3075053,146.04985920000036,candidate-measurement,0FEB47,valid,1043271,-2,True,
4,1,000025,1790194863.6153176,33593.4989063,146.24126020000404,candidate-measurement,0FEB44,valid,1043268,-3,True,
4,1,000025,1790194863.823342,33593.7069293,146.44928320000326,candidate-measurement,0FEB43,valid,1043267,-1,True,
4,1,000025,1790194864.0153399,33593.8989248,146.64127870000084,candidate-measurement,0FEB41,valid,1043265,-2,True,
4,1,000025,1790194864.20688,33594.0904669,146.83282080000208,candidate-measurement,0FEB40,valid,1043264,-1,True,
4,1,000025,1790194864.4148757,33594.2984636,147.0408174999975,candidate-measurement,0FEB3E,valid,1043262,-2,True,
4,1,000025,1790194864.6068976,33594.4904841,147.23283800000354,candidate-measurement,0FEB3A,valid,1043258,-4,True,
4,1,000025,1790194864.7983332,33594.6819201,147.42427400000452,candidate-measurement,0FEB39,valid,1043257,-1,True,
4,1,000025,1790194864.9902859,33594.8738723,147.6162261999998,candidate-measurement,0FEB38,valid,1043256,-1,True,
4,1,000025,1790194865.1982956,33595.0818824,147.82423630000267,candidate-measurement,0FEB38,valid,1043256,0,True,
4,1,000025,1790194865.3898644,33595.2734523,148.0158062000046,candidate-measurement,0FEB36,valid,1043254,-2,True,
4,1,000025,1790194865.5818484,33595.4654175,148.20777140000428,candidate-measurement,0FEB36,valid,1043254,0,True,
4,1,000025,1790194865.7898335,33595.6734219,148.41577580000012,candidate-measurement,0FEB35,valid,1043253,-1,True,
4,1,000025,1790194865.9818265,33595.8654148,148.60776869999972,candidate-measurement,0FEB34,valid,1043252,-1,True,
4,1,000025,1790194866.173249,33596.0568372,148.799191099999,candidate-measurement,0FEB34,valid,1043252,0,True,
4,1,000025,1790194866.3652337,33596.2488219,148.99117580000166,candidate-measurement,0FEB32,valid,1043250,-2,True,
4,1,000025,1790194866.5732353,33596.456823,149.19917690000148,candidate-measurement,0FEB32,valid,1043250,0,True,
4,1,000025,1790194866.7648084,33596.6483957,149.3907496000029,candidate-measurement,0FEB30,valid,1043248,-2,True,
4,1,000025,1790194866.9567962,33596.8403845,149.58273840000038,candidate-measurement,0FEB2E,valid,1043246,-2,True,
4,1,000025,1790194867.1642013,33597.0477896,149.79014350000216,candidate-measurement,0FEB2E,valid,1043246,0,True,
4,1,000025,1790194867.3562129,33597.2397997,149.98215360000177,candidate-measurement,0FEB2C,valid,1043244,-2,True,
4,1,000025,1790194867.5482175,33597.431805,150.1741589000012,candidate-measurement,0FEB2C,valid,1043244,0,True,
4,1,000025,1790194867.7557647,33597.6393528,150.38170669999818,candidate-measurement,0FEB29,valid,1043241,-3,True,
4,1,000025,1790194867.9477627,33597.8313505,150.57370439999795,candidate-measurement,0FEB27,valid,1043239,-2,True,
4,1,000025,1790194868.1391778,33598.022766,150.7651199000029,candidate-measurement,0FEB24,valid,1043236,-3,True,
4,1,000025,1790194868.3311684,33598.2147579,150.95711180000217,candidate-measurement,0FEB23,valid,1043235,-1,True,
4,1,000025,1790194868.5387506,33598.4223393,151.16469320000033,candidate-measurement,0FEB22,valid,1043234,-1,True,
4,1,000025,1790194868.7307382,33598.6143288,151.35668270000315,candidate-measurement,0FEB1F,valid,1043231,-3,True,
4,1,000025,1790194868.9227166,33598.8063075,151.54866140000377,candidate-measurement,0FEB1D,valid,1043229,-2,True,
4,1,000025,1790194869.1301446,33599.0137331,151.75608700000157,candidate-measurement,0FEB1C,valid,1043228,-1,True,
4,1,000025,1790194869.322134,33599.2057243,151.94807820000278,candidate-measurement,0FEB1C,valid,1043228,0,True,
4,1,000025,1790194869.5137198,33599.3973068,152.13966069999879,candidate-measurement,0FEB1A,valid,1043226,-2,True,
4,1,000025,1790194869.7217078,33599.6052962,152.3476501000041,candidate-measurement,0FEB1A,valid,1043226,0,True,
4,1,000025,1790194869.9137056,33599.7972937,152.53964760000235,candidate-measurement,0FEB1A,valid,1043226,0,True,
4,1,000025,1790194870.1051135,33599.9887011,152.73105500000383,candidate-measurement,0FEB18,valid,1043224,-2,True,
4,1,000025,1790194870.2971082,33600.1806965,152.92305040000065,candidate-measurement,0FEB16,valid,1043222,-2,True,
4,1,000025,1790194870.5050974,33600.3886862,153.13104010000097,candidate-measurement,0FEB16,valid,1043222,0,True,
4,1,000025,1790194870.696668,33600.5802564,153.3226102999979,candidate-measurement,0FEB15,valid,1043221,-1,True,
4,1,000025,1790194870.888666,33600.7722541,153.51460799999768,candidate-measurement,0FEB15,valid,1043221,0,True,
4,1,000025,1790194871.0966644,33600.9802523,153.72260620000452,candidate-measurement,0FEB15,valid,1043221,0,True,
4,1,000025,1790194871.288072,33601.1716612,153.91401510000287,candidate-measurement,0FEB15,valid,1043221,0,True,
4,1,000025,1790194871.4800692,33601.363657,154.10601090000273,candidate-measurement,0FEB15,valid,1043221,0,True,
4,1,000025,1790194871.6880655,33601.5716463,154.3140002,candidate-measurement,0FEB14,valid,1043220,-1,True,
4,1,000025,1790194871.8956285,33601.7792169,154.52157080000325,candidate-measurement,0FEB0E,valid,1043214,-6,True,
4,1,000025,1790194872.0876334,33601.9712216,154.71357549999811,candidate-measurement,0FEB08,valid,1043208,-6,True,
4,1,000025,1790194872.2790492,33602.1626369,154.90499080000154,candidate-measurement,0FEB05,valid,1043205,-3,True,
4,1,000025,1790194872.471037,33602.3546248,155.09697869999945,candidate-measurement,0FEB04,valid,1043204,-1,True,
4,1,000025,1790194872.6630287,33602.5466167,155.28897059999872,candidate-measurement,0FEB03,valid,1043203,-1,True,
4,1,000025,1790194872.8546069,33602.7381951,155.48054899999988,candidate-measurement,0FEB03,valid,1043203,0,True,
4,1,000025,1790194873.0626004,33602.9461888,155.68854270000156,candidate-measurement,0FEB03,valid,1043203,0,True,
4,1,000025,1790194873.2545905,33603.1381786,155.8805324999994,candidate-measurement,0FEB01,valid,1043201,-2,True,
4,1,000025,1790194873.446005,33603.3295929,156.07194680000248,candidate-measurement,0FEAFF,valid,1043199,-2,True,
4,1,000025,1790194873.6539955,33603.5375828,156.27993670000433,candidate-measurement,0FEAF2,valid,1043186,-13,True,
4,1,000025,1790194873.845572,33603.7291605,156.47151440000016,candidate-measurement,0FEAED,valid,1043181,-5,True,
4,1,000025,1790194874.0375667,33603.9211545,156.66350840000086,candidate-measurement,0FEAEA,valid,1043178,-3,True,
4,1,000025,1790194874.2295582,33604.1131484,156.8555023000008,candidate-measurement,0FEAE7,valid,1043175,-3,True,
4,1,000025,1790194874.4369702,33604.3205578,157.06291169999895,candidate-measurement,0FEAE4,valid,1043172,-3,True,
4,1,000025,1790194874.6289654,33604.5125539,157.2549078000011,candidate-measurement,0FEAE0,valid,1043168,-4,True,
4,1,000025,1790194874.8205638,33604.7041517,157.44650560000446,candidate-measurement,0FEADE,valid,1043166,-2,True,
4,1,000025,1790194875.0285373,33604.9121248,157.65447870000207,candidate-measurement,0FEADD,valid,1043165,-1,True,
4,1,000025,1790194875.2199526,33605.103541,157.8458948999978,candidate-measurement,0FEADC,valid,1043164,-1,True,
4,1,000025,1790194875.4119797,33605.2955691,158.0379230000035,candidate-measurement,0FEADC,valid,1043164,0,True,
4,1,000025,1790194875.6199324,33605.5035207,158.24587459999748,candidate-measurement,0FEADB,valid,1043163,-1,True,
4,1,000025,1790194875.827513,33605.7111013,158.4534552000041,candidate-measurement,0FEADA,valid,1043162,-1,True,
4,1,000025,1790194876.019507,33605.903093,158.64544690000184,candidate-measurement,0FEAD8,valid,1043160,-2,True,
4,1,000025,1790194876.211501,33606.0950889,158.83744280000246,candidate-measurement,0FEAD7,valid,1043159,-1,True,
4,1,000025,1790194876.4029052,33606.2864954,159.02884930000437,candidate-measurement,0FEAD5,valid,1043157,-2,True,
4,1,000025,1790194876.5949166,33606.4785075,159.22086140000465,candidate-measurement,0FEAD4,valid,1043156,-1,True,
4,1,000025,1790194876.7869024,33606.670493,159.41284689999884,candidate-measurement,0FEAD3,valid,1043155,-1,True,
4,1,000025,1790194876.9944677,33606.8780558,159.6204097000009,candidate-measurement,0FEAD0,valid,1043152,-3,True,
4,1,000025,1790194877.1864693,33607.0700578,159.8124117000043,candidate-measurement,0FEACE,valid,1043150,-2,True,
4,1,000025,1790194877.377869,33607.2614593,160.00381320000452,candidate-measurement,0FEACA,valid,1043146,-4,True,
4,1,000025,1790194877.585867,33607.4694558,160.2118096999984,candidate-measurement,0FEAC8,valid,1043144,-2,True,
4,1,000025,1790194877.7778656,33607.6614537,160.4038075999997,candidate-measurement,0FEAC6,valid,1043142,-2,True,
4,1,000025,1790194877.9698763,33607.8534639,160.59581780000008,candidate-measurement,0FEAC5,valid,1043141,-1,True,
4,1,000025,1790194878.1614535,33608.0450427,160.78739660000429,candidate-measurement,0FEAC3,valid,1043139,-2,True,
4,1,000025,1790194878.3694406,33608.2530283,160.9953822000025,candidate-measurement,0FEAC2,valid,1043138,-1,True,
4,1,000025,1790194878.5614216,33608.4450098,161.1873637000026,candidate-measurement,0FEAC2,valid,1043138,0,True,
4,1,000025,1790194878.753408,33608.6369969,161.3793508000017,candidate-measurement,0FEAC2,valid,1043138,0,True,
4,1,000025,1790194878.9608288,33608.844417,161.58677090000128,candidate-measurement,0FEAC2,valid,1043138,0,True,
4,1,000025,1790194879.1528184,33609.0364076,161.77876149999793,candidate-measurement,0FEAC0,valid,1043136,-2,True,
4,1,000025,1790194879.3448164,33609.2284048,161.97075870000117,candidate-measurement,0FEAC0,valid,1043136,0,True,
4,1,000025,1790194879.5523915,33609.4359795,162.17833339999925,candidate-measurement,0FEABF,valid,1043135,-1,True,
4,1,000025,1790194879.744433,33609.6280193,162.37037319999945,candidate-measurement,0FEABF,valid,1043135,0,True,
4,1,000025,1790194879.9363775,33609.8199659,162.56231980000302,candidate-measurement,0FEABD,valid,1043133,-2,True,
4,1,000025,1790194880.1277847,33610.0113732,162.75372710000374,candidate-measurement,0FEABC,valid,1043132,-1,True,
4,1,000025,1790194880.3354182,33610.2190065,162.9613604000042,candidate-measurement,0FEABC,valid,1043132,0,True,
4,1,000025,1790194880.5273547,33610.4109439,163.1532978000032,candidate-measurement,0FEABB,valid,1043131,-1,True,
4,1,000025,1790194880.7193472,33610.602937,163.34529090000433,candidate-measurement,0FEABB,valid,1043131,0,True,
4,1,000025,1790194880.9273388,33610.8109275,163.55328140000347,candidate-measurement,0FEABB,valid,1043131,0,True,
4,1,000025,1790194881.1187654,33611.0023537,163.74470760000258,candidate-measurement,0FEABB,valid,1043131,0,True,
4,1,000025,1790194881.310748,33611.1943353,163.93668920000346,candidate-measurement,0FEABB,valid,1043131,0,True,
4,1,000025,1790194881.5183158,33611.4019045,164.1442584000033,candidate-measurement,0FEABA,valid,1043130,-1,True,
4,1,000025,1790194881.7103202,33611.5939086,164.33626250000088,candidate-measurement,0FEAB5,valid,1043125,-5,True,
4,1,000025,1790194881.9023302,33611.7859186,164.52827249999973,candidate-measurement,0FEAAE,valid,1043118,-7,True,
4,1,000025,1790194882.094308,33611.9778959,164.72024980000424,candidate-measurement,0FEAAB,valid,1043115,-3,True,
4,1,000025,1790194882.302312,33612.1859028,164.92825670000457,candidate-measurement,0FEAA9,valid,1043113,-2,True,
4,1,000025,1790194882.4937165,33612.3773046,165.1196584999998,candidate-measurement,0FEAA9,valid,1043113,0,True,
4,1,000025,1790194882.6857016,33612.5692921,165.31164600000193,candidate-measurement,0FEAA9,valid,1043113,0,True,
4,1,000025,1790194882.8933423,33612.776932,165.5192859000017,candidate-measurement,0FEAA9,valid,1043113,0,True,
4,1,000025,1790194883.0852785,33612.9688667,165.71122060000198,candidate-measurement,0FEAA7,valid,1043111,-2,True,
4,1,000025,1790194883.277318,33613.1609028,165.9032567000031,candidate-measurement,0FEAA4,valid,1043108,-3,True,
4,1,000025,1790194883.469277,33613.3528646,166.09521849999874,candidate-measurement,0FEA96,valid,1043094,-14,True,
4,1,000025,1790194883.6766777,33613.5602657,166.30261959999916,candidate-measurement,0FEA91,valid,1043089,-5,True,
4,1,000025,1790194883.8690636,33613.7526504,166.49500429999898,candidate-measurement,0FEA8E,valid,1043086,-3,True,
4,1,000025,1790194884.060246,33613.9438336,166.68618750000314,candidate-measurement,0FEA88,valid,1043080,-6,True,
4,1,000025,1790194884.2682564,33614.1518444,166.89419830000406,candidate-measurement,0FEA84,valid,1043076,-4,True,
4,1,000025,1790194884.4602494,33614.3438375,167.08619139999792,candidate-measurement,0FEA82,valid,1043074,-2,True,
4,1,000025,1790194884.651646,33614.5352341,167.27758800000447,candidate-measurement,0FEA81,valid,1043073,-1,True,
4,1,000025,1790194884.859216,33614.7428045,167.4851583999989,candidate-measurement,0FEA80,valid,1043072,-1,True,
4,1,000025,1790194885.0512102,33614.9347981,167.67715200000384,candidate-measurement,0FEA7E,valid,1043070,-2,True,
4,1,000025,1790194885.2432,33615.1267887,167.8691426000005,candidate-measurement,0FEA7D,valid,1043069,-1,True,
4,1,000025,1790194885.435203,33615.3187916,168.06114550000348,candidate-measurement,0FEA7B,valid,1043067,-2,True,
4,1,000025,1790194885.6426075,33615.5261957,168.26854959999764,candidate-measurement,0FEA7A,valid,1043066,-1,True,
4,1,000025,1790194885.8345962,33615.7181868,168.4605406999981,candidate-measurement,0FEA7A,valid,1043066,0,True,
4,1,000025,1790194886.026608,33615.910195,168.65254889999778,candidate-measurement,0FEA77,valid,1043063,-3,True,
4,1,000025,1790194886.2341692,33616.1177575,168.86011139999755,candidate-measurement,0FEA76,valid,1043062,-1,True,
4,1,000025,1790194886.4261653,33616.3097537,169.05210760000045,candidate-measurement,0FEA73,valid,1043059,-3,True,
4,1,000025,1790194886.6181612,33616.5017504,169.2441042999999,candidate-measurement,0FEA6F,valid,1043055,-4,True,
4,1,000025,1790194886.825573,33616.7091608,169.45151469999837,candidate-measurement,0FEA6E,valid,1043054,-1,True,
4,1,000025,1790194887.0175717,33616.9011587,169.64351259999967,candidate-measurement,0FEA6C,valid,1043052,-2,True,
4,1,000025,1790194887.209558,33617.0931461,169.83550000000105,candidate-measurement,0FEA6A,valid,1043050,-2,True,
4,1,000025,1790194887.4011295,33617.2847202,170.02707409999857,candidate-measurement,0FEA69,valid,1043049,-1,True,
4,1,000025,1790194887.6091282,33617.4927168,170.2350707000005,candidate-measurement,0FEA68,valid,1043048,-1,True,
4,1,000025,1790194887.801162,33617.68475,170.42710390000138,candidate-measurement,0FEA68,valid,1043048,0,True,
4,1,000025,1790194887.9925358,33617.8761242,170.61847809999745,candidate-measurement,0FEA68,valid,1043048,0,True,
4,1,000025,1790194888.200527,33618.084115,170.82646889999887,candidate-measurement,0FEA68,valid,1043048,0,True,
4,1,000025,1790194888.3920975,33618.275687,171.01804090000223,candidate-measurement,0FEA66,valid,1043046,-2,True,
4,1,000025,1790194888.5840948,33618.4676831,171.21003700000438,candidate-measurement,0FEA66,valid,1043046,0,True,
4,1,000025,1790194888.7920852,33618.6756739,171.41802779999853,candidate-measurement,0FEA66,valid,1043046,0,True,
4,1,000025,1790194888.984093,33618.8676809,171.61003480000363,candidate-measurement,0FEA65,valid,1043045,-1,True,
4,1,000025,1790194889.1755016,33619.0590903,171.8014441999985,candidate-measurement,0FEA63,valid,1043043,-2,True,
4,1,000025,1790194889.367502,33619.2510931,171.99344700000074,candidate-measurement,0FEA62,valid,1043042,-1,True,
4,1,000025,1790194889.5750616,33619.4586482,172.20100210000237,candidate-measurement,0FEA62,valid,1043042,0,True,
4,1,000025,1790194889.7670581,33619.6506464,172.39300029999868,candidate-measurement,0FEA61,valid,1043041,-1,True,
4,1,000025,1790194889.9590538,33619.842642,172.5849959000043,candidate-measurement,0FEA61,valid,1043041,0,True,
4,1,000025,1790194890.1670454,33620.0506338,172.79298769999878,candidate-measurement,0FEA61,valid,1043041,0,True,
4,1,000025,1790194890.3584607,33620.2420488,172.98440269999992,candidate-measurement,0FEA61,valid,1043041,0,True,
4,1,000025,1790194890.5504475,33620.4340357,173.1763895999975,candidate-measurement,0FEA61,valid,1043041,0,True,
4,1,000025,1790194890.7580578,33620.6416449,173.3839988000036,candidate-measurement,0FEA60,valid,1043040,-1,True,
4,1,000025,1790194890.966046,33620.849633,173.59198689999903,candidate-measurement,0FEA5B,valid,1043035,-5,True,
4,1,000025,1790194891.1580215,33621.0416097,173.78396359999897,candidate-measurement,0FEA55,valid,1043029,-6,True,
4,1,000025,1790194891.350006,33621.2335947,173.9759486000039,candidate-measurement,0FEA52,valid,1043026,-3,True,
4,1,000025,1790194891.541418,33621.4250072,174.16736110000056,candidate-measurement,0FEA50,valid,1043024,-2,True,
4,1,000025,1790194891.7334125,33621.6170008,174.35935469999822,candidate-measurement,0FEA4F,valid,1043023,-1,True,
4,1,000025,1790194891.9249847,33621.8085732,174.55092710000463,candidate-measurement,0FEA4F,valid,1043023,0,True,
4,1,000025,1790194892.1329787,33622.0165671,174.75892100000056,candidate-measurement,0FEA4F,valid,1043023,0,True,
4,1,000025,1790194892.3250117,33622.2086002,174.95095410000067,candidate-measurement,0FEA4E,valid,1043022,-1,True,
4,1,000025,1790194892.5169704,33622.4005582,175.14291210000374,candidate-measurement,0FEA48,valid,1043016,-6,True,
4,1,000025,1790194892.7243807,33622.6079682,175.35032209999918,candidate-measurement,0FEA3D,valid,1043005,-11,True,
4,1,000025,1790194892.9164379,33622.8000243,175.5423781999998,candidate-measurement,0FEA39,valid,1043001,-4,True,
4,1,000025,1790194893.1079466,33622.9915348,175.73388870000053,candidate-measurement,0FEA37,valid,1042999,-2,True,
4,1,000025,1790194893.2999563,33623.1835443,175.92589820000285,candidate-measurement,0FEA35,valid,1042997,-2,True,
4,1,000025,1790194893.507938,33623.3915264,176.1338803000035,candidate-measurement,0FEA33,valid,1042995,-2,True,
4,1,000025,1790194893.6993606,33623.5829494,176.3253033000001,candidate-measurement,0FEA30,valid,1042992,-3,True,
4,1,000025,1790194893.8913481,33623.7749365,176.51729039999918,candidate-measurement,0FEA2C,valid,1042988,-4,True,
4,1,000025,1790194894.0989685,33623.9825565,176.72491040000023,candidate-measurement,0FEA2A,valid,1042986,-2,True,
4,1,000025,1790194894.2909188,33624.1745069,176.91686080000363,candidate-measurement,0FEA29,valid,1042985,-1,True,
4,1,000025,1790194894.4829037,33624.3664933,177.1088471999974,candidate-measurement,0FEA28,valid,1042984,-1,True,
4,1,000025,1790194894.6908927,33624.5744811,177.3168349999978,candidate-measurement,0FEA28,valid,1042984,0,True,
4,1,000025,1790194894.8983634,33624.7819488,177.52430270000332,candidate-measurement,0FEA27,valid,1042983,-1,True,
4,1,000025,1790194895.0903382,33624.9739255,177.71627940000326,candidate-measurement,0FEA26,valid,1042982,-1,True,
4,1,000025,1790194895.281884,33625.1654717,177.90782559999934,candidate-measurement,0FEA24,valid,1042980,-2,True,
4,1,000025,1790194895.4739006,33625.3574871,178.09984100000293,candidate-measurement,0FEA23,valid,1042979,-1,True,
4,1,000025,1790194895.6658905,33625.5494781,178.29183200000261,candidate-measurement,0FEA21,valid,1042977,-2,True,
4,1,000025,1790194895.8572977,33625.7408855,178.4832394000041,candidate-measurement,0FEA20,valid,1042976,-1,True,
4,1,000025,1790194896.0652795,33625.9488663,178.69122020000214,candidate-measurement,0FEA1F,valid,1042975,-1,True,
4,1,000025,1790194896.2568715,33626.1404584,178.88281229999848,candidate-measurement,0FEA1C,valid,1042972,-3,True,
4,1,000025,1790194896.4488497,33626.3324378,179.07479170000443,candidate-measurement,0FEA1A,valid,1042970,-2,True,
4,1,000025,1790194896.6568375,33626.5404253,179.28277920000255,candidate-measurement,0FEA19,valid,1042969,-1,True,
4,1,000025,1790194896.8488562,33626.7324437,179.47479759999987,candidate-measurement,0FEA17,valid,1042967,-2,True,
4,1,000025,1790194897.0408337,33626.9244209,179.66677480000362,candidate-measurement,0FEA15,valid,1042965,-2,True,
4,1,000025,1790194897.2322752,33627.1158623,179.85821620000206,candidate-measurement,0FEA14,valid,1042964,-1,True,
4,1,000025,1790194897.4402373,33627.3238255,180.06617940000433,candidate-measurement,0FEA12,valid,1042962,-2,True,
4,1,000025,1790194897.6322365,33627.5158242,180.25817810000444,candidate-measurement,0FEA10,valid,1042960,-2,True,
4,1,000025,1790194897.8238096,33627.707398,180.44975189999968,candidate-measurement,0FEA0E,valid,1042958,-2,True,
4,1,000025,1790194898.0318162,33627.9154023,180.65775620000204,candidate-measurement,0FEA0E,valid,1042958,0,True,
4,1,000025,1790194898.223787,33628.107375,180.84972890000063,candidate-measurement,0FEA0E,valid,1042958,0,True,
4,1,000025,1790194898.41578,33628.2993684,181.04172230000404,candidate-measurement,0FEA0C,valid,1042956,-2,True,
4,1,000025,1790194898.6071937,33628.4907816,181.23313549999875,candidate-measurement,0FEA0C,valid,1042956,0,True,
4,1,000025,1790194898.815183,33628.6987727,181.44112660000246,candidate-measurement,0FEA0C,valid,1042956,0,True,
4,1,000025,1790194899.0067632,33628.8903508,181.63270470000134,candidate-measurement,0FEA0B,valid,1042955,-1,True,
4,1,000025,1790194899.1987534,33629.0823412,181.82469510000374,candidate-measurement,0FEA09,valid,1042953,-2,True,
4,1,000025,1790194899.4067476,33629.2903368,182.03269069999806,candidate-measurement,0FEA08,valid,1042952,-1,True,
4,1,000025,1790194899.5981596,33629.4817479,182.2241017999986,candidate-measurement,0FEA08,valid,1042952,0,True,
4,1,000025,1790194899.790158,33629.6737463,182.4161002000037,candidate-measurement,0FEA07,valid,1042951,-1,True,
4,1,000025,1790194899.9977505,33629.881336,182.6236898999996,candidate-measurement,0FEA07,valid,1042951,0,True,
4,1,000025,1790194900.1897225,33630.073311,182.81566490000114,candidate-measurement,0FEA07,valid,1042951,0,True,
4,1,000025,1790194900.3817298,33630.2653176,183.0076715000032,candidate-measurement,0FEA07,valid,1042951,0,True,
4,1,000025,1790194900.5891533,33630.4727403,183.21509420000075,candidate-measurement,0FEA07,valid,1042951,0,True,
4,1,000025,1790194900.7811258,33630.6647139,183.4070677999989,candidate-measurement,0FEA06,valid,1042950,-1,True,
4,1,000025,1790194900.9726996,33630.8562879,183.59864180000295,candidate-measurement,0FE9FF,valid,1042943,-7,True,
4,1,000025,1790194901.1646972,33631.0482848,183.7906387000039,candidate-measurement,0FE9FA,valid,1042938,-5,True,
4,1,000025,1790194901.372127,33631.2557145,183.99806840000383,candidate-measurement,0FE9F8,valid,1042936,-2,True,
4,1,000025,1790194901.5641294,33631.4477164,184.1900702999992,candidate-measurement,0FE9F6,valid,1042934,-2,True,
4,1,000025,1790194901.7556827,33631.6392707,184.38162459999876,candidate-measurement,0FE9F5,valid,1042933,-1,True,
4,1,000025,1790194901.963656,33631.8472439,184.5895978000044,candidate-measurement,0FE9F5,valid,1042933,0,True,
4,1,000025,1790194902.1556666,33632.0392554,184.78160930000013,candidate-measurement,0FE9F5,valid,1042933,0,True,
4,1,000025,1790194902.3476644,33632.2312523,184.9736062000011,candidate-measurement,0FE9F5,valid,1042933,0,True,
4,1,000025,1790194902.555074,33632.4386619,185.18101580000075,candidate-measurement,0FE9F5,valid,1042933,0,True,
4,1,000025,1790194902.747093,33632.6306806,185.37303450000036,candidate-measurement,0FE9F3,valid,1042931,-2,True,
4,1,000025,1790194902.9386537,33632.8222407,185.56459460000042,candidate-measurement,0FE9F2,valid,1042930,-1,True,
4,1,000025,1790194903.1306417,33633.0142297,185.75658359999943,candidate-measurement,0FE9E6,valid,1042918,-12,True,
4,1,000025,1790194903.3386307,33633.2222191,185.96457299999747,candidate-measurement,0FE9E1,valid,1042913,-5,True,
4,1,000025,1790194903.530652,33633.4142377,186.1565916000036,candidate-measurement,0FE9DE,valid,1042910,-3,True,
4,1,000025,1790194903.7220356,33633.6056237,186.3479776000022,candidate-measurement,0FE9DC,valid,1042908,-2,True,
4,1,000025,1790194903.9296155,33633.8132032,186.55555710000044,candidate-measurement,0FE9DA,valid,1042906,-2,True,
4,1,000025,1790194904.121608,33634.0051958,186.74754969999776,candidate-measurement,0FE9D8,valid,1042904,-2,True,
4,1,000025,1790194904.3135917,33634.1971802,186.93953409999813,candidate-measurement,0FE9D7,valid,1042903,-1,True,
4,1,000025,1790194904.505588,33634.3891759,187.1315298000045,candidate-measurement,0FE9D4,valid,1042900,-3,True,
4,1,000025,1790194904.7129996,33634.5965879,187.3389418000006,candidate-measurement,0FE9D1,valid,1042897,-3,True,
4,1,000025,1790194904.904995,33634.7885834,187.5309372999982,candidate-measurement,0FE9D0,valid,1042896,-1,True,
4,1,000025,1790194905.0965688,33634.9801568,187.72251069999766,candidate-measurement,0FE9D0,valid,1042896,0,True,
4,1,000025,1790194905.3045616,33635.18815,187.9305039000028,candidate-measurement,0FE9CF,valid,1042895,-1,True,
4,1,000025,1790194905.4965575,33635.3801461,188.12249999999767,candidate-measurement,0FE9CE,valid,1042894,-1,True,
4,1,000025,1790194905.687972,33635.5715601,188.31391399999848,candidate-measurement,0FE9CE,valid,1042894,0,True,
4,1,000025,1790194905.895982,33635.7795695,188.5219234000033,candidate-measurement,0FE9CD,valid,1042893,-1,True,
4,1,000025,1790194906.0879586,33635.9715463,188.713900200004,candidate-measurement,0FE9CC,valid,1042892,-1,True,
4,1,000025,1790194906.2795243,33636.1631125,188.90546639999957,candidate-measurement,0FE9CA,valid,1042890,-2,True,
4,1,000025,1790194906.471529,33636.3551168,189.09747069999867,candidate-measurement,0FE9C9,valid,1042889,-1,True,
4,1,000025,1790194906.6795197,33636.5631069,189.30546080000204,candidate-measurement,0FE9C7,valid,1042887,-2,True,
4,1,000025,1790194906.8715093,33636.7550971,189.4974510000029,candidate-measurement,0FE9C6,valid,1042886,-1,True,
4,1,000025,1790194907.0629451,33636.9465317,189.6888856000005,candidate-measurement,0FE9C4,valid,1042884,-2,True,
4,1,000025,1790194907.270907,33637.1544952,189.89684909999778,candidate-measurement,0FE9C0,valid,1042880,-4,True,
4,1,000025,1790194907.4629095,33637.3464972,190.0888511000012,candidate-measurement,0FE9BE,valid,1042878,-2,True,
4,1,000025,1790194907.654493,33637.5380805,190.2804344000033,candidate-measurement,0FE9BB,valid,1042875,-3,True,
4,1,000025,1790194907.8624778,33637.7460658,190.4884196999992,candidate-measurement,0FE9BA,valid,1042874,-1,True,
4,1,000025,1790194908.0544748,33637.9380629,190.6804168000017,candidate-measurement,0FE9B8,valid,1042872,-2,True,
4,1,000025,1790194908.2458816,33638.12947,190.8718239000009,candidate-measurement,0FE9B6,valid,1042870,-2,True,
4,1,000025,1790194908.4378808,33638.3214695,191.06382339999982,candidate-measurement,0FE9B5,valid,1042869,-1,True,
4,1,000025,1790194908.6458733,33638.5294622,191.27181610000116,candidate-measurement,0FE9B4,valid,1042868,-1,True,
4,1,000025,1790194908.8374453,33638.7210327,191.46338660000038,candidate-measurement,0FE9B4,valid,1042868,0,True,
4,1,000025,1790194909.0294375,33638.9130253,191.6553791999977,candidate-measurement,0FE9B4,valid,1042868,0,True,
4,1,000025,1790194909.237436,33639.1210243,191.86337820000335,candidate-measurement,0FE9B2,valid,1042866,-2,True,
4,1,000025,1790194909.4294286,33639.3130173,192.05537120000372,candidate-measurement,0FE9B2,valid,1042866,0,True,
4,1,000025,1790194909.6208375,33639.5044274,192.24678130000393,candidate-measurement,0FE9B2,valid,1042866,0,True,
4,1,000025,1790194909.8288329,33639.7124209,192.4547748000041,candidate-measurement,0FE9B1,valid,1042865,-1,True,
4,1,000025,1790194910.0204554,33639.9040407,192.64639460000035,candidate-measurement,0FE9AF,valid,1042863,-2,True,
4,1,000025,1790194910.2124412,33640.0960265,192.8383804000041,candidate-measurement,0FE9AE,valid,1042862,-1,True,
4,1,000025,1790194910.4044135,33640.2880009,193.03035480000108,candidate-measurement,0FE9AE,valid,1042862,0,True,
4,1,000025,1790194910.6124158,33640.4960036,193.23835749999853,candidate-measurement,0FE9AE,valid,1042862,0,True,
4,1,000025,1790194910.8038208,33640.6873947,193.42974859999958,candidate-measurement,0FE9AD,valid,1042861,-1,True,
4,1,000025,1790194910.9958022,33640.8793895,193.6217433999991,candidate-measurement,0FE9AD,valid,1042861,0,True,
4,1,000025,1790194911.203371,33641.0869589,193.82931280000048,candidate-measurement,0FE9AD,valid,1042861,0,True,
4,1,000025,1790194911.3948154,33641.2784026,194.02075650000188,candidate-measurement,0FE9AD,valid,1042861,0,True,
4,1,000025,1790194911.586786,33641.4703737,194.21272760000284,candidate-measurement,0FE9AD,valid,1042861,0,True,
4,1,000025,1790194911.7947788,33641.6783671,194.42072100000223,candidate-measurement,0FE9AC,valid,1042860,-1,True,
4,1,000025,1790194912.00234,33641.8859277,194.62828160000208,candidate-measurement,0FE9A7,valid,1042855,-5,True,
4,1,000025,1790194912.1943533,33642.0779414,194.8202953,candidate-measurement,0FE9A1,valid,1042849,-6,True,
4,1,000025,1790194912.386346,33642.2699332,195.0122870999985,candidate-measurement,0FE99F,valid,1042847,-2,True,
4,1,000025,1790194912.577754,33642.4613419,195.2036958000026,candidate-measurement,0FE99C,valid,1042844,-3,True,
4,1,000025,1790194912.769745,33642.6533335,195.3956873999996,candidate-measurement,0FE99B,valid,1042843,-1,True,
4,1,000025,1790194912.9617498,33642.8453373,195.58769120000215,candidate-measurement,0FE99B,valid,1042843,0,True,
4,1,000025,1790194913.169307,33643.0528942,195.79524810000294,candidate-measurement,0FE99B,valid,1042843,0,True,
4,1,000025,1790194913.3613017,33643.2448904,195.98724429999857,candidate-measurement,0FE99B,valid,1042843,0,True,
4,1,000025,1790194913.553305,33643.4368927,196.17924660000426,candidate-measurement,0FE99A,valid,1042842,-1,True,
4,1,000025,1790194913.7607055,33643.6442934,196.38664730000164,candidate-measurement,0FE998,valid,1042840,-2,True,
4,1,000025,1790194913.9527023,33643.8362909,196.5786447999999,candidate-measurement,0FE98C,valid,1042828,-12,True,
4,1,000025,1790194914.1442797,33644.0278663,196.77022020000004,candidate-measurement,0FE986,valid,1042822,-6,True,
4,1,000025,1790194914.3362737,33644.2198618,196.9622156999976,candidate-measurement,0FE983,valid,1042819,-3,True,
4,1,000025,1790194914.5442576,33644.4278478,197.17020169999887,candidate-measurement,0FE982,valid,1042818,-1,True,
4,1,000025,1790194914.7356691,33644.6192599,197.36161379999976,candidate-measurement,0FE97E,valid,1042814,-4,True,
4,1,000025,1790194914.9276676,33644.8112569,197.55361080000148,candidate-measurement,0FE97C,valid,1042812,-2,True,
4,1,000025,1790194915.1352868,33645.0188757,197.76122960000066,candidate-measurement,0FE978,valid,1042808,-4,True,
4,1,000025,1790194915.3272343,33645.2108244,197.9531782999984,candidate-measurement,0FE975,valid,1042805,-3,True,
4,1,000025,1790194915.5192254,33645.4028153,198.1451692000046,candidate-measurement,0FE974,valid,1042804,-1,True,
4,1,000025,1790194915.7266774,33645.6102635,198.35261739999987,candidate-measurement,0FE972,valid,1042802,-2,True,
4,1,000025,1790194915.9186528,33645.8022393,198.54459320000024,candidate-measurement,0FE972,valid,1042802,0,True,
4,1,000025,1790194916.1102295,33645.9938177,198.7361716000014,candidate-measurement,0FE970,valid,1042800,-2,True,
4,1,000025,1790194916.302207,33646.1857954,198.92814930000168,candidate-measurement,0FE96F,valid,1042799,-1,True,
4,1,000025,1790194916.510201,33646.3937896,199.1361434999999,candidate-measurement,0FE96C,valid,1042796,-3,True,
4,1,000025,1790194916.7016397,33646.5852279,199.32758180000383,candidate-measurement,0FE96A,valid,1042794,-2,True,
4,1,000025,1790194916.8936367,33646.7772271,199.51958100000047,candidate-measurement,0FE966,valid,1042790,-4,True,
4,1,000025,1790194917.1011794,33646.9847677,199.72712160000083,candidate-measurement,0FE962,valid,1042786,-4,True,
4,1,000025,1790194917.2931643,33647.176754,199.9191079000011,candidate-measurement,0FE960,valid,1042784,-2,True,
4,1,000025,1790194917.485167,33647.368756,200.11110990000452,candidate-measurement,0FE95E,valid,1042782,-2,True,
4,1,000025,1790194917.6925893,33647.5761808,200.3185347000035,candidate-measurement,0FE95C,valid,1042780,-2,True,
4,1,000025,1790194917.8845718,33647.7681606,200.51051449999795,candidate-measurement,0FE95A,valid,1042778,-2,True,
4,1,000025,1790194918.0761538,33647.9597407,200.7020945999975,candidate-measurement,0FE95A,valid,1042778,0,True,
4,1,000025,1790194918.2681441,33648.1517325,200.8940864000033,candidate-measurement,0FE95A,valid,1042778,0,True,
4,1,000025,1790194918.4761522,33648.3597422,201.1020961000031,candidate-measurement,0FE95A,valid,1042778,0,True,
4,1,000025,1790194918.6675453,33648.5511347,201.29348860000027,candidate-measurement,0FE958,valid,1042776,-2,True,
4,1,000025,1790194918.8595445,33648.7431327,201.48548660000233,candidate-measurement,0FE958,valid,1042776,0,True,
4,1,000025,1790194919.067111,33648.950699,201.69305290000193,candidate-measurement,0FE958,valid,1042776,0,True,
4,1,000025,1790194919.2591133,33649.1427,201.88505389999773,candidate-measurement,0FE956,valid,1042774,-2,True,
4,1,000025,1790194919.4511058,33649.3346926,202.07704650000233,candidate-measurement,0FE955,valid,1042773,-1,True,
4,1,000025,1790194919.6585326,33649.5421203,202.28447420000157,candidate-measurement,0FE954,valid,1042772,-1,True,
4,1,000025,1790194919.8505287,33649.7341144,202.47646830000303,candidate-measurement,0FE954,valid,1042772,0,True,
4,1,000025,1790194920.042088,33649.9256763,202.66803020000225,candidate-measurement,0FE953,valid,1042771,-1,True,
4,1,000025,1790194920.2340832,33650.1176716,202.8600254999983,candidate-measurement,0FE953,valid,1042771,0,True,
4,1,000025,1790194920.442066,33650.3256541,203.068008000002,candidate-measurement,0FE953,valid,1042771,0,True,
4,1,000025,1790194920.6340647,33650.517653,203.26000690000365,candidate-measurement,0FE953,valid,1042771,0,True,
4,1,000025,1790194920.8260648,33650.709653,203.4520068999991,candidate-measurement,0FE953,valid,1042771,0,True,
4,1,000025,1790194921.0334952,33650.9170827,203.65943659999903,candidate-measurement,0FE952,valid,1042770,-1,True,
4,1,000025,1790194921.2254763,33651.1090642,203.85141809999914,candidate-measurement,0FE94D,valid,1042765,-5,True,
4,1,000025,1790194921.4174612,33651.3010494,204.04340329999832,candidate-measurement,0FE946,valid,1042758,-7,True,
4,1,000025,1790194921.6250744,33651.5086604,204.2510143000036,candidate-measurement,0FE944,valid,1042756,-2,True,
4,1,000025,1790194921.8170328,33651.7006207,204.44297460000234,candidate-measurement,0FE942,valid,1042754,-2,True,
4,1,000025,1790194922.0090263,33651.8926145,204.63496840000153,candidate-measurement,0FE941,valid,1042753,-1,True,
4,1,000025,1790194922.200427,33652.0840156,204.8263694999987,candidate-measurement,0FE941,valid,1042753,0,True,
4,1,000025,1790194922.4080033,33652.2915917,205.03394560000015,candidate-measurement,0FE941,valid,1042753,0,True,
4,1,000025,1790194922.60002,33652.4836083,205.22596219999832,candidate-measurement,0FE941,valid,1042753,0,True,
4,1,000025,1790194922.7919931,33652.6755825,205.41793640000105,candidate-measurement,0FE941,valid,1042753,0,True,
4,1,000025,1790194922.999985,33652.8835721,205.62592600000062,candidate-measurement,0FE93F,valid,1042751,-2,True,
4,1,000025,1790194923.1914012,33653.0749894,205.81734329999745,candidate-measurement,0FE93C,valid,1042748,-3,True,
4,1,000025,1790194923.3833983,33653.2669869,206.00934080000297,candidate-measurement,0FE930,valid,1042736,-12,True,
4,1,000025,1790194923.590975,33653.4745634,206.2169173000002,candidate-measurement,0FE92B,valid,1042731,-5,True,
4,1,000025,1790194923.78296,33653.6665482,206.40890210000362,candidate-measurement,0FE928,valid,1042728,-3,True,
4,1,000025,1790194923.9743876,33653.8579782,206.60033210000256,candidate-measurement,0FE926,valid,1042726,-2,True,
4,1,000025,1790194924.1663704,33654.0499588,206.7923127000031,candidate-measurement,0FE922,valid,1042722,-4,True,
4,1,000025,1790194924.3743713,33654.2579604,207.00031429999945,candidate-measurement,0FE91E,valid,1042718,-4,True,
4,1,000025,1790194924.566354,33654.4499426,207.1922964999976,candidate-measurement,0FE91C,valid,1042716,-2,True,
4,1,000025,1790194924.757938,33654.6415256,207.38387949999742,candidate-measurement,0FE91B,valid,1042715,-1,True,
4,1,000025,1790194924.965923,33654.8495111,207.59186500000214,candidate-measurement,0FE91A,valid,1042714,-1,True,
4,1,000025,1790194925.1579204,33655.0415088,207.78386270000192,candidate-measurement,0FE91A,valid,1042714,0,True,
4,1,000025,1790194925.3493416,33655.2329289,207.97528279999824,candidate-measurement,0FE919,valid,1042713,-1,True,
4,1,000025,1790194925.5413196,33655.4249077,208.16726159999962,candidate-measurement,0FE918,valid,1042712,-1,True,
4,1,000025,1790194925.7489827,33655.6325645,208.3749184000044,candidate-measurement,0FE916,valid,1042710,-2,True,
4,1,000025,1790194925.940909,33655.8244971,208.56685100000323,candidate-measurement,0FE915,valid,1042709,-1,True,
4,1,000025,1790194926.132885,33656.0164735,208.75882740000088,candidate-measurement,0FE913,valid,1042707,-2,True,
4,1,000025,1790194926.340353,33656.2239383,208.96629219999886,candidate-measurement,0FE912,valid,1042706,-1,True,
4,1,000025,1790194926.532305,33656.4158925,209.1582464000021,candidate-measurement,0FE911,valid,1042705,-1,True,
4,1,000025,1790194926.7238655,33656.6074539,209.3498077999975,candidate-measurement,0FE90E,valid,1042702,-3,True,
4,1,000025,1790194926.9318902,33656.8154763,209.55783019999944,candidate-measurement,0FE90C,valid,1042700,-2,True,
4,1,000025,1790194927.123874,33657.0074616,209.7498154999994,candidate-measurement,0FE90A,valid,1042698,-2,True,
4,1,000025,1790194927.315861,33657.199449,209.94180290000077,candidate-measurement,0FE908,valid,1042696,-2,True,
4,1,000025,1790194927.5078468,33657.3914347,210.13378860000375,candidate-measurement,0FE907,valid,1042695,-1,True,
4,1,000025,1790194927.715272,33657.5988602,210.3412141000008,candidate-measurement,0FE906,valid,1042694,-1,True,
4,1,000025,1790194927.9068484,33657.7904357,210.5327896000017,candidate-measurement,0FE905,valid,1042693,-1,True,
4,1,000025,1790194928.098832,33657.9824204,210.72477430000436,candidate-measurement,0FE904,valid,1042692,-1,True,
4,1,000025,1790194928.3068469,33658.1904338,210.93278770000325,candidate-measurement,0FE902,valid,1042690,-2,True,
4,1,000025,1790194928.4982939,33658.381879,211.12423290000152,candidate-measurement,0FE901,valid,1042689,-1,True,
4,1,000025,1790194928.6902244,33658.5738125,211.31616639999993,candidate-measurement,0FE900,valid,1042688,-1,True,
4,1,000025,1790194928.8978229,33658.7814104,211.52376430000004,candidate-measurement,0FE900,valid,1042688,0,True,
4,1,000025,1790194929.0898523,33658.9734366,211.71579049999855,candidate-measurement,0FE900,valid,1042688,0,True,
4,1,000025,1790194929.281804,33659.1653915,211.90774539999984,candidate-measurement,0FE900,valid,1042688,0,True,
4,1,000025,1790194929.47379,33659.3573784,212.0997322999974,candidate-measurement,0FE8FE,valid,1042686,-2,True,
4,1,000025,1790194929.681219,33659.5648057,212.3071596000009,candidate-measurement,0FE8FE,valid,1042686,0,True,
4,1,000025,1790194929.8731935,33659.7567812,212.49913509999897,candidate-measurement,0FE8FE,valid,1042686,0,True,
4,1,000025,1790194930.0651836,33659.948772,212.6911259000044,candidate-measurement,0FE8FE,valid,1042686,0,True,
4,1,000025,1790194930.2727787,33660.1563657,212.89871960000164,candidate-measurement,0FE8FC,valid,1042684,-2,True,
4,1,000025,1790194930.4647667,33660.3483531,213.09070700000302,candidate-measurement,0FE8FB,valid,1042683,-1,True,
4,1,000025,1790194930.656772,33660.5403584,213.28271230000246,candidate-measurement,0FE8FA,valid,1042682,-1,True,
4,1,000025,1790194930.8641686,33660.7477566,213.49011050000263,candidate-measurement,0FE8FA,valid,1042682,0,True,
4,1,000025,1790194931.07217,33660.9557556,213.698109500001,candidate-measurement,0FE8F9,valid,1042681,-1,True,
4,1,000025,1790194931.2641585,33661.1477466,213.8901005000007,candidate-measurement,0FE8F9,valid,1042681,0,True,
4,1,000025,1790194931.455734,33661.3393217,214.08167559999856,candidate-measurement,0FE8F9,valid,1042681,0,True,
4,1,000025,1790194931.6477475,33661.5313356,214.273689499998,candidate-measurement,0FE8F9,valid,1042681,0,True,
4,1,000025,1790194931.8397076,33661.7232956,214.46564950000175,candidate-measurement,0FE8F9,valid,1042681,0,True,
4,1,000025,1790194932.031716,33661.915302,214.65765590000228,candidate-measurement,0FE8F8,valid,1042680,-1,True,
4,1,000025,1790194932.2391179,33662.1227053,214.86505919999763,candidate-measurement,0FE8EF,valid,1042671,-9,True,
4,1,000025,1790194932.4311268,33662.3147145,215.05706839999766,candidate-measurement,0FE8EC,valid,1042668,-3,True,
4,1,000025,1790194932.6226876,33662.5062755,215.24862940000457,candidate-measurement,0FE8E9,valid,1042665,-3,True,
4,1,000025,1790194932.8306751,33662.7142628,215.45661670000118,candidate-measurement,0FE8E8,valid,1042664,-1,True,
4,1,000025,1790194933.0381098,33662.9216967,215.66405060000397,candidate-measurement,0FE8E7,valid,1042663,-1,True,
4,1,000025,1790194933.2300804,33663.1136681,215.85602199999994,candidate-measurement,0FE8E7,valid,1042663,0,True,
4,1,000025,1790194933.4220865,33663.3056745,216.04802840000048,candidate-measurement,0FE8E7,valid,1042663,0,True,
4,1,000025,1790194933.6136498,33663.497238,216.2395919000046,candidate-measurement,0FE8E7,valid,1042663,0,True,
4,1,000025,1790194933.8056371,33663.6892258,216.43157970000175,candidate-measurement,0FE8E5,valid,1042661,-2,True,
4,1,000025,1790194933.9976315,33663.8812197,216.6235736000017,candidate-measurement,0FE8E3,valid,1042659,-2,True,
4,1,000025,1790194934.2056513,33664.0892378,216.8315917,candidate-measurement,0FE8D8,valid,1042648,-11,True,
4,1,000025,1790194934.3970635,33664.2806518,217.0230057000008,candidate-measurement,0FE8D3,valid,1042643,-5,True,
4,1,000025,1790194934.589045,33664.4726329,217.21498679999786,candidate-measurement,0FE8D0,valid,1042640,-3,True,
4,1,000025,1790194934.7966554,33664.6802427,217.42259660000127,candidate-measurement,0FE8CE,valid,1042638,-2,True,
4,1,000025,1790194934.9886057,33664.8721942,217.6145480999985,candidate-measurement,0FE8CC,valid,1042636,-2,True,
4,1,000025,1790194935.1805937,33665.0641818,217.8065357000014,candidate-measurement,0FE8CA,valid,1042634,-2,True,
4,1,000025,1790194935.372014,33665.2556021,217.99795599999925,candidate-measurement,0FE8C7,valid,1042631,-3,True,
4,1,000025,1790194935.5800056,33665.4635943,218.20594820000406,candidate-measurement,0FE8C4,valid,1042628,-3,True,
4,1,000025,1790194935.771991,33665.6555801,218.39793400000053,candidate-measurement,0FE8C1,valid,1042625,-3,True,
4,1,000025,1790194935.9639966,33665.847585,218.5899389000042,candidate-measurement,0FE8C0,valid,1042624,-1,True,
4,1,000025,1790194936.1715612,33666.0551492,218.79750310000236,candidate-measurement,0FE8C0,valid,1042624,0,True,
4,1,000025,1790194936.3635595,33666.247148,218.98950190000323,candidate-measurement,0FE8BF,valid,1042623,-1,True,
4,1,000025,1790194936.5549593,33666.4385496,219.1809035000042,candidate-measurement,0FE8BD,valid,1042621,-2,True,
4,1,000025,1790194936.762968,33666.6465559,219.38890979999996,candidate-measurement,0FE8BC,valid,1042620,-1,True,
4,1,000025,1790194936.95497,33666.8385587,219.5809126000022,candidate-measurement,0FE8BA,valid,1042618,-2,True,
4,1,000025,1790194937.1465354,33667.0301236,219.77247750000242,candidate-measurement,0FE8B8,valid,1042616,-2,True,
4,1,000025,1790194937.3385308,33667.2221195,219.96447340000304,candidate-measurement,0FE8B7,valid,1042615,-1,True,
4,1,000025,1790194937.5465238,33667.430112,220.17246590000286,candidate-measurement,0FE8B5,valid,1042613,-2,True,
4,1,000025,1790194937.737931,33667.6215192,220.36387310000282,candidate-measurement,0FE8B2,valid,1042610,-3,True,
4,1,000025,1790194937.9299347,33667.8135228,220.55587670000386,candidate-measurement,0FE8B1,valid,1042609,-1,True,
4,1,000025,1790194938.1375062,33668.0210946,220.7634485000017,candidate-measurement,0FE8AF,valid,1042607,-2,True,
4,1,000025,1790194938.3294888,33668.2130788,220.95543270000053,candidate-measurement,0FE8AD,valid,1042605,-2,True,
4,1,000025,1790194938.5214918,33668.4050799,221.14743380000436,candidate-measurement,0FE8AC,valid,1042604,-1,True,
4,1,000025,1790194938.7134817,33668.5970715,221.33942540000135,candidate-measurement,0FE8AB,valid,1042603,-1,True,
4,1,000025,1790194938.9208932,33668.8044846,221.54683849999856,candidate-measurement,0FE8AA,valid,1042602,-1,True,
4,1,000025,1790194939.1128953,33668.9964834,221.73883729999943,candidate-measurement,0FE8A8,valid,1042600,-2,True,
4,1,000025,1790194939.3048847,33669.1884735,221.93082739999954,candidate-measurement,0FE8A7,valid,1042599,-1,True,
4,1,000025,1790194939.5124576,33669.3960461,222.13840000000346,candidate-measurement,0FE8A6,valid,1042598,-1,True,
4,1,000025,1790194939.7044482,33669.5880381,222.33039200000349,candidate-measurement,0FE8A6,valid,1042598,0,True,
4,1,000025,1790194939.8964434,33669.7800317,222.52238560000114,candidate-measurement,0FE8A6,valid,1042598,0,True,
4,1,000025,1790194940.103856,33669.9874443,222.72979820000182,candidate-measurement,0FE8A6,valid,1042598,0,True,
4,1,000025,1790194940.2958539,33670.1794424,222.92179630000464,candidate-measurement,0FE8A4,valid,1042596,-2,True,
4,1,000025,1790194940.4878473,33670.3714369,223.11379080000188,candidate-measurement,0FE8A4,valid,1042596,0,True,
4,1,000025,1790194940.6794157,33670.5630046,223.3053585000016,candidate-measurement,0FE8A4,valid,1042596,0,True,
4,1,000025,1790194940.8874102,33670.7710008,223.5133547000005,candidate-measurement,0FE8A3,valid,1042595,-1,True,
4,1,000025,1790194941.0788283,33670.9624167,223.7047706000012,candidate-measurement,0FE8A1,valid,1042593,-2,True,
4,1,000025,1790194941.2708209,33671.1544092,223.89676309999777,candidate-measurement,0FE8A0,valid,1042592,-1,True,
4,1,000025,1790194941.4783914,33671.3619806,224.10433449999982,candidate-measurement,0FE8A0,valid,1042592,0,True,
4,1,000025,1790194941.6704035,33671.5539919,224.2963458000013,candidate-measurement,0FE89F,valid,1042591,-1,True,
4,1,000025,1790194941.8623843,33671.7459734,224.4883273000014,candidate-measurement,0FE89F,valid,1042591,0,True,
4,1,000025,1790194942.070372,33671.9539598,224.69631369999843,candidate-measurement,0FE89F,valid,1042591,0,True,
4,1,000025,1790194942.2617915,33672.1453796,224.88773349999974,candidate-measurement,0FE89F,valid,1042591,0,True,
4,1,000025,1790194942.4537768,33672.3373668,225.0797206999996,candidate-measurement,0FE89F,valid,1042591,0,True,
4,1,000025,1790194942.645781,33672.5293698,225.27172370000335,candidate-measurement,0FE89E,valid,1042590,-1,True,
4,1,000025,1790194942.8533509,33672.7369397,225.47929360000126,candidate-measurement,0FE89D,valid,1042589,-1,True,
4,1,000025,1790194943.0453494,33672.9289375,225.6712914000018,candidate-measurement,0FE895,valid,1042581,-8,True,
4,1,000025,1790194943.2373388,33673.1209277,225.86328160000267,candidate-measurement,0FE892,valid,1042578,-3,True,
4,1,000025,1790194943.4447598,33673.3283483,226.07070219999878,candidate-measurement,0FE88F,valid,1042575,-3,True,
4,1,000025,1790194943.6367583,33673.5203485,226.26270240000304,candidate-measurement,0FE88E,valid,1042574,-1,True,
4,1,000025,1790194943.8283143,33673.7119043,226.45425819999946,candidate-measurement,0FE88D,valid,1042573,-1,True,
4,1,000025,1790194944.0363128,33673.9199021,226.66225600000325,candidate-measurement,0FE88D,valid,1042573,0,True,
4,1,000025,1790194944.2443085,33674.1278966,226.87025050000375,candidate-measurement,0FE88D,valid,1042573,0,True,
4,1,000025,1790194944.435719,33674.3193066,227.0616605000032,candidate-measurement,0FE88D,valid,1042573,0,True,
4,1,000025,1790194944.627703,33674.5112941,227.25364799999807,candidate-measurement,0FE88C,valid,1042572,-1,True,
4,1,000025,1790194944.8197033,33674.7032932,227.44564710000122,candidate-measurement,0FE88A,valid,1042570,-2,True,
4,1,000025,1790194945.011279,33674.8948691,227.6372229999979,candidate-measurement,0FE87C,valid,1042556,-14,True,
4,1,000025,1790194945.2032714,33675.0868597,227.82921360000182,candidate-measurement,0FE878,valid,1042552,-4,True,
4,1,000025,1790194945.4106915,33675.2942803,228.03663419999793,candidate-measurement,0FE874,valid,1042548,-4,True,
4,1,000025,1790194945.6026793,33675.4862702,228.2286241000038,candidate-measurement,0FE872,valid,1042546,-2,True,
4,1,000025,1790194945.7946694,33675.6782597,228.42061359999934,candidate-measurement,0FE86E,valid,1042542,-4,True,
4,1,000025,1790194946.0022464,33675.8858334,228.62818730000436,candidate-measurement,0FE869,valid,1042537,-5,True,
4,1,000025,1790194946.194247,33676.0778355,228.82018940000125,candidate-measurement,0FE867,valid,1042535,-2,True,
4,1,000025,1790194946.3856575,33676.2692458,229.011599700003,candidate-measurement,0FE866,valid,1042534,-1,True,
4,1,000025,1790194946.577653,33676.4612411,229.20359499999904,candidate-measurement,0FE865,valid,1042533,-1,True,
4,1,000025,1790194946.7852252,33676.668814,229.41116789999796,candidate-measurement,0FE864,valid,1042532,-1,True,
4,1,000025,1790194946.977215,33676.8608034,229.60315730000002,candidate-measurement,0FE862,valid,1042530,-2,True,
4,1,000025,1790194947.1692097,33677.0527979,229.79515180000453,candidate-measurement,0FE861,valid,1042529,-1,True,
4,1,000025,1790194947.3772006,33677.2607909,230.00314480000088,candidate-measurement,0FE85F,valid,1042527,-2,True,
4,1,000025,1790194947.5686226,33677.4522103,230.19456419999915,candidate-measurement,0FE85E,valid,1042526,-1,True,
4,1,000025,1790194947.7606084,33677.6441968,230.38655070000095,candidate-measurement,0FE85D,valid,1042525,-1,True,
4,1,000025,1790194947.9681797,33677.8517692,230.59412310000334,candidate-measurement,0FE85B,valid,1042523,-2,True,
4,1,000025,1790194948.160181,33678.0437696,230.78612350000185,candidate-measurement,0FE858,valid,1042520,-3,True,
4,1,000025,1790194948.3521733,33678.235763,230.97811689999799,candidate-measurement,0FE856,valid,1042518,-2,True,
4,1,000025,1790194948.5435927,33678.427181,231.16953490000014,candidate-measurement,0FE854,valid,1042516,-2,True,
4,1,000025,1790194948.7515857,33678.6351735,231.37752739999996,candidate-measurement,0FE853,valid,1042515,-1,True,
4,1,000025,1790194948.943187,33678.8267738,231.56912770000054,candidate-measurement,0FE851,valid,1042513,-2,True,
4,1,000025,1790194949.1351476,33679.0187361,231.76108999999997,candidate-measurement,0FE84F,valid,1042511,-2,True,
4,1,000025,1790194949.343147,33679.2267356,231.96908950000216,candidate-measurement,0FE84E,valid,1042510,-1,True,
4,1,000025,1790194949.5351505,33679.4187407,232.16109460000007,candidate-measurement,0FE84C,valid,1042508,-2,True,
4,1,000025,1790194949.7265537,33679.6101426,232.35249650000333,candidate-measurement,0FE84C,valid,1042508,0,True,
4,1,000025,1790194949.9345427,33679.8181339,232.56048780000128,candidate-measurement,0FE84C,valid,1042508,0,True,
4,1,000025,1790194950.1421268,33680.0257145,232.76806840000063,candidate-measurement,0FE84C,valid,1042508,0,True,
4,1,000025,1790194950.3341062,33680.2176941,232.96004800000082,candidate-measurement,0FE84A,valid,1042506,-2,True,
4,1,000025,1790194950.5261033,33680.4096924,233.1520462999979,candidate-measurement,0FE84A,valid,1042506,0,True,
4,1,000025,1790194950.718097,33680.6016847,233.3440386000002,candidate-measurement,0FE84A,valid,1042506,0,True,
4,1,000025,1790194950.9095144,33680.7931025,233.53545640000084,candidate-measurement,0FE849,valid,1042505,-1,True,
4,1,000025,1790194951.1015062,33680.9850943,233.72744819999934,candidate-measurement,0FE847,valid,1042503,-2,True,
4,1,000025,1790194951.309079,33681.1926681,233.93502199999784,candidate-measurement,0FE846,valid,1042502,-1,True,
4,1,000025,1790194951.5010667,33681.3846566,234.12701050000032,candidate-measurement,0FE846,valid,1042502,0,True,
4,1,000025,1790194951.6924882,33681.576076,234.3184298999986,candidate-measurement,0FE845,valid,1042501,-1,True,
4,1,000025,1790194951.9004781,33681.7840669,234.52642080000078,candidate-measurement,0FE845,valid,1042501,0,True,
4,1,000025,1790194952.108051,33681.9916391,234.73399300000165,candidate-measurement,0FE845,valid,1042501,0,True,
4,1,000025,1790194952.300044,33682.1836326,234.92598649999854,candidate-measurement,0FE845,valid,1042501,0,True,
4,1,000025,1790194952.4920356,33682.3756251,235.11797900000238,candidate-measurement,0FE845,valid,1042501,0,True,
4,1,000025,1790194952.6840334,33682.5676232,235.30997709999792,candidate-measurement,0FE844,valid,1042500,-1,True,
4,1,000025,1790194952.875458,33682.7590469,235.50140079999983,candidate-measurement,0FE83F,valid,1042495,-5,True,
4,1,000025,1790194953.0674436,33682.9510317,235.69338560000324,candidate-measurement,0FE838,valid,1042488,-7,True,
4,1,000025,1790194953.275026,33683.1586161,235.90097000000242,candidate-measurement,0FE835,valid,1042485,-3,True,
4,1,000025,1790194953.4670084,33683.3505976,236.09295150000253,candidate-measurement,0FE833,valid,1042483,-2,True,
4,1,000025,1790194953.659004,33683.5425927,236.28494660000433,candidate-measurement,0FE833,valid,1042483,0,True,
4,1,000025,1790194953.8664124,33683.7500024,236.49235629999748,candidate-measurement,0FE833,valid,1042483,0,True,
4,1,000025,1790194954.0579886,33683.9415776,236.68393150000338,candidate-measurement,0FE833,valid,1042483,0,True,
4,1,000025,1790194954.249981,33684.133571,236.87592489999952,candidate-measurement,0FE830,valid,1042480,-3,True,
4,1,000025,1790194954.441969,33684.3255569,237.06791080000403,candidate-measurement,0FE824,valid,1042468,-12,True,
4,1,000025,1790194954.6499672,33684.5335565,237.2759103999997,candidate-measurement,0FE81E,valid,1042462,-6,True,
4,1,000025,1790194954.841382,33684.724973,237.46732689999772,candidate-measurement,0FE81B,valid,1042459,-3,True,
4,1,000025,1790194955.0333893,33684.9169761,237.65933000000223,candidate-measurement,0FE819,valid,1042457,-2,True,
4,1,000025,1790194955.2409935,33685.1245826,237.86693650000234,candidate-measurement,0FE816,valid,1042454,-3,True,
4,1,000025,1790194955.43294,33685.3165288,238.05888270000287,candidate-measurement,0FE813,valid,1042451,-3,True,
4,1,000025,1790194955.6249385,33685.5085283,238.2508822000018,candidate-measurement,0FE810,valid,1042448,-3,True,
4,1,000025,1790194955.8329263,33685.7165174,238.45887129999755,candidate-measurement,0FE80D,valid,1042445,-3,True,
4,1,000025,1790194956.0403638,33685.9239501,238.6663039999985,candidate-measurement,0FE80C,valid,1042444,-1,True,
4,1,000025,1790194956.2323425,33686.115931,238.8582849000013,candidate-measurement,0FE80C,valid,1042444,0,True,
4,1,000025,1790194956.4243374,33686.3079271,239.05028100000345,candidate-measurement,0FE80B,valid,1042443,-1,True,
4,1,000025,1790194956.615957,33686.4995416,239.241895500003,candidate-measurement,0FE80A,valid,1042442,-1,True,
4,1,000025,1790194956.8078952,33686.6914868,239.4338407000032,candidate-measurement,0FE808,valid,1042440,-2,True,
4,1,000025,1790194956.999893,33686.8834814,239.6258353000012,candidate-measurement,0FE807,valid,1042439,-1,True,
4,1,000025,1790194957.2073112,33687.0908994,239.83325329999934,candidate-measurement,0FE806,valid,1042438,-1,True,
4,1,000025,1790194957.3992884,33687.2828794,240.02523330000258,candidate-measurement,0FE804,valid,1042436,-2,True,
4,1,000025,1790194957.5912945,33687.4748834,240.2172372999994,candidate-measurement,0FE804,valid,1042436,0,True,
4,1,000025,1790194957.7988722,33687.6824607,240.42481460000272,candidate-measurement,0FE80C,valid,1042444,8,True,
4,1,000025,1790194957.9908638,33687.8744523,240.6168061999997,candidate-measurement,0FE802,valid,1042434,-10,True,
4,1,000025,1790194958.1828914,33688.0664732,240.8088271000015,candidate-measurement,0FE801,valid,1042433,-1,True,
4,1,000025,1790194958.374281,33688.2578675,241.00022139999783,candidate-measurement,0FE7FE,valid,1042430,-3,True,
4,1,000025,1790194958.58226,33688.4658475,241.20820140000433,candidate-measurement,0FE7FC,valid,1042428,-2,True,
4,1,000025,1790194958.773841,33688.6574277,241.39978160000464,candidate-measurement,0FE7FA,valid,1042426,-2,True,
4,1,000025,1790194958.9658308,33688.8494191,241.5917730000001,candidate-measurement,0FE7F9,valid,1042425,-1,True,
4,1,000025,1790194959.173828,33689.0574161,241.7997699999978,candidate-measurement,0FE7F8,valid,1042424,-1,True,
4,1,000025,1790194959.3658235,33689.2494116,241.99176550000266,candidate-measurement,0FE7F6,valid,1042422,-2,True,
4,1,000025,1790194959.557236,33689.4408244,242.1831783000016,candidate-measurement,0FE7F4,valid,1042420,-2,True,
4,1,000025,1790194959.7652276,33689.6488159,242.39116980000108,candidate-measurement,0FE7F2,valid,1042418,-2,True,
4,1,000025,1790194959.9572217,33689.8408097,242.58316360000026,candidate-measurement,0FE7F2,valid,1042418,0,True,
4,1,000025,1790194960.148796,33690.032385,242.77473889999965,candidate-measurement,0FE7F2,valid,1042418,0,True,
4,1,000025,1790194960.3407896,33690.2243776,242.96673150000424,candidate-measurement,0FE7F2,valid,1042418,0,True,
4,1,000025,1790194960.5487788,33690.4323688,243.17472270000144,candidate-measurement,0FE7F0,valid,1042416,-2,True,
4,1,000025,1790194960.7401948,33690.6237842,243.36613809999835,candidate-measurement,0FE7F0,valid,1042416,0,True,
4,1,000025,1790194960.9321933,33690.8157814,243.5581353000016,candidate-measurement,0FE7F0,valid,1042416,0,True,
4,1,000025,1790194961.139773,33691.0233612,243.76571510000213,candidate-measurement,0FE7F0,valid,1042416,0,True,
4,1,000025,1790194961.3317564,33691.2153452,243.95769909999945,candidate-measurement,0FE7EE,valid,1042414,-2,True,
4,1,000025,1790194961.5237489,33691.4073387,244.14969260000362,candidate-measurement,0FE7EC,valid,1042412,-2,True,
4,1,000025,1790194961.7311609,33691.6147489,244.35710280000058,candidate-measurement,0FE7EC,valid,1042412,0,True,
4,1,000025,1790194961.9231517,33691.8067416,244.54909549999866,candidate-measurement,0FE7EB,valid,1042411,-1,True,
4,1,000025,1790194962.1151512,33691.9987398,244.74109370000224,candidate-measurement,0FE7EB,valid,1042411,0,True,
4,1,000025,1790194962.306723,33692.1903112,244.93266510000103,candidate-measurement,0FE7EB,valid,1042411,0,True,
4,1,000025,1790194962.51471,33692.3983012,245.14065510000364,candidate-measurement,0FE7EB,valid,1042411,0,True,
4,1,000025,1790194962.7067049,33692.5902957,245.33264960000088,candidate-measurement,0FE7EA,valid,1042410,-1,True,
4,1,000025,1790194962.898703,33692.7822916,245.5246455000015,candidate-measurement,0FE7E9,valid,1042409,-1,True,
4,1,000025,1790194963.1061385,33692.9897268,245.73208069999964,candidate-measurement,0FE7E2,valid,1042402,-7,True,
4,1,000025,1790194963.29811,33693.1816983,245.92405220000364,candidate-measurement,0FE7DF,valid,1042399,-3,True,
4,1,000025,1790194963.4896936,33693.3732821,246.11563600000227,candidate-measurement,0FE7DC,valid,1042396,-3,True,
4,1,000025,1790194963.6816783,33693.5652672,246.3076211000007,candidate-measurement,0FE7DA,valid,1042394,-2,True,
4,1,000025,1790194963.889097,33693.7726851,246.51503899999807,candidate-measurement,0FE7DA,valid,1042394,0,True,
4,1,000025,1790194964.0810864,33693.9646743,246.7070281999986,candidate-measurement,0FE7D9,valid,1042393,-1,True,
4,1,000025,1790194964.2730904,33694.1566804,246.89903430000413,candidate-measurement,0FE7D9,valid,1042393,0,True,
4,1,000025,1790194964.480653,33694.3642427,247.10659660000238,candidate-measurement,0FE7D9,valid,1042393,0,True,
4,1,000025,1790194964.6726437,33694.5562326,247.29858650000097,candidate-measurement,0FE7D9,valid,1042393,0,True,
4,1,000025,1790194964.864637,33694.7482275,247.49058140000125,candidate-measurement,0FE7D8,valid,1042392,-1,True,
4,1,000025,1790194965.0720668,33694.9556545,247.69800840000244,candidate-measurement,0FE7D2,valid,1042386,-6,True,
4,1,000025,1790194965.2640486,33695.1476374,247.88999129999866,candidate-measurement,0FE7C8,valid,1042376,-10,True,
4,1,000025,1790194965.4556193,33695.3392084,248.08156230000168,candidate-measurement,0FE7C4,valid,1042372,-4,True,
4,1,000025,1790194965.647617,33695.5312057,248.2735595999984,candidate-measurement,0FE7C1,valid,1042369,-3,True,
4,1,000025,1790194965.8556182,33695.7392095,248.48156340000423,candidate-measurement,0FE7C0,valid,1042368,-1,True,
4,1,000025,1790194966.047027,33695.9306153,248.6729692000008,candidate-measurement,0FE7BE,valid,1042366,-2,True,
4,1,000025,1790194966.2390175,33696.1226056,248.86495950000244,candidate-measurement,0FE7BC,valid,1042364,-2,True,
4,1,000025,1790194966.4465826,33696.3301734,249.0725272999989,candidate-measurement,0FE7B8,valid,1042360,-4,True,
4,1,000025,1790194966.6386356,33696.5222176,249.2645715000035,candidate-measurement,0FE7B5,valid,1042357,-3,True,
4,1,000025,1790194966.8305795,33696.7141688,249.45652269999846,candidate-measurement,0FE7B4,valid,1042356,-1,True,
4,1,000025,1790194967.0380182,33696.9216044,249.66395829999965,candidate-measurement,0FE7B2,valid,1042354,-2,True,
4,1,000025,1790194967.2299857,33697.1135745,249.85592840000027,candidate-measurement,0FE7B2,valid,1042354,0,True,
4,1,000025,1790194967.4215536,33697.3051445,250.04749840000295,candidate-measurement,0FE7B1,valid,1042353,-1,True,
4,1,000025,1790194967.613547,33697.4971377,250.23949159999756,candidate-measurement,0FE7B0,valid,1042352,-1,True,
4,1,000025,1790194967.8209653,33697.7045554,250.4469093000007,candidate-measurement,0FE7AE,valid,1042350,-2,True,
4,1,000025,1790194968.01297,33697.8965571,250.63891100000183,candidate-measurement,0FE7AE,valid,1042350,0,True,
4,1,000025,1790194968.2049534,33698.0885417,250.8308956000037,candidate-measurement,0FE7AC,valid,1042348,-2,True,
4,1,000025,1790194968.4125326,33698.2961205,251.0384744000039,candidate-measurement,0FE7AA,valid,1042346,-2,True,
4,1,000025,1790194968.604519,33698.4881082,251.2304621000003,candidate-measurement,0FE7AA,valid,1042346,0,True,
4,1,000025,1790194968.7965224,33698.680109,251.42246290000185,candidate-measurement,0FE7AA,valid,1042346,0,True,
4,1,000025,1790194969.0039287,33698.8875184,251.6298723,candidate-measurement,0FE7A9,valid,1042345,-1,True,
4,1,000025,1790194969.1959481,33699.0795361,251.82188999999926,candidate-measurement,0FE7A6,valid,1042342,-3,True,
4,1,000025,1790194969.3874886,33699.2710783,252.01343220000126,candidate-measurement,0FE7A4,valid,1042340,-2,True,
4,1,000025,1790194969.5794976,33699.4630889,252.2054427999974,candidate-measurement,0FE7A2,valid,1042338,-2,True,
4,1,000025,1790194969.7874835,33699.6710718,252.41342570000415,candidate-measurement,0FE7A1,valid,1042337,-1,True,
4,1,000025,1790194969.9788897,33699.8624792,252.60483309999836,candidate-measurement,0FE79F,valid,1042335,-2,True,
4,1,000025,1790194970.1708963,33700.0544845,252.7968383999978,candidate-measurement,0FE79F,valid,1042335,0,True,
4,1,000025,1790194970.3788846,33700.2624734,253.0048272999993,candidate-measurement,0FE79D,valid,1042333,-2,True,
4,1,000025,1790194970.5708747,33700.454463,253.1968169000029,candidate-measurement,0FE79C,valid,1042332,-1,True,
4,1,000025,1790194970.762465,33700.6460555,253.38840940000227,candidate-measurement,0FE79A,valid,1042330,-2,True,
4,1,000025,1790194970.9704673,33700.8540527,253.5964066000015,candidate-measurement,0FE799,valid,1042329,-1,True,
4,1,000025,1790194971.1784365,33701.0620246,253.80437850000453,candidate-measurement,0FE798,valid,1042328,-1,True,
4,1,000025,1790194971.3698618,33701.2534504,253.9958043000006,candidate-measurement,0FE798,valid,1042328,0,True,
4,1,000025,1790194971.561839,33701.4454284,254.18778230000316,candidate-measurement,0FE798,valid,1042328,0,True,
4,1,000025,1790194971.7538369,33701.6374248,254.37977870000032,candidate-measurement,0FE798,valid,1042328,0,True,
4,1,000025,1790194971.9454117,33701.8289999,254.57135379999818,candidate-measurement,0FE796,valid,1042326,-2,True,
4,1,000025,1790194972.137408,33702.0209959,254.76334979999956,candidate-measurement,0FE796,valid,1042326,0,True,
4,1,000025,1790194972.345392,33702.2289824,254.97133630000462,candidate-measurement,0FE796,valid,1042326,0,True,
4,1,000025,1790194972.536815,33702.4204029,255.162756800004,candidate-measurement,0FE795,valid,1042325,-1,True,
4,1,000025,1790194972.7288043,33702.6123938,255.35474770000292,candidate-measurement,0FE793,valid,1042323,-2,True,
4,1,000025,1790194972.936377,33702.8199669,255.56232080000336,candidate-measurement,0FE792,valid,1042322,-1,True,
4,1,000025,1790194973.1443725,33703.0279604,255.77031430000352,candidate-measurement,0FE792,valid,1042322,0,True,
4,1,000025,1790194973.3357854,33703.2193757,255.96172959999967,candidate-measurement,0FE791,valid,1042321,-1,True,
4,1,000025,1790194973.52778,33703.411369,256.1537229000023,candidate-measurement,0FE791,valid,1042321,0,True,
4,1,000025,1790194973.719771,33703.6033618,256.34571570000116,candidate-measurement,0FE791,valid,1042321,0,True,
4,1,000025,1790194973.9113476,33703.7949364,256.5372903000025,candidate-measurement,0FE791,valid,1042321,0,True,
4,1,000025,1790194974.1033382,33703.986927,256.72928089999914,candidate-measurement,0FE791,valid,1042321,0,True,
4,1,000025,1790194974.3113344,33704.1949235,256.9372774000003,candidate-measurement,0FE78F,valid,1042319,-2,True,
4,1,000025,1790194974.5027542,33704.3863414,257.1286953000017,candidate-measurement,0FE787,valid,1042311,-8,True,
4,1,000025,1790194974.6947455,33704.578334,257.32068789999903,candidate-measurement,0FE784,valid,1042308,-3,True,
4,1,000025,1790194974.9023178,33704.7859068,257.52826070000447,candidate-measurement,0FE781,valid,1042305,-3,True,
4,1,000025,1790194975.0943117,33704.9778995,257.72025340000255,candidate-measurement,0FE780,valid,1042304,-1,True,
4,1,000025,1790194975.2863069,33705.1698948,257.9122486999986,candidate-measurement,0FE77F,valid,1042303,-1,True,
4,1,000025,1790194975.4782994,33705.3618882,258.104242100002,candidate-measurement,0FE77F,valid,1042303,0,True,
4,1,000025,1790194975.685711,33705.5692997,258.3116536000016,candidate-measurement,0FE77F,valid,1042303,0,True,
4,1,000025,1790194975.8777187,33705.7613087,258.5036626000001,candidate-measurement,0FE77F,valid,1042303,0,True,
4,1,000025,1790194976.069303,33705.9528907,258.69524459999957,candidate-measurement,0FE77F,valid,1042303,0,True,
4,1,000025,1790194976.2772696,33706.1608579,258.9032118000032,candidate-measurement,0FE77E,valid,1042302,-1,True,
4,1,000025,1790194976.4692664,33706.3528557,259.0952096000037,candidate-measurement,0FE776,valid,1042294,-8,True,
4,1,000025,1790194976.6606843,33706.544274,259.2866279000009,candidate-measurement,0FE76B,valid,1042283,-11,True,
4,1,000025,1790194976.8686702,33706.7522605,259.4946143999987,candidate-measurement,0FE767,valid,1042279,-4,True,
4,1,000025,1790194977.0602524,33706.9438406,259.68619449999824,candidate-measurement,0FE765,valid,1042277,-2,True,
4,1,000025,1790194977.252244,33707.1358323,259.87818620000326,candidate-measurement,0FE762,valid,1042274,-3,True,
4,1,000025,1790194977.4442368,33707.3278273,260.0701812000043,candidate-measurement,0FE75E,valid,1042270,-4,True,
4,1,000025,1790194977.6522253,33707.535816,260.2781699000043,candidate-measurement,0FE75B,valid,1042267,-3,True,
4,1,000025,1790194977.8436425,33707.7272315,260.46958540000196,candidate-measurement,0FE759,valid,1042265,-2,True,
4,1,000025,1790194978.03566,33707.9192463,260.661600200001,candidate-measurement,0FE758,valid,1042264,-1,True,
4,1,000025,1790194978.2436383,33708.1272269,260.8695807999975,candidate-measurement,0FE758,valid,1042264,0,True,
4,1,000025,1790194978.4352016,33708.3187916,261.0611455000035,candidate-measurement,0FE756,valid,1042262,-2,True,
4,1,000025,1790194978.6271977,33708.5107856,261.2531395000042,candidate-measurement,0FE755,valid,1042261,-1,True,
4,1,000025,1790194978.8351896,33708.7187773,261.4611311999979,candidate-measurement,0FE754,valid,1042260,-1,True,
4,1,000025,1790194979.0426059,33708.926194,261.6685479000007,candidate-measurement,0FE752,valid,1042258,-2,True,
4,1,000025,1790194979.2342064,33709.117793,261.86014689999865,candidate-measurement,0FE750,valid,1042256,-2,True,
4,1,000025,1790194979.4261694,33709.3097592,262.0521130999987,candidate-measurement,0FE74D,valid,1042253,-3,True,
4,1,000025,1790194979.6181653,33709.5017551,262.2441089999993,candidate-measurement,0FE74A,valid,1042250,-3,True,
4,1,000025,1790194979.8101609,33709.6937492,262.43610310000076,candidate-measurement,0FE746,valid,1042246,-4,True,
4,1,000025,1790194980.002153,33709.8857399,262.62809379999817,candidate-measurement,0FE744,valid,1042244,-2,True,
4,1,000025,1790194980.209571,33710.0931587,262.8355126000024,candidate-measurement,0FE742,valid,1042242,-2,True,
4,1,000025,1790194980.4015543,33710.2851431,263.02749700000277,candidate-measurement,0FE741,valid,1042241,-1,True,
4,1,000025,1790194980.593135,33710.4767231,263.21907700000156,candidate-measurement,0FE73F,valid,1042239,-2,True,
4,1,000025,1790194980.8011212,33710.6847124,263.42706629999884,candidate-measurement,0FE73E,valid,1042238,-1,True,
4,1,000025,1790194980.993125,33710.8767124,263.6190663000016,candidate-measurement,0FE73E,valid,1042238,0,True,
4,1,000025,1790194981.1845427,33711.0681309,263.81048480000027,candidate-measurement,0FE73E,valid,1042238,0,True,
4,1,000025,1790194981.376534,33711.2601219,264.00247579999996,candidate-measurement,0FE73E,valid,1042238,0,True,
4,1,000025,1790194981.5840976,33711.4676868,264.21004070000345,candidate-measurement,0FE73C,valid,1042236,-2,True,
4,1,000025,1790194981.7760947,33711.6596835,264.4020374000029,candidate-measurement,0FE73C,valid,1042236,0,True,
4,1,000025,1790194981.9680865,33711.8516758,264.5940296999979,candidate-measurement,0FE73C,valid,1042236,0,True,
4,1,000025,1790194982.175509,33712.0590975,264.8014514000024,candidate-measurement,0FE73B,valid,1042235,-1,True,
4,1,000025,1790194982.367496,33712.2510845,264.99343840000074,candidate-measurement,0FE739,valid,1042233,-2,True,
4,1,000025,1790194982.559493,33712.4430819,265.18543579999823,candidate-measurement,0FE738,valid,1042232,-1,True,
4,1,000025,1790194982.7670577,33712.6506479,265.3930018000028,candidate-measurement,0FE738,valid,1042232,0,True,
4,1,000025,1790194982.9590557,33712.842646,265.58499989999837,candidate-measurement,0FE737,valid,1042231,-1,True,
4,1,000025,1790194983.1504717,33713.0340599,265.7764137999984,candidate-measurement,0FE737,valid,1042231,0,True,
4,1,000025,1790194983.342463,33713.2260534,265.9684073000026,candidate-measurement,0FE737,valid,1042231,0,True,
4,1,000025,1790194983.5500395,33713.4336293,266.1759832000025,candidate-measurement,0FE737,valid,1042231,0,True,
4,1,000025,1790194983.7420347,33713.6256232,266.36797710000246,candidate-measurement,0FE737,valid,1042231,0,True,
4,1,000025,1790194983.9340253,33713.8176133,266.5599672000026,candidate-measurement,0FE736,valid,1042230,-1,True,
4,1,000025,1790194984.1414418,33714.0250298,266.76738370000385,candidate-measurement,0FE732,valid,1042226,-4,True,
4,1,000025,1790194984.3334308,33714.2170204,266.9593743000005,candidate-measurement,0FE72C,valid,1042220,-6,True,
4,1,000025,1790194984.5254314,33714.4090205,267.151374400004,candidate-measurement,0FE729,valid,1042217,-3,True,
4,1,000025,1790194984.7329993,33714.6165884,267.3589423000012,candidate-measurement,0FE726,valid,1042214,-3,True,
4,1,000025,1790194984.9249942,33714.8085833,267.5509372000015,candidate-measurement,0FE725,valid,1042213,-1,True,
4,1,000025,1790194985.1169896,33715.0005777,267.742931599998,candidate-measurement,0FE725,valid,1042213,0,True,
4,1,000025,1790194985.3089821,33715.1925709,267.93492479999986,candidate-measurement,0FE725,valid,1042213,0,True,
4,1,000025,1790194985.5164409,33715.4000316,268.142385500003,candidate-measurement,0FE725,valid,1042213,0,True,
4,1,000025,1790194985.7079716,33715.5915599,268.333913800001,candidate-measurement,0FE723,valid,1042211,-2,True,
4,1,000025,1790194985.8999593,33715.7835486,268.52590249999776,candidate-measurement,0FE723,valid,1042211,0,True,
4,1,000025,1790194986.1079752,33715.9915638,268.7339177000031,candidate-measurement,0FE71B,valid,1042203,-8,True,
4,1,000025,1790194986.2999516,33716.1835399,268.92589379999845,candidate-measurement,0FE712,valid,1042194,-9,True,
4,1,000025,1790194986.4919412,33716.3755296,269.1178835000028,candidate-measurement,0FE70E,valid,1042190,-4,True,
4,1,000025,1790194986.699354,33716.5829435,269.3252973999988,candidate-measurement,0FE70C,valid,1042188,-2,True,
4,1,000025,1790194986.8913496,33716.7749396,269.51729350000096,candidate-measurement,0FE708,valid,1042184,-4,True,
4,1,000025,1790194987.0829346,33716.9665217,269.7088756000012,candidate-measurement,0FE706,valid,1042182,-2,True,
4,1,000025,1790194987.2749193,33717.1585084,269.9008623000045,candidate-measurement,0FE701,valid,1042177,-5,True,
4,1,000025,1790194987.4829242,33717.3665135,270.1088673999984,candidate-measurement,0FE6FF,valid,1042175,-2,True,
4,1,000025,1790194987.674899,33717.5584906,270.3008445000014,candidate-measurement,0FE6FE,valid,1042174,-1,True,
4,1,000025,1790194987.8663154,33717.7499042,270.49225809999916,candidate-measurement,0FE6FD,valid,1042173,-1,True,
4,1,000025,1790194988.0743263,33717.957915,270.7002689000001,candidate-measurement,0FE6FC,valid,1042172,-1,True,
4,1,000025,1790194988.2658863,33718.149475,270.8918288999994,candidate-measurement,0FE6FA,valid,1042170,-2,True,
4,1,000025,1790194988.457881,33718.3414697,271.08382359999814,candidate-measurement,0FE6F9,valid,1042169,-1,True,
4,1,000025,1790194988.6498682,33718.5334584,271.27581230000214,candidate-measurement,0FE6F7,valid,1042167,-2,True,
4,1,000025,1790194988.8572805,33718.7408689,271.4832228000014,candidate-measurement,0FE6F5,valid,1042165,-2,True,
4,1,000025,1790194989.049294,33718.9328802,271.67523410000285,candidate-measurement,0FE6F3,valid,1042163,-2,True,
4,1,000025,1790194989.240855,33719.1244434,271.8667972999974,candidate-measurement,0FE6F0,valid,1042160,-3,True,
4,1,000025,1790194989.4488683,33719.3324567,272.0748106000028,candidate-measurement,0FE6EE,valid,1042158,-2,True,
4,1,000025,1790194989.640836,33719.5244264,272.2667803000004,candidate-measurement,0FE6EB,valid,1042155,-3,True,
4,1,000025,1790194989.8322487,33719.7158387,272.4581926000028,candidate-measurement,0FE6EA,valid,1042154,-1,True,
4,1,000025,1790194990.0398962,33719.9234822,272.6658361000009,candidate-measurement,0FE6E8,valid,1042152,-2,True,
4,1,000025,1790194990.2318308,33720.1154187,272.8577726000003,candidate-measurement,0FE6E6,valid,1042150,-2,True,
4,1,000025,1790194990.423816,33720.3074046,273.04975849999755,candidate-measurement,0FE6E5,valid,1042149,-1,True,
4,1,000025,1790194990.615813,33720.4994018,273.2417557000008,candidate-measurement,0FE6E4,valid,1042148,-1,True,
4,1,000025,1790194990.8232439,33720.706832,273.4491859000045,candidate-measurement,0FE6E4,valid,1042148,0,True,
4,1,000025,1790194991.0152247,33720.8988126,273.6411664999978,candidate-measurement,0FE6E4,valid,1042148,0,True,
4,1,000025,1790194991.2072134,33721.0908017,273.83315559999755,candidate-measurement,0FE6E4,valid,1042148,0,True,
4,1,000025,1790194991.4147868,33721.2983765,274.04073040000367,candidate-measurement,0FE6E3,valid,1042147,-1,True,
4,1,000025,1790194991.6067781,33721.4903666,274.2327205000038,candidate-measurement,0FE6E3,valid,1042147,0,True,
4,1,000025,1790194991.7987678,33721.6823574,274.42471130000195,candidate-measurement,0FE6E2,valid,1042146,-1,True,
4,1,000025,1790194992.0061886,33721.8897751,274.6321289999978,candidate-measurement,0FE6E0,valid,1042144,-2,True,
4,1,000025,1790194992.1981795,33722.0817676,274.82412150000164,candidate-measurement,0FE6DF,valid,1042143,-1,True,
4,1,000025,1790194992.3901708,33722.2737595,275.0161134000009,candidate-measurement,0FE6DE,valid,1042142,-1,True,
4,1,000025,1790194992.5817347,33722.4653246,275.20767850000266,candidate-measurement,0FE6DE,valid,1042142,0,True,
4,1,000025,1790194992.7897365,33722.6733274,275.41568130000087,candidate-measurement,0FE6DE,valid,1042142,0,True,
4,1,000025,1790194992.981728,33722.8653177,275.6076716000025,candidate-measurement,0FE6DD,valid,1042141,-1,True,
4,1,000025,1790194993.1737318,33723.0573197,275.79967359999864,candidate-measurement,0FE6DD,valid,1042141,0,True,
4,1,000025,1790194993.3811436,33723.2647317,276.00708560000203,candidate-measurement,0FE6DD,valid,1042141,0,True,
4,1,000025,1790194993.573137,33723.456726,276.19907989999774,candidate-measurement,0FE6DD,valid,1042141,0,True,
4,1,000025,1790194993.7651277,33723.6487163,276.3910701999994,candidate-measurement,0FE6DD,valid,1042141,0,True,
4,1,000025,1790194993.9731271,33723.8567153,276.59906919999776,candidate-measurement,0FE6DC,valid,1042140,-1,True,
4,1,000025,1790194994.180711,33724.0642973,276.8066512000005,candidate-measurement,0FE6D4,valid,1042132,-8,True,
4,1,000025,1790194994.3727024,33724.2562925,276.99864640000305,candidate-measurement,0FE6D0,valid,1042128,-4,True,
4,1,000025,1790194994.5646787,33724.4482697,277.1906235999995,candidate-measurement,0FE6CD,valid,1042125,-3,True,
4,1,000025,1790194994.756671,33724.6402615,277.38261539999803,candidate-measurement,0FE6CC,valid,1042124,-1,True,
4,1,000025,1790194994.9481077,33724.8316965,277.57405039999867,candidate-measurement,0FE6CB,valid,1042123,-1,True,
4,1,000025,1790194995.1400878,33725.023676,277.7660298999981,candidate-measurement,0FE6CB,valid,1042123,0,True,
4,1,000025,1790194995.347675,33725.2312638,277.97361770000134,candidate-measurement,0FE6CB,valid,1042123,0,True,
4,1,000025,1790194995.539651,33725.4232402,278.165594099999,candidate-measurement,0FE6CB,valid,1042123,0,True,
4,1,000025,1790194995.7310724,33725.6146607,278.35701459999837,candidate-measurement,0FE6CA,valid,1042122,-1,True,
4,1,000025,1790194995.9390633,33725.8226517,278.5650056000013,candidate-measurement,0FE6C7,valid,1042119,-3,True,
4,1,000025,1790194996.1466362,33726.0302241,278.7725780000037,candidate-measurement,0FE6BC,valid,1042108,-11,True,
4,1,000025,1790194996.3386269,33726.2222151,278.9645690000034,candidate-measurement,0FE6B6,valid,1042102,-6,True,
4,1,000025,1790194996.5306263,33726.4142155,279.1565694000019,candidate-measurement,0FE6B3,valid,1042099,-3,True,
4,1,000025,1790194996.722037,33726.6056255,279.34797940000135,candidate-measurement,0FE6B1,valid,1042097,-2,True,
4,1,000025,1790194996.914022,33726.7976119,279.5399658000024,candidate-measurement,0FE6AE,valid,1042094,-3,True,
4,1,000025,1790194997.1055956,33726.9891844,279.7315383000023,candidate-measurement,0FE6AC,valid,1042092,-2,True,
4,1,000025,1790194997.3135953,33727.1971827,279.9395366000026,candidate-measurement,0FE6A8,valid,1042088,-4,True,
4,1,000025,1790194997.5055878,33727.3891759,280.1315298000045,candidate-measurement,0FE6A6,valid,1042086,-2,True,
4,1,000025,1790194997.6975753,33727.5811649,280.3235188000035,candidate-measurement,0FE6A5,valid,1042085,-1,True,
4,1,000025,1790194997.9049933,33727.7885819,280.5309358000013,candidate-measurement,0FE6A4,valid,1042084,-1,True,
4,1,000025,1790194998.0969927,33727.9805805,280.72293440000067,candidate-measurement,0FE6A4,valid,1042084,0,True,
4,1,000025,1790194998.2885704,33728.1721586,280.91451249999955,candidate-measurement,0FE6A2,valid,1042082,-2,True,
4,1,000025,1790194998.4805603,33728.3641488,281.1065027000004,candidate-measurement,0FE6A1,valid,1042081,-1,True,
4,1,000025,1790194998.6885521,33728.5721419,281.31449579999753,candidate-measurement,0FE6A0,valid,1042080,-1,True,
4,1,000025,1790194998.879966,33728.7635534,281.5059073000011,candidate-measurement,0FE69E,valid,1042078,-2,True,
4,1,000025,1790194999.0719724,33728.9555597,281.6979136000009,candidate-measurement,0FE69C,valid,1042076,-2,True,
4,1,000025,1790194999.279523,33729.1631112,281.9054651000042,candidate-measurement,0FE69C,valid,1042076,0,True,
4,1,000025,1790194999.471516,33729.3551045,282.0974583999996,candidate-measurement,0FE69A,valid,1042074,-2,True,
4,1,000025,1790194999.66352,33729.5471085,282.2894624000037,candidate-measurement,0FE698,valid,1042072,-2,True,
4,1,000025,1790194999.871503,33729.7550924,282.4974463000035,candidate-measurement,0FE696,valid,1042070,-2,True,
4,1,000025,1790195000.0629284,33729.9465166,282.68887050000194,candidate-measurement,0FE695,valid,1042069,-1,True,
4,1,000025,1790195000.254916,33730.1385045,282.88085839999985,candidate-measurement,0FE694,valid,1042068,-1,True,
4,1,000025,1790195000.4469044,33730.3304934,283.0728472999981,candidate-measurement,0FE692,valid,1042066,-2,True,
4,1,000025,1790195000.6544774,33730.5380664,283.2804202999978,candidate-measurement,0FE691,valid,1042065,-1,True,
4,1,000025,1790195000.8464828,33730.7300707,283.47242460000416,candidate-measurement,0FE690,valid,1042064,-1,True,
4,1,000025,1790195001.038501,33730.9220866,283.6644405000043,candidate-measurement,0FE68E,valid,1042062,-2,True,
4,1,000025,1790195001.245894,33731.129482,283.8718358999977,candidate-measurement,0FE68C,valid,1042060,-2,True,
4,1,000025,1790195001.4378934,33731.3214808,284.06383469999855,candidate-measurement,0FE68B,valid,1042059,-1,True,
4,1,000025,1790195001.629875,33731.5134628,284.25581670000247,candidate-measurement,0FE68A,valid,1042058,-1,True,
4,1,000025,1790195001.8374453,33731.7210344,284.46338829999877,candidate-measurement,0FE68A,valid,1042058,0,True,
4,1,000025,1790195002.0294445,33731.9130327,284.6553866000031,candidate-measurement,0FE68A,valid,1042058,0,True,
4,1,000025,1790195002.2214448,33732.1050333,284.84738720000314,candidate-measurement,0FE689,valid,1042057,-1,True,
4,1,000025,1790195002.4128616,33732.2964498,285.03880370000115,candidate-measurement,0FE689,valid,1042057,0,True,
4,1,000025,1790195002.6208432,33732.5044317,285.2467856000003,candidate-measurement,0FE688,valid,1042056,-1,True,
4,1,000025,1790195002.8124235,33732.6960112,285.43836510000256,candidate-measurement,0FE686,valid,1042054,-2,True,
4,1,000025,1790195003.0044093,33732.8879984,285.6303523000024,candidate-measurement,0FE685,valid,1042053,-1,True,
4,1,000025,1790195003.2124043,33733.0959928,285.83834670000215,candidate-measurement,0FE684,valid,1042052,-1,True,
4,1,000025,1790195003.404395,33733.2879841,286.0303380000041,candidate-measurement,0FE684,valid,1042052,0,True,
4,1,000025,1790195003.5958133,33733.4794016,286.2217555000025,candidate-measurement,0FE683,valid,1042051,-1,True,
4,1,000025,1790195003.7878563,33733.6714418,286.41379569999845,candidate-measurement,0FE683,valid,1042051,0,True,
4,1,000025,1790195003.9954147,33733.8790013,286.6213552000045,candidate-measurement,0FE683,valid,1042051,0,True,
4,1,000025,1790195004.18739,33734.0709779,286.81333180000365,candidate-measurement,0FE683,valid,1042051,0,True,
4,1,000025,1790195004.3793962,33734.2629824,287.0053363000043,candidate-measurement,0FE683,valid,1042051,0,True,
4,1,000025,1790195004.5867844,33734.4703727,287.2127266000025,candidate-measurement,0FE683,valid,1042051,0,True,
4,1,000025,1790195004.7787807,33734.6623685,287.40472240000236,candidate-measurement,0FE681,valid,1042049,-2,True,
4,1,000025,1790195004.9703481,33734.853936,287.59628990000056,candidate-measurement,0FE678,valid,1042040,-9,True,
4,1,000025,1790195005.1783378,33735.0619258,287.80427970000164,candidate-measurement,0FE675,valid,1042037,-3,True,
4,1,000025,1790195005.3703344,33735.253923,287.9962768999976,candidate-measurement,0FE672,valid,1042034,-3,True,
4,1,000025,1790195005.5617492,33735.4453385,288.18769240000256,candidate-measurement,0FE672,valid,1042034,0,True,
4,1,000025,1790195005.7537525,33735.6373404,288.37969429999794,candidate-measurement,0FE671,valid,1042033,-1,True,
4,1,000025,1790195005.961317,33735.8449051,288.5872589999999,candidate-measurement,0FE671,valid,1042033,0,True,
4,1,000025,1790195006.1533163,33736.0369045,288.77925839999807,candidate-measurement,0FE671,valid,1042033,0,True,
4,1,000025,1790195006.3452995,33736.2288878,288.9712417000046,candidate-measurement,0FE671,valid,1042033,0,True,
4,1,000025,1790195006.5532892,33736.4368776,289.1792314999984,candidate-measurement,0FE66F,valid,1042031,-2,True,
4,1,000025,1790195006.744714,33736.6283016,289.3706555000026,candidate-measurement,0FE66D,valid,1042029,-2,True,
4,1,000025,1790195006.9367096,33736.8202974,289.56265130000247,candidate-measurement,0FE661,valid,1042017,-12,True,
4,1,000025,1790195007.1442828,33737.02787,289.7702238999991,candidate-measurement,0FE65C,valid,1042012,-5,True,
4,1,000025,1790195007.3363283,33737.2199112,289.9622651000027,candidate-measurement,0FE658,valid,1042008,-4,True,
4,1,000025,1790195007.5282767,33737.4118641,290.1542180000033,candidate-measurement,0FE656,valid,1042006,-2,True,
4,1,000025,1790195007.7202652,33737.6038519,290.34620580000046,candidate-measurement,0FE653,valid,1042003,-3,True,
4,1,000025,1790195007.9276755,33737.8112648,290.5536187000034,candidate-measurement,0FE64F,valid,1041999,-4,True,
4,1,000025,1790195008.1196685,33738.0032568,290.74561070000345,candidate-measurement,0FE64C,valid,1041996,-3,True,
4,1,000025,1790195008.3116696,33738.1952561,290.93761000000086,candidate-measurement,0FE64A,valid,1041994,-2,True,
4,1,000025,1790195008.5192366,33738.4028244,291.14517830000113,candidate-measurement,0FE64A,valid,1041994,0,True,
4,1,000025,1790195008.7112272,33738.5948151,291.33716899999854,candidate-measurement,0FE649,valid,1041993,-1,True,
4,1,000025,1790195008.9032183,33738.7868085,291.52916240000195,candidate-measurement,0FE647,valid,1041991,-2,True,
4,1,000025,1790195009.1106308,33738.9942187,291.7365725999989,candidate-measurement,0FE646,valid,1041990,-1,True,
4,1,000025,1790195009.3026667,33739.1862538,291.9286076999997,candidate-measurement,0FE644,valid,1041988,-2,True,
4,1,000025,1790195009.494213,33739.377801,292.1201549000034,candidate-measurement,0FE642,valid,1041986,-2,True,
4,1,000025,1790195009.686193,33739.5697814,292.3121353000024,candidate-measurement,0FE640,valid,1041984,-2,True,
4,1,000025,1790195009.89421,33739.7777973,292.5201511999985,candidate-measurement,0FE63E,valid,1041982,-2,True,
4,1,000025,1790195010.0856044,33739.969193,292.7115468999982,candidate-measurement,0FE63C,valid,1041980,-2,True,
4,1,000025,1790195010.2776065,33740.1611946,292.9035484999986,candidate-measurement,0FE63A,valid,1041978,-2,True,
4,1,000025,1790195010.4855895,33740.3691776,293.1115314999988,candidate-measurement,0FE638,valid,1041976,-2,True,
4,1,000025,1790195010.6771684,33740.560757,293.3031109000003,candidate-measurement,0FE637,valid,1041975,-1,True,
4,1,000025,1790195010.8691647,33740.7527531,293.49510700000246,candidate-measurement,0FE635,valid,1041973,-2,True,
4,1,000025,1790195011.0765774,33740.9601622,293.7025160999983,candidate-measurement,0FE634,valid,1041972,-1,True,
4,1,000025,1790195011.2685678,33741.1521574,293.8945113000009,candidate-measurement,0FE632,valid,1041970,-2,True,
4,1,000025,1790195011.4605658,33741.3441539,294.0865077999988,candidate-measurement,0FE631,valid,1041969,-1,True,
4,1,000025,1790195011.6521342,33741.5357226,294.27807649999886,candidate-measurement,0FE630,valid,1041968,-1,True,
4,1,000025,1790195011.8601315,33741.74372,294.4860738999996,candidate-measurement,0FE630,valid,1041968,0,True,
4,1,000025,1790195012.0521505,33741.9357365,294.6780904000043,candidate-measurement,0FE630,valid,1041968,0,True,
4,1,000025,1790195012.243537,33742.1271247,294.8694785999978,candidate-measurement,0FE630,valid,1041968,0,True,
4,1,000025,1790195012.4515347,33742.3351211,295.07747499999823,candidate-measurement,0FE62E,valid,1041966,-2,True,
4,1,000025,1790195012.6430998,33742.5266886,295.2690425000037,candidate-measurement,0FE62E,valid,1041966,0,True,
4,1,000025,1790195012.8350875,33742.7186767,295.46103060000314,candidate-measurement,0FE62E,valid,1041966,0,True,
4,1,000025,1790195013.04309,33742.9266767,295.66903060000186,candidate-measurement,0FE62E,valid,1041966,0,True,
4,1,000025,1790195013.2350898,33743.118677,295.8610308999996,candidate-measurement,0FE62C,valid,1041964,-2,True,
4,1,000025,1790195013.4264936,33743.3100817,296.05243560000235,candidate-measurement,0FE62A,valid,1041962,-2,True,
4,1,000025,1790195013.6185062,33743.5020946,296.24444850000145,candidate-measurement,0FE62A,valid,1041962,0,True,
4,1,000025,1790195013.8261235,33743.7097119,296.45206580000377,candidate-measurement,0FE629,valid,1041961,-1,True,
4,1,000025,1790195014.0180588,33743.901647,296.6440008999998,candidate-measurement,0FE629,valid,1041961,0,True,
4,1,000025,1790195014.210054,33744.0936424,296.8359963000039,candidate-measurement,0FE629,valid,1041961,0,True,
4,1,000025,1790195014.4180388,33744.3016273,297.04398120000405,candidate-measurement,0FE629,valid,1041961,0,True,
4,1,000025,1790195014.609459,33744.4930483,297.23540219999995,candidate-measurement,0FE629,valid,1041961,0,True,
4,1,000025,1790195014.8014812,33744.6850492,297.42740310000227,candidate-measurement,0FE627,valid,1041959,-2,True,
4,1,000025,1790195015.0090265,33744.8926136,297.63496750000195,candidate-measurement,0FE622,valid,1041954,-5,True,
4,1,000025,1790195015.2010143,33745.0846023,297.8269561999987,candidate-measurement,0FE61E,valid,1041950,-4,True,
4,1,000025,1790195015.3930433,33745.2766307,298.0189845999994,candidate-measurement,0FE61C,valid,1041948,-2,True,
4,1,000025,1790195015.6004355,33745.484024,298.2263778999986,candidate-measurement,0FE61A,valid,1041946,-2,True,
4,1,000025,1790195015.7924228,33745.6760112,298.4183650999985,candidate-measurement,0FE618,valid,1041944,-2,True,
4,1,000025,1790195015.984435,33745.8680227,298.6103766000015,candidate-measurement,0FE617,valid,1041943,-1,True,
4,1,000025,1790195016.176018,33746.0596049,298.80195880000247,candidate-measurement,0FE617,valid,1041943,0,True,
4,1,000025,1790195016.3839862,33746.2675746,299.0099285000033,candidate-measurement,0FE617,valid,1041943,0,True,
4,1,000025,1790195016.5759728,33746.4595632,299.20191709999926,candidate-measurement,0FE617,valid,1041943,0,True,
4,1,000025,1790195016.7673852,33746.6509739,299.39332780000404,candidate-measurement,0FE617,valid,1041943,0,True,
4,1,000025,1790195016.9753785,33746.8589652,299.601319100002,candidate-measurement,0FE614,valid,1041940,-3,True,
4,1,000025,1790195017.167378,33747.0509666,299.79332050000085,candidate-measurement,0FE60A,valid,1041930,-10,True,
4,1,000025,1790195017.3589504,33747.2425396,299.98489350000455,candidate-measurement,0FE604,valid,1041924,-6,True,
5,1,000026,1790195020.2042792,33750.0878679,0.2013987000027555,candidate-warmup,0FE591,valid,1041809,-115,True,
5,1,000026,1790195020.3962705,33750.2798594,0.39339019999897573,candidate-warmup,0FE591,valid,1041809,0,True,
5,1,000026,1790195020.5878375,33750.4714274,0.5849582000009832,candidate-warmup,0FE591,valid,1041809,0,True,
5,1,000026,1790195020.7798421,33750.6634325,0.7769632999988971,candidate-warmup,0FE591,valid,1041809,0,True,
5,1,000026,1790195020.971829,33750.8554183,0.9689491000026464,candidate-warmup,0FE591,valid,1041809,0,True,
5,1,000026,1790195021.1632485,33751.0468372,1.1603680000043823,candidate-warmup,0FE591,valid,1041809,0,True,
5,1,000026,1790195021.3552353,33751.2388249,1.3523557000007713,candidate-warmup,0FE591,valid,1041809,0,True,
5,1,000026,1790195021.5472348,33751.4308245,1.5443553000004613,candidate-warmup,0FE590,valid,1041808,-1,True,
5,1,000026,1790195021.754806,33751.6383951,1.7519259000036982,candidate-warmup,0FE58F,valid,1041807,-1,True,
5,1,000026,1790195021.9468024,33751.8303904,1.9439211999997497,candidate-warmup,0FE58E,valid,1041806,-1,True,
5,1,000026,1790195022.1388247,33752.022412,2.1359427999996115,candidate-warmup,0FE58E,valid,1041806,0,True,
5,1,000026,1790195022.3467877,33752.2303757,2.343906499998411,candidate-warmup,0FE58E,valid,1041806,0,True,
5,1,000026,1790195022.5381951,33752.4217854,2.5353162000028533,candidate-warmup,0FE58E,valid,1041806,0,True,
5,1,000026,1790195022.7302089,33752.6137979,2.727328699998907,candidate-warmup,0FE58D,valid,1041805,-1,True,
5,1,000026,1790195022.9378037,33752.8213947,2.9349254999979166,candidate-warmup,0FE58B,valid,1041803,-2,True,
5,1,000026,1790195023.1297672,33753.0133554,3.126886199999717,candidate-warmup,0FE589,valid,1041801,-2,True,
5,1,000026,1790195023.3211756,33753.2047658,3.3182966000022134,candidate-warmup,0FE587,valid,1041799,-2,True,
5,1,000026,1790195023.5131907,33753.3967792,3.510309999997844,candidate-warmup,0FE586,valid,1041798,-1,True,
5,1,000026,1790195023.720748,33753.6043382,3.7178690000000643,candidate-warmup,0FE584,valid,1041796,-2,True,
5,1,000026,1790195023.912732,33753.7963226,3.9098534000004292,candidate-warmup,0FE583,valid,1041795,-1,True,
5,1,000026,1790195024.1047318,33753.9883199,4.101850700004434,candidate-warmup,0FE582,valid,1041794,-1,True,
5,1,000026,1790195024.3127227,33754.1963126,4.309843399998499,candidate-warmup,0FE580,valid,1041792,-2,True,
5,1,000026,1790195024.5041342,33754.3877233,4.50125410000328,candidate-warmup,0FE57E,valid,1041790,-2,True,
5,1,000026,1790195024.6957104,33754.5793002,4.692831000000297,candidate-warmup,0FE57D,valid,1041789,-1,True,
5,1,000026,1790195024.903692,33754.7872838,4.90081459999783,candidate-warmup,0FE57C,valid,1041788,-1,True,
5,1,000026,1790195025.0957048,33754.979293,5.092823799997859,candidate-warmup,0FE57C,valid,1041788,0,True,
5,1,000026,1790195025.2871091,33755.1706976,5.284228399999847,candidate-warmup,0FE57C,valid,1041788,0,True,
5,1,000026,1790195025.479121,33755.3627094,5.4762401999978465,candidate-warmup,0FE57A,valid,1041786,-2,True,
5,1,000026,1790195025.687097,33755.5706867,5.68421749999834,candidate-warmup,0FE57A,valid,1041786,0,True,
5,1,000026,1790195025.8786657,33755.7622571,5.87578790000407,candidate-warmup,0FE57A,valid,1041786,0,True,
5,1,000026,1790195026.070663,33755.9542512,6.06778199999826,candidate-warmup,0FE57A,valid,1041786,0,True,
5,1,000026,1790195026.2786582,33756.1622476,6.275778399998671,candidate-warmup,0FE578,valid,1041784,-2,True,
5,1,000026,1790195026.4700682,33756.3536582,6.467189000002691,candidate-warmup,0FE576,valid,1041782,-2,True,
5,1,000026,1790195026.6620646,33756.5456555,6.659186299999419,candidate-warmup,0FE576,valid,1041782,0,True,
5,1,000026,1790195026.8700602,33756.7536483,6.867179100001522,candidate-warmup,0FE575,valid,1041781,-1,True,
5,1,000026,1790195027.0616403,33756.9452282,7.058758999999554,candidate-warmup,0FE575,valid,1041781,0,True,
5,1,000026,1790195027.2536237,33757.1372138,7.250744600001781,candidate-warmup,0FE575,valid,1041781,0,True,
5,1,000026,1790195027.445634,33757.329225,7.442755800002487,candidate-warmup,0FE575,valid,1041781,0,True,
5,1,000026,1790195027.6530328,33757.5366208,7.650151599998935,candidate-warmup,0FE575,valid,1041781,0,True,
5,1,000026,1790195027.8450322,33757.7286203,7.842151099997864,candidate-warmup,0FE574,valid,1041780,-1,True,
5,1,000026,1790195028.0366108,33757.9201991,8.033729900002072,candidate-warmup,0FE56C,valid,1041772,-8,True,
5,1,000026,1790195028.244594,33758.1281824,8.241713200004597,candidate-warmup,0FE569,valid,1041769,-3,True,
5,1,000026,1790195028.436602,33758.3201897,8.43372050000471,candidate-warmup,0FE566,valid,1041766,-3,True,
5,1,000026,1790195028.6280048,33758.5115934,8.625124199999846,candidate-warmup,0FE564,valid,1041764,-2,True,
5,1,000026,1790195028.8359966,33758.7195851,8.833115900000848,candidate-warmup,0FE564,valid,1041764,0,True,
5,1,000026,1790195029.0280178,33758.9116039,9.025134700001217,candidate-warmup,0FE563,valid,1041763,-1,True,
5,1,000026,1790195029.2199867,33759.1035754,9.217106199997943,candidate-warmup,0FE563,valid,1041763,0,True,
5,1,000026,1790195029.4119844,33759.2955726,9.409103400001186,candidate-warmup,0FE563,valid,1041763,0,True,
5,1,000026,1790195029.6195767,33759.5031642,9.616695000004256,candidate-warmup,0FE561,valid,1041761,-2,True,
5,1,000026,1790195029.8115437,33759.6951329,9.808663700001489,candidate-warmup,0FE561,valid,1041761,0,True,
5,1,000026,1790195030.0035381,33759.8871283,10.000659099998302,candidate-warmup,0FE553,valid,1041747,-14,True,
5,1,000026,1790195030.2109575,33760.0945461,10.208076900002197,candidate-warmup,0FE54C,valid,1041740,-7,True,
5,1,000026,1790195030.4029496,33760.2865387,10.400069499999518,candidate-warmup,0FE549,valid,1041737,-3,True,
5,1,000026,1790195030.594938,33760.4785282,10.592059000002337,candidate-warmup,0FE545,valid,1041733,-4,True,
5,1,000026,1790195030.8025095,33760.6861,10.799630800000159,candidate-warmup,0FE540,valid,1041728,-5,True,
5,1,000026,1790195030.9945204,33760.8781107,10.991641500004334,candidate-warmup,0FE53D,valid,1041725,-3,True,
5,1,000026,1790195031.1859267,33761.0695147,11.183045500001754,candidate-warmup,0FE53C,valid,1041724,-1,True,
5,1,000026,1790195031.3779562,33761.2615442,11.375075000003562,candidate-warmup,0FE53B,valid,1041723,-1,True,
5,1,000026,1790195031.585906,33761.469497,11.5830277999994,candidate-warmup,0FE539,valid,1041721,-2,True,
5,1,000026,1790195031.7774928,33761.6610834,11.77461420000327,candidate-warmup,0FE538,valid,1041720,-1,True,
5,1,000026,1790195031.9694731,33761.8530625,11.966593299999658,candidate-warmup,0FE536,valid,1041718,-2,True,
5,1,000026,1790195032.1775246,33762.0611117,12.174642500001937,candidate-warmup,0FE534,valid,1041716,-2,True,
5,1,000026,1790195032.36946,33762.2530517,12.366582499998913,candidate-warmup,0FE534,valid,1041716,0,True,
5,1,000026,1790195032.5608692,33762.4444607,12.557991499998025,candidate-warmup,0FE533,valid,1041715,-1,True,
5,1,000026,1790195032.7688744,33762.6524633,12.76599410000199,candidate-warmup,0FE530,valid,1041712,-3,True,
5,1,000026,1790195032.9608607,33762.8444519,12.957982699997956,candidate-warmup,0FE52E,valid,1041710,-2,True,
5,1,000026,1790195033.1529129,33763.0364998,13.150030600001628,candidate-warmup,0FE52D,valid,1041709,-1,True,
5,1,000026,1790195033.344427,33763.2280164,13.341547199997876,candidate-warmup,0FE52C,valid,1041708,-1,True,
5,1,000026,1790195033.5524268,33763.4360165,13.549547300004633,candidate-warmup,0FE52A,valid,1041706,-2,True,
5,1,000026,1790195033.7444377,33763.6280253,13.741556100001617,candidate-warmup,0FE529,valid,1041705,-1,True,
5,1,000026,1790195033.935832,33763.8194224,13.932953200004704,candidate-warmup,0FE528,valid,1041704,-1,True,
5,1,000026,1790195034.1434052,33764.0269935,14.140524300004472,candidate-warmup,0FE526,valid,1041702,-2,True,
5,1,000026,1790195034.3354044,33764.2189929,14.332523700002639,candidate-warmup,0FE525,valid,1041701,-1,True,
5,1,000026,1790195034.5274034,33764.41099,14.524520799997845,candidate-warmup,0FE523,valid,1041699,-2,True,
5,1,000026,1790195034.7193925,33764.602981,14.71651180000481,candidate-warmup,0FE522,valid,1041698,-1,True,
5,1,000026,1790195034.9274,33764.8109888,14.924519600004714,candidate-warmup,0FE522,valid,1041698,0,True,
5,1,000026,1790195035.1187975,33765.0023853,15.115916100003233,candidate-warmup,0FE522,valid,1041698,0,True,
5,1,000026,1790195035.3107893,33765.1943773,15.30790810000326,candidate-warmup,0FE521,valid,1041697,-1,True,
5,1,000026,1790195035.5184374,33765.4020282,15.515558999999485,candidate-warmup,0FE521,valid,1041697,0,True,
5,1,000026,1790195035.7103505,33765.5939411,15.70747190000111,candidate-warmup,0FE520,valid,1041696,-1,True,
5,1,000026,1790195035.9023457,33765.7859364,15.899467200004437,candidate-warmup,0FE51E,valid,1041694,-2,True,
5,1,000026,1790195036.1103551,33765.9939424,16.107473199997912,candidate-warmup,0FE51D,valid,1041693,-1,True,
5,1,000026,1790195036.3017604,33766.1853485,16.298879300004046,candidate-warmup,0FE51C,valid,1041692,-1,True,
5,1,000026,1790195036.4937465,33766.3773371,16.490867900000012,candidate-warmup,0FE51B,valid,1041691,-1,True,
5,1,000026,1790195036.685324,33766.5689151,16.68244589999813,candidate-warmup,0FE51B,valid,1041691,0,True,
5,1,000026,1790195036.8933165,33766.7769071,16.890437900001416,candidate-warmup,0FE51B,valid,1041691,0,True,
5,1,000026,1790195037.0853171,33766.9689056,17.082436400000006,candidate-warmup,0FE51B,valid,1041691,0,True,
5,1,000026,1790195037.2767231,33767.1603133,17.27384410000377,candidate-warmup,0FE51B,valid,1041691,0,True,
5,1,000026,1790195037.4847157,33767.3683067,17.481837500003166,candidate-warmup,0FE51A,valid,1041690,-1,True,
5,1,000026,1790195037.6762962,33767.5598854,17.673416199999338,candidate-warmup,0FE516,valid,1041686,-4,True,
5,1,000026,1790195037.8682897,33767.7518792,17.86540999999852,candidate-warmup,0FE50F,valid,1041679,-7,True,
5,1,000026,1790195038.0762813,33767.9598692,18.07340000000113,candidate-warmup,0FE50C,valid,1041676,-3,True,
5,1,000026,1790195038.2677028,33768.1512908,18.264821600001596,candidate-warmup,0FE50A,valid,1041674,-2,True,
5,1,000026,1790195038.4596877,33768.3432756,18.45680639999773,candidate-warmup,0FE509,valid,1041673,-1,True,
5,1,000026,1790195038.651676,33768.5352668,18.648797599998943,candidate-warmup,0FE509,valid,1041673,0,True,
5,1,000026,1790195038.85927,33768.7428592,18.85639000000083,candidate-warmup,0FE509,valid,1041673,0,True,
5,1,000026,1790195039.0512495,33768.9348363,19.048367100003816,candidate-warmup,0FE509,valid,1041673,0,True,
5,1,000026,1790195039.2432466,33769.1268355,19.24036630000046,candidate-warmup,0FE508,valid,1041672,-1,True,
5,1,000026,1790195039.4506857,33769.3342755,19.447806299998774,candidate-warmup,0FE505,valid,1041669,-3,True,
5,1,000026,1790195039.6426492,33769.526238,19.63976879999973,candidate-warmup,0FE4F7,valid,1041655,-14,True,
5,1,000026,1790195039.8342185,33769.7178094,19.83134019999852,candidate-warmup,0FE4F1,valid,1041649,-6,True,
5,1,000026,1790195040.0422373,33769.9258238,20.03935459999775,candidate-measurement,0FE4EE,valid,1041646,-3,True,
5,1,000026,1790195040.2502086,33770.133797,20.247327800003404,candidate-measurement,0FE4EA,valid,1041642,-4,True,
5,1,000026,1790195040.441621,33770.3252102,20.438740999998117,candidate-measurement,0FE4E4,valid,1041636,-6,True,
5,1,000026,1790195040.6336105,33770.5172017,20.630732500001614,candidate-measurement,0FE4E2,valid,1041634,-2,True,
5,1,000026,1790195040.8256357,33770.7092251,20.82275590000063,candidate-measurement,0FE4E0,valid,1041632,-2,True,
5,1,000026,1790195041.0171998,33770.9007865,21.014317300003313,candidate-measurement,0FE4DE,valid,1041630,-2,True,
5,1,000026,1790195041.2091851,33771.0927728,21.206303600003594,candidate-measurement,0FE4DD,valid,1041629,-1,True,
5,1,000026,1790195041.4171882,33771.3007777,21.414308500003244,candidate-measurement,0FE4DA,valid,1041626,-3,True,
5,1,000026,1790195041.6085854,33771.4921769,21.605707700000494,candidate-measurement,0FE4D8,valid,1041624,-2,True,
5,1,000026,1790195041.8005726,33771.6841641,21.79769490000035,candidate-measurement,0FE4D4,valid,1041620,-4,True,
5,1,000026,1790195042.0081491,33771.8917395,22.005270300003758,candidate-measurement,0FE4D0,valid,1041616,-4,True,
5,1,000026,1790195042.2001495,33772.0837377,22.197268500000064,candidate-measurement,0FE4CE,valid,1041614,-2,True,
5,1,000026,1790195042.392153,33772.2757429,22.38927369999874,candidate-measurement,0FE4CC,valid,1041612,-2,True,
5,1,000026,1790195042.5835536,33772.4671447,22.580675500001234,candidate-measurement,0FE4CA,valid,1041610,-2,True,
5,1,000026,1790195042.7915444,33772.6751357,22.788666500004183,candidate-measurement,0FE4C9,valid,1041609,-1,True,
5,1,000026,1790195042.9831378,33772.8667263,22.980257100003655,candidate-measurement,0FE4C8,valid,1041608,-1,True,
5,1,000026,1790195043.17512,33773.0587084,23.17223920000106,candidate-measurement,0FE4C8,valid,1041608,0,True,
5,1,000026,1790195043.3831062,33773.2666968,23.38022759999876,candidate-measurement,0FE4C6,valid,1041606,-2,True,
5,1,000026,1790195043.5745199,33773.4581098,23.571640599999228,candidate-measurement,0FE4C6,valid,1041606,0,True,
5,1,000026,1790195043.7665155,33773.650105,23.763635800001794,candidate-measurement,0FE4C6,valid,1041606,0,True,
5,1,000026,1790195043.974093,33773.8576817,23.971212500000547,candidate-measurement,0FE4C6,valid,1041606,0,True,
5,1,000026,1790195044.1660829,33774.0496714,24.163202199997613,candidate-measurement,0FE4C4,valid,1041604,-2,True,
5,1,000026,1790195044.358075,33774.2416635,24.355194299998402,candidate-measurement,0FE4C2,valid,1041602,-2,True,
5,1,000026,1790195044.5494852,33774.4330764,24.546607199998107,candidate-measurement,0FE4C2,valid,1041602,0,True,
5,1,000026,1790195044.7574804,33774.6410703,24.75460110000131,candidate-measurement,0FE4C1,valid,1041601,-1,True,
5,1,000026,1790195044.9490607,33774.8326517,24.946182500003488,candidate-measurement,0FE4C1,valid,1041601,0,True,
5,1,000026,1790195045.141056,33775.0246443,25.138175100000808,candidate-measurement,0FE4C1,valid,1041601,0,True,
5,1,000026,1790195045.3490427,33775.2326325,25.346163300004264,candidate-measurement,0FE4C1,valid,1041601,0,True,
5,1,000026,1790195045.541055,33775.4246436,25.53817440000421,candidate-measurement,0FE4C1,valid,1041601,0,True,
5,1,000026,1790195045.7324538,33775.6160445,25.72957529999985,candidate-measurement,0FE4C0,valid,1041600,-1,True,
5,1,000026,1790195045.9400885,33775.8236785,25.937209299998358,candidate-measurement,0FE4BB,valid,1041595,-5,True,
5,1,000026,1790195046.1320422,33776.0156305,26.129161299999396,candidate-measurement,0FE4B4,valid,1041588,-7,True,
5,1,000026,1790195046.3240118,33776.2075997,26.321130500000436,candidate-measurement,0FE4B1,valid,1041585,-3,True,
5,1,000026,1790195046.5160072,33776.399598,26.51312880000478,candidate-measurement,0FE4AE,valid,1041582,-3,True,
5,1,000026,1790195046.7234392,33776.6070303,26.72056110000267,candidate-measurement,0FE4AE,valid,1041582,0,True,
5,1,000026,1790195046.9154122,33776.7990033,26.91253410000354,candidate-measurement,0FE4AE,valid,1041582,0,True,
5,1,000026,1790195047.1074326,33776.9910205,27.104551299999002,candidate-measurement,0FE4AD,valid,1041581,-1,True,
5,1,000026,1790195047.315016,33777.1986041,27.312134899999364,candidate-measurement,0FE4AB,valid,1041579,-2,True,
5,1,000026,1790195047.506974,33777.3905628,27.504093600000488,candidate-measurement,0FE49D,valid,1041565,-14,True,
5,1,000026,1790195047.6989655,33777.5825567,27.69608750000043,candidate-measurement,0FE498,valid,1041560,-5,True,
5,1,000026,1790195047.9063783,33777.7899696,27.903500400003395,candidate-measurement,0FE495,valid,1041557,-3,True,
5,1,000026,1790195048.0983799,33777.9819674,28.09549820000393,candidate-measurement,0FE491,valid,1041553,-4,True,
5,1,000026,1790195048.2903767,33778.1739649,28.287495700002182,candidate-measurement,0FE48C,valid,1041548,-5,True,
5,1,000026,1790195048.481947,33778.3655348,28.479065600004105,candidate-measurement,0FE489,valid,1041545,-3,True,
5,1,000026,1790195048.6899393,33778.5735269,28.687057700000878,candidate-measurement,0FE488,valid,1041544,-1,True,
5,1,000026,1790195048.881934,33778.7655218,28.87905260000116,candidate-measurement,0FE487,valid,1041543,-1,True,
5,1,000026,1790195049.073346,33778.956934,29.07046480000281,candidate-measurement,0FE485,valid,1041541,-2,True,
5,1,000026,1790195049.2813365,33779.1649262,29.278457000000344,candidate-measurement,0FE484,valid,1041540,-1,True,
5,1,000026,1790195049.472927,33779.3565177,29.470048499999393,candidate-measurement,0FE482,valid,1041538,-2,True,
5,1,000026,1790195049.6649058,33779.548494,29.662024800003564,candidate-measurement,0FE480,valid,1041536,-2,True,
5,1,000026,1790195049.8728998,33779.7564901,29.87002090000169,candidate-measurement,0FE480,valid,1041536,0,True,
5,1,000026,1790195050.064317,33779.9479045,30.061435299998266,candidate-measurement,0FE47E,valid,1041534,-2,True,
5,1,000026,1790195050.256312,33780.1399,30.253430800003116,candidate-measurement,0FE47C,valid,1041532,-2,True,
5,1,000026,1790195050.4482968,33780.3318852,30.445416000002297,candidate-measurement,0FE47A,valid,1041530,-2,True,
5,1,000026,1790195050.6558726,33780.539461,30.652991800001473,candidate-measurement,0FE479,valid,1041529,-1,True,
5,1,000026,1790195050.847865,33780.7314564,30.844987199998286,candidate-measurement,0FE478,valid,1041528,-1,True,
5,1,000026,1790195051.0398638,33780.9234524,31.036983199999668,candidate-measurement,0FE477,valid,1041527,-1,True,
5,1,000026,1790195051.2472684,33781.1308568,31.244387600003392,candidate-measurement,0FE475,valid,1041525,-2,True,
5,1,000026,1790195051.4392729,33781.3228615,31.43639229999826,candidate-measurement,0FE475,valid,1041525,0,True,
5,1,000026,1790195051.6312587,33781.5148494,31.62838020000345,candidate-measurement,0FE474,valid,1041524,-1,True,
5,1,000026,1790195051.8388338,33781.7224223,31.83595310000237,candidate-measurement,0FE473,valid,1041523,-1,True,
5,1,000026,1790195052.0308342,33781.9144224,32.02795319999859,candidate-measurement,0FE472,valid,1041522,-1,True,
5,1,000026,1790195052.222822,33782.1064101,32.21994090000226,candidate-measurement,0FE470,valid,1041520,-2,True,
5,1,000026,1790195052.4142413,33782.2978314,32.41136220000044,candidate-measurement,0FE46F,valid,1041519,-1,True,
5,1,000026,1790195052.6222272,33782.5058186,32.61934940000356,candidate-measurement,0FE46E,valid,1041518,-1,True,
5,1,000026,1790195052.8138041,33782.6973954,32.81092619999981,candidate-measurement,0FE46E,valid,1041518,0,True,
5,1,000026,1790195053.0058055,33782.8893944,33.00292520000221,candidate-measurement,0FE46E,valid,1041518,0,True,
5,1,000026,1790195053.213793,33783.097382,33.2109128000011,candidate-measurement,0FE46E,valid,1041518,0,True,
5,1,000026,1790195053.4052024,33783.2887934,33.40232420000393,candidate-measurement,0FE46D,valid,1041517,-1,True,
5,1,000026,1790195053.596776,33783.4803672,33.59389799999917,candidate-measurement,0FE46D,valid,1041517,0,True,
5,1,000026,1790195053.8047678,33783.6883591,33.8018899000017,candidate-measurement,0FE46C,valid,1041516,-1,True,
5,1,000026,1790195053.9967673,33783.8803572,33.99388800000452,candidate-measurement,0FE46A,valid,1041514,-2,True,
5,1,000026,1790195054.188185,33784.0717738,34.18530460000329,candidate-measurement,0FE469,valid,1041513,-1,True,
5,1,000026,1790195054.3801749,33784.2637631,34.37729390000459,candidate-measurement,0FE468,valid,1041512,-1,True,
5,1,000026,1790195054.5881655,33784.4717555,34.585286300003645,candidate-measurement,0FE468,valid,1041512,0,True,
5,1,000026,1790195054.7797403,33784.6633289,34.776859700003115,candidate-measurement,0FE468,valid,1041512,0,True,
5,1,000026,1790195054.9717307,33784.8553221,34.96885289999773,candidate-measurement,0FE467,valid,1041511,-1,True,
5,1,000026,1790195055.179745,33785.0633331,35.17686390000017,candidate-measurement,0FE467,valid,1041511,0,True,
5,1,000026,1790195055.3711412,33785.2547313,35.36826210000436,candidate-measurement,0FE467,valid,1041511,0,True,
5,1,000026,1790195055.563133,33785.4467221,35.560252900002524,candidate-measurement,0FE467,valid,1041511,0,True,
5,1,000026,1790195055.7551231,33785.6387145,35.75224529999832,candidate-measurement,0FE467,valid,1041511,0,True,
5,1,000026,1790195055.9627025,33785.8462914,35.9598221999986,candidate-measurement,0FE466,valid,1041510,-1,True,
5,1,000026,1790195056.1547005,33786.0382886,36.15181940000184,candidate-measurement,0FE463,valid,1041507,-3,True,
5,1,000026,1790195056.3621123,33786.2457011,36.35923190000176,candidate-measurement,0FE45B,valid,1041499,-8,True,
5,1,000026,1790195056.5541046,33786.4376938,36.55122459999984,candidate-measurement,0FE457,valid,1041495,-4,True,
5,1,000026,1790195056.7460902,33786.6296818,36.743212599998515,candidate-measurement,0FE455,valid,1041493,-2,True,
5,1,000026,1790195056.9376643,33786.8212558,36.93478660000255,candidate-measurement,0FE455,valid,1041493,0,True,
5,1,000026,1790195057.1457257,33787.0293116,37.142842400004156,candidate-measurement,0FE455,valid,1041493,0,True,
5,1,000026,1790195057.3376596,33787.2212482,37.334779000004346,candidate-measurement,0FE455,valid,1041493,0,True,
5,1,000026,1790195057.5290704,33787.4126612,37.526191999997536,candidate-measurement,0FE453,valid,1041491,-2,True,
5,1,000026,1790195057.73708,33787.6206713,37.7342021000004,candidate-measurement,0FE446,valid,1041478,-13,True,
5,1,000026,1790195057.9290748,33787.812666,37.92619679999916,candidate-measurement,0FE43F,valid,1041471,-7,True,
5,1,000026,1790195058.1210515,33788.0046397,38.11817049999809,candidate-measurement,0FE43C,valid,1041468,-3,True,
5,1,000026,1790195058.3126326,33788.1962219,38.30975269999908,candidate-measurement,0FE439,valid,1041465,-3,True,
5,1,000026,1790195058.5206208,33788.4042105,38.517741299998306,candidate-measurement,0FE434,valid,1041460,-5,True,
5,1,000026,1790195058.712031,33788.5956223,38.70915310000419,candidate-measurement,0FE430,valid,1041456,-4,True,
5,1,000026,1790195058.9040432,33788.7876347,38.90116549999948,candidate-measurement,0FE42E,valid,1041454,-2,True,
5,1,000026,1790195059.1116018,33788.9951896,39.108720399999584,candidate-measurement,0FE42D,valid,1041453,-1,True,
5,1,000026,1790195059.3035953,33789.1871845,39.300715299999865,candidate-measurement,0FE42C,valid,1041452,-1,True,
5,1,000026,1790195059.4955826,33789.3791735,39.49270429999888,candidate-measurement,0FE42A,valid,1041450,-2,True,
5,1,000026,1790195059.7029965,33789.5865855,39.700116300002264,candidate-measurement,0FE429,valid,1041449,-1,True,
5,1,000026,1790195059.894996,33789.7785857,39.89211649999925,candidate-measurement,0FE427,valid,1041447,-2,True,
5,1,000026,1790195060.0869915,33789.9705805,40.08411129999877,candidate-measurement,0FE426,valid,1041446,-1,True,
5,1,000026,1790195060.2785616,33790.1621503,40.27568109999993,candidate-measurement,0FE426,valid,1041446,0,True,
5,1,000026,1790195060.4865577,33790.3701475,40.483678299999156,candidate-measurement,0FE424,valid,1041444,-2,True,
5,1,000026,1790195060.6785777,33790.5621676,40.67569840000215,candidate-measurement,0FE424,valid,1041444,0,True,
5,1,000026,1790195060.870539,33790.7541308,40.867661600001156,candidate-measurement,0FE420,valid,1041440,-4,True,
5,1,000026,1790195061.0779557,33790.9615441,41.07507489999989,candidate-measurement,0FE41D,valid,1041437,-3,True,
5,1,000026,1790195061.2699497,33791.1535394,41.26707020000322,candidate-measurement,0FE41A,valid,1041434,-3,True,
5,1,000026,1790195061.4619486,33791.3455372,41.459068000003754,candidate-measurement,0FE418,valid,1041432,-2,True,
5,1,000026,1790195061.6539357,33791.537526,41.65105680000124,candidate-measurement,0FE416,valid,1041430,-2,True,
5,1,000026,1790195061.8615105,33791.7450989,41.858629700000165,candidate-measurement,0FE414,valid,1041428,-2,True,
5,1,000026,1790195062.0535078,33791.9370962,42.05062700000417,candidate-measurement,0FE414,valid,1041428,0,True,
5,1,000026,1790195062.2449276,33792.1285145,42.24204530000134,candidate-measurement,0FE414,valid,1041428,0,True,
5,1,000026,1790195062.4529157,33792.3365036,42.45003440000437,candidate-measurement,0FE412,valid,1041426,-2,True,
5,1,000026,1790195062.644904,33792.5284945,42.6420253000033,candidate-measurement,0FE412,valid,1041426,0,True,
5,1,000026,1790195062.8364887,33792.7200767,42.83360750000429,candidate-measurement,0FE412,valid,1041426,0,True,
5,1,000026,1790195063.0444791,33792.9280663,43.041597100003855,candidate-measurement,0FE411,valid,1041425,-1,True,
5,1,000026,1790195063.236473,33793.1200611,43.233591900003375,candidate-measurement,0FE40F,valid,1041423,-2,True,
5,1,000026,1790195063.4278839,33793.3114719,43.42500270000164,candidate-measurement,0FE40E,valid,1041422,-1,True,
5,1,000026,1790195063.6198773,33793.503467,43.616997800003446,candidate-measurement,0FE40E,valid,1041422,0,True,
5,1,000026,1790195063.8278863,33793.7114771,43.82500789999904,candidate-measurement,0FE40D,valid,1041421,-1,True,
5,1,000026,1790195064.0194457,33793.9030334,44.016564199999266,candidate-measurement,0FE40D,valid,1041421,0,True,
5,1,000026,1790195064.2114391,33794.0950281,44.208558899998025,candidate-measurement,0FE40D,valid,1041421,0,True,
5,1,000026,1790195064.419429,33794.3030179,44.41654869999911,candidate-measurement,0FE40D,valid,1041421,0,True,
5,1,000026,1790195064.6108394,33794.4944297,44.607960499997716,candidate-measurement,0FE40D,valid,1041421,0,True,
5,1,000026,1790195064.8028336,33794.6864245,44.79995530000451,candidate-measurement,0FE40C,valid,1041420,-1,True,
5,1,000026,1790195065.0104122,33794.8940013,45.00753210000403,candidate-measurement,0FE408,valid,1041416,-4,True,
5,1,000026,1790195065.2184033,33795.1019918,45.21552260000317,candidate-measurement,0FE400,valid,1041408,-8,True,
5,1,000026,1790195065.4104006,33795.2939893,45.40752010000142,candidate-measurement,0FE3FD,valid,1041405,-3,True,
5,1,000026,1790195065.6018226,33795.4854137,45.59894450000138,candidate-measurement,0FE3FB,valid,1041403,-2,True,
5,1,000026,1790195065.7938237,33795.6774127,45.79094350000378,candidate-measurement,0FE3FB,valid,1041403,0,True,
5,1,000026,1790195065.9853837,33795.8689719,45.98250270000426,candidate-measurement,0FE3FB,valid,1041403,0,True,
5,1,000026,1790195066.1773803,33796.0609687,46.17449950000446,candidate-measurement,0FE3FB,valid,1041403,0,True,
5,1,000026,1790195066.3853714,33796.2689592,46.3824900000036,candidate-measurement,0FE3F7,valid,1041399,-4,True,
5,1,000026,1790195066.577367,33796.4609554,46.57448619999923,candidate-measurement,0FE3EA,valid,1041386,-13,True,
5,1,000026,1790195066.7687845,33796.6523754,46.765906200002064,candidate-measurement,0FE3E5,valid,1041381,-5,True,
5,1,000026,1790195066.976395,33796.8599859,46.97351670000353,candidate-measurement,0FE3E2,valid,1041378,-3,True,
5,1,000026,1790195067.1843414,33797.0679294,47.18146020000131,candidate-measurement,0FE3E0,valid,1041376,-2,True,
5,1,000026,1790195067.376344,33797.2599316,47.37346239999897,candidate-measurement,0FE3DD,valid,1041373,-3,True,
5,1,000026,1790195067.568324,33797.4519137,47.56544450000365,candidate-measurement,0FE3D9,valid,1041369,-4,True,
5,1,000026,1790195067.759739,33797.6433296,47.75686040000437,candidate-measurement,0FE3D7,valid,1041367,-2,True,
5,1,000026,1790195067.951732,33797.8353235,47.948854300004314,candidate-measurement,0FE3D6,valid,1041366,-1,True,
5,1,000026,1790195068.1437354,33798.0273232,48.140854000004765,candidate-measurement,0FE3D4,valid,1041364,-2,True,
5,1,000026,1790195068.3513205,33798.2349094,48.3484402000031,candidate-measurement,0FE3D4,valid,1041364,0,True,
5,1,000026,1790195068.5432997,33798.4268895,48.54042029999982,candidate-measurement,0FE3D3,valid,1041363,-1,True,
5,1,000026,1790195068.7353015,33798.6188924,48.73242320000281,candidate-measurement,0FE3D2,valid,1041362,-1,True,
5,1,000026,1790195068.9426978,33798.8262892,48.9398199999996,candidate-measurement,0FE3D0,valid,1041360,-2,True,
5,1,000026,1790195069.1346974,33799.0182857,49.13181650000479,candidate-measurement,0FE3CF,valid,1041359,-1,True,
5,1,000026,1790195069.3262842,33799.2098742,49.32340500000282,candidate-measurement,0FE3CD,valid,1041357,-2,True,
5,1,000026,1790195069.5182734,33799.4018625,49.51539330000378,candidate-measurement,0FE3CB,valid,1041355,-2,True,
5,1,000026,1790195069.726261,33799.6098518,49.72338260000106,candidate-measurement,0FE3C8,valid,1041352,-3,True,
5,1,000026,1790195069.917668,33799.8012586,49.91478939999797,candidate-measurement,0FE3C6,valid,1041350,-2,True,
5,1,000026,1790195070.109676,33799.9932642,50.10679499999969,candidate-measurement,0FE3C4,valid,1041348,-2,True,
5,1,000026,1790195070.3176558,33800.2012463,50.314777100000356,candidate-measurement,0FE3C1,valid,1041345,-3,True,
5,1,000026,1790195070.5092356,33800.3928246,50.50635540000076,candidate-measurement,0FE3C0,valid,1041344,-1,True,
5,1,000026,1790195070.7012215,33800.5848126,50.69834339999943,candidate-measurement,0FE3BE,valid,1041342,-2,True,
5,1,000026,1790195070.909231,33800.7928211,50.906351900004665,candidate-measurement,0FE3BC,valid,1041340,-2,True,
5,1,000026,1790195071.1006362,33800.9842247,51.09775549999904,candidate-measurement,0FE3BB,valid,1041339,-1,True,
5,1,000026,1790195071.292646,33801.1762363,51.28976710000279,candidate-measurement,0FE3BA,valid,1041338,-1,True,
5,1,000026,1790195071.484622,33801.368212,51.481742800002394,candidate-measurement,0FE3BA,valid,1041338,0,True,
5,1,000026,1790195071.69221,33801.575798,51.6893287999992,candidate-measurement,0FE3BA,valid,1041338,0,True,
5,1,000026,1790195071.8841834,33801.7677747,51.881305499999144,candidate-measurement,0FE3BA,valid,1041338,0,True,
5,1,000026,1790195072.0761843,33801.9597731,52.07330390000425,candidate-measurement,0FE3B9,valid,1041337,-1,True,
5,1,000026,1790195072.2835968,33802.1671872,52.2807180000018,candidate-measurement,0FE3B9,valid,1041337,0,True,
5,1,000026,1790195072.4755929,33802.3591813,52.472712100003264,candidate-measurement,0FE3B8,valid,1041336,-1,True,
5,1,000026,1790195072.6675823,33802.5511729,52.664703700000246,candidate-measurement,0FE3B6,valid,1041334,-2,True,
5,1,000026,1790195072.8751712,33802.7587623,52.872293100001116,candidate-measurement,0FE3B5,valid,1041333,-1,True,
5,1,000026,1790195073.0671477,33802.9507363,53.064267100002326,candidate-measurement,0FE3B4,valid,1041332,-1,True,
5,1,000026,1790195073.2585676,33803.1421563,53.255687099997886,candidate-measurement,0FE3B4,valid,1041332,0,True,
5,1,000026,1790195073.4505577,33803.3341474,53.447678199998336,candidate-measurement,0FE3B3,valid,1041331,-1,True,
5,1,000026,1790195073.6585684,33803.5421579,53.65568870000425,candidate-measurement,0FE3B3,valid,1041331,0,True,
5,1,000026,1790195073.8501189,33803.7337098,53.84724060000008,candidate-measurement,0FE3B3,valid,1041331,0,True,
5,1,000026,1790195074.0421243,33803.9257121,54.0392428999985,candidate-measurement,0FE3B3,valid,1041331,0,True,
5,1,000026,1790195074.2501338,33804.1337225,54.24725330000365,candidate-measurement,0FE3B3,valid,1041331,0,True,
5,1,000026,1790195074.4415333,33804.3251246,54.43865540000115,candidate-measurement,0FE3B3,valid,1041331,0,True,
5,1,000026,1790195074.6335378,33804.5171281,54.630658900001436,candidate-measurement,0FE3B1,valid,1041329,-2,True,
5,1,000026,1790195074.841109,33804.7247002,54.83823100000154,candidate-measurement,0FE3AE,valid,1041326,-3,True,
5,1,000026,1790195075.0330892,33804.9166778,55.03020860000106,candidate-measurement,0FE3A8,valid,1041320,-6,True,
5,1,000026,1790195075.2250836,33805.1086729,55.222203700002865,candidate-measurement,0FE3A6,valid,1041318,-2,True,
5,1,000026,1790195075.416513,33805.3001,55.413630800001556,candidate-measurement,0FE3A3,valid,1041315,-3,True,
5,1,000026,1790195075.6241448,33805.5077339,55.6212646999993,candidate-measurement,0FE3A2,valid,1041314,-1,True,
5,1,000026,1790195075.816063,33805.6996516,55.8131824000011,candidate-measurement,0FE3A1,valid,1041313,-1,True,
5,1,000026,1790195076.0080562,33805.8916467,56.0051775000029,candidate-measurement,0FE3A1,valid,1041313,0,True,
5,1,000026,1790195076.2154691,33806.0990587,56.21258949999901,candidate-measurement,0FE3A1,valid,1041313,0,True,
5,1,000026,1790195076.4074557,33806.2910462,56.404577000001154,candidate-measurement,0FE3A1,valid,1041313,0,True,
5,1,000026,1790195076.5990386,33806.4826287,56.59615950000443,candidate-measurement,0FE39F,valid,1041311,-2,True,
5,1,000026,1790195076.8070297,33806.690619,56.80414980000205,candidate-measurement,0FE39E,valid,1041310,-1,True,
5,1,000026,1790195076.9990182,33806.8826088,56.99613959999988,candidate-measurement,0FE393,valid,1041299,-11,True,
5,1,000026,1790195077.1910257,33807.074614,57.188144799998554,candidate-measurement,0FE38E,valid,1041294,-5,True,
5,1,000026,1790195077.3824315,33807.266021,57.379551800004265,candidate-measurement,0FE38B,valid,1041291,-3,True,
5,1,000026,1790195077.590426,33807.4740145,57.58754530000442,candidate-measurement,0FE389,valid,1041289,-2,True,
5,1,000026,1790195077.782011,33807.6656014,57.77913219999755,candidate-measurement,0FE388,valid,1041288,-1,True,
5,1,000026,1790195077.973992,33807.8575835,57.97111430000223,candidate-measurement,0FE387,valid,1041287,-1,True,
5,1,000026,1790195078.1819859,33808.065575,58.17910580000171,candidate-measurement,0FE384,valid,1041284,-3,True,
5,1,000026,1790195078.3734186,33808.2570077,58.370538499999384,candidate-measurement,0FE383,valid,1041283,-1,True,
5,1,000026,1790195078.5653927,33808.4489826,58.56251340000017,candidate-measurement,0FE380,valid,1041280,-3,True,
5,1,000026,1790195078.7573826,33808.6409737,58.75450450000062,candidate-measurement,0FE37E,valid,1041278,-2,True,
5,1,000026,1790195078.9649856,33808.848572,58.96210280000378,candidate-measurement,0FE37D,valid,1041277,-1,True,
5,1,000026,1790195079.1569746,33809.0405613,59.1540920999978,candidate-measurement,0FE37C,valid,1041276,-1,True,
5,1,000026,1790195079.34895,33809.232538,59.34606879999774,candidate-measurement,0FE37C,valid,1041276,0,True,
5,1,000026,1790195079.5563636,33809.4399528,59.55348360000062,candidate-measurement,0FE37A,valid,1041274,-2,True,
5,1,000026,1790195079.74794,33809.631528,59.74505879999924,candidate-measurement,0FE37A,valid,1041274,0,True,
5,1,000026,1790195079.9399407,33809.823531,59.93706180000299,candidate-measurement,0FE37A,valid,1041274,0,True,
5,1,000026,1790195080.14792,33810.0315084,60.14503920000425,candidate-measurement,0FE379,valid,1041273,-1,True,
5,1,000026,1790195080.3399158,33810.2235065,60.33703729999979,candidate-measurement,0FE378,valid,1041272,-1,True,
5,1,000026,1790195080.53133,33810.4149185,60.52844929999992,candidate-measurement,0FE376,valid,1041270,-2,True,
5,1,000026,1790195080.72332,33810.6069086,60.72043940000003,candidate-measurement,0FE375,valid,1041269,-1,True,
5,1,000026,1790195080.9313326,33810.8149195,60.928450300001714,candidate-measurement,0FE374,valid,1041268,-1,True,
5,1,000026,1790195081.1233149,33811.0069036,61.120434399999795,candidate-measurement,0FE372,valid,1041266,-2,True,
5,1,000026,1790195081.3148859,33811.1984767,61.312007500004256,candidate-measurement,0FE372,valid,1041266,0,True,
5,1,000026,1790195081.5228956,33811.4064854,61.52001620000374,candidate-measurement,0FE372,valid,1041266,0,True,
5,1,000026,1790195081.714873,33811.5984612,61.7119920000041,candidate-measurement,0FE370,valid,1041264,-2,True,
5,1,000026,1790195081.906864,33811.7904551,61.903985900004045,candidate-measurement,0FE36E,valid,1041262,-2,True,
5,1,000026,1790195082.1142812,33811.9978699,62.11140069999965,candidate-measurement,0FE36C,valid,1041260,-2,True,
5,1,000026,1790195082.3062687,33812.1898591,62.303389900000184,candidate-measurement,0FE36A,valid,1041258,-2,True,
5,1,000026,1790195082.497844,33812.3814343,62.49496509999881,candidate-measurement,0FE368,valid,1041256,-2,True,
5,1,000026,1790195082.6898441,33812.5734325,62.68696330000239,candidate-measurement,0FE367,valid,1041255,-1,True,
5,1,000026,1790195082.8978639,33812.7814514,62.894982199999504,candidate-measurement,0FE366,valid,1041254,-1,True,
5,1,000026,1790195083.0898354,33812.9734234,63.08695420000004,candidate-measurement,0FE363,valid,1041251,-3,True,
5,1,000026,1790195083.2812464,33813.1648361,63.27836689999822,candidate-measurement,0FE361,valid,1041249,-2,True,
5,1,000026,1790195083.4892356,33813.3728243,63.486355100001674,candidate-measurement,0FE360,valid,1041248,-1,True,
5,1,000026,1790195083.6812277,33813.5648166,63.678347400003986,candidate-measurement,0FE360,valid,1041248,0,True,
5,1,000026,1790195083.8727968,33813.7563881,63.86991890000354,candidate-measurement,0FE360,valid,1041248,0,True,
5,1,000026,1790195084.0808003,33813.9643884,64.07791920000454,candidate-measurement,0FE35F,valid,1041247,-1,True,
5,1,000026,1790195084.2727919,33814.1563801,64.26991090000229,candidate-measurement,0FE35F,valid,1041247,0,True,
5,1,000026,1790195084.4642136,33814.3478025,64.46133330000157,candidate-measurement,0FE35E,valid,1041246,-1,True,
5,1,000026,1790195084.6562,33814.5397878,64.65331860000151,candidate-measurement,0FE35C,valid,1041244,-2,True,
5,1,000026,1790195084.8637698,33814.7473611,64.86089190000348,candidate-measurement,0FE35B,valid,1041243,-1,True,
5,1,000026,1790195085.0557659,33814.9393537,65.0528845000008,candidate-measurement,0FE35A,valid,1041242,-1,True,
5,1,000026,1790195085.2477555,33815.1313448,65.24487560000125,candidate-measurement,0FE35A,valid,1041242,0,True,
5,1,000026,1790195085.4551914,33815.3387803,65.45231110000168,candidate-measurement,0FE35A,valid,1041242,0,True,
5,1,000026,1790195085.6471663,33815.530755,65.64428580000094,candidate-measurement,0FE359,valid,1041241,-1,True,
5,1,000026,1790195085.83878,33815.7223695,65.8359003000005,candidate-measurement,0FE359,valid,1041241,0,True,
5,1,000026,1790195086.0467398,33815.930327,66.04385780000302,candidate-measurement,0FE359,valid,1041241,0,True,
5,1,000026,1790195086.2387269,33816.1223162,66.23584700000356,candidate-measurement,0FE359,valid,1041241,0,True,
5,1,000026,1790195086.430136,33816.3137268,66.4272576000003,candidate-measurement,0FE359,valid,1041241,0,True,
5,1,000026,1790195086.6221313,33816.5057225,66.6192532999994,candidate-measurement,0FE358,valid,1041240,-1,True,
5,1,000026,1790195086.829708,33816.7132971,66.82682790000399,candidate-measurement,0FE356,valid,1041238,-2,True,
5,1,000026,1790195087.0217113,33816.9052995,67.01883030000317,candidate-measurement,0FE34E,valid,1041230,-8,True,
5,1,000026,1790195087.2136981,33817.0972873,67.21081810000032,candidate-measurement,0FE34A,valid,1041226,-4,True,
5,1,000026,1790195087.421103,33817.3046934,67.41822420000244,candidate-measurement,0FE348,valid,1041224,-2,True,
5,1,000026,1790195087.6131048,33817.4966937,67.61022450000019,candidate-measurement,0FE347,valid,1041223,-1,True,
5,1,000026,1790195087.804677,33817.688267,67.8017977999989,candidate-measurement,0FE347,valid,1041223,0,True,
5,1,000026,1790195088.0126662,33817.8962571,68.00978790000227,candidate-measurement,0FE347,valid,1041223,0,True,
5,1,000026,1790195088.220099,33818.1036876,68.217218400001,candidate-measurement,0FE347,valid,1041223,0,True,
5,1,000026,1790195088.4120765,33818.2956674,68.40919820000272,candidate-measurement,0FE346,valid,1041222,-1,True,
5,1,000026,1790195088.6036432,33818.4872314,68.60076220000337,candidate-measurement,0FE342,valid,1041218,-4,True,
5,1,000026,1790195088.7956479,33818.6792357,68.79276650000247,candidate-measurement,0FE335,valid,1041205,-13,True,
5,1,000026,1790195088.9876316,33818.8712231,68.98475390000385,candidate-measurement,0FE330,valid,1041200,-5,True,
5,1,000026,1790195089.1796267,33819.0632153,69.17674609999813,candidate-measurement,0FE32E,valid,1041198,-2,True,
5,1,000026,1790195089.387044,33819.2706325,69.38416330000473,candidate-measurement,0FE32A,valid,1041194,-4,True,
5,1,000026,1790195089.5786152,33819.4622058,69.57573660000344,candidate-measurement,0FE324,valid,1041188,-6,True,
5,1,000026,1790195089.770613,33819.6542014,69.76773220000177,candidate-measurement,0FE321,valid,1041185,-3,True,
5,1,000026,1790195089.9786077,33819.8621959,69.97572670000227,candidate-measurement,0FE320,valid,1041184,-1,True,
5,1,000026,1790195090.170636,33820.0542219,70.16775269999926,candidate-measurement,0FE31E,valid,1041182,-2,True,
5,1,000026,1790195090.3620133,33820.2456019,70.3591327000031,candidate-measurement,0FE31D,valid,1041181,-1,True,
5,1,000026,1790195090.5540059,33820.4375952,70.55112599999848,candidate-measurement,0FE31C,valid,1041180,-1,True,
5,1,000026,1790195090.7615805,33820.6451684,70.75869919999968,candidate-measurement,0FE31A,valid,1041178,-2,True,
5,1,000026,1790195090.9535942,33820.8371815,70.9507123000003,candidate-measurement,0FE318,valid,1041176,-2,True,
5,1,000026,1790195091.1455698,33821.0291581,71.14268889999948,candidate-measurement,0FE318,valid,1041176,0,True,
5,1,000026,1790195091.353023,33821.2366098,71.35014059999958,candidate-measurement,0FE31E,valid,1041182,6,True,
5,1,000026,1790195091.5449705,33821.4285587,71.54208949999884,candidate-measurement,0FE314,valid,1041172,-10,True,
5,1,000026,1790195091.7365487,33821.6201391,71.73366990000068,candidate-measurement,0FE311,valid,1041169,-3,True,
5,1,000026,1790195091.9445555,33821.8281445,71.94167530000414,candidate-measurement,0FE30D,valid,1041165,-4,True,
5,1,000026,1790195092.1365442,33822.0201319,72.13366269999824,candidate-measurement,0FE30C,valid,1041164,-1,True,
5,1,000026,1790195092.3279493,33822.2115397,72.32507050000277,candidate-measurement,0FE30A,valid,1041162,-2,True,
5,1,000026,1790195092.5199423,33822.4035331,72.5170638999989,candidate-measurement,0FE307,valid,1041159,-3,True,
5,1,000026,1790195092.7275722,33822.6111611,72.72469190000265,candidate-measurement,0FE306,valid,1041158,-1,True,
5,1,000026,1790195092.9195006,33822.80309,72.91662080000242,candidate-measurement,0FE306,valid,1041158,0,True,
5,1,000026,1790195093.1115146,33822.9951026,73.10863339999923,candidate-measurement,0FE306,valid,1041158,0,True,
5,1,000026,1790195093.3195045,33823.2030923,73.31662309999956,candidate-measurement,0FE304,valid,1041156,-2,True,
5,1,000026,1790195093.5109053,33823.3944953,73.50802610000392,candidate-measurement,0FE304,valid,1041156,0,True,
5,1,000026,1790195093.7029033,33823.5864943,73.70002509999904,candidate-measurement,0FE304,valid,1041156,0,True,
5,1,000026,1790195093.9104714,33823.7940624,73.90759319999779,candidate-measurement,0FE304,valid,1041156,0,True,
5,1,000026,1790195094.1024773,33823.9860663,74.09959710000112,candidate-measurement,0FE302,valid,1041154,-2,True,
5,1,000026,1790195094.2944577,33824.1780486,74.29157940000005,candidate-measurement,0FE300,valid,1041152,-2,True,
5,1,000026,1790195094.485883,33824.3694713,74.48300210000161,candidate-measurement,0FE300,valid,1041152,0,True,
5,1,000026,1790195094.6938765,33824.5774662,74.69099699999788,candidate-measurement,0FE2FF,valid,1041151,-1,True,
5,1,000026,1790195094.8858817,33824.7694717,74.88300249999884,candidate-measurement,0FE2FF,valid,1041151,0,True,
5,1,000026,1790195095.077441,33824.9610297,75.07456050000474,candidate-measurement,0FE2FF,valid,1041151,0,True,
5,1,000026,1790195095.285437,33825.1690251,75.28255590000481,candidate-measurement,0FE2FF,valid,1041151,0,True,
5,1,000026,1790195095.4774313,33825.3610197,75.4745505000028,candidate-measurement,0FE2FF,valid,1041151,0,True,
5,1,000026,1790195095.6688597,33825.5524474,75.66597819999879,candidate-measurement,0FE2FE,valid,1041150,-1,True,
5,1,000026,1790195095.8768346,33825.7604235,75.8739543000047,candidate-measurement,0FE2F5,valid,1041141,-9,True,
5,1,000026,1790195096.0688353,33825.9524231,76.06595390000439,candidate-measurement,0FE2F2,valid,1041138,-3,True,
5,1,000026,1790195096.2608247,33826.1444137,76.25794450000103,candidate-measurement,0FE2EF,valid,1041135,-3,True,
5,1,000026,1790195096.4523983,33826.3359882,76.4495190000016,candidate-measurement,0FE2EE,valid,1041134,-1,True,
5,1,000026,1790195096.6603894,33826.5439803,76.65751109999837,candidate-measurement,0FE2ED,valid,1041133,-1,True,
5,1,000026,1790195096.8523867,33826.735975,76.84950580000441,candidate-measurement,0FE2ED,valid,1041133,0,True,
5,1,000026,1790195097.0438097,33826.9273971,77.0409279000014,candidate-measurement,0FE2ED,valid,1041133,0,True,
5,1,000026,1790195097.2517917,33827.1353798,77.24891059999936,candidate-measurement,0FE2ED,valid,1041133,0,True,
5,1,000026,1790195097.443784,33827.3273742,77.44090500000311,candidate-measurement,0FE2EB,valid,1041131,-2,True,
5,1,000026,1790195097.635356,33827.5189465,77.63247730000148,candidate-measurement,0FE2E9,valid,1041129,-2,True,
5,1,000026,1790195097.8433528,33827.7269414,77.84047219999775,candidate-measurement,0FE2DC,valid,1041116,-13,True,
5,1,000026,1790195098.035352,33827.9189405,78.0324713000009,candidate-measurement,0FE2D6,valid,1041110,-6,True,
5,1,000026,1790195098.2267644,33828.1103537,78.2238845000029,candidate-measurement,0FE2D3,valid,1041107,-3,True,
5,1,000026,1790195098.418748,33828.3023394,78.41587019999861,candidate-measurement,0FE2D0,valid,1041104,-3,True,
5,1,000026,1790195098.626327,33828.5099163,78.62344709999888,candidate-measurement,0FE2CA,valid,1041098,-6,True,
5,1,000026,1790195098.818318,33828.7019073,78.81543809999857,candidate-measurement,0FE2C7,valid,1041095,-3,True,
5,1,000026,1790195099.009732,33828.8933218,79.00685260000319,candidate-measurement,0FE2C6,valid,1041094,-1,True,
5,1,000026,1790195099.21773,33829.1013183,79.21484910000436,candidate-measurement,0FE2C4,valid,1041092,-2,True,
5,1,000026,1790195099.4093018,33829.2928909,79.40642169999774,candidate-measurement,0FE2C2,valid,1041090,-2,True,
5,1,000026,1790195099.6012967,33829.4848854,79.59841620000225,candidate-measurement,0FE2C1,valid,1041089,-1,True,
5,1,000026,1790195099.8092868,33829.6928762,79.80640700000367,candidate-measurement,0FE2BE,valid,1041086,-3,True,
5,1,000026,1790195100.0012777,33829.8848685,79.99839929999871,candidate-measurement,0FE2BC,valid,1041084,-2,True,
5,1,000026,1790195100.1927042,33830.076292,80.18982279999909,candidate-measurement,0FE2B8,valid,1041080,-4,True,
5,1,000026,1790195100.3846927,33830.2682808,80.38181160000386,candidate-measurement,0FE2B4,valid,1041076,-4,True,
5,1,000026,1790195100.592261,33830.4758518,80.58938260000286,candidate-measurement,0FE2B2,valid,1041074,-2,True,
5,1,000026,1790195100.7842722,33830.6678631,80.78139390000433,candidate-measurement,0FE2B0,valid,1041072,-2,True,
5,1,000026,1790195100.976262,33830.8598504,80.97338119999768,candidate-measurement,0FE2AE,valid,1041070,-2,True,
5,1,000026,1790195101.1836662,33831.0672543,81.18078509999759,candidate-measurement,0FE2AC,valid,1041068,-2,True,
5,1,000026,1790195101.3756607,33831.2592502,81.37278099999821,candidate-measurement,0FE2AC,valid,1041068,0,True,
5,1,000026,1790195101.5676458,33831.4512363,81.56476710000425,candidate-measurement,0FE2AC,valid,1041068,0,True,
5,1,000026,1790195101.7752357,33831.6588262,81.77235700000165,candidate-measurement,0FE2AA,valid,1041066,-2,True,
5,1,000026,1790195101.9672165,33831.8508045,81.96433529999922,candidate-measurement,0FE2AA,valid,1041066,0,True,
5,1,000026,1790195102.159214,33832.0428024,82.15633320000052,candidate-measurement,0FE2AA,valid,1041066,0,True,
5,1,000026,1790195102.3506296,33832.234218,82.34774879999895,candidate-measurement,0FE2A8,valid,1041064,-2,True,
5,1,000026,1790195102.5586457,33832.442234,82.55576480000309,candidate-measurement,0FE2A6,valid,1041062,-2,True,
5,1,000026,1790195102.7501929,33832.6337824,82.74731320000137,candidate-measurement,0FE2A6,valid,1041062,0,True,
5,1,000026,1790195102.9421875,33832.8257754,82.93930620000174,candidate-measurement,0FE2A5,valid,1041061,-1,True,
5,1,000026,1790195103.1501808,33833.0337692,83.14730000000418,candidate-measurement,0FE2A5,valid,1041061,0,True,
5,1,000026,1790195103.342171,33833.2257607,83.3392915000004,candidate-measurement,0FE2A5,valid,1041061,0,True,
5,1,000026,1790195103.5341816,33833.4177727,83.53130349999992,candidate-measurement,0FE2A5,valid,1041061,0,True,
5,1,000026,1790195103.7255785,33833.6091682,83.7226989999981,candidate-measurement,0FE2A5,valid,1041061,0,True,
5,1,000026,1790195103.933185,33833.8167726,83.93030340000405,candidate-measurement,0FE2A4,valid,1041060,-1,True,
5,1,000026,1790195104.1251552,33834.0087431,84.12227390000044,candidate-measurement,0FE2A0,valid,1041056,-4,True,
5,1,000026,1790195104.3171384,33834.200728,84.31425880000461,candidate-measurement,0FE298,valid,1041048,-8,True,
5,1,000026,1790195104.5245714,33834.4081606,84.52169140000478,candidate-measurement,0FE294,valid,1041044,-4,True,
5,1,000026,1790195104.7165554,33834.600143,84.71367380000447,candidate-measurement,0FE293,valid,1041043,-1,True,
5,1,000026,1790195104.9081194,33834.7917096,84.9052404000031,candidate-measurement,0FE293,valid,1041043,0,True,
5,1,000026,1790195105.1161263,33834.9997146,85.1132454000035,candidate-measurement,0FE293,valid,1041043,0,True,
5,1,000026,1790195105.3081117,33835.1917007,85.30523150000226,candidate-measurement,0FE291,valid,1041041,-2,True,
5,1,000026,1790195105.4995215,33835.3831107,85.49664150000172,candidate-measurement,0FE28F,valid,1041039,-2,True,
5,1,000026,1790195105.691517,33835.5751077,85.68863850000344,candidate-measurement,0FE282,valid,1041026,-13,True,
5,1,000026,1790195105.8991,33835.7826883,85.89621910000278,candidate-measurement,0FE27D,valid,1041021,-5,True,
5,1,000026,1790195106.0910935,33835.9746798,86.088210599999,candidate-measurement,0FE27A,valid,1041018,-3,True,
5,1,000026,1790195106.2830822,33836.1666708,86.28020159999869,candidate-measurement,0FE278,valid,1041016,-2,True,
5,1,000026,1790195106.4910913,33836.3746809,86.48821170000156,candidate-measurement,0FE273,valid,1041011,-5,True,
5,1,000026,1790195106.6824887,33836.5660767,86.67960750000202,candidate-measurement,0FE26F,valid,1041007,-4,True,
5,1,000026,1790195106.8744779,33836.758069,86.87159980000433,candidate-measurement,0FE26C,valid,1041004,-3,True,
5,1,000026,1790195107.0820642,33836.9656524,87.07918320000317,candidate-measurement,0FE26C,valid,1041004,0,True,
5,1,000026,1790195107.2740457,33837.1576341,87.2711649000048,candidate-measurement,0FE26A,valid,1041002,-2,True,
5,1,000026,1790195107.466042,33837.3496303,87.46316110000043,candidate-measurement,0FE268,valid,1041000,-2,True,
5,1,000026,1790195107.6580338,33837.5416249,87.65515569999843,candidate-measurement,0FE267,valid,1040999,-1,True,
5,1,000026,1790195107.865455,33837.749044,87.86257479999767,candidate-measurement,0FE264,valid,1040996,-3,True,
5,1,000026,1790195108.0574422,33837.9410313,88.0545620999983,candidate-measurement,0FE262,valid,1040994,-2,True,
5,1,000026,1790195108.2494392,33838.1330284,88.24655920000077,candidate-measurement,0FE25E,valid,1040990,-4,True,
5,1,000026,1790195108.4570277,33838.340615,88.45414580000215,candidate-measurement,0FE25A,valid,1040986,-4,True,
5,1,000026,1790195108.6490066,33838.532595,88.64612579999812,candidate-measurement,0FE258,valid,1040984,-2,True,
5,1,000026,1790195108.840992,33838.7245829,88.8381137000033,candidate-measurement,0FE256,valid,1040982,-2,True,
5,1,000026,1790195109.0484111,33838.9319976,89.04552839999815,candidate-measurement,0FE254,valid,1040980,-2,True,
5,1,000026,1790195109.2404044,33839.1239935,89.23752429999877,candidate-measurement,0FE253,valid,1040979,-1,True,
5,1,000026,1790195109.4323933,33839.3159843,89.42951510000421,candidate-measurement,0FE252,valid,1040978,-1,True,
5,1,000026,1790195109.6239746,33839.5075643,89.621095100003,candidate-measurement,0FE252,valid,1040978,0,True,
5,1,000026,1790195109.8319607,33839.7155511,89.82908190000308,candidate-measurement,0FE252,valid,1040978,0,True,
5,1,000026,1790195110.023955,33839.9075436,90.02107439999963,candidate-measurement,0FE252,valid,1040978,0,True,
5,1,000026,1790195110.215397,33840.0989671,90.21249790000002,candidate-measurement,0FE250,valid,1040976,-2,True,
5,1,000026,1790195110.4233644,33840.3069484,90.42047920000186,candidate-measurement,0FE250,valid,1040976,0,True,
5,1,000026,1790195110.6153917,33840.4989789,90.61250970000401,candidate-measurement,0FE250,valid,1040976,0,True,
5,1,000026,1790195110.806934,33840.6905222,90.80405299999984,candidate-measurement,0FE24F,valid,1040975,-1,True,
5,1,000026,1790195111.014924,33840.8985125,91.01204330000473,candidate-measurement,0FE24E,valid,1040974,-1,True,
5,1,000026,1790195111.2069266,33841.090514,91.20404480000434,candidate-measurement,0FE24C,valid,1040972,-2,True,
5,1,000026,1790195111.3989296,33841.2825175,91.39604830000462,candidate-measurement,0FE24C,valid,1040972,0,True,
5,1,000026,1790195111.6063583,33841.4899448,91.60347560000082,candidate-measurement,0FE24B,valid,1040971,-1,True,
5,1,000026,1790195111.7983227,33841.6819108,91.79544159999932,candidate-measurement,0FE24B,valid,1040971,0,True,
5,1,000026,1790195111.9899507,33841.8735379,91.98706870000024,candidate-measurement,0FE24B,valid,1040971,0,True,
5,1,000026,1790195112.181891,33842.0654794,92.17901020000136,candidate-measurement,0FE24B,valid,1040971,0,True,
5,1,000026,1790195112.3898876,33842.273476,92.38700680000329,candidate-measurement,0FE24B,valid,1040971,0,True,
5,1,000026,1790195112.5813026,33842.4648907,92.57842150000215,candidate-measurement,0FE249,valid,1040969,-2,True,
5,1,000026,1790195112.7732925,33842.6568807,92.7704115000015,candidate-measurement,0FE249,valid,1040969,0,True,
5,1,000026,1790195112.980874,33842.8644599,92.97799070000474,candidate-measurement,0FE240,valid,1040960,-9,True,
5,1,000026,1790195113.1728542,33843.0564425,93.16997329999867,candidate-measurement,0FE23C,valid,1040956,-4,True,
5,1,000026,1790195113.3648617,33843.24845,93.36198080000031,candidate-measurement,0FE23A,valid,1040954,-2,True,
5,1,000026,1790195113.55685,33843.4404382,93.5539690000005,candidate-measurement,0FE239,valid,1040953,-1,True,
5,1,000026,1790195113.7642725,33843.6478605,93.76139130000229,candidate-measurement,0FE239,valid,1040953,0,True,
5,1,000026,1790195113.9562545,33843.8398427,93.95337350000045,candidate-measurement,0FE239,valid,1040953,0,True,
5,1,000026,1790195114.1478274,33844.0314163,94.14494710000145,candidate-measurement,0FE238,valid,1040952,-1,True,
5,1,000026,1790195114.3558216,33844.2394082,94.35293900000397,candidate-measurement,0FE231,valid,1040945,-7,True,
5,1,000026,1790195114.5478253,33844.4314111,94.54494189999969,candidate-measurement,0FE226,valid,1040934,-11,True,
5,1,000026,1790195114.7392333,33844.6228212,94.7363519999999,candidate-measurement,0FE222,valid,1040930,-4,True,
5,1,000026,1790195114.947236,33844.8308225,94.94435330000124,candidate-measurement,0FE220,valid,1040928,-2,True,
5,1,000026,1790195115.1392212,33845.0228092,95.13634000000457,candidate-measurement,0FE21E,valid,1040926,-2,True,
5,1,000026,1790195115.330794,33845.2143815,95.32791230000294,candidate-measurement,0FE21C,valid,1040924,-2,True,
5,1,000026,1790195115.5227861,33845.406374,95.5199047999995,candidate-measurement,0FE218,valid,1040920,-4,True,
5,1,000026,1790195115.7307837,33845.6143719,95.72790270000405,candidate-measurement,0FE216,valid,1040918,-2,True,
5,1,000026,1790195115.9221928,33845.8057813,95.91931209999893,candidate-measurement,0FE214,valid,1040916,-2,True,
5,1,000026,1790195116.1141899,33845.9977761,96.11130689999845,candidate-measurement,0FE214,valid,1040916,0,True,
5,1,000026,1790195116.3217561,33846.2053445,96.31887529999949,candidate-measurement,0FE212,valid,1040914,-2,True,
5,1,000026,1790195116.5137553,33846.3973433,96.51087410000036,candidate-measurement,0FE212,valid,1040914,0,True,
5,1,000026,1790195116.7057507,33846.589339,96.70286979999946,candidate-measurement,0FE212,valid,1040914,0,True,
5,1,000026,1790195116.9131584,33846.7967464,96.9102772000042,candidate-measurement,0FE210,valid,1040912,-2,True,
5,1,000026,1790195117.1051548,33846.988743,97.10227380000288,candidate-measurement,0FE20E,valid,1040910,-2,True,
5,1,000026,1790195117.2967246,33847.1803123,97.29384310000023,candidate-measurement,0FE20E,valid,1040910,0,True,
5,1,000026,1790195117.4887214,33847.3723095,97.48584030000347,candidate-measurement,0FE20B,valid,1040907,-3,True,
5,1,000026,1790195117.6967137,33847.580302,97.69383280000329,candidate-measurement,0FE20A,valid,1040906,-1,True,
5,1,000026,1790195117.8881333,33847.7717214,97.88525220000156,candidate-measurement,0FE207,valid,1040903,-3,True,
5,1,000026,1790195118.0801277,33847.9637154,98.07724620000226,candidate-measurement,0FE204,valid,1040900,-3,True,
5,1,000026,1790195118.287701,33848.1712887,98.28481950000423,candidate-measurement,0FE203,valid,1040899,-1,True,
5,1,000026,1790195118.4796913,33848.3632805,98.47681130000274,candidate-measurement,0FE201,valid,1040897,-2,True,
5,1,000026,1790195118.671681,33848.555269,98.66879979999794,candidate-measurement,0FE1FF,valid,1040895,-2,True,
5,1,000026,1790195118.8636794,33848.7472676,98.86079840000457,candidate-measurement,0FE1FE,valid,1040894,-1,True,
5,1,000026,1790195119.0710957,33848.9546844,99.06821520000085,candidate-measurement,0FE1FC,valid,1040892,-2,True,
5,1,000026,1790195119.2626631,33849.1462512,99.259782000001,candidate-measurement,0FE1FB,valid,1040891,-1,True,
5,1,000026,1790195119.4546576,33849.3382472,99.45177800000238,candidate-measurement,0FE1FA,valid,1040890,-1,True,
5,1,000026,1790195119.6626592,33849.5462469,99.65977769999881,candidate-measurement,0FE1F8,valid,1040888,-2,True,
5,1,000026,1790195119.8546379,33849.7382272,99.85175800000434,candidate-measurement,0FE1F8,valid,1040888,0,True,
5,1,000026,1790195120.046077,33849.9296646,100.04319540000142,candidate-measurement,0FE1F8,valid,1040888,0,True,
5,1,000026,1790195120.2540538,33850.137642,100.25117280000268,candidate-measurement,0FE1F8,valid,1040888,0,True,
5,1,000026,1790195120.4456227,33850.329211,100.44274179999775,candidate-measurement,0FE1F6,valid,1040886,-2,True,
5,1,000026,1790195120.6376228,33850.5212108,100.63474159999896,candidate-measurement,0FE1F6,valid,1040886,0,True,
5,1,000026,1790195120.8296156,33850.7132043,100.82673510000313,candidate-measurement,0FE1F6,valid,1040886,0,True,
5,1,000026,1790195121.0376213,33850.9212076,101.03473839999788,candidate-measurement,0FE1F6,valid,1040886,0,True,
5,1,000026,1790195121.229024,33851.112612,101.22614279999834,candidate-measurement,0FE1F4,valid,1040884,-2,True,
5,1,000026,1790195121.4206588,33851.3042451,101.41777590000129,candidate-measurement,0FE1F2,valid,1040882,-2,True,
5,1,000026,1790195121.628656,33851.5122413,101.62577210000018,candidate-measurement,0FE1F2,valid,1040882,0,True,
5,1,000026,1790195121.8205953,33851.704183,101.81771380000282,candidate-measurement,0FE1F1,valid,1040881,-1,True,
5,1,000026,1790195122.0119908,33851.8955797,102.00911050000286,candidate-measurement,0FE1F1,valid,1040881,0,True,
5,1,000026,1790195122.2195642,33852.1031529,102.21668370000407,candidate-measurement,0FE1F1,valid,1040881,0,True,
5,1,000026,1790195122.4116516,33852.2952362,102.40876700000081,candidate-measurement,0FE1F1,valid,1040881,0,True,
5,1,000026,1790195122.603582,33852.4871696,102.60070039999846,candidate-measurement,0FE1F1,valid,1040881,0,True,
5,1,000026,1790195122.8110065,33852.694593,102.80812380000134,candidate-measurement,0FE1EF,valid,1040879,-2,True,
5,1,000026,1790195123.002982,33852.8865694,103.000100199999,candidate-measurement,0FE1EC,valid,1040876,-3,True,
5,1,000026,1790195123.1945388,33853.0781274,103.19165819999762,candidate-measurement,0FE1E6,valid,1040870,-6,True,
5,1,000026,1790195123.3865309,33853.2701186,103.38364939999883,candidate-measurement,0FE1E3,valid,1040867,-3,True,
5,1,000026,1790195123.59452,33853.4781084,103.59163919999992,candidate-measurement,0FE1E1,valid,1040865,-2,True,
5,1,000026,1790195123.785945,33853.6695328,103.78306359999988,candidate-measurement,0FE1E0,valid,1040864,-1,True,
5,1,000026,1790195123.9779348,33853.8615237,103.9750544999988,candidate-measurement,0FE1DF,valid,1040863,-1,True,
5,1,000026,1790195124.1855106,33854.0690983,104.1826291000034,candidate-measurement,0FE1DF,valid,1040863,0,True,
5,1,000026,1790195124.3774993,33854.2610882,104.37461900000199,candidate-measurement,0FE1DF,valid,1040863,0,True,
5,1,000026,1790195124.5694911,33854.4530741,104.56660489999922,candidate-measurement,0FE1DF,valid,1040863,0,True,
5,1,000026,1790195124.7768981,33854.6604864,104.77401719999762,candidate-measurement,0FE1DF,valid,1040863,0,True,
5,1,000026,1790195124.9688978,33854.8524857,104.9660165000023,candidate-measurement,0FE1DE,valid,1040862,-1,True,
5,1,000026,1790195125.1604762,33855.044064,105.1575948000027,candidate-measurement,0FE1DA,valid,1040858,-4,True,
5,1,000026,1790195125.3524632,33855.2360519,105.34958270000061,candidate-measurement,0FE1D0,valid,1040848,-10,True,
5,1,000026,1790195125.5604608,33855.4440489,105.55757969999831,candidate-measurement,0FE1CB,valid,1040843,-5,True,
5,1,000026,1790195125.7518713,33855.6354595,105.74899030000233,candidate-measurement,0FE1C7,valid,1040839,-4,True,
5,1,000026,1790195125.9438627,33855.8274527,105.94098350000422,candidate-measurement,0FE1C5,valid,1040837,-2,True,
5,1,000026,1790195126.1518593,33856.0354476,106.14897840000049,candidate-measurement,0FE1C2,valid,1040834,-3,True,
5,1,000026,1790195126.3438826,33856.22747,106.34100079999916,candidate-measurement,0FE1C0,valid,1040832,-2,True,
5,1,000026,1790195126.5354335,33856.4190217,106.53255250000075,candidate-measurement,0FE1BB,valid,1040827,-5,True,
5,1,000026,1790195126.7274258,33856.6110146,106.72454540000035,candidate-measurement,0FE1BA,valid,1040826,-1,True,
5,1,000026,1790195126.934836,33856.8184249,106.93195569999807,candidate-measurement,0FE1B8,valid,1040824,-2,True,
5,1,000026,1790195127.1268318,33857.0104196,107.1239504000041,candidate-measurement,0FE1B8,valid,1040824,0,True,
5,1,000026,1790195127.318826,33857.2024139,107.31594469999982,candidate-measurement,0FE1B7,valid,1040823,-1,True,
5,1,000026,1790195127.5268185,33857.4104072,107.52393799999845,candidate-measurement,0FE1B6,valid,1040822,-1,True,
5,1,000026,1790195127.7183907,33857.6019796,107.71551039999758,candidate-measurement,0FE1B4,valid,1040820,-2,True,
5,1,000026,1790195127.9103808,33857.7939696,107.90750040000421,candidate-measurement,0FE1B4,valid,1040820,0,True,
5,1,000026,1790195128.1183813,33858.0019694,108.1155002000014,candidate-measurement,0FE1B2,valid,1040818,-2,True,
5,1,000026,1790195128.3097935,33858.1933814,108.30691220000153,candidate-measurement,0FE1B0,valid,1040816,-2,True,
5,1,000026,1790195128.5017865,33858.3853744,108.4989052000019,candidate-measurement,0FE1B0,valid,1040816,0,True,
5,1,000026,1790195128.693363,33858.5769514,108.69048219999968,candidate-measurement,0FE1B0,valid,1040816,0,True,
5,1,000026,1790195128.901348,33858.7849361,108.89846689999831,candidate-measurement,0FE1AE,valid,1040814,-2,True,
5,1,000026,1790195129.0934086,33858.9769921,109.09052289999818,candidate-measurement,0FE1AC,valid,1040812,-2,True,
5,1,000026,1790195129.2847662,33859.1683545,109.28188529999898,candidate-measurement,0FE1AA,valid,1040810,-2,True,
5,1,000026,1790195129.4928477,33859.3764338,109.48996459999762,candidate-measurement,0FE1A8,valid,1040808,-2,True,
5,1,000026,1790195129.684351,33859.5679387,109.68146949999937,candidate-measurement,0FE1A6,valid,1040806,-2,True,
5,1,000026,1790195129.8763158,33859.7599045,109.87343530000362,candidate-measurement,0FE1A4,valid,1040804,-2,True,
5,1,000026,1790195130.0843344,33859.9679213,110.0814520999993,candidate-measurement,0FE1A2,valid,1040802,-2,True,
5,1,000026,1790195130.276302,33860.1598906,110.2734214000011,candidate-measurement,0FE1A0,valid,1040800,-2,True,
5,1,000026,1790195130.4677258,33860.3513142,110.46484500000224,candidate-measurement,0FE19E,valid,1040798,-2,True,
5,1,000026,1790195130.659735,33860.5433235,110.65685430000303,candidate-measurement,0FE19E,valid,1040798,0,True,
5,1,000026,1790195130.8672924,33860.7508807,110.86441149999882,candidate-measurement,0FE19E,valid,1040798,0,True,
5,1,000026,1790195131.059298,33860.942886,111.05641679999826,candidate-measurement,0FE19E,valid,1040798,0,True,
5,1,000026,1790195131.251277,33861.1348651,111.24839590000192,candidate-measurement,0FE19C,valid,1040796,-2,True,
5,1,000026,1790195131.4586942,33861.342282,111.45581279999897,candidate-measurement,0FE19C,valid,1040796,0,True,
5,1,000026,1790195131.6506839,33861.5342725,111.64780330000212,candidate-measurement,0FE19C,valid,1040796,0,True,
5,1,000026,1790195131.842686,33861.7262742,111.83980500000325,candidate-measurement,0FE19A,valid,1040794,-2,True,
5,1,000026,1790195132.0502489,33861.9338367,112.04736750000302,candidate-measurement,0FE198,valid,1040792,-2,True,
5,1,000026,1790195132.242256,33862.1258425,112.23937329999899,candidate-measurement,0FE198,valid,1040792,0,True,
5,1,000026,1790195132.4342418,33862.3178304,112.43136120000418,candidate-measurement,0FE198,valid,1040792,0,True,
5,1,000026,1790195132.6256535,33862.5092418,112.62277259999973,candidate-measurement,0FE197,valid,1040791,-1,True,
5,1,000026,1790195132.8336513,33862.7172392,112.83077000000048,candidate-measurement,0FE197,valid,1040791,0,True,
5,1,000026,1790195133.0256577,33862.9092439,113.02277470000263,candidate-measurement,0FE197,valid,1040791,0,True,
5,1,000026,1790195133.2172136,33863.1008002,113.21433100000286,candidate-measurement,0FE197,valid,1040791,0,True,
5,1,000026,1790195133.4252045,33863.3087921,113.42232289999811,candidate-measurement,0FE197,valid,1040791,0,True,
5,1,000026,1790195133.6172073,33863.5007955,113.61432629999763,candidate-measurement,0FE195,valid,1040789,-2,True,
5,1,000026,1790195133.8092015,33863.6927899,113.80632070000138,candidate-measurement,0FE195,valid,1040789,0,True,
5,1,000026,1790195134.016606,33863.9001944,114.01372519999859,candidate-measurement,0FE18C,valid,1040780,-9,True,
5,1,000026,1790195134.2086012,33864.0921892,114.20571999999811,candidate-measurement,0FE188,valid,1040776,-4,True,
5,1,000026,1790195134.4005992,33864.2841872,114.39771800000017,candidate-measurement,0FE184,valid,1040772,-4,True,
5,1,000026,1790195134.5921714,33864.4757598,114.58929060000082,candidate-measurement,0FE184,valid,1040772,0,True,
5,1,000026,1790195134.8001628,33864.683751,114.79728179999802,candidate-measurement,0FE184,valid,1040772,0,True,
5,1,000026,1790195134.9921541,33864.8757426,114.98927340000228,candidate-measurement,0FE184,valid,1040772,0,True,
5,1,000026,1790195135.1841474,33865.0677355,115.18126630000188,candidate-measurement,0FE174,valid,1040756,-16,True,
5,1,000026,1790195135.3915634,33865.2751515,115.38868229999935,candidate-measurement,0FE16C,valid,1040748,-8,True,
5,1,000026,1790195135.5835633,33865.4671507,115.58068150000327,candidate-measurement,0FE167,valid,1040743,-5,True,
5,1,000026,1790195135.7751298,33865.6587181,115.7722489000007,candidate-measurement,0FE15F,valid,1040735,-8,True,
5,1,000026,1790195135.983131,33865.8667193,115.98025010000129,candidate-measurement,0FE15B,valid,1040731,-4,True,
5,1,000026,1790195136.1905506,33866.074138,116.18766880000476,candidate-measurement,0FE158,valid,1040728,-3,True,
5,1,000026,1790195136.382574,33866.2661611,116.37969190000149,candidate-measurement,0FE154,valid,1040724,-4,True,
5,1,000026,1790195136.5741043,33866.4576926,116.57122340000205,candidate-measurement,0FE14F,valid,1040719,-5,True,
5,1,000026,1790195136.7660983,33866.6496866,116.76321740000276,candidate-measurement,0FE149,valid,1040713,-6,True,
5,1,000026,1790195136.9580958,33866.8416836,116.95521440000448,candidate-measurement,0FE146,valid,1040710,-3,True,
5,1,000026,1790195137.1495087,33867.0330965,117.14662730000418,candidate-measurement,0FE144,valid,1040708,-2,True,
5,1,000026,1790195137.357504,33867.2410918,117.3546226000035,candidate-measurement,0FE144,valid,1040708,0,True,
5,1,000026,1790195137.5495186,33867.4331056,117.54663640000217,candidate-measurement,0FE143,valid,1040707,-1,True,
5,1,000026,1790195137.741772,33867.6253577,117.73888850000367,candidate-measurement,0FE143,valid,1040707,0,True,
5,1,000026,1790195137.9490585,33867.8326467,117.9461775000018,candidate-measurement,0FE142,valid,1040706,-1,True,
5,1,000026,1790195138.1410716,33868.0246598,118.13819060000242,candidate-measurement,0FE140,valid,1040704,-2,True,
5,1,000026,1790195138.3324826,33868.2160685,118.32959929999924,candidate-measurement,0FE13F,valid,1040703,-1,True,
5,1,000026,1790195138.5244741,33868.4080615,118.52159229999961,candidate-measurement,0FE13E,valid,1040702,-1,True,
5,1,000026,1790195138.7320366,33868.6156245,118.72915530000319,candidate-measurement,0FE13E,valid,1040702,0,True,
5,1,000026,1790195138.9240603,33868.8076485,118.9211792999995,candidate-measurement,0FE13E,valid,1040702,0,True,
5,1,000026,1790195139.116041,33868.9996264,119.1131572000013,candidate-measurement,0FE13D,valid,1040701,-1,True,
5,1,000026,1790195139.323444,33869.2070323,119.32056310000189,candidate-measurement,0FE13D,valid,1040701,0,True,
5,1,000026,1790195139.515431,33869.3990191,119.5125498999987,candidate-measurement,0FE13D,valid,1040701,0,True,
5,1,000026,1790195139.7074332,33869.591021,119.70455180000135,candidate-measurement,0FE13D,valid,1040701,0,True,
5,1,000026,1790195139.9149983,33869.7985866,119.9121174000029,candidate-measurement,0FE13D,valid,1040701,0,True,
5,1,000026,1790195140.106991,33869.9905794,120.10411020000174,candidate-measurement,0FE13C,valid,1040700,-1,True,
5,1,000026,1790195140.298413,33870.1820004,120.29553119999764,candidate-measurement,0FE134,valid,1040692,-8,True,
5,1,000026,1790195140.4904075,33870.3739954,120.48752619999868,candidate-measurement,0FE131,valid,1040689,-3,True,
5,1,000026,1790195140.697976,33870.5815643,120.69509510000353,candidate-measurement,0FE12E,valid,1040686,-3,True,
5,1,000026,1790195140.8899817,33870.7735695,120.8871003000022,candidate-measurement,0FE12C,valid,1040684,-2,True,
5,1,000026,1790195141.0819676,33870.9655542,121.07908499999758,candidate-measurement,0FE12C,valid,1040684,0,True,
5,1,000026,1790195141.2893796,33871.1729675,121.28649830000359,candidate-measurement,0FE12B,valid,1040683,-1,True,
5,1,000026,1790195141.481372,33871.3649604,121.47849120000319,candidate-measurement,0FE12B,valid,1040683,0,True,
5,1,000026,1790195141.6729631,33871.5565504,121.6700811999981,candidate-measurement,0FE12B,valid,1040683,0,True,
5,1,000026,1790195141.8810055,33871.7645909,121.87812169999961,candidate-measurement,0FE12B,valid,1040683,0,True,
5,1,000026,1790195142.072961,33871.9565459,122.07007670000166,candidate-measurement,0FE12B,valid,1040683,0,True,
5,1,000026,1790195142.264342,33872.1479299,122.26146069999959,candidate-measurement,0FE128,valid,1040680,-3,True,
5,1,000026,1790195142.4563413,33872.339929,122.45345980000275,candidate-measurement,0FE11A,valid,1040666,-14,True,
5,1,000026,1790195142.6654913,33872.5490772,122.66260799999873,candidate-measurement,0FE115,valid,1040661,-5,True,
5,1,000026,1790195142.871907,33872.7554952,122.8690260000003,candidate-measurement,0FE112,valid,1040658,-3,True,
5,1,000026,1790195143.0639105,33872.9474967,123.06102749999991,candidate-measurement,0FE10E,valid,1040654,-4,True,
5,1,000026,1790195143.255916,33873.1395036,123.25303440000425,candidate-measurement,0FE10B,valid,1040651,-3,True,
5,1,000026,1790195143.4473066,33873.3308949,123.44442569999956,candidate-measurement,0FE106,valid,1040646,-5,True,
5,1,000026,1790195143.6388822,33873.52247,123.6360008000047,candidate-measurement,0FE104,valid,1040644,-2,True,
5,1,000026,1790195143.8468928,33873.7304802,123.84401100000105,candidate-measurement,0FE103,valid,1040643,-1,True,
5,1,000026,1790195144.054306,33873.9378937,124.0514245000013,candidate-measurement,0FE100,valid,1040640,-3,True,
5,1,000026,1790195144.2462964,33874.1298834,124.24341419999837,candidate-measurement,0FE0FF,valid,1040639,-1,True,
5,1,000026,1790195144.4378521,33874.3214404,124.43497120000393,candidate-measurement,0FE0FC,valid,1040636,-3,True,
5,1,000026,1790195144.6298444,33874.5134327,124.62696349999896,candidate-measurement,0FE0FA,valid,1040634,-2,True,
5,1,000026,1790195144.8218496,33874.7054376,124.81896840000263,candidate-measurement,0FE0F6,valid,1040630,-4,True,
5,1,000026,1790195145.0132692,33874.8968571,125.01038790000166,candidate-measurement,0FE0F1,valid,1040625,-5,True,
5,1,000026,1790195145.221247,33875.1048356,125.21836640000402,candidate-measurement,0FE0EE,valid,1040622,-3,True,
5,1,000026,1790195145.413255,33875.2968428,125.41037360000337,candidate-measurement,0FE0EC,valid,1040620,-2,True,
5,1,000026,1790195145.6048133,33875.4884018,125.60193260000233,candidate-measurement,0FE0EA,valid,1040618,-2,True,
5,1,000026,1790195145.812804,33875.6963925,125.80992330000299,candidate-measurement,0FE0EA,valid,1040618,0,True,
5,1,000026,1790195146.004802,33875.8883905,126.00192129999778,candidate-measurement,0FE0EA,valid,1040618,0,True,
5,1,000026,1790195146.1962156,33876.0798036,126.193334399999,candidate-measurement,0FE0E8,valid,1040616,-2,True,
5,1,000026,1790195146.3882093,33876.2717976,126.38532839999971,candidate-measurement,0FE0E8,valid,1040616,0,True,
5,1,000026,1790195146.5957842,33876.4793726,126.59290340000007,candidate-measurement,0FE0E8,valid,1040616,0,True,
5,1,000026,1790195146.7877698,33876.6713594,126.78489020000416,candidate-measurement,0FE0E6,valid,1040614,-2,True,
5,1,000026,1790195146.9797661,33876.8633547,126.97688550000021,candidate-measurement,0FE0E4,valid,1040612,-2,True,
5,1,000026,1790195147.1871808,33877.0707692,127.1843000000008,candidate-measurement,0FE0E4,valid,1040612,0,True,
5,1,000026,1790195147.3791757,33877.2627641,127.37629490000108,candidate-measurement,0FE0E3,valid,1040611,-1,True,
5,1,000026,1790195147.5711708,33877.4547592,127.56829000000289,candidate-measurement,0FE0E3,valid,1040611,0,True,
5,1,000026,1790195147.778738,33877.6623262,127.77585700000054,candidate-measurement,0FE0E3,valid,1040611,0,True,
5,1,000026,1790195147.9867356,33877.8703242,127.98385499999858,candidate-measurement,0FE0E3,valid,1040611,0,True,
5,1,000026,1790195148.1787515,33878.0623388,128.17586960000335,candidate-measurement,0FE0E3,valid,1040611,0,True,
5,1,000026,1790195148.3701468,33878.2537348,128.36726559999806,candidate-measurement,0FE0E1,valid,1040609,-2,True,
5,1,000026,1790195148.5621386,33878.4457269,128.55925769999885,candidate-measurement,0FE0DA,valid,1040602,-7,True,
5,1,000026,1790195148.754126,33878.6377145,128.75124530000176,candidate-measurement,0FE0D6,valid,1040598,-4,True,
5,1,000026,1790195148.9457088,33878.829297,128.94282779999776,candidate-measurement,0FE0D4,valid,1040596,-2,True,
5,1,000026,1790195149.153706,33879.0372938,129.15082460000122,candidate-measurement,0FE0D2,valid,1040594,-2,True,
5,1,000026,1790195149.345697,33879.2292849,129.34281570000167,candidate-measurement,0FE0D1,valid,1040593,-1,True,
5,1,000026,1790195149.537109,33879.4206971,129.53422790000332,candidate-measurement,0FE0D1,valid,1040593,0,True,
5,1,000026,1790195149.7451007,33879.6286891,129.74221989999933,candidate-measurement,0FE0D1,valid,1040593,0,True,
5,1,000026,1790195149.9370956,33879.8206837,129.9342145000046,candidate-measurement,0FE0D1,valid,1040593,0,True,
5,1,000026,1790195150.1286747,33880.0122624,130.12579320000077,candidate-measurement,0FE0D1,valid,1040593,0,True,
5,1,000026,1790195150.320662,33880.2042503,130.31778109999868,candidate-measurement,0FE0D0,valid,1040592,-1,True,
5,1,000026,1790195150.528079,33880.4116672,130.525198000003,candidate-measurement,0FE0CD,valid,1040589,-3,True,
5,1,000026,1790195150.72009,33880.6036778,130.71720859999914,candidate-measurement,0FE0BF,valid,1040575,-14,True,
5,1,000026,1790195150.911638,33880.7952273,130.90875809999852,candidate-measurement,0FE0BB,valid,1040571,-4,True,
5,1,000026,1790195151.1196365,33881.0032247,131.11675549999927,candidate-measurement,0FE0B8,valid,1040568,-3,True,
5,1,000026,1790195151.3116484,33881.1952361,131.3087669000015,candidate-measurement,0FE0B5,valid,1040565,-3,True,
5,1,000026,1790195151.5030537,33881.3866399,131.50017070000467,candidate-measurement,0FE0B2,valid,1040562,-3,True,
5,1,000026,1790195151.7110417,33881.5946302,131.7081610000023,candidate-measurement,0FE0AE,valid,1040558,-4,True,
5,1,000026,1790195151.9186475,33881.8022367,131.9157675000024,candidate-measurement,0FE0AC,valid,1040556,-2,True,
5,1,000026,1790195152.1106055,33881.9941938,132.10772459999862,candidate-measurement,0FE0AA,valid,1040554,-2,True,
5,1,000026,1790195152.3025951,33882.1861839,132.29971469999873,candidate-measurement,0FE0AA,valid,1040554,0,True,
5,1,000026,1790195152.4945867,33882.3781739,132.49170469999808,candidate-measurement,0FE0A9,valid,1040553,-1,True,
5,1,000026,1790195152.6860023,33882.5695922,132.68312300000252,candidate-measurement,0FE0A7,valid,1040551,-2,True,
5,1,000026,1790195152.8779979,33882.7615866,132.875117399999,candidate-measurement,0FE0A6,valid,1040550,-1,True,
5,1,000026,1790195153.0856543,33882.9692394,133.08277020000241,candidate-measurement,0FE0A5,valid,1040549,-1,True,
5,1,000026,1790195153.2775695,33883.1611575,133.27468829999998,candidate-measurement,0FE0A3,valid,1040547,-2,True,
5,1,000026,1790195153.469557,33883.3531455,133.46667629999865,candidate-measurement,0FE0A2,valid,1040546,-1,True,
5,1,000026,1790195153.6770036,33883.560593,133.67412380000314,candidate-measurement,0FE0A0,valid,1040544,-2,True,
5,1,000026,1790195153.8689644,33883.7525534,133.86608420000266,candidate-measurement,0FE09D,valid,1040541,-3,True,
5,1,000026,1790195154.0605545,33883.9441411,134.05767190000188,candidate-measurement,0FE09B,valid,1040539,-2,True,
5,1,000026,1790195154.2525518,33884.1361399,134.24967070000275,candidate-measurement,0FE098,valid,1040536,-3,True,
5,1,000026,1790195154.4599547,33884.3435442,134.45707499999844,candidate-measurement,0FE097,valid,1040535,-1,True,
5,1,000026,1790195154.65194,33884.5355297,134.6490604999999,candidate-measurement,0FE096,valid,1040534,-1,True,
5,1,000026,1790195154.843933,33884.7275233,134.84105409999756,candidate-measurement,0FE094,valid,1040532,-2,True,
5,1,000026,1790195155.0515063,33884.9350946,135.04862539999885,candidate-measurement,0FE092,valid,1040530,-2,True,
5,1,000026,1790195155.243503,33885.1270911,135.24062190000404,candidate-measurement,0FE090,valid,1040528,-2,True,
5,1,000026,1790195155.4354975,33885.3190867,135.43261750000238,candidate-measurement,0FE090,valid,1040528,0,True,
5,1,000026,1790195155.6429002,33885.5264889,135.6400197000039,candidate-measurement,0FE090,valid,1040528,0,True,
5,1,000026,1790195155.8349013,33885.7184918,135.83202259999962,candidate-measurement,0FE08F,valid,1040527,-1,True,
5,1,000026,1790195156.0268948,33885.9104843,136.02401510000345,candidate-measurement,0FE08E,valid,1040526,-1,True,
5,1,000026,1790195156.218478,33886.1020661,136.2155969000014,candidate-measurement,0FE08E,valid,1040526,0,True,
5,1,000026,1790195156.426463,33886.3100513,136.42358210000384,candidate-measurement,0FE08D,valid,1040525,-1,True,
5,1,000026,1790195156.6184585,33886.5020465,136.61557729999913,candidate-measurement,0FE08B,valid,1040523,-2,True,
5,1,000026,1790195156.810484,33886.6940722,136.8076030000011,candidate-measurement,0FE08A,valid,1040522,-1,True,
5,1,000026,1790195157.0178633,33886.9014526,137.01498340000398,candidate-measurement,0FE08A,valid,1040522,0,True,
5,1,000026,1790195157.2098613,33887.0934493,137.20698010000342,candidate-measurement,0FE089,valid,1040521,-1,True,
5,1,000026,1790195157.4018486,33887.2854382,137.39896900000167,candidate-measurement,0FE089,valid,1040521,0,True,
5,1,000026,1790195157.5938408,33887.4774295,137.59096030000364,candidate-measurement,0FE089,valid,1040521,0,True,
5,1,000026,1790195157.8014202,33887.6850097,137.79854049999994,candidate-measurement,0FE089,valid,1040521,0,True,
5,1,000026,1790195157.993406,33887.8769968,137.99052759999904,candidate-measurement,0FE089,valid,1040521,0,True,
5,1,000026,1790195158.1854072,33888.0689956,138.18252639999992,candidate-measurement,0FE088,valid,1040520,-1,True,
5,1,000026,1790195158.392822,33888.2764106,138.38994140000432,candidate-measurement,0FE07F,valid,1040511,-9,True,
5,1,000026,1790195158.5848203,33888.4684084,138.58193919999758,candidate-measurement,0FE07C,valid,1040508,-3,True,
5,1,000026,1790195158.7763894,33888.6599777,138.7735085000022,candidate-measurement,0FE079,valid,1040505,-3,True,
5,1,000026,1790195158.9844308,33888.8680159,138.98154670000076,candidate-measurement,0FE078,valid,1040504,-1,True,
5,1,000026,1790195159.192377,33889.0759649,139.18949570000404,candidate-measurement,0FE077,valid,1040503,-1,True,
5,1,000026,1790195159.3837776,33889.2673672,139.38089800000307,candidate-measurement,0FE077,valid,1040503,0,True,
5,1,000026,1790195159.5757885,33889.4593766,139.57290740000462,candidate-measurement,0FE077,valid,1040503,0,True,
5,1,000026,1790195159.7673504,33889.650939,139.76446980000037,candidate-measurement,0FE077,valid,1040503,0,True,
5,1,000026,1790195159.9593456,33889.8429345,139.95646529999794,candidate-measurement,0FE076,valid,1040502,-1,True,
5,1,000026,1790195160.1513412,33890.0349295,140.148460299999,candidate-measurement,0FE06F,valid,1040495,-7,True,
5,1,000026,1790195160.3587954,33890.2423544,140.35588519999874,candidate-measurement,0FE064,valid,1040484,-11,True,
5,1,000026,1790195160.5507476,33890.4343368,140.54786759999843,candidate-measurement,0FE061,valid,1040481,-3,True,
5,1,000026,1790195160.7427464,33890.6263348,140.73986560000048,candidate-measurement,0FE05E,valid,1040478,-3,True,
5,1,000026,1790195160.9503334,33890.833921,140.94745179999882,candidate-measurement,0FE05C,valid,1040476,-2,True,
5,1,000026,1790195161.1423185,33891.025907,141.1394378000041,candidate-measurement,0FE05A,valid,1040474,-2,True,
5,1,000026,1790195161.3343046,33891.2178928,141.33142360000056,candidate-measurement,0FE058,valid,1040472,-2,True,
5,1,000026,1790195161.5257113,33891.409301,141.52283180000086,candidate-measurement,0FE056,valid,1040470,-2,True,
5,1,000026,1790195161.7332973,33891.6168852,141.7304159999985,candidate-measurement,0FE054,valid,1040468,-2,True,
5,1,000026,1790195161.9252856,33891.8088739,141.92240470000252,candidate-measurement,0FE053,valid,1040467,-1,True,
5,1,000026,1790195162.1172845,33892.0008729,142.11440369999764,candidate-measurement,0FE052,valid,1040466,-1,True,
5,1,000026,1790195162.3252954,33892.2088844,142.3224152000039,candidate-measurement,0FE052,valid,1040466,0,True,
5,1,000026,1790195162.5166936,33892.4002811,142.51381190000393,candidate-measurement,0FE050,valid,1040464,-2,True,
5,1,000026,1790195162.7086911,33892.5922787,142.70580950000294,candidate-measurement,0FE050,valid,1040464,0,True,
5,1,000026,1790195162.916253,33892.7998419,142.91337270000076,candidate-measurement,0FE050,valid,1040464,0,True,
5,1,000026,1790195163.1082711,33892.9918573,143.10538810000435,candidate-measurement,0FE04F,valid,1040463,-1,True,
5,1,000026,1790195163.3002388,33893.1838275,143.29735829999845,candidate-measurement,0FE04E,valid,1040462,-1,True,
5,1,000026,1790195163.507662,33893.3912506,143.50478139999905,candidate-measurement,0FE04C,valid,1040460,-2,True,
5,1,000026,1790195163.699643,33893.583233,143.69676379999873,candidate-measurement,0FE04C,valid,1040460,0,True,
5,1,000026,1790195163.8912258,33893.7748146,143.88834540000244,candidate-measurement,0FE04A,valid,1040458,-2,True,
5,1,000026,1790195164.083242,33893.9668288,144.08035960000416,candidate-measurement,0FE048,valid,1040456,-2,True,
5,1,000026,1790195164.2906315,33894.1742194,144.28775020000467,candidate-measurement,0FE048,valid,1040456,0,True,
5,1,000026,1790195164.482622,33894.3662113,144.47974210000393,candidate-measurement,0FE047,valid,1040455,-1,True,
5,1,000026,1790195164.6746223,33894.5582113,144.6717420999994,candidate-measurement,0FE046,valid,1040454,-1,True,
5,1,000026,1790195164.8821852,33894.7657762,144.87930700000288,candidate-measurement,0FE043,valid,1040451,-3,True,
5,1,000026,1790195165.074197,33894.9577836,145.07131440000376,candidate-measurement,0FE042,valid,1040450,-1,True,
5,1,000026,1790195165.2661836,33895.1497724,145.26330320000125,candidate-measurement,0FE040,valid,1040448,-2,True,
5,1,000026,1790195165.4575932,33895.3411823,145.45471309999994,candidate-measurement,0FE03D,valid,1040445,-3,True,
5,1,000026,1790195165.6656067,33895.5491966,145.6627273999984,candidate-measurement,0FE03C,valid,1040444,-1,True,
5,1,000026,1790195165.8575795,33895.7411682,145.85469900000317,candidate-measurement,0FE03B,valid,1040443,-1,True,
5,1,000026,1790195166.0491526,33895.9327428,146.0462736000045,candidate-measurement,0FE03A,valid,1040442,-1,True,
5,1,000026,1790195166.2571523,33896.1407407,146.25427150000178,candidate-measurement,0FE038,valid,1040440,-2,True,
5,1,000026,1790195166.4491403,33896.3327282,146.44625900000392,candidate-measurement,0FE037,valid,1040439,-1,True,
5,1,000026,1790195166.6405609,33896.5241505,146.63768130000244,candidate-measurement,0FE036,valid,1040438,-1,True,
5,1,000026,1790195166.8485675,33896.7321558,146.84568659999786,candidate-measurement,0FE036,valid,1040438,0,True,
5,1,000026,1790195167.0401394,33896.9237285,147.03725929999928,candidate-measurement,0FE036,valid,1040438,0,True,
5,1,000026,1790195167.2321172,33897.1157051,147.22923589999846,candidate-measurement,0FE034,valid,1040436,-2,True,
5,1,000026,1790195167.424111,33897.3076996,147.42123040000297,candidate-measurement,0FE034,valid,1040436,0,True,
5,1,000026,1790195167.6315207,33897.5151091,147.62863990000187,candidate-measurement,0FE034,valid,1040436,0,True,
5,1,000026,1790195167.8235164,33897.7071059,147.82063670000207,candidate-measurement,0FE034,valid,1040436,0,True,
5,1,000026,1790195168.0155122,33897.8991034,148.01263420000032,candidate-measurement,0FE032,valid,1040434,-2,True,
5,1,000026,1790195168.2230961,33898.1066842,148.2202150000012,candidate-measurement,0FE030,valid,1040432,-2,True,
5,1,000026,1790195168.4150786,33898.2986677,148.41219850000198,candidate-measurement,0FE030,valid,1040432,0,True,
5,1,000026,1790195168.6070678,33898.4906593,148.60419009999896,candidate-measurement,0FE030,valid,1040432,0,True,
5,1,000026,1790195168.8150623,33898.6986515,148.81218230000377,candidate-measurement,0FE02F,valid,1040431,-1,True,
5,1,000026,1790195169.0224702,33898.9060611,149.01959190000343,candidate-measurement,0FE02F,valid,1040431,0,True,
5,1,000026,1790195169.2144868,33899.0980747,149.2116055000006,candidate-measurement,0FE02F,valid,1040431,0,True,
5,1,000026,1790195169.406042,33899.2896327,149.4031634999992,candidate-measurement,0FE02F,valid,1040431,0,True,
5,1,000026,1790195169.5980291,33899.4816203,149.5951511000021,candidate-measurement,0FE02D,valid,1040429,-2,True,
5,1,000026,1790195169.7900336,33899.6736225,149.78715329999977,candidate-measurement,0FE02D,valid,1040429,0,True,
5,1,000026,1790195169.9814436,33899.8650347,149.97856550000142,candidate-measurement,0FE024,valid,1040420,-9,True,
5,1,000026,1790195170.1894376,33900.0730263,150.18655710000166,candidate-measurement,0FE020,valid,1040416,-4,True,
5,1,000026,1790195170.3814378,33900.2650264,150.37855719999789,candidate-measurement,0FE01D,valid,1040413,-3,True,
5,1,000026,1790195170.5730026,33900.456591,150.5701218000031,candidate-measurement,0FE01D,valid,1040413,0,True,
5,1,000026,1790195170.7809982,33900.6645867,150.7781174999982,candidate-measurement,0FE01D,valid,1040413,0,True,
5,1,000026,1790195170.9729874,33900.8565767,150.97010749999754,candidate-measurement,0FE01D,valid,1040413,0,True,
5,1,000026,1790195171.1644108,33901.047999,151.16152980000334,candidate-measurement,0FE01C,valid,1040412,-1,True,
5,1,000026,1790195171.3564131,33901.2400015,151.35353230000328,candidate-measurement,0FE010,valid,1040400,-12,True,
5,1,000026,1790195171.563978,33901.447566,151.56109680000372,candidate-measurement,0FE009,valid,1040393,-7,True,
5,1,000026,1790195171.7559733,33901.6395625,151.75309330000164,candidate-measurement,0FE005,valid,1040389,-4,True,
5,1,000026,1790195171.9479692,33901.8315574,151.94508820000192,candidate-measurement,0FE002,valid,1040386,-3,True,
5,1,000026,1790195172.1554408,33902.0390269,152.1525576999993,candidate-measurement,0FDFFE,valid,1040382,-4,True,
5,1,000026,1790195172.3473732,33902.2309614,152.34449219999806,candidate-measurement,0FDFFA,valid,1040378,-4,True,
5,1,000026,1790195172.5393717,33902.4229601,152.53649089999817,candidate-measurement,0FDFF6,valid,1040374,-4,True,
5,1,000026,1790195172.7469943,33902.630582,152.74411279999913,candidate-measurement,0FDFF6,valid,1040374,0,True,
5,1,000026,1790195172.9389336,33902.8225216,152.93605240000034,candidate-measurement,0FDFF5,valid,1040373,-1,True,
5,1,000026,1790195173.1309261,33903.014514,153.1280448000034,candidate-measurement,0FDFF3,valid,1040371,-2,True,
5,1,000026,1790195173.322918,33903.2065069,153.320037700003,candidate-measurement,0FDFF2,valid,1040370,-1,True,
5,1,000026,1790195173.5303395,33903.4139279,153.52745870000217,candidate-measurement,0FDFF0,valid,1040368,-2,True,
5,1,000026,1790195173.7223191,33903.6059074,153.7194382000016,candidate-measurement,0FDFEE,valid,1040366,-2,True,
5,1,000026,1790195173.9139042,33903.7974921,153.9110228999998,candidate-measurement,0FDFEC,valid,1040364,-2,True,
5,1,000026,1790195174.1219082,33904.0054961,154.11902689999988,candidate-measurement,0FDFEA,valid,1040362,-2,True,
5,1,000026,1790195174.3138936,33904.1974821,154.31101289999788,candidate-measurement,0FDFE6,valid,1040358,-4,True,
5,1,000026,1790195174.5058806,33904.3894697,154.50300050000078,candidate-measurement,0FDFE2,valid,1040354,-4,True,
5,1,000026,1790195174.7132914,33904.5968813,154.71041210000112,candidate-measurement,0FDFE0,valid,1040352,-2,True,
5,1,000026,1790195174.9052873,33904.7888771,154.90240790000098,candidate-measurement,0FDFDE,valid,1040350,-2,True,
5,1,000026,1790195175.096875,33904.980463,155.09399380000104,candidate-measurement,0FDFDC,valid,1040348,-2,True,
5,1,000026,1790195175.288848,33905.1724363,155.2859671000042,candidate-measurement,0FDFDC,valid,1040348,0,True,
5,1,000026,1790195175.4968376,33905.3804278,155.49395860000368,candidate-measurement,0FDFDA,valid,1040346,-2,True,
5,1,000026,1790195175.688842,33905.5724304,155.68596120000439,candidate-measurement,0FDFDA,valid,1040346,0,True,
5,1,000026,1790195175.8802547,33905.7638445,155.87737529999868,candidate-measurement,0FDFDA,valid,1040346,0,True,
5,1,000026,1790195176.088275,33905.9718612,156.08539200000087,candidate-measurement,0FDFD8,valid,1040344,-2,True,
5,1,000026,1790195176.279822,33906.1634103,156.27694110000448,candidate-measurement,0FDFD7,valid,1040343,-1,True,
5,1,000026,1790195176.4718175,33906.3554071,156.46893790000468,candidate-measurement,0FDFD6,valid,1040342,-1,True,
5,1,000026,1790195176.6792264,33906.5628146,156.6763454000029,candidate-measurement,0FDFD6,valid,1040342,0,True,
5,1,000026,1790195176.871228,33906.7548165,156.86834729999828,candidate-measurement,0FDFD5,valid,1040341,-1,True,
5,1,000026,1790195177.0632248,33906.9468122,157.06034300000465,candidate-measurement,0FDFD5,valid,1040341,0,True,
5,1,000026,1790195177.2547932,33907.1383812,157.25191199999972,candidate-measurement,0FDFD5,valid,1040341,0,True,
5,1,000026,1790195177.4627874,33907.3463779,157.45990870000242,candidate-measurement,0FDFD5,valid,1040341,0,True,
5,1,000026,1790195177.654783,33907.5383719,157.65190270000312,candidate-measurement,0FDFD5,valid,1040341,0,True,
5,1,000026,1790195177.8462045,33907.7297953,157.84332610000274,candidate-measurement,0FDFD4,valid,1040340,-1,True,
5,1,000026,1790195178.0541794,33907.9377697,158.05130050000298,candidate-measurement,0FDFCB,valid,1040331,-9,True,
5,1,000026,1790195178.2457817,33908.1293702,158.2429009999978,candidate-measurement,0FDFC8,valid,1040328,-3,True,
5,1,000026,1790195178.437754,33908.3213439,158.434874700004,candidate-measurement,0FDFC5,valid,1040325,-3,True,
5,1,000026,1790195178.629764,33908.5133498,158.62688060000073,candidate-measurement,0FDFC4,valid,1040324,-1,True,
5,1,000026,1790195178.8377426,33908.721332,158.83486280000216,candidate-measurement,0FDFC3,valid,1040323,-1,True,
5,1,000026,1790195179.029151,33908.912741,159.02627180000127,candidate-measurement,0FDFC3,valid,1040323,0,True,
5,1,000026,1790195179.2211564,33909.104745,159.21827579999808,candidate-measurement,0FDFC3,valid,1040323,0,True,
5,1,000026,1790195179.4291706,33909.3127583,159.4262891000035,candidate-measurement,0FDFC3,valid,1040323,0,True,
5,1,000026,1790195179.621143,33909.5047313,159.61826210000436,candidate-measurement,0FDFC3,valid,1040323,0,True,
5,1,000026,1790195179.8127167,33909.6963047,159.80983550000383,candidate-measurement,0FDFC2,valid,1040322,-1,True,
5,1,000026,1790195180.0207016,33909.90429,160.01782079999975,candidate-measurement,0FDFB5,valid,1040309,-13,True,
5,1,000026,1790195180.2287047,33910.1122927,160.22582350000448,candidate-measurement,0FDFAE,valid,1040302,-7,True,
5,1,000026,1790195180.4201202,33910.303708,160.41723880000063,candidate-measurement,0FDFAA,valid,1040298,-4,True,
5,1,000026,1790195180.6121116,33910.4956996,160.6092303999976,candidate-measurement,0FDFA8,valid,1040296,-2,True,
5,1,000026,1790195180.804103,33910.6876915,160.80122230000416,candidate-measurement,0FDFA2,valid,1040290,-6,True,
5,1,000026,1790195180.9956827,33910.8792714,160.9928022000022,candidate-measurement,0FDF9E,valid,1040286,-4,True,
5,1,000026,1790195181.1876636,33911.0712522,161.18478300000424,candidate-measurement,0FDF9C,valid,1040284,-2,True,
5,1,000026,1790195181.3956673,33911.279255,161.39278580000246,candidate-measurement,0FDF9B,valid,1040283,-1,True,
5,1,000026,1790195181.5870802,33911.4706684,161.5841991999987,candidate-measurement,0FDF9A,valid,1040282,-1,True,
5,1,000026,1790195181.7790802,33911.6626664,161.77619720000075,candidate-measurement,0FDF98,valid,1040280,-2,True,
5,1,000026,1790195181.9866424,33911.8702304,161.98376120000466,candidate-measurement,0FDF97,valid,1040279,-1,True,
5,1,000026,1790195182.1946409,33912.0782289,162.19175969999924,candidate-measurement,0FDF94,valid,1040276,-3,True,
5,1,000026,1790195182.3866262,33912.2702162,162.38374699999986,candidate-measurement,0FDF92,valid,1040274,-2,True,
5,1,000026,1790195182.5780492,33912.4616375,162.57516829999804,candidate-measurement,0FDF8F,valid,1040271,-3,True,
5,1,000026,1790195182.770041,33912.6536293,162.76716010000382,candidate-measurement,0FDF8C,valid,1040268,-3,True,
5,1,000026,1790195182.9620378,33912.845624,162.95915480000258,candidate-measurement,0FDF89,valid,1040265,-3,True,
5,1,000026,1790195183.1536057,33913.0371938,163.15072460000374,candidate-measurement,0FDF86,valid,1040262,-3,True,
5,1,000026,1790195183.3615959,33913.2451842,163.35871500000212,candidate-measurement,0FDF84,valid,1040260,-2,True,
5,1,000026,1790195183.553615,33913.4372031,163.55073390000325,candidate-measurement,0FDF82,valid,1040258,-2,True,
5,1,000026,1790195183.7450056,33913.6285936,163.74212439999974,candidate-measurement,0FDF82,valid,1040258,0,True,
5,1,000026,1790195183.9530084,33913.8365959,163.95012670000142,candidate-measurement,0FDF82,valid,1040258,0,True,
5,1,000026,1790195184.1449952,33914.0285836,164.1421143999978,candidate-measurement,0FDF80,valid,1040256,-2,True,
5,1,000026,1790195184.3365667,33914.2201552,164.33368599999812,candidate-measurement,0FDF80,valid,1040256,0,True,
5,1,000026,1790195184.528562,33914.4121504,164.5256812000007,candidate-measurement,0FDF80,valid,1040256,0,True,
5,1,000026,1790195184.7365537,33914.6201419,164.73367270000017,candidate-measurement,0FDF7F,valid,1040255,-1,True,
5,1,000026,1790195184.9279687,33914.8115569,164.9250877000013,candidate-measurement,0FDF7D,valid,1040253,-2,True,
5,1,000026,1790195185.119961,33915.0035494,165.11708019999787,candidate-measurement,0FDF7C,valid,1040252,-1,True,
5,1,000026,1790195185.3279436,33915.2115321,165.3250629000031,candidate-measurement,0FDF7C,valid,1040252,0,True,
5,1,000026,1790195185.5195343,33915.4031224,165.5166532000003,candidate-measurement,0FDF7B,valid,1040251,-1,True,
5,1,000026,1790195185.711524,33915.5951126,165.70864340000116,candidate-measurement,0FDF7B,valid,1040251,0,True,
5,1,000026,1790195185.9189298,33915.8025185,165.91604930000176,candidate-measurement,0FDF7B,valid,1040251,0,True,
5,1,000026,1790195186.1109319,33915.99452,166.10805080000137,candidate-measurement,0FDF7B,valid,1040251,0,True,
5,1,000026,1790195186.3029296,33916.1865182,166.30004899999767,candidate-measurement,0FDF7B,valid,1040251,0,True,
5,1,000026,1790195186.4944913,33916.378079,166.49160980000306,candidate-measurement,0FDF7A,valid,1040250,-1,True,
5,1,000026,1790195186.70251,33916.5860974,166.69962820000364,candidate-measurement,0FDF74,valid,1040244,-6,True,
5,1,000026,1790195186.8944855,33916.7780735,166.89160429999902,candidate-measurement,0FDF6F,valid,1040239,-5,True,
5,1,000026,1790195187.0859082,33916.9694966,167.08302740000363,candidate-measurement,0FDF6C,valid,1040236,-3,True,
5,1,000026,1790195187.2939126,33917.1775001,167.2910308999999,candidate-measurement,0FDF6A,valid,1040234,-2,True,
5,1,000026,1790195187.4858987,33917.3694867,167.48301750000246,candidate-measurement,0FDF69,valid,1040233,-1,True,
5,1,000026,1790195187.6774602,33917.5610485,167.67457930000091,candidate-measurement,0FDF69,valid,1040233,0,True,
5,1,000026,1790195187.885481,33917.7690682,167.88259900000412,candidate-measurement,0FDF69,valid,1040233,0,True,
5,1,000026,1790195188.0774586,33917.9610448,168.0745756000033,candidate-measurement,0FDF69,valid,1040233,0,True,
5,1,000026,1790195188.2688615,33918.1524493,168.26598010000453,candidate-measurement,0FDF68,valid,1040232,-1,True,
5,1,000026,1790195188.4608555,33918.3444437,168.457974500001,candidate-measurement,0FDF62,valid,1040226,-6,True,
5,1,000026,1790195188.6684308,33918.5520188,168.66554960000212,candidate-measurement,0FDF57,valid,1040215,-11,True,
5,1,000026,1790195188.86042,33918.7440083,168.85753909999767,candidate-measurement,0FDF53,valid,1040211,-4,True,
5,1,000026,1790195189.052415,33918.9360031,169.04953390000446,candidate-measurement,0FDF51,valid,1040209,-2,True,
5,1,000026,1790195189.2598233,33919.1434115,169.25694230000227,candidate-measurement,0FDF4F,valid,1040207,-2,True,
5,1,000026,1790195189.4518259,33919.335414,169.4489448000022,candidate-measurement,0FDF4C,valid,1040204,-3,True,
5,1,000026,1790195189.6438189,33919.5274067,169.6409375000003,candidate-measurement,0FDF4A,valid,1040202,-2,True,
5,1,000026,1790195189.851389,33919.7349752,169.8485060000021,candidate-measurement,0FDF46,valid,1040198,-4,True,
5,1,000026,1790195190.0433903,33919.9269787,170.04050950000237,candidate-measurement,0FDF44,valid,1040196,-2,True,
5,1,000026,1790195190.2353797,33920.1189673,170.23249809999834,candidate-measurement,0FDF43,valid,1040195,-1,True,
5,1,000026,1790195190.426794,33920.3103823,170.42391309999948,candidate-measurement,0FDF42,valid,1040194,-1,True,
5,1,000026,1790195190.6347952,33920.5183834,170.6319141999993,candidate-measurement,0FDF42,valid,1040194,0,True,
5,1,000026,1790195190.8263547,33920.7099433,170.82347409999784,candidate-measurement,0FDF41,valid,1040193,-1,True,
5,1,000026,1790195191.0183566,33920.9019452,171.0154760000005,candidate-measurement,0FDF40,valid,1040192,-1,True,
5,1,000026,1790195191.226344,33921.1099328,171.22346359999938,candidate-measurement,0FDF3E,valid,1040190,-2,True,
5,1,000026,1790195191.4178073,33921.3013921,171.41492290000315,candidate-measurement,0FDF3D,valid,1040189,-1,True,
5,1,000026,1790195191.6097565,33921.4933442,171.60687499999767,candidate-measurement,0FDF3B,valid,1040187,-2,True,
5,1,000026,1790195191.81733,33921.700918,171.81444880000345,candidate-measurement,0FDF3A,valid,1040186,-1,True,
5,1,000026,1790195192.009322,33921.8929108,172.0064416000023,candidate-measurement,0FDF39,valid,1040185,-1,True,
5,1,000026,1790195192.2013168,33922.0849053,172.19843609999953,candidate-measurement,0FDF37,valid,1040183,-2,True,
5,1,000026,1790195192.3933089,33922.2768976,172.39042840000184,candidate-measurement,0FDF34,valid,1040180,-3,True,
5,1,000026,1790195192.6007102,33922.4842992,172.5978299999988,candidate-measurement,0FDF32,valid,1040178,-2,True,
5,1,000026,1790195192.7927196,33922.6763078,172.78983860000153,candidate-measurement,0FDF2F,valid,1040175,-3,True,
5,1,000026,1790195192.9842875,33922.8678763,172.98140710000007,candidate-measurement,0FDF2E,valid,1040174,-1,True,
5,1,000026,1790195193.1922739,33923.0758619,173.18939269999828,candidate-measurement,0FDF2C,valid,1040172,-2,True,
5,1,000026,1790195193.3842845,33923.2678727,173.38140350000322,candidate-measurement,0FDF2A,valid,1040170,-2,True,
5,1,000026,1790195193.5756857,33923.4592738,173.57280460000038,candidate-measurement,0FDF29,valid,1040169,-1,True,
5,1,000026,1790195193.76768,33923.6512683,173.76479909999762,candidate-measurement,0FDF28,valid,1040168,-1,True,
5,1,000026,1790195193.9756758,33923.8592643,173.97279510000226,candidate-measurement,0FDF28,valid,1040168,0,True,
5,1,000026,1790195194.1676714,33924.0512598,174.16479059999983,candidate-measurement,0FDF28,valid,1040168,0,True,
5,1,000026,1790195194.3592436,33924.2428317,174.35636250000243,candidate-measurement,0FDF28,valid,1040168,0,True,
5,1,000026,1790195194.5672343,33924.4508235,174.5643543000042,candidate-measurement,0FDF26,valid,1040166,-2,True,
5,1,000026,1790195194.7592306,33924.6428188,174.75634960000025,candidate-measurement,0FDF26,valid,1040166,0,True,
5,1,000026,1790195194.951228,33924.8348159,174.94834670000273,candidate-measurement,0FDF26,valid,1040166,0,True,
5,1,000026,1790195195.1592197,33925.0428077,175.1563385000045,candidate-measurement,0FDF25,valid,1040165,-1,True,
5,1,000026,1790195195.3666306,33925.2502188,175.36374960000103,candidate-measurement,0FDF23,valid,1040163,-2,True,
5,1,000026,1790195195.558625,33925.4422131,175.55574390000402,candidate-measurement,0FDF22,valid,1040162,-1,True,
5,1,000026,1790195195.7506247,33925.6342126,175.74774340000295,candidate-measurement,0FDF22,valid,1040162,0,True,
5,1,000026,1790195195.9421937,33925.8257814,175.93931220000377,candidate-measurement,0FDF21,valid,1040161,-1,True,
5,1,000026,1790195196.134195,33926.0177831,176.13131389999762,candidate-measurement,0FDF21,valid,1040161,0,True,
5,1,000026,1790195196.3261778,33926.2097666,176.3232973999984,candidate-measurement,0FDF21,valid,1040161,0,True,
5,1,000026,1790195196.5335932,33926.4171814,176.5307122000013,candidate-measurement,0FDF21,valid,1040161,0,True,
5,1,000026,1790195196.7251682,33926.6087568,176.72228760000144,candidate-measurement,0FDF21,valid,1040161,0,True,
5,1,000026,1790195196.91716,33926.8007479,176.9142787000019,candidate-measurement,0FDF20,valid,1040160,-1,True,
5,1,000026,1790195197.1251707,33927.008758,177.12228880000475,candidate-measurement,0FDF1B,valid,1040155,-5,True,
5,1,000026,1790195197.3171432,33927.2007321,177.31426289999945,candidate-measurement,0FDF15,valid,1040149,-6,True,
5,1,000026,1790195197.5085595,33927.3921475,177.50567830000364,candidate-measurement,0FDF12,valid,1040146,-3,True,
5,1,000026,1790195197.7005525,33927.5841408,177.697671599999,candidate-measurement,0FDF10,valid,1040144,-2,True,
5,1,000026,1790195197.9081285,33927.7917169,177.90524770000047,candidate-measurement,0FDF0F,valid,1040143,-1,True,
5,1,000026,1790195198.100139,33927.9837253,178.0972561000017,candidate-measurement,0FDF0F,valid,1040143,0,True,
5,1,000026,1790195198.2921126,33928.1757009,178.28923170000053,candidate-measurement,0FDF0F,valid,1040143,0,True,
5,1,000026,1790195198.5001597,33928.3837459,178.49727669999993,candidate-measurement,0FDF0E,valid,1040142,-1,True,
5,1,000026,1790195198.6915271,33928.5751155,178.68864630000462,candidate-measurement,0FDF0D,valid,1040141,-1,True,
5,1,000026,1790195198.8835232,33928.7671114,178.88064219999796,candidate-measurement,0FDF07,valid,1040135,-6,True,
5,1,000026,1790195199.0911508,33928.9747374,179.08826820000104,candidate-measurement,0FDEFB,valid,1040123,-12,True,
5,1,000026,1790195199.2830868,33929.1666758,179.28020660000038,candidate-measurement,0FDEF6,valid,1040118,-5,True,
5,1,000026,1790195199.4751046,33929.3586913,179.47222210000473,candidate-measurement,0FDEF4,valid,1040116,-2,True,
5,1,000026,1790195199.6670845,33929.5506729,179.66420369999832,candidate-measurement,0FDEF0,valid,1040112,-4,True,
5,1,000026,1790195199.874492,33929.7580802,179.8716110000023,candidate-measurement,0FDF0D,valid,1040141,29,True,
5,1,000026,1790195200.0664835,33929.9500717,180.06360249999852,candidate-measurement,0FDEE8,valid,1040104,-37,True,
5,1,000026,1790195200.2584736,33930.1420618,180.25559259999864,candidate-measurement,0FDEE7,valid,1040103,-1,True,
5,1,000026,1790195200.4661267,33930.3497154,180.46324620000087,candidate-measurement,0FDEE5,valid,1040101,-2,True,
5,1,000026,1790195200.6580408,33930.5416292,180.65516000000207,candidate-measurement,0FDEE4,valid,1040100,-1,True,
5,1,000026,1790195200.8500545,33930.7336419,180.84717269999965,candidate-measurement,0FDEE2,valid,1040098,-2,True,
5,1,000026,1790195201.0420322,33930.9256195,181.03915029999916,candidate-measurement,0FDEE0,valid,1040096,-2,True,
5,1,000026,1790195201.2494473,33931.1330358,181.2465665999989,candidate-measurement,0FDEE0,valid,1040096,0,True,
5,1,000026,1790195201.4414382,33931.3250266,181.43855740000436,candidate-measurement,0FDEDE,valid,1040094,-2,True,
5,1,000026,1790195201.6334345,33931.5170234,181.63055420000455,candidate-measurement,0FDEDC,valid,1040092,-2,True,
5,1,000026,1790195201.841069,33931.724653,181.83818379999866,candidate-measurement,0FDEDA,valid,1040090,-2,True,
5,1,000026,1790195202.0330229,33931.9166109,182.03014170000097,candidate-measurement,0FDED7,valid,1040087,-3,True,
5,1,000026,1790195202.224993,33932.108581,182.22211180000158,candidate-measurement,0FDED7,valid,1040087,0,True,
5,1,000026,1790195202.4324002,33932.315989,182.42951980000362,candidate-measurement,0FDED5,valid,1040085,-2,True,
5,1,000026,1790195202.6243927,33932.5079825,182.62151330000052,candidate-measurement,0FDED4,valid,1040084,-1,True,
5,1,000026,1790195202.816389,33932.6999781,182.81350889999885,candidate-measurement,0FDED2,valid,1040082,-2,True,
5,1,000026,1790195203.0079682,33932.8915566,183.00508740000078,candidate-measurement,0FDED1,valid,1040081,-1,True,
5,1,000026,1790195203.2159567,33933.0995452,183.213076,candidate-measurement,0FDED0,valid,1040080,-1,True,
5,1,000026,1790195203.4079552,33933.2915436,183.40507439999783,candidate-measurement,0FDECF,valid,1040079,-1,True,
5,1,000026,1790195203.599361,33933.4829497,183.59648050000396,candidate-measurement,0FDECE,valid,1040078,-1,True,
5,1,000026,1790195203.8073566,33933.6909452,183.8044760000048,candidate-measurement,0FDECE,valid,1040078,0,True,
5,1,000026,1790195203.9989345,33933.8825227,183.9960534999991,candidate-measurement,0FDECE,valid,1040078,0,True,
5,1,000026,1790195204.1909325,33934.0745204,184.18805119999888,candidate-measurement,0FDECE,valid,1040078,0,True,
5,1,000026,1790195204.3989155,33934.2825042,184.39603499999794,candidate-measurement,0FDECC,valid,1040076,-2,True,
5,1,000026,1790195204.5910208,33934.4746033,184.58813409999857,candidate-measurement,0FDECC,valid,1040076,0,True,
5,1,000026,1790195204.7823236,33934.6659118,184.77944260000368,candidate-measurement,0FDECC,valid,1040076,0,True,
5,1,000026,1790195204.974316,33934.857904,184.97143479999795,candidate-measurement,0FDECC,valid,1040076,0,True,
5,1,000026,1790195205.1818943,33935.0654824,185.17901320000237,candidate-measurement,0FDECA,valid,1040074,-2,True,
5,1,000026,1790195205.373909,33935.2574967,185.37102749999758,candidate-measurement,0FDEC8,valid,1040072,-2,True,
5,1,000026,1790195205.565884,33935.4494728,185.56300360000023,candidate-measurement,0FDEC8,valid,1040072,0,True,
5,1,000026,1790195205.7734995,33935.6570872,185.7706180000023,candidate-measurement,0FDEC8,valid,1040072,0,True,
5,1,000026,1790195205.9652956,33935.8488839,185.9624146999995,candidate-measurement,0FDEC7,valid,1040071,-1,True,
5,1,000026,1790195206.1568694,33936.0404576,186.15398840000125,candidate-measurement,0FDEC7,valid,1040071,0,True,
5,1,000026,1790195206.3648682,33936.2484561,186.3619869000031,candidate-measurement,0FDEC7,valid,1040071,0,True,
5,1,000026,1790195206.5568748,33936.4404622,186.55399300000136,candidate-measurement,0FDEC7,valid,1040071,0,True,
5,1,000026,1790195206.7482972,33936.631883,186.745413800003,candidate-measurement,0FDEC7,valid,1040071,0,True,
5,1,000026,1790195206.9402642,33936.8238526,186.93738339999982,candidate-measurement,0FDEC6,valid,1040070,-1,True,
5,1,000026,1790195207.14784,33937.0314277,187.14495850000094,candidate-measurement,0FDEC2,valid,1040066,-4,True,
5,1,000026,1790195207.3398263,33937.2234149,187.3369457000008,candidate-measurement,0FDEBC,valid,1040060,-6,True,
5,1,000026,1790195207.531827,33937.4154149,187.52894570000353,candidate-measurement,0FDEB9,valid,1040057,-3,True,
5,1,000026,1790195207.7398198,33937.623408,187.73693880000064,candidate-measurement,0FDEB7,valid,1040055,-2,True,
5,1,000026,1790195207.9312308,33937.8148192,187.92835000000196,candidate-measurement,0FDEB6,valid,1040054,-1,True,
5,1,000026,1790195208.123222,33938.0068087,188.12033950000477,candidate-measurement,0FDEB5,valid,1040053,-1,True,
5,1,000026,1790195208.3308253,33938.2144132,188.3279440000042,candidate-measurement,0FDEB5,valid,1040053,0,True,
5,1,000026,1790195208.522788,33938.4063766,188.51990740000474,candidate-measurement,0FDEB5,valid,1040053,0,True,
5,1,000026,1790195208.714785,33938.5983728,188.71190360000037,candidate-measurement,0FDEB5,valid,1040053,0,True,
5,1,000026,1790195208.9061944,33938.7897826,188.9033133999983,candidate-measurement,0FDEB3,valid,1040051,-2,True,
5,1,000026,1790195209.1138062,33938.9973944,189.11092520000238,candidate-measurement,0FDEB2,valid,1040050,-1,True,
5,1,000026,1790195209.3057632,33939.1893512,189.3028820000036,candidate-measurement,0FDEA7,valid,1040039,-11,True,
5,1,000026,1790195209.4977512,33939.3813418,189.49487260000024,candidate-measurement,0FDEA1,valid,1040033,-6,True,
5,1,000026,1790195209.7057471,33939.5893353,189.7028661000004,candidate-measurement,0FDE9E,valid,1040030,-3,True,
5,1,000026,1790195209.8971643,33939.7807541,189.89428490000137,candidate-measurement,0FDE9C,valid,1040028,-2,True,
5,1,000026,1790195210.0891533,33939.9727417,190.08627250000427,candidate-measurement,0FDE9A,valid,1040026,-2,True,
5,1,000026,1790195210.2967303,33940.1803177,190.2938484999977,candidate-measurement,0FDE98,valid,1040024,-2,True,
5,1,000026,1790195210.4887202,33940.3723098,190.48584059999848,candidate-measurement,0FDE95,valid,1040021,-3,True,
5,1,000026,1790195210.6807141,33940.5643044,190.67783520000376,candidate-measurement,0FDE92,valid,1040018,-3,True,
5,1,000026,1790195210.8727067,33940.756295,190.8698258000004,candidate-measurement,0FDE90,valid,1040016,-2,True,
5,1,000026,1790195211.0801318,33940.9637181,191.077248900001,candidate-measurement,0FDE90,valid,1040016,0,True,
5,1,000026,1790195211.272126,33941.1557136,191.26924439999857,candidate-measurement,0FDE8E,valid,1040014,-2,True,
5,1,000026,1790195211.4636955,33941.3472836,191.46081440000125,candidate-measurement,0FDE8E,valid,1040014,0,True,
5,1,000026,1790195211.671683,33941.5552712,191.66880200000014,candidate-measurement,0FDE8D,valid,1040013,-1,True,
5,1,000026,1790195211.8636863,33941.7472741,191.86080490000313,candidate-measurement,0FDE8B,valid,1040011,-2,True,
5,1,000026,1790195212.0556698,33941.9392581,192.05278890000045,candidate-measurement,0FDE8A,valid,1040010,-1,True,
5,1,000026,1790195212.2630854,33942.1466734,192.26020419999986,candidate-measurement,0FDE89,valid,1040009,-1,True,
5,1,000026,1790195212.4550858,33942.3386737,192.4522044999976,candidate-measurement,0FDE86,valid,1040006,-3,True,
5,1,000026,1790195212.646664,33942.5302524,192.64378320000105,candidate-measurement,0FDE86,valid,1040006,0,True,
5,1,000026,1790195212.838645,33942.7222331,192.83576390000235,candidate-measurement,0FDE84,valid,1040004,-2,True,
5,1,000026,1790195213.0466404,33942.9302292,193.04376000000047,candidate-measurement,0FDE82,valid,1040002,-2,True,
5,1,000026,1790195213.2386403,33943.1222283,193.23575910000363,candidate-measurement,0FDE80,valid,1040000,-2,True,
5,1,000026,1790195213.4306257,33943.3142146,193.42774540000391,candidate-measurement,0FDE7F,valid,1039999,-1,True,
5,1,000026,1790195213.638044,33943.5216323,193.63516309999977,candidate-measurement,0FDE7C,valid,1039996,-3,True,
5,1,000026,1790195213.8300369,33943.7136252,193.82715599999938,candidate-measurement,0FDE7B,valid,1039995,-1,True,
5,1,000026,1790195214.0220234,33943.9056117,194.01914250000118,candidate-measurement,0FDE7A,valid,1039994,-1,True,
5,1,000026,1790195214.2296047,33944.1131931,194.22672389999934,candidate-measurement,0FDE78,valid,1039992,-2,True,
5,1,000026,1790195214.4215965,33944.3051852,194.41871600000013,candidate-measurement,0FDE77,valid,1039991,-1,True,
5,1,000026,1790195214.6135907,33944.4971797,194.61071050000464,candidate-measurement,0FDE76,valid,1039990,-1,True,
5,1,000026,1790195214.8050013,33944.68859,194.8021207999991,candidate-measurement,0FDE75,valid,1039989,-1,True,
5,1,000026,1790195215.0130095,33944.8965979,195.01012869999977,candidate-measurement,0FDE74,valid,1039988,-1,True,
5,1,000026,1790195215.2049942,33945.0885822,195.20211299999937,candidate-measurement,0FDE74,valid,1039988,0,True,
5,1,000026,1790195215.3965616,33945.2801511,195.39368190000096,candidate-measurement,0FDE74,valid,1039988,0,True,
5,1,000026,1790195215.6045568,33945.4881451,195.60167589999764,candidate-measurement,0FDE74,valid,1039988,0,True,
5,1,000026,1790195215.7965493,33945.6801403,195.7936711000002,candidate-measurement,0FDE72,valid,1039986,-2,True,
5,1,000026,1790195215.9879708,33945.871559,195.98508980000042,candidate-measurement,0FDE72,valid,1039986,0,True,
5,1,000026,1790195216.1799703,33946.0635584,196.1770891999986,candidate-measurement,0FDE72,valid,1039986,0,True,
5,1,000026,1790195216.3875828,33946.2711704,196.3847012000042,candidate-measurement,0FDE72,valid,1039986,0,True,
5,1,000026,1790195216.5795314,33946.4631196,196.57665039999847,candidate-measurement,0FDE70,valid,1039984,-2,True,
5,1,000026,1790195216.771517,33946.6551072,196.76863800000137,candidate-measurement,0FDE6E,valid,1039982,-2,True,
5,1,000026,1790195216.9795167,33946.8631059,196.97663670000475,candidate-measurement,0FDE6E,valid,1039982,0,True,
5,1,000026,1790195217.1709359,33947.0545241,197.16805490000115,candidate-measurement,0FDE6D,valid,1039981,-1,True,
5,1,000026,1790195217.362918,33947.2465074,197.36003820000042,candidate-measurement,0FDE6D,valid,1039981,0,True,
5,1,000026,1790195217.570491,33947.4540791,197.56760990000475,candidate-measurement,0FDE6D,valid,1039981,0,True,
5,1,000026,1790195217.7624934,33947.646083,197.7596138000008,candidate-measurement,0FDE6D,valid,1039981,0,True,
5,1,000026,1790195217.9538956,33947.8374865,197.9510173000017,candidate-measurement,0FDE6D,valid,1039981,0,True,
5,1,000026,1790195218.1458962,33948.0294844,198.143015200003,candidate-measurement,0FDE6C,valid,1039980,-1,True,
5,1,000026,1790195218.3534672,33948.2370567,198.35058750000462,candidate-measurement,0FDE6C,valid,1039980,0,True,
5,1,000026,1790195218.545458,33948.429049,198.54257979999966,candidate-measurement,0FDE63,valid,1039971,-9,True,
5,1,000026,1790195218.7374613,33948.621049,198.7345798000024,candidate-measurement,0FDE5F,valid,1039967,-4,True,
5,1,000026,1790195218.94546,33948.8290485,198.94257930000458,candidate-measurement,0FDE5C,valid,1039964,-3,True,
5,1,000026,1790195219.1368659,33949.0204541,199.13398489999963,candidate-measurement,0FDE5B,valid,1039963,-1,True,
5,1,000026,1790195219.3288758,33949.2124635,199.32599430000118,candidate-measurement,0FDE5B,valid,1039963,0,True,
5,1,000026,1790195219.5364246,33949.4200158,199.53354660000332,candidate-measurement,0FDE5B,valid,1039963,0,True,
5,1,000026,1790195219.72842,33949.6120099,199.72554070000479,candidate-measurement,0FDE5B,valid,1039963,0,True,
5,1,000026,1790195219.9204183,33949.8040089,199.9175396999999,candidate-measurement,0FDE59,valid,1039961,-2,True,
5,1,000026,1790195220.1278312,33950.0114193,200.1249500999984,candidate-measurement,0FDE56,valid,1039958,-3,True,
5,1,000026,1790195220.3198442,33950.2034333,200.3169640999986,candidate-measurement,0FDE47,valid,1039943,-15,True,
5,1,000026,1790195220.511393,33950.3949823,200.50851310000144,candidate-measurement,0FDE43,valid,1039939,-4,True,
5,1,000026,1790195220.703393,33950.5869817,200.7005124999996,candidate-measurement,0FDE40,valid,1039936,-3,True,
5,1,000026,1790195220.9113884,33950.7949766,200.90850740000315,candidate-measurement,0FDE3B,valid,1039931,-5,True,
5,1,000026,1790195221.102802,33950.9863903,201.09992110000167,candidate-measurement,0FDE36,valid,1039926,-5,True,
5,1,000026,1790195221.294794,33951.1783833,201.29191410000203,candidate-measurement,0FDE34,valid,1039924,-2,True,
5,1,000026,1790195221.5023685,33951.3859571,201.49948790000053,candidate-measurement,0FDE33,valid,1039923,-1,True,
5,1,000026,1790195221.694356,33951.5779465,201.6914773000026,candidate-measurement,0FDE31,valid,1039921,-2,True,
5,1,000026,1790195221.8863523,33951.7699424,201.8834732000032,candidate-measurement,0FDE30,valid,1039920,-1,True,
5,1,000026,1790195222.077775,33951.9613655,202.07489630000055,candidate-measurement,0FDE2F,valid,1039919,-1,True,
5,1,000026,1790195222.2857654,33952.1693527,202.28288350000366,candidate-measurement,0FDE2B,valid,1039915,-4,True,
5,1,000026,1790195222.4777544,33952.3613425,202.4748733000015,candidate-measurement,0FDE2B,valid,1039915,0,True,
5,1,000026,1790195222.6693301,33952.5529192,202.66645000000426,candidate-measurement,0FDE2A,valid,1039914,-1,True,
5,1,000026,1790195222.8773549,33952.7609456,202.87447640000028,candidate-measurement,0FDE27,valid,1039911,-3,True,
5,1,000026,1790195223.0687494,33952.9523352,203.06586600000446,candidate-measurement,0FDE25,valid,1039909,-2,True,
5,1,000026,1790195223.2607336,33953.1443227,203.25785349999933,candidate-measurement,0FDE24,valid,1039908,-1,True,
5,1,000026,1790195223.468718,33953.3523068,203.46583760000067,candidate-measurement,0FDE20,valid,1039904,-4,True,
5,1,000026,1790195223.6607184,33953.5443069,203.65783770000417,candidate-measurement,0FDE20,valid,1039904,0,True,
5,1,000026,1790195223.8522887,33953.7358798,203.84941059999983,candidate-measurement,0FDE1F,valid,1039903,-1,True,
5,1,000026,1790195224.0443017,33953.9278911,204.0414219000013,candidate-measurement,0FDE1D,valid,1039901,-2,True,
5,1,000026,1790195224.2522798,33954.1358688,204.24939959999756,candidate-measurement,0FDE1B,valid,1039899,-2,True,
5,1,000026,1790195224.443704,33954.3272936,204.44082440000057,candidate-measurement,0FDE1A,valid,1039898,-1,True,
5,1,000026,1790195224.6356874,33954.5192767,204.6328074999983,candidate-measurement,0FDE1A,valid,1039898,0,True,
5,1,000026,1790195224.8436775,33954.7272668,204.84079760000168,candidate-measurement,0FDE1A,valid,1039898,0,True,
5,1,000026,1790195225.0352635,33954.9188542,205.0323849999986,candidate-measurement,0FDE18,valid,1039896,-2,True,
5,1,000026,1790195225.2272499,33955.1108378,205.22436860000016,candidate-measurement,0FDE18,valid,1039896,0,True,
5,1,000026,1790195225.4352388,33955.3188284,205.43235920000006,candidate-measurement,0FDE17,valid,1039895,-1,True,
5,1,000026,1790195225.6272376,33955.5108255,205.62435630000255,candidate-measurement,0FDE17,valid,1039895,0,True,
5,1,000026,1790195225.8186533,33955.7022416,205.8157724000048,candidate-measurement,0FDE15,valid,1039893,-2,True,
5,1,000026,1790195226.0106413,33955.8942291,206.00775989999966,candidate-measurement,0FDE14,valid,1039892,-1,True,
5,1,000026,1790195226.2182846,33956.1018724,206.2154032000035,candidate-measurement,0FDE14,valid,1039892,0,True,
5,1,000026,1790195226.410212,33956.2938,206.40733080000064,candidate-measurement,0FDE13,valid,1039891,-1,True,
5,1,000026,1790195226.6022062,33956.4857949,206.59932570000092,candidate-measurement,0FDE13,valid,1039891,0,True,
5,1,000026,1790195226.810201,33956.6937889,206.8073196999976,candidate-measurement,0FDE13,valid,1039891,0,True,
5,1,000026,1790195227.0021918,33956.8857801,206.99931089999882,candidate-measurement,0FDE13,valid,1039891,0,True,
5,1,000026,1790195227.193612,33957.0772,207.1907308000009,candidate-measurement,0FDE13,valid,1039891,0,True,
5,1,000026,1790195227.4015975,33957.2851856,207.3987163999991,candidate-measurement,0FDE12,valid,1039890,-1,True,
5,1,000026,1790195227.5935924,33957.477181,207.5907118000032,candidate-measurement,0FDE0C,valid,1039884,-6,True,
5,1,000026,1790195227.7851682,33957.6687561,207.78228690000105,candidate-measurement,0FDE08,valid,1039880,-4,True,
5,1,000026,1790195227.9772062,33957.8607965,207.97432729999855,candidate-measurement,0FDE06,valid,1039878,-2,True,
5,1,000026,1790195228.1851995,33958.0687854,208.18231620000006,candidate-measurement,0FDE03,valid,1039875,-3,True,
5,1,000026,1790195228.377159,33958.2607485,208.3742792999983,candidate-measurement,0FDE02,valid,1039874,-1,True,
5,1,000026,1790195228.569142,33958.4527311,208.56626189999952,candidate-measurement,0FDE01,valid,1039873,-1,True,
5,1,000026,1790195228.7766123,33958.660201,208.77373179999995,candidate-measurement,0FDE01,valid,1039873,0,True,
5,1,000026,1790195228.968552,33958.8521408,208.96567160000268,candidate-measurement,0FDE01,valid,1039873,0,True,
5,1,000026,1790195229.160128,33959.0437168,209.15724760000012,candidate-measurement,0FDE01,valid,1039873,0,True,
5,1,000026,1790195229.3521183,33959.2357063,209.34923710000294,candidate-measurement,0FDE01,valid,1039873,0,True,
5,1,000026,1790195229.5601003,33959.4436903,209.55722110000352,candidate-measurement,0FDE00,valid,1039872,-1,True,
5,1,000026,1790195229.7521172,33959.6357078,209.74923860000126,candidate-measurement,0FDDFC,valid,1039868,-4,True,
5,1,000026,1790195229.9435196,33959.8271077,209.94063850000384,candidate-measurement,0FDDEE,valid,1039854,-14,True,
5,1,000026,1790195230.1515033,33960.0350917,210.14862250000442,candidate-measurement,0FDDE9,valid,1039849,-5,True,
5,1,000026,1790195230.3430803,33960.2266689,210.34019970000372,candidate-measurement,0FDDE6,valid,1039846,-3,True,
5,1,000026,1790195230.5350752,33960.4186642,210.53219499999977,candidate-measurement,0FDDE0,valid,1039840,-6,True,
5,1,000026,1790195230.743065,33960.6266537,210.74018449999858,candidate-measurement,0FDDDC,valid,1039836,-4,True,
5,1,000026,1790195230.9504795,33960.8340691,210.94759989999875,candidate-measurement,0FDDDA,valid,1039834,-2,True,
5,1,000026,1790195231.14248,33961.0260682,211.1395990000019,candidate-measurement,0FDDD8,valid,1039832,-2,True,
5,1,000026,1790195231.3344707,33961.2180606,211.3315913999977,candidate-measurement,0FDDD6,valid,1039830,-2,True,
5,1,000026,1790195231.5260468,33961.4096349,211.52316570000403,candidate-measurement,0FDDD5,valid,1039829,-1,True,
5,1,000026,1790195231.7180364,33961.6016268,211.7151576000033,candidate-measurement,0FDDD2,valid,1039826,-3,True,
5,1,000026,1790195231.9100266,33961.7936175,211.9071483000007,candidate-measurement,0FDDD1,valid,1039825,-1,True,
5,1,000026,1790195232.11745,33962.0010385,212.11456929999986,candidate-measurement,0FDDCF,valid,1039823,-2,True,
5,1,000026,1790195232.3094392,33962.1930296,212.3065604000003,candidate-measurement,0FDDCC,valid,1039820,-3,True,
5,1,000026,1790195232.5014448,33962.3850328,212.4985635999983,candidate-measurement,0FDDCA,valid,1039818,-2,True,
5,1,000026,1790195232.7090013,33962.5925913,212.706122100004,candidate-measurement,0FDDC7,valid,1039815,-3,True,
5,1,000026,1790195232.900995,33962.7845861,212.89811690000352,candidate-measurement,0FDDC6,valid,1039814,-1,True,
5,1,000026,1790195233.0929966,33962.9765848,213.09011560000363,candidate-measurement,0FDDC4,valid,1039812,-2,True,
5,1,000026,1790195233.2844121,33963.1680002,213.28153100000054,candidate-measurement,0FDDC2,valid,1039810,-2,True,
5,1,000026,1790195233.4924033,33963.375994,213.48952480000298,candidate-measurement,0FDDC0,valid,1039808,-2,True,
5,1,000026,1790195233.6843956,33963.5679848,213.68151560000115,candidate-measurement,0FDDC0,valid,1039808,0,True,
5,1,000026,1790195233.8759649,33963.7595555,213.8730863000019,candidate-measurement,0FDDC0,valid,1039808,0,True,
5,1,000026,1790195234.0839863,33963.9675726,214.08110339999985,candidate-measurement,0FDDBE,valid,1039806,-2,True,
5,1,000026,1790195234.2759957,33964.1595854,214.27311619999819,candidate-measurement,0FDDBE,valid,1039806,0,True,
5,1,000026,1790195234.4679434,33964.3515344,214.4650651999982,candidate-measurement,0FDDBE,valid,1039806,0,True,
5,1,000026,1790195234.6753783,33964.5589676,214.67249840000295,candidate-measurement,0FDDBC,valid,1039804,-2,True,
5,1,000026,1790195234.866937,33964.7505252,214.86405599999853,candidate-measurement,0FDDBA,valid,1039802,-2,True,
5,1,000026,1790195235.058929,33964.9425192,215.05604999999923,candidate-measurement,0FDDBA,valid,1039802,0,True,
5,1,000026,1790195235.2509272,33965.1345155,215.2480463000029,candidate-measurement,0FDDB9,valid,1039801,-1,True,
5,1,000026,1790195235.458336,33965.3419262,215.45545700000366,candidate-measurement,0FDDB9,valid,1039801,0,True,
5,1,000026,1790195235.6503294,33965.5339185,215.6474492999987,candidate-measurement,0FDDB9,valid,1039801,0,True,
5,1,000026,1790195235.8423245,33965.7259126,215.83944340000016,candidate-measurement,0FDDB9,valid,1039801,0,True,
5,1,000026,1790195236.0498955,33965.9334862,216.04701700000442,candidate-measurement,0FDDB9,valid,1039801,0,True,
5,1,000026,1790195236.2418933,33966.1254816,216.23901240000123,candidate-measurement,0FDDB8,valid,1039800,-1,True,
5,1,000026,1790195236.433874,33966.3174648,216.43099559999973,candidate-measurement,0FDDB4,valid,1039796,-4,True,
5,1,000026,1790195236.6412988,33966.5248879,216.63841870000033,candidate-measurement,0FDDAD,valid,1039789,-7,True,
5,1,000026,1790195236.848936,33966.7325243,216.84605510000256,candidate-measurement,0FDDAA,valid,1039786,-3,True,
5,1,000026,1790195237.0408714,33966.9244592,217.03799000000436,candidate-measurement,0FDDA8,valid,1039784,-2,True,
5,1,000026,1790195237.2328632,33967.1164514,217.22998219999863,candidate-measurement,0FDDA7,valid,1039783,-1,True,
5,1,000026,1790195237.4242785,33967.3078675,217.42139830000087,candidate-measurement,0FDDA7,valid,1039783,0,True,
5,1,000026,1790195237.6162696,33967.4998579,217.61338870000327,candidate-measurement,0FDDA7,valid,1039783,0,True,
5,1,000026,1790195237.8082628,33967.691851,217.8053818000044,candidate-measurement,0FDDA7,valid,1039783,0,True,
5,1,000026,1790195238.0158374,33967.8994274,218.01295820000087,candidate-measurement,0FDDA7,valid,1039783,0,True,
5,1,000026,1790195238.2078295,33968.0914178,218.20494860000326,candidate-measurement,0FDDA5,valid,1039781,-2,True,
5,1,000026,1790195238.3998556,33968.2834421,218.39697290000186,candidate-measurement,0FDDA3,valid,1039779,-2,True,
5,1,000026,1790195238.6072366,33968.4908251,218.6043559000027,candidate-measurement,0FDD98,valid,1039768,-11,True,
5,1,000026,1790195238.7992225,33968.6828122,218.7963430000018,candidate-measurement,0FDD92,valid,1039762,-6,True,
5,1,000026,1790195238.9907992,33968.8743899,218.98792069999763,candidate-measurement,0FDD8F,valid,1039759,-3,True,
5,1,000026,1790195239.182801,33969.0663889,219.17991970000003,candidate-measurement,0FDD8E,valid,1039758,-1,True,
5,1,000026,1790195239.3907907,33969.2743799,219.38791070000298,candidate-measurement,0FDD8C,valid,1039756,-2,True,
5,1,000026,1790195239.5827956,33969.4663863,219.5799171000035,candidate-measurement,0FDD8A,valid,1039754,-2,True,
5,1,000026,1790195239.7741978,33969.6577861,219.77131689999806,candidate-measurement,0FDD88,valid,1039752,-2,True,
5,1,000026,1790195239.98219,33969.8657782,219.9793090000021,candidate-measurement,0FDD86,valid,1039750,-2,True,
5,1,000026,1790195240.1737723,33970.0573606,220.17089140000462,candidate-measurement,0FDD84,valid,1039748,-2,True,
5,1,000026,1790195240.3657513,33970.2493403,220.3628710999983,candidate-measurement,0FDD83,valid,1039747,-1,True,
5,1,000026,1790195240.5737486,33970.4573375,220.5708683000048,candidate-measurement,0FDD82,valid,1039746,-1,True,
5,1,000026,1790195240.7657485,33970.6493367,220.76286750000145,candidate-measurement,0FDD81,valid,1039745,-1,True,
5,1,000026,1790195240.9577408,33970.8413294,220.95486019999953,candidate-measurement,0FDD81,valid,1039745,0,True,
5,1,000026,1790195241.1491537,33971.0327424,221.1462732,candidate-measurement,0FDD81,valid,1039745,0,True,
5,1,000026,1790195241.3571458,33971.2407359,221.35426670000015,candidate-measurement,0FDD80,valid,1039744,-1,True,
5,1,000026,1790195241.549138,33971.4327282,221.54625900000246,candidate-measurement,0FDD80,valid,1039744,0,True,
5,1,000026,1790195241.7407188,33971.6243074,221.73783820000244,candidate-measurement,0FDD7F,valid,1039743,-1,True,
5,1,000026,1790195241.9487584,33971.8323447,221.94587550000142,candidate-measurement,0FDD7D,valid,1039741,-2,True,
5,1,000026,1790195242.1407015,33972.0242898,222.13782060000085,candidate-measurement,0FDD7C,valid,1039740,-1,True,
5,1,000026,1790195242.3321116,33972.2157016,222.32923239999946,candidate-measurement,0FDD7B,valid,1039739,-1,True,
5,1,000026,1790195242.5241086,33972.4076969,222.52122770000278,candidate-measurement,0FDD79,valid,1039737,-2,True,
5,1,000026,1790195242.7321348,33972.6157251,222.72925589999795,candidate-measurement,0FDD78,valid,1039736,-1,True,
5,1,000026,1790195242.9236877,33972.8072769,222.9208077000003,candidate-measurement,0FDD78,valid,1039736,0,True,
5,1,000026,1790195243.1156793,33972.9992675,223.11279830000421,candidate-measurement,0FDD76,valid,1039734,-2,True,
5,1,000026,1790195243.3236697,33973.2072577,223.32078850000107,candidate-measurement,0FDD74,valid,1039732,-2,True,
5,1,000026,1790195243.5150862,33973.3986775,223.51220830000238,candidate-measurement,0FDD72,valid,1039730,-2,True,
5,1,000026,1790195243.707072,33973.5906612,223.7041920000047,candidate-measurement,0FDD71,valid,1039729,-1,True,
5,1,000026,1790195243.9146698,33973.7982599,223.91179070000362,candidate-measurement,0FDD6F,valid,1039727,-2,True,
5,1,000026,1790195244.1066465,33973.9902347,224.10376550000365,candidate-measurement,0FDD6D,valid,1039725,-2,True,
5,1,000026,1790195244.2986357,33974.1822238,224.29575460000342,candidate-measurement,0FDD6C,valid,1039724,-1,True,
5,1,000026,1790195244.5060484,33974.3896364,224.5031672000041,candidate-measurement,0FDD6A,valid,1039722,-2,True,
5,1,000026,1790195244.6980991,33974.5816847,224.69521550000354,candidate-measurement,0FDD69,valid,1039721,-1,True,
5,1,000026,1790195244.8900406,33974.7736284,224.8871591999996,candidate-measurement,0FDD67,valid,1039719,-2,True,
5,1,000026,1790195245.0816188,33974.9652049,225.07873570000083,candidate-measurement,0FDD66,valid,1039718,-1,True,
5,1,000026,1790195245.2896013,33975.1731891,225.28671990000294,candidate-measurement,0FDD66,valid,1039718,0,True,
5,1,000026,1790195245.4810178,33975.364606,225.478136800004,candidate-measurement,0FDD66,valid,1039718,0,True,
5,1,000026,1790195245.6730022,33975.5565923,225.67012310000428,candidate-measurement,0FDD64,valid,1039716,-2,True,
5,1,000026,1790195245.8806627,33975.7642508,225.87778160000016,candidate-measurement,0FDD64,valid,1039716,0,True,
5,1,000026,1790195246.072578,33975.9561679,226.06969870000466,candidate-measurement,0FDD64,valid,1039716,0,True,
5,1,000026,1790195246.2645726,33976.1481601,226.26169089999894,candidate-measurement,0FDD63,valid,1039715,-1,True,
5,1,000026,1790195246.4565625,33976.3401522,226.45368299999973,candidate-measurement,0FDD61,valid,1039713,-2,True,
5,1,000026,1790195246.663985,33976.5475731,226.66110389999812,candidate-measurement,0FDD60,valid,1039712,-1,True,
5,1,000026,1790195246.8559704,33976.7395586,226.8530893999996,candidate-measurement,0FDD60,valid,1039712,0,True,
5,1,000026,1790195247.0475438,33976.9311323,227.04466310000134,candidate-measurement,0FDD60,valid,1039712,0,True,
5,1,000026,1790195247.2555404,33977.139129,227.25265980000404,candidate-measurement,0FDD5F,valid,1039711,-1,True,
5,1,000026,1790195247.4475317,33977.33112,227.44465080000373,candidate-measurement,0FDD5F,valid,1039711,0,True,
5,1,000026,1790195247.6389458,33977.5225352,227.63606599999912,candidate-measurement,0FDD5F,valid,1039711,0,True,
5,1,000026,1790195247.8465385,33977.7301254,227.8436561999988,candidate-measurement,0FDD5F,valid,1039711,0,True,
5,1,000026,1790195248.0385044,33977.9220954,228.03562619999866,candidate-measurement,0FDD5F,valid,1039711,0,True,
5,1,000026,1790195248.230507,33978.1140951,228.2276258999991,candidate-measurement,0FDD5D,valid,1039709,-2,True,
5,1,000026,1790195248.422502,33978.3060905,228.4196213000032,candidate-measurement,0FDD56,valid,1039702,-7,True,
5,1,000026,1790195248.6299107,33978.5135017,228.6270325000005,candidate-measurement,0FDD52,valid,1039698,-4,True,
5,1,000026,1790195248.8219075,33978.7054953,228.81902609999815,candidate-measurement,0FDD4F,valid,1039695,-3,True,
5,1,000026,1790195249.0139027,33978.8974907,229.01102150000224,candidate-measurement,0FDD4E,valid,1039694,-1,True,
5,1,000026,1790195249.221482,33979.1050695,229.21860030000244,candidate-measurement,0FDD4D,valid,1039693,-1,True,
5,1,000026,1790195249.41347,33979.2970582,229.41058899999916,candidate-measurement,0FDD4D,valid,1039693,0,True,
5,1,000026,1790195249.6054623,33979.4890523,229.60258310000063,candidate-measurement,0FDD4D,valid,1039693,0,True,
5,1,000026,1790195249.8128746,33979.6964632,229.80999400000292,candidate-measurement,0FDD4D,valid,1039693,0,True,
5,1,000026,1790195250.0048783,33979.888465,230.0019958000048,candidate-measurement,0FDD4C,valid,1039692,-1,True,
5,1,000026,1790195250.1964455,33980.0800331,230.1935639000003,candidate-measurement,0FDD48,valid,1039688,-4,True,
5,1,000026,1790195250.3884344,33980.2720242,230.38555500000075,candidate-measurement,0FDD3B,valid,1039675,-13,True,
5,1,000026,1790195250.5964313,33980.4800189,230.59354970000277,candidate-measurement,0FDD37,valid,1039671,-4,True,
5,1,000026,1790195250.7878463,33980.6714364,230.78496720000112,candidate-measurement,0FDD34,valid,1039668,-3,True,
5,1,000026,1790195250.9798422,33980.8634316,230.97696240000369,candidate-measurement,0FDD32,valid,1039666,-2,True,
5,1,000026,1790195251.1878488,33981.0714369,231.1849676999991,candidate-measurement,0FDD2E,valid,1039662,-4,True,
5,1,000026,1790195251.3794022,33981.2629921,231.37652289999824,candidate-measurement,0FDD2A,valid,1039658,-4,True,
5,1,000026,1790195251.571393,33981.4549834,231.5685142000002,candidate-measurement,0FDD28,valid,1039656,-2,True,
5,1,000026,1790195251.7793918,33981.6629806,231.77651139999944,candidate-measurement,0FDD27,valid,1039655,-1,True,
5,1,000026,1790195251.9707978,33981.8543883,231.9679191000032,candidate-measurement,0FDD26,valid,1039654,-1,True,
5,1,000026,1790195252.162815,33982.0464018,232.1599325999996,candidate-measurement,0FDD26,valid,1039654,0,True,
5,1,000026,1790195252.3547938,33982.2383843,232.35191510000004,candidate-measurement,0FDD25,valid,1039653,-1,True,
5,1,000026,1790195252.5623748,33982.4459637,232.5594945000048,candidate-measurement,0FDD24,valid,1039652,-1,True,
5,1,000026,1790195252.7543652,33982.6379545,232.75148530000297,candidate-measurement,0FDD22,valid,1039650,-2,True,
5,1,000026,1790195252.94635,33982.8299398,232.9434706000029,candidate-measurement,0FDD21,valid,1039649,-1,True,
5,1,000026,1790195253.1537664,33983.0373548,233.15088560000004,candidate-measurement,0FDD1F,valid,1039647,-2,True,
5,1,000026,1790195253.3457549,33983.2293453,233.3428761000032,candidate-measurement,0FDD1E,valid,1039646,-1,True,
5,1,000026,1790195253.5373304,33983.4209199,233.53445070000453,candidate-measurement,0FDD1C,valid,1039644,-2,True,
5,1,000026,1790195253.7453666,33983.6289555,233.74248629999784,candidate-measurement,0FDD1A,valid,1039642,-2,True,
5,1,000026,1790195253.9373217,33983.8209115,233.93444230000023,candidate-measurement,0FDD17,valid,1039639,-3,True,
5,1,000026,1790195254.128742,33984.0123303,234.1258611000012,candidate-measurement,0FDD14,valid,1039636,-3,True,
5,1,000026,1790195254.3207285,33984.2043169,234.31784770000377,candidate-measurement,0FDD13,valid,1039635,-1,True,
5,1,000026,1790195254.5283241,33984.4119154,234.52544620000117,candidate-measurement,0FDD11,valid,1039633,-2,True,
5,1,000026,1790195254.7203298,33984.603917,234.71744780000154,candidate-measurement,0FDD0F,valid,1039631,-2,True,
5,1,000026,1790195254.9122903,33984.7958784,234.9094092000014,candidate-measurement,0FDD0D,valid,1039629,-2,True,
5,1,000026,1790195255.119721,33985.0033088,235.11683959999937,candidate-measurement,0FDD0C,valid,1039628,-1,True,
5,1,000026,1790195255.3117008,33985.1952899,235.3088207000037,candidate-measurement,0FDD0C,valid,1039628,0,True,
5,1,000026,1790195255.5036972,33985.3872861,235.50081689999934,candidate-measurement,0FDD0C,valid,1039628,0,True,
5,1,000026,1790195255.7112606,33985.5948517,235.70838250000088,candidate-measurement,0FDD0A,valid,1039626,-2,True,
5,1,000026,1790195255.9192803,33985.8028689,235.9163996999996,candidate-measurement,0FDD0A,valid,1039626,0,True,
5,1,000026,1790195256.1112783,33985.9948645,236.10839529999794,candidate-measurement,0FDD0A,valid,1039626,0,True,
5,1,000026,1790195256.3026657,33986.1862552,236.29978600000322,candidate-measurement,0FDD0A,valid,1039626,0,True,
5,1,000026,1790195256.4946613,33986.3782495,236.49178029999894,candidate-measurement,0FDD08,valid,1039624,-2,True,
5,1,000026,1790195256.6862314,33986.5698217,236.68335250000382,candidate-measurement,0FDD06,valid,1039622,-2,True,
5,1,000026,1790195256.878229,33986.761817,236.87534779999987,candidate-measurement,0FDD06,valid,1039622,0,True,
5,1,000026,1790195257.0862207,33986.9698077,237.08333850000054,candidate-measurement,0FDD06,valid,1039622,0,True,
5,1,000026,1790195257.2782152,33987.1618033,237.27533409999887,candidate-measurement,0FDD05,valid,1039621,-1,True,
5,1,000026,1790195257.4696264,33987.3532157,237.46674650000205,candidate-measurement,0FDD05,valid,1039621,0,True,
5,1,000026,1790195257.677643,33987.5612308,237.67476159999933,candidate-measurement,0FDD05,valid,1039621,0,True,
5,1,000026,1790195257.885189,33987.7687794,237.8823102000024,candidate-measurement,0FDD05,valid,1039621,0,True,
5,1,000026,1790195258.077201,33987.9607873,238.0743180999998,candidate-measurement,0FDD05,valid,1039621,0,True,
5,1,000026,1790195258.2691865,33988.1527752,238.2663059999977,candidate-measurement,0FDD04,valid,1039620,-1,True,
5,1,000026,1790195258.4605992,33988.344188,238.45771880000393,candidate-measurement,0FDCFE,valid,1039614,-6,True,
5,1,000026,1790195258.6526046,33988.5361921,238.6497229000015,candidate-measurement,0FDCF8,valid,1039608,-6,True,
5,1,000026,1790195258.8441608,33988.7277496,238.8412804000036,candidate-measurement,0FDCF5,valid,1039605,-3,True,
5,1,000026,1790195259.052157,33988.9357445,239.04927529999986,candidate-measurement,0FDCF3,valid,1039603,-2,True,
5,1,000026,1790195259.2441556,33989.1277434,239.2412742000015,candidate-measurement,0FDCF3,valid,1039603,0,True,
5,1,000026,1790195259.4355638,33989.3191522,239.4326829999991,candidate-measurement,0FDCF3,valid,1039603,0,True,
5,1,000026,1790195259.643555,33989.5271433,239.6406741000028,candidate-measurement,0FDCF2,valid,1039602,-1,True,
5,1,000026,1790195259.8511224,33989.7347129,239.84824369999842,candidate-measurement,0FDCEE,valid,1039598,-4,True,
5,1,000026,1790195260.0431318,33989.9267203,240.0402510999993,candidate-measurement,0FDCE1,valid,1039585,-13,True,
5,1,000026,1790195260.2345397,33990.1181278,240.23165860000154,candidate-measurement,0FDCDC,valid,1039580,-5,True,
5,1,000026,1790195260.4265256,33990.3101168,240.42364760000055,candidate-measurement,0FDCDA,valid,1039578,-2,True,
5,1,000026,1790195260.6185272,33990.5021154,240.6156461999999,candidate-measurement,0FDCD7,valid,1039575,-3,True,
5,1,000026,1790195260.8100996,33990.6936891,240.80721990000166,candidate-measurement,0FDCD4,valid,1039572,-3,True,
5,1,000026,1790195261.018108,33990.9016957,241.0152264999997,candidate-measurement,0FDCD0,valid,1039568,-4,True,
5,1,000026,1790195261.2100859,33991.0936741,241.20720489999803,candidate-measurement,0FDCCE,valid,1039566,-2,True,
5,1,000026,1790195261.4014986,33991.2850893,241.3986201000007,candidate-measurement,0FDCCC,valid,1039564,-2,True,
5,1,000026,1790195261.609492,33991.4930813,241.60661210000399,candidate-measurement,0FDCCC,valid,1039564,0,True,
5,1,000026,1790195261.8170657,33991.7006566,241.81418739999935,candidate-measurement,0FDCCB,valid,1039563,-1,True,
5,1,000026,1790195262.0091014,33991.8926893,242.0062201000037,candidate-measurement,0FDCC9,valid,1039561,-2,True,
5,1,000026,1790195262.201062,33992.0846486,242.19817940000212,candidate-measurement,0FDCC8,valid,1039560,-1,True,
5,1,000026,1790195262.3924658,33992.2760548,242.38958560000174,candidate-measurement,0FDCC6,valid,1039558,-2,True,
5,1,000026,1790195262.584068,33992.4676587,242.58118950000062,candidate-measurement,0FDCC4,valid,1039556,-2,True,
5,1,000026,1790195262.7760332,33992.659622,242.7731528000004,candidate-measurement,0FDCC4,valid,1039556,0,True,
5,1,000026,1790195262.9840245,33992.8676157,242.98114650000207,candidate-measurement,0FDCC2,valid,1039554,-2,True,
5,1,000026,1790195263.176046,33993.0596344,243.17316520000168,candidate-measurement,0FDCBF,valid,1039551,-3,True,
5,1,000026,1790195263.3674338,33993.2510228,243.364553600004,candidate-measurement,0FDCBE,valid,1039550,-1,True,
5,1,000026,1790195263.5754304,33993.45902,243.57255080000323,candidate-measurement,0FDCBC,valid,1039548,-2,True,
5,1,000026,1790195263.783002,33993.6665919,243.7801227000018,candidate-measurement,0FDCBB,valid,1039547,-1,True,
5,1,000026,1790195263.9749992,33993.8585884,243.97211919999972,candidate-measurement,0FDCB9,valid,1039545,-2,True,
5,1,000026,1790195264.1670074,33994.0505963,244.1641271000044,candidate-measurement,0FDCB8,valid,1039544,-1,True,
5,1,000026,1790195264.359008,33994.2425959,244.3561267000041,candidate-measurement,0FDCB7,valid,1039543,-1,True,
5,1,000026,1790195264.550418,33994.4340077,244.5475385000027,candidate-measurement,0FDCB5,valid,1039541,-2,True,
5,1,000026,1790195264.7423959,33994.6259841,244.73951490000036,candidate-measurement,0FDCB4,valid,1039540,-1,True,
5,1,000026,1790195264.9499643,33994.8335545,244.94708530000207,candidate-measurement,0FDCB2,valid,1039538,-2,True,
5,1,000026,1790195265.141963,33995.0255514,245.13908220000303,candidate-measurement,0FDCB2,valid,1039538,0,True,
5,1,000026,1790195265.333956,33995.217545,245.3310758000007,candidate-measurement,0FDCB2,valid,1039538,0,True,
5,1,000026,1790195265.5413666,33995.4249553,245.5384860999984,candidate-measurement,0FDCB2,valid,1039538,0,True,
5,1,000026,1790195265.733356,33995.6169465,245.73047729999962,candidate-measurement,0FDCB0,valid,1039536,-2,True,
5,1,000026,1790195265.9249358,33995.8085247,245.92205549999926,candidate-measurement,0FDCB0,valid,1039536,0,True,
5,1,000026,1790195266.1169322,33996.0005202,246.1140510000041,candidate-measurement,0FDCB0,valid,1039536,0,True,
5,1,000026,1790195266.3249395,33996.2085292,246.3220599999986,candidate-measurement,0FDCB0,valid,1039536,0,True,
5,1,000026,1790195266.5169113,33996.400501,246.5140317999976,candidate-measurement,0FDCAE,valid,1039534,-2,True,
5,1,000026,1790195266.7083318,33996.5919208,246.70545159999892,candidate-measurement,0FDCAC,valid,1039532,-2,True,
5,1,000026,1790195266.9163227,33996.7999109,246.9134417000023,candidate-measurement,0FDCAC,valid,1039532,0,True,
5,1,000026,1790195267.108325,33996.9919133,247.10544410000148,candidate-measurement,0FDCAB,valid,1039531,-1,True,
5,1,000026,1790195267.3003125,33997.1839012,247.2974319999994,candidate-measurement,0FDCAB,valid,1039531,0,True,
5,1,000026,1790195267.507881,33997.3914705,247.5050013,candidate-measurement,0FDCAB,valid,1039531,0,True,
5,1,000026,1790195267.699876,33997.5834663,247.69699709999986,candidate-measurement,0FDCAB,valid,1039531,0,True,
5,1,000026,1790195267.89187,33997.7754595,247.88899030000175,candidate-measurement,0FDCAB,valid,1039531,0,True,
5,1,000026,1790195268.083292,33997.966879,248.08040980000078,candidate-measurement,0FDCA9,valid,1039529,-2,True,
5,1,000026,1790195268.2908945,33998.1744826,248.28801340000064,candidate-measurement,0FDCA3,valid,1039523,-6,True,
5,1,000026,1790195268.4828546,33998.366444,248.4799748000005,candidate-measurement,0FDC9F,valid,1039519,-4,True,
5,1,000026,1790195268.6748502,33998.558439,248.67196980000153,candidate-measurement,0FDC9D,valid,1039517,-2,True,
5,1,000026,1790195268.8828342,33998.7664257,248.87995650000084,candidate-measurement,0FDC9B,valid,1039515,-2,True,
5,1,000026,1790195269.0742636,33998.9578498,249.07138059999852,candidate-measurement,0FDC9A,valid,1039514,-1,True,
5,1,000026,1790195269.2662485,33999.1498372,249.2633679999999,candidate-measurement,0FDC9A,valid,1039514,0,True,
5,1,000026,1790195269.4738216,33999.3574102,249.47094099999958,candidate-measurement,0FDC99,valid,1039513,-1,True,
5,1,000026,1790195269.6658154,33999.5494045,249.66293530000257,candidate-measurement,0FDC99,valid,1039513,0,True,
5,1,000026,1790195269.8578057,33999.7413945,249.85492530000192,candidate-measurement,0FDC99,valid,1039513,0,True,
5,1,000026,1790195270.049799,33999.9333895,250.04692030000297,candidate-measurement,0FDC99,valid,1039513,0,True,
5,1,000026,1790195270.2572157,34000.1408039,250.2543347000028,candidate-measurement,0FDC99,valid,1039513,0,True,
5,1,000026,1790195270.4492085,34000.3327971,250.4463279000047,candidate-measurement,0FDC98,valid,1039512,-1,True,
5,1,000026,1790195270.6407826,34000.524372,250.63790280000103,candidate-measurement,0FDC95,valid,1039509,-3,True,
5,1,000026,1790195270.8487866,34000.732378,250.84590880000178,candidate-measurement,0FDC88,valid,1039496,-13,True,
5,1,000026,1790195271.0407746,34000.9243628,251.03789359999791,candidate-measurement,0FDC83,valid,1039491,-5,True,
5,1,000026,1790195271.2327669,34001.1163548,251.22988559999794,candidate-measurement,0FDC80,valid,1039488,-3,True,
5,1,000026,1790195271.42418,34001.3077696,251.42130039999756,candidate-measurement,0FDC7D,valid,1039485,-3,True,
5,1,000026,1790195271.6321716,34001.51576,251.62929080000322,candidate-measurement,0FDC7A,valid,1039482,-3,True,
5,1,000026,1790195271.8237448,34001.707334,251.82086479999998,candidate-measurement,0FDC76,valid,1039478,-4,True,
5,1,000026,1790195272.0157444,34001.8993327,252.0128635000001,candidate-measurement,0FDC74,valid,1039476,-2,True,
5,1,000026,1790195272.2237442,34002.1073327,252.2208634999988,candidate-measurement,0FDC73,valid,1039475,-1,True,
5,1,000026,1790195272.4151406,34002.298731,252.41226180000376,candidate-measurement,0FDC72,valid,1039474,-1,True,
5,1,000026,1790195272.607148,34002.4907365,252.60426730000472,candidate-measurement,0FDC72,valid,1039474,0,True,
5,1,000026,1790195272.8151398,34002.6987283,252.8122590999992,candidate-measurement,0FDC71,valid,1039473,-1,True,
5,1,000026,1790195273.0067008,34002.8902911,253.003821899998,candidate-measurement,0FDC70,valid,1039472,-1,True,
5,1,000026,1790195273.1987066,34003.0822953,253.19582610000361,candidate-measurement,0FDC6E,valid,1039470,-2,True,
5,1,000026,1790195273.3906975,34003.274286,253.38781680000102,candidate-measurement,0FDC6D,valid,1039469,-1,True,
5,1,000026,1790195273.5981069,34003.481697,253.59522780000407,candidate-measurement,0FDC6C,valid,1039468,-1,True,
5,1,000026,1790195273.7901144,34003.6737043,253.78723510000418,candidate-measurement,0FDC6A,valid,1039466,-2,True,
5,1,000026,1790195273.9820974,34003.8656873,253.97921810000116,candidate-measurement,0FDC6A,valid,1039466,0,True,
5,1,000026,1790195274.1896665,34004.0732549,254.18678570000338,candidate-measurement,0FDC68,valid,1039464,-2,True,
5,1,000026,1790195274.3816636,34004.2652522,254.3787830000001,candidate-measurement,0FDC68,valid,1039464,0,True,
5,1,000026,1790195274.5736532,34004.4572428,254.57077360000403,candidate-measurement,0FDC65,valid,1039461,-3,True,
5,1,000026,1790195274.781084,34004.6646753,254.77820610000344,candidate-measurement,0FDC63,valid,1039459,-2,True,
5,1,000026,1790195274.9730644,34004.8566545,254.9701853000006,candidate-measurement,0FDC62,valid,1039458,-1,True,
5,1,000026,1790195275.1646414,34005.0482297,255.16176049999922,candidate-measurement,0FDC5F,valid,1039455,-3,True,
5,1,000026,1790195275.356629,34005.240217,255.35374779999984,candidate-measurement,0FDC5E,valid,1039454,-1,True,
5,1,000026,1790195275.5646193,34005.4482088,255.5617396000016,candidate-measurement,0FDC5C,valid,1039452,-2,True,
5,1,000026,1790195275.756034,34005.6396243,255.75315509999928,candidate-measurement,0FDC5B,valid,1039451,-1,True,
5,1,000026,1790195275.948031,34005.8316217,255.94515250000404,candidate-measurement,0FDC59,valid,1039449,-2,True,
5,1,000026,1790195276.1556695,34006.0392582,256.15278899999976,candidate-measurement,0FDC58,valid,1039448,-1,True,
5,1,000026,1790195276.3476143,34006.231203,256.3447338000042,candidate-measurement,0FDC58,valid,1039448,0,True,
5,1,000026,1790195276.5395956,34006.4231856,256.5367163999981,candidate-measurement,0FDC58,valid,1039448,0,True,
5,1,000026,1790195276.7475846,34006.6311742,256.7447050000046,candidate-measurement,0FDC56,valid,1039446,-2,True,
5,1,000026,1790195276.9546416,34006.8382303,256.95176110000466,candidate-measurement,0FDC56,valid,1039446,0,True,
5,1,000026,1790195277.146573,34007.0301613,257.1436920999986,candidate-measurement,0FDC56,valid,1039446,0,True,
5,1,000026,1790195277.3385613,34007.2221516,257.3356824000002,candidate-measurement,0FDC56,valid,1039446,0,True,
5,1,000026,1790195277.5299802,34007.41357,257.52710079999815,candidate-measurement,0FDC54,valid,1039444,-2,True,
5,1,000026,1790195277.7219903,34007.6055815,257.71911230000114,candidate-measurement,0FDC52,valid,1039442,-2,True,
5,1,000026,1790195277.9139614,34007.7975517,257.9110825000025,candidate-measurement,0FDC52,valid,1039442,0,True,
5,1,000026,1790195278.1215687,34008.0051545,258.11868530000356,candidate-measurement,0FDC51,valid,1039441,-1,True,
5,1,000026,1790195278.3135571,34008.1971438,258.3106745999976,candidate-measurement,0FDC51,valid,1039441,0,True,
5,1,000026,1790195278.5055451,34008.3891362,258.50266700000066,candidate-measurement,0FDC51,valid,1039441,0,True,
5,1,000026,1790195278.7129407,34008.5965305,258.71006130000023,candidate-measurement,0FDC51,valid,1039441,0,True,
5,1,000026,1790195278.904933,34008.7885227,258.9020535000018,candidate-measurement,0FDC50,valid,1039440,-1,True,
5,1,000026,1790195279.0965226,34008.9801094,259.09364020000066,candidate-measurement,0FDC4E,valid,1039438,-2,True,
5,1,000026,1790195279.2885234,34009.1721119,259.2856427000006,candidate-measurement,0FDC45,valid,1039429,-9,True,
5,1,000026,1790195279.4959183,34009.379508,259.49303879999934,candidate-measurement,0FDC42,valid,1039426,-3,True,
5,1,000026,1790195279.6879127,34009.5715015,259.6850323000035,candidate-measurement,0FDC40,valid,1039424,-2,True,
5,1,000026,1790195279.8795028,34009.7630939,259.87662470000214,candidate-measurement,0FDC3F,valid,1039423,-1,True,
5,1,000026,1790195280.0874898,34009.9710774,260.0846081999989,candidate-measurement,0FDC3F,valid,1039423,0,True,
5,1,000026,1790195280.2794893,34010.1630777,260.27660850000393,candidate-measurement,0FDC3F,valid,1039423,0,True,
5,1,000026,1790195280.4708877,34010.3544764,260.46800720000465,candidate-measurement,0FDC3F,valid,1039423,0,True,
5,1,000026,1790195280.6788752,34010.5624663,260.6759970999992,candidate-measurement,0FDC3D,valid,1039421,-2,True,
5,1,000026,1790195280.870869,34010.7544591,260.86798989999807,candidate-measurement,0FDC3C,valid,1039420,-1,True,
5,1,000026,1790195281.0624812,34010.9460684,261.0595992000017,candidate-measurement,0FDC2E,valid,1039406,-14,True,
5,1,000026,1790195281.2544465,34011.1380345,261.25156530000095,candidate-measurement,0FDC28,valid,1039400,-6,True,
5,1,000026,1790195281.4624314,34011.3460216,261.4595524000033,candidate-measurement,0FDC25,valid,1039397,-3,True,
5,1,000026,1790195281.6538448,34011.5374356,261.6509664000041,candidate-measurement,0FDC22,valid,1039394,-3,True,
5,1,000026,1790195281.8458388,34011.7294291,261.842959900001,candidate-measurement,0FDC1C,valid,1039388,-6,True,
5,1,000026,1790195282.0538352,34011.9374258,262.0509566000037,candidate-measurement,0FDC19,valid,1039385,-3,True,
5,1,000026,1790195282.2454057,34012.1289943,262.24252510000224,candidate-measurement,0FDC18,valid,1039384,-1,True,
5,1,000026,1790195282.4374063,34012.3209947,262.43452550000075,candidate-measurement,0FDC17,valid,1039383,-1,True,
5,1,000026,1790195282.6454122,34012.5290005,262.6425313,candidate-measurement,0FDC15,valid,1039381,-2,True,
5,1,000026,1790195282.8374057,34012.7209938,262.8345246000026,candidate-measurement,0FDC14,valid,1039380,-1,True,
5,1,000026,1790195283.0288014,34012.9123907,263.0259215000042,candidate-measurement,0FDC12,valid,1039378,-2,True,
5,1,000026,1790195283.2208028,34013.1043913,263.2179221000042,candidate-measurement,0FDC10,valid,1039376,-2,True,
5,1,000026,1790195283.4287965,34013.3123849,263.42591569999786,candidate-measurement,0FDC10,valid,1039376,0,True,
5,1,000026,1790195283.6203601,34013.5039516,263.6174824000045,candidate-measurement,0FDC0E,valid,1039374,-2,True,
5,1,000026,1790195283.8123612,34013.6959493,263.8094801000043,candidate-measurement,0FDC0C,valid,1039372,-2,True,
5,1,000026,1790195284.0203547,34013.9039445,264.01747530000284,candidate-measurement,0FDC0A,valid,1039370,-2,True,
5,1,000026,1790195284.2123475,34014.0959357,264.20946650000405,candidate-measurement,0FDC09,valid,1039369,-1,True,
5,1,000026,1790195284.4037585,34014.2873458,264.40087660000427,candidate-measurement,0FDC06,valid,1039366,-3,True,
5,1,000026,1790195284.6113338,34014.4949218,264.6084525999977,candidate-measurement,0FDC05,valid,1039365,-1,True,
5,1,000026,1790195284.8033245,34014.6869137,264.80044450000423,candidate-measurement,0FDC03,valid,1039363,-2,True,
5,1,000026,1790195284.9953194,34014.8789071,264.99243790000037,candidate-measurement,0FDC02,valid,1039362,-1,True,
5,1,000026,1790195285.1873202,34015.0709086,265.1844394,candidate-measurement,0FDC00,valid,1039360,-2,True,
5,1,000026,1790195285.3953192,34015.2789087,265.39243949999945,candidate-measurement,0FDBFE,valid,1039358,-2,True,
5,1,000026,1790195285.5867207,34015.4703086,265.58383940000203,candidate-measurement,0FDBFE,valid,1039358,0,True,
5,1,000026,1790195285.778715,34015.6623039,265.7758346999981,candidate-measurement,0FDBFE,valid,1039358,0,True,
5,1,000026,1790195285.9862888,34015.8698789,265.98340969999845,candidate-measurement,0FDBFE,valid,1039358,0,True,
5,1,000026,1790195286.1782835,34016.061872,266.1754027999996,candidate-measurement,0FDBFC,valid,1039356,-2,True,
5,1,000026,1790195286.3702736,34016.2538621,266.3673928999997,candidate-measurement,0FDBFC,valid,1039356,0,True,
5,1,000026,1790195286.5622647,34016.4458544,266.559385200002,candidate-measurement,0FDBFC,valid,1039356,0,True,
5,1,000026,1790195286.7696958,34016.6532855,266.766816299998,candidate-measurement,0FDBFB,valid,1039355,-1,True,
5,1,000026,1790195286.961668,34016.8452594,266.9587901999985,candidate-measurement,0FDBFA,valid,1039354,-1,True,
5,1,000026,1790195287.1532605,34017.0368485,267.1503793000011,candidate-measurement,0FDBF8,valid,1039352,-2,True,
5,1,000026,1790195287.3612432,34017.2448328,267.35836360000394,candidate-measurement,0FDBF8,valid,1039352,0,True,
5,1,000026,1790195287.5532358,34017.4368245,267.5503553000017,candidate-measurement,0FDBF8,valid,1039352,0,True,
5,1,000026,1790195287.7452307,34017.6288198,267.74235059999774,candidate-measurement,0FDBF7,valid,1039351,-1,True,
5,1,000026,1790195287.9526477,34017.8362382,267.9497689999989,candidate-measurement,0FDBF7,valid,1039351,0,True,
5,1,000026,1790195288.1446435,34018.0282318,268.14176260000386,candidate-measurement,0FDBF7,valid,1039351,0,True,
5,1,000026,1790195288.3362048,34018.219796,268.33332679999876,candidate-measurement,0FDBF7,valid,1039351,0,True,
5,1,000026,1790195288.5282235,34018.4118122,268.52534300000116,candidate-measurement,0FDBF7,valid,1039351,0,True,
5,1,000026,1790195288.736201,34018.6197897,268.7333205000032,candidate-measurement,0FDBF6,valid,1039350,-1,True,
5,1,000026,1790195288.9276135,34018.811203,268.92473379999865,candidate-measurement,0FDBEE,valid,1039342,-8,True,
5,1,000026,1790195289.1196141,34019.0032024,269.1167332000041,candidate-measurement,0FDBE9,valid,1039337,-5,True,
5,1,000026,1790195289.3272343,34019.2108226,269.3243533999994,candidate-measurement,0FDBE6,valid,1039334,-3,True,
5,1,000026,1790195289.5191686,34019.4027577,269.5162885000027,candidate-measurement,0FDBE5,valid,1039333,-1,True,
5,1,000026,1790195289.7111752,34019.5947635,269.70829429999867,candidate-measurement,0FDBE5,valid,1039333,0,True,
5,1,000026,1790195289.9191756,34019.8027663,269.91629710000416,candidate-measurement,0FDBE5,valid,1039333,0,True,
5,1,000026,1790195290.1105793,34019.9941682,270.10769900000014,candidate-measurement,0FDBE5,valid,1039333,0,True,
5,1,000026,1790195290.302578,34020.1861662,270.2996970000022,candidate-measurement,0FDBE4,valid,1039332,-1,True,
5,1,000026,1790195290.510574,34020.3941616,270.50769240000227,candidate-measurement,0FDBDD,valid,1039325,-7,True,
5,1,000026,1790195290.7021368,34020.5857253,270.69925610000064,candidate-measurement,0FDBD2,valid,1039314,-11,True,
5,1,000026,1790195290.8941295,34020.7777187,270.89124950000405,candidate-measurement,0FDBCF,valid,1039311,-3,True,
5,1,000026,1790195291.0861242,34020.9697143,271.0832451000024,candidate-measurement,0FDBCC,valid,1039308,-3,True,
5,1,000026,1790195291.2935462,34021.1771342,271.29066500000044,candidate-measurement,0FDBCA,valid,1039306,-2,True,
5,1,000026,1790195291.485576,34021.3691636,271.4826944000015,candidate-measurement,0FDBC8,valid,1039304,-2,True,
5,1,000026,1790195291.6771035,34021.5606934,271.67422420000366,candidate-measurement,0FDBC6,valid,1039302,-2,True,
5,1,000026,1790195291.885109,34021.7686976,271.882228399998,candidate-measurement,0FDBC2,valid,1039298,-4,True,
5,1,000026,1790195292.076535,34021.9601229,272.0736537000048,candidate-measurement,0FDBC1,valid,1039297,-1,True,
5,1,000026,1790195292.2685068,34022.1520949,272.26562569999805,candidate-measurement,0FDBC0,valid,1039296,-1,True,
5,1,000026,1790195292.460501,34022.3440893,272.4576201000018,candidate-measurement,0FDBBF,valid,1039295,-1,True,
5,1,000026,1790195292.668075,34022.5516647,272.66519549999794,candidate-measurement,0FDBBE,valid,1039294,-1,True,
5,1,000026,1790195292.8600595,34022.7436499,272.8571807000044,candidate-measurement,0FDBBE,valid,1039294,0,True,
5,1,000026,1790195293.0520656,34022.9356541,273.04918490000273,candidate-measurement,0FDBBE,valid,1039294,0,True,
5,1,000026,1790195293.2594752,34023.1430639,273.2565947000039,candidate-measurement,0FDBBD,valid,1039293,-1,True,
5,1,000026,1790195293.451469,34023.3350576,273.44858840000234,candidate-measurement,0FDBBB,valid,1039291,-2,True,
5,1,000026,1790195293.6434596,34023.5270482,273.640578999999,candidate-measurement,0FDBBA,valid,1039290,-1,True,
5,1,000026,1790195293.851031,34023.7346215,273.84815230000095,candidate-measurement,0FDBB8,valid,1039288,-2,True,
5,1,000026,1790195294.0430303,34023.9266181,274.0401488999996,candidate-measurement,0FDBB6,valid,1039286,-2,True,
5,1,000026,1790195294.234447,34024.1180355,274.2315663000045,candidate-measurement,0FDBB5,valid,1039285,-1,True,
5,1,000026,1790195294.4264343,34024.3100238,274.42355459999817,candidate-measurement,0FDBB3,valid,1039283,-2,True,
5,1,000026,1790195294.6344302,34024.5180192,274.63154999999824,candidate-measurement,0FDBB0,valid,1039280,-3,True,
5,1,000026,1790195294.8260021,34024.7095916,274.82312240000465,candidate-measurement,0FDBAC,valid,1039276,-4,True,
5,1,000026,1790195295.0180163,34024.9016055,275.0151363000041,candidate-measurement,0FDBAA,valid,1039274,-2,True,
5,1,000026,1790195295.2259953,34025.1095836,275.2231144000034,candidate-measurement,0FDBA8,valid,1039272,-2,True,
5,1,000026,1790195295.417994,34025.301585,275.41511580000224,candidate-measurement,0FDBA6,valid,1039270,-2,True,
5,1,000026,1790195295.6099892,34025.493577,275.60710780000227,candidate-measurement,0FDBA4,valid,1039268,-2,True,
5,1,000026,1790195295.81739,34025.7009795,275.8145102999988,candidate-measurement,0FDBA4,valid,1039268,0,True,
5,1,000026,1790195296.0089624,34025.8925527,276.006083500004,candidate-measurement,0FDBA4,valid,1039268,0,True,
5,1,000026,1790195296.2009628,34026.0845517,276.19808249999915,candidate-measurement,0FDBA3,valid,1039267,-1,True,
5,1,000026,1790195296.3929443,34026.2765356,276.390066400003,candidate-measurement,0FDBA3,valid,1039267,0,True,
5,1,000026,1790195296.6009526,34026.4845392,276.59807,candidate-measurement,0FDBA2,valid,1039266,-1,True,
5,1,000026,1790195296.7929327,34026.6765218,276.7900526000012,candidate-measurement,0FDBA0,valid,1039264,-2,True,
5,1,000026,1790195296.9843602,34026.8679493,276.98148010000295,candidate-measurement,0FDB9E,valid,1039262,-2,True,
5,1,000026,1790195297.1923437,34027.0759317,277.1894624999986,candidate-measurement,0FDB9E,valid,1039262,0,True,
5,1,000026,1790195297.3843417,34027.2679312,277.38146199999755,candidate-measurement,0FDB9D,valid,1039261,-1,True,
5,1,000026,1790195297.5759037,34027.4594948,277.57302560000244,candidate-measurement,0FDB9D,valid,1039261,0,True,
5,1,000026,1790195297.783922,34027.6675104,277.78104120000353,candidate-measurement,0FDB9D,valid,1039261,0,True,
5,1,000026,1790195297.9759052,34027.8594931,277.9730238999982,candidate-measurement,0FDB9D,valid,1039261,0,True,
5,1,000026,1790195298.1673188,34028.0509075,278.1644383000021,candidate-measurement,0FDB9D,valid,1039261,0,True,
5,1,000026,1790195298.3593042,34028.2428936,278.35642440000083,candidate-measurement,0FDB98,valid,1039256,-5,True,
5,1,000026,1790195298.567342,34028.4509318,278.5644625999994,candidate-measurement,0FDB92,valid,1039250,-6,True,
5,1,000026,1790195298.7588758,34028.6424639,278.7559947000045,candidate-measurement,0FDB8F,valid,1039247,-3,True,
5,1,000026,1790195298.950876,34028.8344646,278.94799539999804,candidate-measurement,0FDB8C,valid,1039244,-3,True,
5,1,000026,1790195299.1588635,34029.0424524,279.15598319999845,candidate-measurement,0FDB8C,valid,1039244,0,True,
5,1,000026,1790195299.350852,34029.2344417,279.34797249999974,candidate-measurement,0FDB8B,valid,1039243,-1,True,
5,1,000026,1790195299.5423021,34029.4258888,279.5394195999979,candidate-measurement,0FDB8B,valid,1039243,0,True,
5,1,000026,1790195299.75027,34029.6338594,279.74739019999834,candidate-measurement,0FDB8B,valid,1039243,0,True,
5,1,000026,1790195299.942256,34029.8258443,279.9393751000025,candidate-measurement,0FDB8B,valid,1039243,0,True,
5,1,000026,1790195300.1338313,34030.0174198,280.1309506000034,candidate-measurement,0FDB89,valid,1039241,-2,True,
5,1,000026,1790195300.3258216,34030.2094111,280.3229418999981,candidate-measurement,0FDB84,valid,1039236,-5,True,
5,1,000026,1790195300.5332384,34030.416829,280.53035980000277,candidate-measurement,0FDB7B,valid,1039227,-9,True,
5,1,000026,1790195300.7252467,34030.608836,280.7223668000006,candidate-measurement,0FDB78,valid,1039224,-3,True,
5,1,000026,1790195300.9172294,34030.8008185,280.91434930000105,candidate-measurement,0FDB75,valid,1039221,-3,True,
5,1,000026,1790195301.1248088,34031.008397,281.12192779999896,candidate-measurement,0FDB74,valid,1039220,-1,True,
5,1,000026,1790195301.3168116,34031.2004003,281.3139310999977,candidate-measurement,0FDB72,valid,1039218,-2,True,
5,1,000026,1790195301.508792,34031.3923797,281.50591050000367,candidate-measurement,0FDB71,valid,1039217,-1,True,
5,1,000026,1790195301.7162044,34031.5997932,281.7133240000039,candidate-measurement,0FDB6F,valid,1039215,-2,True,
5,1,000026,1790195301.9081957,34031.791785,281.9053158000024,candidate-measurement,0FDB6E,valid,1039214,-1,True,
5,1,000026,1790195302.09977,34031.9833582,282.0968890000004,candidate-measurement,0FDB6E,valid,1039214,0,True,
5,1,000026,1790195302.291759,34032.175348,282.2888787999982,candidate-measurement,0FDB6C,valid,1039212,-2,True,
5,1,000026,1790195302.4997582,34032.383347,282.49687780000386,candidate-measurement,0FDB69,valid,1039209,-3,True,
5,1,000026,1790195302.6911733,34032.574761,282.68829180000466,candidate-measurement,0FDB67,valid,1039207,-2,True,
5,1,000026,1790195302.8831599,34032.7667511,282.8802819000048,candidate-measurement,0FDB67,valid,1039207,0,True,
5,1,000026,1790195303.0907404,34032.9743289,283.0878597000046,candidate-measurement,0FDB65,valid,1039205,-2,True,
5,1,000026,1790195303.2827284,34033.1663168,283.27984760000254,candidate-measurement,0FDB65,valid,1039205,0,True,
5,1,000026,1790195303.474732,34033.3583207,283.4718514999986,candidate-measurement,0FDB65,valid,1039205,0,True,
5,1,000026,1790195303.682146,34033.565736,283.679266799998,candidate-measurement,0FDB64,valid,1039204,-1,True,
5,1,000026,1790195303.8741293,34033.7577198,283.8712506000011,candidate-measurement,0FDB64,valid,1039204,0,True,
5,1,000026,1790195304.0661297,34033.9497175,284.06324830000085,candidate-measurement,0FDB62,valid,1039202,-2,True,
5,1,000026,1790195304.2577024,34034.1412908,284.25482159999956,candidate-measurement,0FDB61,valid,1039201,-1,True,
5,1,000026,1790195304.4657075,34034.349298,284.46282880000217,candidate-measurement,0FDB60,valid,1039200,-1,True,
5,1,000026,1790195304.657685,34034.5412733,284.6548040999987,candidate-measurement,0FDB5F,valid,1039199,-1,True,
5,1,000026,1790195304.8491008,34034.7326902,284.8462209999998,candidate-measurement,0FDB5C,valid,1039196,-3,True,
5,1,000026,1790195305.0566792,34034.9402675,285.0537983000031,candidate-measurement,0FDB5C,valid,1039196,0,True,
5,1,000026,1790195305.248668,34035.1322567,285.24578750000364,candidate-measurement,0FDB5A,valid,1039194,-2,True,
5,1,000026,1790195305.4406576,34035.3242487,285.43777950000367,candidate-measurement,0FDB58,valid,1039192,-2,True,
5,1,000026,1790195305.648094,34035.5316828,285.6452136000007,candidate-measurement,0FDB56,valid,1039190,-2,True,
5,1,000026,1790195305.8400717,34035.7236601,285.83719089999795,candidate-measurement,0FDB54,valid,1039188,-2,True,
5,1,000026,1790195306.0320566,34035.9156468,286.0291776000013,candidate-measurement,0FDB52,valid,1039186,-2,True,
5,1,000026,1790195306.223643,34036.1072313,286.22076209999796,candidate-measurement,0FDB50,valid,1039184,-2,True,
5,1,000026,1790195306.4316247,34036.3152148,286.428745600002,candidate-measurement,0FDB4E,valid,1039182,-2,True,
5,1,000026,1790195306.6236472,34036.5072353,286.62076610000076,candidate-measurement,0FDB4C,valid,1039180,-2,True,
5,1,000026,1790195306.8150408,34036.6986289,286.81215969999903,candidate-measurement,0FDB4A,valid,1039178,-2,True,
5,1,000026,1790195307.023033,34036.9066231,287.0201539000045,candidate-measurement,0FDB4A,valid,1039178,0,True,
5,1,000026,1790195307.2146008,34037.0981886,287.21171940000204,candidate-measurement,0FDB4A,valid,1039178,0,True,
5,1,000026,1790195307.40665,34037.2902364,287.4037671999977,candidate-measurement,0FDB49,valid,1039177,-1,True,
5,1,000026,1790195307.598583,34037.4821739,287.5957047000047,candidate-measurement,0FDB49,valid,1039177,0,True,
5,1,000026,1790195307.8065846,34037.6901736,287.80370440000115,candidate-measurement,0FDB48,valid,1039176,-1,True,
5,1,000026,1790195307.9979932,34037.8815835,287.99511429999984,candidate-measurement,0FDB46,valid,1039174,-2,True,
5,1,000026,1790195308.189998,34038.0735867,288.18711749999784,candidate-measurement,0FDB45,valid,1039173,-1,True,
5,1,000026,1790195308.3976288,34038.2812167,288.39474750000227,candidate-measurement,0FDB44,valid,1039172,-1,True,
5,1,000026,1790195308.5895562,34038.473147,288.58667779999814,candidate-measurement,0FDB44,valid,1039172,0,True,
5,1,000026,1790195308.78157,34038.6651569,288.7786877000035,candidate-measurement,0FDB44,valid,1039172,0,True,
5,1,000026,1790195308.9895425,34038.8731328,288.9866636000006,candidate-measurement,0FDB43,valid,1039171,-1,True,
5,1,000026,1790195309.1975372,34039.0811251,289.1946558999989,candidate-measurement,0FDB43,valid,1039171,0,True,
5,1,000026,1790195309.388952,34039.272542,289.38607279999997,candidate-measurement,0FDB43,valid,1039171,0,True,
5,1,000026,1790195309.580968,34039.4645568,289.578087599999,candidate-measurement,0FDB43,valid,1039171,0,True,
5,1,000026,1790195309.772938,34039.6565287,289.77005949999875,candidate-measurement,0FDB43,valid,1039171,0,True,
5,1,000026,1790195309.9645147,34039.8481031,289.96163389999856,candidate-measurement,0FDB41,valid,1039169,-2,True,
5,1,000026,1790195310.15651,34040.0400985,290.15362930000265,candidate-measurement,0FDB3A,valid,1039162,-7,True,
5,1,000026,1790195310.3644986,34040.248089,290.3616198000018,candidate-measurement,0FDB37,valid,1039159,-3,True,
5,1,000026,1790195310.5564902,34040.4400809,290.55361170000106,candidate-measurement,0FDB34,valid,1039156,-3,True,
5,1,000026,1790195310.7479148,34040.6315039,290.74503469999763,candidate-measurement,0FDB32,valid,1039154,-2,True,
5,1,000026,1790195310.9558983,34040.8394875,290.95301830000244,candidate-measurement,0FDB31,valid,1039153,-1,True,
5,1,000026,1790195311.1634805,34041.0470687,291.1605994999991,candidate-measurement,0FDB31,valid,1039153,0,True,
5,1,000026,1790195311.3554657,34041.2390566,291.35258740000427,candidate-measurement,0FDB31,valid,1039153,0,True,
5,1,000026,1790195311.5474596,34041.4310497,291.5445804999981,candidate-measurement,0FDB31,valid,1039153,0,True,
5,1,000026,1790195311.7394547,34041.6230435,291.7365743000046,candidate-measurement,0FDB31,valid,1039153,0,True,
5,1,000026,1790195311.931469,34041.8150599,291.9285907000012,candidate-measurement,0FDB30,valid,1039152,-1,True,
5,1,000026,1790195312.1228695,34042.0064573,292.1199880999993,candidate-measurement,0FDB2E,valid,1039150,-2,True,
5,1,000026,1790195312.330855,34042.2144454,292.327976200002,candidate-measurement,0FDB21,valid,1039137,-13,True,
5,1,000026,1790195312.5228496,34042.4064389,292.5199696999989,candidate-measurement,0FDB1C,valid,1039132,-5,True,
5,1,000026,1790195312.7144253,34042.5980156,292.7115464000017,candidate-measurement,0FDB19,valid,1039129,-3,True,
5,1,000026,1790195312.9224374,34042.8060258,292.91955659999803,candidate-measurement,0FDB17,valid,1039127,-2,True,
5,1,000026,1790195313.114413,34042.9980013,293.1115321000034,candidate-measurement,0FDB14,valid,1039124,-3,True,
5,1,000026,1790195313.3064022,34043.1899902,293.30352100000164,candidate-measurement,0FDB12,valid,1039122,-2,True,
5,1,000026,1790195313.4984,34043.3819908,293.49552160000167,candidate-measurement,0FDB0E,valid,1039118,-4,True,
5,1,000026,1790195313.705811,34043.5894008,293.7029316000044,candidate-measurement,0FDB0C,valid,1039116,-2,True,
5,1,000026,1790195313.8973894,34043.7809784,293.89450919999945,candidate-measurement,0FDB0A,valid,1039114,-2,True,
5,1,000026,1790195314.0893996,34043.9729857,294.08651649999956,candidate-measurement,0FDB0A,valid,1039114,0,True,
5,1,000026,1790195314.297377,34044.1809657,294.2944964999988,candidate-measurement,0FDB09,valid,1039113,-1,True,
5,1,000026,1790195314.4893672,34044.3729559,294.48648669999966,candidate-measurement,0FDB07,valid,1039111,-2,True,
5,1,000026,1790195314.6807811,34044.5643698,294.6779005999997,candidate-measurement,0FDB06,valid,1039110,-1,True,
5,1,000026,1790195314.8727913,34044.7563814,294.86991220000345,candidate-measurement,0FDB05,valid,1039109,-1,True,
5,1,000026,1790195315.0803664,34044.9639528,295.07748359999823,candidate-measurement,0FDB02,valid,1039106,-3,True,
5,1,000026,1790195315.2723403,34045.1559281,295.26945890000206,candidate-measurement,0FDB02,valid,1039106,0,True,
5,1,000026,1790195315.4643373,34045.3479252,295.46145600000455,candidate-measurement,0FDB00,valid,1039104,-2,True,
5,1,000026,1790195315.671779,34045.555367,295.668897800002,candidate-measurement,0FDAFD,valid,1039101,-3,True,
5,1,000026,1790195315.8637443,34045.747333,295.8608638000005,candidate-measurement,0FDAFB,valid,1039099,-2,True,
5,1,000026,1790195316.0553157,34045.9389055,296.0524363000004,candidate-measurement,0FDAFA,valid,1039098,-1,True,
5,1,000026,1790195316.2633162,34046.146897,296.2604277999999,candidate-measurement,0FDAF7,valid,1039095,-3,True,
5,1,000026,1790195316.4552975,34046.338886,296.4524167999989,candidate-measurement,0FDAF6,valid,1039094,-1,True,
5,1,000026,1790195316.6467283,34046.5303171,296.64384789999895,candidate-measurement,0FDAF4,valid,1039092,-2,True,
5,1,000026,1790195316.8387117,34046.7223013,296.8358320999978,candidate-measurement,0FDAF2,valid,1039090,-2,True,
5,1,000026,1790195317.0462782,34046.9298673,297.0433981000024,candidate-measurement,0FDAF0,valid,1039088,-2,True,
5,1,000026,1790195317.2382805,34047.1218687,297.2353995000012,candidate-measurement,0FDAF0,valid,1039088,0,True,
5,1,000026,1790195317.4302716,34047.3138619,297.4273927000031,candidate-measurement,0FDAF0,valid,1039088,0,True,
5,1,000026,1790195317.6382635,34047.5218533,297.63538410000183,candidate-measurement,0FDAEE,valid,1039086,-2,True,
5,1,000026,1790195317.8296888,34047.713277,297.82680780000373,candidate-measurement,0FDAEE,valid,1039086,0,True,
5,1,000026,1790195318.0212572,34047.9048459,298.01837669999804,candidate-measurement,0FDAEE,valid,1039086,0,True,
5,1,000026,1790195318.2292557,34048.112844,298.2263748000041,candidate-measurement,0FDAED,valid,1039085,-1,True,
5,1,000026,1790195318.4212348,34048.3048232,298.4183540000013,candidate-measurement,0FDAEB,valid,1039083,-2,True,
5,1,000026,1790195318.6126537,34048.4962435,298.6097742999991,candidate-measurement,0FDAEA,valid,1039082,-1,True,
5,1,000026,1790195318.8046541,34048.6882428,298.8017736000038,candidate-measurement,0FDAEA,valid,1039082,0,True,
5,1,000026,1790195319.0122292,34048.8958171,299.00934789999883,candidate-measurement,0FDAE9,valid,1039081,-1,True,
5,1,000026,1790195319.2042158,34049.0878037,299.2013345000014,candidate-measurement,0FDAE9,valid,1039081,0,True,
5,1,000026,1790195319.3962104,34049.2797999,299.3933307000043,candidate-measurement,0FDAE9,valid,1039081,0,True,
5,1,000026,1790195319.6041987,34049.4877899,299.60132069999963,candidate-measurement,0FDAE9,valid,1039081,0,True,
5,1,000026,1790195319.7956123,34049.6792027,299.7927334999986,candidate-measurement,0FDAE9,valid,1039081,0,True,
5,1,000026,1790195319.9876287,34049.8712176,299.98474839999835,candidate-measurement,0FDAE8,valid,1039080,-1,True,
