payload_index,trial_index,payload_hex,timestamp,monotonic_s,elapsed_candidate_s,phase,rx_bytes_hex,reply_kind,raw_position,delta_counts,valid,note
1,1,00001E,1790201346.5035589,40076.3871434,0.20207420000224374,candidate-warmup,0FFBCD,valid,1047501,66,True,
1,1,00001E,1790201346.6954675,40076.5790564,0.39398719999735476,candidate-warmup,0FFBCD,valid,1047501,0,True,
1,1,00001E,1790201346.8874524,40076.7710407,0.5859714999969583,candidate-warmup,0FFBCD,valid,1047501,0,True,
1,1,00001E,1790201347.078858,40076.9624464,0.7773772000000463,candidate-warmup,0FFBCD,valid,1047501,0,True,
1,1,00001E,1790201347.2708602,40077.1544482,0.9693790000019362,candidate-warmup,0FFBCD,valid,1047501,0,True,
1,1,00001E,1790201347.4624224,40077.3460104,1.1609411999961594,candidate-warmup,0FFBCD,valid,1047501,0,True,
1,1,00001E,1790201347.6704295,40077.5540174,1.3689481999972486,candidate-warmup,0FFBCD,valid,1047501,0,True,
1,1,00001E,1790201347.862414,40077.7460017,1.5609324999968521,candidate-warmup,0FFBCD,valid,1047501,0,True,
1,1,00001E,1790201348.054408,40077.9379963,1.7529271000021254,candidate-warmup,0FFBCE,valid,1047502,1,True,
1,1,00001E,1790201348.2458215,40078.1294099,1.9443406999998842,candidate-warmup,0FFBCE,valid,1047502,0,True,
1,1,00001E,1790201348.4538147,40078.3374027,2.152333500001987,candidate-warmup,0FFBCE,valid,1047502,0,True,
1,1,00001E,1790201348.6453862,40078.5289756,2.3439063999976497,candidate-warmup,0FFBCE,valid,1047502,0,True,
1,1,00001E,1790201348.8373857,40078.7209743,2.5359050999977626,candidate-warmup,0FFBCE,valid,1047502,0,True,
1,1,00001E,1790201349.0453806,40078.9289691,2.7438999000005424,candidate-warmup,0FFBCE,valid,1047502,0,True,
1,1,00001E,1790201349.2367904,40079.1203789,2.93530969999847,candidate-warmup,0FFBCE,valid,1047502,0,True,
1,1,00001E,1790201349.428794,40079.3123821,3.1273128999964683,candidate-warmup,0FFBCF,valid,1047503,1,True,
1,1,00001E,1790201349.6363492,40079.5199389,3.3348696999964886,candidate-warmup,0FFBD1,valid,1047505,2,True,
1,1,00001E,1790201349.8283439,40079.7119333,3.526864100000239,candidate-warmup,0FFBD1,valid,1047505,0,True,
1,1,00001E,1790201350.020345,40079.9039333,3.718864099995699,candidate-warmup,0FFBD1,valid,1047505,0,True,
1,1,00001E,1790201350.2123454,40080.0959334,3.910864199999196,candidate-warmup,0FFBD4,valid,1047508,3,True,
1,1,00001E,1790201350.419745,40080.3033335,4.118264299999282,candidate-warmup,0FFBDB,valid,1047515,7,True,
1,1,00001E,1790201350.6117449,40080.4953334,4.3102642000012565,candidate-warmup,0FFBDE,valid,1047518,3,True,
1,1,00001E,1790201350.8033638,40080.6869272,4.501857999995991,candidate-warmup,0FFBE1,valid,1047521,3,True,
1,1,00001E,1790201351.011307,40080.894895,4.709825799996906,candidate-warmup,0FFBE3,valid,1047523,2,True,
1,1,00001E,1790201351.203315,40081.0869034,4.90183419999812,candidate-warmup,0FFBE3,valid,1047523,0,True,
1,1,00001E,1790201351.3953042,40081.2788928,5.093823600000178,candidate-warmup,0FFBE3,valid,1047523,0,True,
1,1,00001E,1790201351.602709,40081.4862973,5.301228099997388,candidate-warmup,0FFBE4,valid,1047524,1,True,
1,1,00001E,1790201351.7947078,40081.6782976,5.493228400002408,candidate-warmup,0FFBE4,valid,1047524,0,True,
1,1,00001E,1790201351.9862983,40081.8698867,5.684817499997735,candidate-warmup,0FFBE5,valid,1047525,1,True,
1,1,00001E,1790201352.1782706,40082.0618591,5.876789900001313,candidate-warmup,0FFBE5,valid,1047525,0,True,
1,1,00001E,1790201352.3862658,40082.2698541,6.08478489999834,candidate-warmup,0FFBE5,valid,1047525,0,True,
1,1,00001E,1790201352.5782516,40082.4618404,6.27677119999862,candidate-warmup,0FFBE5,valid,1047525,0,True,
1,1,00001E,1790201352.769671,40082.65326,6.4681907999984105,candidate-warmup,0FFBE5,valid,1047525,0,True,
1,1,00001E,1790201352.9773085,40082.8608967,6.675827499995648,candidate-warmup,0FFBE7,valid,1047527,2,True,
1,1,00001E,1790201353.1692414,40083.0528304,6.86776120000286,candidate-warmup,0FFBE9,valid,1047529,2,True,
1,1,00001E,1790201353.3612475,40083.2448359,7.059766699996544,candidate-warmup,0FFBE9,valid,1047529,0,True,
1,1,00001E,1790201353.5692246,40083.452813,7.2677438000027905,candidate-warmup,0FFBEB,valid,1047531,2,True,
1,1,00001E,1790201353.7766392,40083.6602281,7.475158900000679,candidate-warmup,0FFBEB,valid,1047531,0,True,
1,1,00001E,1790201353.968635,40083.852223,7.6671538000009605,candidate-warmup,0FFBEC,valid,1047532,1,True,
1,1,00001E,1790201354.1602125,40084.043801,7.858731799999077,candidate-warmup,0FFBF0,valid,1047536,4,True,
1,1,00001E,1790201354.3522055,40084.2357937,8.050724499997159,candidate-warmup,0FFBF7,valid,1047543,7,True,
1,1,00001E,1790201354.54361,40084.4271998,8.242130599996017,candidate-warmup,0FFBF7,valid,1047543,0,True,
1,1,00001E,1790201354.7356124,40084.6192011,8.434131900001375,candidate-warmup,0FFBF7,valid,1047543,0,True,
1,1,00001E,1790201354.943189,40084.8267778,8.641708600000129,candidate-warmup,0FFBF8,valid,1047544,1,True,
1,1,00001E,1790201355.1351702,40085.0187597,8.83369049999601,candidate-warmup,0FFBFB,valid,1047547,3,True,
1,1,00001E,1790201355.327178,40085.2107658,9.025696600001538,candidate-warmup,0FFBFE,valid,1047550,3,True,
1,1,00001E,1790201355.535164,40085.4187528,9.233683599995857,candidate-warmup,0FFC09,valid,1047561,11,True,
1,1,00001E,1790201355.7271478,40085.610738,9.425668800002313,candidate-warmup,0FFC10,valid,1047568,7,True,
1,1,00001E,1790201355.9185715,40085.8021597,9.617090499996266,candidate-warmup,0FFC13,valid,1047571,3,True,
1,1,00001E,1790201356.1105673,40085.9941561,9.809086900000693,candidate-warmup,0FFC13,valid,1047571,0,True,
1,1,00001E,1790201356.318142,40086.2017305,10.016661299996485,candidate-warmup,0FFC13,valid,1047571,0,True,
1,1,00001E,1790201356.510134,40086.393723,10.20865380000032,candidate-warmup,0FFC14,valid,1047572,1,True,
1,1,00001E,1790201356.7021284,40086.5857165,10.400647299997217,candidate-warmup,0FFC14,valid,1047572,0,True,
1,1,00001E,1790201356.909547,40086.793136,10.608066799999506,candidate-warmup,0FFC14,valid,1047572,0,True,
1,1,00001E,1790201357.1015303,40086.9851195,10.800050300000294,candidate-warmup,0FFC17,valid,1047575,3,True,
1,1,00001E,1790201357.293108,40087.1766965,10.991627299998072,candidate-warmup,0FFC1D,valid,1047581,6,True,
1,1,00001E,1790201357.5011024,40087.3846906,11.199621400002798,candidate-warmup,0FFC23,valid,1047587,6,True,
1,1,00001E,1790201357.6930866,40087.5766767,11.391607500001555,candidate-warmup,0FFC25,valid,1047589,2,True,
1,1,00001E,1790201357.8845072,40087.7680962,11.583027000000584,candidate-warmup,0FFC25,valid,1047589,0,True,
1,1,00001E,1790201358.076512,40087.9601006,11.775031400000444,candidate-warmup,0FFC25,valid,1047589,0,True,
1,1,00001E,1790201358.2841167,40088.167705,11.982635799999116,candidate-warmup,0FFC26,valid,1047590,1,True,
1,1,00001E,1790201358.4760728,40088.3596605,12.1745912999977,candidate-warmup,0FFC27,valid,1047591,1,True,
1,1,00001E,1790201358.6680782,40088.5516659,12.3665966999979,candidate-warmup,0FFC28,valid,1047592,1,True,
1,1,00001E,1790201358.8760593,40088.7596476,12.574578400002792,candidate-warmup,0FFC32,valid,1047602,10,True,
1,1,00001E,1790201359.068047,40088.9516354,12.766566199999943,candidate-warmup,0FFC3C,valid,1047612,10,True,
1,1,00001E,1790201359.25947,40089.1430585,12.95798929999728,candidate-warmup,0FFC3F,valid,1047615,3,True,
1,1,00001E,1790201359.467457,40089.3510456,13.165976399999636,candidate-warmup,0FFC3F,valid,1047615,0,True,
1,1,00001E,1790201359.6594572,40089.5430453,13.357976100000087,candidate-warmup,0FFC3F,valid,1047615,0,True,
1,1,00001E,1790201359.8510244,40089.7346125,13.549543299996003,candidate-warmup,0FFC41,valid,1047617,2,True,
1,1,00001E,1790201360.0430243,40089.9266134,13.741544199998316,candidate-warmup,0FFC43,valid,1047619,2,True,
1,1,00001E,1790201360.2504435,40090.1340314,13.948962199996458,candidate-warmup,0FFC45,valid,1047621,2,True,
1,1,00001E,1790201360.442429,40090.3260176,14.140948399995978,candidate-warmup,0FFC45,valid,1047621,0,True,
1,1,00001E,1790201360.6344192,40090.5180086,14.332939399995666,candidate-warmup,0FFC48,valid,1047624,3,True,
1,1,00001E,1790201360.8419871,40090.7255753,14.54050609999831,candidate-warmup,0FFC50,valid,1047632,8,True,
1,1,00001E,1790201361.0339892,40090.9175774,14.732508200002485,candidate-warmup,0FFC51,valid,1047633,1,True,
1,1,00001E,1790201361.2254033,40091.1089914,14.923922199996014,candidate-warmup,0FFC53,valid,1047635,2,True,
1,1,00001E,1790201361.433395,40091.3169834,15.1319141999993,candidate-warmup,0FFC57,valid,1047639,4,True,
1,1,00001E,1790201361.6249716,40091.5085596,15.323490399998263,candidate-warmup,0FFC58,valid,1047640,1,True,
1,1,00001E,1790201361.816964,40091.7005521,15.515482900002098,candidate-warmup,0FFC61,valid,1047649,9,True,
1,1,00001E,1790201362.0089529,40091.8925409,15.707471699999587,candidate-warmup,0FFC6C,valid,1047660,11,True,
1,1,00001E,1790201362.216951,40092.1005393,15.915470100000675,candidate-warmup,0FFC6D,valid,1047661,1,True,
1,1,00001E,1790201362.4083638,40092.2919523,16.10688310000114,candidate-warmup,0FFC6E,valid,1047662,1,True,
1,1,00001E,1790201362.6003647,40092.4839532,16.29888399999618,candidate-warmup,0FFC70,valid,1047664,2,True,
1,1,00001E,1790201362.807933,40092.6915214,16.506452199995692,candidate-warmup,0FFC76,valid,1047670,6,True,
1,1,00001E,1790201362.9999268,40092.8835159,16.698446700000204,candidate-warmup,0FFC7B,valid,1047675,5,True,
1,1,00001E,1790201363.1919227,40093.0755102,16.890440999995917,candidate-warmup,0FFC7D,valid,1047677,2,True,
1,1,00001E,1790201363.3993318,40093.2829204,17.09785120000015,candidate-warmup,0FFC7F,valid,1047679,2,True,
1,1,00001E,1790201363.5913222,40093.4749116,17.289842400001362,candidate-warmup,0FFC7F,valid,1047679,0,True,
1,1,00001E,1790201363.7828894,40093.6664786,17.481409399995755,candidate-warmup,0FFC7F,valid,1047679,0,True,
1,1,00001E,1790201363.974889,40093.858478,17.673408800001198,candidate-warmup,0FFC7F,valid,1047679,0,True,
1,1,00001E,1790201364.182319,40094.0659071,17.88083789999655,candidate-warmup,0FFC7F,valid,1047679,0,True,
1,1,00001E,1790201364.374295,40094.2578835,18.072814300001482,candidate-warmup,0FFC80,valid,1047680,1,True,
1,1,00001E,1790201364.5658715,40094.4494616,18.26439240000036,candidate-warmup,0FFC86,valid,1047686,6,True,
1,1,00001E,1790201364.773865,40094.6574544,18.472385200002464,candidate-warmup,0FFC94,valid,1047700,14,True,
1,1,00001E,1790201364.9658647,40094.8494536,18.664384399999108,candidate-warmup,0FFC97,valid,1047703,3,True,
1,1,00001E,1790201365.1578543,40095.0414419,18.856372700000065,candidate-warmup,0FFC97,valid,1047703,0,True,
1,1,00001E,1790201365.3652678,40095.2488557,19.063786500002607,candidate-warmup,0FFC98,valid,1047704,1,True,
1,1,00001E,1790201365.5572636,40095.4408533,19.25578410000162,candidate-warmup,0FFC98,valid,1047704,0,True,
1,1,00001E,1790201365.7488809,40095.6324695,19.447400299999572,candidate-warmup,0FFC9B,valid,1047707,3,True,
1,1,00001E,1790201365.9408362,40095.824424,19.639354799997818,candidate-warmup,0FFC9D,valid,1047709,2,True,
1,1,00001E,1790201366.1488364,40096.0324242,19.84735499999806,candidate-warmup,0FFC9E,valid,1047710,1,True,
1,1,00001E,1790201366.3402405,40096.2238287,20.038759499999287,candidate-measurement,0FFC9F,valid,1047711,1,True,
1,1,00001E,1790201366.532244,40096.4158319,20.230762699997285,candidate-measurement,0FFC9F,valid,1047711,0,True,
1,1,00001E,1790201366.7402296,40096.6238183,20.438749100001587,candidate-measurement,0FFCA6,valid,1047718,7,True,
1,1,00001E,1790201366.9318016,40096.8153898,20.63032060000114,candidate-measurement,0FFCAA,valid,1047722,4,True,
1,1,00001E,1790201367.1237948,40097.0073839,20.822314700002607,candidate-measurement,0FFCAB,valid,1047723,1,True,
1,1,00001E,1790201367.315785,40097.1993733,21.01430409999739,candidate-measurement,0FFCAD,valid,1047725,2,True,
1,1,00001E,1790201367.5232096,40097.4067979,21.22172870000213,candidate-measurement,0FFCAE,valid,1047726,1,True,
1,1,00001E,1790201367.7151887,40097.5987772,21.413708000000042,candidate-measurement,0FFCAF,valid,1047727,1,True,
1,1,00001E,1790201367.9067547,40097.7903446,21.60527539999748,candidate-measurement,0FFCB1,valid,1047729,2,True,
1,1,00001E,1790201368.114756,40097.9983448,21.813275599997723,candidate-measurement,0FFCB1,valid,1047729,0,True,
1,1,00001E,1790201368.3067596,40098.1903481,22.005278899996483,candidate-measurement,0FFCB4,valid,1047732,3,True,
1,1,00001E,1790201368.4987469,40098.3823347,22.197265499999048,candidate-measurement,0FFCC4,valid,1047748,16,True,
1,1,00001E,1790201368.7061641,40098.5897525,22.404683299995668,candidate-measurement,0FFCC6,valid,1047750,2,True,
1,1,00001E,1790201368.898156,40098.7817446,22.596675399996457,candidate-measurement,0FFCC7,valid,1047751,1,True,
1,1,00001E,1790201369.0897343,40098.973323,22.78825379999762,candidate-measurement,0FFCC9,valid,1047753,2,True,
1,1,00001E,1790201369.281729,40099.1653171,22.980247899999085,candidate-measurement,0FFCCA,valid,1047754,1,True,
1,1,00001E,1790201369.48972,40099.3733083,23.18823909999628,candidate-measurement,0FFCCE,valid,1047758,4,True,
1,1,00001E,1790201369.681708,40099.5652964,23.380227199995716,candidate-measurement,0FFCD4,valid,1047764,6,True,
1,1,00001E,1790201369.8731294,40099.7567185,23.57164929999999,candidate-measurement,0FFCD7,valid,1047767,3,True,
1,1,00001E,1790201370.0811193,40099.9647066,23.779637400002684,candidate-measurement,0FFCD7,valid,1047767,0,True,
1,1,00001E,1790201370.2727067,40100.1562948,23.971225599998434,candidate-measurement,0FFCD9,valid,1047769,2,True,
1,1,00001E,1790201370.4646845,40100.3482727,24.163203500000236,candidate-measurement,0FFCD9,valid,1047769,0,True,
1,1,00001E,1790201370.6726818,40100.5562701,24.371200900000986,candidate-measurement,0FFCD9,valid,1047769,0,True,
1,1,00001E,1790201370.8640976,40100.7476854,24.562616199997137,candidate-measurement,0FFCD9,valid,1047769,0,True,
1,1,00001E,1790201371.0560875,40100.9396758,24.754606599999534,candidate-measurement,0FFCD9,valid,1047769,0,True,
1,1,00001E,1790201371.263663,40101.147251,24.962181800001417,candidate-measurement,0FFCDA,valid,1047770,1,True,
1,1,00001E,1790201371.455683,40101.3392711,25.154201899997133,candidate-measurement,0FFCDB,valid,1047771,1,True,
1,1,00001E,1790201371.647643,40101.5312323,25.34616310000274,candidate-measurement,0FFCDF,valid,1047775,4,True,
1,1,00001E,1790201371.8390703,40101.7226581,25.53758889999881,candidate-measurement,0FFCEB,valid,1047787,12,True,
1,1,00001E,1790201372.04707,40101.9306577,25.74558850000176,candidate-measurement,0FFCF0,valid,1047792,5,True,
1,1,00001E,1790201372.2390509,40102.1226391,25.937569900001108,candidate-measurement,0FFCF2,valid,1047794,2,True,
1,1,00001E,1790201372.4306202,40102.3142084,26.129139199998463,candidate-measurement,0FFCF2,valid,1047794,0,True,
1,1,00001E,1790201372.6386073,40102.5221965,26.337127300001157,candidate-measurement,0FFCF2,valid,1047794,0,True,
1,1,00001E,1790201372.8300242,40102.7136136,26.528544399996463,candidate-measurement,0FFCF2,valid,1047794,0,True,
1,1,00001E,1790201373.0220218,40102.9056105,26.72054129999742,candidate-measurement,0FFCF4,valid,1047796,2,True,
1,1,00001E,1790201373.2296038,40103.1131923,26.92812309999863,candidate-measurement,0FFCF4,valid,1047796,0,True,
1,1,00001E,1790201373.4216034,40103.3051912,27.120122000000265,candidate-measurement,0FFCF6,valid,1047798,2,True,
1,1,00001E,1790201373.6135828,40103.4971728,27.312103600001137,candidate-measurement,0FFCF7,valid,1047799,1,True,
1,1,00001E,1790201373.8055685,40103.6891582,27.50408900000184,candidate-measurement,0FFCF7,valid,1047799,0,True,
1,1,00001E,1790201374.0129848,40103.8965738,27.71150459999626,candidate-measurement,0FFCF8,valid,1047800,1,True,
1,1,00001E,1790201374.2049947,40104.0885836,27.90351440000086,candidate-measurement,0FFCF9,valid,1047801,1,True,
1,1,00001E,1790201374.3965585,40104.2801466,28.095077400001173,candidate-measurement,0FFCFE,valid,1047806,5,True,
1,1,00001E,1790201374.6045463,40104.4881358,28.303066599997692,candidate-measurement,0FFD03,valid,1047811,5,True,
1,1,00001E,1790201374.796574,40104.6801632,28.495093999998062,candidate-measurement,0FFD05,valid,1047813,2,True,
1,1,00001E,1790201374.9879522,40104.8715407,28.686471499997424,candidate-measurement,0FFD05,valid,1047813,0,True,
1,1,00001E,1790201375.1800406,40105.063629,28.878559799995855,candidate-measurement,0FFD05,valid,1047813,0,True,
1,1,00001E,1790201375.3875246,40105.2711128,29.086043600000266,candidate-measurement,0FFD05,valid,1047813,0,True,
1,1,00001E,1790201375.579526,40105.4631145,29.278045300001395,candidate-measurement,0FFD06,valid,1047814,1,True,
1,1,00001E,1790201375.771513,40105.6551024,29.470033199999307,candidate-measurement,0FFD08,valid,1047816,2,True,
1,1,00001E,1790201375.9795094,40105.8630974,29.678028199996334,candidate-measurement,0FFD09,valid,1047817,1,True,
1,1,00001E,1790201376.170922,40106.0545103,29.86944109999604,candidate-measurement,0FFD0B,valid,1047819,2,True,
1,1,00001E,1790201376.362917,40106.2465052,30.06143599999632,candidate-measurement,0FFD0B,valid,1047819,0,True,
1,1,00001E,1790201376.5704806,40106.4540693,30.269000100000994,candidate-measurement,0FFD0D,valid,1047821,2,True,
1,1,00001E,1790201376.7624917,40106.6460801,30.461010899998655,candidate-measurement,0FFD1A,valid,1047834,13,True,
1,1,00001E,1790201376.954474,40106.8380625,30.652993299998343,candidate-measurement,0FFD20,valid,1047840,6,True,
1,1,00001E,1790201377.1464891,40107.0300777,30.845008500000404,candidate-measurement,0FFD22,valid,1047842,2,True,
1,1,00001E,1790201377.3538775,40107.2374661,31.052396899998712,candidate-measurement,0FFD23,valid,1047843,1,True,
1,1,00001E,1790201377.5458755,40107.4294636,31.244394399996963,candidate-measurement,0FFD28,valid,1047848,5,True,
1,1,00001E,1790201377.7374902,40107.6210789,31.436009700002614,candidate-measurement,0FFD31,valid,1047857,9,True,
1,1,00001E,1790201377.9454446,40107.829033,31.643963800001075,candidate-measurement,0FFD33,valid,1047859,2,True,
1,1,00001E,1790201378.1374357,40108.0210248,31.83595559999958,candidate-measurement,0FFD33,valid,1047859,0,True,
1,1,00001E,1790201378.3294508,40108.2130393,32.02797009999631,candidate-measurement,0FFD33,valid,1047859,0,True,
1,1,00001E,1790201378.536843,40108.4204313,32.2353621000002,candidate-measurement,0FFD33,valid,1047859,0,True,
1,1,00001E,1790201378.7288375,40108.6124263,32.427357100001245,candidate-measurement,0FFD33,valid,1047859,0,True,
1,1,00001E,1790201378.9208329,40108.8044224,32.61935319999611,candidate-measurement,0FFD33,valid,1047859,0,True,
1,1,00001E,1790201379.1124065,40108.9959955,32.810926300000574,candidate-measurement,0FFD36,valid,1047862,3,True,
1,1,00001E,1790201379.3204093,40109.2039968,33.018927600001916,candidate-measurement,0FFD3E,valid,1047870,8,True,
1,1,00001E,1790201379.5123916,40109.39598,33.21091080000042,candidate-measurement,0FFD4A,valid,1047882,12,True,
1,1,00001E,1790201379.7038052,40109.5873939,33.40232470000046,candidate-measurement,0FFD4D,valid,1047885,3,True,
1,1,00001E,1790201379.9117992,40109.7953885,33.61031930000172,candidate-measurement,0FFD4D,valid,1047885,0,True,
1,1,00001E,1790201380.1033716,40109.9869602,33.8018910000028,candidate-measurement,0FFD4D,valid,1047885,0,True,
1,1,00001E,1790201380.2953765,40110.1789646,33.99389540000266,candidate-measurement,0FFD4F,valid,1047887,2,True,
1,1,00001E,1790201380.5033581,40110.3869464,34.201877200001036,candidate-measurement,0FFD51,valid,1047889,2,True,
1,1,00001E,1790201380.710785,40110.5943726,34.40930339999613,candidate-measurement,0FFD52,valid,1047890,1,True,
1,1,00001E,1790201380.9027653,40110.7863535,34.60128429999895,candidate-measurement,0FFD53,valid,1047891,1,True,
1,1,00001E,1790201381.0947707,40110.978359,34.79328979999991,candidate-measurement,0FFD58,valid,1047896,5,True,
1,1,00001E,1790201381.2863412,40111.1699293,34.984860099997604,candidate-measurement,0FFD5D,valid,1047901,5,True,
1,1,00001E,1790201381.4783227,40111.3619114,35.176842200002284,candidate-measurement,0FFD5F,valid,1047903,2,True,
1,1,00001E,1790201381.6703203,40111.5539103,35.368841099996644,candidate-measurement,0FFD5F,valid,1047903,0,True,
1,1,00001E,1790201381.8783247,40111.7619131,35.57684390000213,candidate-measurement,0FFD5F,valid,1047903,0,True,
1,1,00001E,1790201382.0697243,40111.953314,35.768244799997774,candidate-measurement,0FFD5F,valid,1047903,0,True,
1,1,00001E,1790201382.2617395,40112.1453281,35.960258899998735,candidate-measurement,0FFD60,valid,1047904,1,True,
1,1,00001E,1790201382.4693356,40112.352924,36.16785479999817,candidate-measurement,0FFD62,valid,1047906,2,True,
1,1,00001E,1790201382.6612911,40112.5448792,36.359810000001744,candidate-measurement,0FFD64,valid,1047908,2,True,
1,1,00001E,1790201382.8532875,40112.7368763,36.55180709999695,candidate-measurement,0FFD64,valid,1047908,0,True,
1,1,00001E,1790201383.0452933,40112.9288823,36.74381310000172,candidate-measurement,0FFD65,valid,1047909,1,True,
1,1,00001E,1790201383.252697,40113.1362859,36.95121669999935,candidate-measurement,0FFD67,valid,1047911,2,True,
1,1,00001E,1790201383.444683,40113.3282705,37.14320130000124,candidate-measurement,0FFD70,valid,1047920,9,True,
1,1,00001E,1790201383.6362596,40113.5198473,37.33477809999749,candidate-measurement,0FFD77,valid,1047927,7,True,
1,1,00001E,1790201383.844255,40113.7278439,37.54277469999943,candidate-measurement,0FFD7B,valid,1047931,4,True,
1,1,00001E,1790201384.0362458,40113.9198346,37.73476539999683,candidate-measurement,0FFD7B,valid,1047931,0,True,
1,1,00001E,1790201384.227659,40114.1112476,37.9261783999973,candidate-measurement,0FFD7B,valid,1047931,0,True,
1,1,00001E,1790201384.4356544,40114.3192427,38.13417350000236,candidate-measurement,0FFD7C,valid,1047932,1,True,
1,1,00001E,1790201384.6276457,40114.5112348,38.326165599995875,candidate-measurement,0FFD7C,valid,1047932,0,True,
1,1,00001E,1790201384.8196332,40114.7032217,38.518152500000724,candidate-measurement,0FFD7D,valid,1047933,1,True,
1,1,00001E,1790201385.0112166,40114.8948051,38.7097358999963,candidate-measurement,0FFD82,valid,1047938,5,True,
1,1,00001E,1790201385.2192152,40115.1028032,38.91773400000238,candidate-measurement,0FFD8B,valid,1047947,9,True,
1,1,00001E,1790201385.4106417,40115.2942278,39.10915859999659,candidate-measurement,0FFD8D,valid,1047949,2,True,
1,1,00001E,1790201385.602616,40115.4862044,39.30113519999577,candidate-measurement,0FFD8D,valid,1047949,0,True,
1,1,00001E,1790201385.8106072,40115.6941955,39.50912629999948,candidate-measurement,0FFD8D,valid,1047949,0,True,
1,1,00001E,1790201386.002186,40115.8857749,39.70070570000098,candidate-measurement,0FFD8F,valid,1047951,2,True,
1,1,00001E,1790201386.194176,40116.0777637,39.89269449999847,candidate-measurement,0FFD95,valid,1047957,6,True,
1,1,00001E,1790201386.386175,40116.2697633,40.08469409999816,candidate-measurement,0FFDA2,valid,1047970,13,True,
1,1,00001E,1790201386.5941648,40116.477753,40.292683799998485,candidate-measurement,0FFDA5,valid,1047973,3,True,
1,1,00001E,1790201386.7855797,40116.6691691,40.48409990000073,candidate-measurement,0FFDA6,valid,1047974,1,True,
1,1,00001E,1790201386.9775903,40116.8611784,40.67610920000152,candidate-measurement,0FFDA6,valid,1047974,0,True,
1,1,00001E,1790201387.185557,40117.0691471,40.88407790000201,candidate-measurement,0FFDA6,valid,1047974,0,True,
1,1,00001E,1790201387.3775563,40117.2611441,41.076074899996456,candidate-measurement,0FFDA8,valid,1047976,2,True,
1,1,00001E,1790201387.5691319,40117.452721,41.26765180000075,candidate-measurement,0FFDAA,valid,1047978,2,True,
1,1,00001E,1790201387.7771142,40117.6607025,41.475633299996844,candidate-measurement,0FFDAC,valid,1047980,2,True,
1,1,00001E,1790201387.9691172,40117.8527065,41.66763730000093,candidate-measurement,0FFDAC,valid,1047980,0,True,
1,1,00001E,1790201388.1605308,40118.0441197,41.85905049999565,candidate-measurement,0FFDAD,valid,1047981,1,True,
1,1,00001E,1790201388.3525257,40118.236114,42.051044799998635,candidate-measurement,0FFDAE,valid,1047982,1,True,
1,1,00001E,1790201388.560531,40118.4441188,42.259049599997525,candidate-measurement,0FFDB4,valid,1047988,6,True,
1,1,00001E,1790201388.7520866,40118.6356762,42.450606999998854,candidate-measurement,0FFDB9,valid,1047993,5,True,
1,1,00001E,1790201388.9440875,40118.8276769,42.642607699999644,candidate-measurement,0FFDB9,valid,1047993,0,True,
1,1,00001E,1790201389.1520784,40119.035667,42.85059779999574,candidate-measurement,0FFDB9,valid,1047993,0,True,
1,1,00001E,1790201389.3434975,40119.2270857,43.04201649999595,candidate-measurement,0FFDBA,valid,1047994,1,True,
1,1,00001E,1790201389.5354834,40119.4190716,43.23400240000046,candidate-measurement,0FFDBC,valid,1047996,2,True,
1,1,00001E,1790201389.7430768,40119.6266655,43.44159629999922,candidate-measurement,0FFDBE,valid,1047998,2,True,
1,1,00001E,1790201389.935052,40119.8186414,43.633572200000344,candidate-measurement,0FFDBE,valid,1047998,0,True,
1,1,00001E,1790201390.1270485,40120.0106373,43.825568100000964,candidate-measurement,0FFDBE,valid,1047998,0,True,
1,1,00001E,1790201390.3344681,40120.2180557,44.03298650000215,candidate-measurement,0FFDC2,valid,1048002,4,True,
1,1,00001E,1790201390.5264583,40120.4100466,44.22497740000108,candidate-measurement,0FFDCC,valid,1048012,10,True,
1,1,00001E,1790201390.718474,40120.6020624,44.416993200000434,candidate-measurement,0FFDD2,valid,1048018,6,True,
1,1,00001E,1790201390.910024,40120.7936126,44.60854339999787,candidate-measurement,0FFDD4,valid,1048020,2,True,
1,1,00001E,1790201391.1180148,40121.0016024,44.81653319999896,candidate-measurement,0FFDD4,valid,1048020,0,True,
1,1,00001E,1790201391.310022,40121.1936095,45.00854029999755,candidate-measurement,0FFDD5,valid,1048021,1,True,
1,1,00001E,1790201391.5020041,40121.3855921,45.20052289999876,candidate-measurement,0FFDD7,valid,1048023,2,True,
1,1,00001E,1790201391.7094162,40121.5930048,45.4079356000002,candidate-measurement,0FFDD7,valid,1048023,0,True,
1,1,00001E,1790201391.9014194,40121.7850074,45.599938200000906,candidate-measurement,0FFDD9,valid,1048025,2,True,
1,1,00001E,1790201392.0929937,40121.9765819,45.791512700001476,candidate-measurement,0FFDDE,valid,1048030,5,True,
1,1,00001E,1790201392.2849867,40122.1685748,45.98350560000108,candidate-measurement,0FFDE4,valid,1048036,6,True,
1,1,00001E,1790201392.4929945,40122.3765814,46.191512199999124,candidate-measurement,0FFDE5,valid,1048037,1,True,
1,1,00001E,1790201392.6843824,40122.5679716,46.3829024000006,candidate-measurement,0FFDE5,valid,1048037,0,True,
1,1,00001E,1790201392.8763914,40122.7599794,46.57491019999725,candidate-measurement,0FFDE7,valid,1048039,2,True,
1,1,00001E,1790201393.0839515,40122.9675396,46.78247040000133,candidate-measurement,0FFDE7,valid,1048039,0,True,
1,1,00001E,1790201393.2759554,40123.1595443,46.9744750999962,candidate-measurement,0FFDE7,valid,1048039,0,True,
1,1,00001E,1790201393.4679477,40123.351536,47.16646680000122,candidate-measurement,0FFDE7,valid,1048039,0,True,
1,1,00001E,1790201393.6753635,40123.558951,47.373881799998344,candidate-measurement,0FFDE7,valid,1048039,0,True,
1,1,00001E,1790201393.867342,40123.7509318,47.5658626000004,candidate-measurement,0FFDE8,valid,1048040,1,True,
1,1,00001E,1790201394.059347,40123.942936,47.75786679999874,candidate-measurement,0FFDEA,valid,1048042,2,True,
1,1,00001E,1790201394.2509148,40124.1345042,47.94943500000227,candidate-measurement,0FFDF0,valid,1048048,6,True,
1,1,00001E,1790201394.4589114,40124.3424999,48.15743069999735,candidate-measurement,0FFDFC,valid,1048060,12,True,
1,1,00001E,1790201394.6509027,40124.5344907,48.34942150000279,candidate-measurement,0FFDFF,valid,1048063,3,True,
1,1,00001E,1790201394.8423154,40124.7259045,48.54083530000207,candidate-measurement,0FFDFF,valid,1048063,0,True,
1,1,00001E,1790201395.050307,40124.9338963,48.74882709999656,candidate-measurement,0FFE00,valid,1048064,1,True,
1,1,00001E,1790201395.2418787,40125.1254679,48.94039869999688,candidate-measurement,0FFE01,valid,1048065,1,True,
1,1,00001E,1790201395.4338777,40125.3174659,49.132396699998935,candidate-measurement,0FFE01,valid,1048065,0,True,
1,1,00001E,1790201395.62587,40125.5094584,49.32438920000277,candidate-measurement,0FFE02,valid,1048066,1,True,
1,1,00001E,1790201395.8338687,40125.7174578,49.53238859999692,candidate-measurement,0FFE03,valid,1048067,1,True,
1,1,00001E,1790201396.0258586,40125.9094475,49.72437830000126,candidate-measurement,0FFE05,valid,1048069,2,True,
1,1,00001E,1790201396.2172697,40126.1008581,49.915788899998006,candidate-measurement,0FFE07,valid,1048071,2,True,
1,1,00001E,1790201396.4252586,40126.3088471,50.12377790000028,candidate-measurement,0FFE07,valid,1048071,0,True,
1,1,00001E,1790201396.6168542,40126.5004425,50.31537329999992,candidate-measurement,0FFE08,valid,1048072,1,True,
1,1,00001E,1790201396.8088272,40126.6924164,50.50734720000037,candidate-measurement,0FFE0F,valid,1048079,7,True,
1,1,00001E,1790201397.0168257,40126.9004138,50.71534460000112,candidate-measurement,0FFE13,valid,1048083,4,True,
1,1,00001E,1790201397.2082348,40127.0918242,50.90675499999634,candidate-measurement,0FFE13,valid,1048083,0,True,
1,1,00001E,1790201397.4002326,40127.2838205,51.0987513,candidate-measurement,0FFE13,valid,1048083,0,True,
1,1,00001E,1790201397.6078167,40127.4914058,51.30633659999876,candidate-measurement,0FFE14,valid,1048084,1,True,
1,1,00001E,1790201397.7998052,40127.6833938,51.49832459999743,candidate-measurement,0FFE16,valid,1048086,2,True,
1,1,00001E,1790201397.9917989,40127.8753876,51.69031839999661,candidate-measurement,0FFE19,valid,1048089,3,True,
1,1,00001E,1790201398.1837888,40128.0673777,51.882308499996725,candidate-measurement,0FFE1A,valid,1048090,1,True,
1,1,00001E,1790201398.3912053,40128.274792,52.0897227999958,candidate-measurement,0FFE22,valid,1048098,8,True,
1,1,00001E,1790201398.583194,40128.4667829,52.281713700002,candidate-measurement,0FFE2C,valid,1048108,10,True,
1,1,00001E,1790201398.774794,40128.6583814,52.473312199996144,candidate-measurement,0FFE2E,valid,1048110,2,True,
1,1,00001E,1790201398.982769,40128.8663569,52.68128769999748,candidate-measurement,0FFE30,valid,1048112,2,True,
1,1,00001E,1790201399.174752,40129.0583419,52.87327270000242,candidate-measurement,0FFE30,valid,1048112,0,True,
1,1,00001E,1790201399.3661728,40129.2497608,53.06469159999688,candidate-measurement,0FFE32,valid,1048114,2,True,
1,1,00001E,1790201399.5581625,40129.4417507,53.25668150000274,candidate-measurement,0FFE3A,valid,1048122,8,True,
1,1,00001E,1790201399.7657356,40129.6493244,53.46425520000048,candidate-measurement,0FFE3F,valid,1048127,5,True,
1,1,00001E,1790201399.957727,40129.8413154,53.65624620000017,candidate-measurement,0FFE41,valid,1048129,2,True,
1,1,00001E,1790201400.1497529,40130.0333399,53.848270700000285,candidate-measurement,0FFE41,valid,1048129,0,True,
1,1,00001E,1790201400.3571415,40130.2407294,54.05566019999969,candidate-measurement,0FFE41,valid,1048129,0,True,
1,1,00001E,1790201400.5491464,40130.4327343,54.247665099996084,candidate-measurement,0FFE41,valid,1048129,0,True,
1,1,00001E,1790201400.7411482,40130.6247363,54.4396670999995,candidate-measurement,0FFE41,valid,1048129,0,True,
1,1,00001E,1790201400.9486911,40130.8322788,54.64720959999977,candidate-measurement,0FFE42,valid,1048130,1,True,
1,1,00001E,1790201401.1406918,40131.02428,54.83921079999709,candidate-measurement,0FFE45,valid,1048133,3,True,
1,1,00001E,1790201401.3326907,40131.2162791,55.03120990000025,candidate-measurement,0FFE52,valid,1048146,13,True,
1,1,00001E,1790201401.5400982,40131.4236873,55.23861809999653,candidate-measurement,0FFE5B,valid,1048155,9,True,
1,1,00001E,1790201401.7320924,40131.615681,55.430611800002225,candidate-measurement,0FFE5B,valid,1048155,0,True,
1,1,00001E,1790201401.924091,40131.8076802,55.62261099999887,candidate-measurement,0FFE5E,valid,1048158,3,True,
1,1,00001E,1790201402.1156628,40131.9992512,55.81418200000189,candidate-measurement,0FFE5F,valid,1048159,1,True,
1,1,00001E,1790201402.3236597,40132.2072473,56.02217810000002,candidate-measurement,0FFE61,valid,1048161,2,True,
1,1,00001E,1790201402.5156531,40132.3992415,56.21417230000225,candidate-measurement,0FFE61,valid,1048161,0,True,
1,1,00001E,1790201402.7070622,40132.590651,56.40558179999789,candidate-measurement,0FFE64,valid,1048164,3,True,
1,1,00001E,1790201402.9150543,40132.7986431,56.61357390000194,candidate-measurement,0FFE6D,valid,1048173,9,True,
1,1,00001E,1790201403.1066332,40132.9902219,56.80515269999887,candidate-measurement,0FFE6D,valid,1048173,0,True,
1,1,00001E,1790201403.298634,40133.1822222,56.997152999996615,candidate-measurement,0FFE6E,valid,1048174,1,True,
1,1,00001E,1790201403.49062,40133.3742085,57.189139299996896,candidate-measurement,0FFE70,valid,1048176,2,True,
1,1,00001E,1790201403.6980443,40133.5816325,57.39656329999707,candidate-measurement,0FFE71,valid,1048177,1,True,
1,1,00001E,1790201403.8900197,40133.773609,57.58853980000276,candidate-measurement,0FFE73,valid,1048179,2,True,
1,1,00001E,1790201404.0815969,40133.9651855,57.780116299996735,candidate-measurement,0FFE73,valid,1048179,0,True,
1,1,00001E,1790201404.2895877,40134.1731759,57.98810670000239,candidate-measurement,0FFE77,valid,1048183,4,True,
1,1,00001E,1790201404.4815807,40134.3651693,58.180100099998526,candidate-measurement,0FFE84,valid,1048196,13,True,
1,1,00001E,1790201404.6730034,40134.5565913,58.37152210000204,candidate-measurement,0FFE88,valid,1048200,4,True,
1,1,00001E,1790201404.881034,40134.7646229,58.57955370000127,candidate-measurement,0FFE88,valid,1048200,0,True,
1,1,00001E,1790201405.0729942,40134.9565843,58.771515100001125,candidate-measurement,0FFE89,valid,1048201,1,True,
1,1,00001E,1790201405.2645962,40135.1481839,58.96311469999637,candidate-measurement,0FFE8A,valid,1048202,1,True,
1,1,00001E,1790201405.4565573,40135.3401454,59.155076199996984,candidate-measurement,0FFE8B,valid,1048203,1,True,
1,1,00001E,1790201405.6645458,40135.5481338,59.36306460000196,candidate-measurement,0FFE8E,valid,1048206,3,True,
1,1,00001E,1790201405.855963,40135.7395517,59.554482499996084,candidate-measurement,0FFE94,valid,1048212,6,True,
1,1,00001E,1790201406.0479558,40135.9315442,59.74647499999992,candidate-measurement,0FFE98,valid,1048216,4,True,
1,1,00001E,1790201406.2555246,40136.1391129,59.954043699995964,candidate-measurement,0FFE99,valid,1048217,1,True,
1,1,00001E,1790201406.4475203,40136.3311085,60.146039300001576,candidate-measurement,0FFE99,valid,1048217,0,True,
1,1,00001E,1790201406.6389432,40136.5225311,60.33746190000238,candidate-measurement,0FFE9B,valid,1048219,2,True,
1,1,00001E,1790201406.8469245,40136.7305131,60.54544390000228,candidate-measurement,0FFE9B,valid,1048219,0,True,
1,1,00001E,1790201407.0385087,40136.9220966,60.737027399998624,candidate-measurement,0FFE9B,valid,1048219,0,True,
1,1,00001E,1790201407.230495,40137.1140832,60.92901400000119,candidate-measurement,0FFE9B,valid,1048219,0,True,
1,1,00001E,1790201407.4224951,40137.3060831,61.12101389999589,candidate-measurement,0FFE9C,valid,1048220,1,True,
1,1,00001E,1790201407.630485,40137.5140739,61.32900469999731,candidate-measurement,0FFE9C,valid,1048220,0,True,
1,1,00001E,1790201407.8219037,40137.7054924,61.520423199996,candidate-measurement,0FFEA0,valid,1048224,4,True,
1,1,00001E,1790201408.0138965,40137.8974843,61.712415100002545,candidate-measurement,0FFEB0,valid,1048240,16,True,
1,1,00001E,1790201408.2214622,40138.1050523,61.919983100000536,candidate-measurement,0FFEB3,valid,1048243,3,True,
1,1,00001E,1790201408.4134629,40138.2970508,62.111981599999126,candidate-measurement,0FFEB4,valid,1048244,1,True,
1,1,00001E,1790201408.6054533,40138.4890421,62.3039729000011,candidate-measurement,0FFEB4,valid,1048244,0,True,
1,1,00001E,1790201408.8128722,40138.6964604,62.511391200001526,candidate-measurement,0FFEB6,valid,1048246,2,True,
1,1,00001E,1790201409.0048563,40138.8884446,62.70337540000037,candidate-measurement,0FFEB8,valid,1048248,2,True,
1,1,00001E,1790201409.1968508,40139.0804398,62.89537059999566,candidate-measurement,0FFEB9,valid,1048249,1,True,
1,1,00001E,1790201409.3884318,40139.2720198,63.08695060000173,candidate-measurement,0FFEBA,valid,1048250,1,True,
1,1,00001E,1790201409.5964167,40139.4800053,63.29493609999918,candidate-measurement,0FFEBE,valid,1048254,4,True,
1,1,00001E,1790201409.7878406,40139.6714285,63.486359299997275,candidate-measurement,0FFEC4,valid,1048260,6,True,
1,1,00001E,1790201409.9798276,40139.8634166,63.67834739999671,candidate-measurement,0FFEC7,valid,1048263,3,True,
1,1,00001E,1790201410.187397,40140.0709856,63.885916400002316,candidate-measurement,0FFEC7,valid,1048263,0,True,
1,1,00001E,1790201410.3794057,40140.2629941,64.07792489999702,candidate-measurement,0FFEC7,valid,1048263,0,True,
1,1,00001E,1790201410.57139,40140.454978,64.26990880000085,candidate-measurement,0FFEC7,valid,1048263,0,True,
1,1,00001E,1790201410.779377,40140.6629656,64.47789639999974,candidate-measurement,0FFEC7,valid,1048263,0,True,
1,1,00001E,1790201410.970798,40140.8543868,64.66931759999716,candidate-measurement,0FFEC7,valid,1048263,0,True,
1,1,00001E,1790201411.1627903,40141.0463792,64.86131000000023,candidate-measurement,0FFEC8,valid,1048264,1,True,
1,1,00001E,1790201411.354365,40141.2379535,65.05288429999928,candidate-measurement,0FFECA,valid,1048266,2,True,
1,1,00001E,1790201411.5623584,40141.4459475,65.26087829999597,candidate-measurement,0FFECC,valid,1048268,2,True,
1,1,00001E,1790201411.7543406,40141.6379299,65.45286069999565,candidate-measurement,0FFECD,valid,1048269,1,True,
1,1,00001E,1790201411.946343,40141.8299332,65.64486400000169,candidate-measurement,0FFECF,valid,1048271,2,True,
1,1,00001E,1790201412.153764,40142.0373521,65.85228289999941,candidate-measurement,0FFEDF,valid,1048287,16,True,
1,1,00001E,1790201412.345744,40142.2293325,66.04426329999842,candidate-measurement,0FFEE2,valid,1048290,3,True,
1,1,00001E,1790201412.537325,40142.4209143,66.23584509999637,candidate-measurement,0FFEE4,valid,1048292,2,True,
1,1,00001E,1790201412.74532,40142.628909,66.44383979999839,candidate-measurement,0FFEE5,valid,1048293,1,True,
1,1,00001E,1790201412.9373164,40142.8209047,66.63583549999748,candidate-measurement,0FFEE7,valid,1048295,2,True,
1,1,00001E,1790201413.1293027,40143.0128916,66.82782240000233,candidate-measurement,0FFEEC,valid,1048300,5,True,
1,1,00001E,1790201413.336741,40143.2203286,67.03525939999963,candidate-measurement,0FFEF4,valid,1048308,8,True,
1,1,00001E,1790201413.5287123,40143.4123007,67.22723150000093,candidate-measurement,0FFEF5,valid,1048309,1,True,
1,1,00001E,1790201413.720297,40143.6038853,67.41881609999837,candidate-measurement,0FFEF5,valid,1048309,0,True,
1,1,00001E,1790201413.9123042,40143.7958918,67.61082259999966,candidate-measurement,0FFEF5,valid,1048309,0,True,
1,1,00001E,1790201414.1202712,40144.0038592,67.81878999999753,candidate-measurement,0FFEF6,valid,1048310,1,True,
1,1,00001E,1790201414.3122694,40144.1958579,68.01078869999765,candidate-measurement,0FFEF9,valid,1048313,3,True,
1,1,00001E,1790201414.5042722,40144.3878601,68.20279090000258,candidate-measurement,0FFF04,valid,1048324,11,True,
1,1,00001E,1790201414.711676,40144.5952646,68.4101953999998,candidate-measurement,0FFF0D,valid,1048333,9,True,
1,1,00001E,1790201414.9036689,40144.7872573,68.60218809999787,candidate-measurement,0FFF0F,valid,1048335,2,True,
1,1,00001E,1790201415.0957003,40144.9792882,68.79421899999579,candidate-measurement,0FFF10,valid,1048336,1,True,
1,1,00001E,1790201415.2872381,40145.170826,68.98575680000067,candidate-measurement,0FFF11,valid,1048337,1,True,
1,1,00001E,1790201415.4952269,40145.3788153,69.19374609999795,candidate-measurement,0FFF12,valid,1048338,1,True,
1,1,00001E,1790201415.6872256,40145.5708137,69.38574449999578,candidate-measurement,0FFF13,valid,1048339,1,True,
1,1,00001E,1790201415.878627,40145.7622161,69.57714690000284,candidate-measurement,0FFF15,valid,1048341,2,True,
1,1,00001E,1790201416.0866525,40145.9702401,69.78517090000241,candidate-measurement,0FFF15,valid,1048341,0,True,
1,1,00001E,1790201416.278225,40146.1618125,69.97674330000154,candidate-measurement,0FFF16,valid,1048342,1,True,
1,1,00001E,1790201416.4702015,40146.3537897,70.16872049999802,candidate-measurement,0FFF1D,valid,1048349,7,True,
1,1,00001E,1790201416.6621864,40146.5457758,70.36070659999677,candidate-measurement,0FFF21,valid,1048353,4,True,
1,1,00001E,1790201416.8696065,40146.7531946,70.56812540000101,candidate-measurement,0FFF21,valid,1048353,0,True,
1,1,00001E,1790201417.061601,40146.9451897,70.76012050000281,candidate-measurement,0FFF22,valid,1048354,1,True,
1,1,00001E,1790201417.2535908,40147.1371788,70.95210960000259,candidate-measurement,0FFF24,valid,1048356,2,True,
1,1,00001E,1790201417.461167,40147.3447553,71.15968609999982,candidate-measurement,0FFF25,valid,1048357,1,True,
1,1,00001E,1790201417.6531515,40147.5367404,71.35167119999824,candidate-measurement,0FFF26,valid,1048358,1,True,
1,1,00001E,1790201417.8451579,40147.7287458,71.54367659999843,candidate-measurement,0FFF2A,valid,1048362,4,True,
1,1,00001E,1790201418.0531483,40147.9367366,71.75166739999986,candidate-measurement,0FFF35,valid,1048373,11,True,
1,1,00001E,1790201418.244558,40148.1281464,71.94307719999779,candidate-measurement,0FFF3A,valid,1048378,5,True,
1,1,00001E,1790201418.436552,40148.3201403,72.13507109999773,candidate-measurement,0FFF3D,valid,1048381,3,True,
1,1,00001E,1790201418.6281292,40148.5117178,72.32664859999932,candidate-measurement,0FFF3D,valid,1048381,0,True,
1,1,00001E,1790201418.8361156,40148.7197045,72.53463529999863,candidate-measurement,0FFF3D,valid,1048381,0,True,
1,1,00001E,1790201419.0281138,40148.9117027,72.72663350000221,candidate-measurement,0FFF3D,valid,1048381,0,True,
1,1,00001E,1790201419.219527,40149.1031166,72.91804740000225,candidate-measurement,0FFF3E,valid,1048382,1,True,
1,1,00001E,1790201419.4271343,40149.3107224,73.12565319999703,candidate-measurement,0FFF40,valid,1048384,2,True,
1,1,00001E,1790201419.6190941,40149.5026828,73.31761359999655,candidate-measurement,0FFF43,valid,1048387,3,True,
1,1,00001E,1790201419.8110912,40149.6946792,73.50961000000098,candidate-measurement,0FFF49,valid,1048393,6,True,
1,1,00001E,1790201420.0190825,40149.9026703,73.71760109999741,candidate-measurement,0FFF4D,valid,1048397,4,True,
1,1,00001E,1790201420.2264912,40150.1100804,73.92501120000088,candidate-measurement,0FFF4F,valid,1048399,2,True,
1,1,00001E,1790201420.4185252,40150.3021117,74.11704250000184,candidate-measurement,0FFF4F,valid,1048399,0,True,
1,1,00001E,1790201420.6100628,40150.4936521,74.30858289999742,candidate-measurement,0FFF4F,valid,1048399,0,True,
1,1,00001E,1790201420.8020577,40150.6856464,74.50057720000041,candidate-measurement,0FFF4F,valid,1048399,0,True,
1,1,00001E,1790201420.994046,40150.8776345,74.69256529999984,candidate-measurement,0FFF4F,valid,1048399,0,True,
1,1,00001E,1790201421.1854665,40151.0690552,74.88398600000073,candidate-measurement,0FFF4F,valid,1048399,0,True,
1,1,00001E,1790201421.39347,40151.2770579,75.09198869999818,candidate-measurement,0FFF4F,valid,1048399,0,True,
1,1,00001E,1790201421.585445,40151.4690346,75.28396539999812,candidate-measurement,0FFF50,valid,1048400,1,True,
1,1,00001E,1790201421.7770314,40151.66062,75.47555080000166,candidate-measurement,0FFF54,valid,1048404,4,True,
1,1,00001E,1790201421.9850183,40151.8686062,75.68353699999716,candidate-measurement,0FFF5E,valid,1048414,10,True,
1,1,00001E,1790201422.1770153,40152.0606038,75.87553459999617,candidate-measurement,0FFF66,valid,1048422,8,True,
1,1,00001E,1790201422.3690128,40152.2526011,76.06753190000018,candidate-measurement,0FFF67,valid,1048423,1,True,
1,1,00001E,1790201422.5610037,40152.4445927,76.25952349999716,candidate-measurement,0FFF68,valid,1048424,1,True,
1,1,00001E,1790201422.7684393,40152.6520265,76.4669572999992,candidate-measurement,0FFF68,valid,1048424,0,True,
1,1,00001E,1790201422.9604125,40152.8440005,76.6589313000004,candidate-measurement,0FFF69,valid,1048425,1,True,
1,1,00001E,1790201423.1519845,40153.0355723,76.85050310000224,candidate-measurement,0FFF6A,valid,1048426,1,True,
1,1,00001E,1790201423.359974,40153.2435624,77.05849319999834,candidate-measurement,0FFF6D,valid,1048429,3,True,
1,1,00001E,1790201423.551968,40153.4355572,77.25048799999786,candidate-measurement,0FFF6F,valid,1048431,2,True,
1,1,00001E,1790201423.7433786,40153.6269682,77.44189899999765,candidate-measurement,0FFF6F,valid,1048431,0,True,
1,1,00001E,1790201423.9513717,40153.8349596,77.64989039999637,candidate-measurement,0FFF74,valid,1048436,5,True,
1,1,00001E,1790201424.1433725,40154.0269605,77.84189129999868,candidate-measurement,0FFF7B,valid,1048443,7,True,
1,1,00001E,1790201424.3353717,40154.2189602,78.03389099999913,candidate-measurement,0FFF7B,valid,1048443,0,True,
1,1,00001E,1790201424.5269344,40154.4105235,78.22545430000173,candidate-measurement,0FFF7C,valid,1048444,1,True,
1,1,00001E,1790201424.73493,40154.6185182,78.43344899999647,candidate-measurement,0FFF7E,valid,1048446,2,True,
1,1,00001E,1790201424.9269247,40154.8105134,78.62544419999904,candidate-measurement,0FFF80,valid,1048448,2,True,
1,1,00001E,1790201425.1183493,40155.0019372,78.8168680000017,candidate-measurement,0FFF81,valid,1048449,1,True,
1,1,00001E,1790201425.3259282,40155.2095159,79.02444670000114,candidate-measurement,0FFF81,valid,1048449,0,True,
1,1,00001E,1790201425.5179136,40155.401501,79.21643179999955,candidate-measurement,0FFF83,valid,1048451,2,True,
1,1,00001E,1790201425.7098951,40155.5934849,79.40841569999611,candidate-measurement,0FFF90,valid,1048464,13,True,
1,1,00001E,1790201425.917893,40155.8014813,79.61641209999652,candidate-measurement,0FFF96,valid,1048470,6,True,
1,1,00001E,1790201426.1253035,40156.0088913,79.82382209999923,candidate-measurement,0FFF96,valid,1048470,0,True,
1,1,00001E,1790201426.3173132,40156.2009013,80.01583209999808,candidate-measurement,0FFF98,valid,1048472,2,True,
1,1,00001E,1790201426.5093257,40156.3929118,80.20784260000073,candidate-measurement,0FFF99,valid,1048473,1,True,
1,1,00001E,1790201426.700865,40156.5844551,80.39938589999656,candidate-measurement,0FFF9A,valid,1048474,1,True,
1,1,00001E,1790201426.892873,40156.7764619,80.59139270000014,candidate-measurement,0FFF9E,valid,1048478,4,True,
1,1,00001E,1790201427.0848494,40156.9684389,80.78336970000237,candidate-measurement,0FFFA7,valid,1048487,9,True,
1,1,00001E,1790201427.292266,40157.1758543,80.99078510000254,candidate-measurement,0FFFA9,valid,1048489,2,True,
1,1,00001E,1790201427.4842656,40157.3678543,81.182785099998,candidate-measurement,0FFFA9,valid,1048489,0,True,
1,1,00001E,1790201427.6758325,40157.559422,81.37435279999772,candidate-measurement,0FFFA9,valid,1048489,0,True,
1,1,00001E,1790201427.8838243,40157.7674136,81.58234439999796,candidate-measurement,0FFFA9,valid,1048489,0,True,
1,1,00001E,1790201428.07583,40157.9594182,81.77434899999935,candidate-measurement,0FFFAA,valid,1048490,1,True,
1,1,00001E,1790201428.2672355,40158.1508241,81.96575489999668,candidate-measurement,0FFFAC,valid,1048492,2,True,
1,1,00001E,1790201428.4592319,40158.34282,82.1577507999973,candidate-measurement,0FFFB0,valid,1048496,4,True,
1,1,00001E,1790201428.666827,40158.5504168,82.36534759999631,candidate-measurement,0FFFBC,valid,1048508,12,True,
1,1,00001E,1790201428.858794,40158.7423834,82.55731419999938,candidate-measurement,0FFFC0,valid,1048512,4,True,
1,1,00001E,1790201429.0507915,40158.9343801,82.74931089999882,candidate-measurement,0FFFC1,valid,1048513,1,True,
1,1,00001E,1790201429.258788,40159.1423766,82.95730739999999,candidate-measurement,0FFFC2,valid,1048514,1,True,
1,1,00001E,1790201429.450793,40159.3343812,83.14931200000137,candidate-measurement,0FFFC2,valid,1048514,0,True,
1,1,00001E,1790201429.6421912,40159.5257808,83.34071160000167,candidate-measurement,0FFFC2,valid,1048514,0,True,
1,1,00001E,1790201429.8341868,40159.7177753,83.5327060999989,candidate-measurement,0FFFC4,valid,1048516,2,True,
1,1,00001E,1790201430.0417595,40159.9253478,83.74027860000206,candidate-measurement,0FFFC4,valid,1048516,0,True,
1,1,00001E,1790201430.2337658,40160.1173549,83.93228570000065,candidate-measurement,0FFFC6,valid,1048518,2,True,
1,1,00001E,1790201430.4257472,40160.3093353,84.12426609999966,candidate-measurement,0FFFC7,valid,1048519,1,True,
1,1,00001E,1790201430.6337426,40160.5173309,84.33226170000125,candidate-measurement,0FFFC9,valid,1048521,2,True,
1,1,00001E,1790201430.8251579,40160.7087465,84.52367729999969,candidate-measurement,0FFFC9,valid,1048521,0,True,
1,1,00001E,1790201431.0171466,40160.9007358,84.71566660000099,candidate-measurement,0FFFCC,valid,1048524,3,True,
1,1,00001E,1790201431.224725,40161.1083129,84.92324370000279,candidate-measurement,0FFFD5,valid,1048533,9,True,
1,1,00001E,1790201431.4167137,40161.3003023,85.11523309999757,candidate-measurement,0FFFD5,valid,1048533,0,True,
1,1,00001E,1790201431.6087034,40161.4922929,85.30722370000149,candidate-measurement,0FFFD5,valid,1048533,0,True,
1,1,00001E,1790201431.8007014,40161.6842901,85.49922089999745,candidate-measurement,0FFFD7,valid,1048535,2,True,
1,1,00001E,1790201432.008118,40161.8917064,85.7066371999972,candidate-measurement,0FFFD9,valid,1048537,2,True,
1,1,00001E,1790201432.200106,40162.0836944,85.89862519999588,candidate-measurement,0FFFDA,valid,1048538,1,True,
1,1,00001E,1790201432.3916867,40162.2752746,86.0902053999962,candidate-measurement,0FFFDB,valid,1048539,1,True,
1,1,00001E,1790201432.599671,40162.4832606,86.29819139999745,candidate-measurement,0FFFDE,valid,1048542,3,True,
1,1,00001E,1790201432.7910879,40162.6746766,86.48960739999893,candidate-measurement,0FFFE9,valid,1048553,11,True,
1,1,00001E,1790201432.983084,40162.8666733,86.68160409999837,candidate-measurement,0FFFEE,valid,1048558,5,True,
1,1,00001E,1790201433.191089,40163.0746765,86.88960729999962,candidate-measurement,0FFFF0,valid,1048560,2,True,
1,1,00001E,1790201433.3826466,40163.2662347,87.08116549999977,candidate-measurement,0FFFF2,valid,1048562,2,True,
1,1,00001E,1790201433.5746431,40163.4582329,87.27316369999608,candidate-measurement,0FFFF2,valid,1048562,0,True,
1,1,00001E,1790201433.7666416,40163.6502304,87.4651612000016,candidate-measurement,0FFFF2,valid,1048562,0,True,
1,1,00001E,1790201433.9740582,40163.8576467,87.67257750000135,candidate-measurement,0FFFF4,valid,1048564,2,True,
1,1,00001E,1790201434.166051,40164.0496391,87.86456989999715,candidate-measurement,0FFFF8,valid,1048568,4,True,
1,1,00001E,1790201434.3576224,40164.2412105,88.05614129999594,candidate-measurement,100001,valid,1048577,9,True,
1,1,00001E,1790201434.5656128,40164.4492012,88.26413199999661,candidate-measurement,100003,valid,1048579,2,True,
1,1,00001E,1790201434.7576196,40164.6412073,88.45613810000214,candidate-measurement,100003,valid,1048579,0,True,
1,1,00001E,1790201434.949019,40164.8326072,88.64753799999744,candidate-measurement,100003,valid,1048579,0,True,
1,1,00001E,1790201435.1570263,40165.0406141,88.85554489999777,candidate-measurement,100003,valid,1048579,0,True,
1,1,00001E,1790201435.3650053,40165.2485927,89.06352350000088,candidate-measurement,100004,valid,1048580,1,True,
1,1,00001E,1790201435.55658,40165.4401683,89.25509910000255,candidate-measurement,100006,valid,1048582,2,True,
1,1,00001E,1790201435.748572,40165.6321604,89.44709119999607,candidate-measurement,10000C,valid,1048588,6,True,
1,1,00001E,1790201435.9405673,40165.824156,89.63908680000168,candidate-measurement,100017,valid,1048599,11,True,
1,1,00001E,1790201436.1319835,40166.0155719,89.8305027000024,candidate-measurement,10001C,valid,1048604,5,True,
1,1,00001E,1790201436.3239772,40166.2075658,90.02249660000234,candidate-measurement,10001C,valid,1048604,0,True,
1,1,00001E,1790201436.5319633,40166.4155518,90.23048259999632,candidate-measurement,10001C,valid,1048604,0,True,
1,1,00001E,1790201436.7235384,40166.6071284,90.42205919999833,candidate-measurement,10001C,valid,1048604,0,True,
1,1,00001E,1790201436.9155385,40166.7991268,90.61405759999616,candidate-measurement,10001E,valid,1048606,2,True,
1,1,00001E,1790201437.123533,40167.0071209,90.82205170000088,candidate-measurement,100020,valid,1048608,2,True,
1,1,00001E,1790201437.315537,40167.1991247,91.01405549999618,candidate-measurement,100021,valid,1048609,1,True,
1,1,00001E,1790201437.5069416,40167.39053,91.20546079999622,candidate-measurement,100023,valid,1048611,2,True,
1,1,00001E,1790201437.6989307,40167.5825187,91.39744950000022,candidate-measurement,100023,valid,1048611,0,True,
1,1,00001E,1790201437.9065206,40167.7901091,91.60503990000143,candidate-measurement,100023,valid,1048611,0,True,
1,1,00001E,1790201438.0984943,40167.9820833,91.79701409999689,candidate-measurement,100029,valid,1048617,6,True,
1,1,00001E,1790201438.2905,40168.1740878,91.98901859999751,candidate-measurement,10002E,valid,1048622,5,True,
1,1,00001E,1790201438.4979002,40168.3814892,92.19642000000022,candidate-measurement,10002E,valid,1048622,0,True,
1,1,00001E,1790201438.6898973,40168.5734859,92.38841669999965,candidate-measurement,10002F,valid,1048623,1,True,
1,1,00001E,1790201438.8818946,40168.7654832,92.58041399999638,candidate-measurement,100030,valid,1048624,1,True,
1,1,00001E,1790201439.0894666,40168.9730542,92.78798500000266,candidate-measurement,100032,valid,1048626,2,True,
1,1,00001E,1790201439.2814596,40169.1650482,92.97997899999609,candidate-measurement,100034,valid,1048628,2,True,
1,1,00001E,1790201439.4734554,40169.3570437,93.17197450000094,candidate-measurement,100034,valid,1048628,0,True,
1,1,00001E,1790201439.6648693,40169.548459,93.3633897999971,candidate-measurement,100035,valid,1048629,1,True,
1,1,00001E,1790201439.8724444,40169.7560328,93.57096360000287,candidate-measurement,100035,valid,1048629,0,True,
1,1,00001E,1790201440.0644379,40169.9480266,93.76295740000205,candidate-measurement,100036,valid,1048630,1,True,
1,1,00001E,1790201440.2564287,40170.1400172,93.9549479999987,candidate-measurement,10003C,valid,1048636,6,True,
1,1,00001E,1790201440.4638326,40170.3474212,94.16235199999937,candidate-measurement,100045,valid,1048645,9,True,
1,1,00001E,1790201440.6558487,40170.5394365,94.3543673000022,candidate-measurement,100049,valid,1048649,4,True,
1,1,00001E,1790201440.8474104,40170.730999,94.5459297999987,candidate-measurement,10004B,valid,1048651,2,True,
1,1,00001E,1790201441.0553997,40170.9389881,94.75391890000174,candidate-measurement,10004B,valid,1048651,0,True,
1,1,00001E,1790201441.263393,40171.1469816,94.96191240000189,candidate-measurement,10004C,valid,1048652,1,True,
1,1,00001E,1790201441.4548197,40171.3384077,95.15333850000025,candidate-measurement,10004C,valid,1048652,0,True,
1,1,00001E,1790201441.6463826,40171.5299707,95.34490150000056,candidate-measurement,10004C,valid,1048652,0,True,
1,1,00001E,1790201441.838378,40171.7219656,95.53689640000084,candidate-measurement,10004C,valid,1048652,0,True,
1,1,00001E,1790201442.0303724,40171.9139613,95.72889209999994,candidate-measurement,10004F,valid,1048655,3,True,
1,1,00001E,1790201442.2223685,40172.105957,95.92088779999904,candidate-measurement,100056,valid,1048662,7,True,
1,1,00001E,1790201442.4297771,40172.3133654,96.12829619999684,candidate-measurement,10005B,valid,1048667,5,True,
1,1,00001E,1790201442.6213508,40172.5049398,96.31987059999665,candidate-measurement,10005D,valid,1048669,2,True,
1,1,00001E,1790201442.8133435,40172.6969322,96.51186299999972,candidate-measurement,10005D,valid,1048669,0,True,
1,1,00001E,1790201443.0213406,40172.9049293,96.71986009999819,candidate-measurement,10005D,valid,1048669,0,True,
1,1,00001E,1790201443.2293274,40173.1129153,96.92784609999944,candidate-measurement,10005E,valid,1048670,1,True,
1,1,00001E,1790201443.4213295,40173.3049175,97.1198482999971,candidate-measurement,10005E,valid,1048670,0,True,
1,1,00001E,1790201443.6127408,40173.4963297,97.31126049999875,candidate-measurement,100061,valid,1048673,3,True,
1,1,00001E,1790201443.8047373,40173.6883261,97.5032568999959,candidate-measurement,100065,valid,1048677,4,True,
1,1,00001E,1790201443.996307,40173.8798961,97.69482689999859,candidate-measurement,100070,valid,1048688,11,True,
1,1,00001E,1790201444.1883118,40174.0718999,97.88683070000116,candidate-measurement,100075,valid,1048693,5,True,
1,1,00001E,1790201444.3963482,40174.2799356,98.0948664000025,candidate-measurement,100077,valid,1048695,2,True,
1,1,00001E,1790201444.5877087,40174.4712987,98.28622950000135,candidate-measurement,100077,valid,1048695,0,True,
1,1,00001E,1790201444.7797081,40174.663298,98.47822879999876,candidate-measurement,100077,valid,1048695,0,True,
1,1,00001E,1790201444.987693,40174.8712811,98.68621189999976,candidate-measurement,100078,valid,1048696,1,True,
1,1,00001E,1790201445.195272,40175.0788599,98.89379069999995,candidate-measurement,10007B,valid,1048699,3,True,
1,1,00001E,1790201445.387257,40175.2708458,99.08577659999719,candidate-measurement,10007D,valid,1048701,2,True,
1,1,00001E,1790201445.579258,40175.4628462,99.2777769999957,candidate-measurement,10007D,valid,1048701,0,True,
1,1,00001E,1790201445.7706728,40175.6542614,99.46919219999836,candidate-measurement,100082,valid,1048706,5,True,
1,1,00001E,1790201445.962661,40175.8462499,99.66118070000084,candidate-measurement,100089,valid,1048713,7,True,
1,1,00001E,1790201446.1546628,40176.0382511,99.85318189999816,candidate-measurement,100089,valid,1048713,0,True,
1,1,00001E,1790201446.3622382,40176.2458255,100.06075630000123,candidate-measurement,100089,valid,1048713,0,True,
1,1,00001E,1790201446.5542283,40176.4378164,100.25274720000016,candidate-measurement,10008A,valid,1048714,1,True,
1,1,00001E,1790201446.7462184,40176.6298065,100.44473730000027,candidate-measurement,10008C,valid,1048716,2,True,
1,1,00001E,1790201446.938227,40176.8218168,100.6367476000014,candidate-measurement,10008E,valid,1048718,2,True,
1,1,00001E,1790201447.1456285,40177.0292169,100.84414770000149,candidate-measurement,10008E,valid,1048718,0,True,
1,1,00001E,1790201447.3376355,40177.2212218,101.03615259999788,candidate-measurement,10008F,valid,1048719,1,True,
1,1,00001E,1790201447.5452206,40177.4288088,101.2437396000023,candidate-measurement,100091,valid,1048721,2,True,
1,1,00001E,1790201447.7371871,40177.6207777,101.43570850000106,candidate-measurement,10009C,valid,1048732,11,True,
1,1,00001E,1790201447.9291844,40177.8127733,101.62770409999939,candidate-measurement,1000A2,valid,1048738,6,True,
1,1,00001E,1790201448.1211774,40178.0047655,101.81969630000094,candidate-measurement,1000A4,valid,1048740,2,True,
1,1,00001E,1790201448.3285975,40178.2121853,102.02711609999824,candidate-measurement,1000A5,valid,1048741,1,True,
1,1,00001E,1790201448.520587,40178.4041754,102.21910619999835,candidate-measurement,1000A6,valid,1048742,1,True,
1,1,00001E,1790201448.7121556,40178.5957456,102.41067640000256,candidate-measurement,1000A7,valid,1048743,1,True,
1,1,00001E,1790201448.9201448,40178.8037349,102.61866569999984,candidate-measurement,1000A9,valid,1048745,2,True,
1,1,00001E,1790201449.1121428,40178.9957309,102.81066170000122,candidate-measurement,1000AB,valid,1048747,2,True,
1,1,00001E,1790201449.3035572,40179.187145,103.00207580000279,candidate-measurement,1000B2,valid,1048754,7,True,
1,1,00001E,1790201449.4955533,40179.3791418,103.1940725999957,candidate-measurement,1000B6,valid,1048758,4,True,
1,1,00001E,1790201449.7035449,40179.5871336,103.40206439999747,candidate-measurement,1000B7,valid,1048759,1,True,
1,1,00001E,1790201449.8953087,40179.7788966,103.59382740000001,candidate-measurement,1000B7,valid,1048759,0,True,
1,1,00001E,1790201450.0871172,40179.9707059,103.78563669999858,candidate-measurement,1000B7,valid,1048759,0,True,
1,1,00001E,1790201450.2951162,40180.1787042,103.9936349999989,candidate-measurement,1000B8,valid,1048760,1,True,
1,1,00001E,1790201450.487101,40180.3706892,104.18561999999656,candidate-measurement,1000B8,valid,1048760,0,True,
1,1,00001E,1790201450.678517,40180.5621052,104.37703599999804,candidate-measurement,1000BA,valid,1048762,2,True,
1,1,00001E,1790201450.8705144,40180.7541029,104.56903369999782,candidate-measurement,1000C0,valid,1048768,6,True,
1,1,00001E,1790201451.078083,40180.9616713,104.77660209999885,candidate-measurement,1000CA,valid,1048778,10,True,
1,1,00001E,1790201451.27008,40181.153668,104.96859879999829,candidate-measurement,1000CF,valid,1048783,5,True,
1,1,00001E,1790201451.46207,40181.3456583,105.16058909999992,candidate-measurement,1000D1,valid,1048785,2,True,
1,1,00001E,1790201451.6694744,40181.5530632,105.36799400000018,candidate-measurement,1000D1,valid,1048785,0,True,
1,1,00001E,1790201451.8614774,40181.7450658,105.55999660000089,candidate-measurement,1000D1,valid,1048785,0,True,
1,1,00001E,1790201452.0530486,40181.9366367,105.75156749999587,candidate-measurement,1000D1,valid,1048785,0,True,
1,1,00001E,1790201452.2610378,40182.1446259,105.95955669999967,candidate-measurement,1000D3,valid,1048787,2,True,
1,1,00001E,1790201452.4530637,40182.3366523,106.1515830999997,candidate-measurement,1000D5,valid,1048789,2,True,
1,1,00001E,1790201452.6450286,40182.5286177,106.3435485000009,candidate-measurement,1000D7,valid,1048791,2,True,
1,1,00001E,1790201452.8364527,40182.7200402,106.53497100000095,candidate-measurement,1000D7,valid,1048791,0,True,
1,1,00001E,1790201453.0444396,40182.9280283,106.74295909999637,candidate-measurement,1000DB,valid,1048795,4,True,
1,1,00001E,1790201453.2360153,40183.119604,106.9345347999988,candidate-measurement,1000E1,valid,1048801,6,True,
1,1,00001E,1790201453.4280045,40183.3115931,107.12652389999857,candidate-measurement,1000E2,valid,1048802,1,True,
1,1,00001E,1790201453.636002,40183.5195903,107.3345210999978,candidate-measurement,1000E3,valid,1048803,1,True,
1,1,00001E,1790201453.8274097,40183.7109994,107.52593019999767,candidate-measurement,1000E5,valid,1048805,2,True,
1,1,00001E,1790201454.0194001,40183.9029893,107.71792009999626,candidate-measurement,1000E8,valid,1048808,3,True,
1,1,00001E,1790201454.2269802,40184.1105688,107.92549960000179,candidate-measurement,1000E8,valid,1048808,0,True,
1,1,00001E,1790201454.4189713,40184.3025596,108.11749039999995,candidate-measurement,1000E9,valid,1048809,1,True,
1,1,00001E,1790201454.6109664,40184.4945554,108.30948619999981,candidate-measurement,1000EA,valid,1048810,1,True,
1,1,00001E,1790201454.802955,40184.6865443,108.50147509999806,candidate-measurement,1000F0,valid,1048816,6,True,
1,1,00001E,1790201455.0103693,40184.8939578,108.70888859999832,candidate-measurement,1000FB,valid,1048827,11,True,
1,1,00001E,1790201455.2023644,40185.0859535,108.90088429999741,candidate-measurement,1000FE,valid,1048830,3,True,
1,1,00001E,1790201455.3939426,40185.2775305,109.09246130000247,candidate-measurement,1000FE,valid,1048830,0,True,
1,1,00001E,1790201455.60193,40185.4855185,109.30044929999713,candidate-measurement,1000FF,valid,1048831,1,True,
1,1,00001E,1790201455.7939317,40185.6775199,109.49245069999597,candidate-measurement,100100,valid,1048832,1,True,
1,1,00001E,1790201455.9859166,40185.869505,109.68443580000167,candidate-measurement,100101,valid,1048833,1,True,
1,1,00001E,1790201456.193911,40186.0774992,109.89242999999988,candidate-measurement,100101,valid,1048833,0,True,
1,1,00001E,1790201456.4013321,40186.2849196,110.09985040000174,candidate-measurement,100103,valid,1048835,2,True,
1,1,00001E,1790201456.593322,40186.4769105,110.29184130000067,candidate-measurement,100109,valid,1048841,6,True,
1,1,00001E,1790201456.7853086,40186.6688978,110.48382860000129,candidate-measurement,100110,valid,1048848,7,True,
1,1,00001E,1790201456.9768898,40186.860479,110.67540980000194,candidate-measurement,100110,valid,1048848,0,True,
1,1,00001E,1790201457.1688855,40187.0524733,110.86740409999766,candidate-measurement,100111,valid,1048849,1,True,
1,1,00001E,1790201457.3608792,40187.244467,111.05939779999608,candidate-measurement,100111,valid,1048849,0,True,
1,1,00001E,1790201457.568871,40187.4524587,111.26738949999708,candidate-measurement,100111,valid,1048849,0,True,
1,1,00001E,1790201457.760286,40187.643875,111.45880580000085,candidate-measurement,100112,valid,1048850,1,True,
1,1,00001E,1790201457.952278,40187.8358679,111.65079870000045,candidate-measurement,100112,valid,1048850,0,True,
1,1,00001E,1790201458.1599138,40188.0435024,111.85843320000276,candidate-measurement,100116,valid,1048854,4,True,
1,1,00001E,1790201458.351847,40188.2354348,112.05036560000008,candidate-measurement,10011E,valid,1048862,8,True,
1,1,00001E,1790201458.543839,40188.427427,112.24235780000163,candidate-measurement,100126,valid,1048870,8,True,
1,1,00001E,1790201458.735827,40188.6194167,112.4343474999987,candidate-measurement,10012A,valid,1048874,4,True,
1,1,00001E,1790201458.943244,40188.8268339,112.64176469999802,candidate-measurement,10012B,valid,1048875,1,True,
1,1,00001E,1790201459.1352696,40189.0188578,112.83378860000084,candidate-measurement,10012B,valid,1048875,0,True,
1,1,00001E,1790201459.3268175,40189.2104059,113.02533669999684,candidate-measurement,10012B,valid,1048875,0,True,
1,1,00001E,1790201459.5348065,40189.4183942,113.23332500000106,candidate-measurement,10012D,valid,1048877,2,True,
1,1,00001E,1790201459.7267914,40189.6103811,113.42531189999863,candidate-measurement,10012F,valid,1048879,2,True,
1,1,00001E,1790201459.9182162,40189.8018055,113.61673629999859,candidate-measurement,100130,valid,1048880,1,True,
1,1,00001E,1790201460.1261978,40190.0097865,113.82471729999816,candidate-measurement,100132,valid,1048882,2,True,
1,1,00001E,1790201460.3177927,40190.2013808,114.0163115999967,candidate-measurement,100138,valid,1048888,6,True,
1,1,00001E,1790201460.5097704,40190.3933584,114.20828919999622,candidate-measurement,10013C,valid,1048892,4,True,
1,1,00001E,1790201460.7017653,40190.5853557,114.40028650000022,candidate-measurement,10013C,valid,1048892,0,True,
1,1,00001E,1790201460.9091747,40190.7927633,114.60769409999921,candidate-measurement,10013D,valid,1048893,1,True,
1,1,00001E,1790201461.1011755,40190.9847632,114.79969400000118,candidate-measurement,10013E,valid,1048894,1,True,
1,1,00001E,1790201461.2927527,40191.1763412,114.9912719999993,candidate-measurement,100140,valid,1048896,2,True,
1,1,00001E,1790201461.5007436,40191.384332,115.19926280000072,candidate-measurement,100142,valid,1048898,2,True,
1,1,00001E,1790201461.6927428,40191.5763305,115.39126129999931,candidate-measurement,100142,valid,1048898,0,True,
1,1,00001E,1790201461.8847275,40191.7683168,115.5832475999996,candidate-measurement,100142,valid,1048898,0,True,
1,1,00001E,1790201462.0921466,40191.9757354,115.7906662000023,candidate-measurement,100145,valid,1048901,3,True,
1,1,00001E,1790201462.2841349,40192.1677237,115.98265449999599,candidate-measurement,100150,valid,1048912,11,True,
1,1,00001E,1790201462.4757059,40192.3592945,116.17422529999749,candidate-measurement,100155,valid,1048917,5,True,
1,1,00001E,1790201462.6677046,40192.5512926,116.36622340000031,candidate-measurement,100159,valid,1048921,4,True,
1,1,00001E,1790201462.8757172,40192.7593071,116.5742379000003,candidate-measurement,100159,valid,1048921,0,True,
1,1,00001E,1790201463.0671132,40192.9507018,116.76563259999966,candidate-measurement,10015A,valid,1048922,1,True,
1,1,00001E,1790201463.2591035,40193.1426921,116.9576229000013,candidate-measurement,10015B,valid,1048923,1,True,
1,1,00001E,1790201463.4666808,40193.3502688,117.16519960000005,candidate-measurement,10015B,valid,1048923,0,True,
1,1,00001E,1790201463.6586716,40193.5422601,117.35719090000202,candidate-measurement,100160,valid,1048928,5,True,
1,1,00001E,1790201463.8506727,40193.7342616,117.54919240000163,candidate-measurement,100166,valid,1048934,6,True,
1,1,00001E,1790201464.0580766,40193.9416663,117.75659710000036,candidate-measurement,100169,valid,1048937,3,True,
1,1,00001E,1790201464.2500772,40194.1336651,117.94859590000124,candidate-measurement,10016B,valid,1048939,2,True,
1,1,00001E,1790201464.4420772,40194.3256654,118.14059619999898,candidate-measurement,10016B,valid,1048939,0,True,
1,1,00001E,1790201464.6336489,40194.517237,118.3321677999993,candidate-measurement,10016B,valid,1048939,0,True,
1,1,00001E,1790201464.8416288,40194.725218,118.54014879999886,candidate-measurement,10016B,valid,1048939,0,True,
1,1,00001E,1790201465.03363,40194.9172178,118.73214860000007,candidate-measurement,10016B,valid,1048939,0,True,
1,1,00001E,1790201465.225624,40195.1092128,118.92414360000112,candidate-measurement,10016C,valid,1048940,1,True,
1,1,00001E,1790201465.4330335,40195.3166218,119.13155259999621,candidate-measurement,10016F,valid,1048943,3,True,
1,1,00001E,1790201465.6250327,40195.5086208,119.32355159999861,candidate-measurement,100176,valid,1048950,7,True,
1,1,00001E,1790201465.8166013,40195.7001914,119.51512219999859,candidate-measurement,100182,valid,1048962,12,True,
1,1,00001E,1790201466.0086002,40195.8921882,119.70711899999878,candidate-measurement,100183,valid,1048963,1,True,
1,1,00001E,1790201466.2165945,40196.1001832,119.91511399999581,candidate-measurement,100184,valid,1048964,1,True,
1,1,00001E,1790201466.4080064,40196.2915947,120.1065254999994,candidate-measurement,100185,valid,1048965,1,True,
1,1,00001E,1790201466.6000054,40196.4835938,120.29852460000257,candidate-measurement,100186,valid,1048966,1,True,
1,1,00001E,1790201466.8079917,40196.6915806,120.50651140000264,candidate-measurement,100187,valid,1048967,1,True,
1,1,00001E,1790201466.9995613,40196.8831503,120.69808109999576,candidate-measurement,100189,valid,1048969,2,True,
1,1,00001E,1790201467.191559,40197.0751472,120.89007799999672,candidate-measurement,10018B,valid,1048971,2,True,
1,1,00001E,1790201467.3989713,40197.28256,121.09749079999892,candidate-measurement,10018E,valid,1048974,3,True,
1,1,00001E,1790201467.5910347,40197.4746221,121.28955290000158,candidate-measurement,100194,valid,1048980,6,True,
1,1,00001E,1790201467.782538,40197.6661263,121.481057099998,candidate-measurement,100197,valid,1048983,3,True,
1,1,00001E,1790201467.9745305,40197.8581199,121.67305069999566,candidate-measurement,100197,valid,1048983,0,True,
1,1,00001E,1790201468.182525,40198.0661136,121.88104439999734,candidate-measurement,100197,valid,1048983,0,True,
1,1,00001E,1790201468.3739483,40198.2575364,122.07246719999966,candidate-measurement,100198,valid,1048984,1,True,
1,1,00001E,1790201468.565998,40198.4495868,122.26451760000054,candidate-measurement,10019A,valid,1048986,2,True,
1,1,00001E,1790201468.7735176,40198.6571058,122.4720365999965,candidate-measurement,10019B,valid,1048987,1,True,
1,1,00001E,1790201468.9654994,40198.8490895,122.66402029999881,candidate-measurement,10019D,valid,1048989,2,True,
1,1,00001E,1790201469.1574903,40199.0410801,122.85601090000273,candidate-measurement,10019D,valid,1048989,0,True,
1,1,00001E,1790201469.3655014,40199.2490893,123.06402009999874,candidate-measurement,10019E,valid,1048990,1,True,
1,1,00001E,1790201469.556907,40199.4404957,123.25542649999988,candidate-measurement,1001A5,valid,1048997,7,True,
1,1,00001E,1790201469.7488933,40199.6324821,123.44741290000093,candidate-measurement,1001B0,valid,1049008,11,True,
1,1,00001E,1790201469.9408872,40199.8244772,123.63940800000273,candidate-measurement,1001B3,valid,1049011,3,True,
1,1,00001E,1790201470.1484935,40200.0320806,123.84701140000107,candidate-measurement,1001B3,valid,1049011,0,True,
1,1,00001E,1790201470.340463,40200.2240512,124.03898199999821,candidate-measurement,1001B3,valid,1049011,0,True,
1,1,00001E,1790201470.5324488,40200.4160375,124.2309682999985,candidate-measurement,1001B4,valid,1049012,1,True,
1,1,00001E,1790201470.7398632,40200.6234512,124.43838200000027,candidate-measurement,1001B6,valid,1049014,2,True,
1,1,00001E,1790201470.9318552,40200.8154432,124.6303740000003,candidate-measurement,1001BA,valid,1049018,4,True,
1,1,00001E,1790201471.1234372,40201.0070253,124.82195610000053,candidate-measurement,1001C1,valid,1049025,7,True,
1,1,00001E,1790201471.3314295,40201.2150173,125.02994809999655,candidate-measurement,1001C3,valid,1049027,2,True,
1,1,00001E,1790201471.5394235,40201.4230116,125.2379424000028,candidate-measurement,1001C4,valid,1049028,1,True,
1,1,00001E,1790201471.7314095,40201.6149981,125.42992889999732,candidate-measurement,1001C5,valid,1049029,1,True,
1,1,00001E,1790201471.9228263,40201.8064153,125.62134610000066,candidate-measurement,1001C5,valid,1049029,0,True,
1,1,00001E,1790201472.1148186,40201.9984073,125.81333810000069,candidate-measurement,1001C5,valid,1049029,0,True,
1,1,00001E,1790201472.3064876,40202.1900755,126.0050063000017,candidate-measurement,1001C5,valid,1049029,0,True,
1,1,00001E,1790201472.49839,40202.3819741,126.1969048999963,candidate-measurement,1001C6,valid,1049030,1,True,
1,1,00001E,1790201472.7058072,40202.5893951,126.40432590000273,candidate-measurement,1001CB,valid,1049035,5,True,
1,1,00001E,1790201472.8977926,40202.7813825,126.59631329999684,candidate-measurement,1001D2,valid,1049042,7,True,
1,1,00001E,1790201473.0893743,40202.9729623,126.78789310000138,candidate-measurement,1001DC,valid,1049052,10,True,
1,1,00001E,1790201473.2973607,40203.1809494,126.99588019999646,candidate-measurement,1001DD,valid,1049053,1,True,
1,1,00001E,1790201473.4893532,40203.3729414,127.18787219999649,candidate-measurement,1001DE,valid,1049054,1,True,
1,1,00001E,1790201473.6807702,40203.5643582,127.37928899999679,candidate-measurement,1001DE,valid,1049054,0,True,
1,1,00001E,1790201473.8727694,40203.7563586,127.57128940000257,candidate-measurement,1001E0,valid,1049056,2,True,
1,1,00001E,1790201474.0807676,40203.9643564,127.77928719999909,candidate-measurement,1001E2,valid,1049058,2,True,
1,1,00001E,1790201474.2723334,40204.1559214,127.97085220000008,candidate-measurement,1001E3,valid,1049059,1,True,
1,1,00001E,1790201474.464326,40204.3479138,128.16284459999588,candidate-measurement,1001E5,valid,1049061,2,True,
1,1,00001E,1790201474.6723142,40204.5559028,128.37083359999815,candidate-measurement,1001E6,valid,1049062,1,True,
1,1,00001E,1790201474.8637226,40204.7473125,128.5622433000026,candidate-measurement,1001EC,valid,1049068,6,True,
1,1,00001E,1790201475.0557227,40204.9393114,128.75424219999695,candidate-measurement,1001F1,valid,1049073,5,True,
1,1,00001E,1790201475.263351,40205.1469396,128.96187040000223,candidate-measurement,1001F1,valid,1049073,0,True,
1,1,00001E,1790201475.4552875,40205.3388763,129.1538070999959,candidate-measurement,1001F1,valid,1049073,0,True,
1,1,00001E,1790201475.647312,40205.5308986,129.3458294000011,candidate-measurement,1001F2,valid,1049074,1,True,
1,1,00001E,1790201475.839276,40205.7228652,129.5377959999969,candidate-measurement,1001F3,valid,1049075,1,True,
1,1,00001E,1790201476.046694,40205.9302826,129.74521339999774,candidate-measurement,1001F5,valid,1049077,2,True,
1,1,00001E,1790201476.2386904,40206.1222785,129.93720929999836,candidate-measurement,1001F6,valid,1049078,1,True,
1,1,00001E,1790201476.4306972,40206.3142853,130.12921610000194,candidate-measurement,1001F7,valid,1049079,1,True,
1,1,00001E,1790201476.6382587,40206.5218471,130.33677789999638,candidate-measurement,1001F7,valid,1049079,0,True,
1,1,00001E,1790201476.8302476,40206.7138363,130.5287670999969,candidate-measurement,1001F9,valid,1049081,2,True,
1,1,00001E,1790201477.022247,40206.9058361,130.72076689999813,candidate-measurement,100205,valid,1049093,12,True,
1,1,00001E,1790201477.2302325,40207.1138205,130.92875130000175,candidate-measurement,10020D,valid,1049101,8,True,
1,1,00001E,1790201477.4216464,40207.3052346,131.12016539999604,candidate-measurement,10020D,valid,1049101,0,True,
1,1,00001E,1790201477.6136422,40207.4972308,131.31216159999894,candidate-measurement,10020D,valid,1049101,0,True,
1,1,00001E,1790201477.8052173,40207.6888057,131.50373650000256,candidate-measurement,10020F,valid,1049103,2,True,
1,1,00001E,1790201478.0132062,40207.8967955,131.71172629999637,candidate-measurement,100211,valid,1049105,2,True,
1,1,00001E,1790201478.2052026,40208.0887912,131.90372200000274,candidate-measurement,100219,valid,1049113,8,True,
1,1,00001E,1790201478.3972003,40208.2807884,132.0957191999987,candidate-measurement,10021D,valid,1049117,4,True,
1,1,00001E,1790201478.604604,40208.4881918,132.3031226000021,candidate-measurement,10021F,valid,1049119,2,True,
1,1,00001E,1790201478.7965972,40208.6801854,132.49511619999976,candidate-measurement,10021F,valid,1049119,0,True,
1,1,00001E,1790201478.988178,40208.8717677,132.6866985000015,candidate-measurement,100220,valid,1049120,1,True,
1,1,00001E,1790201479.1961682,40209.0797565,132.89468730000226,candidate-measurement,100221,valid,1049121,1,True,
1,1,00001E,1790201479.3881629,40209.2717504,133.0866812000022,candidate-measurement,100222,valid,1049122,1,True,
1,1,00001E,1790201479.579571,40209.4631606,133.2780913999959,candidate-measurement,100229,valid,1049129,7,True,
1,1,00001E,1790201479.7715733,40209.6551613,133.4700920999967,candidate-measurement,100236,valid,1049142,13,True,
1,1,00001E,1790201479.9795725,40209.8631607,133.67809149999812,candidate-measurement,100237,valid,1049143,1,True,
1,1,00001E,1790201480.1711426,40210.0547306,133.86966140000004,candidate-measurement,100238,valid,1049144,1,True,
1,1,00001E,1790201480.3631341,40210.2467228,134.0616536000016,candidate-measurement,100239,valid,1049145,1,True,
1,1,00001E,1790201480.5711195,40210.4547088,134.26963960000285,candidate-measurement,10023B,valid,1049147,2,True,
1,1,00001E,1790201480.7631185,40210.6467071,134.46163789999991,candidate-measurement,10023D,valid,1049149,2,True,
1,1,00001E,1790201480.9545326,40210.8381217,134.653052499998,candidate-measurement,10023E,valid,1049150,1,True,
1,1,00001E,1790201481.1465309,40211.0301187,134.84504949999973,candidate-measurement,100241,valid,1049153,3,True,
1,1,00001E,1790201481.354101,40211.2376887,135.0526194999984,candidate-measurement,100247,valid,1049159,6,True,
1,1,00001E,1790201481.5460913,40211.4296798,135.24461059999885,candidate-measurement,10024A,valid,1049162,3,True,
1,1,00001E,1790201481.73809,40211.6216776,135.4366083999994,candidate-measurement,10024A,valid,1049162,0,True,
1,1,00001E,1790201481.9460857,40211.8296732,135.64460400000098,candidate-measurement,10024B,valid,1049163,1,True,
1,1,00001E,1790201482.137496,40212.0210848,135.83601559999806,candidate-measurement,10024C,valid,1049164,1,True,
1,1,00001E,1790201482.3294976,40212.2130858,136.02801660000114,candidate-measurement,10024E,valid,1049166,2,True,
1,1,00001E,1790201482.5370653,40212.4206531,136.23558390000107,candidate-measurement,100250,valid,1049168,2,True,
1,1,00001E,1790201482.72906,40212.6126477,136.42757849999907,candidate-measurement,100250,valid,1049168,0,True,
1,1,00001E,1790201482.9210503,40212.8046392,136.61957000000257,candidate-measurement,100251,valid,1049169,1,True,
1,1,00001E,1790201483.1130452,40212.9966335,136.81156429999828,candidate-measurement,100251,valid,1049169,0,True,
1,1,00001E,1790201483.3210554,40213.2046432,137.0195739999981,candidate-measurement,100251,valid,1049169,0,True,
1,1,00001E,1790201483.5124483,40213.396037,137.2109677999979,candidate-measurement,100257,valid,1049175,6,True,
1,1,00001E,1790201483.704449,40213.5880378,137.40296859999944,candidate-measurement,100261,valid,1049185,10,True,
1,1,00001E,1790201483.9120157,40213.7956046,137.61053540000285,candidate-measurement,100266,valid,1049190,5,True,
1,1,00001E,1790201484.1040094,40213.9875982,137.8025290000005,candidate-measurement,100266,valid,1049190,0,True,
1,1,00001E,1790201484.296003,40214.1795921,137.99452290000045,candidate-measurement,100268,valid,1049192,2,True,
1,1,00001E,1790201484.5034256,40214.3870134,138.2019442000019,candidate-measurement,100268,valid,1049192,0,True,
1,1,00001E,1790201484.6954088,40214.5789993,138.39393009999912,candidate-measurement,100269,valid,1049193,1,True,
1,1,00001E,1790201484.886986,40214.7705751,138.58550590000232,candidate-measurement,10026D,valid,1049197,4,True,
1,1,00001E,1790201485.0789936,40214.9625827,138.77751349999744,candidate-measurement,100274,valid,1049204,7,True,
1,1,00001E,1790201485.2869778,40215.1705658,138.98549659999844,candidate-measurement,100277,valid,1049207,3,True,
1,1,00001E,1790201485.478396,40215.3619843,139.17691509999713,candidate-measurement,100279,valid,1049209,2,True,
1,1,00001E,1790201485.6703856,40215.5539739,139.3689047000007,candidate-measurement,100279,valid,1049209,0,True,
1,1,00001E,1790201485.8780682,40215.7616561,139.57658690000244,candidate-measurement,100279,valid,1049209,0,True,
1,1,00001E,1790201486.0699465,40215.9535348,139.7684655999983,candidate-measurement,100279,valid,1049209,0,True,
1,1,00001E,1790201486.2619443,40216.1455326,139.96046339999884,candidate-measurement,100279,valid,1049209,0,True,
1,1,00001E,1790201486.4699397,40216.3535281,140.16845889999968,candidate-measurement,100279,valid,1049209,0,True,
1,1,00001E,1790201486.6773474,40216.5609364,140.37586719999672,candidate-measurement,10027A,valid,1049210,1,True,
1,1,00001E,1790201486.8693573,40216.7529451,140.56787590000022,candidate-measurement,10027B,valid,1049211,1,True,
1,1,00001E,1790201487.061335,40216.9449244,140.75985519999813,candidate-measurement,100280,valid,1049216,5,True,
1,1,00001E,1790201487.2529173,40217.1365054,140.95143619999726,candidate-measurement,10028D,valid,1049229,13,True,
1,1,00001E,1790201487.444903,40217.3284911,141.14342190000025,candidate-measurement,100291,valid,1049233,4,True,
1,1,00001E,1790201487.6363225,40217.5199112,141.33484199999657,candidate-measurement,100293,valid,1049235,2,True,
1,1,00001E,1790201487.8443172,40217.727906,141.54283679999935,candidate-measurement,100293,valid,1049235,0,True,
1,1,00001E,1790201488.0363042,40217.9198927,141.73482350000268,candidate-measurement,100293,valid,1049235,0,True,
1,1,00001E,1790201488.2278705,40218.1114597,141.92639049999707,candidate-measurement,100293,valid,1049235,0,True,
1,1,00001E,1790201488.4358687,40218.3194569,142.1343876999963,candidate-measurement,100294,valid,1049236,1,True,
1,1,00001E,1790201488.6272864,40218.5108747,142.32580549999693,candidate-measurement,100296,valid,1049238,2,True,
1,1,00001E,1790201488.81928,40218.7028695,142.51780029999645,candidate-measurement,100298,valid,1049240,2,True,
1,1,00001E,1790201489.011275,40218.8948628,142.7097935999991,candidate-measurement,10029C,valid,1049244,4,True,
1,1,00001E,1790201489.218848,40219.102437,142.91736780000065,candidate-measurement,1002A2,valid,1049250,6,True,
1,1,00001E,1790201489.4108462,40219.2944344,143.10936519999814,candidate-measurement,1002A4,valid,1049252,2,True,
1,1,00001E,1790201489.6028368,40219.4864254,143.30135619999783,candidate-measurement,1002A4,valid,1049252,0,True,
1,1,00001E,1790201489.8102512,40219.6938409,143.50877169999876,candidate-measurement,1002A5,valid,1049253,1,True,
1,1,00001E,1790201490.001823,40219.8854119,143.70034270000178,candidate-measurement,1002A7,valid,1049255,2,True,
1,1,00001E,1790201490.193815,40220.0774039,143.8923347000018,candidate-measurement,1002AA,valid,1049258,3,True,
1,1,00001E,1790201490.40181,40220.2853979,144.1003286999985,candidate-measurement,1002AA,valid,1049258,0,True,
1,1,00001E,1790201490.5932305,40220.4768201,144.29175089999626,candidate-measurement,1002AB,valid,1049259,1,True,
1,1,00001E,1790201490.7852116,40220.6688005,144.48373130000255,candidate-measurement,1002AE,valid,1049262,3,True,
1,1,00001E,1790201490.9767919,40220.8603795,144.675310300001,candidate-measurement,1002B9,valid,1049273,11,True,
1,1,00001E,1790201491.184831,40221.0684194,144.88335019999795,candidate-measurement,1002BC,valid,1049276,3,True,
1,1,00001E,1790201491.3767765,40221.2603643,145.07529509999586,candidate-measurement,1002C1,valid,1049281,5,True,
1,1,00001E,1790201491.5681884,40221.4517773,145.26670809999632,candidate-measurement,1002C1,valid,1049281,0,True,
1,1,00001E,1790201491.776176,40221.6597656,145.47469640000054,candidate-measurement,1002C1,valid,1049281,0,True,
1,1,00001E,1790201491.9677687,40221.8513562,145.666287,candidate-measurement,1002C1,valid,1049281,0,True,
1,1,00001E,1790201492.159755,40222.0433438,145.85827459999564,candidate-measurement,1002C2,valid,1049282,1,True,
1,1,00001E,1790201492.3677442,40222.2513324,146.06626320000214,candidate-measurement,1002C4,valid,1049284,2,True,
1,1,00001E,1790201492.5751653,40222.4587529,146.2736836999975,candidate-measurement,1002C8,valid,1049288,4,True,
1,1,00001E,1790201492.7671583,40222.6507466,146.4656773999959,candidate-measurement,1002CF,valid,1049295,7,True,
1,1,00001E,1790201492.9587228,40222.8423114,146.65724220000266,candidate-measurement,1002D1,valid,1049297,2,True,
1,1,00001E,1790201493.150717,40223.0343064,146.84923719999642,candidate-measurement,1002D3,valid,1049299,2,True,
1,1,00001E,1790201493.342723,40223.2263108,147.04124159999628,candidate-measurement,1002D3,valid,1049299,0,True,
1,1,00001E,1790201493.5347552,40223.4183426,147.23327340000105,candidate-measurement,1002D3,valid,1049299,0,True,
1,1,00001E,1790201493.7421277,40223.6257157,147.44064649999927,candidate-measurement,1002D3,valid,1049299,0,True,
1,1,00001E,1790201493.9341135,40223.8177035,147.63263429999643,candidate-measurement,1002D5,valid,1049301,2,True,
1,1,00001E,1790201494.125691,40224.0092795,147.82421030000114,candidate-measurement,1002D6,valid,1049302,1,True,
1,1,00001E,1790201494.3336852,40224.2172732,148.03220400000282,candidate-measurement,1002DD,valid,1049309,7,True,
1,1,00001E,1790201494.5256772,40224.4092656,148.22419639999862,candidate-measurement,1002E6,valid,1049318,9,True,
1,1,00001E,1790201494.7171147,40224.6007035,148.4156342999995,candidate-measurement,1002EA,valid,1049322,4,True,
1,1,00001E,1790201494.9090822,40224.7926713,148.60760209999717,candidate-measurement,1002EB,valid,1049323,1,True,
1,1,00001E,1790201495.116655,40225.0002438,148.81517460000032,candidate-measurement,1002EC,valid,1049324,1,True,
1,1,00001E,1790201495.3086615,40225.1922496,149.0071803999963,candidate-measurement,1002ED,valid,1049325,1,True,
1,1,00001E,1790201495.5006492,40225.3842368,149.19916759999614,candidate-measurement,1002ED,valid,1049325,0,True,
1,1,00001E,1790201495.7080574,40225.5916468,149.40657759999885,candidate-measurement,1002ED,valid,1049325,0,True,
1,1,00001E,1790201495.900049,40225.7836376,149.59856839999702,candidate-measurement,1002ED,valid,1049325,0,True,
1,1,00001E,1790201496.0920522,40225.97564,149.7905707999962,candidate-measurement,1002ED,valid,1049325,0,True,
1,1,00001E,1790201496.2996235,40226.1832116,149.99814239999978,candidate-measurement,1002EF,valid,1049327,2,True,
1,1,00001E,1790201496.491613,40226.3752009,150.19013170000107,candidate-measurement,1002F1,valid,1049329,2,True,
1,1,00001E,1790201496.6836019,40226.5671916,150.38212239999848,candidate-measurement,1002F3,valid,1049331,2,True,
1,1,00001E,1790201496.8756003,40226.7591898,150.57412060000206,candidate-measurement,1002F3,valid,1049331,0,True,
1,1,00001E,1790201497.0830126,40226.9666007,150.78153149999707,candidate-measurement,1002F5,valid,1049333,2,True,
1,1,00001E,1790201497.2750063,40227.1585959,150.97352669999964,candidate-measurement,1002FC,valid,1049340,7,True,
1,1,00001E,1790201497.466581,40227.350169,151.16509979999682,candidate-measurement,1002FF,valid,1049343,3,True,
1,1,00001E,1790201497.674575,40227.5581644,151.3730951999969,candidate-measurement,1002FF,valid,1049343,0,True,
1,1,00001E,1790201497.8665717,40227.75016,151.5650908000025,candidate-measurement,1002FF,valid,1049343,0,True,
1,1,00001E,1790201498.0585668,40227.9421553,151.75708609999856,candidate-measurement,100300,valid,1049344,1,True,
1,1,00001E,1790201498.2659776,40228.1495652,151.9644960000005,candidate-measurement,100302,valid,1049346,2,True,
1,1,00001E,1790201498.45797,40228.3415583,152.15648910000164,candidate-measurement,100304,valid,1049348,2,True,
1,1,00001E,1790201498.6495447,40228.5331332,152.34806399999798,candidate-measurement,100304,valid,1049348,0,True,
1,1,00001E,1790201498.8415272,40228.7251175,152.54004829999758,candidate-measurement,100305,valid,1049349,1,True,
1,1,00001E,1790201499.0495284,40228.9331161,152.7480469000002,candidate-measurement,100305,valid,1049349,0,True,
1,1,00001E,1790201499.2409458,40229.1245349,152.93946570000116,candidate-measurement,100308,valid,1049352,3,True,
1,1,00001E,1790201499.432938,40229.3165257,153.13145649999933,candidate-measurement,100314,valid,1049364,12,True,
1,1,00001E,1790201499.6405213,40229.5241093,153.3390400999997,candidate-measurement,100318,valid,1049368,4,True,
1,1,00001E,1790201499.8325016,40229.7160921,153.53102290000243,candidate-measurement,10031B,valid,1049371,3,True,
1,1,00001E,1790201500.0239236,40229.9075124,153.72244320000027,candidate-measurement,10031B,valid,1049371,0,True,
1,1,00001E,1790201500.2319074,40230.1154968,153.93042759999662,candidate-measurement,10031B,valid,1049371,0,True,
1,1,00001E,1790201500.4239304,40230.3075182,154.12244900000223,candidate-measurement,10031C,valid,1049372,1,True,
1,1,00001E,1790201500.6154764,40230.499066,154.31399679999595,candidate-measurement,10031C,valid,1049372,0,True,
1,1,00001E,1790201500.8074691,40230.6910595,154.50599030000012,candidate-measurement,10031D,valid,1049373,1,True,
1,1,00001E,1790201501.0148897,40230.8984794,154.71341019999818,candidate-measurement,10031D,valid,1049373,0,True,
1,1,00001E,1790201501.206882,40231.09047,154.9054008000021,candidate-measurement,100321,valid,1049377,4,True,
1,1,00001E,1790201501.3988771,40231.2824651,155.09739589999663,candidate-measurement,100326,valid,1049382,5,True,
1,1,00001E,1790201501.6064446,40231.4900331,155.3049639000019,candidate-measurement,10032B,valid,1049387,5,True,
1,1,00001E,1790201501.7984324,40231.6820213,155.4969521000021,candidate-measurement,10032D,valid,1049389,2,True,
1,1,00001E,1790201501.9904447,40231.8740327,155.68896349999704,candidate-measurement,10032D,valid,1049389,0,True,
1,1,00001E,1790201502.1978548,40232.0814424,155.89637319999747,candidate-measurement,10032D,valid,1049389,0,True,
1,1,00001E,1790201502.3898408,40232.2734289,156.08835969999927,candidate-measurement,10032E,valid,1049390,1,True,
1,1,00001E,1790201502.5814097,40232.4649982,156.27992899999663,candidate-measurement,10032E,valid,1049390,0,True,
1,1,00001E,1790201502.7734063,40232.6569957,156.47192650000216,candidate-measurement,100333,valid,1049395,5,True,
1,1,00001E,1790201502.9814088,40232.8649974,156.67992819999927,candidate-measurement,100339,valid,1049401,6,True,
1,1,00001E,1790201503.172817,40233.0564055,156.8713362999988,candidate-measurement,100342,valid,1049410,9,True,
1,1,00001E,1790201503.364814,40233.2484023,157.063333099999,candidate-measurement,100345,valid,1049413,3,True,
1,1,00001E,1790201503.5765321,40233.4601166,157.27504739999858,candidate-measurement,100346,valid,1049414,1,True,
1,1,00001E,1790201503.78038,40233.6639688,157.47889959999884,candidate-measurement,100347,valid,1049415,1,True,
1,1,00001E,1790201503.972371,40233.8559593,157.670890100002,candidate-measurement,100347,valid,1049415,0,True,
1,1,00001E,1790201504.1643748,40234.0479625,157.8628933,candidate-measurement,100347,valid,1049415,0,True,
1,1,00001E,1790201504.3557901,40234.2393776,158.0543084000019,candidate-measurement,100348,valid,1049416,1,True,
1,1,00001E,1790201504.5477746,40234.4313628,158.24629360000108,candidate-measurement,100348,valid,1049416,0,True,
1,1,00001E,1790201504.7393548,40234.6229432,158.43787399999565,candidate-measurement,100348,valid,1049416,0,True,
1,1,00001E,1790201504.9473271,40234.8309174,158.64584820000164,candidate-measurement,10034A,valid,1049418,2,True,
1,1,00001E,1790201505.1393304,40235.0229188,158.83784960000048,candidate-measurement,10034D,valid,1049421,3,True,
1,1,00001E,1790201505.3307505,40235.2143385,159.02926930000103,candidate-measurement,10034E,valid,1049422,1,True,
1,1,00001E,1790201505.538739,40235.4223264,159.2372572000022,candidate-measurement,100356,valid,1049430,8,True,
1,1,00001E,1790201505.7303061,40235.613896,159.42882680000184,candidate-measurement,100359,valid,1049433,3,True,
1,1,00001E,1790201505.9223132,40235.8059016,159.6208323999963,candidate-measurement,100359,valid,1049433,0,True,
1,1,00001E,1790201506.130301,40236.0138885,159.82881929999712,candidate-measurement,10035A,valid,1049434,1,True,
1,1,00001E,1790201506.321737,40236.205324,160.02025480000157,candidate-measurement,10035C,valid,1049436,2,True,
1,1,00001E,1790201506.5137107,40236.3972991,160.2122298999966,candidate-measurement,10035E,valid,1049438,2,True,
1,1,00001E,1790201506.7057388,40236.5893249,160.40425569999934,candidate-measurement,10035E,valid,1049438,0,True,
1,1,00001E,1790201506.9132738,40236.7968631,160.61179389999597,candidate-measurement,10035F,valid,1049439,1,True,
1,1,00001E,1790201507.105275,40236.9888629,160.8037936999972,candidate-measurement,10035F,valid,1049439,0,True,
1,1,00001E,1790201507.2972777,40237.1808657,160.99579649999941,candidate-measurement,100362,valid,1049442,3,True,
1,1,00001E,1790201507.5052533,40237.3888415,161.20377229999576,candidate-measurement,10036D,valid,1049453,11,True,
1,1,00001E,1790201507.6966755,40237.5802639,161.39519470000232,candidate-measurement,100373,valid,1049459,6,True,
1,1,00001E,1790201507.8886945,40237.7722824,161.5872132000004,candidate-measurement,100374,valid,1049460,1,True,
1,1,00001E,1790201508.0806584,40237.9642471,161.77917789999628,candidate-measurement,100375,valid,1049461,1,True,
1,1,00001E,1790201508.2882361,40238.1718245,161.98675530000037,candidate-measurement,100376,valid,1049462,1,True,
1,1,00001E,1790201508.4802275,40238.3638156,162.17874640000082,candidate-measurement,100377,valid,1049463,1,True,
1,1,00001E,1790201508.6716473,40238.5552359,162.37016669999866,candidate-measurement,10037A,valid,1049466,3,True,
1,1,00001E,1790201508.8792508,40238.7628392,162.57776999999624,candidate-measurement,100380,valid,1049472,6,True,
1,1,00001E,1790201509.0712461,40238.9548326,162.76976339999965,candidate-measurement,100384,valid,1049476,4,True,
1,1,00001E,1790201509.2632005,40239.1467889,162.96171969999705,candidate-measurement,100385,valid,1049477,1,True,
1,1,00001E,1790201509.4712012,40239.3547896,163.1697204000011,candidate-measurement,100387,valid,1049479,2,True,
1,1,00001E,1790201509.6631913,40239.5467793,163.36171009999816,candidate-measurement,100387,valid,1049479,0,True,
1,1,00001E,1790201509.854599,40239.7381873,163.55311809999694,candidate-measurement,100387,valid,1049479,0,True,
1,1,00001E,1790201510.0465977,40239.9301861,163.7451168999978,candidate-measurement,100387,valid,1049479,0,True,
1,1,00001E,1790201510.2541738,40240.137762,163.95269279999775,candidate-measurement,100387,valid,1049479,0,True,
1,1,00001E,1790201510.4461596,40240.3297476,164.14467839999998,candidate-measurement,100387,valid,1049479,0,True,
1,1,00001E,1790201510.6381555,40240.521745,164.33667579999747,candidate-measurement,100388,valid,1049480,1,True,
1,1,00001E,1790201510.8455732,40240.729162,164.54409280000255,candidate-measurement,100388,valid,1049480,0,True,
1,1,00001E,1790201511.0375645,40240.9211524,164.73608319999767,candidate-measurement,10038D,valid,1049485,5,True,
1,1,00001E,1790201511.229141,40241.1127286,164.92765939999663,candidate-measurement,10039A,valid,1049498,13,True,
1,1,00001E,1790201511.4371314,40241.3207194,165.13565019999805,candidate-measurement,10039F,valid,1049503,5,True,
1,1,00001E,1790201511.6291237,40241.5127122,165.3276429999969,candidate-measurement,1003A1,valid,1049505,2,True,
1,1,00001E,1790201511.820542,40241.7041316,165.51906240000244,candidate-measurement,1003A1,valid,1049505,0,True,
1,1,00001E,1790201512.0125282,40241.8961164,165.71104719999857,candidate-measurement,1003A1,valid,1049505,0,True,
1,1,00001E,1790201512.2205331,40242.1041214,165.919052199999,candidate-measurement,1003A1,valid,1049505,0,True,
1,1,00001E,1790201512.4121,40242.295688,166.1106187999976,candidate-measurement,1003A2,valid,1049506,1,True,
1,1,00001E,1790201512.6040924,40242.4876814,166.30261220000102,candidate-measurement,1003A4,valid,1049508,2,True,
1,1,00001E,1790201512.8120823,40242.6956705,166.51060129999678,candidate-measurement,1003A5,valid,1049509,1,True,
1,1,00001E,1790201513.0035033,40242.8870912,166.70202199999767,candidate-measurement,1003A7,valid,1049511,2,True,
1,1,00001E,1790201513.1954956,40243.0790845,166.89401530000032,candidate-measurement,1003A7,valid,1049511,0,True,
1,1,00001E,1790201513.4030604,40243.2866489,167.1015797,candidate-measurement,1003AB,valid,1049515,4,True,
1,1,00001E,1790201513.5950632,40243.478652,167.29358279999724,candidate-measurement,1003B1,valid,1049521,6,True,
1,1,00001E,1790201513.7870495,40243.6706379,167.48556870000175,candidate-measurement,1003B2,valid,1049522,1,True,
1,1,00001E,1790201513.9790463,40243.8626358,167.67756659999577,candidate-measurement,1003B2,valid,1049522,0,True,
1,1,00001E,1790201514.1864681,40244.0700574,167.8849881999995,candidate-measurement,1003B4,valid,1049524,2,True,
1,1,00001E,1790201514.3784583,40244.2620465,168.07697729999927,candidate-measurement,1003B6,valid,1049526,2,True,
1,1,00001E,1790201514.5700474,40244.4536373,168.26856810000027,candidate-measurement,1003B7,valid,1049527,1,True,
1,1,00001E,1790201514.7780187,40244.6616077,168.47653849999915,candidate-measurement,1003B7,valid,1049527,0,True,
1,1,00001E,1790201514.970013,40244.8536018,168.66853260000062,candidate-measurement,1003B9,valid,1049529,2,True,
1,1,00001E,1790201515.1614287,40245.0450183,168.85994909999863,candidate-measurement,1003B9,valid,1049529,0,True,
1,1,00001E,1790201515.3694317,40245.2530195,169.0679502999992,candidate-measurement,1003BB,valid,1049531,2,True,
1,1,00001E,1790201515.5614185,40245.4450067,169.25993749999907,candidate-measurement,1003C3,valid,1049539,8,True,
1,1,00001E,1790201515.753024,40245.6366125,169.45154329999787,candidate-measurement,1003CD,valid,1049549,10,True,
1,1,00001E,1790201515.9449828,40245.8285721,169.64350289999857,candidate-measurement,1003CE,valid,1049550,1,True,
1,1,00001E,1790201516.1529803,40246.0365682,169.8514989999967,candidate-measurement,1003D0,valid,1049552,2,True,
1,1,00001E,1790201516.3449733,40246.2285614,170.04349219999858,candidate-measurement,1003D0,valid,1049552,0,True,
1,1,00001E,1790201516.5363986,40246.4199846,170.23491539999668,candidate-measurement,1003D2,valid,1049554,2,True,
1,1,00001E,1790201516.7443871,40246.6279764,170.44290719999844,candidate-measurement,1003D5,valid,1049557,3,True,
1,1,00001E,1790201516.9359467,40246.8195363,170.63446709999698,candidate-measurement,1003DC,valid,1049564,7,True,
1,1,00001E,1790201517.1279514,40247.0115405,170.8264713000026,candidate-measurement,1003DF,valid,1049567,3,True,
1,1,00001E,1790201517.3359432,40247.2195309,171.03446170000097,candidate-measurement,1003E1,valid,1049569,2,True,
1,1,00001E,1790201517.5433574,40247.4269454,171.24187620000157,candidate-measurement,1003E1,valid,1049569,0,True,
1,1,00001E,1790201517.7353349,40247.6189251,171.43385590000253,candidate-measurement,1003E1,valid,1049569,0,True,
1,1,00001E,1790201517.926921,40247.8105101,171.62544089999574,candidate-measurement,1003E1,valid,1049569,0,True,
1,1,00001E,1790201518.1189132,40248.0025016,171.81743239999923,candidate-measurement,1003E1,valid,1049569,0,True,
1,1,00001E,1790201518.310942,40248.1945296,172.0094603999969,candidate-measurement,1003E2,valid,1049570,1,True,
1,1,00001E,1790201518.5029047,40248.3864925,172.2014233000009,candidate-measurement,1003E2,valid,1049570,0,True,
1,1,00001E,1790201518.710311,40248.5939005,172.40883129999565,candidate-measurement,1003E7,valid,1049575,5,True,
1,1,00001E,1790201518.9023144,40248.7859034,172.60083419999864,candidate-measurement,1003F2,valid,1049586,11,True,
1,1,00001E,1790201519.0943213,40248.9779094,172.79284019999614,candidate-measurement,1003F8,valid,1049592,6,True,
1,1,00001E,1790201519.301884,40249.1854719,173.0004026999959,candidate-measurement,1003FB,valid,1049595,3,True,
1,1,00001E,1790201519.493868,40249.3774563,173.19238709999627,candidate-measurement,1003FB,valid,1049595,0,True,
1,1,00001E,1790201519.6858618,40249.5694504,173.38438119999773,candidate-measurement,1003FB,valid,1049595,0,True,
1,1,00001E,1790201519.8778722,40249.7614614,173.57639219999692,candidate-measurement,1003FC,valid,1049596,1,True,
1,1,00001E,1790201520.0852807,40249.9688689,173.78379970000242,candidate-measurement,1003FE,valid,1049598,2,True,
1,1,00001E,1790201520.2772675,40250.1608556,173.97578639999847,candidate-measurement,1003FF,valid,1049599,1,True,
1,1,00001E,1790201520.4688401,40250.3524284,174.16735920000065,candidate-measurement,100400,valid,1049600,1,True,
1,1,00001E,1790201520.6768267,40250.5604148,174.37534559999767,candidate-measurement,100402,valid,1049602,2,True,
1,1,00001E,1790201520.8682404,40250.7518297,174.56676049999805,candidate-measurement,100407,valid,1049607,5,True,
1,1,00001E,1790201521.0602436,40250.9438317,174.75876250000147,candidate-measurement,10040D,valid,1049613,6,True,
1,1,00001E,1790201521.2682302,40251.1518182,174.96674899999925,candidate-measurement,10040D,valid,1049613,0,True,
1,1,00001E,1790201521.4598002,40251.3433888,175.15831959999923,candidate-measurement,10040D,valid,1049613,0,True,
1,1,00001E,1790201521.6517973,40251.5353855,175.35031629999867,candidate-measurement,10040E,valid,1049614,1,True,
1,1,00001E,1790201521.8437889,40251.7273771,175.54230789999565,candidate-measurement,100410,valid,1049616,2,True,
1,1,00001E,1790201522.0517824,40251.9353711,175.7503018999996,candidate-measurement,100413,valid,1049619,3,True,
1,1,00001E,1790201522.2437737,40252.1273621,175.9422928999993,candidate-measurement,100414,valid,1049620,1,True,
1,1,00001E,1790201522.435197,40252.3187851,176.13371589999588,candidate-measurement,10041C,valid,1049628,8,True,
1,1,00001E,1790201522.6431806,40252.5267702,176.34170099999756,candidate-measurement,100426,valid,1049638,10,True,
1,1,00001E,1790201522.8347595,40252.7183485,176.53327929999796,candidate-measurement,100429,valid,1049641,3,True,
1,1,00001E,1790201523.0267594,40252.910348,176.7252787999969,candidate-measurement,100429,valid,1049641,0,True,
1,1,00001E,1790201523.2187507,40253.102339,176.91726979999657,candidate-measurement,100429,valid,1049641,0,True,
1,1,00001E,1790201523.4267604,40253.3103485,177.12527930000215,candidate-measurement,10042B,valid,1049643,2,True,
1,1,00001E,1790201523.618729,40253.5023182,177.31724899999972,candidate-measurement,10042C,valid,1049644,1,True,
1,1,00001E,1790201523.8101597,40253.6937485,177.50867930000095,candidate-measurement,100430,valid,1049648,4,True,
1,1,00001E,1790201524.0181623,40253.9017508,177.71668160000263,candidate-measurement,100438,valid,1049656,8,True,
1,1,00001E,1790201524.2097561,40254.0933444,177.90827519999584,candidate-measurement,10043B,valid,1049659,3,True,
1,1,00001E,1790201524.4017103,40254.2852987,178.10022949999984,candidate-measurement,10043B,valid,1049659,0,True,
1,1,00001E,1790201524.609704,40254.4932928,178.3082235999973,candidate-measurement,10043B,valid,1049659,0,True,
1,1,00001E,1790201524.8171153,40254.7007044,178.51563519999763,candidate-measurement,10043B,valid,1049659,0,True,
1,1,00001E,1790201525.0086865,40254.8922758,178.70720659999643,candidate-measurement,10043C,valid,1049660,1,True,
1,1,00001E,1790201525.200688,40255.084277,178.89920780000102,candidate-measurement,10043D,valid,1049661,1,True,
1,1,00001E,1790201525.392676,40255.2762644,179.0911952000024,candidate-measurement,10043F,valid,1049663,2,True,
1,1,00001E,1790201525.5846748,40255.4682628,179.28319360000023,candidate-measurement,100447,valid,1049671,8,True,
1,1,00001E,1790201525.776658,40255.6602484,179.47517920000246,candidate-measurement,100453,valid,1049683,12,True,
1,1,00001E,1790201525.9846523,40255.8682404,179.68317119999847,candidate-measurement,100454,valid,1049684,1,True,
1,1,00001E,1790201526.176078,40256.0596669,179.87459769999987,candidate-measurement,100455,valid,1049685,1,True,
1,1,00001E,1790201526.368072,40256.2516603,180.066591099996,candidate-measurement,100455,valid,1049685,0,True,
1,1,00001E,1790201526.5756361,40256.4592246,180.2741554000022,candidate-measurement,100456,valid,1049686,1,True,
1,1,00001E,1790201526.7676342,40256.6512242,180.4661550000019,candidate-measurement,100458,valid,1049688,2,True,
1,1,00001E,1790201526.959619,40256.8432093,180.6581401000003,candidate-measurement,100459,valid,1049689,1,True,
1,1,00001E,1790201527.1516197,40257.035208,180.85013880000042,candidate-measurement,10045A,valid,1049690,1,True,
1,1,00001E,1790201527.3590431,40257.2426305,181.05756129999645,candidate-measurement,10045D,valid,1049693,3,True,
1,1,00001E,1790201527.5510335,40257.434622,181.24955279999995,candidate-measurement,100464,valid,1049700,7,True,
1,1,00001E,1790201527.742599,40257.6261894,181.44112019999739,candidate-measurement,100467,valid,1049703,3,True,
1,1,00001E,1790201527.950597,40257.8341853,181.64911610000127,candidate-measurement,100467,valid,1049703,0,True,
1,1,00001E,1790201528.142587,40258.026175,181.84110579999833,candidate-measurement,100468,valid,1049704,1,True,
1,1,00001E,1790201528.3340118,40258.2176001,182.03253089999635,candidate-measurement,10046A,valid,1049706,2,True,
1,1,00001E,1790201528.5416067,40258.4251951,182.2401258999962,candidate-measurement,10046B,valid,1049707,1,True,
1,1,00001E,1790201528.7335713,40258.617161,182.43209180000122,candidate-measurement,10046D,valid,1049709,2,True,
1,1,00001E,1790201528.9255583,40258.8091473,182.6240781000015,candidate-measurement,10046F,valid,1049711,2,True,
1,1,00001E,1790201529.1175542,40259.0011436,182.8160743999979,candidate-measurement,100474,valid,1049716,5,True,
1,1,00001E,1790201529.3249826,40259.2085699,183.02350070000102,candidate-measurement,10047C,valid,1049724,8,True,
1,1,00001E,1790201529.516967,40259.4005556,183.21548639999673,candidate-measurement,100480,valid,1049728,4,True,
1,1,00001E,1790201529.7085326,40259.5921224,183.40705319999688,candidate-measurement,100483,valid,1049731,3,True,
1,1,00001E,1790201529.916536,40259.8001245,183.61505529999704,candidate-measurement,100483,valid,1049731,0,True,
1,1,00001E,1790201530.1079497,40259.9915392,183.8064699999959,candidate-measurement,100483,valid,1049731,0,True,
1,1,00001E,1790201530.299944,40260.1835319,183.99846270000126,candidate-measurement,100483,valid,1049731,0,True,
1,1,00001E,1790201530.5075178,40260.3911059,184.20603670000128,candidate-measurement,100485,valid,1049733,2,True,
1,1,00001E,1790201530.699505,40260.583093,184.39802380000037,candidate-measurement,100485,valid,1049733,0,True,
1,1,00001E,1790201530.891497,40260.775086,184.59001680000074,candidate-measurement,100487,valid,1049735,2,True,
1,1,00001E,1790201531.08349,40260.9670803,184.78201109999645,candidate-measurement,10048D,valid,1049741,6,True,
1,1,00001E,1790201531.2909162,40261.1745042,184.98943499999586,candidate-measurement,100492,valid,1049746,5,True,
1,1,00001E,1790201531.4829144,40261.3665024,185.18143319999945,candidate-measurement,100495,valid,1049749,3,True,
1,1,00001E,1790201531.6744761,40261.5580647,185.3729955000017,candidate-measurement,100495,valid,1049749,0,True,
1,1,00001E,1790201531.882461,40261.7660504,185.58098120000068,candidate-measurement,100495,valid,1049749,0,True,
1,1,00001E,1790201532.0744605,40261.9580498,185.77298059999885,candidate-measurement,100495,valid,1049749,0,True,
1,1,00001E,1790201532.2664697,40262.1500565,185.96498730000167,candidate-measurement,100495,valid,1049749,0,True,
1,1,00001E,1790201532.4738665,40262.3574547,186.17238550000184,candidate-measurement,100496,valid,1049750,1,True,
1,1,00001E,1790201532.665862,40262.5494506,186.36438140000246,candidate-measurement,100497,valid,1049751,1,True,
1,1,00001E,1790201532.8574393,40262.7410287,186.55595950000134,candidate-measurement,10049B,valid,1049755,4,True,
1,1,00001E,1790201533.0494292,40262.9330183,186.74794909999764,candidate-measurement,1004A9,valid,1049769,14,True,
1,1,00001E,1790201533.257428,40263.1410161,186.95594690000144,candidate-measurement,1004AD,valid,1049773,4,True,
1,1,00001E,1790201533.4494157,40263.3330037,187.14793449999706,candidate-measurement,1004AF,valid,1049775,2,True,
1,1,00001E,1790201533.6408308,40263.5244194,187.33935019999626,candidate-measurement,1004AF,valid,1049775,0,True,
1,1,00001E,1790201533.8488207,40263.7324097,187.54734050000116,candidate-measurement,1004AF,valid,1049775,0,True,
1,1,00001E,1790201534.0408175,40263.9244062,187.73933699999907,candidate-measurement,1004AF,valid,1049775,0,True,
1,1,00001E,1790201534.2324018,40264.1159896,187.93092040000192,candidate-measurement,1004B1,valid,1049777,2,True,
1,1,00001E,1790201534.4403834,40264.3239718,188.13890259999607,candidate-measurement,1004B3,valid,1049779,2,True,
1,1,00001E,1790201534.6323786,40264.5159666,188.33089740000287,candidate-measurement,1004B4,valid,1049780,1,True,
1,1,00001E,1790201534.8237915,40264.7073796,188.52231039999606,candidate-measurement,1004B6,valid,1049782,2,True,
1,1,00001E,1790201535.0153687,40264.8989578,188.7138885999957,candidate-measurement,1004BC,valid,1049788,6,True,
1,1,00001E,1790201535.2233653,40265.1069537,188.92188449999958,candidate-measurement,1004C1,valid,1049793,5,True,
1,1,00001E,1790201535.4153547,40265.2989427,189.1138734999986,candidate-measurement,1004C1,valid,1049793,0,True,
1,1,00001E,1790201535.6067712,40265.4903596,189.30529039999965,candidate-measurement,1004C1,valid,1049793,0,True,
1,1,00001E,1790201535.8147607,40265.698349,189.5132797999977,candidate-measurement,1004C2,valid,1049794,1,True,
1,1,00001E,1790201536.0063393,40265.8899283,189.70485909999843,candidate-measurement,1004C3,valid,1049795,1,True,
1,1,00001E,1790201536.1983216,40266.08191,189.89684080000006,candidate-measurement,1004C5,valid,1049797,2,True,
1,1,00001E,1790201536.4063206,40266.2899087,190.10483949999616,candidate-measurement,1004C7,valid,1049799,2,True,
1,1,00001E,1790201536.5983183,40266.4819063,190.29683710000245,candidate-measurement,1004C7,valid,1049799,0,True,
1,1,00001E,1790201536.7897294,40266.673319,190.48824980000063,candidate-measurement,1004C7,valid,1049799,0,True,
1,1,00001E,1790201536.9817226,40266.8653125,190.68024329999753,candidate-measurement,1004CC,valid,1049804,5,True,
1,1,00001E,1790201537.1892915,40267.072881,190.88781179999933,candidate-measurement,1004D6,valid,1049814,10,True,
1,1,00001E,1790201537.3812993,40267.2648874,191.07981819999986,candidate-measurement,1004DD,valid,1049821,7,True,
1,1,00001E,1790201537.5732834,40267.4568726,191.27180339999904,candidate-measurement,1004DD,valid,1049821,0,True,
1,1,00001E,1790201537.780697,40267.6642855,191.479216300002,candidate-measurement,1004DD,valid,1049821,0,True,
1,1,00001E,1790201537.9726853,40267.8562754,191.6712062000006,candidate-measurement,1004DE,valid,1049822,1,True,
1,1,00001E,1790201538.1642654,40268.0478534,191.8627841999987,candidate-measurement,1004E0,valid,1049824,2,True,
1,1,00001E,1790201538.3722627,40268.2558507,192.0707814999987,candidate-measurement,1004E6,valid,1049830,6,True,
1,1,00001E,1790201538.5642543,40268.447843,192.262773800001,candidate-measurement,1004ED,valid,1049837,7,True,
1,1,00001E,1790201538.7556782,40268.639267,192.45419779999793,candidate-measurement,1004EE,valid,1049838,1,True,
1,1,00001E,1790201538.9476626,40268.831252,192.64618280000286,candidate-measurement,1004EE,valid,1049838,0,True,
1,1,00001E,1790201539.1552413,40269.0388294,192.85376019999967,candidate-measurement,1004EE,valid,1049838,0,True,
1,1,00001E,1790201539.34723,40269.2308178,193.0457486000014,candidate-measurement,1004F0,valid,1049840,2,True,
1,1,00001E,1790201539.5386426,40269.4222311,193.23716189999686,candidate-measurement,1004F2,valid,1049842,2,True,
1,1,00001E,1790201539.7466364,40269.6302244,193.44515520000277,candidate-measurement,1004F4,valid,1049844,2,True,
1,1,00001E,1790201539.938628,40269.8222157,193.63714649999747,candidate-measurement,1004FC,valid,1049852,8,True,
1,1,00001E,1790201540.1302028,40270.0137917,193.8287225000022,candidate-measurement,100502,valid,1049858,6,True,
1,1,00001E,1790201540.3382053,40270.2217936,194.03672440000082,candidate-measurement,100507,valid,1049863,5,True,
1,1,00001E,1790201540.5301888,40270.4137774,194.22870819999662,candidate-measurement,100507,valid,1049863,0,True,
1,1,00001E,1790201540.7221782,40270.6057667,194.4206974999979,candidate-measurement,100508,valid,1049864,1,True,
1,1,00001E,1790201540.913596,40270.7971851,194.61211589999584,candidate-measurement,100508,valid,1049864,0,True,
1,1,00001E,1790201541.1215892,40271.0051766,194.8201074000026,candidate-measurement,100508,valid,1049864,0,True,
1,1,00001E,1790201541.313592,40271.1971806,195.0121113999994,candidate-measurement,100509,valid,1049865,1,True,
1,1,00001E,1790201541.5051527,40271.3887419,195.20367270000133,candidate-measurement,100509,valid,1049865,0,True,
1,1,00001E,1790201541.7131498,40271.5967382,195.41166900000098,candidate-measurement,10050A,valid,1049866,1,True,
1,1,00001E,1790201541.9051383,40271.7887276,195.60365839999577,candidate-measurement,10050C,valid,1049868,2,True,
1,1,00001E,1790201542.097135,40271.9807244,195.79565519999596,candidate-measurement,10050D,valid,1049869,1,True,
1,1,00001E,1790201542.3045504,40272.1881387,196.0030695000023,candidate-measurement,10050F,valid,1049871,2,True,
1,1,00001E,1790201542.496549,40272.3801371,196.19506790000014,candidate-measurement,10050F,valid,1049871,0,True,
1,1,00001E,1790201542.6881213,40272.5717098,196.38664060000156,candidate-measurement,100513,valid,1049875,4,True,
1,1,00001E,1790201542.8801112,40272.7636999,196.57863070000167,candidate-measurement,10051B,valid,1049883,8,True,
1,1,00001E,1790201543.0881162,40272.9717041,196.786634899996,candidate-measurement,10051B,valid,1049883,0,True,
1,1,00001E,1790201543.2795236,40273.1631121,196.97804290000204,candidate-measurement,10051B,valid,1049883,0,True,
1,1,00001E,1790201543.471519,40273.3551067,197.17003750000003,candidate-measurement,10051D,valid,1049885,2,True,
1,1,00001E,1790201543.679089,40273.5626772,197.3776080000025,candidate-measurement,100520,valid,1049888,3,True,
1,1,00001E,1790201543.8710835,40273.7546717,197.56960249999975,candidate-measurement,100520,valid,1049888,0,True,
1,1,00001E,1790201544.0625014,40273.9460895,197.76102030000038,candidate-measurement,100521,valid,1049889,1,True,
1,1,00001E,1790201544.2701306,40274.153719,197.968649800001,candidate-measurement,100522,valid,1049890,1,True,
1,1,00001E,1790201544.4620576,40274.3456465,198.16057729999739,candidate-measurement,100528,valid,1049896,6,True,
1,1,00001E,1790201544.6540585,40274.5376463,198.3525770999986,candidate-measurement,100532,valid,1049906,10,True,
1,1,00001E,1790201544.8460522,40274.7296406,198.5445714000016,candidate-measurement,100536,valid,1049910,4,True,
1,1,00001E,1790201545.053468,40274.9370558,198.75198660000024,candidate-measurement,100536,valid,1049910,0,True,
1,1,00001E,1790201545.2450328,40275.1286209,198.943551700002,candidate-measurement,100538,valid,1049912,2,True,
1,1,00001E,1790201545.437033,40275.3206209,199.13555169999745,candidate-measurement,100538,valid,1049912,0,True,
1,1,00001E,1790201545.6450193,40275.5286078,199.34353859999828,candidate-measurement,100539,valid,1049913,1,True,
1,1,00001E,1790201545.83702,40275.7206078,199.53553860000102,candidate-measurement,100539,valid,1049913,0,True,
1,1,00001E,1790201546.0290074,40275.9125965,199.72752729999775,candidate-measurement,10053C,valid,1049916,3,True,
1,1,00001E,1790201546.236421,40276.1200098,199.93494059999648,candidate-measurement,100542,valid,1049922,6,True,
1,1,00001E,1790201546.428431,40276.3120173,200.12694809999812,candidate-measurement,100547,valid,1049927,5,True,
1,1,00001E,1790201546.619996,40276.5035841,200.31851489999826,candidate-measurement,100548,valid,1049928,1,True,
1,1,00001E,1790201546.8120017,40276.69559,200.51052080000227,candidate-measurement,100548,valid,1049928,0,True,
1,1,00001E,1790201547.0199761,40276.9035653,200.71849610000208,candidate-measurement,100549,valid,1049929,1,True,
1,1,00001E,1790201547.2119763,40277.0955649,200.91049570000177,candidate-measurement,100549,valid,1049929,0,True,
1,1,00001E,1790201547.4039636,40277.2875522,201.1024830000024,candidate-measurement,100549,valid,1049929,0,True,
1,1,00001E,1790201547.6119523,40277.495542,201.3104727999962,candidate-measurement,10054A,valid,1049930,1,True,
1,1,00001E,1790201547.8033764,40277.6869645,201.50189529999625,candidate-measurement,10054A,valid,1049930,0,True,
1,1,00001E,1790201547.9953895,40277.8789766,201.69390739999653,candidate-measurement,10054D,valid,1049933,3,True,
1,1,00001E,1790201548.1873715,40278.070959,201.88588979999622,candidate-measurement,100555,valid,1049941,8,True,
1,1,00001E,1790201548.3949368,40278.2785251,202.09345590000157,candidate-measurement,10055F,valid,1049951,10,True,
1,1,00001E,1790201548.5869272,40278.4705169,202.28544770000008,candidate-measurement,100561,valid,1049953,2,True,
1,1,00001E,1790201548.7789242,40278.6625132,202.47744399999647,candidate-measurement,100563,valid,1049955,2,True,
1,1,00001E,1790201548.986916,40278.870505,202.68543579999823,candidate-measurement,100563,valid,1049955,0,True,
1,1,00001E,1790201549.17832,40279.061909,202.87683979999565,candidate-measurement,100563,valid,1049955,0,True,
1,1,00001E,1790201549.3703308,40279.2539188,203.06884960000025,candidate-measurement,100564,valid,1049956,1,True,
1,1,00001E,1790201549.5778985,40279.4614873,203.27641810000205,candidate-measurement,100566,valid,1049958,2,True,
1,1,00001E,1790201549.7698884,40279.6534774,203.46840820000216,candidate-measurement,100567,valid,1049959,1,True,
1,1,00001E,1790201549.9618866,40279.8454748,203.66040559999965,candidate-measurement,10056A,valid,1049962,3,True,
1,1,00001E,1790201550.1692975,40280.052886,203.86781679999694,candidate-measurement,100571,valid,1049969,7,True,
1,1,00001E,1790201550.3613024,40280.2448892,204.05982000000222,candidate-measurement,100575,valid,1049973,4,True,
1,1,00001E,1790201550.5528688,40280.4364575,204.25138829999923,candidate-measurement,100575,valid,1049973,0,True,
1,1,00001E,1790201550.744859,40280.6284473,204.44337809999706,candidate-measurement,100575,valid,1049973,0,True,
1,1,00001E,1790201550.9528484,40280.8364371,204.65136789999815,candidate-measurement,100576,valid,1049974,1,True,
1,1,00001E,1790201551.1442642,40281.0278531,204.84278389999963,candidate-measurement,100577,valid,1049975,1,True,
1,1,00001E,1790201551.3362668,40281.2198553,205.0347860999973,candidate-measurement,10057A,valid,1049978,3,True,
1,1,00001E,1790201551.5438387,40281.4274272,205.24235799999587,candidate-measurement,10057B,valid,1049979,1,True,
1,1,00001E,1790201551.7358296,40281.6194181,205.43434890000208,candidate-measurement,10057C,valid,1049980,1,True,
1,1,00001E,1790201551.9278195,40281.8114082,205.6263390000022,candidate-measurement,100581,valid,1049985,5,True,
1,1,00001E,1790201552.1198087,40282.0033979,205.81832869999926,candidate-measurement,10058C,valid,1049996,11,True,
1,1,00001E,1790201552.327234,40282.2108224,206.02575319999596,candidate-measurement,100590,valid,1050000,4,True,
1,1,00001E,1790201552.5192282,40282.4028163,206.2177470999959,candidate-measurement,100591,valid,1050001,1,True,
1,1,00001E,1790201552.7107868,40282.5943765,206.40930729999673,candidate-measurement,100591,valid,1050001,0,True,
1,1,00001E,1790201552.918791,40282.8023795,206.61731029999646,candidate-measurement,100592,valid,1050002,1,True,
1,1,00001E,1790201553.1102028,40282.9937917,206.8087224999981,candidate-measurement,100595,valid,1050005,3,True,
1,1,00001E,1790201553.302191,40283.1857801,207.00071089999983,candidate-measurement,10059C,valid,1050012,7,True,
1,1,00001E,1790201553.5101929,40283.3937809,207.20871169999737,candidate-measurement,1005A1,valid,1050017,5,True,
1,1,00001E,1790201553.7177618,40283.6013519,207.41628269999637,candidate-measurement,1005A3,valid,1050019,2,True,
1,1,00001E,1790201553.9097607,40283.7933491,207.60827989999962,candidate-measurement,1005A3,valid,1050019,0,True,
1,1,00001E,1790201554.101751,40283.9853402,207.80027100000007,candidate-measurement,1005A3,valid,1050019,0,True,
1,1,00001E,1790201554.29317,40284.176758,207.9916888000007,candidate-measurement,1005A3,valid,1050019,0,True,
1,1,00001E,1790201554.485205,40284.3687927,208.18372349999845,candidate-measurement,1005A3,valid,1050019,0,True,
1,1,00001E,1790201554.6771448,40284.5607345,208.37566530000186,candidate-measurement,1005A4,valid,1050020,1,True,
1,1,00001E,1790201554.8847375,40284.7683261,208.58325689999765,candidate-measurement,1005A6,valid,1050022,2,True,
1,1,00001E,1790201555.0767214,40284.9603097,208.7752404999992,candidate-measurement,1005AA,valid,1050026,4,True,
1,1,00001E,1790201555.2687263,40285.1523146,208.96724540000287,candidate-measurement,1005B6,valid,1050038,12,True,
1,1,00001E,1790201555.4761307,40285.3597187,209.17464949999703,candidate-measurement,1005BC,valid,1050044,6,True,
1,1,00001E,1790201555.6681135,40285.5517027,209.36663350000163,candidate-measurement,1005BD,valid,1050045,1,True,
1,1,00001E,1790201555.8597004,40285.743288,209.55821879999712,candidate-measurement,1005BD,valid,1050045,0,True,
1,1,00001E,1790201556.0516877,40285.9352769,209.75020770000265,candidate-measurement,1005BD,valid,1050045,0,True,
1,1,00001E,1790201556.2596796,40286.1432679,209.95819869999832,candidate-measurement,1005BE,valid,1050046,1,True,
1,1,00001E,1790201556.451097,40286.3346854,210.14961619999667,candidate-measurement,1005C0,valid,1050048,2,True,
1,1,00001E,1790201556.6431057,40286.5266935,210.34162430000288,candidate-measurement,1005C1,valid,1050049,1,True,
1,1,00001E,1790201556.8506637,40286.7342514,210.54918219999672,candidate-measurement,1005C4,valid,1050052,3,True,
1,1,00001E,1790201557.0426538,40286.9262432,210.7411740000025,candidate-measurement,1005C8,valid,1050056,4,True,
1,1,00001E,1790201557.23465,40287.1182388,210.93316960000084,candidate-measurement,1005CF,valid,1050063,7,True,
1,1,00001E,1790201557.4420547,40287.3256434,211.1405741999988,candidate-measurement,1005CF,valid,1050063,0,True,
1,1,00001E,1790201557.6340542,40287.5176429,211.33257369999774,candidate-measurement,1005D1,valid,1050065,2,True,
1,1,00001E,1790201557.825633,40287.7092216,211.52415240000119,candidate-measurement,1005D3,valid,1050067,2,True,
1,1,00001E,1790201558.0176218,40287.9012102,211.71614099999715,candidate-measurement,1005D5,valid,1050069,2,True,
1,1,00001E,1790201558.2256172,40288.1092069,211.92413769999985,candidate-measurement,1005D7,valid,1050071,2,True,
1,1,00001E,1790201558.4170327,40288.3006208,212.1155515999999,candidate-measurement,1005DF,valid,1050079,8,True,
1,1,00001E,1790201558.6090276,40288.4926158,212.30754660000093,candidate-measurement,1005E6,valid,1050086,7,True,
1,1,00001E,1790201558.8166573,40288.7002462,212.51517700000113,candidate-measurement,1005E9,valid,1050089,3,True,
1,1,00001E,1790201559.0085928,40288.8921812,212.7071119999964,candidate-measurement,1005EB,valid,1050091,2,True,
1,1,00001E,1790201559.2005882,40289.0841768,212.89910760000203,candidate-measurement,1005EB,valid,1050091,0,True,
1,1,00001E,1790201559.408,40289.2915881,213.10651890000008,candidate-measurement,1005EB,valid,1050091,0,True,
1,1,00001E,1790201559.5999908,40289.4835798,213.29851059999783,candidate-measurement,1005EC,valid,1050092,1,True,
1,1,00001E,1790201559.7919843,40289.6755736,213.490504399997,candidate-measurement,1005EC,valid,1050092,0,True,
1,1,00001E,1790201559.9835734,40289.8671625,213.6820932999981,candidate-measurement,1005ED,valid,1050093,1,True,
1,1,00001E,1790201560.1915495,40290.0751384,213.89006920000247,candidate-measurement,1005ED,valid,1050093,0,True,
1,1,00001E,1790201560.3829827,40290.2665705,214.08150130000286,candidate-measurement,1005EF,valid,1050095,2,True,
1,1,00001E,1790201560.5749636,40290.458552,214.2734827999957,candidate-measurement,1005F4,valid,1050100,5,True,
1,1,00001E,1790201560.7825334,40290.6661234,214.48105419999774,candidate-measurement,1005F9,valid,1050105,5,True,
1,1,00001E,1790201560.9745295,40290.8581176,214.67304839999997,candidate-measurement,1005FB,valid,1050107,2,True,
1,1,00001E,1790201561.1665318,40291.0501195,214.86505030000262,candidate-measurement,1005FD,valid,1050109,2,True,
1,1,00001E,1790201561.373941,40291.2575294,215.0724601999973,candidate-measurement,1005FD,valid,1050109,0,True,
1,1,00001E,1790201561.581928,40291.4655157,215.28044650000083,candidate-measurement,1005FD,valid,1050109,0,True,
1,1,00001E,1790201561.7739358,40291.657524,215.4724548000013,candidate-measurement,1005FD,valid,1050109,0,True,
1,1,00001E,1790201561.9655058,40291.8490935,215.66402430000016,candidate-measurement,1005FD,valid,1050109,0,True,
1,1,00001E,1790201562.1574993,40292.0410873,215.85601809999935,candidate-measurement,1005FD,valid,1050109,0,True,
1,1,00001E,1790201562.3495,40292.2330877,216.04801849999785,candidate-measurement,1005FE,valid,1050110,1,True,
1,1,00001E,1790201562.5414894,40292.4250777,216.2400084999972,candidate-measurement,1005FF,valid,1050111,1,True,
1,1,00001E,1790201562.7488909,40292.6324808,216.4474115999983,candidate-measurement,100604,valid,1050116,5,True,
1,1,00001E,1790201562.9404662,40292.8240551,216.63898589999735,candidate-measurement,100612,valid,1050130,14,True,
1,1,00001E,1790201563.1324582,40293.016047,216.83097779999662,candidate-measurement,100615,valid,1050133,3,True,
1,1,00001E,1790201563.340469,40293.2240565,217.0389873000022,candidate-measurement,100616,valid,1050134,1,True,
1,1,00001E,1790201563.547871,40293.4314597,217.24639049999678,candidate-measurement,100617,valid,1050135,1,True,
1,1,00001E,1790201563.7398577,40293.6234468,217.43837759999587,candidate-measurement,100617,valid,1050135,0,True,
1,1,00001E,1790201563.9314377,40293.8150251,217.62995589999628,candidate-measurement,100618,valid,1050136,1,True,
1,1,00001E,1790201564.1234276,40294.0070165,217.821947299999,candidate-measurement,10061A,valid,1050138,2,True,
1,1,00001E,1790201564.315421,40294.199009,218.01393980000285,candidate-measurement,10061B,valid,1050139,1,True,
1,1,00001E,1790201564.5074108,40294.3909993,218.2059300999972,candidate-measurement,10061D,valid,1050141,2,True,
1,1,00001E,1790201564.7148275,40294.5984161,218.41334690000076,candidate-measurement,10061E,valid,1050142,1,True,
1,1,00001E,1790201564.906823,40294.7904108,218.60534159999952,candidate-measurement,100622,valid,1050146,4,True,
1,1,00001E,1790201565.0983953,40294.9819839,218.7969146999967,candidate-measurement,100628,valid,1050152,6,True,
1,1,00001E,1790201565.3063858,40295.1899741,219.00490490000084,candidate-measurement,100628,valid,1050152,0,True,
1,1,00001E,1790201565.4983883,40295.3819764,219.19690719999926,candidate-measurement,10062A,valid,1050154,2,True,
1,1,00001E,1790201565.689795,40295.5733834,219.3883141999977,candidate-measurement,10062A,valid,1050154,0,True,
1,1,00001E,1790201565.8817985,40295.7653856,219.58031640000263,candidate-measurement,10062E,valid,1050158,4,True,
1,1,00001E,1790201566.0893695,40295.9729584,219.7878892000008,candidate-measurement,10062F,valid,1050159,1,True,
1,1,00001E,1790201566.281351,40296.16494,219.97987080000166,candidate-measurement,100631,valid,1050161,2,True,
1,1,00001E,1790201566.473349,40296.356937,220.1718677999961,candidate-measurement,10063D,valid,1050173,12,True,
1,1,00001E,1790201566.6813474,40296.5649352,220.37986599999567,candidate-measurement,100644,valid,1050180,7,True,
1,1,00001E,1790201566.8733418,40296.7569303,220.57186109999748,candidate-measurement,100645,valid,1050181,1,True,
1,1,00001E,1790201567.064755,40296.9483433,220.76327409999794,candidate-measurement,100646,valid,1050182,1,True,
1,1,00001E,1790201567.2567513,40297.1403399,220.95527069999662,candidate-measurement,100646,valid,1050182,0,True,
1,1,00001E,1790201567.4643147,40297.3479035,221.16283429999748,candidate-measurement,100649,valid,1050185,3,True,
1,1,00001E,1790201567.6563103,40297.5398989,221.35482970000157,candidate-measurement,10064E,valid,1050190,5,True,
1,1,00001E,1790201567.8483074,40297.7318959,221.54682669999602,candidate-measurement,100654,valid,1050196,6,True,
1,1,00001E,1790201568.0557237,40297.9393128,221.75424360000034,candidate-measurement,100655,valid,1050197,1,True,
1,1,00001E,1790201568.2477057,40298.1312948,221.94622559999698,candidate-measurement,100657,valid,1050199,2,True,
1,1,00001E,1790201568.439711,40298.323299,222.1382298000026,candidate-measurement,100657,valid,1050199,0,True,
1,1,00001E,1790201568.6473575,40298.5309455,222.3458763000017,candidate-measurement,100657,valid,1050199,0,True,
1,1,00001E,1790201568.839277,40298.7228651,222.53779589999613,candidate-measurement,100657,valid,1050199,0,True,
1,1,00001E,1790201569.03127,40298.9148585,222.72978929999954,candidate-measurement,100657,valid,1050199,0,True,
1,1,00001E,1790201569.2387512,40299.12234,222.937270800001,candidate-measurement,100659,valid,1050201,2,True,
1,1,00001E,1790201569.4302697,40299.3138572,223.1287880000018,candidate-measurement,10065B,valid,1050203,2,True,
1,1,00001E,1790201569.6222544,40299.505843,223.32077379999828,candidate-measurement,100661,valid,1050209,6,True,
1,1,00001E,1790201569.8142629,40299.6978525,223.5127833000006,candidate-measurement,10066E,valid,1050222,13,True,
1,1,00001E,1790201570.0222335,40299.9058217,223.72075249999762,candidate-measurement,100671,valid,1050225,3,True,
1,1,00001E,1790201570.2136471,40300.0972357,223.91216649999842,candidate-measurement,100671,valid,1050225,0,True,
1,1,00001E,1790201570.4056504,40300.2892385,224.10416930000065,candidate-measurement,100671,valid,1050225,0,True,
1,1,00001E,1790201570.6132147,40300.4968041,224.3117349000022,candidate-measurement,100672,valid,1050226,1,True,
1,1,00001E,1790201570.8052087,40300.688798,224.50372880000214,candidate-measurement,100674,valid,1050228,2,True,
1,1,00001E,1790201570.9972026,40300.8807911,224.695721899996,candidate-measurement,100675,valid,1050229,1,True,
1,1,00001E,1790201571.2046177,40301.0882058,224.9031365999981,candidate-measurement,100677,valid,1050231,2,True,
1,1,00001E,1790201571.3966162,40301.2802046,225.09513539999898,candidate-measurement,100677,valid,1050231,0,True,
1,1,00001E,1790201571.5881896,40301.471778,225.28670879999845,candidate-measurement,100678,valid,1050232,1,True,
1,1,00001E,1790201571.780179,40301.6637675,225.47869830000127,candidate-measurement,10067F,valid,1050239,7,True,
1,1,00001E,1790201571.9881794,40301.8717679,225.68669869999576,candidate-measurement,100683,valid,1050243,4,True,
1,1,00001E,1790201572.1795864,40302.063174,225.8781048000019,candidate-measurement,100683,valid,1050243,0,True,
1,1,00001E,1790201572.3715868,40302.255175,226.0701057999977,candidate-measurement,100683,valid,1050243,0,True,
1,1,00001E,1790201572.5791693,40302.4627569,226.27768769999966,candidate-measurement,100684,valid,1050244,1,True,
1,1,00001E,1790201572.7711494,40302.6547375,226.4696683000002,candidate-measurement,100685,valid,1050245,1,True,
1,1,00001E,1790201572.9631457,40302.8467343,226.6616651000004,candidate-measurement,100687,valid,1050247,2,True,
1,1,00001E,1790201573.170553,40303.0541414,226.86907220000285,candidate-measurement,100689,valid,1050249,2,True,
1,1,00001E,1790201573.3625612,40303.2461488,227.06107959999645,candidate-measurement,10068A,valid,1050250,1,True,
1,1,00001E,1790201573.554126,40303.4377142,227.25264500000048,candidate-measurement,10068E,valid,1050254,4,True,
1,1,00001E,1790201573.7461157,40303.6297049,227.4446356999979,candidate-measurement,100698,valid,1050264,10,True,
1,1,00001E,1790201573.953522,40303.8371107,227.65204149999772,candidate-measurement,10069C,valid,1050268,4,True,
1,1,00001E,1790201574.1455307,40304.0291185,227.84404930000164,candidate-measurement,10069F,valid,1050271,3,True,
1,1,00001E,1790201574.3371265,40304.2207143,228.03564509999705,candidate-measurement,10069F,valid,1050271,0,True,
1,1,00001E,1790201574.5450938,40304.4286816,228.24361240000144,candidate-measurement,1006A0,valid,1050272,1,True,
1,1,00001E,1790201574.7370849,40304.6206737,228.43560450000223,candidate-measurement,1006A0,valid,1050272,0,True,
1,1,00001E,1790201574.9290774,40304.8126656,228.6275964000015,candidate-measurement,1006A1,valid,1050273,1,True,
1,1,00001E,1790201575.121074,40305.0046626,228.81959339999594,candidate-measurement,1006A2,valid,1050274,1,True,
1,1,00001E,1790201575.3284934,40305.2120807,229.02701150000212,candidate-measurement,1006A3,valid,1050275,1,True,
1,1,00001E,1790201575.5204747,40305.404063,229.21899380000104,candidate-measurement,1006AB,valid,1050283,8,True,
1,1,00001E,1790201575.7120519,40305.5956421,229.41057290000026,candidate-measurement,1006AF,valid,1050287,4,True,
1,1,00001E,1790201575.9200466,40305.8036357,229.61856650000118,candidate-measurement,1006B1,valid,1050289,2,True,
1,1,00001E,1790201576.1120343,40305.9956228,229.81055360000028,candidate-measurement,1006B1,valid,1050289,0,True,
1,1,00001E,1790201576.3034472,40306.1870362,230.0019669999965,candidate-measurement,1006B1,valid,1050289,0,True,
1,1,00001E,1790201576.5110195,40306.3946076,230.20953839999856,candidate-measurement,1006B1,valid,1050289,0,True,
1,1,00001E,1790201576.7030249,40306.5866138,230.40154459999758,candidate-measurement,1006B1,valid,1050289,0,True,
1,1,00001E,1790201576.8950086,40306.7785972,230.5935279999976,candidate-measurement,1006B2,valid,1050290,1,True,
1,1,00001E,1790201577.1024282,40306.9860156,230.8009463999988,candidate-measurement,1006B3,valid,1050291,1,True,
1,1,00001E,1790201577.2944138,40307.178003,230.99293380000017,candidate-measurement,1006B6,valid,1050294,3,True,
1,1,00001E,1790201577.4864185,40307.3700062,231.18493699999817,candidate-measurement,1006BE,valid,1050302,8,True,
1,1,00001E,1790201577.6779838,40307.5615723,231.37650310000026,candidate-measurement,1006CA,valid,1050314,12,True,
1,1,00001E,1790201577.8859775,40307.7695671,231.58449789999577,candidate-measurement,1006CA,valid,1050314,0,True,
1,1,00001E,1790201578.0779696,40307.9615584,231.77648919999774,candidate-measurement,1006CB,valid,1050315,1,True,
1,1,00001E,1790201578.269972,40308.15356,231.9684907999981,candidate-measurement,1006CC,valid,1050316,1,True,
1,1,00001E,1790201578.4773922,40308.3609803,232.1759110999992,candidate-measurement,1006CC,valid,1050316,0,True,
1,1,00001E,1790201578.6693766,40308.5529651,232.36789590000262,candidate-measurement,1006CF,valid,1050319,3,True,
1,1,00001E,1790201578.8609471,40308.7445358,232.55946659999609,candidate-measurement,1006D0,valid,1050320,1,True,
1,1,00001E,1790201579.0529425,40308.9365314,232.7514622000017,candidate-measurement,1006D2,valid,1050322,2,True,
1,1,00001E,1790201579.2609475,40309.1445361,232.95946689999982,candidate-measurement,1006D6,valid,1050326,4,True,
1,1,00001E,1790201579.4523518,40309.3359396,233.1508704000007,candidate-measurement,1006DC,valid,1050332,6,True,
1,1,00001E,1790201579.6443384,40309.5279279,233.34285870000167,candidate-measurement,1006DC,valid,1050332,0,True,
1,1,00001E,1790201579.852334,40309.7359231,233.55085390000022,candidate-measurement,1006DE,valid,1050334,2,True,
1,1,00001E,1790201580.043914,40309.9275026,233.74243340000248,candidate-measurement,1006E0,valid,1050336,2,True,
1,1,00001E,1790201580.2359066,40310.1194951,233.93442589999904,candidate-measurement,1006E2,valid,1050338,2,True,
1,1,00001E,1790201580.4439135,40310.327501,234.14243179999903,candidate-measurement,1006E3,valid,1050339,1,True,
1,1,00001E,1790201580.63531,40310.5188992,234.33382999999594,candidate-measurement,1006E3,valid,1050339,0,True,
1,1,00001E,1790201580.8273168,40310.7109056,234.52583639999648,candidate-measurement,1006E6,valid,1050342,3,True,
1,1,00001E,1790201581.0193114,40310.9028993,234.71783010000217,candidate-measurement,1006F0,valid,1050352,10,True,
1,1,00001E,1790201581.2268953,40311.1104832,234.92541399999755,candidate-measurement,1006F5,valid,1050357,5,True,
1,1,00001E,1790201581.4188716,40311.3024595,235.11739030000172,candidate-measurement,1006F7,valid,1050359,2,True,
1,1,00001E,1790201581.6108608,40311.4944494,235.3093802000003,candidate-measurement,1006F8,valid,1050360,1,True,
1,1,00001E,1790201581.8188503,40311.7024398,235.51737059999869,candidate-measurement,1006F8,valid,1050360,0,True,
1,1,00001E,1790201582.0108497,40311.8944384,235.70936919999804,candidate-measurement,1006F9,valid,1050361,1,True,
1,1,00001E,1790201582.202267,40312.0858549,235.90078569999605,candidate-measurement,1006F9,valid,1050361,0,True,
1,1,00001E,1790201582.4098873,40312.2934756,236.10840640000242,candidate-measurement,1006FB,valid,1050363,2,True,
1,1,00001E,1790201582.6018279,40312.485417,236.30034780000278,candidate-measurement,1006FB,valid,1050363,0,True,
1,1,00001E,1790201582.7938235,40312.6774117,236.49234250000154,candidate-measurement,1006FE,valid,1050366,3,True,
1,1,00001E,1790201582.9858172,40312.8694065,236.68433730000106,candidate-measurement,100705,valid,1050373,7,True,
1,1,00001E,1790201583.1938584,40313.0774463,236.89237709999725,candidate-measurement,100709,valid,1050377,4,True,
1,1,00001E,1790201583.3852274,40313.2688157,237.08374650000042,candidate-measurement,10070B,valid,1050379,2,True,
1,1,00001E,1790201583.5772796,40313.4608672,237.2757980000024,candidate-measurement,10070B,valid,1050379,0,True,
1,1,00001E,1790201583.784792,40313.6683811,237.4833118999959,candidate-measurement,10070B,valid,1050379,0,True,
1,1,00001E,1790201583.9767828,40313.8603729,237.67530370000168,candidate-measurement,10070B,valid,1050379,0,True,
1,1,00001E,1790201584.1687806,40314.05237,237.86730079999688,candidate-measurement,10070B,valid,1050379,0,True,
1,1,00001E,1790201584.3767617,40314.2603496,238.07528040000034,candidate-measurement,10070C,valid,1050380,1,True,
1,1,00001E,1790201584.5681853,40314.4517738,238.26670459999877,candidate-measurement,10070C,valid,1050380,0,True,
1,1,00001E,1790201584.7601867,40314.6437765,238.45870730000024,candidate-measurement,10070F,valid,1050383,3,True,
1,1,00001E,1790201584.9522207,40314.8358094,238.65074019999884,candidate-measurement,100716,valid,1050390,7,True,
1,1,00001E,1790201585.1597571,40315.0433453,238.85827609999978,candidate-measurement,100721,valid,1050401,11,True,
1,1,00001E,1790201585.3517563,40315.2353433,239.05027410000184,candidate-measurement,100725,valid,1050405,4,True,
1,1,00001E,1790201585.5437484,40315.4273365,239.24226729999646,candidate-measurement,100725,valid,1050405,0,True,
1,1,00001E,1790201585.7511556,40315.6347434,239.4496741999974,candidate-measurement,100725,valid,1050405,0,True,
1,1,00001E,1790201585.9431376,40315.8267266,239.6416573999959,candidate-measurement,100727,valid,1050407,2,True,
1,1,00001E,1790201586.1351368,40316.0187248,239.83365559999947,candidate-measurement,100729,valid,1050409,2,True,
1,1,00001E,1790201586.3427126,40316.2263002,240.04123100000288,candidate-measurement,10072B,valid,1050411,2,True,
1,1,00001E,1790201586.5347073,40316.4182951,240.2332258999959,candidate-measurement,10072C,valid,1050412,1,True,
1,1,00001E,1790201586.7266996,40316.6102884,240.42521919999854,candidate-measurement,100730,valid,1050416,4,True,
1,1,00001E,1790201586.9187002,40316.8022886,240.6172194000028,candidate-measurement,100735,valid,1050421,5,True,
1,1,00001E,1790201587.1261005,40317.0096895,240.8246203000017,candidate-measurement,100737,valid,1050423,2,True,
1,1,00001E,1790201587.3176773,40317.201266,241.01619679999567,candidate-measurement,100737,valid,1050423,0,True,
1,1,00001E,1790201587.5096705,40317.3932583,241.20818909999798,candidate-measurement,100737,valid,1050423,0,True,
1,1,00001E,1790201587.7176661,40317.6012551,241.41618590000144,candidate-measurement,100737,valid,1050423,0,True,
1,1,00001E,1790201587.909662,40317.79325,241.60818080000172,candidate-measurement,100738,valid,1050424,1,True,
1,1,00001E,1790201588.101077,40317.9846656,241.79959640000015,candidate-measurement,10073A,valid,1050426,2,True,
1,1,00001E,1790201588.2930667,40318.1766549,241.99158570000145,candidate-measurement,10073B,valid,1050427,1,True,
1,1,00001E,1790201588.5006363,40318.3842242,242.19915500000207,candidate-measurement,10073D,valid,1050429,2,True,
1,1,00001E,1790201588.692642,40318.5762208,242.39115160000074,candidate-measurement,10073D,valid,1050429,0,True,
1,1,00001E,1790201588.8846254,40318.7682147,242.58314550000068,candidate-measurement,100742,valid,1050434,5,True,
1,1,00001E,1790201589.0926144,40318.9762034,242.79113420000067,candidate-measurement,10074E,valid,1050446,12,True,
1,1,00001E,1790201589.2840395,40319.1676276,242.9825583999991,candidate-measurement,100751,valid,1050449,3,True,
1,1,00001E,1790201589.4760263,40319.3596143,243.17454510000243,candidate-measurement,100752,valid,1050450,1,True,
1,1,00001E,1790201589.684021,40319.5676096,243.38254040000174,candidate-measurement,100752,valid,1050450,0,True,
1,1,00001E,1790201589.8915946,40319.7751832,243.59011399999872,candidate-measurement,100753,valid,1050451,1,True,
1,1,00001E,1790201590.0835876,40319.9671765,243.78210730000137,candidate-measurement,100754,valid,1050452,1,True,
1,1,00001E,1790201590.2750068,40320.1585947,243.97352549999778,candidate-measurement,100755,valid,1050453,1,True,
1,1,00001E,1790201590.4669979,40320.3505857,244.16551649999747,candidate-measurement,100757,valid,1050455,2,True,
1,1,00001E,1790201590.6589923,40320.5425803,244.35751110000274,candidate-measurement,10075B,valid,1050459,4,True,
1,1,00001E,1790201590.8505669,40320.7341549,244.5490856999968,candidate-measurement,10075F,valid,1050463,4,True,
1,1,00001E,1790201591.0585613,40320.9421503,244.75708109999687,candidate-measurement,100762,valid,1050466,3,True,
1,1,00001E,1790201591.250546,40321.1341347,244.94906549999723,candidate-measurement,100764,valid,1050468,2,True,
1,1,00001E,1790201591.4419749,40321.325563,245.14049379999778,candidate-measurement,100764,valid,1050468,0,True,
1,1,00001E,1790201591.6499588,40321.5335476,245.34847839999566,candidate-measurement,100764,valid,1050468,0,True,
1,1,00001E,1790201591.8575256,40321.7411139,245.55604470000253,candidate-measurement,100765,valid,1050469,1,True,
1,1,00001E,1790201592.0495262,40321.9331148,245.74804559999757,candidate-measurement,100765,valid,1050469,0,True,
1,1,00001E,1790201592.2415173,40322.1251064,245.94003720000183,candidate-measurement,100765,valid,1050469,0,True,
1,1,00001E,1790201592.4329333,40322.3165215,246.13145229999645,candidate-measurement,100765,valid,1050469,0,True,
1,1,00001E,1790201592.6249268,40322.508516,246.32344680000097,candidate-measurement,100765,valid,1050469,0,True,
1,1,00001E,1790201592.8165061,40322.7000949,246.51502569999866,candidate-measurement,100766,valid,1050470,1,True,
1,1,00001E,1790201593.0244915,40322.9080803,246.72301110000262,candidate-measurement,100766,valid,1050470,0,True,
1,1,00001E,1790201593.216497,40323.1000864,246.91501720000088,candidate-measurement,100769,valid,1050473,3,True,
1,1,00001E,1790201593.407915,40323.2915033,247.10643410000193,candidate-measurement,10076E,valid,1050478,5,True,
1,1,00001E,1790201593.615548,40323.4991354,247.31406620000052,candidate-measurement,100778,valid,1050488,10,True,
1,1,00001E,1790201593.807467,40323.6910554,247.505986199998,candidate-measurement,10077C,valid,1050492,4,True,
1,1,00001E,1790201593.999454,40323.8830427,247.69797349999862,candidate-measurement,10077E,valid,1050494,2,True,
1,1,00001E,1790201594.1914556,40324.0750431,247.88997389999713,candidate-measurement,10077F,valid,1050495,1,True,
1,1,00001E,1790201594.39945,40324.2830381,248.09796890000143,candidate-measurement,10077F,valid,1050495,0,True,
1,1,00001E,1790201594.5908635,40324.4744512,248.28938200000266,candidate-measurement,10077F,valid,1050495,0,True,
1,1,00001E,1790201594.782851,40324.6664415,248.48137229999702,candidate-measurement,10077F,valid,1050495,0,True,
1,1,00001E,1790201594.9908526,40324.8744417,248.68937249999726,candidate-measurement,100780,valid,1050496,1,True,
1,1,00001E,1790201595.182453,40325.066042,248.88097279999783,candidate-measurement,100781,valid,1050497,1,True,
1,1,00001E,1790201595.3744266,40325.2580142,249.0729449999999,candidate-measurement,100783,valid,1050499,2,True,
1,1,00001E,1790201595.5824091,40325.4659981,249.2809288999997,candidate-measurement,100785,valid,1050501,2,True,
1,1,00001E,1790201595.7898254,40325.6734099,249.48834070000157,candidate-measurement,100785,valid,1050501,0,True,
1,1,00001E,1790201595.9818223,40325.8654106,249.68034140000236,candidate-measurement,100787,valid,1050503,2,True,
1,1,00001E,1790201596.1733913,40326.0569795,249.87191029999667,candidate-measurement,10078E,valid,1050510,7,True,
1,1,00001E,1790201596.365383,40326.2489712,250.0639020000017,candidate-measurement,100791,valid,1050513,3,True,
1,1,00001E,1790201596.5573802,40326.4409689,250.25589970000146,candidate-measurement,100791,valid,1050513,0,True,
1,1,00001E,1790201596.749372,40326.6329616,250.44789239999955,candidate-measurement,100791,valid,1050513,0,True,
1,1,00001E,1790201596.9567761,40326.8403653,250.65529609999794,candidate-measurement,100792,valid,1050514,1,True,
1,1,00001E,1790201597.1487815,40327.0323697,250.8473004999978,candidate-measurement,100794,valid,1050516,2,True,
1,1,00001E,1790201597.3407843,40327.2243727,251.03930350000155,candidate-measurement,100796,valid,1050518,2,True,
1,1,00001E,1790201597.5483437,40327.4319321,251.24686289999954,candidate-measurement,100797,valid,1050519,1,True,
1,1,00001E,1790201597.7403414,40327.6239296,251.4388603999978,candidate-measurement,100797,valid,1050519,0,True,
1,1,00001E,1790201597.9323351,40327.8159229,251.63085370000044,candidate-measurement,10079A,valid,1050522,3,True,
1,1,00001E,1790201598.139762,40328.0233495,251.8382802999986,candidate-measurement,1007A8,valid,1050536,14,True,
1,1,00001E,1790201598.3317509,40328.2153387,252.03026949999912,candidate-measurement,1007AC,valid,1050540,4,True,
1,1,00001E,1790201598.5233152,40328.4069034,252.22183419999783,candidate-measurement,1007AE,valid,1050542,2,True,
1,1,00001E,1790201598.7153385,40328.5989252,252.4138559999992,candidate-measurement,1007AE,valid,1050542,0,True,
1,1,00001E,1790201598.9233015,40328.8068903,252.6218211000014,candidate-measurement,1007AF,valid,1050543,1,True,
1,1,00001E,1790201599.1147132,40328.9983014,252.81323220000195,candidate-measurement,1007B1,valid,1050545,2,True,
1,1,00001E,1790201599.3067083,40329.1902963,253.00522710000223,candidate-measurement,1007B6,valid,1050550,5,True,
1,1,00001E,1790201599.5143476,40329.3979352,253.21286600000167,candidate-measurement,1007BA,valid,1050554,4,True,
1,1,00001E,1790201599.706269,40329.5898586,253.40478939999593,candidate-measurement,1007BD,valid,1050557,3,True,
1,1,00001E,1790201599.8982697,40329.7818591,253.59678990000248,candidate-measurement,1007BD,valid,1050557,0,True,
1,1,00001E,1790201600.0902586,40329.9738479,253.78877869999997,candidate-measurement,1007BF,valid,1050559,2,True,
1,1,00001E,1790201600.2976704,40330.1812588,253.99618960000225,candidate-measurement,1007BF,valid,1050559,0,True,
1,1,00001E,1790201600.489673,40330.3732613,254.1881921000022,candidate-measurement,1007BF,valid,1050559,0,True,
1,1,00001E,1790201600.6812468,40330.564835,254.37976579999668,candidate-measurement,1007BF,valid,1050559,0,True,
1,1,00001E,1790201600.889237,40330.7728256,254.58775639999658,candidate-measurement,1007C0,valid,1050560,1,True,
1,1,00001E,1790201601.0812335,40330.9648214,254.77975219999644,candidate-measurement,1007C1,valid,1050561,1,True,
1,1,00001E,1790201601.2732356,40331.1568236,254.97175440000137,candidate-measurement,1007C2,valid,1050562,1,True,
1,1,00001E,1790201601.4652214,40331.3488096,255.16374039999937,candidate-measurement,1007C8,valid,1050568,6,True,
1,1,00001E,1790201601.672669,40331.5562582,255.37118899999768,candidate-measurement,1007D4,valid,1050580,12,True,
1,1,00001E,1790201601.8642101,40331.7477994,255.56273019999935,candidate-measurement,1007D7,valid,1050583,3,True,
1,1,00001E,1790201602.0562038,40331.9397918,255.75472260000242,candidate-measurement,1007D9,valid,1050585,2,True,
1,1,00001E,1790201602.264197,40332.1477855,255.96271629999683,candidate-measurement,1007D9,valid,1050585,0,True,
1,1,00001E,1790201602.4561892,40332.3397776,256.1547083999976,candidate-measurement,1007D9,valid,1050585,0,True,
1,1,00001E,1790201602.6476052,40332.5311937,256.34612449999986,candidate-measurement,1007DA,valid,1050586,1,True,
1,1,00001E,1790201602.8555956,40332.739184,256.5541147999975,candidate-measurement,1007DB,valid,1050587,1,True,
1,1,00001E,1790201603.0475943,40332.9311822,256.74611300000106,candidate-measurement,1007DD,valid,1050589,2,True,
1,1,00001E,1790201603.2391615,40333.1227508,256.93768160000036,candidate-measurement,1007DE,valid,1050590,1,True,
1,1,00001E,1790201603.4311557,40333.3147439,257.1296747000015,candidate-measurement,1007E1,valid,1050593,3,True,
1,1,00001E,1790201603.63915,40333.5227387,257.337669499997,candidate-measurement,1007E8,valid,1050600,7,True,
1,1,00001E,1790201603.8311555,40333.7147438,257.5296746000022,candidate-measurement,1007EB,valid,1050603,3,True,
1,1,00001E,1790201604.0225604,40333.9061486,257.7210793999984,candidate-measurement,1007EB,valid,1050603,0,True,
1,1,00001E,1790201604.2305536,40334.1141426,257.9290734000024,candidate-measurement,1007EC,valid,1050604,1,True,
1,1,00001E,1790201604.4225438,40334.3061318,258.12106259999564,candidate-measurement,1007EE,valid,1050606,2,True,
1,1,00001E,1790201604.6141195,40334.4977076,258.31263839999883,candidate-measurement,1007F0,valid,1050608,2,True,
1,1,00001E,1790201604.8221118,40334.7057001,258.52063089999865,candidate-measurement,1007F0,valid,1050608,0,True,
1,1,00001E,1790201605.0141091,40334.8976976,258.7126283999969,candidate-measurement,1007F1,valid,1050609,1,True,
1,1,00001E,1790201605.2055213,40335.08911,258.9040408000001,candidate-measurement,1007F1,valid,1050609,0,True,
1,1,00001E,1790201605.3975167,40335.2811049,259.09603570000036,candidate-measurement,1007F3,valid,1050611,2,True,
1,1,00001E,1790201605.6050894,40335.4886774,259.30360819999623,candidate-measurement,1007F8,valid,1050616,5,True,
1,1,00001E,1790201605.7970808,40335.6806692,259.495600000002,candidate-measurement,100801,valid,1050625,9,True,
1,1,00001E,1790201605.9890738,40335.8726621,259.6875929000016,candidate-measurement,100805,valid,1050629,4,True,
1,1,00001E,1790201606.1970694,40336.0806579,259.89558869999746,candidate-measurement,100807,valid,1050631,2,True,
1,1,00001E,1790201606.388484,40336.2720723,260.0870031000013,candidate-measurement,100807,valid,1050631,0,True,
1,1,00001E,1790201606.5804772,40336.4640652,260.2789960000009,candidate-measurement,100807,valid,1050631,0,True,
1,1,00001E,1790201606.7884626,40336.6720509,260.4869816999999,candidate-measurement,100807,valid,1050631,0,True,
1,1,00001E,1790201606.9960449,40336.8796339,260.6945646999957,candidate-measurement,100809,valid,1050633,2,True,
1,1,00001E,1790201607.1880348,40337.0716234,260.8865541999985,candidate-measurement,100809,valid,1050633,0,True,
1,1,00001E,1790201607.3800337,40337.2636216,261.0785524000021,candidate-measurement,10080C,valid,1050636,3,True,
1,1,00001E,1790201607.5714436,40337.455031,261.26996179999696,candidate-measurement,100813,valid,1050643,7,True,
1,1,00001E,1790201607.7634318,40337.6470214,261.46195219999936,candidate-measurement,100818,valid,1050648,5,True,
1,1,00001E,1790201607.9554315,40337.8390202,261.65395100000023,candidate-measurement,100819,valid,1050649,1,True,
1,1,00001E,1790201608.163022,40338.0466107,261.8615415000022,candidate-measurement,100819,valid,1050649,0,True,
1,1,00001E,1790201608.355005,40338.2385924,262.05352319999656,candidate-measurement,100819,valid,1050649,0,True,
1,1,00001E,1790201608.5469902,40338.4305787,262.24550949999684,candidate-measurement,100819,valid,1050649,0,True,
1,1,00001E,1790201608.7544105,40338.6379985,262.4529293000014,candidate-measurement,100819,valid,1050649,0,True,
1,1,00001E,1790201608.9464135,40338.830003,262.64493380000204,candidate-measurement,10081A,valid,1050650,1,True,
1,1,00001E,1790201609.1383908,40339.0219797,262.836910500002,candidate-measurement,10081A,valid,1050650,0,True,
1,1,00001E,1790201609.3299854,40339.2135741,263.0285049000013,candidate-measurement,10081F,valid,1050655,5,True,
1,1,00001E,1790201609.5379617,40339.4215504,263.23648120000144,candidate-measurement,100828,valid,1050664,9,True,
1,1,00001E,1790201609.7299871,40339.613576,263.42850680000265,candidate-measurement,100830,valid,1050672,8,True,
1,1,00001E,1790201609.92137,40339.804959,263.61988980000024,candidate-measurement,100831,valid,1050673,1,True,
1,1,00001E,1790201610.129354,40340.0129426,263.82787339999777,candidate-measurement,100832,valid,1050674,1,True,
1,1,00001E,1790201610.321358,40340.2049461,264.01987689999805,candidate-measurement,100832,valid,1050674,0,True,
1,1,00001E,1790201610.512928,40340.3965165,264.2114472999965,candidate-measurement,100833,valid,1050675,1,True,
1,1,00001E,1790201610.7049232,40340.5885113,264.403442099996,candidate-measurement,100834,valid,1050676,1,True,
1,1,00001E,1790201610.9129088,40340.7964978,264.6114286000011,candidate-measurement,100836,valid,1050678,2,True,
1,1,00001E,1790201611.1043339,40340.9879223,264.8028531000018,candidate-measurement,100837,valid,1050679,1,True,
1,1,00001E,1790201611.2963254,40341.1799132,264.99484400000074,candidate-measurement,100838,valid,1050680,1,True,
1,1,00001E,1790201611.5038931,40341.3874817,265.20241250000254,candidate-measurement,10083A,valid,1050682,2,True,
1,1,00001E,1790201611.695893,40341.5794803,265.3944111000019,candidate-measurement,100840,valid,1050688,6,True,
1,1,00001E,1790201611.887882,40341.7714708,265.58640159999777,candidate-measurement,100845,valid,1050693,5,True,
1,1,00001E,1790201612.0952947,40341.9788835,265.7938142999992,candidate-measurement,100845,valid,1050693,0,True,
1,1,00001E,1790201612.2872932,40342.1708817,265.9858125000028,candidate-measurement,100845,valid,1050693,0,True,
1,1,00001E,1790201612.479277,40342.362865,266.17779580000206,candidate-measurement,100847,valid,1050695,2,True,
1,1,00001E,1790201612.6868598,40342.5704485,266.38537930000166,candidate-measurement,100849,valid,1050697,2,True,
1,1,00001E,1790201612.8788497,40342.7624395,266.57737030000135,candidate-measurement,10084A,valid,1050698,1,True,
1,1,00001E,1790201613.070856,40342.9544452,266.76937599999656,candidate-measurement,10084B,valid,1050699,1,True,
1,1,00001E,1790201613.2622604,40343.1458493,266.960780100002,candidate-measurement,10084F,valid,1050703,4,True,
1,1,00001E,1790201613.4702582,40343.353846,267.16877679999743,candidate-measurement,100858,valid,1050712,9,True,
1,1,00001E,1790201613.6622434,40343.5458326,267.3607634,candidate-measurement,10085E,valid,1050718,6,True,
1,1,00001E,1790201613.8538246,40343.7374129,267.5523437000011,candidate-measurement,100860,valid,1050720,2,True,
1,1,00001E,1790201614.0618153,40343.9454045,267.7603353000013,candidate-measurement,100861,valid,1050721,1,True,
1,1,00001E,1790201614.25381,40344.1373983,267.9523291000005,candidate-measurement,100863,valid,1050723,2,True,
1,1,00001E,1790201614.4452226,40344.3288109,268.1437416999979,candidate-measurement,100863,valid,1050723,0,True,
1,1,00001E,1790201614.637232,40344.52082,268.3357507999972,candidate-measurement,100865,valid,1050725,2,True,
1,1,00001E,1790201614.845198,40344.7287872,268.5437180000008,candidate-measurement,100869,valid,1050729,4,True,
1,1,00001E,1790201615.036782,40344.920371,268.73530179999943,candidate-measurement,10086F,valid,1050735,6,True,
1,1,00001E,1790201615.228773,40345.1123624,268.92729320000217,candidate-measurement,100871,valid,1050737,2,True,
1,1,00001E,1790201615.4367986,40345.3203871,269.1353178999998,candidate-measurement,100871,valid,1050737,0,True,
1,1,00001E,1790201615.6281824,40345.5117707,269.32670150000195,candidate-measurement,100873,valid,1050739,2,True,
1,1,00001E,1790201615.8201725,40345.7037617,269.51869250000163,candidate-measurement,100873,valid,1050739,0,True,
1,1,00001E,1790201616.0277486,40345.9113377,269.72626850000233,candidate-measurement,100873,valid,1050739,0,True,
1,1,00001E,1790201616.2197387,40346.1033281,269.91825889999745,candidate-measurement,100873,valid,1050739,0,True,
1,1,00001E,1790201616.411731,40346.2953193,270.11025009999867,candidate-measurement,100873,valid,1050739,0,True,
1,1,00001E,1790201616.6037312,40346.4873209,270.30225169999903,candidate-measurement,100874,valid,1050740,1,True,
1,1,00001E,1790201616.8111389,40346.6947276,270.50965839999844,candidate-measurement,100874,valid,1050740,0,True,
1,1,00001E,1790201617.0031362,40346.8867269,270.70165769999585,candidate-measurement,100877,valid,1050743,3,True,
1,1,00001E,1790201617.1947098,40347.0782985,270.89322929999616,candidate-measurement,100880,valid,1050752,9,True,
1,1,00001E,1790201617.4027042,40347.2862921,271.1012228999971,candidate-measurement,10088B,valid,1050763,11,True,
1,1,00001E,1790201617.5946927,40347.4782819,271.2932127000022,candidate-measurement,10088C,valid,1050764,1,True,
1,1,00001E,1790201617.7861247,40347.6697127,271.48464349999995,candidate-measurement,10088E,valid,1050766,2,True,
1,1,00001E,1790201617.9941192,40347.8777072,271.69263800000044,candidate-measurement,10088F,valid,1050767,1,True,
1,1,00001E,1790201618.2017376,40348.0853258,271.9002565999981,candidate-measurement,100891,valid,1050769,2,True,
1,1,00001E,1790201618.3936772,40348.277265,272.09219579999626,candidate-measurement,100893,valid,1050771,2,True,
1,1,00001E,1790201618.585666,40348.4692553,272.2841860999979,candidate-measurement,100894,valid,1050772,1,True,
1,1,00001E,1790201618.7776594,40348.6612487,272.4761795000013,candidate-measurement,10089B,valid,1050779,7,True,
1,1,00001E,1790201618.9690728,40348.8526606,272.6675914000007,candidate-measurement,10089E,valid,1050782,3,True,
1,1,00001E,1790201619.161068,40349.0446577,272.8595884999959,candidate-measurement,10089E,valid,1050782,0,True,
1,1,00001E,1790201619.3686552,40349.2522432,273.06717399999616,candidate-measurement,1008A0,valid,1050784,2,True,
1,1,00001E,1790201619.5606403,40349.4442285,273.2591592999961,candidate-measurement,1008A0,valid,1050784,0,True,
1,1,00001E,1790201619.7526274,40349.6362157,273.45114649999596,candidate-measurement,1008A4,valid,1050788,4,True,
1,1,00001E,1790201619.9606228,40349.8442121,273.65914289999637,candidate-measurement,1008A5,valid,1050789,1,True,
1,1,00001E,1790201620.16804,40350.051629,273.8665598000007,candidate-measurement,1008A7,valid,1050791,2,True,
1,1,00001E,1790201620.3596146,40350.2432027,274.05813350000244,candidate-measurement,1008B2,valid,1050802,11,True,
1,1,00001E,1790201620.5516026,40350.4351909,274.25012170000264,candidate-measurement,1008B9,valid,1050809,7,True,
1,1,00001E,1790201620.743597,40350.6271869,274.44211769999674,candidate-measurement,1008BA,valid,1050810,1,True,
1,1,00001E,1790201620.9350111,40350.8185998,274.63353059999645,candidate-measurement,1008BC,valid,1050812,2,True,
1,1,00001E,1790201621.1269972,40351.0105871,274.82551789999707,candidate-measurement,1008BD,valid,1050813,1,True,
1,1,00001E,1790201621.3345726,40351.2181608,275.0330916000021,candidate-measurement,1008BD,valid,1050813,0,True,
1,1,00001E,1790201621.5265846,40351.4101723,275.2251030999978,candidate-measurement,1008C2,valid,1050818,5,True,
1,1,00001E,1790201621.7185583,40351.6021482,275.4170789999989,candidate-measurement,1008CA,valid,1050826,8,True,
1,1,00001E,1790201621.9259765,40351.8095652,275.6244959999967,candidate-measurement,1008CD,valid,1050829,3,True,
1,1,00001E,1790201622.1339679,40352.0175572,275.832488,candidate-measurement,1008CD,valid,1050829,0,True,
1,1,00001E,1790201622.325976,40352.209564,276.0244947999963,candidate-measurement,1008CD,valid,1050829,0,True,
1,1,00001E,1790201622.5175326,40352.4011211,276.21605190000264,candidate-measurement,1008CD,valid,1050829,0,True,
1,1,00001E,1790201622.7095475,40352.5931378,276.40806860000157,candidate-measurement,1008CF,valid,1050831,2,True,
1,1,00001E,1790201622.9015265,40352.785115,276.60004579999804,candidate-measurement,1008CF,valid,1050831,0,True,
1,1,00001E,1790201623.0929549,40352.9765429,276.7914737000028,candidate-measurement,1008D6,valid,1050838,7,True,
1,1,00001E,1790201623.3009331,40353.1845215,276.99945229999867,candidate-measurement,1008E3,valid,1050851,13,True,
1,1,00001E,1790201623.4925048,40353.3760926,277.19102340000245,candidate-measurement,1008E7,valid,1050855,4,True,
1,1,00001E,1790201623.6845038,40353.5680928,277.38302359999943,candidate-measurement,1008E7,valid,1050855,0,True,
1,1,00001E,1790201623.8924968,40353.7760853,277.59101609999925,candidate-measurement,1008E7,valid,1050855,0,True,
1,1,00001E,1790201624.0999072,40353.9834957,277.79842649999773,candidate-measurement,1008E8,valid,1050856,1,True,
1,1,00001E,1790201624.2919004,40354.1754895,277.9904202999969,candidate-measurement,1008EA,valid,1050858,2,True,
1,1,00001E,1790201624.4838998,40354.3674884,278.18241919999855,candidate-measurement,1008EC,valid,1050860,2,True,
1,1,00001E,1790201624.6754935,40354.5590824,278.3740132000021,candidate-measurement,1008F0,valid,1050864,4,True,
1,1,00001E,1790201624.8674657,40354.7510541,278.56598490000033,candidate-measurement,1008F7,valid,1050871,7,True,
1,1,00001E,1790201625.0594666,40354.9430551,278.75798589999613,candidate-measurement,1008F8,valid,1050872,1,True,
1,1,00001E,1790201625.266868,40355.150457,278.96538780000265,candidate-measurement,1008F8,valid,1050872,0,True,
1,1,00001E,1790201625.45888,40355.3424687,279.1573994999999,candidate-measurement,1008FA,valid,1050874,2,True,
1,1,00001E,1790201625.6504538,40355.534042,279.3489727999986,candidate-measurement,1008FC,valid,1050876,2,True,
1,1,00001E,1790201625.85843,40355.7420186,279.55694940000103,candidate-measurement,1008FE,valid,1050878,2,True,
1,1,00001E,1790201626.0504289,40355.9340174,279.7489482000019,candidate-measurement,1008FE,valid,1050878,0,True,
1,1,00001E,1790201626.2424133,40356.1260027,279.94093350000185,candidate-measurement,1008FE,valid,1050878,0,True,
1,1,00001E,1790201626.4338367,40356.3174247,280.1323554999981,candidate-measurement,100904,valid,1050884,6,True,
1,1,00001E,1790201626.6418257,40356.525414,280.34034480000264,candidate-measurement,10090E,valid,1050894,10,True,
1,1,00001E,1790201626.8338218,40356.7174105,280.53234130000055,candidate-measurement,100913,valid,1050899,5,True,
1,1,00001E,1790201627.0253854,40356.908975,280.72390579999774,candidate-measurement,100914,valid,1050900,1,True,
1,1,00001E,1790201627.2333894,40357.1169778,280.93190859999595,candidate-measurement,100914,valid,1050900,0,True,
1,1,00001E,1790201627.425384,40357.3089722,281.1239029999997,candidate-measurement,100915,valid,1050901,1,True,
1,1,00001E,1790201627.6167963,40357.5003851,281.3153158999994,candidate-measurement,100916,valid,1050902,1,True,
1,1,00001E,1790201627.8247893,40357.708377,281.52330780000193,candidate-measurement,100917,valid,1050903,1,True,
1,1,00001E,1790201628.0167816,40357.9003706,281.7153013999996,candidate-measurement,10091A,valid,1050906,3,True,
1,1,00001E,1790201628.2083545,40358.0919424,281.9068732000014,candidate-measurement,10091E,valid,1050910,4,True,
1,1,00001E,1790201628.400355,40358.2839433,282.09887409999646,candidate-measurement,100925,valid,1050917,7,True,
1,1,00001E,1790201628.6083424,40358.4919312,282.30686199999764,candidate-measurement,100927,valid,1050919,2,True,
1,1,00001E,1790201628.8003345,40358.6839228,282.4988536000019,candidate-measurement,100927,valid,1050919,0,True,
1,1,00001E,1790201628.9917536,40358.875342,282.69027279999864,candidate-measurement,100927,valid,1050919,0,True,
1,1,00001E,1790201629.1997466,40359.0833353,282.8982660999973,candidate-measurement,100927,valid,1050919,0,True,
1,1,00001E,1790201629.391318,40359.2749064,283.08983720000106,candidate-measurement,100927,valid,1050919,0,True,
1,1,00001E,1790201629.583308,40359.4668973,283.2818281,candidate-measurement,100928,valid,1050920,1,True,
1,1,00001E,1790201629.7753096,40359.6588978,283.47382859999925,candidate-measurement,10092B,valid,1050923,3,True,
1,1,00001E,1790201629.9833012,40359.8668898,283.68182060000254,candidate-measurement,100930,valid,1050928,5,True,
1,1,00001E,1790201630.174711,40360.0582993,283.8732300999982,candidate-measurement,10093A,valid,1050938,10,True,
1,1,00001E,1790201630.3667176,40360.2503057,284.0652364999987,candidate-measurement,10093E,valid,1050942,4,True,
1,1,00001E,1790201630.5746984,40360.458287,284.27321780000057,candidate-measurement,10093F,valid,1050943,1,True,
1,1,00001E,1790201630.7662752,40360.6498628,284.4647935999965,candidate-measurement,100941,valid,1050945,2,True,
1,1,00001E,1790201630.9583027,40360.8418913,284.65682209999795,candidate-measurement,100941,valid,1050945,0,True,
1,1,00001E,1790201631.1662602,40361.0498484,284.86477919999743,candidate-measurement,100941,valid,1050945,0,True,
1,1,00001E,1790201631.3582716,40361.2418593,285.05679009999585,candidate-measurement,100941,valid,1050945,0,True,
1,1,00001E,1790201631.549663,40361.4332511,285.24818190000224,candidate-measurement,100942,valid,1050946,1,True,
1,1,00001E,1790201631.7416625,40361.625251,285.44018179999694,candidate-measurement,100943,valid,1050947,1,True,
1,1,00001E,1790201631.9492383,40361.8328261,285.64775689999806,candidate-measurement,100945,valid,1050949,2,True,
1,1,00001E,1790201632.141232,40362.0248205,285.8397513000018,candidate-measurement,100947,valid,1050951,2,True,
1,1,00001E,1790201632.3332188,40362.2168074,286.0317381999994,candidate-measurement,100948,valid,1050952,1,True,
1,1,00001E,1790201632.5406427,40362.4242306,286.23916140000074,candidate-measurement,10094C,valid,1050956,4,True,
1,1,00001E,1790201632.7326221,40362.6162124,286.43114319999586,candidate-measurement,100951,valid,1050961,5,True,
1,1,00001E,1790201632.9242067,40362.8077948,286.6227255999984,candidate-measurement,100952,valid,1050962,1,True,
1,1,00001E,1790201633.1322172,40363.0158039,286.8307347000009,candidate-measurement,100952,valid,1050962,0,True,
1,1,00001E,1790201633.3402069,40363.2237943,287.0387250999993,candidate-measurement,100952,valid,1050962,0,True,
1,1,00001E,1790201633.5321932,40363.4157819,287.2307127000022,candidate-measurement,100954,valid,1050964,2,True,
1,1,00001E,1790201633.7236009,40363.6071909,287.4221217000013,candidate-measurement,100956,valid,1050966,2,True,
1,1,00001E,1790201633.9156036,40363.7991923,287.61412310000014,candidate-measurement,100958,valid,1050968,2,True,
1,1,00001E,1790201634.107587,40363.9911759,287.8061067000017,candidate-measurement,100958,valid,1050968,0,True,
1,1,00001E,1790201634.2991693,40364.1827556,287.9976863999982,candidate-measurement,100959,valid,1050969,1,True,
1,1,00001E,1790201634.5071568,40364.3907448,288.205675600002,candidate-measurement,100959,valid,1050969,0,True,
1,1,00001E,1790201634.6985667,40364.5821557,288.397086500001,candidate-measurement,10095A,valid,1050970,1,True,
1,1,00001E,1790201634.8905754,40364.7741582,288.58908900000097,candidate-measurement,100960,valid,1050976,6,True,
1,1,00001E,1790201635.0981565,40364.9817444,288.7966751999993,candidate-measurement,10096A,valid,1050986,10,True,
1,1,00001E,1790201635.2901282,40365.173716,288.9886467999968,candidate-measurement,10096E,valid,1050990,4,True,
1,1,00001E,1790201635.4821198,40365.3657081,289.1806388999976,candidate-measurement,10096E,valid,1050990,0,True,
1,1,00001E,1790201635.6741226,40365.5577106,289.3726413999975,candidate-measurement,100970,valid,1050992,2,True,
1,1,00001E,1790201635.882097,40365.765686,289.5806167999981,candidate-measurement,100970,valid,1050992,0,True,
1,1,00001E,1790201636.0735254,40365.9571143,289.77204509999865,candidate-measurement,100971,valid,1050993,1,True,
1,1,00001E,1790201636.265522,40366.1491097,289.96404050000274,candidate-measurement,100972,valid,1050994,1,True,
1,1,00001E,1790201636.4730966,40366.3566847,290.1716154999958,candidate-measurement,100974,valid,1050996,2,True,
1,1,00001E,1790201636.6650896,40366.5486775,290.36360830000194,candidate-measurement,10097B,valid,1051003,7,True,
1,1,00001E,1790201636.8570776,40366.7406659,290.5555966999964,candidate-measurement,10097F,valid,1051007,4,True,
1,1,00001E,1790201637.0644846,40366.9480734,290.7630042000019,candidate-measurement,100981,valid,1051009,2,True,
1,1,00001E,1790201637.2724805,40367.1560692,290.97099999999773,candidate-measurement,100981,valid,1051009,0,True,
1,1,00001E,1790201637.4640582,40367.3476465,291.1625772999978,candidate-measurement,100981,valid,1051009,0,True,
1,1,00001E,1790201637.6560407,40367.53963,291.3545607999986,candidate-measurement,100981,valid,1051009,0,True,
1,1,00001E,1790201637.8480408,40367.7316297,291.54656049999903,candidate-measurement,100982,valid,1051010,1,True,
1,1,00001E,1790201638.0400414,40367.9236301,291.73856089999754,candidate-measurement,100982,valid,1051010,0,True,
1,1,00001E,1790201638.2320619,40368.1156488,291.93057959999715,candidate-measurement,100983,valid,1051011,1,True,
1,1,00001E,1790201638.4394457,40368.3230341,292.13796490000095,candidate-measurement,100988,valid,1051016,5,True,
1,1,00001E,1790201638.6314352,40368.5150246,292.32995539999683,candidate-measurement,100994,valid,1051028,12,True,
1,1,00001E,1790201638.8230112,40368.7066008,292.5215315999958,candidate-measurement,10099A,valid,1051034,6,True,
1,1,00001E,1790201639.0310082,40368.9145961,292.7295269000024,candidate-measurement,10099B,valid,1051035,1,True,
1,1,00001E,1790201639.2229998,40369.1065885,292.9215192999982,candidate-measurement,10099B,valid,1051035,0,True,
1,1,00001E,1790201639.4144142,40369.2980022,293.1129329999967,candidate-measurement,10099B,valid,1051035,0,True,
1,1,00001E,1790201639.6064107,40369.4899997,293.30493050000223,candidate-measurement,10099B,valid,1051035,0,True,
1,1,00001E,1790201639.8139799,40369.6975693,293.51250009999785,candidate-measurement,10099D,valid,1051037,2,True,
1,1,00001E,1790201640.0059803,40369.8895682,293.7044989999995,candidate-measurement,10099F,valid,1051039,2,True,
1,1,00001E,1790201640.1979628,40370.0815509,293.89648170000146,candidate-measurement,1009A1,valid,1051041,2,True,
1,1,00001E,1790201640.4053829,40370.2889713,294.10390209999605,candidate-measurement,1009A1,valid,1051041,0,True,
1,1,00001E,1790201640.5973778,40370.4809668,294.2958976000009,candidate-measurement,1009A2,valid,1051042,1,True,
1,1,00001E,1790201640.7889423,40370.6725316,294.48746240000037,candidate-measurement,1009A9,valid,1051049,7,True,
1,1,00001E,1790201640.9969385,40370.8805269,294.6954576999997,candidate-measurement,1009AC,valid,1051052,3,True,
1,1,00001E,1790201641.188954,40371.0725417,294.8874724999987,candidate-measurement,1009AD,valid,1051053,1,True,
1,1,00001E,1790201641.3803537,40371.2639417,295.07887250000203,candidate-measurement,1009AD,valid,1051053,0,True,
1,1,00001E,1790201641.5723515,40371.4559398,295.2708705999976,candidate-measurement,1009AD,valid,1051053,0,True,
1,1,00001E,1790201641.7799656,40371.6635552,295.478486,candidate-measurement,1009AF,valid,1051055,2,True,
1,1,00001E,1790201641.971902,40371.8554922,295.67042299999594,candidate-measurement,1009B2,valid,1051058,3,True,
1,1,00001E,1790201642.1639087,40372.0474969,295.8624276999981,candidate-measurement,1009B2,valid,1051058,0,True,
1,1,00001E,1790201642.3719127,40372.2555006,296.07043139999587,candidate-measurement,1009B3,valid,1051059,1,True,
1,1,00001E,1790201642.5633166,40372.4469051,296.2618358999971,candidate-measurement,1009B6,valid,1051062,3,True,
1,1,00001E,1790201642.755302,40372.6388916,296.4538223999989,candidate-measurement,1009C2,valid,1051074,12,True,
1,1,00001E,1790201642.9628813,40372.8464703,296.66140109999833,candidate-measurement,1009C6,valid,1051078,4,True,
1,1,00001E,1790201643.154874,40373.038462,296.8533927999961,candidate-measurement,1009C9,valid,1051081,3,True,
1,1,00001E,1790201643.3462994,40373.2298874,297.04481819999637,candidate-measurement,1009C9,valid,1051081,0,True,
1,1,00001E,1790201643.5382867,40373.4218749,297.2368056999985,candidate-measurement,1009CA,valid,1051082,1,True,
1,1,00001E,1790201643.7462707,40373.6298606,297.4447913999975,candidate-measurement,1009CA,valid,1051082,0,True,
1,1,00001E,1790201643.9378479,40373.8214376,297.63636840000254,candidate-measurement,1009CA,valid,1051082,0,True,
1,1,00001E,1790201644.1298501,40374.0134384,297.8283691999968,candidate-measurement,1009CE,valid,1051086,4,True,
1,1,00001E,1790201644.3378408,40374.2214291,298.0363598999975,candidate-measurement,1009D6,valid,1051094,8,True,
1,1,00001E,1790201644.529253,40374.4128407,298.22777150000184,candidate-measurement,1009D9,valid,1051097,3,True,
1,1,00001E,1790201644.721241,40374.6048307,298.4197615000012,candidate-measurement,1009DB,valid,1051099,2,True,
1,1,00001E,1790201644.928809,40374.8123976,298.6273283999981,candidate-measurement,1009DB,valid,1051099,0,True,
1,1,00001E,1790201645.1208148,40375.0044029,298.8193336999975,candidate-measurement,1009DB,valid,1051099,0,True,
1,1,00001E,1790201645.3128078,40375.1963962,299.01132700000016,candidate-measurement,1009DC,valid,1051100,1,True,
1,1,00001E,1790201645.5202205,40375.4038085,299.21873929999856,candidate-measurement,1009DC,valid,1051100,0,True,
1,1,00001E,1790201645.7122152,40375.5958036,299.41073440000036,candidate-measurement,1009E1,valid,1051105,5,True,
1,1,00001E,1790201645.903782,40375.7873701,299.6023008999982,candidate-measurement,1009E8,valid,1051112,7,True,
1,1,00001E,1790201646.0957813,40375.9793698,299.7943005999987,candidate-measurement,1009F3,valid,1051123,11,True,
1,1,00001E,1790201646.303769,40376.1873576,300.0022883999991,candidate-measurement,1009F4,valid,1051124,1,True,
