payload_index,trial_index,payload_hex,timestamp,monotonic_s,elapsed_candidate_s,phase,rx_bytes_hex,reply_kind,raw_position,delta_counts,valid,note
1,1,00001E,1790200195.2060041,38925.0895908,0.20198640000307932,candidate-warmup,1014BE,valid,1053886,-123,True,
1,1,00001E,1790200195.3979864,38925.2815742,0.3939698000031058,candidate-warmup,1014BE,valid,1053886,0,True,
1,1,00001E,1790200195.5895562,38925.4731461,0.58554169999843,candidate-warmup,1014BE,valid,1053886,0,True,
1,1,00001E,1790200195.7815511,38925.6651411,0.7775366999994731,candidate-warmup,1014BE,valid,1053886,0,True,
1,1,00001E,1790200195.973537,38925.8571256,0.9695212000005995,candidate-warmup,1014BE,valid,1053886,0,True,
1,1,00001E,1790200196.1649659,38926.0485552,1.160950800003775,candidate-warmup,1014BE,valid,1053886,0,True,
1,1,00001E,1790200196.356529,38926.2401175,1.3525130999987596,candidate-warmup,1014BE,valid,1053886,0,True,
1,1,00001E,1790200196.5485318,38926.4321207,1.5445163000040338,candidate-warmup,1014BE,valid,1053886,0,True,
1,1,00001E,1790200196.7405179,38926.6241066,1.7365022000012686,candidate-warmup,1014BE,valid,1053886,0,True,
1,1,00001E,1790200196.9325094,38926.8160998,1.9284954000031576,candidate-warmup,1014BE,valid,1053886,0,True,
1,1,00001E,1790200197.1239293,38927.0075199,2.119915499999479,candidate-warmup,1014BC,valid,1053884,-2,True,
1,1,00001E,1790200197.3159301,38927.1995183,2.3119139000045834,candidate-warmup,1014BB,valid,1053883,-1,True,
1,1,00001E,1790200197.507497,38927.391085,2.503480600003968,candidate-warmup,1014BA,valid,1053882,-1,True,
1,1,00001E,1790200197.715494,38927.5990816,2.711477199998626,candidate-warmup,1014BA,valid,1053882,0,True,
1,1,00001E,1790200197.9074867,38927.7910746,2.903470199998992,candidate-warmup,1014B8,valid,1053880,-2,True,
1,1,00001E,1790200198.098897,38927.9824872,3.0948828000036883,candidate-warmup,1014B8,valid,1053880,0,True,
1,1,00001E,1790200198.290895,38928.1744832,3.286878799997794,candidate-warmup,1014B7,valid,1053879,-1,True,
1,1,00001E,1790200198.4988847,38928.3824731,3.4948686999996426,candidate-warmup,1014B7,valid,1053879,0,True,
1,1,00001E,1790200198.690465,38928.5740535,3.6864491000014823,candidate-warmup,1014B7,valid,1053879,0,True,
1,1,00001E,1790200198.8824477,38928.7660384,3.8784339999983786,candidate-warmup,1014B5,valid,1053877,-2,True,
1,1,00001E,1790200199.0904412,38928.974032,4.086427599999297,candidate-warmup,1014B5,valid,1053877,0,True,
1,1,00001E,1790200199.2818625,38929.1654505,4.277846099997987,candidate-warmup,1014B3,valid,1053875,-2,True,
1,1,00001E,1790200199.4738588,38929.3574472,4.469842799997423,candidate-warmup,1014B2,valid,1053874,-1,True,
1,1,00001E,1790200199.6658483,38929.5494382,4.661833800004388,candidate-warmup,1014B0,valid,1053872,-2,True,
1,1,00001E,1790200199.873421,38929.7570116,4.869407199999841,candidate-warmup,1014AF,valid,1053871,-1,True,
1,1,00001E,1790200200.0654185,38929.9490062,5.061401799997839,candidate-warmup,1014AF,valid,1053871,0,True,
1,1,00001E,1790200200.257438,38930.1410247,5.253420300003199,candidate-warmup,1014AD,valid,1053869,-2,True,
1,1,00001E,1790200200.4648206,38930.3484096,5.460805200003961,candidate-warmup,1014A9,valid,1053865,-4,True,
1,1,00001E,1790200200.6568117,38930.5404007,5.652796300004411,candidate-warmup,1014A7,valid,1053863,-2,True,
1,1,00001E,1790200200.8483894,38930.7319777,5.844373300002189,candidate-warmup,1014A3,valid,1053859,-4,True,
1,1,00001E,1790200201.056375,38930.9399631,6.0523586999988765,candidate-warmup,1014A1,valid,1053857,-2,True,
1,1,00001E,1790200201.2483766,38931.1319651,6.244360700002289,candidate-warmup,10149F,valid,1053855,-2,True,
1,1,00001E,1790200201.4397962,38931.3233839,6.435779500003264,candidate-warmup,10149D,valid,1053853,-2,True,
1,1,00001E,1790200201.6317782,38931.5153681,6.627763700002106,candidate-warmup,10149D,valid,1053853,0,True,
1,1,00001E,1790200201.8397782,38931.7233666,6.8357622000039555,candidate-warmup,10149D,valid,1053853,0,True,
1,1,00001E,1790200202.0317671,38931.9153567,7.027752300004067,candidate-warmup,10149D,valid,1053853,0,True,
1,1,00001E,1790200202.2233508,38932.1069393,7.219334900000831,candidate-warmup,10149B,valid,1053851,-2,True,
1,1,00001E,1790200202.4313364,38932.3149248,7.42732039999828,candidate-warmup,10149B,valid,1053851,0,True,
1,1,00001E,1790200202.6233344,38932.5069228,7.619318400000338,candidate-warmup,10149A,valid,1053850,-1,True,
1,1,00001E,1790200202.8147624,38932.6983533,7.810748900003091,candidate-warmup,101499,valid,1053849,-1,True,
1,1,00001E,1790200203.0227332,38932.906324,8.01871960000426,candidate-warmup,101497,valid,1053847,-2,True,
1,1,00001E,1790200203.2147374,38933.098326,8.210721600000397,candidate-warmup,101497,valid,1053847,0,True,
1,1,00001E,1790200203.4063098,38933.2898987,8.402294300001813,candidate-warmup,101497,valid,1053847,0,True,
1,1,00001E,1790200203.598301,38933.4818892,8.594284799997695,candidate-warmup,101495,valid,1053845,-2,True,
1,1,00001E,1790200203.8057172,38933.6893071,8.801702700002352,candidate-warmup,101495,valid,1053845,0,True,
1,1,00001E,1790200203.9977067,38933.8812953,8.993690900002548,candidate-warmup,101495,valid,1053845,0,True,
1,1,00001E,1790200204.1892893,38934.0728778,9.18527339999855,candidate-warmup,101495,valid,1053845,0,True,
1,1,00001E,1790200204.397277,38934.2808658,9.393261400000483,candidate-warmup,101495,valid,1053845,0,True,
1,1,00001E,1790200204.5892599,38934.4728485,9.585244100002456,candidate-warmup,101495,valid,1053845,0,True,
1,1,00001E,1790200204.7812622,38934.664853,9.777248600003077,candidate-warmup,101495,valid,1053845,0,True,
1,1,00001E,1790200204.9886682,38934.8722593,9.984654899999441,candidate-warmup,101495,valid,1053845,0,True,
1,1,00001E,1790200205.18067,38935.0642586,10.176654200004123,candidate-warmup,101495,valid,1053845,0,True,
1,1,00001E,1790200205.372246,38935.2558349,10.368230500003847,candidate-warmup,10148E,valid,1053838,-7,True,
1,1,00001E,1790200205.5642405,38935.4478289,10.560224500004551,candidate-warmup,101485,valid,1053829,-9,True,
1,1,00001E,1790200205.7716515,38935.6552399,10.767635500000324,candidate-warmup,101483,valid,1053827,-2,True,
1,1,00001E,1790200205.9636433,38935.8472323,10.959627900003397,candidate-warmup,101483,valid,1053827,0,True,
1,1,00001E,1790200206.1556296,38936.0392206,11.151616200004355,candidate-warmup,101482,valid,1053826,-1,True,
1,1,00001E,1790200206.363211,38936.2467991,11.359194700002263,candidate-warmup,10147F,valid,1053823,-3,True,
1,1,00001E,1790200206.5552049,38936.4387933,11.55118890000449,candidate-warmup,10146E,valid,1053806,-17,True,
1,1,00001E,1790200206.7471972,38936.630787,11.74318260000291,candidate-warmup,101469,valid,1053801,-5,True,
1,1,00001E,1790200206.9546251,38936.8382141,11.950609699997585,candidate-warmup,10145F,valid,1053791,-10,True,
1,1,00001E,1790200207.1466057,38937.0301964,12.142592000003788,candidate-warmup,101459,valid,1053785,-6,True,
1,1,00001E,1790200207.3381813,38937.2217692,12.334164799998689,candidate-warmup,101455,valid,1053781,-4,True,
1,1,00001E,1790200207.5301738,38937.4137637,12.5261593000032,candidate-warmup,101446,valid,1053766,-15,True,
1,1,00001E,1790200207.7381887,38937.6217769,12.734172500000568,candidate-warmup,101441,valid,1053761,-5,True,
1,1,00001E,1790200207.9295783,38937.8131689,12.925564500001201,candidate-warmup,10143E,valid,1053758,-3,True,
1,1,00001E,1790200208.1215687,38938.0051584,13.11755400000402,candidate-warmup,10143D,valid,1053757,-1,True,
1,1,00001E,1790200208.329146,38938.2127347,13.325130299999728,candidate-warmup,10143C,valid,1053756,-1,True,
1,1,00001E,1790200208.521138,38938.4047264,13.517121999997471,candidate-warmup,10143C,valid,1053756,0,True,
1,1,00001E,1790200208.713138,38938.5967275,13.709123100001307,candidate-warmup,10143C,valid,1053756,0,True,
1,1,00001E,1790200208.9205427,38938.8041327,13.916528300003847,candidate-warmup,10143C,valid,1053756,0,True,
1,1,00001E,1790200209.1125388,38938.9961288,14.108524399998714,candidate-warmup,10143A,valid,1053754,-2,True,
1,1,00001E,1790200209.3041182,38939.1877064,14.300102000001061,candidate-warmup,101435,valid,1053749,-5,True,
1,1,00001E,1790200209.4961133,38939.3797026,14.492098200003966,candidate-warmup,10142D,valid,1053741,-8,True,
1,1,00001E,1790200209.7041006,38939.5876896,14.700085199998284,candidate-warmup,10142B,valid,1053739,-2,True,
1,1,00001E,1790200209.8955166,38939.7791056,14.891501199999766,candidate-warmup,101429,valid,1053737,-2,True,
1,1,00001E,1790200210.087509,38939.9711003,15.083495899998525,candidate-warmup,101429,valid,1053737,0,True,
1,1,00001E,1790200210.2955027,38940.1790915,15.291487100002996,candidate-warmup,101429,valid,1053737,0,True,
1,1,00001E,1790200210.4870777,38940.3706666,15.483062200000859,candidate-warmup,101429,valid,1053737,0,True,
1,1,00001E,1790200210.6790702,38940.5626599,15.67505550000351,candidate-warmup,101428,valid,1053736,-1,True,
1,1,00001E,1790200210.8870552,38940.7706455,15.88304110000172,candidate-warmup,101425,valid,1053733,-3,True,
1,1,00001E,1790200211.0944972,38940.9780864,16.09048199999961,candidate-warmup,101415,valid,1053717,-16,True,
1,1,00001E,1790200211.2864735,38941.170062,16.28245759999845,candidate-warmup,101411,valid,1053713,-4,True,
1,1,00001E,1790200211.478489,38941.3620782,16.47447380000085,candidate-warmup,10140C,valid,1053708,-5,True,
1,1,00001E,1790200211.670041,38941.5536303,16.666025899998203,candidate-warmup,101405,valid,1053701,-7,True,
1,1,00001E,1790200211.8620336,38941.7456231,16.858018700004322,candidate-warmup,101401,valid,1053697,-4,True,
1,1,00001E,1790200212.053443,38941.9370339,17.04942950000259,candidate-warmup,1013FF,valid,1053695,-2,True,
1,1,00001E,1790200212.2614334,38942.1450219,17.25741750000452,candidate-warmup,1013FD,valid,1053693,-2,True,
1,1,00001E,1790200212.4530463,38942.3366356,17.44903119999799,candidate-warmup,1013F9,valid,1053689,-4,True,
1,1,00001E,1790200212.6450043,38942.5285941,17.64098969999759,candidate-warmup,1013F6,valid,1053686,-3,True,
1,1,00001E,1790200212.852992,38942.7365809,17.84897649999766,candidate-warmup,1013F0,valid,1053680,-6,True,
1,1,00001E,1790200213.0444102,38942.9279995,18.04039510000439,candidate-warmup,1013EB,valid,1053675,-5,True,
1,1,00001E,1790200213.2364137,38943.1200022,18.23239779999858,candidate-warmup,1013E9,valid,1053673,-2,True,
1,1,00001E,1790200213.4279802,38943.31157,18.423965599999065,candidate-warmup,1013E8,valid,1053672,-1,True,
1,1,00001E,1790200213.6359718,38943.5195603,18.63195590000396,candidate-warmup,1013E8,valid,1053672,0,True,
1,1,00001E,1790200213.8279712,38943.7115599,18.82395550000365,candidate-warmup,1013E7,valid,1053671,-1,True,
1,1,00001E,1790200214.0199678,38943.9035581,19.015953699999955,candidate-warmup,1013E6,valid,1053670,-1,True,
1,1,00001E,1790200214.2273817,38944.11097,19.22336560000258,candidate-warmup,1013E5,valid,1053669,-1,True,
1,1,00001E,1790200214.4193773,38944.3029659,19.4153615000032,candidate-warmup,1013E3,valid,1053667,-2,True,
1,1,00001E,1790200214.6109436,38944.4945332,19.606928799999878,candidate-warmup,1013E3,valid,1053667,0,True,
1,1,00001E,1790200214.81894,38944.7025293,19.814924899998005,candidate-warmup,1013E3,valid,1053667,0,True,
1,1,00001E,1790200215.0269241,38944.9105148,20.02291040000273,candidate-measurement,1013E2,valid,1053666,-1,True,
1,1,00001E,1790200215.218948,38945.1025357,20.214931300004537,candidate-measurement,1013E2,valid,1053666,0,True,
1,1,00001E,1790200215.4103384,38945.2939292,20.40632480000204,candidate-measurement,1013E2,valid,1053666,0,True,
1,1,00001E,1790200215.6023302,38945.4859208,20.59831639999902,candidate-measurement,1013E2,valid,1053666,0,True,
1,1,00001E,1790200215.7939112,38945.6775006,20.789896200003568,candidate-measurement,1013E2,valid,1053666,0,True,
1,1,00001E,1790200215.9859009,38945.8694911,20.98188669999945,candidate-measurement,1013E2,valid,1053666,0,True,
1,1,00001E,1790200216.193893,38946.077481,21.1898766000013,candidate-measurement,1013E0,valid,1053664,-2,True,
1,1,00001E,1790200216.385889,38946.269478,21.38187360000302,candidate-measurement,1013DB,valid,1053659,-5,True,
1,1,00001E,1790200216.5773044,38946.4608939,21.57328950000374,candidate-measurement,1013D3,valid,1053651,-8,True,
1,1,00001E,1790200216.7848716,38946.66846,21.780855600001814,candidate-measurement,1013D1,valid,1053649,-2,True,
1,1,00001E,1790200216.9928658,38946.8764547,21.988850300003833,candidate-measurement,1013CF,valid,1053647,-2,True,
1,1,00001E,1790200217.1848633,38947.0684528,22.180848399999377,candidate-measurement,1013CF,valid,1053647,0,True,
1,1,00001E,1790200217.3768587,38947.2604466,22.37284219999856,candidate-measurement,1013CF,valid,1053647,0,True,
1,1,00001E,1790200217.56826,38947.4518513,22.564246900001308,candidate-measurement,1013CF,valid,1053647,0,True,
1,1,00001E,1790200217.7598433,38947.6434328,22.755828400004248,candidate-measurement,1013CF,valid,1053647,0,True,
1,1,00001E,1790200217.9518332,38947.835424,22.947819599998184,candidate-measurement,1013C9,valid,1053641,-6,True,
1,1,00001E,1790200218.159824,38948.0434124,23.155808000003162,candidate-measurement,1013B6,valid,1053622,-19,True,
1,1,00001E,1790200218.3518295,38948.2354182,23.34781379999913,candidate-measurement,1013AD,valid,1053613,-9,True,
1,1,00001E,1790200218.5432425,38948.4268306,23.539226200002304,candidate-measurement,1013A6,valid,1053606,-7,True,
1,1,00001E,1790200218.7514172,38948.6350046,23.74740020000172,candidate-measurement,1013A3,valid,1053603,-3,True,
1,1,00001E,1790200218.9588027,38948.842391,23.954786599999352,candidate-measurement,10139D,valid,1053597,-6,True,
1,1,00001E,1790200219.150791,38949.034382,24.14677759999904,candidate-measurement,101393,valid,1053587,-10,True,
1,1,00001E,1790200219.342799,38949.226387,24.33878260000347,candidate-measurement,10138E,valid,1053582,-5,True,
1,1,00001E,1790200219.5348127,38949.4184004,24.5307959999991,candidate-measurement,10138C,valid,1053580,-2,True,
1,1,00001E,1790200219.726194,38949.6097845,24.722180099997786,candidate-measurement,10138A,valid,1053578,-2,True,
1,1,00001E,1790200219.9181933,38949.8017829,24.91417850000289,candidate-measurement,101389,valid,1053577,-1,True,
1,1,00001E,1790200220.1257684,38950.0093586,25.121754200001305,candidate-measurement,101388,valid,1053576,-1,True,
1,1,00001E,1790200220.3177552,38950.2013432,25.313738800003193,candidate-measurement,101388,valid,1053576,0,True,
1,1,00001E,1790200220.5091681,38950.392759,25.505154600003152,candidate-measurement,101388,valid,1053576,0,True,
1,1,00001E,1790200220.7171676,38950.6007566,25.71315219999815,candidate-measurement,101388,valid,1053576,0,True,
1,1,00001E,1790200220.9091604,38950.7927509,25.905146500001138,candidate-measurement,101388,valid,1053576,0,True,
1,1,00001E,1790200221.1007352,38950.9843245,26.09672010000213,candidate-measurement,101388,valid,1053576,0,True,
1,1,00001E,1790200221.2927227,38951.1763116,26.288707200001227,candidate-measurement,101387,valid,1053575,-1,True,
1,1,00001E,1790200221.5007162,38951.3843049,26.49670049999986,candidate-measurement,101383,valid,1053571,-4,True,
1,1,00001E,1790200221.6927116,38951.5763021,26.688697700003104,candidate-measurement,10137B,valid,1053563,-8,True,
1,1,00001E,1790200221.884131,38951.7677201,26.880115699997987,candidate-measurement,101377,valid,1053559,-4,True,
1,1,00001E,1790200222.0921304,38951.9757187,27.088114300000598,candidate-measurement,101375,valid,1053557,-2,True,
1,1,00001E,1790200222.2841096,38952.1676985,27.280094100002316,candidate-measurement,101375,valid,1053557,0,True,
1,1,00001E,1790200222.4756918,38952.3592823,27.47167790000094,candidate-measurement,101375,valid,1053557,0,True,
1,1,00001E,1790200222.6836905,38952.5672781,27.67967370000406,candidate-measurement,101375,valid,1053557,0,True,
1,1,00001E,1790200222.8756783,38952.7592669,27.87166250000155,candidate-measurement,101375,valid,1053557,0,True,
1,1,00001E,1790200223.0670896,38952.9506779,28.063073500001337,candidate-measurement,101370,valid,1053552,-5,True,
1,1,00001E,1790200223.2590923,38953.1426809,28.255076499997813,candidate-measurement,10135F,valid,1053535,-17,True,
1,1,00001E,1790200223.4670792,38953.3506694,28.463065000003553,candidate-measurement,10135B,valid,1053531,-4,True,
1,1,00001E,1790200223.658655,38953.5422435,28.654639100001077,candidate-measurement,101353,valid,1053523,-8,True,
1,1,00001E,1790200223.850642,38953.7342325,28.84662810000009,candidate-measurement,10134E,valid,1053518,-5,True,
1,1,00001E,1790200224.058638,38953.9422287,29.054624299998977,candidate-measurement,10134B,valid,1053515,-3,True,
1,1,00001E,1790200224.2500467,38954.1336357,29.246031299997412,candidate-measurement,101347,valid,1053511,-4,True,
1,1,00001E,1790200224.4420485,38954.3256393,29.438034899998456,candidate-measurement,101344,valid,1053508,-3,True,
1,1,00001E,1790200224.6340437,38954.5176329,29.63002850000339,candidate-measurement,10133F,valid,1053503,-5,True,
1,1,00001E,1790200224.841616,38954.7252047,29.837600300001213,candidate-measurement,10133A,valid,1053498,-5,True,
1,1,00001E,1790200225.0336113,38954.9171996,30.029595200001495,candidate-measurement,101337,valid,1053495,-3,True,
1,1,00001E,1790200225.2256079,38955.1091968,30.221592399997462,candidate-measurement,101335,valid,1053493,-2,True,
1,1,00001E,1790200225.43302,38955.3166089,30.42900450000161,candidate-measurement,101334,valid,1053492,-1,True,
1,1,00001E,1790200225.6250286,38955.5086165,30.62101210000401,candidate-measurement,101334,valid,1053492,0,True,
1,1,00001E,1790200225.816582,38955.7001731,30.812568699999247,candidate-measurement,101333,valid,1053491,-1,True,
1,1,00001E,1790200226.024573,38955.908163,31.020558600001095,candidate-measurement,101331,valid,1053489,-2,True,
1,1,00001E,1790200226.2165713,38956.1001593,31.212554899997485,candidate-measurement,101330,valid,1053488,-1,True,
1,1,00001E,1790200226.4079845,38956.2915729,31.40396850000252,candidate-measurement,10132F,valid,1053487,-1,True,
1,1,00001E,1790200226.5999749,38956.483565,31.59596060000331,candidate-measurement,10132F,valid,1053487,0,True,
1,1,00001E,1790200226.8079839,38956.691572,31.8039676000044,candidate-measurement,10132F,valid,1053487,0,True,
1,1,00001E,1790200226.999543,38956.8831331,31.99552869999752,candidate-measurement,10132E,valid,1053486,-1,True,
1,1,00001E,1790200227.1915476,38957.0751364,32.18753200000356,candidate-measurement,10132E,valid,1053486,0,True,
1,1,00001E,1790200227.3989575,38957.2825462,32.39494179999747,candidate-measurement,10132E,valid,1053486,0,True,
1,1,00001E,1790200227.5909412,38957.4745317,32.58692729999893,candidate-measurement,10132E,valid,1053486,0,True,
1,1,00001E,1790200227.7825263,38957.6661161,32.77851170000213,candidate-measurement,10132E,valid,1053486,0,True,
1,1,00001E,1790200227.9905138,38957.8741026,32.986498199999915,candidate-measurement,10132E,valid,1053486,0,True,
1,1,00001E,1790200228.182502,38958.0660912,33.17848680000316,candidate-measurement,10132E,valid,1053486,0,True,
1,1,00001E,1790200228.3745005,38958.25809,33.37048560000403,candidate-measurement,10132D,valid,1053485,-1,True,
1,1,00001E,1790200228.5659115,38958.4495023,33.56189789999917,candidate-measurement,10132C,valid,1053484,-1,True,
1,1,00001E,1790200228.7739058,38958.6574957,33.76989129999856,candidate-measurement,101323,valid,1053475,-9,True,
1,1,00001E,1790200228.9654853,38958.8490746,33.96147020000353,candidate-measurement,10131E,valid,1053470,-5,True,
1,1,00001E,1790200229.157472,38959.0410626,34.153458200002206,candidate-measurement,10131D,valid,1053469,-1,True,
1,1,00001E,1790200229.3648913,38959.2484805,34.36087609999959,candidate-measurement,10131B,valid,1053467,-2,True,
1,1,00001E,1790200229.5568936,38959.4404821,34.552877699999954,candidate-measurement,10131B,valid,1053467,0,True,
1,1,00001E,1790200229.7484527,38959.6320437,34.74443930000416,candidate-measurement,10131B,valid,1053467,0,True,
1,1,00001E,1790200229.9564588,38959.8400475,34.95244310000271,candidate-measurement,10131B,valid,1053467,0,True,
1,1,00001E,1790200230.1484442,38960.0320347,35.14443030000257,candidate-measurement,10131B,valid,1053467,0,True,
1,1,00001E,1790200230.3398921,38960.2234791,35.33587470000202,candidate-measurement,10130D,valid,1053453,-14,True,
1,1,00001E,1790200230.5318525,38960.415441,35.52783659999841,candidate-measurement,101303,valid,1053443,-10,True,
1,1,00001E,1790200230.7398407,38960.6234318,35.735827399999835,candidate-measurement,1012FE,valid,1053438,-5,True,
1,1,00001E,1790200230.9314132,38960.8150047,35.92740030000277,candidate-measurement,1012F7,valid,1053431,-7,True,
1,1,00001E,1790200231.1234221,38961.0070112,36.11940680000407,candidate-measurement,1012F3,valid,1053427,-4,True,
1,1,00001E,1790200231.3314116,38961.2150004,36.32739600000059,candidate-measurement,1012F0,valid,1053424,-3,True,
1,1,00001E,1790200231.5228155,38961.4064055,36.51880109999911,candidate-measurement,1012ED,valid,1053421,-3,True,
1,1,00001E,1790200231.7148128,38961.598403,36.71079860000464,candidate-measurement,1012E9,valid,1053417,-4,True,
1,1,00001E,1790200231.922387,38961.805976,36.91837160000432,candidate-measurement,1012E6,valid,1053414,-3,True,
1,1,00001E,1790200232.114386,38961.9979745,37.11037010000291,candidate-measurement,1012E1,valid,1053409,-5,True,
1,1,00001E,1790200232.306375,38962.189964,37.302359599998454,candidate-measurement,1012DF,valid,1053407,-2,True,
1,1,00001E,1790200232.4977899,38962.3813808,37.49377639999875,candidate-measurement,1012DC,valid,1053404,-3,True,
1,1,00001E,1790200232.705783,38962.589374,37.7017696000039,candidate-measurement,1012DB,valid,1053403,-1,True,
1,1,00001E,1790200232.897769,38962.7813607,37.89375629999995,candidate-measurement,1012DB,valid,1053403,0,True,
1,1,00001E,1790200233.0893528,38962.9729414,38.085337000004074,candidate-measurement,1012DB,valid,1053403,0,True,
1,1,00001E,1790200233.2973425,38963.1809314,38.29332699999941,candidate-measurement,1012DA,valid,1053402,-1,True,
1,1,00001E,1790200233.4887524,38963.3723433,38.484738899998774,candidate-measurement,1012DA,valid,1053402,0,True,
1,1,00001E,1790200233.6807463,38963.5643374,38.67673300000024,candidate-measurement,1012D9,valid,1053401,-1,True,
1,1,00001E,1790200233.8883243,38963.7719147,38.88431030000356,candidate-measurement,1012D7,valid,1053399,-2,True,
1,1,00001E,1790200234.0803323,38963.9639211,39.0763167000041,candidate-measurement,1012D5,valid,1053397,-2,True,
1,1,00001E,1790200234.2723122,38964.1559004,39.26829600000201,candidate-measurement,1012D5,valid,1053397,0,True,
1,1,00001E,1790200234.4643054,38964.3478948,39.460290399998485,candidate-measurement,1012D5,valid,1053397,0,True,
1,1,00001E,1790200234.6717129,38964.5553027,39.667698299999756,candidate-measurement,1012D4,valid,1053396,-1,True,
1,1,00001E,1790200234.8637073,38964.7472985,39.859694099999615,candidate-measurement,1012D4,valid,1053396,0,True,
1,1,00001E,1790200235.0552855,38964.9388751,40.05127070000162,candidate-measurement,1012D4,valid,1053396,0,True,
1,1,00001E,1790200235.263279,38965.1468676,40.25926320000144,candidate-measurement,1012D4,valid,1053396,0,True,
1,1,00001E,1790200235.4552732,38965.3388624,40.45125800000096,candidate-measurement,1012D4,valid,1053396,0,True,
1,1,00001E,1790200235.6466844,38965.5302748,40.642670400004135,candidate-measurement,1012D4,valid,1053396,0,True,
1,1,00001E,1790200235.854675,38965.7382656,40.850661199998285,candidate-measurement,1012D4,valid,1053396,0,True,
1,1,00001E,1790200236.0462508,38965.9298414,41.04223700000148,candidate-measurement,1012D3,valid,1053395,-1,True,
1,1,00001E,1790200236.2382534,38966.1218416,41.23423719999846,candidate-measurement,1012C8,valid,1053384,-11,True,
1,1,00001E,1790200236.4302425,38966.3138317,41.42622729999857,candidate-measurement,1012C3,valid,1053379,-5,True,
1,1,00001E,1790200236.6376517,38966.521242,41.63363760000357,candidate-measurement,1012C1,valid,1053377,-2,True,
1,1,00001E,1790200236.8296475,38966.713238,41.82563359999767,candidate-measurement,1012C1,valid,1053377,0,True,
1,1,00001E,1790200237.0216458,38966.9052341,42.017629699999816,candidate-measurement,1012C1,valid,1053377,0,True,
1,1,00001E,1790200237.2292173,38967.1128058,42.22520140000415,candidate-measurement,1012C0,valid,1053376,-1,True,
1,1,00001E,1790200237.4212132,38967.3048035,42.41719910000393,candidate-measurement,1012C0,valid,1053376,0,True,
1,1,00001E,1790200237.6131978,38967.4967881,42.60918369999854,candidate-measurement,1012AF,valid,1053359,-17,True,
1,1,00001E,1790200237.8206127,38967.704204,42.81659960000252,candidate-measurement,1012A9,valid,1053353,-6,True,
1,1,00001E,1790200238.0126135,38967.8962028,43.00859840000339,candidate-measurement,1012A3,valid,1053347,-6,True,
1,1,00001E,1790200238.2046123,38968.0882013,43.20059690000198,candidate-measurement,10129B,valid,1053339,-8,True,
1,1,00001E,1790200238.3962042,38968.2797917,43.39218729999993,candidate-measurement,101297,valid,1053335,-4,True,
1,1,00001E,1790200238.6041734,38968.4877634,43.60015900000144,candidate-measurement,101294,valid,1053332,-3,True,
1,1,00001E,1790200238.7961583,38968.6797497,43.79214530000172,candidate-measurement,10128F,valid,1053327,-5,True,
1,1,00001E,1790200238.9876018,38968.8711898,43.98358539999754,candidate-measurement,101287,valid,1053319,-8,True,
1,1,00001E,1790200239.1955814,38969.0791695,44.19156510000175,candidate-measurement,101281,valid,1053313,-6,True,
1,1,00001E,1790200239.3871474,38969.2707374,44.383133000003,candidate-measurement,101280,valid,1053312,-1,True,
1,1,00001E,1790200239.5791368,38969.4627269,44.57512249999854,candidate-measurement,10127E,valid,1053310,-2,True,
1,1,00001E,1790200239.786547,38969.670137,44.782532600002014,candidate-measurement,10127D,valid,1053309,-1,True,
1,1,00001E,1790200239.978543,38969.8621338,44.97452940000221,candidate-measurement,10127B,valid,1053307,-2,True,
1,1,00001E,1790200240.1705399,38970.0541293,45.166524899999786,candidate-measurement,10127B,valid,1053307,0,True,
1,1,00001E,1790200240.3625355,38970.2461243,45.35851990000083,candidate-measurement,10127A,valid,1053306,-1,True,
1,1,00001E,1790200240.5701318,38970.4537216,45.566117200003646,candidate-measurement,10127A,valid,1053306,0,True,
1,1,00001E,1790200240.762097,38970.6456881,45.75808369999868,candidate-measurement,10127A,valid,1053306,0,True,
1,1,00001E,1790200240.954091,38970.8376822,45.950077800000145,candidate-measurement,10127A,valid,1053306,0,True,
1,1,00001E,1790200241.1615136,38971.0451028,46.15749840000353,candidate-measurement,10127A,valid,1053306,0,True,
1,1,00001E,1790200241.3535082,38971.2370967,46.349492300003476,candidate-measurement,10127A,valid,1053306,0,True,
1,1,00001E,1790200241.5450745,38971.4286646,46.541060199997446,candidate-measurement,10127A,valid,1053306,0,True,
1,1,00001E,1790200241.7530987,38971.6366898,46.749085399998876,candidate-measurement,101279,valid,1053305,-1,True,
1,1,00001E,1790200241.961057,38971.8446484,46.9570440000025,candidate-measurement,101273,valid,1053299,-6,True,
1,1,00001E,1790200242.1530573,38972.0366455,47.1490410999977,candidate-measurement,10126B,valid,1053291,-8,True,
1,1,00001E,1790200242.345057,38972.2286454,47.34104099999968,candidate-measurement,101268,valid,1053288,-3,True,
1,1,00001E,1790200242.536458,38972.4200492,47.53244480000285,candidate-measurement,101267,valid,1053287,-1,True,
1,1,00001E,1790200242.7284486,38972.6120399,47.724435500000254,candidate-measurement,101267,valid,1053287,0,True,
1,1,00001E,1790200242.9200284,38972.8036198,47.91601539999829,candidate-measurement,101267,valid,1053287,0,True,
1,1,00001E,1790200243.1280284,38973.0116171,48.124012699998275,candidate-measurement,101267,valid,1053287,0,True,
1,1,00001E,1790200243.3200126,38973.2036018,48.315997400000924,candidate-measurement,101263,valid,1053283,-4,True,
1,1,00001E,1790200243.5114353,38973.3950254,48.50742100000207,candidate-measurement,101253,valid,1053267,-16,True,
1,1,00001E,1790200243.719428,38973.6030183,48.71541389999766,candidate-measurement,10124F,valid,1053263,-4,True,
1,1,00001E,1790200243.9270036,38973.8105927,48.922988300000725,candidate-measurement,10124B,valid,1053259,-4,True,
1,1,00001E,1790200244.1190012,38974.0025893,49.1149848999994,candidate-measurement,101244,valid,1053252,-7,True,
1,1,00001E,1790200244.3109946,38974.1945834,49.306979000000865,candidate-measurement,101241,valid,1053249,-3,True,
1,1,00001E,1790200244.5029786,38974.3865686,49.498964200000046,candidate-measurement,10123F,valid,1053247,-2,True,
1,1,00001E,1790200244.694397,38974.5779874,49.69038300000102,candidate-measurement,10123E,valid,1053246,-1,True,
1,1,00001E,1790200244.8863823,38974.7699721,49.88236770000367,candidate-measurement,10123D,valid,1053245,-1,True,
1,1,00001E,1790200245.0943804,38974.9779699,50.09036550000019,candidate-measurement,10123C,valid,1053244,-1,True,
1,1,00001E,1790200245.2859972,38975.1695853,50.281980899999326,candidate-measurement,101239,valid,1053241,-3,True,
1,1,00001E,1790200245.4779487,38975.3615379,50.473933499997656,candidate-measurement,101239,valid,1053241,0,True,
1,1,00001E,1790200245.669938,38975.5535289,50.66592450000462,candidate-measurement,101237,valid,1053239,-2,True,
1,1,00001E,1790200245.8773568,38975.7609475,50.873343100000056,candidate-measurement,101235,valid,1053237,-2,True,
1,1,00001E,1790200246.0693493,38975.9529381,51.065333700003976,candidate-measurement,101232,valid,1053234,-3,True,
1,1,00001E,1790200246.2613509,38976.1449394,51.25733500000206,candidate-measurement,10122E,valid,1053230,-4,True,
1,1,00001E,1790200246.468936,38976.3525248,51.464920400001574,candidate-measurement,10122B,valid,1053227,-3,True,
1,1,00001E,1790200246.6609087,38976.5445001,51.65689569999813,candidate-measurement,101228,valid,1053224,-3,True,
1,1,00001E,1790200246.8529077,38976.736496,51.84889159999875,candidate-measurement,101227,valid,1053223,-1,True,
1,1,00001E,1790200247.0603144,38976.9439056,52.056301199998416,candidate-measurement,101227,valid,1053223,0,True,
1,1,00001E,1790200247.2519035,38977.1354917,52.2478873,candidate-measurement,101225,valid,1053221,-2,True,
1,1,00001E,1790200247.443883,38977.3274736,52.43986920000316,candidate-measurement,101225,valid,1053221,0,True,
1,1,00001E,1790200247.6358712,38977.5194627,52.63185830000293,candidate-measurement,101225,valid,1053221,0,True,
1,1,00001E,1790200247.8438733,38977.7274647,52.83986030000233,candidate-measurement,101225,valid,1053221,0,True,
1,1,00001E,1790200248.0352874,38977.918878,53.0312735999978,candidate-measurement,101223,valid,1053219,-2,True,
1,1,00001E,1790200248.2272851,38978.1108738,53.22326939999766,candidate-measurement,101221,valid,1053217,-2,True,
1,1,00001E,1790200248.4348562,38978.3184461,53.43084169999929,candidate-measurement,101221,valid,1053217,0,True,
1,1,00001E,1790200248.626847,38978.5104368,53.62283240000397,candidate-measurement,101221,valid,1053217,0,True,
1,1,00001E,1790200248.8188417,38978.7024312,53.814826800000446,candidate-measurement,101220,valid,1053216,-1,True,
1,1,00001E,1790200249.0268357,38978.9104247,54.0228203000006,candidate-measurement,101220,valid,1053216,0,True,
1,1,00001E,1790200249.2342575,38979.1178455,54.23024109999824,candidate-measurement,101220,valid,1053216,0,True,
1,1,00001E,1790200249.4262407,38979.3098291,54.42222469999979,candidate-measurement,101220,valid,1053216,0,True,
1,1,00001E,1790200249.617817,38979.5014081,54.61380369999824,candidate-measurement,101220,valid,1053216,0,True,
1,1,00001E,1790200249.809813,38979.693402,54.805797599998186,candidate-measurement,101220,valid,1053216,0,True,
1,1,00001E,1790200250.0018044,38979.8853929,54.99778850000439,candidate-measurement,10121E,valid,1053214,-2,True,
1,1,00001E,1790200250.1938014,38980.0773891,55.18978470000002,candidate-measurement,10121E,valid,1053214,0,True,
1,1,00001E,1790200250.401213,38980.2848026,55.397198200000275,candidate-measurement,101214,valid,1053204,-10,True,
1,1,00001E,1790200250.5932004,38980.4767911,55.589186700002756,candidate-measurement,10120F,valid,1053199,-5,True,
1,1,00001E,1790200250.7851992,38980.6687887,55.78118430000177,candidate-measurement,10120D,valid,1053197,-2,True,
1,1,00001E,1790200250.9927762,38980.8763644,55.988760000000184,candidate-measurement,10120D,valid,1053197,0,True,
1,1,00001E,1790200251.184767,38981.0683559,56.18075150000368,candidate-measurement,10120D,valid,1053197,0,True,
1,1,00001E,1790200251.376765,38981.2603535,56.37274910000269,candidate-measurement,10120D,valid,1053197,0,True,
1,1,00001E,1790200251.5681727,38981.4517622,56.56415779999952,candidate-measurement,101208,valid,1053192,-5,True,
1,1,00001E,1790200251.776184,38981.6597745,56.77217010000459,candidate-measurement,1011F5,valid,1053173,-19,True,
1,1,00001E,1790200251.9677427,38981.8513315,56.96372710000287,candidate-measurement,1011F0,valid,1053168,-5,True,
1,1,00001E,1790200252.1597395,38982.0433288,57.1557243999996,candidate-measurement,1011E8,valid,1053160,-8,True,
1,1,00001E,1790200252.3677378,38982.251326,57.363721599998826,candidate-measurement,1011E4,valid,1053156,-4,True,
1,1,00001E,1790200252.5591385,38982.4427286,57.55512420000014,candidate-measurement,1011E0,valid,1053152,-4,True,
1,1,00001E,1790200252.751128,38982.6347192,57.747114800004056,candidate-measurement,1011DB,valid,1053147,-5,True,
1,1,00001E,1790200252.9591234,38982.8427144,57.955110000002605,candidate-measurement,1011D4,valid,1053140,-7,True,
1,1,00001E,1790200253.1507049,38983.0342942,58.146689799999876,candidate-measurement,1011CE,valid,1053134,-6,True,
1,1,00001E,1790200253.3426893,38983.2262779,58.33867350000219,candidate-measurement,1011CC,valid,1053132,-2,True,
1,1,00001E,1790200253.5346923,38983.4182826,58.53067820000433,candidate-measurement,1011CB,valid,1053131,-1,True,
1,1,00001E,1790200253.7426794,38983.6262706,58.73866619999899,candidate-measurement,1011CA,valid,1053130,-1,True,
1,1,00001E,1790200253.9341233,38983.8177142,58.93010979999963,candidate-measurement,1011C8,valid,1053128,-2,True,
1,1,00001E,1790200254.1260946,38984.009683,59.12207859999762,candidate-measurement,1011C7,valid,1053127,-1,True,
1,1,00001E,1790200254.3336692,38984.217257,59.329652599997644,candidate-measurement,1011C7,valid,1053127,0,True,
1,1,00001E,1790200254.5256743,38984.4092633,59.52165889999742,candidate-measurement,1011C6,valid,1053126,-1,True,
1,1,00001E,1790200254.7176473,38984.6012383,59.71363389999897,candidate-measurement,1011C6,valid,1053126,0,True,
1,1,00001E,1790200254.9250677,38984.808657,59.92105260000244,candidate-measurement,1011C6,valid,1053126,0,True,
1,1,00001E,1790200255.1330607,38985.0166493,60.129044900000736,candidate-measurement,1011C6,valid,1053126,0,True,
1,1,00001E,1790200255.3246355,38985.208224,60.32061960000283,candidate-measurement,1011C6,valid,1053126,0,True,
1,1,00001E,1790200255.516633,38985.4002212,60.512616799998796,candidate-measurement,1011C4,valid,1053124,-2,True,
1,1,00001E,1790200255.7086182,38985.5922074,60.704602999998315,candidate-measurement,1011C3,valid,1053123,-1,True,
1,1,00001E,1790200255.9006147,38985.784204,60.896599600004265,candidate-measurement,1011BA,valid,1053114,-9,True,
1,1,00001E,1790200256.0925982,38985.9761869,61.088582500000484,candidate-measurement,1011B5,valid,1053109,-5,True,
1,1,00001E,1790200256.300025,38986.1836133,61.29600890000438,candidate-measurement,1011B3,valid,1053107,-2,True,
1,1,00001E,1790200256.4920194,38986.3756079,61.48800350000238,candidate-measurement,1011B3,valid,1053107,0,True,
1,1,00001E,1790200256.6840122,38986.5676013,61.679996899998514,candidate-measurement,1011B3,valid,1053107,0,True,
1,1,00001E,1790200256.89158,38986.7751709,61.88756650000141,candidate-measurement,1011B3,valid,1053107,0,True,
1,1,00001E,1790200257.0835717,38986.9671622,62.079557800003386,candidate-measurement,1011B3,valid,1053107,0,True,
1,1,00001E,1790200257.2755613,38987.1591502,62.27154580000206,candidate-measurement,1011AD,valid,1053101,-6,True,
1,1,00001E,1790200257.467558,38987.3511471,62.46354270000302,candidate-measurement,101198,valid,1053080,-21,True,
1,1,00001E,1790200257.6749797,38987.5585682,62.67096380000294,candidate-measurement,10118D,valid,1053069,-11,True,
1,1,00001E,1790200257.866965,38987.7505553,62.86295090000203,candidate-measurement,101188,valid,1053064,-5,True,
1,1,00001E,1790200258.0585399,38987.9421301,63.05452569999761,candidate-measurement,101182,valid,1053058,-6,True,
1,1,00001E,1790200258.2665467,38988.150135,63.26253060000454,candidate-measurement,101175,valid,1053045,-13,True,
1,1,00001E,1790200258.4585288,38988.342119,63.45451460000186,candidate-measurement,101171,valid,1053041,-4,True,
1,1,00001E,1790200258.6499412,38988.5335301,63.64592570000241,candidate-measurement,10116F,valid,1053039,-2,True,
1,1,00001E,1790200258.857936,38988.7415246,63.853920200002904,candidate-measurement,10116D,valid,1053037,-2,True,
1,1,00001E,1790200259.049523,38988.9331126,64.0455082000044,candidate-measurement,10116D,valid,1053037,0,True,
1,1,00001E,1790200259.2415135,38989.1251018,64.23749739999766,candidate-measurement,10116C,valid,1053036,-1,True,
1,1,00001E,1790200259.433533,38989.3171213,64.42951690000336,candidate-measurement,10116C,valid,1053036,0,True,
1,1,00001E,1790200259.6414964,38989.5250869,64.63748250000208,candidate-measurement,10116C,valid,1053036,0,True,
1,1,00001E,1790200259.832917,38989.7165082,64.82890380000026,candidate-measurement,10116C,valid,1053036,0,True,
1,1,00001E,1790200260.024906,38989.9084943,65.02088989999902,candidate-measurement,10116C,valid,1053036,0,True,
1,1,00001E,1790200260.2324772,38990.1160656,65.22846120000031,candidate-measurement,10116C,valid,1053036,0,True,
1,1,00001E,1790200260.4244666,38990.3080572,65.42045280000457,candidate-measurement,10116A,valid,1053034,-2,True,
1,1,00001E,1790200260.6164932,38990.5000829,65.61247849999927,candidate-measurement,101167,valid,1053031,-3,True,
1,1,00001E,1790200260.8238769,38990.7074658,65.81986139999935,candidate-measurement,10115C,valid,1053020,-11,True,
1,1,00001E,1790200261.0158715,38990.8994603,66.01185590000387,candidate-measurement,101159,valid,1053017,-3,True,
1,1,00001E,1790200261.2074442,38991.091033,66.203428599998,candidate-measurement,101159,valid,1053017,0,True,
1,1,00001E,1790200261.3994358,38991.2830259,66.39542149999761,candidate-measurement,101159,valid,1053017,0,True,
1,1,00001E,1790200261.6074374,38991.4910257,66.60342130000208,candidate-measurement,101158,valid,1053016,-1,True,
1,1,00001E,1790200261.7988384,38991.6824291,66.79482470000221,candidate-measurement,101154,valid,1053012,-4,True,
1,1,00001E,1790200261.9908788,38991.8744695,66.9868650999997,candidate-measurement,101141,valid,1052993,-19,True,
1,1,00001E,1790200262.1988277,38992.0824165,67.19481210000231,candidate-measurement,10113B,valid,1052987,-6,True,
1,1,00001E,1790200262.3904076,38992.2739963,67.38639189999958,candidate-measurement,101133,valid,1052979,-8,True,
1,1,00001E,1790200262.5824375,38992.466026,67.57842160000291,candidate-measurement,10112F,valid,1052975,-4,True,
1,1,00001E,1790200262.7743864,38992.6579778,67.77037340000243,candidate-measurement,10112B,valid,1052971,-4,True,
1,1,00001E,1790200262.9818022,38992.8653935,67.97778909999761,candidate-measurement,101127,valid,1052967,-4,True,
1,1,00001E,1790200263.1738071,38993.0573979,68.16979349999747,candidate-measurement,101120,valid,1052960,-7,True,
1,1,00001E,1790200263.3657959,38993.249384,68.3617796000035,candidate-measurement,10111B,valid,1052955,-5,True,
1,1,00001E,1790200263.5733616,38993.456952,68.56934760000149,candidate-measurement,101119,valid,1052953,-2,True,
1,1,00001E,1790200263.7653558,38993.6489466,68.76134219999949,candidate-measurement,101117,valid,1052951,-2,True,
1,1,00001E,1790200263.9573548,38993.8409455,68.95334110000113,candidate-measurement,101115,valid,1052949,-2,True,
1,1,00001E,1790200264.1647735,38994.0483628,69.16075840000121,candidate-measurement,101113,valid,1052947,-2,True,
1,1,00001E,1790200264.3567631,38994.2403513,69.3527469000037,candidate-measurement,101113,valid,1052947,0,True,
1,1,00001E,1790200264.5483327,38994.4319213,69.5443168999991,candidate-measurement,101112,valid,1052946,-1,True,
1,1,00001E,1790200264.740336,38994.6239238,69.73631939999905,candidate-measurement,101112,valid,1052946,0,True,
1,1,00001E,1790200264.9483266,38994.8319163,69.94431189999887,candidate-measurement,101112,valid,1052946,0,True,
1,1,00001E,1790200265.1403081,38995.0238987,70.13629429999855,candidate-measurement,101112,valid,1052946,0,True,
1,1,00001E,1790200265.3317318,38995.2153206,70.3277162000013,candidate-measurement,101112,valid,1052946,0,True,
1,1,00001E,1790200265.5397263,38995.4233156,70.53571119999833,candidate-measurement,101111,valid,1052945,-1,True,
1,1,00001E,1790200265.7312982,38995.6148887,70.7272843000028,candidate-measurement,101110,valid,1052944,-1,True,
1,1,00001E,1790200265.9232867,38995.8068773,70.91927289999876,candidate-measurement,10110B,valid,1052939,-5,True,
1,1,00001E,1790200266.1312807,38996.0148714,71.12726700000349,candidate-measurement,101105,valid,1052933,-6,True,
1,1,00001E,1790200266.3387117,38996.2223004,71.33469599999808,candidate-measurement,101102,valid,1052930,-3,True,
1,1,00001E,1790200266.530697,38996.4142871,71.5266827000014,candidate-measurement,101100,valid,1052928,-2,True,
1,1,00001E,1790200266.7222676,38996.6058567,71.71825230000104,candidate-measurement,1010FF,valid,1052927,-1,True,
1,1,00001E,1790200266.914256,38996.7978474,71.91024299999845,candidate-measurement,1010FF,valid,1052927,0,True,
1,1,00001E,1790200267.1062498,38996.9898406,72.10223620000033,candidate-measurement,1010FF,valid,1052927,0,True,
1,1,00001E,1790200267.2982492,38997.1818375,72.29423310000129,candidate-measurement,1010FF,valid,1052927,0,True,
1,1,00001E,1790200267.505658,38997.3892458,72.50164139999833,candidate-measurement,1010FF,valid,1052927,0,True,
1,1,00001E,1790200267.6976607,38997.581249,72.69364460000361,candidate-measurement,1010FF,valid,1052927,0,True,
1,1,00001E,1790200267.889641,38997.7732318,72.88562739999907,candidate-measurement,1010F5,valid,1052917,-10,True,
1,1,00001E,1790200268.0972102,38997.9807989,73.09319449999748,candidate-measurement,1010E9,valid,1052905,-12,True,
1,1,00001E,1790200268.289217,38998.1728055,73.28520109999954,candidate-measurement,1010E6,valid,1052902,-3,True,
1,1,00001E,1790200268.4812076,38998.3647965,73.47719209999923,candidate-measurement,1010DF,valid,1052895,-7,True,
1,1,00001E,1790200268.6726334,38998.556224,73.66861960000097,candidate-measurement,1010D9,valid,1052889,-6,True,
1,1,00001E,1790200268.880614,38998.7642037,73.8765992999979,candidate-measurement,1010D7,valid,1052887,-2,True,
1,1,00001E,1790200269.0721786,38998.9557696,74.06816519999848,candidate-measurement,1010D5,valid,1052885,-2,True,
1,1,00001E,1790200269.2641892,38999.1477778,74.26017339999817,candidate-measurement,1010D3,valid,1052883,-2,True,
1,1,00001E,1790200269.472176,38999.3557663,74.4681619000039,candidate-measurement,1010D1,valid,1052881,-2,True,
1,1,00001E,1790200269.6635914,38999.5471818,74.65957740000158,candidate-measurement,1010CF,valid,1052879,-2,True,
1,1,00001E,1790200269.855581,38999.7391718,74.85156740000093,candidate-measurement,1010CC,valid,1052876,-3,True,
1,1,00001E,1790200270.063303,38999.9468927,75.05928829999903,candidate-measurement,1010CA,valid,1052874,-2,True,
1,1,00001E,1790200270.2551494,39000.1387378,75.25113340000098,candidate-measurement,1010C8,valid,1052872,-2,True,
1,1,00001E,1790200270.4471483,39000.3307369,75.44313250000414,candidate-measurement,1010C5,valid,1052869,-3,True,
1,1,00001E,1790200270.6391447,39000.5227332,75.63512880000053,candidate-measurement,1010C3,valid,1052867,-2,True,
1,1,00001E,1790200270.847136,39000.730724,75.84311960000196,candidate-measurement,1010C1,valid,1052865,-2,True,
1,1,00001E,1790200271.0385418,39000.9221321,76.03452770000149,candidate-measurement,1010BF,valid,1052863,-2,True,
1,1,00001E,1790200271.2305446,39001.114133,76.2265286000038,candidate-measurement,1010BF,valid,1052863,0,True,
1,1,00001E,1790200271.4381168,39001.3217056,76.43410120000044,candidate-measurement,1010BF,valid,1052863,0,True,
1,1,00001E,1790200271.6301067,39001.5136972,76.62609279999742,candidate-measurement,1010BE,valid,1052862,-1,True,
1,1,00001E,1790200271.8220983,39001.7056868,76.818082400001,candidate-measurement,1010BE,valid,1052862,0,True,
1,1,00001E,1790200272.0140924,39001.8976834,77.01007899999968,candidate-measurement,1010BD,valid,1052861,-1,True,
1,1,00001E,1790200272.221515,39002.1051041,77.21749970000383,candidate-measurement,1010BB,valid,1052859,-2,True,
1,1,00001E,1790200272.413504,39002.2970925,77.40948809999827,candidate-measurement,1010B9,valid,1052857,-2,True,
1,1,00001E,1790200272.6050806,39002.4886691,77.60106470000028,candidate-measurement,1010B9,valid,1052857,0,True,
1,1,00001E,1790200272.8130634,39002.6966546,77.80905019999773,candidate-measurement,1010B9,valid,1052857,0,True,
1,1,00001E,1790200273.0044818,39002.8880722,78.00046780000412,candidate-measurement,1010B8,valid,1052856,-1,True,
1,1,00001E,1790200273.1964748,39003.0800648,78.19246040000144,candidate-measurement,1010B8,valid,1052856,0,True,
1,1,00001E,1790200273.4044712,39003.2880588,78.40045439999813,candidate-measurement,1010B8,valid,1052856,0,True,
1,1,00001E,1790200273.5960438,39003.4796339,78.59202950000326,candidate-measurement,1010B8,valid,1052856,0,True,
1,1,00001E,1790200273.788063,39003.6716527,78.78404830000363,candidate-measurement,1010B8,valid,1052856,0,True,
1,1,00001E,1790200273.9800267,39003.8636174,78.97601299999951,candidate-measurement,1010B8,valid,1052856,0,True,
1,1,00001E,1790200274.1874566,39004.0710451,79.18344069999876,candidate-measurement,1010B7,valid,1052855,-1,True,
1,1,00001E,1790200274.3794773,39004.2630656,79.37546119999752,candidate-measurement,1010B3,valid,1052851,-4,True,
1,1,00001E,1790200274.5714276,39004.4550174,79.56741300000431,candidate-measurement,1010AB,valid,1052843,-8,True,
1,1,00001E,1790200274.779003,39004.6625934,79.77498899999773,candidate-measurement,1010A7,valid,1052839,-4,True,
1,1,00001E,1790200274.970998,39004.8545893,79.96698489999835,candidate-measurement,1010A5,valid,1052837,-2,True,
1,1,00001E,1790200275.1630034,39005.0465924,80.15898800000286,candidate-measurement,1010A5,valid,1052837,0,True,
1,1,00001E,1790200275.37099,39005.2545781,80.36697370000184,candidate-measurement,1010A5,valid,1052837,0,True,
1,1,00001E,1790200275.5623941,39005.4459828,80.55837840000459,candidate-measurement,1010A5,valid,1052837,0,True,
1,1,00001E,1790200275.7543957,39005.6379844,80.75037999999768,candidate-measurement,1010A5,valid,1052837,0,True,
1,1,00001E,1790200275.9459662,39005.8295557,80.94195130000298,candidate-measurement,1010A5,valid,1052837,0,True,
1,1,00001E,1790200276.1539607,39006.0375505,81.14994609999849,candidate-measurement,1010A2,valid,1052834,-3,True,
1,1,00001E,1790200276.3459544,39006.2295434,81.34193899999809,candidate-measurement,101090,valid,1052816,-18,True,
1,1,00001E,1790200276.5373747,39006.4209633,81.53335890000017,candidate-measurement,10108C,valid,1052812,-4,True,
1,1,00001E,1790200276.745373,39006.6289614,81.74135699999897,candidate-measurement,101085,valid,1052805,-7,True,
1,1,00001E,1790200276.9369342,39006.8205257,81.93292130000191,candidate-measurement,10107F,valid,1052799,-6,True,
1,1,00001E,1790200277.128925,39007.0125161,82.1249117000043,candidate-measurement,10107C,valid,1052796,-3,True,
1,1,00001E,1790200277.3363514,39007.2199401,82.33233570000448,candidate-measurement,10107A,valid,1052794,-2,True,
1,1,00001E,1790200277.5283675,39007.4119555,82.52435110000079,candidate-measurement,101077,valid,1052791,-3,True,
1,1,00001E,1790200277.7199101,39007.6034988,82.71589440000389,candidate-measurement,101075,valid,1052789,-2,True,
1,1,00001E,1790200277.927894,39007.8114851,82.92388070000015,candidate-measurement,101071,valid,1052785,-4,True,
1,1,00001E,1790200278.1198997,39008.0034901,83.11588570000458,candidate-measurement,10106C,valid,1052780,-5,True,
1,1,00001E,1790200278.3113186,39008.1949068,83.30730240000412,candidate-measurement,101069,valid,1052777,-3,True,
1,1,00001E,1790200278.5033107,39008.3869,83.49929559999873,candidate-measurement,101067,valid,1052775,-2,True,
1,1,00001E,1790200278.7108936,39008.5944821,83.70687770000222,candidate-measurement,101065,valid,1052773,-2,True,
1,1,00001E,1790200278.9028726,39008.7864618,83.89885740000318,candidate-measurement,101065,valid,1052773,0,True,
1,1,00001E,1790200279.094869,39008.9784571,84.09085269999923,candidate-measurement,101065,valid,1052773,0,True,
1,1,00001E,1790200279.302861,39009.1864493,84.29884490000404,candidate-measurement,101063,valid,1052771,-2,True,
1,1,00001E,1790200279.494272,39009.3778619,84.49025750000146,candidate-measurement,101063,valid,1052771,0,True,
1,1,00001E,1790200279.6862664,39009.5698559,84.68225150000217,candidate-measurement,101063,valid,1052771,0,True,
1,1,00001E,1790200279.8782654,39009.7618552,84.87425079999957,candidate-measurement,101063,valid,1052771,0,True,
1,1,00001E,1790200280.0858345,39009.9694251,85.08182069999748,candidate-measurement,101061,valid,1052769,-2,True,
1,1,00001E,1790200280.2778327,39010.1614208,85.27381640000385,candidate-measurement,10105F,valid,1052767,-2,True,
1,1,00001E,1790200280.469825,39010.3534149,85.46581049999804,candidate-measurement,10105F,valid,1052767,0,True,
1,1,00001E,1790200280.6778874,39010.5614776,85.67387320000125,candidate-measurement,10105E,valid,1052766,-1,True,
1,1,00001E,1790200280.8692296,39010.7528195,85.86521509999875,candidate-measurement,10105E,valid,1052766,0,True,
1,1,00001E,1790200281.0612285,39010.944817,86.05721260000428,candidate-measurement,10105E,valid,1052766,0,True,
1,1,00001E,1790200281.2692182,39011.1528068,86.26520239999809,candidate-measurement,10105E,valid,1052766,0,True,
1,1,00001E,1790200281.460797,39011.344387,86.4567825999984,candidate-measurement,10105E,valid,1052766,0,True,
1,1,00001E,1790200281.6527817,39011.5363716,86.6487672000003,candidate-measurement,10105E,valid,1052766,0,True,
1,1,00001E,1790200281.8447828,39011.728371,86.84076659999846,candidate-measurement,10105D,valid,1052765,-1,True,
1,1,00001E,1790200282.0521836,39011.9357741,87.04816969999956,candidate-measurement,101059,valid,1052761,-4,True,
1,1,00001E,1790200282.2441878,39012.1277764,87.24017199999798,candidate-measurement,101050,valid,1052752,-9,True,
1,1,00001E,1790200282.4357522,39012.3193427,87.4317383000016,candidate-measurement,10104D,valid,1052749,-3,True,
1,1,00001E,1790200282.6437433,39012.5273319,87.63972749999812,candidate-measurement,10104B,valid,1052747,-2,True,
1,1,00001E,1790200282.835739,39012.7193297,87.83172529999865,candidate-measurement,10104B,valid,1052747,0,True,
1,1,00001E,1790200283.0277426,39012.9113333,88.0237288999997,candidate-measurement,10104B,valid,1052747,0,True,
1,1,00001E,1790200283.2351606,39013.1187491,88.23114470000291,candidate-measurement,10104B,valid,1052747,0,True,
1,1,00001E,1790200283.4267278,39013.3103172,88.42271279999841,candidate-measurement,10104B,valid,1052747,0,True,
1,1,00001E,1790200283.6187384,39013.5023273,88.61472289999801,candidate-measurement,10103A,valid,1052730,-17,True,
1,1,00001E,1790200283.8107147,39013.694305,88.8067005999983,candidate-measurement,101033,valid,1052723,-7,True,
1,1,00001E,1790200284.0187225,39013.9023125,89.01470810000319,candidate-measurement,10102E,valid,1052718,-5,True,
1,1,00001E,1790200284.2107024,39014.0942903,89.20668590000423,candidate-measurement,101027,valid,1052711,-7,True,
1,1,00001E,1790200284.402128,39014.2857166,89.3981122000041,candidate-measurement,101024,valid,1052708,-3,True,
1,1,00001E,1790200284.6101093,39014.4936996,89.60609520000435,candidate-measurement,101021,valid,1052705,-3,True,
1,1,00001E,1790200284.8016782,39014.6852684,89.7976639999979,candidate-measurement,10101F,valid,1052703,-2,True,
1,1,00001E,1790200284.993674,39014.8772647,89.98966030000156,candidate-measurement,10101C,valid,1052700,-3,True,
1,1,00001E,1790200285.201674,39015.0852621,90.19765770000231,candidate-measurement,101019,valid,1052697,-3,True,
1,1,00001E,1790200285.4090853,39015.2926746,90.40507020000223,candidate-measurement,101013,valid,1052691,-6,True,
1,1,00001E,1790200285.6010787,39015.4846678,90.59706340000412,candidate-measurement,10100F,valid,1052687,-4,True,
1,1,00001E,1790200285.7930744,39015.6766647,90.7890602999978,candidate-measurement,10100C,valid,1052684,-3,True,
1,1,00001E,1790200285.9846396,39015.868231,90.98062660000141,candidate-measurement,10100B,valid,1052683,-1,True,
1,1,00001E,1790200286.1766512,39016.0602399,91.17263549999916,candidate-measurement,10100A,valid,1052682,-1,True,
1,1,00001E,1790200286.3686323,39016.2522209,91.36461650000274,candidate-measurement,101009,valid,1052681,-1,True,
1,1,00001E,1790200286.576043,39016.4596337,91.57202929999767,candidate-measurement,101008,valid,1052680,-1,True,
1,1,00001E,1790200286.7676184,39016.6512092,91.76360479999857,candidate-measurement,101007,valid,1052679,-1,True,
1,1,00001E,1790200286.9596112,39016.8432004,91.95559599999979,candidate-measurement,101005,valid,1052677,-2,True,
1,1,00001E,1790200287.1675968,39017.0511871,92.1635826999991,candidate-measurement,101005,valid,1052677,0,True,
1,1,00001E,1790200287.3750238,39017.2586124,92.3710080000019,candidate-measurement,101005,valid,1052677,0,True,
1,1,00001E,1790200287.5670104,39017.4506012,92.56299679999938,candidate-measurement,101005,valid,1052677,0,True,
1,1,00001E,1790200287.7590013,39017.6425901,92.75498569999763,candidate-measurement,101004,valid,1052676,-1,True,
1,1,00001E,1790200287.950578,39017.8341686,92.94656419999956,candidate-measurement,101004,valid,1052676,0,True,
1,1,00001E,1790200288.1425667,39018.0261575,93.13855309999781,candidate-measurement,101004,valid,1052676,0,True,
1,1,00001E,1790200288.3339934,39018.2175819,93.32997749999777,candidate-measurement,101004,valid,1052676,0,True,
1,1,00001E,1790200288.5419793,39018.4255686,93.53796420000435,candidate-measurement,101004,valid,1052676,0,True,
1,1,00001E,1790200288.7339723,39018.6175633,93.72995890000311,candidate-measurement,101003,valid,1052675,-1,True,
1,1,00001E,1790200288.9255476,39018.8091384,93.92153400000097,candidate-measurement,101002,valid,1052674,-1,True,
1,1,00001E,1790200289.1335423,39019.0171309,94.1295265000008,candidate-measurement,100FFC,valid,1052668,-6,True,
1,1,00001E,1790200289.3255394,39019.2091279,94.32152350000251,candidate-measurement,100FF7,valid,1052663,-5,True,
1,1,00001E,1790200289.5169497,39019.400539,94.51293460000306,candidate-measurement,100FF4,valid,1052660,-3,True,
1,1,00001E,1790200289.7089436,39019.5925341,94.70492969999759,candidate-measurement,100FF3,valid,1052659,-1,True,
1,1,00001E,1790200289.9165213,39019.8001115,94.91250710000168,candidate-measurement,100FF1,valid,1052657,-2,True,
1,1,00001E,1790200290.1085093,39019.9920998,95.10449540000263,candidate-measurement,100FF1,valid,1052657,0,True,
1,1,00001E,1790200290.3005056,39020.1840941,95.29648969999835,candidate-measurement,100FF1,valid,1052657,0,True,
1,1,00001E,1790200290.5079136,39020.3915037,95.50389929999801,candidate-measurement,100FF1,valid,1052657,0,True,
1,1,00001E,1790200290.6999123,39020.5835036,95.69589919999999,candidate-measurement,100FF1,valid,1052657,0,True,
1,1,00001E,1790200290.8919668,39020.7755534,95.88794900000357,candidate-measurement,100FF1,valid,1052657,0,True,
1,1,00001E,1790200291.0994763,39020.9830649,96.09546050000063,candidate-measurement,100FF0,valid,1052656,-1,True,
1,1,00001E,1790200291.2914746,39021.1750632,96.2874587999977,candidate-measurement,100FEC,valid,1052652,-4,True,
1,1,00001E,1790200291.4834688,39021.3670573,96.47945289999916,candidate-measurement,100FDC,valid,1052636,-16,True,
1,1,00001E,1790200291.6748755,39021.5584668,96.67086240000208,candidate-measurement,100FD7,valid,1052631,-5,True,
1,1,00001E,1790200291.8828747,39021.7664653,96.87886090000393,candidate-measurement,100FD1,valid,1052625,-6,True,
1,1,00001E,1790200292.074446,39021.9580346,97.07043020000128,candidate-measurement,100FCB,valid,1052619,-6,True,
1,1,00001E,1790200292.2664452,39022.1500336,97.26242920000368,candidate-measurement,100FC7,valid,1052615,-4,True,
1,1,00001E,1790200292.4744353,39022.3580252,97.47042080000392,candidate-measurement,100FC5,valid,1052613,-2,True,
1,1,00001E,1790200292.665844,39022.5494353,97.66183090000413,candidate-measurement,100FC2,valid,1052610,-3,True,
1,1,00001E,1790200292.8578498,39022.7414383,97.85383390000061,candidate-measurement,100FBD,valid,1052605,-5,True,
1,1,00001E,1790200293.0654168,39022.9490064,98.06140199999936,candidate-measurement,100FB8,valid,1052600,-5,True,
1,1,00001E,1790200293.2574103,39023.1409995,98.25339510000049,candidate-measurement,100FB4,valid,1052596,-4,True,
1,1,00001E,1790200293.4494004,39023.3329909,98.44538650000322,candidate-measurement,100FB1,valid,1052593,-3,True,
1,1,00001E,1790200293.6408193,39023.5244085,98.63680410000234,candidate-measurement,100FB1,valid,1052593,0,True,
1,1,00001E,1790200293.8488116,39023.7324022,98.84479780000402,candidate-measurement,100FAF,valid,1052591,-2,True,
1,1,00001E,1790200294.0403824,39023.9239732,99.03636879999976,candidate-measurement,100FAF,valid,1052591,0,True,
1,1,00001E,1790200294.232405,39024.1159925,99.22838810000394,candidate-measurement,100FAE,valid,1052590,-1,True,
1,1,00001E,1790200294.4403734,39024.3239616,99.4363572000002,candidate-measurement,100FAC,valid,1052588,-2,True,
1,1,00001E,1790200294.6317883,39024.5153764,99.62777199999982,candidate-measurement,100FAB,valid,1052587,-1,True,
1,1,00001E,1790200294.823789,39024.7073768,99.81977239999833,candidate-measurement,100FAB,valid,1052587,0,True,
1,1,00001E,1790200295.0313513,39024.9149414,100.02733699999953,candidate-measurement,100FAA,valid,1052586,-1,True,
1,1,00001E,1790200295.223363,39025.1069511,100.21934670000337,candidate-measurement,100FAA,valid,1052586,0,True,
1,1,00001E,1790200295.4153419,39025.2989302,100.41132579999976,candidate-measurement,100FAA,valid,1052586,0,True,
1,1,00001E,1790200295.6067555,39025.4903444,100.60274000000209,candidate-measurement,100FAA,valid,1052586,0,True,
1,1,00001E,1790200295.8147488,39025.6983376,100.81073319999996,candidate-measurement,100FAA,valid,1052586,0,True,
1,1,00001E,1790200296.0063188,39025.8899094,101.0023050000018,candidate-measurement,100FAA,valid,1052586,0,True,
1,1,00001E,1790200296.1983137,39026.0819026,101.19429820000369,candidate-measurement,100FA9,valid,1052585,-1,True,
1,1,00001E,1790200296.4063077,39026.2898964,101.40229199999885,candidate-measurement,100FA5,valid,1052581,-4,True,
1,1,00001E,1790200296.5977213,39026.4813112,101.59370679999847,candidate-measurement,100F9E,valid,1052574,-7,True,
1,1,00001E,1790200296.7897096,39026.6733007,101.78569630000129,candidate-measurement,100F9B,valid,1052571,-3,True,
1,1,00001E,1790200296.9972875,39026.8808763,101.99327189999894,candidate-measurement,100F99,valid,1052569,-2,True,
1,1,00001E,1790200297.1892867,39027.0728768,102.18527239999821,candidate-measurement,100F97,valid,1052567,-2,True,
1,1,00001E,1790200297.3812807,39027.2648696,102.37726520000433,candidate-measurement,100F97,valid,1052567,0,True,
1,1,00001E,1790200297.5732682,39027.4568584,102.56925400000182,candidate-measurement,100F97,valid,1052567,0,True,
1,1,00001E,1790200297.7806911,39027.6642818,102.77667739999742,candidate-measurement,100F97,valid,1052567,0,True,
1,1,00001E,1790200297.9726787,39027.8562677,102.96866330000194,candidate-measurement,100F96,valid,1052566,-1,True,
1,1,00001E,1790200298.1642578,39028.0478479,103.16024350000225,candidate-measurement,100F93,valid,1052563,-3,True,
1,1,00001E,1790200298.3722475,39028.2558362,103.3682317999992,candidate-measurement,100F81,valid,1052545,-18,True,
1,1,00001E,1790200298.5642421,39028.4478307,103.5602263000037,candidate-measurement,100F7D,valid,1052541,-4,True,
1,1,00001E,1790200298.755645,39028.6392347,103.75163030000112,candidate-measurement,100F76,valid,1052534,-7,True,
1,1,00001E,1790200298.9636612,39028.84725,103.95964559999993,candidate-measurement,100F6F,valid,1052527,-7,True,
1,1,00001E,1790200299.1712303,39029.0548182,104.16721379999944,candidate-measurement,100F6D,valid,1052525,-2,True,
1,1,00001E,1790200299.3632164,39029.2468051,104.3592007000043,candidate-measurement,100F6B,valid,1052523,-2,True,
1,1,00001E,1790200299.5546286,39029.4382172,104.55061279999791,candidate-measurement,100F67,valid,1052519,-4,True,
1,1,00001E,1790200299.7466168,39029.6302077,104.74260330000106,candidate-measurement,100F62,valid,1052514,-5,True,
1,1,00001E,1790200299.9386144,39029.8222048,104.93460040000355,candidate-measurement,100F5E,valid,1052510,-4,True,
1,1,00001E,1790200300.130189,39030.0137766,105.12617219999811,candidate-measurement,100F59,valid,1052505,-5,True,
1,1,00001E,1790200300.3381903,39030.2217782,105.33417380000174,candidate-measurement,100F57,valid,1052503,-2,True,
1,1,00001E,1790200300.530192,39030.4137817,105.52617730000202,candidate-measurement,100F55,valid,1052501,-2,True,
1,1,00001E,1790200300.721582,39030.6051719,105.7175675000035,candidate-measurement,100F55,valid,1052501,0,True,
1,1,00001E,1790200300.929578,39030.8131687,105.92556429999968,candidate-measurement,100F53,valid,1052499,-2,True,
1,1,00001E,1790200301.121578,39031.0051686,106.11756420000165,candidate-measurement,100F51,valid,1052497,-2,True,
1,1,00001E,1790200301.3131497,39031.1967383,106.30913390000205,candidate-measurement,100F51,valid,1052497,0,True,
1,1,00001E,1790200301.5051458,39031.3887358,106.5011314000003,candidate-measurement,100F50,valid,1052496,-1,True,
1,1,00001E,1790200301.7131543,39031.5967424,106.70913799999835,candidate-measurement,100F50,valid,1052496,0,True,
1,1,00001E,1790200301.904539,39031.7881308,106.90052640000067,candidate-measurement,100F50,valid,1052496,0,True,
1,1,00001E,1790200302.0965464,39031.9801351,107.09253069999977,candidate-measurement,100F50,valid,1052496,0,True,
1,1,00001E,1790200302.304123,39032.1877114,107.30010700000275,candidate-measurement,100F50,valid,1052496,0,True,
1,1,00001E,1790200302.4961,39032.3796914,107.49208699999872,candidate-measurement,100F50,valid,1052496,0,True,
1,1,00001E,1790200302.688105,39032.5716952,107.68409080000129,candidate-measurement,100F50,valid,1052496,0,True,
1,1,00001E,1790200302.8955219,39032.7791109,107.89150650000374,candidate-measurement,100F4E,valid,1052494,-2,True,
1,1,00001E,1790200303.0875118,39032.9711011,108.08349670000462,candidate-measurement,100F45,valid,1052485,-9,True,
1,1,00001E,1790200303.279088,39033.1626767,108.27507229999901,candidate-measurement,100F41,valid,1052481,-4,True,
1,1,00001E,1790200303.4710734,39033.3546636,108.46705920000386,candidate-measurement,100F3F,valid,1052479,-2,True,
1,1,00001E,1790200303.6790679,39033.5626579,108.67505350000283,candidate-measurement,100F3D,valid,1052477,-2,True,
1,1,00001E,1790200303.8704908,39033.7540812,108.86647680000169,candidate-measurement,100F3D,valid,1052477,0,True,
1,1,00001E,1790200304.062487,39033.9460767,109.05847229999927,candidate-measurement,100F3D,valid,1052477,0,True,
1,1,00001E,1790200304.270115,39034.1537033,109.26609889999963,candidate-measurement,100F3D,valid,1052477,0,True,
1,1,00001E,1790200304.4620488,39034.3456378,109.45803339999838,candidate-measurement,100F3D,valid,1052477,0,True,
1,1,00001E,1790200304.6540775,39034.5376669,109.65006250000442,candidate-measurement,100F39,valid,1052473,-4,True,
1,1,00001E,1790200304.862039,39034.7456295,109.85802510000212,candidate-measurement,100F26,valid,1052454,-19,True,
1,1,00001E,1790200305.0694587,39034.9530485,110.0654441000006,candidate-measurement,100F20,valid,1052448,-6,True,
1,1,00001E,1790200305.2614446,39035.1450332,110.25742880000325,candidate-measurement,100F18,valid,1052440,-8,True,
1,1,00001E,1790200305.4534373,39035.3370268,110.44942240000091,candidate-measurement,100F15,valid,1052437,-3,True,
1,1,00001E,1790200305.6450083,39035.5285989,110.64099449999776,candidate-measurement,100F12,valid,1052434,-3,True,
1,1,00001E,1790200305.8369944,39035.7205854,110.83298099999956,candidate-measurement,100F0D,valid,1052429,-5,True,
1,1,00001E,1790200306.0284195,39035.9120099,111.02440550000028,candidate-measurement,100F0A,valid,1052426,-3,True,
1,1,00001E,1790200306.2364252,39036.1200134,111.23240900000383,candidate-measurement,100F04,valid,1052420,-6,True,
1,1,00001E,1790200306.428421,39036.3120096,111.42440519999946,candidate-measurement,100EFF,valid,1052415,-5,True,
1,1,00001E,1790200306.619981,39036.5035706,111.6159661999991,candidate-measurement,100EFD,valid,1052413,-2,True,
1,1,00001E,1790200306.8279722,39036.7115618,111.82395740000356,candidate-measurement,100EFC,valid,1052412,-1,True,
1,1,00001E,1790200307.019961,39036.9035518,112.01594740000291,candidate-measurement,100EFB,valid,1052411,-1,True,
1,1,00001E,1790200307.2119722,39037.0955607,112.20795630000066,candidate-measurement,100EFA,valid,1052410,-1,True,
1,1,00001E,1790200307.4033735,39037.2869631,112.39935870000045,candidate-measurement,100EF9,valid,1052409,-1,True,
1,1,00001E,1790200307.6109855,39037.4945764,112.6069720000014,candidate-measurement,100EF7,valid,1052407,-2,True,
1,1,00001E,1790200307.8029673,39037.686556,112.7989516000016,candidate-measurement,100EF7,valid,1052407,0,True,
1,1,00001E,1790200307.9949396,39037.8785286,112.99092419999943,candidate-measurement,100EF7,valid,1052407,0,True,
1,1,00001E,1790200308.202933,39038.0865215,113.19891710000229,candidate-measurement,100EF6,valid,1052406,-1,True,
1,1,00001E,1790200308.3943462,39038.2779353,113.39033090000157,candidate-measurement,100EF6,valid,1052406,0,True,
1,1,00001E,1790200308.5863354,39038.4699248,113.58232040000439,candidate-measurement,100EF6,valid,1052406,0,True,
1,1,00001E,1790200308.7939117,39038.677501,113.78989659999934,candidate-measurement,100EF6,valid,1052406,0,True,
1,1,00001E,1790200308.9859054,39038.8694938,113.98188939999818,candidate-measurement,100EF6,valid,1052406,0,True,
1,1,00001E,1790200309.1778965,39039.0614865,114.17388210000354,candidate-measurement,100EF6,valid,1052406,0,True,
1,1,00001E,1790200309.3853078,39039.2688966,114.38129219999973,candidate-measurement,100EF4,valid,1052404,-2,True,
1,1,00001E,1790200309.577305,39039.4608954,114.57329100000061,candidate-measurement,100EF4,valid,1052404,0,True,
1,1,00001E,1790200309.7688787,39039.6524676,114.76486319999822,candidate-measurement,100EEB,valid,1052395,-9,True,
1,1,00001E,1790200309.9608693,39039.8444602,114.95685580000281,candidate-measurement,100EE7,valid,1052391,-4,True,
1,1,00001E,1790200310.1688786,39040.0524672,115.1648628000039,candidate-measurement,100EE5,valid,1052389,-2,True,
1,1,00001E,1790200310.3602748,39040.243864,115.35625959999743,candidate-measurement,100EE4,valid,1052388,-1,True,
1,1,00001E,1790200310.5526698,39040.4362561,115.54865170000267,candidate-measurement,100EE4,valid,1052388,0,True,
1,1,00001E,1790200310.7598512,39040.6434397,115.75583529999858,candidate-measurement,100EE4,valid,1052388,0,True,
1,1,00001E,1790200310.951854,39040.8354418,115.94783740000275,candidate-measurement,100EE2,valid,1052386,-2,True,
1,1,00001E,1790200311.1438375,39041.0274261,116.13982170000236,candidate-measurement,100EE2,valid,1052386,0,True,
1,1,00001E,1790200311.335251,39041.2188395,116.3312350999986,candidate-measurement,100EDC,valid,1052380,-6,True,
1,1,00001E,1790200311.5428367,39041.4264259,116.53882149999845,candidate-measurement,100ECF,valid,1052367,-13,True,
1,1,00001E,1790200311.7348177,39041.6184075,116.73080309999932,candidate-measurement,100ECB,valid,1052363,-4,True,
1,1,00001E,1790200311.9268157,39041.8104051,116.92280069999833,candidate-measurement,100EC9,valid,1052361,-2,True,
1,1,00001E,1790200312.1347983,39042.018387,117.13078259999747,candidate-measurement,100EC3,valid,1052355,-6,True,
1,1,00001E,1790200312.3262131,39042.209801,117.32219659999828,candidate-measurement,100EBD,valid,1052349,-6,True,
1,1,00001E,1790200312.5182095,39042.4018006,117.51419619999797,candidate-measurement,100EBB,valid,1052347,-2,True,
1,1,00001E,1790200312.7101994,39042.593789,117.70618459999969,candidate-measurement,100EB9,valid,1052345,-2,True,
1,1,00001E,1790200312.9177947,39042.8013857,117.91378129999794,candidate-measurement,100EB8,valid,1052344,-1,True,
1,1,00001E,1790200313.109769,39042.9933579,118.10575349999999,candidate-measurement,100EB5,valid,1052341,-3,True,
1,1,00001E,1790200313.3017673,39043.1853557,118.29775130000053,candidate-measurement,100EB4,valid,1052340,-1,True,
1,1,00001E,1790200313.509173,39043.3927631,118.50515869999799,candidate-measurement,100EB2,valid,1052338,-2,True,
1,1,00001E,1790200313.7011678,39043.5847579,118.69715349999751,candidate-measurement,100EAF,valid,1052335,-3,True,
1,1,00001E,1790200313.8927827,39043.776369,118.88876460000029,candidate-measurement,100EAC,valid,1052332,-3,True,
1,1,00001E,1790200314.1007345,39043.9843244,119.09672000000137,candidate-measurement,100EAA,valid,1052330,-2,True,
1,1,00001E,1790200314.292733,39044.1763212,119.28871680000157,candidate-measurement,100EA7,valid,1052327,-3,True,
1,1,00001E,1790200314.484143,39044.3677332,119.4801288000017,candidate-measurement,100EA5,valid,1052325,-2,True,
1,1,00001E,1790200314.6761398,39044.5597281,119.67212370000198,candidate-measurement,100EA3,valid,1052323,-2,True,
1,1,00001E,1790200314.8837166,39044.7673065,119.87970209999912,candidate-measurement,100EA3,valid,1052323,0,True,
1,1,00001E,1790200315.075713,39044.9593015,120.07169710000016,candidate-measurement,100EA2,valid,1052322,-1,True,
1,1,00001E,1790200315.2671278,39045.150716,120.2631115999975,candidate-measurement,100EA2,valid,1052322,0,True,
1,1,00001E,1790200315.4751132,39045.3587016,120.47109720000299,candidate-measurement,100EA1,valid,1052321,-1,True,
1,1,00001E,1790200315.6671138,39045.5507029,120.66309850000107,candidate-measurement,100EA0,valid,1052320,-1,True,
1,1,00001E,1790200315.858675,39045.7422653,120.85466090000409,candidate-measurement,100E9F,valid,1052319,-1,True,
1,1,00001E,1790200316.0666735,39045.9502632,121.06265880000137,candidate-measurement,100E9E,valid,1052318,-1,True,
1,1,00001E,1790200316.2586722,39046.1422604,121.25465600000462,candidate-measurement,100E9D,valid,1052317,-1,True,
1,1,00001E,1790200316.450088,39046.3336766,121.44607220000034,candidate-measurement,100E9D,valid,1052317,0,True,
1,1,00001E,1790200316.657689,39046.54128,121.65367559999868,candidate-measurement,100E9C,valid,1052316,-1,True,
1,1,00001E,1790200316.8496377,39046.7332292,121.84562480000022,candidate-measurement,100E9C,valid,1052316,0,True,
1,1,00001E,1790200317.0416458,39046.9252343,122.03762989999814,candidate-measurement,100E9C,valid,1052316,0,True,
1,1,00001E,1790200317.233642,39047.1172307,122.22962630000256,candidate-measurement,100E9C,valid,1052316,0,True,
1,1,00001E,1790200317.441038,39047.3246272,122.43702280000434,candidate-measurement,100E9C,valid,1052316,0,True,
1,1,00001E,1790200317.6330435,39047.5166336,122.6290291999976,candidate-measurement,100E9C,valid,1052316,0,True,
1,1,00001E,1790200317.8246412,39047.7082294,122.82062500000029,candidate-measurement,100E9A,valid,1052314,-2,True,
1,1,00001E,1790200318.0326073,39047.9161954,123.02859100000205,candidate-measurement,100E96,valid,1052310,-4,True,
1,1,00001E,1790200318.2246127,39048.1082011,123.22059670000453,candidate-measurement,100E8E,valid,1052302,-8,True,
1,1,00001E,1790200318.4165976,39048.3001877,123.41258329999982,candidate-measurement,100E8B,valid,1052299,-3,True,
1,1,00001E,1790200318.6240091,39048.5075981,123.6199936999983,candidate-measurement,100E89,valid,1052297,-2,True,
1,1,00001E,1790200318.8160026,39048.6995926,123.81198820000282,candidate-measurement,100E89,valid,1052297,0,True,
1,1,00001E,1790200319.0080132,39048.8916018,124.00399740000285,candidate-measurement,100E89,valid,1052297,0,True,
1,1,00001E,1790200319.19958,39049.0831678,124.19556340000418,candidate-measurement,100E89,valid,1052297,0,True,
1,1,00001E,1790200319.4075646,39049.2911532,124.40354880000086,candidate-measurement,100E88,valid,1052296,-1,True,
1,1,00001E,1790200319.5995812,39049.483171,124.5955666000009,candidate-measurement,100E85,valid,1052293,-3,True,
1,1,00001E,1790200319.7915592,39049.6751481,124.78754370000388,candidate-measurement,100E75,valid,1052277,-16,True,
1,1,00001E,1790200319.9989715,39049.8825619,124.99495749999915,candidate-measurement,100E71,valid,1052273,-4,True,
1,1,00001E,1790200320.190962,39050.074551,125.18694659999892,candidate-measurement,100E6D,valid,1052269,-4,True,
1,1,00001E,1790200320.3825455,39050.2661347,125.37853030000406,candidate-measurement,100E66,valid,1052262,-7,True,
1,1,00001E,1790200320.574528,39050.4581177,125.57051330000104,candidate-measurement,100E63,valid,1052259,-3,True,
1,1,00001E,1790200320.7825234,39050.6661127,125.77850829999807,candidate-measurement,100E61,valid,1052257,-2,True,
1,1,00001E,1790200320.9739347,39050.8575244,125.96992000000319,candidate-measurement,100E5F,valid,1052255,-2,True,
1,1,00001E,1790200321.1659315,39051.0495195,126.16191509999771,candidate-measurement,100E5E,valid,1052254,-1,True,
1,1,00001E,1790200321.3735075,39051.2570951,126.36949070000264,candidate-measurement,100E5B,valid,1052251,-3,True,
1,1,00001E,1790200321.5654962,39051.4490853,126.56148090000352,candidate-measurement,100E5A,valid,1052250,-1,True,
1,1,00001E,1790200321.7569098,39051.640501,126.75289660000271,candidate-measurement,100E59,valid,1052249,-1,True,
1,1,00001E,1790200321.964902,39051.8484896,126.96088520000194,candidate-measurement,100E55,valid,1052245,-4,True,
1,1,00001E,1790200322.1569035,39052.0404916,127.15288719999808,candidate-measurement,100E51,valid,1052241,-4,True,
1,1,00001E,1790200322.3484707,39052.2320596,127.34445520000008,candidate-measurement,100E4F,valid,1052239,-2,True,
1,1,00001E,1790200322.5404565,39052.4240475,127.536443099998,candidate-measurement,100E4C,valid,1052236,-3,True,
1,1,00001E,1790200322.7484565,39052.6320464,127.74444200000289,candidate-measurement,100E4A,valid,1052234,-2,True,
1,1,00001E,1790200322.9398723,39052.823463,127.93585860000167,candidate-measurement,100E49,valid,1052233,-1,True,
1,1,00001E,1790200323.131883,39053.0154717,128.1278672999979,candidate-measurement,100E49,valid,1052233,0,True,
1,1,00001E,1790200323.3394427,39053.2230308,128.33542640000087,candidate-measurement,100E49,valid,1052233,0,True,
1,1,00001E,1790200323.531428,39053.415019,128.52741460000107,candidate-measurement,100E47,valid,1052231,-2,True,
1,1,00001E,1790200323.7228448,39053.6064363,128.7188318999979,candidate-measurement,100E47,valid,1052231,0,True,
1,1,00001E,1790200323.9304683,39053.8140566,128.92645220000122,candidate-measurement,100E47,valid,1052231,0,True,
1,1,00001E,1790200324.1224165,39054.0060045,129.11840010000014,candidate-measurement,100E46,valid,1052230,-1,True,
1,1,00001E,1790200324.3144138,39054.1980021,129.31039769999916,candidate-measurement,100E44,valid,1052228,-2,True,
1,1,00001E,1790200324.5064027,39054.3899938,129.50238940000418,candidate-measurement,100E43,valid,1052227,-1,True,
1,1,00001E,1790200324.7144735,39054.5980636,129.71045920000324,candidate-measurement,100E43,valid,1052227,0,True,
1,1,00001E,1790200324.9058087,39054.7893978,129.90179340000032,candidate-measurement,100E42,valid,1052226,-1,True,
1,1,00001E,1790200325.0978017,39054.9813915,130.09378709999874,candidate-measurement,100E42,valid,1052226,0,True,
1,1,00001E,1790200325.3053768,39055.1889656,130.30136119999952,candidate-measurement,100E42,valid,1052226,0,True,
1,1,00001E,1790200325.4973717,39055.3809623,130.49335789999895,candidate-measurement,100E42,valid,1052226,0,True,
1,1,00001E,1790200325.6893604,39055.5729499,130.68534550000186,candidate-measurement,100E42,valid,1052226,0,True,
1,1,00001E,1790200325.8967767,39055.7803666,130.89276220000465,candidate-measurement,100E42,valid,1052226,0,True,
1,1,00001E,1790200326.0887785,39055.9723674,131.08476299999893,candidate-measurement,100E40,valid,1052224,-2,True,
1,1,00001E,1790200326.2803512,39056.1639396,131.2763352000038,candidate-measurement,100E3B,valid,1052219,-5,True,
1,1,00001E,1790200326.4723406,39056.3559302,131.46832580000046,candidate-measurement,100E33,valid,1052211,-8,True,
1,1,00001E,1790200326.6803293,39056.5639182,131.6763138000024,candidate-measurement,100E31,valid,1052209,-2,True,
1,1,00001E,1790200326.8723245,39056.7559152,131.8683108000041,candidate-measurement,100E2F,valid,1052207,-2,True,
1,1,00001E,1790200327.063738,39056.9473285,132.05972409999958,candidate-measurement,100E2F,valid,1052207,0,True,
1,1,00001E,1790200327.2717476,39057.1553359,132.26773150000372,candidate-measurement,100E2F,valid,1052207,0,True,
1,1,00001E,1790200327.463313,39057.3469021,132.4592976999993,candidate-measurement,100E2F,valid,1052207,0,True,
1,1,00001E,1790200327.6552942,39057.5388845,132.65128009999898,candidate-measurement,100E2B,valid,1052203,-4,True,
1,1,00001E,1790200327.8627086,39057.7462996,132.85869520000415,candidate-measurement,100E1A,valid,1052186,-17,True,
1,1,00001E,1790200328.0547044,39057.9382954,133.050691000004,candidate-measurement,100E15,valid,1052181,-5,True,
1,1,00001E,1790200328.2462862,39058.1298744,133.24227000000246,candidate-measurement,100E0D,valid,1052173,-8,True,
1,1,00001E,1790200328.438277,39058.3218654,133.43426100000215,candidate-measurement,100E08,valid,1052168,-5,True,
1,1,00001E,1790200328.6462674,39058.5298566,133.64225219999935,candidate-measurement,100E05,valid,1052165,-3,True,
1,1,00001E,1790200328.8376818,39058.7212717,133.83366730000125,candidate-measurement,100E02,valid,1052162,-3,True,
1,1,00001E,1790200329.0296814,39058.9132704,134.02566600000137,candidate-measurement,100DFF,valid,1052159,-3,True,
1,1,00001E,1790200329.237316,39059.1209046,134.2333002000014,candidate-measurement,100DFB,valid,1052155,-4,True,
1,1,00001E,1790200329.429246,39059.3128348,134.42523040000378,candidate-measurement,100DF6,valid,1052150,-5,True,
1,1,00001E,1790200329.6212342,39059.5048237,134.61721930000203,candidate-measurement,100DF3,valid,1052147,-3,True,
1,1,00001E,1790200329.8292315,39059.7128204,134.82521599999745,candidate-measurement,100DF1,valid,1052145,-2,True,
1,1,00001E,1790200330.0212257,39059.9048149,135.01721050000197,candidate-measurement,100DEF,valid,1052143,-2,True,
1,1,00001E,1790200330.2126467,39060.0962351,135.20863069999905,candidate-measurement,100DEF,valid,1052143,0,True,
1,1,00001E,1790200330.404633,39060.2882223,135.4006178999989,candidate-measurement,100DEF,valid,1052143,0,True,
1,1,00001E,1790200330.61221,39060.4957999,135.6081955000045,candidate-measurement,100DEE,valid,1052142,-1,True,
1,1,00001E,1790200330.8042011,39060.6877897,135.80018530000234,candidate-measurement,100DEE,valid,1052142,0,True,
1,1,00001E,1790200330.9962022,39060.8797877,135.9921833000044,candidate-measurement,100DED,valid,1052141,-1,True,
1,1,00001E,1790200331.2041912,39061.0877793,136.20017490000464,candidate-measurement,100DEC,valid,1052140,-1,True,
1,1,00001E,1790200331.396187,39061.2797755,136.39217110000027,candidate-measurement,100DEB,valid,1052139,-1,True,
1,1,00001E,1790200331.5876071,39061.4711955,136.5835911000031,candidate-measurement,100DE9,valid,1052137,-2,True,
1,1,00001E,1790200331.7955892,39061.6791731,136.7915686999986,candidate-measurement,100DE9,valid,1052137,0,True,
1,1,00001E,1790200331.9875824,39061.8711711,136.98356670000067,candidate-measurement,100DE9,valid,1052137,0,True,
1,1,00001E,1790200332.1791637,39062.0627517,137.17514730000403,candidate-measurement,100DE8,valid,1052136,-1,True,
1,1,00001E,1790200332.3711545,39062.2547423,137.36713790000067,candidate-measurement,100DE8,valid,1052136,0,True,
1,1,00001E,1790200332.579146,39062.4627341,137.57512970000244,candidate-measurement,100DE8,valid,1052136,0,True,
1,1,00001E,1790200332.7705536,39062.6541421,137.7665377000012,candidate-measurement,100DE8,valid,1052136,0,True,
1,1,00001E,1790200332.9625633,39062.8461488,137.95854440000403,candidate-measurement,100DE8,valid,1052136,0,True,
1,1,00001E,1790200333.170558,39063.0541452,138.16654080000444,candidate-measurement,100DE8,valid,1052136,0,True,
1,1,00001E,1790200333.362112,39063.2457006,138.35809619999782,candidate-measurement,100DE8,valid,1052136,0,True,
1,1,00001E,1790200333.554112,39063.4377004,138.55009599999903,candidate-measurement,100DE7,valid,1052135,-1,True,
1,1,00001E,1790200333.762112,39063.6456998,138.75809540000046,candidate-measurement,100DE3,valid,1052131,-4,True,
1,1,00001E,1790200333.9535127,39063.8371012,138.9494967999999,candidate-measurement,100DDB,valid,1052123,-8,True,
1,1,00001E,1790200334.1455212,39064.0291092,139.14150479999807,candidate-measurement,100DD7,valid,1052119,-4,True,
1,1,00001E,1790200334.3370962,39064.2206844,139.33308000000397,candidate-measurement,100DD5,valid,1052117,-2,True,
1,1,00001E,1790200334.5450804,39064.4286687,139.54106429999956,candidate-measurement,100DD5,valid,1052117,0,True,
1,1,00001E,1790200334.7364938,39064.6200819,139.73247750000155,candidate-measurement,100DD5,valid,1052117,0,True,
1,1,00001E,1790200334.9284916,39064.8120796,139.92447520000132,candidate-measurement,100DD5,valid,1052117,0,True,
1,1,00001E,1790200335.136119,39065.0197073,140.1321029000028,candidate-measurement,100DD5,valid,1052117,0,True,
1,1,00001E,1790200335.3280604,39065.2116488,140.3240444000039,candidate-measurement,100DC6,valid,1052102,-15,True,
1,1,00001E,1790200335.5200446,39065.4036348,140.5160304000019,candidate-measurement,100DBF,valid,1052095,-7,True,
1,1,00001E,1790200335.7280333,39065.6116238,140.72401940000418,candidate-measurement,100DBC,valid,1052092,-3,True,
1,1,00001E,1790200335.9194524,39065.8030408,140.91543639999873,candidate-measurement,100DB4,valid,1052084,-8,True,
1,1,00001E,1790200336.1114542,39065.9950419,141.10743750000256,candidate-measurement,100DAF,valid,1052079,-5,True,
1,1,00001E,1790200336.319028,39066.2026165,141.31501209999988,candidate-measurement,100DAB,valid,1052075,-4,True,
1,1,00001E,1790200336.5110183,39066.394607,141.50700260000303,candidate-measurement,100DA9,valid,1052073,-2,True,
1,1,00001E,1790200336.7030153,39066.5866037,141.69899930000247,candidate-measurement,100DA5,valid,1052069,-4,True,
1,1,00001E,1790200336.8944204,39066.7780089,141.89040450000175,candidate-measurement,100DA1,valid,1052065,-4,True,
1,1,00001E,1790200337.1024067,39066.9859954,142.09839099999954,candidate-measurement,100D9B,valid,1052059,-6,True,
1,1,00001E,1790200337.2939913,39067.1775799,142.2899755000035,candidate-measurement,100D97,valid,1052055,-4,True,
1,1,00001E,1790200337.485984,39067.3695722,142.48196779999853,candidate-measurement,100D95,valid,1052053,-2,True,
1,1,00001E,1790200337.6939795,39067.5775698,142.6899654000008,candidate-measurement,100D94,valid,1052052,-1,True,
1,1,00001E,1790200337.8853917,39067.7689796,142.88137519999873,candidate-measurement,100D94,valid,1052052,0,True,
1,1,00001E,1790200338.077387,39067.9609756,143.0733712000001,candidate-measurement,100D94,valid,1052052,0,True,
1,1,00001E,1790200338.2689576,39068.152546,143.26494159999856,candidate-measurement,100D93,valid,1052051,-1,True,
1,1,00001E,1790200338.4769611,39068.3605477,143.47294330000295,candidate-measurement,100D91,valid,1052049,-2,True,
1,1,00001E,1790200338.6684034,39068.5519904,143.66438600000401,candidate-measurement,100D8F,valid,1052047,-2,True,
1,1,00001E,1790200338.8603628,39068.7439506,143.856346200002,candidate-measurement,100D8F,valid,1052047,0,True,
1,1,00001E,1790200339.0679574,39068.9515453,144.06394089999958,candidate-measurement,100D8F,valid,1052047,0,True,
1,1,00001E,1790200339.2599344,39069.143523,144.25591859999986,candidate-measurement,100D8E,valid,1052046,-1,True,
1,1,00001E,1790200339.4519296,39069.3355179,144.44791350000014,candidate-measurement,100D8E,valid,1052046,0,True,
1,1,00001E,1790200339.6593356,39069.5429239,144.6553195000015,candidate-measurement,100D8E,valid,1052046,0,True,
1,1,00001E,1790200339.8513286,39069.7349171,144.84731270000339,candidate-measurement,100D8E,valid,1052046,0,True,
1,1,00001E,1790200340.0429134,39069.9265014,145.03889699999854,candidate-measurement,100D8E,valid,1052046,0,True,
1,1,00001E,1790200340.2349157,39070.1185038,145.23089939999772,candidate-measurement,100D8E,valid,1052046,0,True,
1,1,00001E,1790200340.4428885,39070.326477,145.43887260000338,candidate-measurement,100D8D,valid,1052045,-1,True,
1,1,00001E,1790200340.6348836,39070.518472,145.63086760000442,candidate-measurement,100D8C,valid,1052044,-1,True,
1,1,00001E,1790200340.8268795,39070.7104679,145.82286349999777,candidate-measurement,100D82,valid,1052034,-10,True,
1,1,00001E,1790200341.0342894,39070.917878,146.03027360000124,candidate-measurement,100D7E,valid,1052030,-4,True,
1,1,00001E,1790200341.2258751,39071.1094632,146.22185880000325,candidate-measurement,100D7C,valid,1052028,-2,True,
1,1,00001E,1790200341.4178605,39071.3014488,146.4138443999982,candidate-measurement,100D7C,valid,1052028,0,True,
1,1,00001E,1790200341.6258445,39071.5094343,146.62182990000292,candidate-measurement,100D7C,valid,1052028,0,True,
1,1,00001E,1790200341.8332667,39071.7168551,146.82925070000056,candidate-measurement,100D7C,valid,1052028,0,True,
1,1,00001E,1790200342.0253005,39071.9088876,147.02128320000338,candidate-measurement,100D7B,valid,1052027,-1,True,
1,1,00001E,1790200342.2172835,39072.1008715,147.21326709999994,candidate-measurement,100D76,valid,1052022,-5,True,
1,1,00001E,1790200342.409255,39072.2928427,147.40523830000166,candidate-measurement,100D67,valid,1052007,-15,True,
1,1,00001E,1790200342.6008234,39072.4844111,147.59680669999943,candidate-measurement,100D63,valid,1052003,-4,True,
1,1,00001E,1790200342.7928238,39072.676412,147.78880760000175,candidate-measurement,100D5F,valid,1051999,-4,True,
1,1,00001E,1790200343.000226,39072.8838138,147.99620940000023,candidate-measurement,100D58,valid,1051992,-7,True,
1,1,00001E,1790200343.1922357,39073.0758228,148.18821839999873,candidate-measurement,100D55,valid,1051989,-3,True,
1,1,00001E,1790200343.3837934,39073.2673817,148.3797773000042,candidate-measurement,100D53,valid,1051987,-2,True,
1,1,00001E,1790200343.5917907,39073.4753786,148.58777420000115,candidate-measurement,100D51,valid,1051985,-2,True,
1,1,00001E,1790200343.7837837,39073.667372,148.77976760000456,candidate-measurement,100D50,valid,1051984,-1,True,
1,1,00001E,1790200343.9757817,39073.8593699,148.97176549999858,candidate-measurement,100D4D,valid,1051981,-3,True,
1,1,00001E,1790200344.1672058,39074.0507933,149.1631888999982,candidate-measurement,100D4D,valid,1051981,0,True,
1,1,00001E,1790200344.3751965,39074.2587836,149.3711792000031,candidate-measurement,100D4B,valid,1051979,-2,True,
1,1,00001E,1790200344.5667634,39074.4503522,149.5627478000024,candidate-measurement,100D49,valid,1051977,-2,True,
1,1,00001E,1790200344.7587566,39074.6423451,149.754740700002,candidate-measurement,100D46,valid,1051974,-3,True,
1,1,00001E,1790200344.966782,39074.8503688,149.9627643999993,candidate-measurement,100D44,valid,1051972,-2,True,
1,1,00001E,1790200345.1587377,39075.0423259,150.15472150000278,candidate-measurement,100D41,valid,1051969,-3,True,
1,1,00001E,1790200345.3501523,39075.2337411,150.34613669999817,candidate-measurement,100D41,valid,1051969,0,True,
1,1,00001E,1790200345.542162,39075.4257503,150.5381458999982,candidate-measurement,100D40,valid,1051968,-1,True,
1,1,00001E,1790200345.7497294,39075.6333175,150.74571310000465,candidate-measurement,100D3E,valid,1051966,-2,True,
1,1,00001E,1790200345.941713,39075.8253011,150.93769669999892,candidate-measurement,100D3C,valid,1051964,-2,True,
1,1,00001E,1790200346.133131,39076.0167192,151.12911480000184,candidate-measurement,100D3B,valid,1051963,-1,True,
1,1,00001E,1790200346.3411202,39076.2247081,151.33710370000335,candidate-measurement,100D3B,valid,1051963,0,True,
1,1,00001E,1790200346.5331109,39076.4166993,151.52909490000457,candidate-measurement,100D3B,valid,1051963,0,True,
1,1,00001E,1790200346.7246945,39076.6082828,151.7206784000009,candidate-measurement,100D3A,valid,1051962,-1,True,
1,1,00001E,1790200346.9326866,39076.8162743,151.9286699000004,candidate-measurement,100D3A,valid,1051962,0,True,
1,1,00001E,1790200347.1241043,39077.0076922,152.12008780000178,candidate-measurement,100D39,valid,1051961,-1,True,
1,1,00001E,1790200347.3160908,39077.199679,152.3120745999986,candidate-measurement,100D38,valid,1051960,-1,True,
1,1,00001E,1790200347.5241,39077.4076873,152.5200829000023,candidate-measurement,100D37,valid,1051959,-1,True,
1,1,00001E,1790200347.7156758,39077.5992622,152.71165779999865,candidate-measurement,100D35,valid,1051957,-2,True,
1,1,00001E,1790200347.9076505,39077.7912392,152.90363480000087,candidate-measurement,100D35,valid,1051957,0,True,
1,1,00001E,1790200348.0996563,39077.9832448,153.0956404000026,candidate-measurement,100D35,valid,1051957,0,True,
1,1,00001E,1790200348.3076382,39078.1912252,153.3036207999976,candidate-measurement,100D34,valid,1051956,-1,True,
1,1,00001E,1790200348.4990642,39078.3826523,153.49504790000356,candidate-measurement,100D34,valid,1051956,0,True,
1,1,00001E,1790200348.6910486,39078.5746375,153.68703310000274,candidate-measurement,100D34,valid,1051956,0,True,
1,1,00001E,1790200348.8986692,39078.7822519,153.89464749999752,candidate-measurement,100D34,valid,1051956,0,True,
1,1,00001E,1790200349.0906303,39078.9742183,154.08661389999907,candidate-measurement,100D34,valid,1051956,0,True,
1,1,00001E,1790200349.2826087,39079.1661966,154.2785922000039,candidate-measurement,100D34,valid,1051956,0,True,
1,1,00001E,1790200349.4900272,39079.3736155,154.48601110000163,candidate-measurement,100D33,valid,1051955,-1,True,
1,1,00001E,1790200349.6816,39079.5651881,154.6775837000023,candidate-measurement,100D2F,valid,1051951,-4,True,
1,1,00001E,1790200349.8735948,39079.7571823,154.86957790000451,candidate-measurement,100D27,valid,1051943,-8,True,
1,1,00001E,1790200350.0655978,39079.9491859,155.06158149999828,candidate-measurement,100D23,valid,1051939,-4,True,
1,1,00001E,1790200350.2735937,39080.1571814,155.26957699999912,candidate-measurement,100D21,valid,1051937,-2,True,
1,1,00001E,1790200350.4655826,39080.3491705,155.4615660999989,candidate-measurement,100D21,valid,1051937,0,True,
1,1,00001E,1790200350.6569967,39080.5405849,155.65298050000274,candidate-measurement,100D21,valid,1051937,0,True,
1,1,00001E,1790200350.8645613,39080.748148,155.8605435999998,candidate-measurement,100D21,valid,1051937,0,True,
1,1,00001E,1790200351.0565593,39080.9401473,156.05254290000448,candidate-measurement,100D20,valid,1051936,-1,True,
1,1,00001E,1790200351.2485557,39081.1321437,156.24453930000163,candidate-measurement,100D1D,valid,1051933,-3,True,
1,1,00001E,1790200351.4405446,39081.3241327,156.43652830000065,candidate-measurement,100D0A,valid,1051914,-19,True,
1,1,00001E,1790200351.6485598,39081.5321464,156.64454200000182,candidate-measurement,100D06,valid,1051910,-4,True,
1,1,00001E,1790200351.8399475,39081.7235358,156.83593140000448,candidate-measurement,100CFE,valid,1051902,-8,True,
1,1,00001E,1790200352.0319428,39081.9155314,157.02792700000282,candidate-measurement,100CF9,valid,1051897,-5,True,
1,1,00001E,1790200352.2395265,39082.1231144,157.2355099999986,candidate-measurement,100CF6,valid,1051894,-3,True,
1,1,00001E,1790200352.4315114,39082.3150992,157.42749480000202,candidate-measurement,100CF3,valid,1051891,-3,True,
1,1,00001E,1790200352.6235104,39082.507098,157.6194936000029,candidate-measurement,100CF0,valid,1051888,-3,True,
1,1,00001E,1790200352.830942,39082.714529,157.82692459999816,candidate-measurement,100CEC,valid,1051884,-4,True,
1,1,00001E,1790200353.0229056,39082.906494,158.0188896000036,candidate-measurement,100CE7,valid,1051879,-5,True,
1,1,00001E,1790200353.214916,39083.098502,158.21089760000177,candidate-measurement,100CE5,valid,1051877,-2,True,
1,1,00001E,1790200353.4064748,39083.2900634,158.40245900000446,candidate-measurement,100CE2,valid,1051874,-3,True,
1,1,00001E,1790200353.614476,39083.4980638,158.61045939999894,candidate-measurement,100CE1,valid,1051873,-1,True,
1,1,00001E,1790200353.8058834,39083.6894718,158.80186739999772,candidate-measurement,100CE1,valid,1051873,0,True,
1,1,00001E,1790200353.9978814,39083.8814693,158.99386490000325,candidate-measurement,100CE1,valid,1051873,0,True,
1,1,00001E,1790200354.2054882,39084.0890719,159.20146750000276,candidate-measurement,100CDF,valid,1051871,-2,True,
1,1,00001E,1790200354.3974383,39084.281027,159.3934225999983,candidate-measurement,100CDF,valid,1051871,0,True,
1,1,00001E,1790200354.5894423,39084.4730302,159.58542580000358,candidate-measurement,100CDF,valid,1051871,0,True,
1,1,00001E,1790200354.79743,39084.6810187,159.79341430000204,candidate-measurement,100CDD,valid,1051869,-2,True,
1,1,00001E,1790200355.0048547,39084.8884429,160.00083850000374,candidate-measurement,100CDC,valid,1051868,-1,True,
1,1,00001E,1790200355.1968555,39085.0804418,160.1928373999981,candidate-measurement,100CDB,valid,1051867,-1,True,
1,1,00001E,1790200355.3884056,39085.2719941,160.38438970000425,candidate-measurement,100CDB,valid,1051867,0,True,
1,1,00001E,1790200355.5804007,39085.4639894,160.5763850000003,candidate-measurement,100CDB,valid,1051867,0,True,
1,1,00001E,1790200355.7724042,39085.6559926,160.7683881999983,candidate-measurement,100CDA,valid,1051866,-1,True,
1,1,00001E,1790200355.9644067,39085.8479934,160.96038899999985,candidate-measurement,100CDA,valid,1051866,0,True,
1,1,00001E,1790200356.1718047,39086.0553934,161.16778899999917,candidate-measurement,100CDA,valid,1051866,0,True,
1,1,00001E,1790200356.363802,39086.2473903,161.35978590000013,candidate-measurement,100CDA,valid,1051866,0,True,
1,1,00001E,1790200356.5553818,39086.4389681,161.551363700004,candidate-measurement,100CDA,valid,1051866,0,True,
1,1,00001E,1790200356.7633703,39086.6469586,161.75935420000314,candidate-measurement,100CDA,valid,1051866,0,True,
1,1,00001E,1790200356.9553614,39086.8389504,161.95134600000165,candidate-measurement,100CD9,valid,1051865,-1,True,
1,1,00001E,1790200357.1467824,39087.0303706,162.14276619999873,candidate-measurement,100CD8,valid,1051864,-1,True,
1,1,00001E,1790200357.3387737,39087.222362,162.33475760000147,candidate-measurement,100CCF,valid,1051855,-9,True,
1,1,00001E,1790200357.5463367,39087.4299263,162.5423219000004,candidate-measurement,100CCB,valid,1051851,-4,True,
1,1,00001E,1790200357.738333,39087.6219213,162.73431690000143,candidate-measurement,100CC9,valid,1051849,-2,True,
1,1,00001E,1790200357.9297624,39087.8133515,162.9257471000019,candidate-measurement,100CC7,valid,1051847,-2,True,
1,1,00001E,1790200358.1377397,39088.021328,163.13372360000358,candidate-measurement,100CC7,valid,1051847,0,True,
1,1,00001E,1790200358.3297362,39088.2133246,163.32572020000225,candidate-measurement,100CC7,valid,1051847,0,True,
1,1,00001E,1790200358.5213091,39088.4048987,163.51729429999978,candidate-measurement,100CC7,valid,1051847,0,True,
1,1,00001E,1790200358.7292888,39088.6128783,163.72527390000323,candidate-measurement,100CC6,valid,1051846,-1,True,
1,1,00001E,1790200358.9212956,39088.8048843,163.91727990000072,candidate-measurement,100CC2,valid,1051842,-4,True,
1,1,00001E,1790200359.1132824,39088.9968732,164.10926879999897,candidate-measurement,100CB3,valid,1051827,-15,True,
1,1,00001E,1790200359.3047228,39089.1883102,164.3007058000003,candidate-measurement,100CAF,valid,1051823,-4,True,
1,1,00001E,1790200359.5122726,39089.3958613,164.50825690000056,candidate-measurement,100CAB,valid,1051819,-4,True,
1,1,00001E,1790200359.704273,39089.5878611,164.70025670000177,candidate-measurement,100CA5,valid,1051813,-6,True,
1,1,00001E,1790200359.8962579,39089.7798473,164.8922429000013,candidate-measurement,100CA1,valid,1051809,-4,True,
1,1,00001E,1790200360.1042626,39089.9878522,165.10024780000094,candidate-measurement,100C9F,valid,1051807,-2,True,
1,1,00001E,1790200360.296257,39090.179845,165.2922405999998,candidate-measurement,100C9D,valid,1051805,-2,True,
1,1,00001E,1790200360.4876678,39090.3712566,165.48365220000414,candidate-measurement,100C9B,valid,1051803,-2,True,
1,1,00001E,1790200360.6956706,39090.5792616,165.69165720000456,candidate-measurement,100C98,valid,1051800,-3,True,
1,1,00001E,1790200360.9032292,39090.7868201,165.89921570000297,candidate-measurement,100C95,valid,1051797,-3,True,
1,1,00001E,1790200361.095226,39090.978815,166.09121060000325,candidate-measurement,100C91,valid,1051793,-4,True,
1,1,00001E,1790200361.2872226,39091.1708106,166.2832062000016,candidate-measurement,100C8C,valid,1051788,-5,True,
1,1,00001E,1790200361.4786258,39091.362216,166.4746116000024,candidate-measurement,100C89,valid,1051785,-3,True,
1,1,00001E,1790200361.6706266,39091.5542173,166.66661290000047,candidate-measurement,100C87,valid,1051783,-2,True,
1,1,00001E,1790200361.8626258,39091.7462136,166.85860920000414,candidate-measurement,100C87,valid,1051783,0,True,
1,1,00001E,1790200362.070189,39091.9537787,167.06617430000188,candidate-measurement,100C86,valid,1051782,-1,True,
1,1,00001E,1790200362.262194,39092.1457825,167.25817810000444,candidate-measurement,100C86,valid,1051782,0,True,
1,1,00001E,1790200362.4541807,39092.337771,167.45016659999965,candidate-measurement,100C84,valid,1051780,-2,True,
1,1,00001E,1790200362.6615958,39092.5451846,167.65758020000067,candidate-measurement,100C83,valid,1051779,-1,True,
1,1,00001E,1790200362.8535912,39092.7371804,167.84957600000052,candidate-measurement,100C81,valid,1051777,-2,True,
1,1,00001E,1790200363.0455825,39092.9291706,168.0415662000014,candidate-measurement,100C81,valid,1051777,0,True,
1,1,00001E,1790200363.2371628,39093.1207507,168.23314630000095,candidate-measurement,100C81,valid,1051777,0,True,
1,1,00001E,1790200363.4451642,39093.3287542,168.4411498000045,candidate-measurement,100C80,valid,1051776,-1,True,
1,1,00001E,1790200363.6371486,39093.5207368,168.63313239999843,candidate-measurement,100C80,valid,1051776,0,True,
1,1,00001E,1790200363.829141,39093.7127306,168.8251261999976,candidate-measurement,100C80,valid,1051776,0,True,
1,1,00001E,1790200364.0371282,39093.9207171,169.03311270000268,candidate-measurement,100C80,valid,1051776,0,True,
1,1,00001E,1790200364.2285507,39094.112139,169.22453459999815,candidate-measurement,100C80,valid,1051776,0,True,
1,1,00001E,1790200364.4205384,39094.3041273,169.4165228999991,candidate-measurement,100C80,valid,1051776,0,True,
1,1,00001E,1790200364.6281111,39094.511701,169.62409660000412,candidate-measurement,100C7E,valid,1051774,-2,True,
1,1,00001E,1790200364.8201046,39094.7036948,169.8160904000033,candidate-measurement,100C7B,valid,1051771,-3,True,
1,1,00001E,1790200365.0121012,39094.8956914,170.00808700000198,candidate-measurement,100C72,valid,1051762,-9,True,
1,1,00001E,1790200365.203524,39095.0871129,170.19950850000168,candidate-measurement,100C6F,valid,1051759,-3,True,
1,1,00001E,1790200365.41151,39095.2950979,170.4074935000026,candidate-measurement,100C6D,valid,1051757,-2,True,
1,1,00001E,1790200365.6035318,39095.4871203,170.59951590000128,candidate-measurement,100C6D,valid,1051757,0,True,
1,1,00001E,1790200365.795522,39095.6791094,170.79150500000105,candidate-measurement,100C6D,valid,1051757,0,True,
1,1,00001E,1790200366.0030684,39095.8866566,170.99905220000073,candidate-measurement,100C6D,valid,1051757,0,True,
1,1,00001E,1790200366.1950622,39096.078651,171.19104660000448,candidate-measurement,100C6C,valid,1051756,-1,True,
1,1,00001E,1790200366.3870568,39096.2706449,171.38304050000443,candidate-measurement,100C69,valid,1051753,-3,True,
1,1,00001E,1790200366.578471,39096.4620599,171.5744554999983,candidate-measurement,100C59,valid,1051737,-16,True,
1,1,00001E,1790200366.7864625,39096.6700519,171.78244750000158,candidate-measurement,100C54,valid,1051732,-5,True,
1,1,00001E,1790200366.9780354,39096.8616235,171.9740191000019,candidate-measurement,100C4F,valid,1051727,-5,True,
1,1,00001E,1790200367.170045,39097.0536353,172.1660308999999,candidate-measurement,100C49,valid,1051721,-6,True,
1,1,00001E,1790200367.3780258,39097.2616142,172.37400979999802,candidate-measurement,100C45,valid,1051717,-4,True,
1,1,00001E,1790200367.5700126,39097.4536032,172.5659988000043,candidate-measurement,100C43,valid,1051715,-2,True,
1,1,00001E,1790200367.7614312,39097.6450217,172.757417300003,candidate-measurement,100C41,valid,1051713,-2,True,
1,1,00001E,1790200367.969443,39097.8530326,172.9654281999974,candidate-measurement,100C3F,valid,1051711,-2,True,
1,1,00001E,1790200368.1614153,39098.0450056,173.15740119999828,candidate-measurement,100C3C,valid,1051708,-3,True,
1,1,00001E,1790200368.3529937,39098.2365826,173.34897820000333,candidate-measurement,100C39,valid,1051705,-3,True,
1,1,00001E,1790200368.544987,39098.4285764,173.5409720000025,candidate-measurement,100C36,valid,1051702,-3,True,
1,1,00001E,1790200368.752978,39098.6365679,173.748963500002,candidate-measurement,100C34,valid,1051700,-2,True,
1,1,00001E,1790200368.944403,39098.8279898,173.94038539999747,candidate-measurement,100C32,valid,1051698,-2,True,
1,1,00001E,1790200369.1363852,39099.0199756,174.13237120000122,candidate-measurement,100C31,valid,1051697,-1,True,
1,1,00001E,1790200369.3439617,39099.2275503,174.3399458999993,candidate-measurement,100C2F,valid,1051695,-2,True,
1,1,00001E,1790200369.5359693,39099.4195581,174.5319537000032,candidate-measurement,100C2D,valid,1051693,-2,True,
1,1,00001E,1790200369.7279458,39099.611535,174.7239305999974,candidate-measurement,100C2D,valid,1051693,0,True,
1,1,00001E,1790200369.935361,39099.8189507,174.93134629999986,candidate-measurement,100C2D,valid,1051693,0,True,
1,1,00001E,1790200370.1273527,39100.0109417,175.12333729999955,candidate-measurement,100C2D,valid,1051693,0,True,
1,1,00001E,1790200370.3189301,39100.2025187,175.3149143000046,candidate-measurement,100C2D,valid,1051693,0,True,
1,1,00001E,1790200370.5109217,39100.3945118,175.50690739999845,candidate-measurement,100C2B,valid,1051691,-2,True,
1,1,00001E,1790200370.718932,39100.6025216,175.71491719999904,candidate-measurement,100C2B,valid,1051691,0,True,
1,1,00001E,1790200370.910323,39100.7939137,175.90630930000043,candidate-measurement,100C2B,valid,1051691,0,True,
1,1,00001E,1790200371.1023276,39100.9859154,176.09831100000156,candidate-measurement,100C2B,valid,1051691,0,True,
1,1,00001E,1790200371.3099036,39101.1934921,176.3058877000003,candidate-measurement,100C29,valid,1051689,-2,True,
1,1,00001E,1790200371.501891,39101.3854792,176.4978747999994,candidate-measurement,100C27,valid,1051687,-2,True,
1,1,00001E,1790200371.693902,39101.5774889,176.68988450000325,candidate-measurement,100C27,valid,1051687,0,True,
1,1,00001E,1790200371.9012973,39101.7848856,176.89728119999927,candidate-measurement,100C27,valid,1051687,0,True,
1,1,00001E,1790200372.093301,39101.9768871,177.08928269999888,candidate-measurement,100C27,valid,1051687,0,True,
1,1,00001E,1790200372.2848644,39102.168452,177.2808475999991,candidate-measurement,100C26,valid,1051686,-1,True,
1,1,00001E,1790200372.4768646,39102.3604525,177.47284809999837,candidate-measurement,100C26,valid,1051686,0,True,
1,1,00001E,1790200372.6848547,39102.5684433,177.6808388999998,candidate-measurement,100C26,valid,1051686,0,True,
1,1,00001E,1790200372.8768473,39102.7604367,177.8728323000032,candidate-measurement,100C26,valid,1051686,0,True,
1,1,00001E,1790200373.068267,39102.9518567,178.06425229999877,candidate-measurement,100C26,valid,1051686,0,True,
1,1,00001E,1790200373.2762542,39103.1598428,178.2722384000008,candidate-measurement,100C26,valid,1051686,0,True,
1,1,00001E,1790200373.4678254,39103.3514147,178.4638103000034,candidate-measurement,100C24,valid,1051684,-2,True,
1,1,00001E,1790200373.6598248,39103.5434132,178.65580880000198,candidate-measurement,100C1F,valid,1051679,-5,True,
1,1,00001E,1790200373.867817,39103.751405,178.86380060000374,candidate-measurement,100C17,valid,1051671,-8,True,
1,1,00001E,1790200374.059807,39103.9433952,179.05579080000462,candidate-measurement,100C15,valid,1051669,-2,True,
1,1,00001E,1790200374.2512252,39104.1348139,179.24720949999755,candidate-measurement,100C13,valid,1051667,-2,True,
1,1,00001E,1790200374.4432938,39104.3268783,179.43927390000317,candidate-measurement,100C13,valid,1051667,0,True,
1,1,00001E,1790200374.6507866,39104.5343757,179.646771300002,candidate-measurement,100C13,valid,1051667,0,True,
1,1,00001E,1790200374.8427894,39104.7263778,179.8387733999989,candidate-measurement,100C13,valid,1051667,0,True,
1,1,00001E,1790200375.0347774,39104.9183659,180.03076149999833,candidate-measurement,100C13,valid,1051667,0,True,
1,1,00001E,1790200375.2421832,39105.1257717,180.23816729999817,candidate-measurement,100C12,valid,1051666,-1,True,
1,1,00001E,1790200375.4341884,39105.3177768,180.43017240000336,candidate-measurement,100C0E,valid,1051662,-4,True,
1,1,00001E,1790200375.6261778,39105.5097661,180.62216170000465,candidate-measurement,100BFC,valid,1051644,-18,True,
1,1,00001E,1790200375.8337538,39105.7173425,180.82973810000112,candidate-measurement,100BF7,valid,1051639,-5,True,
1,1,00001E,1790200376.0257404,39105.9093316,181.0217272000009,candidate-measurement,100BEF,valid,1051631,-8,True,
1,1,00001E,1790200376.2171772,39106.1007637,181.21315930000128,candidate-measurement,100BEB,valid,1051627,-4,True,
1,1,00001E,1790200376.409157,39106.2927459,181.40514149999944,candidate-measurement,100BE9,valid,1051625,-2,True,
1,1,00001E,1790200376.6167843,39106.5003733,181.61276889999863,candidate-measurement,100BE7,valid,1051623,-2,True,
1,1,00001E,1790200376.808714,39106.6923049,181.8047005000044,candidate-measurement,100BE5,valid,1051621,-2,True,
1,1,00001E,1790200377.0007138,39106.8843032,181.99669880000147,candidate-measurement,100BE1,valid,1051617,-4,True,
1,1,00001E,1790200377.2087138,39107.0922992,182.20469479999883,candidate-measurement,100BDE,valid,1051614,-3,True,
1,1,00001E,1790200377.4007056,39107.284294,182.39668959999835,candidate-measurement,100BDA,valid,1051610,-4,True,
1,1,00001E,1790200377.5921211,39107.4757096,182.58810520000407,candidate-measurement,100BD7,valid,1051607,-3,True,
1,1,00001E,1790200377.800097,39107.6836872,182.79608279999957,candidate-measurement,100BD5,valid,1051605,-2,True,
1,1,00001E,1790200377.9916863,39107.8752757,182.9876712999976,candidate-measurement,100BD3,valid,1051603,-2,True,
1,1,00001E,1790200378.1836817,39108.0672702,183.1796658000021,candidate-measurement,100BD3,valid,1051603,0,True,
1,1,00001E,1790200378.3756835,39108.2592725,183.37166810000053,candidate-measurement,100BD3,valid,1051603,0,True,
1,1,00001E,1790200378.5836575,39108.4672471,183.5796427000023,candidate-measurement,100BD1,valid,1051601,-2,True,
1,1,00001E,1790200378.775076,39108.6586648,183.77106040000217,candidate-measurement,100BD1,valid,1051601,0,True,
1,1,00001E,1790200378.9670794,39108.8506691,183.96306470000127,candidate-measurement,100BD1,valid,1051601,0,True,
1,1,00001E,1790200379.1746607,39109.0582499,184.17064550000214,candidate-measurement,100BD0,valid,1051600,-1,True,
1,1,00001E,1790200379.3666368,39109.2502254,184.36262100000022,candidate-measurement,100BCE,valid,1051598,-2,True,
1,1,00001E,1790200379.558641,39109.4422296,184.55462519999855,candidate-measurement,100BCD,valid,1051597,-1,True,
1,1,00001E,1790200379.7660787,39109.6496653,184.7620609000005,candidate-measurement,100BCD,valid,1051597,0,True,
1,1,00001E,1790200379.9580405,39109.841632,184.95402760000434,candidate-measurement,100BCC,valid,1051596,-1,True,
1,1,00001E,1790200380.1496155,39110.033204,185.14559960000042,candidate-measurement,100BCC,valid,1051596,0,True,
1,1,00001E,1790200380.3416083,39110.2251965,185.33759210000426,candidate-measurement,100BCC,valid,1051596,0,True,
1,1,00001E,1790200380.5496113,39110.4332012,185.5455968000024,candidate-measurement,100BCC,valid,1051596,0,True,
1,1,00001E,1790200380.7410185,39110.6246074,185.737003000002,candidate-measurement,100BCC,valid,1051596,0,True,
1,1,00001E,1790200380.9330025,39110.8165934,185.928989,candidate-measurement,100BCC,valid,1051596,0,True,
1,1,00001E,1790200381.140607,39111.0241956,186.13659120000375,candidate-measurement,100BCC,valid,1051596,0,True,
1,1,00001E,1790200381.332614,39111.2162009,186.3285965000032,candidate-measurement,100BCB,valid,1051595,-1,True,
1,1,00001E,1790200381.5245674,39111.4081574,186.5205530000021,candidate-measurement,100BC5,valid,1051589,-6,True,
1,1,00001E,1790200381.7165837,39111.6001736,186.7125692000045,candidate-measurement,100BBD,valid,1051581,-8,True,
1,1,00001E,1790200381.9239647,39111.8075558,186.91995139999926,candidate-measurement,100BB9,valid,1051577,-4,True,
1,1,00001E,1790200382.1159744,39111.9995628,187.11195840000437,candidate-measurement,100BB9,valid,1051577,0,True,
1,1,00001E,1790200382.3079672,39112.1915554,187.3039510000017,candidate-measurement,100BB9,valid,1051577,0,True,
1,1,00001E,1790200382.5155838,39112.3991716,187.5115672000029,candidate-measurement,100BB9,valid,1051577,0,True,
1,1,00001E,1790200382.707532,39112.591121,187.7035165999987,candidate-measurement,100BB5,valid,1051573,-4,True,
1,1,00001E,1790200382.8989472,39112.7825362,187.89493180000136,candidate-measurement,100BA5,valid,1051557,-16,True,
1,1,00001E,1790200383.1069434,39112.9905325,188.102928100001,candidate-measurement,100BA1,valid,1051553,-4,True,
1,1,00001E,1790200383.2985075,39113.1820963,188.29449190000014,candidate-measurement,100B9C,valid,1051548,-5,True,
1,1,00001E,1790200383.4905214,39113.374112,188.48650759999873,candidate-measurement,100B96,valid,1051542,-6,True,
1,1,00001E,1790200383.6825285,39113.5661197,188.6785153000019,candidate-measurement,100B93,valid,1051539,-3,True,
1,1,00001E,1790200383.8899114,39113.7734999,188.88589550000324,candidate-measurement,100B91,valid,1051537,-2,True,
1,1,00001E,1790200384.0819042,39113.9654944,189.07789000000048,candidate-measurement,100B8F,valid,1051535,-2,True,
1,1,00001E,1790200384.2739065,39114.1574945,189.26989010000398,candidate-measurement,100B8E,valid,1051534,-1,True,
1,1,00001E,1790200384.4814749,39114.3650629,189.47745849999774,candidate-measurement,100B8B,valid,1051531,-3,True,
1,1,00001E,1790200384.6734664,39114.5570551,189.6694506999993,candidate-measurement,100B89,valid,1051529,-2,True,
1,1,00001E,1790200384.8654656,39114.7490552,189.86145080000279,candidate-measurement,100B86,valid,1051526,-3,True,
1,1,00001E,1790200385.073472,39114.9570603,190.06945590000396,candidate-measurement,100B82,valid,1051522,-4,True,
1,1,00001E,1790200385.264875,39115.1484636,190.26085920000332,candidate-measurement,100B7E,valid,1051518,-4,True,
1,1,00001E,1790200385.456873,39115.340461,190.4528566000008,candidate-measurement,100B7B,valid,1051515,-3,True,
1,1,00001E,1790200385.6488805,39115.5324687,190.64486430000397,candidate-measurement,100B79,valid,1051513,-2,True,
1,1,00001E,1790200385.8564224,39115.7400133,190.8524088999984,candidate-measurement,100B79,valid,1051513,0,True,
1,1,00001E,1790200386.0484207,39115.932011,191.04440659999818,candidate-measurement,100B79,valid,1051513,0,True,
1,1,00001E,1790200386.2404196,39116.124008,191.2364035999999,candidate-measurement,100B77,valid,1051511,-2,True,
1,1,00001E,1790200386.448415,39116.3320035,191.44439910000074,candidate-measurement,100B77,valid,1051511,0,True,
1,1,00001E,1790200386.6398215,39116.5234127,191.63580830000137,candidate-measurement,100B77,valid,1051511,0,True,
1,1,00001E,1790200386.8313932,39116.7149847,191.82738029999746,candidate-measurement,100B77,valid,1051511,0,True,
1,1,00001E,1790200387.0393806,39116.9229714,192.03536700000404,candidate-measurement,100B75,valid,1051509,-2,True,
1,1,00001E,1790200387.2313938,39117.1149795,192.22737510000297,candidate-measurement,100B73,valid,1051507,-2,True,
1,1,00001E,1790200387.4233832,39117.3069719,192.41936749999877,candidate-measurement,100B73,valid,1051507,0,True,
1,1,00001E,1790200387.614791,39117.4983803,192.6107759000006,candidate-measurement,100B73,valid,1051507,0,True,
1,1,00001E,1790200387.8227859,39117.7063728,192.8187684000004,candidate-measurement,100B72,valid,1051506,-1,True,
1,1,00001E,1790200388.0143642,39117.8979519,193.01034749999963,candidate-measurement,100B72,valid,1051506,0,True,
1,1,00001E,1790200388.2063663,39118.0899531,193.20234870000422,candidate-measurement,100B72,valid,1051506,0,True,
1,1,00001E,1790200388.4143474,39118.2979362,193.41033179999795,candidate-measurement,100B72,valid,1051506,0,True,
1,1,00001E,1790200388.6057649,39118.4893534,193.6017490000013,candidate-measurement,100B72,valid,1051506,0,True,
1,1,00001E,1790200388.7977533,39118.6813431,193.79373869999836,candidate-measurement,100B72,valid,1051506,0,True,
1,1,00001E,1790200389.0053923,39118.8889813,194.00137689999974,candidate-measurement,100B72,valid,1051506,0,True,
1,1,00001E,1790200389.197323,39119.0809107,194.19330630000331,candidate-measurement,100B70,valid,1051504,-2,True,
1,1,00001E,1790200389.3893156,39119.272904,194.3852995999987,candidate-measurement,100B6D,valid,1051501,-3,True,
1,1,00001E,1790200389.581308,39119.4648981,194.57729370000015,candidate-measurement,100B63,valid,1051491,-10,True,
1,1,00001E,1790200389.7887206,39119.6723091,194.7847047000032,candidate-measurement,100B5F,valid,1051487,-4,True,
1,1,00001E,1790200389.980726,39119.8643147,194.97671029999765,candidate-measurement,100B5F,valid,1051487,0,True,
1,1,00001E,1790200390.1727262,39120.0563141,195.1687097000031,candidate-measurement,100B5F,valid,1051487,0,True,
1,1,00001E,1790200390.3802836,39120.2638707,195.3762663000016,candidate-measurement,100B5E,valid,1051486,-1,True,
1,1,00001E,1790200390.5722744,39120.4558625,195.5682581000001,candidate-measurement,100B5E,valid,1051486,0,True,
1,1,00001E,1790200390.7642715,39120.6478613,195.76025690000097,candidate-measurement,100B4D,valid,1051469,-17,True,
1,1,00001E,1790200390.971672,39120.8552625,195.96765810000215,candidate-measurement,100B47,valid,1051463,-6,True,
1,1,00001E,1790200391.1636832,39121.0472722,196.15966779999872,candidate-measurement,100B43,valid,1051459,-4,True,
1,1,00001E,1790200391.3556783,39121.2392666,196.35166220000247,candidate-measurement,100B3C,valid,1051452,-7,True,
1,1,00001E,1790200391.5472412,39121.4308318,196.5432273999977,candidate-measurement,100B37,valid,1051447,-5,True,
1,1,00001E,1790200391.7552342,39121.638824,196.7512196000025,candidate-measurement,100B35,valid,1051445,-2,True,
1,1,00001E,1790200391.946647,39121.8302379,196.94263350000256,candidate-measurement,100B32,valid,1051442,-3,True,
1,1,00001E,1790200392.1386395,39122.02223,197.13462560000335,candidate-measurement,100B2F,valid,1051439,-3,True,
1,1,00001E,1790200392.346229,39122.2298157,197.34221129999787,candidate-measurement,100B2C,valid,1051436,-3,True,
1,1,00001E,1790200392.5382097,39122.4217999,197.534195500004,candidate-measurement,100B27,valid,1051431,-5,True,
1,1,00001E,1790200392.7302,39122.6137901,197.7261856999976,candidate-measurement,100B24,valid,1051428,-3,True,
1,1,00001E,1790200392.937616,39122.8212049,197.93360050000047,candidate-measurement,100B22,valid,1051426,-2,True,
1,1,00001E,1790200393.1296165,39123.0132049,198.1256005000032,candidate-measurement,100B20,valid,1051424,-2,True,
1,1,00001E,1790200393.321612,39123.2052001,198.3175956999985,candidate-measurement,100B1F,valid,1051423,-1,True,
1,1,00001E,1790200393.5131822,39123.396771,198.50916660000075,candidate-measurement,100B1F,valid,1051423,0,True,
1,1,00001E,1790200393.7211723,39123.6047636,198.71715920000133,candidate-measurement,100B1F,valid,1051423,0,True,
1,1,00001E,1790200393.9131732,39123.7967617,198.90915730000415,candidate-measurement,100B1D,valid,1051421,-2,True,
1,1,00001E,1790200394.1045783,39123.9881687,199.1005643000026,candidate-measurement,100B1D,valid,1051421,0,True,
1,1,00001E,1790200394.3125846,39124.1961724,199.30856800000038,candidate-measurement,100B1D,valid,1051421,0,True,
1,1,00001E,1790200394.5041504,39124.3877398,199.50013539999782,candidate-measurement,100B1C,valid,1051420,-1,True,
1,1,00001E,1790200394.6961336,39124.5797247,199.692120300002,candidate-measurement,100B1B,valid,1051419,-1,True,
1,1,00001E,1790200394.9035578,39124.7871462,199.89954179999768,candidate-measurement,100B19,valid,1051417,-2,True,
1,1,00001E,1790200395.111163,39124.994753,200.10714860000007,candidate-measurement,100B19,valid,1051417,0,True,
1,1,00001E,1790200395.303125,39125.1867139,200.2991095000034,candidate-measurement,100B19,valid,1051417,0,True,
1,1,00001E,1790200395.495126,39125.3787151,200.49111070000072,candidate-measurement,100B18,valid,1051416,-1,True,
1,1,00001E,1790200395.6865444,39125.5701339,200.6825295000017,candidate-measurement,100B18,valid,1051416,0,True,
1,1,00001E,1790200395.878529,39125.7621197,200.87451529999817,candidate-measurement,100B18,valid,1051416,0,True,
1,1,00001E,1790200396.0705235,39125.9541112,201.06650680000166,candidate-measurement,100B18,valid,1051416,0,True,
1,1,00001E,1790200396.2780967,39126.1616849,201.2740804999994,candidate-measurement,100B18,valid,1051416,0,True,
1,1,00001E,1790200396.470098,39126.3536861,201.466081700004,candidate-measurement,100B16,valid,1051414,-2,True,
1,1,00001E,1790200396.6615012,39126.5450898,201.65748539999913,candidate-measurement,100B14,valid,1051412,-2,True,
1,1,00001E,1790200396.869491,39126.7530808,201.86547640000208,candidate-measurement,100B0B,valid,1051403,-9,True,
1,1,00001E,1790200397.0610645,39126.944653,202.0570485999997,candidate-measurement,100B07,valid,1051399,-4,True,
1,1,00001E,1790200397.2530646,39127.1366531,202.2490487000032,candidate-measurement,100B05,valid,1051397,-2,True,
1,1,00001E,1790200397.4450529,39127.328643,202.44103860000178,candidate-measurement,100B05,valid,1051397,0,True,
1,1,00001E,1790200397.6524694,39127.5360595,202.64845510000305,candidate-measurement,100B05,valid,1051397,0,True,
1,1,00001E,1790200397.8444653,39127.7280538,202.84044939999876,candidate-measurement,100B05,valid,1051397,0,True,
1,1,00001E,1790200398.0360374,39127.9196271,203.03202269999747,candidate-measurement,100B05,valid,1051397,0,True,
1,1,00001E,1790200398.2440307,39128.1276188,203.24001439999847,candidate-measurement,100B00,valid,1051392,-5,True,
1,1,00001E,1790200398.436021,39128.3196111,203.43200670000078,candidate-measurement,100AED,valid,1051373,-19,True,
1,1,00001E,1790200398.6274307,39128.5110196,203.62341520000336,candidate-measurement,100AE5,valid,1051365,-8,True,
1,1,00001E,1790200398.8354273,39128.7190188,203.83141440000327,candidate-measurement,100ADD,valid,1051357,-8,True,
1,1,00001E,1790200399.0270052,39128.9105952,204.02299080000375,candidate-measurement,100AD9,valid,1051353,-4,True,
1,1,00001E,1790200399.218998,39129.1025865,204.21498209999845,candidate-measurement,100AD4,valid,1051348,-5,True,
1,1,00001E,1790200399.4109898,39129.2945783,204.40697390000423,candidate-measurement,100ACB,valid,1051339,-9,True,
1,1,00001E,1790200399.6184075,39129.5019963,204.61439190000237,candidate-measurement,100AC5,valid,1051333,-6,True,
1,1,00001E,1790200399.8103988,39129.6939867,204.8063822999975,candidate-measurement,100AC3,valid,1051331,-2,True,
1,1,00001E,1790200400.0023918,39129.8859806,204.99837619999744,candidate-measurement,100AC1,valid,1051329,-2,True,
1,1,00001E,1790200400.2099843,39130.0935722,205.2059678000005,candidate-measurement,100ABF,valid,1051327,-2,True,
1,1,00001E,1790200400.4019625,39130.2855511,205.39794670000265,candidate-measurement,100ABF,valid,1051327,0,True,
1,1,00001E,1790200400.5939488,39130.4775377,205.58993329999794,candidate-measurement,100ABF,valid,1051327,0,True,
1,1,00001E,1790200400.801367,39130.6849559,205.7973514999976,candidate-measurement,100ABE,valid,1051326,-1,True,
1,1,00001E,1790200400.9933665,39130.8769555,205.98935110000457,candidate-measurement,100ABE,valid,1051326,0,True,
1,1,00001E,1790200401.1853654,39131.0689549,206.18135050000274,candidate-measurement,100ABE,valid,1051326,0,True,
1,1,00001E,1790200401.3769295,39131.2605179,206.37291350000305,candidate-measurement,100ABE,valid,1051326,0,True,
1,1,00001E,1790200401.5849276,39131.468515,206.58091060000152,candidate-measurement,100ABE,valid,1051326,0,True,
1,1,00001E,1790200401.7763479,39131.6599379,206.7723335000046,candidate-measurement,100ABE,valid,1051326,0,True,
1,1,00001E,1790200401.9683354,39131.8519242,206.9643197999976,candidate-measurement,100ABD,valid,1051325,-1,True,
1,1,00001E,1790200402.175902,39132.0594913,207.1718869000033,candidate-measurement,100AB1,valid,1051313,-12,True,
1,1,00001E,1790200402.3678997,39132.2514884,207.3638839999985,candidate-measurement,100AAD,valid,1051309,-4,True,
1,1,00001E,1790200402.5598881,39132.4434774,207.55587299999752,candidate-measurement,100AAC,valid,1051308,-1,True,
1,1,00001E,1790200402.7673047,39132.6508957,207.76329129999795,candidate-measurement,100AAC,valid,1051308,0,True,
1,1,00001E,1790200402.9749203,39132.8585095,207.9709051000027,candidate-measurement,100AAC,valid,1051308,0,True,
1,1,00001E,1790200403.1668692,39133.0504577,208.16285330000392,candidate-measurement,100AAA,valid,1051306,-2,True,
1,1,00001E,1790200403.3588736,39133.2424622,208.35485780000454,candidate-measurement,100AA5,valid,1051301,-5,True,
1,1,00001E,1790200403.550282,39133.4338699,208.54626550000103,candidate-measurement,100A93,valid,1051283,-18,True,
1,1,00001E,1790200403.7422683,39133.6258591,208.73825470000156,candidate-measurement,100A8F,valid,1051279,-4,True,
1,1,00001E,1790200403.9338486,39133.8174369,208.92983249999816,candidate-measurement,100A86,valid,1051270,-9,True,
1,1,00001E,1790200404.1418455,39134.0254338,209.13782940000237,candidate-measurement,100A82,valid,1051266,-4,True,
1,1,00001E,1790200404.3338518,39134.2174404,209.32983600000443,candidate-measurement,100A80,valid,1051264,-2,True,
1,1,00001E,1790200404.5252492,39134.4088375,209.52123310000025,candidate-measurement,100A7B,valid,1051259,-5,True,
1,1,00001E,1790200404.7332351,39134.6168264,209.72922200000176,candidate-measurement,100A77,valid,1051255,-4,True,
1,1,00001E,1790200404.9412367,39134.8248253,209.93722089999937,candidate-measurement,100A71,valid,1051249,-6,True,
1,1,00001E,1790200405.132804,39135.0163922,210.12878780000028,candidate-measurement,100A6D,valid,1051245,-4,True,
1,1,00001E,1790200405.3248062,39135.2083949,210.32079050000175,candidate-measurement,100A6B,valid,1051243,-2,True,
1,1,00001E,1790200405.5167947,39135.400383,210.51277860000118,candidate-measurement,100A6A,valid,1051242,-1,True,
1,1,00001E,1790200405.7087898,39135.5923798,210.70477540000138,candidate-measurement,100A68,valid,1051240,-2,True,
1,1,00001E,1790200405.9001992,39135.7837903,210.89618590000464,candidate-measurement,100A67,valid,1051239,-1,True,
1,1,00001E,1790200406.1081972,39135.9917868,211.10418239999854,candidate-measurement,100A65,valid,1051237,-2,True,
1,1,00001E,1790200406.2997706,39136.183359,211.29575460000342,candidate-measurement,100A65,valid,1051237,0,True,
1,1,00001E,1790200406.4917712,39136.3753602,211.48775580000074,candidate-measurement,100A65,valid,1051237,0,True,
1,1,00001E,1790200406.6997786,39136.5833667,211.69576229999802,candidate-measurement,100A64,valid,1051236,-1,True,
1,1,00001E,1790200406.8917506,39136.7753418,211.88773740000033,candidate-measurement,100A64,valid,1051236,0,True,
1,1,00001E,1790200407.0837471,39136.9673373,212.0797328999979,candidate-measurement,100A64,valid,1051236,0,True,
1,1,00001E,1790200407.2751634,39137.1587521,212.27114769999753,candidate-measurement,100A64,valid,1051236,0,True,
1,1,00001E,1790200407.4831445,39137.3667338,212.47912940000242,candidate-measurement,100A64,valid,1051236,0,True,
1,1,00001E,1790200407.674723,39137.5583115,212.67070709999825,candidate-measurement,100A64,valid,1051236,0,True,
1,1,00001E,1790200407.8667204,39137.7503091,212.86270470000454,candidate-measurement,100A63,valid,1051235,-1,True,
1,1,00001E,1790200408.0747137,39137.9583029,213.0706984999997,candidate-measurement,100A60,valid,1051232,-3,True,
1,1,00001E,1790200408.2661211,39138.1497099,213.26210549999814,candidate-measurement,100A59,valid,1051225,-7,True,
1,1,00001E,1790200408.4577012,39138.3412901,213.45368569999846,candidate-measurement,100A56,valid,1051222,-3,True,
1,1,00001E,1790200408.6656938,39138.5492821,213.66167770000175,candidate-measurement,100A53,valid,1051219,-3,True,
1,1,00001E,1790200408.857682,39138.7412712,213.85366680000152,candidate-measurement,100A53,valid,1051219,0,True,
1,1,00001E,1790200409.049102,39138.9326906,214.0450861999998,candidate-measurement,100A51,valid,1051217,-2,True,
1,1,00001E,1790200409.2411,39139.1246885,214.23708410000108,candidate-measurement,100A51,valid,1051217,0,True,
1,1,00001E,1790200409.4486732,39139.3322616,214.44465720000153,candidate-measurement,100A51,valid,1051217,0,True,
1,1,00001E,1790200409.640667,39139.524255,214.63665059999767,candidate-measurement,100A51,valid,1051217,0,True,
1,1,00001E,1790200409.8326578,39139.7162445,214.82864010000048,candidate-measurement,100A51,valid,1051217,0,True,
1,1,00001E,1790200410.0400715,39139.9236598,215.0360553999999,candidate-measurement,100A50,valid,1051216,-1,True,
1,1,00001E,1790200410.2320778,39140.1156648,215.22806040000432,candidate-measurement,100A4D,valid,1051213,-3,True,
1,1,00001E,1790200410.4236386,39140.3072267,215.41962230000354,candidate-measurement,100A3D,valid,1051197,-16,True,
1,1,00001E,1790200410.631631,39140.5152191,215.6276147000026,candidate-measurement,100A38,valid,1051192,-5,True,
1,1,00001E,1790200410.8236294,39140.7072175,215.81961310000042,candidate-measurement,100A34,valid,1051188,-4,True,
1,1,00001E,1790200411.015038,39140.8986273,216.01102289999835,candidate-measurement,100A2F,valid,1051183,-5,True,
1,1,00001E,1790200411.2070413,39141.0906279,216.20302349999838,candidate-measurement,100A2B,valid,1051179,-4,True,
1,1,00001E,1790200411.4146051,39141.2981931,216.41058870000415,candidate-measurement,100A29,valid,1051177,-2,True,
1,1,00001E,1790200411.6066008,39141.4901896,216.60258520000207,candidate-measurement,100A28,valid,1051176,-1,True,
1,1,00001E,1790200411.7986038,39141.682194,216.79458960000193,candidate-measurement,100A27,valid,1051175,-1,True,
1,1,00001E,1790200412.0060084,39141.889597,217.00199260000227,candidate-measurement,100A25,valid,1051173,-2,True,
1,1,00001E,1790200412.1980076,39142.0815947,217.19399030000204,candidate-measurement,100A23,valid,1051171,-2,True,
1,1,00001E,1790200412.3900056,39142.2735945,217.38599010000326,candidate-measurement,100A20,valid,1051168,-3,True,
1,1,00001E,1790200412.5975661,39142.4811557,217.5935513000004,candidate-measurement,100A1D,valid,1051165,-3,True,
1,1,00001E,1790200412.7895544,39142.6731457,217.78554129999975,candidate-measurement,100A1B,valid,1051163,-2,True,
1,1,00001E,1790200412.9809756,39142.8645636,217.97695920000115,candidate-measurement,100A18,valid,1051160,-3,True,
1,1,00001E,1790200413.1729684,39143.0565582,218.16895379999914,candidate-measurement,100A17,valid,1051159,-1,True,
1,1,00001E,1790200413.3809624,39143.2645502,218.37694580000243,candidate-measurement,100A15,valid,1051157,-2,True,
1,1,00001E,1790200413.572955,39143.4565439,218.56893950000085,candidate-measurement,100A13,valid,1051155,-2,True,
1,1,00001E,1790200413.7645304,39143.6481208,218.76051639999787,candidate-measurement,100A11,valid,1051153,-2,True,
1,1,00001E,1790200413.972538,39143.8561277,218.9685232999982,candidate-measurement,100A11,valid,1051153,0,True,
1,1,00001E,1790200414.1645174,39144.048106,219.16050160000304,candidate-measurement,100A11,valid,1051153,0,True,
1,1,00001E,1790200414.3565125,39144.2401011,219.35249669999757,candidate-measurement,100A11,valid,1051153,0,True,
1,1,00001E,1790200414.563922,39144.4475116,219.5599072000041,candidate-measurement,100A0F,valid,1051151,-2,True,
1,1,00001E,1790200414.755916,39144.6395056,219.75190119999752,candidate-measurement,100A0F,valid,1051151,0,True,
1,1,00001E,1790200414.947484,39144.8310729,219.94346850000147,candidate-measurement,100A0F,valid,1051151,0,True,
1,1,00001E,1790200415.1394777,39145.0230671,220.1354627000037,candidate-measurement,100A0D,valid,1051149,-2,True,
1,1,00001E,1790200415.347482,39145.2310704,220.34346599999844,candidate-measurement,100A0B,valid,1051147,-2,True,
1,1,00001E,1790200415.5389004,39145.4224887,220.5348843000029,candidate-measurement,100A0B,valid,1051147,0,True,
1,1,00001E,1790200415.730885,39145.6144747,220.72687030000088,candidate-measurement,100A0B,valid,1051147,0,True,
1,1,00001E,1790200415.938461,39145.8220499,220.93444550000277,candidate-measurement,100A0A,valid,1051146,-1,True,
1,1,00001E,1790200416.130448,39146.0140378,221.12643340000068,candidate-measurement,100A0A,valid,1051146,0,True,
1,1,00001E,1790200416.3224561,39146.2060446,221.31844020000426,candidate-measurement,100A0A,valid,1051146,0,True,
1,1,00001E,1790200416.5298588,39146.413448,221.52584360000037,candidate-measurement,100A0A,valid,1051146,0,True,
1,1,00001E,1790200416.721856,39146.6054441,221.71783970000251,candidate-measurement,100A0A,valid,1051146,0,True,
1,1,00001E,1790200416.9134264,39146.7970166,221.9094122000024,candidate-measurement,100A0A,valid,1051146,0,True,
1,1,00001E,1790200417.1054208,39146.9890108,222.10140640000463,candidate-measurement,100A09,valid,1051145,-1,True,
1,1,00001E,1790200417.3134203,39147.1970087,222.30940430000192,candidate-measurement,100A08,valid,1051144,-1,True,
1,1,00001E,1790200417.5054085,39147.3889974,222.50139299999864,candidate-measurement,100A01,valid,1051137,-7,True,
1,1,00001E,1790200417.6968255,39147.5804145,222.69281010000122,candidate-measurement,1009FD,valid,1051133,-4,True,
1,1,00001E,1790200417.9044082,39147.7879977,222.90039329999854,candidate-measurement,1009FA,valid,1051130,-3,True,
1,1,00001E,1790200418.0963855,39147.9799763,223.0923718999984,candidate-measurement,1009F9,valid,1051129,-1,True,
1,1,00001E,1790200418.2883954,39148.1719832,223.28437880000274,candidate-measurement,1009F7,valid,1051127,-2,True,
1,1,00001E,1790200418.495795,39148.3793847,223.49178029999894,candidate-measurement,1009F7,valid,1051127,0,True,
1,1,00001E,1790200418.6877904,39148.5713805,223.6837760999988,candidate-measurement,1009F7,valid,1051127,0,True,
1,1,00001E,1790200418.8793638,39148.7629538,223.8753493999975,candidate-measurement,1009F7,valid,1051127,0,True,
1,1,00001E,1790200419.0713565,39148.9549478,224.0673433999982,candidate-measurement,1009F7,valid,1051127,0,True,
1,1,00001E,1790200419.2793715,39149.1629598,224.275355400001,candidate-measurement,1009F7,valid,1051127,0,True,
1,1,00001E,1790200419.4707713,39149.3543617,224.46675730000425,candidate-measurement,1009F7,valid,1051127,0,True,
1,1,00001E,1790200419.6627526,39149.5463434,224.6587389999986,candidate-measurement,1009F2,valid,1051122,-5,True,
1,1,00001E,1790200419.8703344,39149.7539232,224.86631879999914,candidate-measurement,1009DF,valid,1051103,-19,True,
1,1,00001E,1790200420.0623243,39149.945913,225.05830860000424,candidate-measurement,1009D9,valid,1051097,-6,True,
1,1,00001E,1790200420.2543194,39150.1379081,225.25030369999877,candidate-measurement,1009D1,valid,1051089,-8,True,
1,1,00001E,1790200420.446315,39150.3299035,225.44229910000286,candidate-measurement,1009CD,valid,1051085,-4,True,
1,1,00001E,1790200420.6537254,39150.5373158,225.64971140000125,candidate-measurement,1009CA,valid,1051082,-3,True,
1,1,00001E,1790200420.8457234,39150.7293118,225.84170740000263,candidate-measurement,1009C5,valid,1051077,-5,True,
1,1,00001E,1790200421.0372915,39150.9208825,226.03327810000337,candidate-measurement,1009BD,valid,1051069,-8,True,
1,1,00001E,1790200421.2453423,39151.1289278,226.24132339999778,candidate-measurement,1009B7,valid,1051063,-6,True,
1,1,00001E,1790200421.437287,39151.3208762,226.4332718000005,candidate-measurement,1009B6,valid,1051062,-1,True,
1,1,00001E,1790200421.6292799,39151.5128687,226.62526430000435,candidate-measurement,1009B5,valid,1051061,-1,True,
1,1,00001E,1790200421.8366916,39151.7202813,226.83267689999775,candidate-measurement,1009B3,valid,1051059,-2,True,
1,1,00001E,1790200422.028259,39151.9118471,227.02424269999756,candidate-measurement,1009B1,valid,1051057,-2,True,
1,1,00001E,1790200422.2202702,39152.1038575,227.21625309999945,candidate-measurement,1009B1,valid,1051057,0,True,
1,1,00001E,1790200422.4122584,39152.2958466,227.40824219999922,candidate-measurement,1009B1,valid,1051057,0,True,
1,1,00001E,1790200422.620245,39152.5038334,227.6162289999993,candidate-measurement,1009B0,valid,1051056,-1,True,
1,1,00001E,1790200422.8116553,39152.6952463,227.807641899999,candidate-measurement,1009B0,valid,1051056,0,True,
1,1,00001E,1790200423.0036597,39152.8872486,227.99964419999742,candidate-measurement,1009B0,valid,1051056,0,True,
1,1,00001E,1790200423.2116482,39153.0952344,228.20763000000443,candidate-measurement,1009B0,valid,1051056,0,True,
1,1,00001E,1790200423.4032228,39153.286811,228.39920659999916,candidate-measurement,1009B0,valid,1051056,0,True,
1,1,00001E,1790200423.5952146,39153.4788037,228.59119930000452,candidate-measurement,1009B0,valid,1051056,0,True,
1,1,00001E,1790200423.8032014,39153.6867922,228.79918780000298,candidate-measurement,1009AF,valid,1051055,-1,True,
1,1,00001E,1790200423.994644,39153.8782322,228.99062779999804,candidate-measurement,1009A9,valid,1051049,-6,True,
1,1,00001E,1790200424.1866212,39154.0702099,229.18260549999832,candidate-measurement,1009A1,valid,1051041,-8,True,
1,1,00001E,1790200424.3786137,39154.2622018,229.37459739999758,candidate-measurement,10099F,valid,1051039,-2,True,
1,1,00001E,1790200424.586183,39154.469773,229.5821685999981,candidate-measurement,10099D,valid,1051037,-2,True,
1,1,00001E,1790200424.77818,39154.6617693,229.77416490000178,candidate-measurement,10099D,valid,1051037,0,True,
1,1,00001E,1790200424.9696004,39154.8531909,229.96558650000225,candidate-measurement,10099D,valid,1051037,0,True,
1,1,00001E,1790200425.177582,39155.0611706,230.1735661999992,candidate-measurement,10099D,valid,1051037,0,True,
1,1,00001E,1790200425.3695776,39155.2531663,230.36556189999828,candidate-measurement,10099C,valid,1051036,-1,True,
1,1,00001E,1790200425.561569,39155.4451596,230.55755520000093,candidate-measurement,10098D,valid,1051021,-15,True,
1,1,00001E,1790200425.7691636,39155.6527519,230.76514750000206,candidate-measurement,100985,valid,1051013,-8,True,
1,1,00001E,1790200425.9611413,39155.8447301,230.95712569999887,candidate-measurement,100980,valid,1051008,-5,True,
1,1,00001E,1790200426.1525521,39156.036142,231.14853759999824,candidate-measurement,100979,valid,1051001,-7,True,
1,1,00001E,1790200426.3445477,39156.2281363,231.34053190000122,candidate-measurement,100976,valid,1050998,-3,True,
1,1,00001E,1790200426.5521152,39156.4357063,231.5481018999999,candidate-measurement,100973,valid,1050995,-3,True,
1,1,00001E,1790200426.7441142,39156.6277025,231.7400981000028,candidate-measurement,100971,valid,1050993,-2,True,
1,1,00001E,1790200426.936099,39156.8196897,231.93208530000265,candidate-measurement,10096F,valid,1050991,-2,True,
1,1,00001E,1790200427.143516,39157.0271072,232.13950280000427,candidate-measurement,10096C,valid,1050988,-3,True,
1,1,00001E,1790200427.33552,39157.2191082,232.33150380000006,candidate-measurement,100969,valid,1050985,-3,True,
1,1,00001E,1790200427.5275066,39157.4110979,232.5234935000044,candidate-measurement,100967,valid,1050983,-2,True,
1,1,00001E,1790200427.7350874,39157.6186754,232.73107100000198,candidate-measurement,100964,valid,1050980,-3,True,
1,1,00001E,1790200427.9270737,39157.8106638,232.9230594000037,candidate-measurement,100963,valid,1050979,-1,True,
1,1,00001E,1790200428.1184819,39158.0020729,233.11446850000357,candidate-measurement,100961,valid,1050977,-2,True,
1,1,00001E,1790200428.3104846,39158.1940733,233.30646890000207,candidate-measurement,10095F,valid,1050975,-2,True,
1,1,00001E,1790200428.5184734,39158.4020626,233.51445819999935,candidate-measurement,10095E,valid,1050974,-1,True,
1,1,00001E,1790200428.7100468,39158.5936378,233.70603339999798,candidate-measurement,10095D,valid,1050973,-1,True,
1,1,00001E,1790200428.9020422,39158.7856311,233.89802670000063,candidate-measurement,10095D,valid,1050973,0,True,
1,1,00001E,1790200429.1094525,39158.9930437,234.1054393000013,candidate-measurement,10095C,valid,1050972,-1,True,
1,1,00001E,1790200429.301449,39159.1850373,234.29743289999897,candidate-measurement,10095C,valid,1050972,0,True,
1,1,00001E,1790200429.4930258,39159.3766145,234.48901009999827,candidate-measurement,10095B,valid,1050971,-1,True,
1,1,00001E,1790200429.7010155,39159.5846057,234.69700130000274,candidate-measurement,10095B,valid,1050971,0,True,
1,1,00001E,1790200429.8930125,39159.7766007,234.88899630000378,candidate-measurement,100959,valid,1050969,-2,True,
1,1,00001E,1790200430.0850198,39159.9686099,235.0810055000038,candidate-measurement,100958,valid,1050968,-1,True,
1,1,00001E,1790200430.2924223,39160.1760106,235.2884062000012,candidate-measurement,100957,valid,1050967,-1,True,
1,1,00001E,1790200430.4844134,39160.3680027,235.48039830000198,candidate-measurement,100957,valid,1050967,0,True,
1,1,00001E,1790200430.676021,39160.559612,235.67200759999832,candidate-measurement,100957,valid,1050967,0,True,
1,1,00001E,1790200430.867984,39160.7515737,235.86396930000046,candidate-measurement,100956,valid,1050966,-1,True,
1,1,00001E,1790200431.0759795,39160.9595672,236.07196280000062,candidate-measurement,100956,valid,1050966,0,True,
1,1,00001E,1790200431.2673907,39161.1509789,236.26337449999846,candidate-measurement,100956,valid,1050966,0,True,
1,1,00001E,1790200431.459387,39161.3429758,236.45537139999942,candidate-measurement,100956,valid,1050966,0,True,
1,1,00001E,1790200431.6669543,39161.550543,236.6629385999986,candidate-measurement,100955,valid,1050965,-1,True,
1,1,00001E,1790200431.858952,39161.7425402,236.85493580000184,candidate-measurement,100955,valid,1050965,0,True,
1,1,00001E,1790200432.0509443,39161.9345317,237.04692729999806,candidate-measurement,10094F,valid,1050959,-6,True,
1,1,00001E,1790200432.24294,39162.1265281,237.2389237000025,candidate-measurement,10094B,valid,1050955,-4,True,
1,1,00001E,1790200432.450355,39162.3339448,237.446340399998,candidate-measurement,100948,valid,1050952,-3,True,
1,1,00001E,1790200432.6423473,39162.5259355,237.6383311000027,candidate-measurement,100946,valid,1050950,-2,True,
1,1,00001E,1790200432.833915,39162.7175054,237.8299010000046,candidate-measurement,100945,valid,1050949,-1,True,
1,1,00001E,1790200433.0419025,39162.9254912,238.03788680000434,candidate-measurement,100945,valid,1050949,0,True,
1,1,00001E,1790200433.2339072,39163.1174953,238.22989090000192,candidate-measurement,100943,valid,1050947,-2,True,
1,1,00001E,1790200433.425313,39163.3089022,238.4212977999996,candidate-measurement,100943,valid,1050947,0,True,
1,1,00001E,1790200433.6333013,39163.5168902,238.62928580000153,candidate-measurement,100943,valid,1050947,0,True,
1,1,00001E,1790200433.8248813,39163.7084719,238.8208674999987,candidate-measurement,100943,valid,1050947,0,True,
1,1,00001E,1790200434.0168679,39163.9004577,239.01285330000246,candidate-measurement,100943,valid,1050947,0,True,
1,1,00001E,1790200434.2088814,39164.0924681,239.20486370000435,candidate-measurement,100943,valid,1050947,0,True,
1,1,00001E,1790200434.4162977,39164.2998857,239.41228129999945,candidate-measurement,100942,valid,1050946,-1,True,
1,1,00001E,1790200434.6082823,39164.4918706,239.60426620000362,candidate-measurement,10093F,valid,1050943,-3,True,
1,1,00001E,1790200434.7998567,39164.6834451,239.7958407000042,candidate-measurement,10092E,valid,1050926,-17,True,
1,1,00001E,1790200435.0078802,39164.8914681,240.00386370000342,candidate-measurement,100929,valid,1050921,-5,True,
1,1,00001E,1790200435.1998389,39165.0834271,240.19582269999955,candidate-measurement,100921,valid,1050913,-8,True,
1,1,00001E,1790200435.3918328,39165.2754213,240.38781690000178,candidate-measurement,10091D,valid,1050909,-4,True,
1,1,00001E,1790200435.5992494,39165.4828383,240.59523389999958,candidate-measurement,100919,valid,1050905,-4,True,
1,1,00001E,1790200435.7912412,39165.6748296,240.78722520000156,candidate-measurement,100917,valid,1050903,-2,True,
1,1,00001E,1790200435.9828207,39165.8664089,240.9788045000023,candidate-measurement,100914,valid,1050900,-3,True,
1,1,00001E,1790200436.174816,39166.0584038,241.17079940000258,candidate-measurement,100910,valid,1050896,-4,True,
1,1,00001E,1790200436.3828003,39166.2663889,241.37878450000426,candidate-measurement,10090A,valid,1050890,-6,True,
1,1,00001E,1790200436.574801,39166.4583896,241.57078519999777,candidate-measurement,100907,valid,1050887,-3,True,
1,1,00001E,1790200436.7662516,39166.6498371,241.762232699999,candidate-measurement,100904,valid,1050884,-3,True,
1,1,00001E,1790200436.9738297,39166.8574179,241.96981349999987,candidate-measurement,100903,valid,1050883,-1,True,
1,1,00001E,1790200437.165821,39167.0494084,242.16180400000303,candidate-measurement,100901,valid,1050881,-2,True,
1,1,00001E,1790200437.3577743,39167.2413631,242.3537587000028,candidate-measurement,100901,valid,1050881,0,True,
1,1,00001E,1790200437.5657616,39167.44935,242.56174560000363,candidate-measurement,100901,valid,1050881,0,True,
1,1,00001E,1790200437.7732348,39167.6568206,242.76921620000212,candidate-measurement,100901,valid,1050881,0,True,
1,1,00001E,1790200437.9651809,39167.8487692,242.9611647999991,candidate-measurement,1008FE,valid,1050878,-3,True,
1,1,00001E,1790200438.1571758,39168.0407537,243.15314930000022,candidate-measurement,1008FD,valid,1050877,-1,True,
1,1,00001E,1790200438.348745,39168.2323339,243.34472950000054,candidate-measurement,1008FD,valid,1050877,0,True,
1,1,00001E,1790200438.5407343,39168.4243225,243.53671810000378,candidate-measurement,1008FC,valid,1050876,-1,True,
1,1,00001E,1790200438.7327278,39168.6163162,243.7287118000022,candidate-measurement,1008FC,valid,1050876,0,True,
1,1,00001E,1790200438.940144,39168.8237322,243.93612779999967,candidate-measurement,1008FC,valid,1050876,0,True,
1,1,00001E,1790200439.1321466,39169.0157352,244.12813080000342,candidate-measurement,1008FC,valid,1050876,0,True,
1,1,00001E,1790200439.3241313,39169.2077194,244.32011500000226,candidate-measurement,1008FC,valid,1050876,0,True,
1,1,00001E,1790200439.5317037,39169.4152921,244.52768769999966,candidate-measurement,1008FC,valid,1050876,0,True,
1,1,00001E,1790200439.7237089,39169.6072969,244.71969250000257,candidate-measurement,1008FB,valid,1050875,-1,True,
1,1,00001E,1790200439.9156928,39169.7992811,244.9116767000014,candidate-measurement,1008F6,valid,1050870,-5,True,
1,1,00001E,1790200440.1071107,39169.9906992,245.10309480000433,candidate-measurement,1008EE,valid,1050862,-8,True,
1,1,00001E,1790200440.3150966,39170.1986855,245.3110811000006,candidate-measurement,1008EB,valid,1050859,-3,True,
1,1,00001E,1790200440.506671,39170.390259,245.50265460000082,candidate-measurement,1008E9,valid,1050857,-2,True,
1,1,00001E,1790200440.6986673,39170.5822552,245.69465080000373,candidate-measurement,1008E9,valid,1050857,0,True,
1,1,00001E,1790200440.9066653,39170.7902527,245.90264829999796,candidate-measurement,1008E9,valid,1050857,0,True,
1,1,00001E,1790200441.0980911,39170.9816796,246.0940752000024,candidate-measurement,1008E9,valid,1050857,0,True,
1,1,00001E,1790200441.2900708,39171.1736593,246.28605490000336,candidate-measurement,1008E8,valid,1050856,-1,True,
1,1,00001E,1790200441.498056,39171.3816446,246.4940401999993,candidate-measurement,1008E8,valid,1050856,0,True,
1,1,00001E,1790200441.6896331,39171.5732214,246.68561700000282,candidate-measurement,1008D5,valid,1050837,-19,True,
1,1,00001E,1790200441.8816307,39171.7652189,246.87761450000107,candidate-measurement,1008D0,valid,1050832,-5,True,
1,1,00001E,1790200442.0736232,39171.957212,247.0696076000022,candidate-measurement,1008C7,valid,1050823,-9,True,
1,1,00001E,1790200442.2810364,39172.1646249,247.2770204999979,candidate-measurement,1008C1,valid,1050817,-6,True,
1,1,00001E,1790200442.4730308,39172.3566205,247.4690161000035,candidate-measurement,1008BF,valid,1050815,-2,True,
1,1,00001E,1790200442.6650183,39172.5486079,247.6610034999976,candidate-measurement,1008BB,valid,1050811,-4,True,
1,1,00001E,1790200442.8726015,39172.7561889,247.8685845,candidate-measurement,1008B7,valid,1050807,-4,True,
1,1,00001E,1790200443.0645838,39172.9481722,248.06056779999926,candidate-measurement,1008B0,valid,1050800,-7,True,
1,1,00001E,1790200443.2565777,39173.1401665,248.25256210000225,candidate-measurement,1008AB,valid,1050795,-5,True,
1,1,00001E,1790200443.4640088,39173.3475974,248.45999300000403,candidate-measurement,1008A9,valid,1050793,-2,True,
1,1,00001E,1790200443.6560063,39173.5395935,248.6519890999989,candidate-measurement,1008A8,valid,1050792,-1,True,
1,1,00001E,1790200443.8475647,39173.7311533,248.84354890000395,candidate-measurement,1008A8,valid,1050792,0,True,
1,1,00001E,1790200444.039564,39173.9231519,249.0355475000033,candidate-measurement,1008A7,valid,1050791,-1,True,
1,1,00001E,1790200444.2475543,39174.1311424,249.24353800000245,candidate-measurement,1008A5,valid,1050789,-2,True,
1,1,00001E,1790200444.4395587,39174.3231465,249.43554210000002,candidate-measurement,1008A4,valid,1050788,-1,True,
1,1,00001E,1790200444.6315403,39174.5151288,249.62752439999895,candidate-measurement,1008A3,valid,1050787,-1,True,
1,1,00001E,1790200444.8389566,39174.7225451,249.8349406999987,candidate-measurement,1008A3,valid,1050787,0,True,
1,1,00001E,1790200445.0309415,39174.91453,250.02692560000287,candidate-measurement,1008A3,valid,1050787,0,True,
1,1,00001E,1790200445.2225204,39175.1061083,250.21850390000327,candidate-measurement,1008A2,valid,1050786,-1,True,
1,1,00001E,1790200445.4145136,39175.2981021,250.41049770000245,candidate-measurement,1008A2,valid,1050786,0,True,
1,1,00001E,1790200445.622507,39175.506097,250.61849259999872,candidate-measurement,1008A2,valid,1050786,0,True,
1,1,00001E,1790200445.813916,39175.6975068,250.80990240000392,candidate-measurement,1008A2,valid,1050786,0,True,
1,1,00001E,1790200446.0059164,39175.889505,251.00190060000023,candidate-measurement,1008A2,valid,1050786,0,True,
1,1,00001E,1790200446.2135012,39176.0970881,251.20948370000406,candidate-measurement,1008A2,valid,1050786,0,True,
1,1,00001E,1790200446.405479,39176.2890675,251.40146310000273,candidate-measurement,1008A1,valid,1050785,-1,True,
1,1,00001E,1790200446.597476,39176.4810652,251.5934608000025,candidate-measurement,10089B,valid,1050779,-6,True,
1,1,00001E,1790200446.8048909,39176.6884789,251.80087450000428,candidate-measurement,100893,valid,1050771,-8,True,
1,1,00001E,1790200446.9968805,39176.8804693,251.9928648999994,candidate-measurement,10088F,valid,1050767,-4,True,
1,1,00001E,1790200447.1888843,39177.0724728,252.1848683999997,candidate-measurement,10088F,valid,1050767,0,True,
1,1,00001E,1790200447.380452,39177.2640404,252.37643599999865,candidate-measurement,10088F,valid,1050767,0,True,
1,1,00001E,1790200447.5884483,39177.4720368,252.58443239999906,candidate-measurement,10088E,valid,1050766,-1,True,
1,1,00001E,1790200447.7804344,39177.6640223,252.77641790000052,candidate-measurement,10088A,valid,1050762,-4,True,
1,1,00001E,1790200447.9718497,39177.8554386,252.9678342000043,candidate-measurement,100877,valid,1050743,-19,True,
1,1,00001E,1790200448.1798375,39178.0634261,253.17582170000242,candidate-measurement,100871,valid,1050737,-6,True,
1,1,00001E,1790200448.3714242,39178.2550126,253.36740819999977,candidate-measurement,100869,valid,1050729,-8,True,
1,1,00001E,1790200448.5634098,39178.4469981,253.55939370000124,candidate-measurement,100865,valid,1050725,-4,True,
1,1,00001E,1790200448.771402,39178.6549917,253.76738730000216,candidate-measurement,100861,valid,1050721,-4,True,
1,1,00001E,1790200448.9788177,39178.8624063,253.9748019000035,candidate-measurement,10085D,valid,1050717,-4,True,
1,1,00001E,1790200449.1708157,39179.0544039,254.16679950000253,candidate-measurement,100855,valid,1050709,-8,True,
1,1,00001E,1790200449.3628101,39179.2463989,254.35879450000357,candidate-measurement,100850,valid,1050704,-5,True,
1,1,00001E,1790200449.5543797,39179.437968,254.5503635999994,candidate-measurement,10084E,valid,1050702,-2,True,
1,1,00001E,1790200449.7463748,39179.6299631,254.7423587000012,candidate-measurement,10084D,valid,1050701,-1,True,
1,1,00001E,1790200449.9377823,39179.8213715,254.93376710000302,candidate-measurement,10084B,valid,1050699,-2,True,
1,1,00001E,1790200450.1457849,39180.0293732,255.14176880000014,candidate-measurement,100849,valid,1050697,-2,True,
1,1,00001E,1790200450.3373618,39180.22095,255.33334560000367,candidate-measurement,100849,valid,1050697,0,True,
1,1,00001E,1790200450.5293486,39180.412937,255.525332600002,candidate-measurement,100849,valid,1050697,0,True,
1,1,00001E,1790200450.737345,39180.620933,255.73332859999937,candidate-measurement,100848,valid,1050696,-1,True,
1,1,00001E,1790200450.944759,39180.828347,255.94074260000343,candidate-measurement,100848,valid,1050696,0,True,
1,1,00001E,1790200451.1367521,39181.0203406,256.1327362000011,candidate-measurement,100848,valid,1050696,0,True,
1,1,00001E,1790200451.3287861,39181.212371,256.3247666000025,candidate-measurement,100848,valid,1050696,0,True,
1,1,00001E,1790200451.5203207,39181.4039091,256.51630470000237,candidate-measurement,100848,valid,1050696,0,True,
1,1,00001E,1790200451.7123094,39181.5958977,256.70829329999833,candidate-measurement,100848,valid,1050696,0,True,
1,1,00001E,1790200451.9043047,39181.7878933,256.90028890000394,candidate-measurement,100847,valid,1050695,-1,True,
1,1,00001E,1790200452.1117213,39181.9953096,257.1077052000037,candidate-measurement,100841,valid,1050689,-6,True,
1,1,00001E,1790200452.303718,39182.1873047,257.2997002999982,candidate-measurement,10083B,valid,1050683,-6,True,
1,1,00001E,1790200452.4952817,39182.3788706,257.4912661999988,candidate-measurement,100839,valid,1050681,-2,True,
1,1,00001E,1790200452.7032797,39182.5868682,257.69926380000106,candidate-measurement,100837,valid,1050679,-2,True,
1,1,00001E,1790200452.8952715,39182.7788601,257.89125570000033,candidate-measurement,100836,valid,1050678,-1,True,
1,1,00001E,1790200453.0872688,39182.9708574,258.08325300000433,candidate-measurement,100836,valid,1050678,0,True,
1,1,00001E,1790200453.2946832,39183.1782714,258.2906670000011,candidate-measurement,100836,valid,1050678,0,True,
1,1,00001E,1790200453.4866805,39183.3702692,258.48266480000166,candidate-measurement,100836,valid,1050678,0,True,
1,1,00001E,1790200453.6782475,39183.561836,258.6742316000018,candidate-measurement,100835,valid,1050677,-1,True,
1,1,00001E,1790200453.870243,39183.7538317,258.8662273000009,candidate-measurement,100832,valid,1050674,-3,True,
1,1,00001E,1790200454.0782378,39183.9618257,259.0742212999976,candidate-measurement,100822,valid,1050658,-16,True,
1,1,00001E,1790200454.2702317,39184.1538145,259.26621010000235,candidate-measurement,10081D,valid,1050653,-5,True,
1,1,00001E,1790200454.4622197,39184.3458081,259.4582037,candidate-measurement,10081B,valid,1050651,-2,True,
1,1,00001E,1790200454.6696377,39184.5532258,259.66562140000315,candidate-measurement,100815,valid,1050645,-6,True,
1,1,00001E,1790200454.8776298,39184.7612184,259.8736140000037,candidate-measurement,10080F,valid,1050639,-6,True,
1,1,00001E,1790200455.0692024,39184.9527907,260.0651863000021,candidate-measurement,10080D,valid,1050637,-2,True,
1,1,00001E,1790200455.2611942,39185.1447828,260.2571784000029,candidate-measurement,10080B,valid,1050635,-2,True,
1,1,00001E,1790200455.4531922,39185.3367804,260.4491760000019,candidate-measurement,100809,valid,1050633,-2,True,
1,1,00001E,1790200455.645186,39185.5287746,260.6411702000041,candidate-measurement,100806,valid,1050630,-3,True,
1,1,00001E,1790200455.836597,39185.7201855,260.83258110000315,candidate-measurement,100805,valid,1050629,-1,True,
1,1,00001E,1790200456.0441713,39185.9277595,261.0401551000032,candidate-measurement,100803,valid,1050627,-2,True,
1,1,00001E,1790200456.2361722,39186.1197589,261.23215450000134,candidate-measurement,100800,valid,1050624,-3,True,
1,1,00001E,1790200456.4281883,39186.3117754,261.42417099999875,candidate-measurement,1007FC,valid,1050620,-4,True,
1,1,00001E,1790200456.6355734,39186.5191616,261.63155720000213,candidate-measurement,1007FA,valid,1050618,-2,True,
1,1,00001E,1790200456.8435743,39186.7271626,261.8395582000012,candidate-measurement,1007F8,valid,1050616,-2,True,
1,1,00001E,1790200457.03514,39186.9187289,262.03112449999753,candidate-measurement,1007F6,valid,1050614,-2,True,
1,1,00001E,1790200457.227143,39187.110729,262.22312460000103,candidate-measurement,1007F5,valid,1050613,-1,True,
1,1,00001E,1790200457.4191327,39187.302721,262.41511660000106,candidate-measurement,1007F5,valid,1050613,0,True,
1,1,00001E,1790200457.6111352,39187.4947233,262.6071188999995,candidate-measurement,1007F3,valid,1050611,-2,True,
1,1,00001E,1790200457.8025348,39187.6861255,262.79852109999774,candidate-measurement,1007F3,valid,1050611,0,True,
1,1,00001E,1790200458.0105271,39187.8941155,263.00651110000035,candidate-measurement,1007F3,valid,1050611,0,True,
1,1,00001E,1790200458.2021139,39188.0857017,263.1980973000027,candidate-measurement,1007F3,valid,1050611,0,True,
1,1,00001E,1790200458.394091,39188.2776801,263.39007570000103,candidate-measurement,1007F1,valid,1050609,-2,True,
1,1,00001E,1790200458.6020813,39188.4856702,263.5980658000044,candidate-measurement,1007EF,valid,1050607,-2,True,
1,1,00001E,1790200458.809507,39188.6930949,263.80549050000263,candidate-measurement,1007EF,valid,1050607,0,True,
1,1,00001E,1790200459.0015075,39188.8850963,263.9974919000015,candidate-measurement,1007EF,valid,1050607,0,True,
1,1,00001E,1790200459.1930728,39189.0766616,264.1890571999975,candidate-measurement,1007EE,valid,1050606,-1,True,
1,1,00001E,1790200459.385066,39189.2686539,264.3810494999998,candidate-measurement,1007EE,valid,1050606,0,True,
1,1,00001E,1790200459.5770786,39189.4606667,264.5730622999981,candidate-measurement,1007EE,valid,1050606,0,True,
1,1,00001E,1790200459.7684736,39189.652063,264.7644586000024,candidate-measurement,1007EE,valid,1050606,0,True,
1,1,00001E,1790200459.9764686,39189.8600569,264.9724524999983,candidate-measurement,1007EE,valid,1050606,0,True,
1,1,00001E,1790200460.1684573,39190.0520467,265.16444230000343,candidate-measurement,1007ED,valid,1050605,-1,True,
1,1,00001E,1790200460.3600357,39190.2436238,265.35601940000197,candidate-measurement,1007E9,valid,1050601,-4,True,
1,1,00001E,1790200460.5680366,39190.4516242,265.56401980000373,candidate-measurement,1007E1,valid,1050593,-8,True,
1,1,00001E,1790200460.7600164,39190.6436051,265.7560006999993,candidate-measurement,1007DE,valid,1050590,-3,True,
1,1,00001E,1790200460.9514394,39190.8350274,265.9474229999978,candidate-measurement,1007DD,valid,1050589,-1,True,
1,1,00001E,1790200461.1434305,39191.0270187,266.13941429999977,candidate-measurement,1007DB,valid,1050587,-2,True,
1,1,00001E,1790200461.3510184,39191.2346062,266.3470018000007,candidate-measurement,1007DB,valid,1050587,0,True,
1,1,00001E,1790200461.5429993,39191.4265879,266.53898350000236,candidate-measurement,1007DB,valid,1050587,0,True,
1,1,00001E,1790200461.7349894,39191.6185776,266.7309731999994,candidate-measurement,1007DB,valid,1050587,0,True,
1,1,00001E,1790200461.9424057,39191.8259942,266.93838980000146,candidate-measurement,1007DB,valid,1050587,0,True,
1,1,00001E,1790200462.1344063,39192.017992,267.130387600002,candidate-measurement,1007DB,valid,1050587,0,True,
1,1,00001E,1790200462.32597,39192.2095587,267.3219543000014,candidate-measurement,1007D7,valid,1050583,-4,True,
1,1,00001E,1790200462.5339644,39192.4175523,267.5299479000023,candidate-measurement,1007C6,valid,1050566,-17,True,
1,1,00001E,1790200462.7259626,39192.6095511,267.7219467000032,candidate-measurement,1007C1,valid,1050561,-5,True,
1,1,00001E,1790200462.9179566,39192.8015447,267.91394030000083,candidate-measurement,1007BB,valid,1050555,-6,True,
1,1,00001E,1790200463.1253679,39193.0089558,268.12135140000464,candidate-measurement,1007B5,valid,1050549,-6,True,
1,1,00001E,1790200463.31737,39193.2009566,268.3133521999989,candidate-measurement,1007B3,valid,1050547,-2,True,
1,1,00001E,1790200463.508932,39193.3925215,268.50491709999915,candidate-measurement,1007B1,valid,1050545,-2,True,
1,1,00001E,1790200463.700923,39193.5845115,268.6969070999985,candidate-measurement,1007AE,valid,1050542,-3,True,
1,1,00001E,1790200463.908916,39193.7925043,268.9048999000006,candidate-measurement,1007AC,valid,1050540,-2,True,
1,1,00001E,1790200464.1009254,39193.9845135,269.09690910000063,candidate-measurement,1007A9,valid,1050537,-3,True,
1,1,00001E,1790200464.2923295,39194.1759171,269.2883127000023,candidate-measurement,1007A6,valid,1050534,-3,True,
1,1,00001E,1790200464.500317,39194.383906,269.4963016000038,candidate-measurement,1007A2,valid,1050530,-4,True,
1,1,00001E,1790200464.691899,39194.5754875,269.68788309999945,candidate-measurement,1007A0,valid,1050528,-2,True,
1,1,00001E,1790200464.8838813,39194.7674706,269.87986620000447,candidate-measurement,10079E,valid,1050526,-2,True,
1,1,00001E,1790200465.0758853,39194.9594728,270.07186840000213,candidate-measurement,10079C,valid,1050524,-2,True,
1,1,00001E,1790200465.2839093,39195.1674944,270.279889999998,candidate-measurement,10079B,valid,1050523,-1,True,
1,1,00001E,1790200465.4752991,39195.3588869,270.4712825000024,candidate-measurement,10079B,valid,1050523,0,True,
1,1,00001E,1790200465.6672957,39195.5508837,270.6632793000026,candidate-measurement,10079B,valid,1050523,0,True,
1,1,00001E,1790200465.8748538,39195.7584427,270.87083829999756,candidate-measurement,100799,valid,1050521,-2,True,
1,1,00001E,1790200466.066856,39195.9504438,271.0628394000014,candidate-measurement,100799,valid,1050521,0,True,
1,1,00001E,1790200466.2588527,39196.1424407,271.25483630000235,candidate-measurement,100799,valid,1050521,0,True,
1,1,00001E,1790200466.4662454,39196.3498339,271.46222950000083,candidate-measurement,100799,valid,1050521,0,True,
1,1,00001E,1790200466.6582541,39196.5418431,271.65423870000086,candidate-measurement,100797,valid,1050519,-2,True,
1,1,00001E,1790200466.850249,39196.7338373,271.8462329000031,candidate-measurement,100795,valid,1050517,-2,True,
1,1,00001E,1790200467.0418155,39196.9254043,272.0377998999975,candidate-measurement,100795,valid,1050517,0,True,
1,1,00001E,1790200467.2498314,39197.1334195,272.2458151000028,candidate-measurement,100795,valid,1050517,0,True,
1,1,00001E,1790200467.441808,39197.3253961,272.437791700002,candidate-measurement,100794,valid,1050516,-1,True,
1,1,00001E,1790200467.6338046,39197.5173932,272.62978880000446,candidate-measurement,100794,valid,1050516,0,True,
1,1,00001E,1790200467.8412194,39197.7248079,272.8372034999993,candidate-measurement,100794,valid,1050516,0,True,
1,1,00001E,1790200468.033205,39197.9167934,273.02918900000077,candidate-measurement,100794,valid,1050516,0,True,
1,1,00001E,1790200468.2248065,39198.1083923,273.22078789999796,candidate-measurement,100794,valid,1050516,0,True,
1,1,00001E,1790200468.416769,39198.3003574,273.41275300000416,candidate-measurement,100794,valid,1050516,0,True,
1,1,00001E,1790200468.6247554,39198.5083446,273.6207402,candidate-measurement,100794,valid,1050516,0,True,
1,1,00001E,1790200468.8161862,39198.6997749,273.81217050000123,candidate-measurement,100792,valid,1050514,-2,True,
1,1,00001E,1790200469.0081818,39198.89177,274.00416560000303,candidate-measurement,10078E,valid,1050510,-4,True,
1,1,00001E,1790200469.216199,39199.0997862,274.2121818000014,candidate-measurement,100787,valid,1050503,-7,True,
1,1,00001E,1790200469.4077415,39199.2913302,274.4037258000026,candidate-measurement,100783,valid,1050499,-4,True,
1,1,00001E,1790200469.5997348,39199.4833233,274.5957189000037,candidate-measurement,100781,valid,1050497,-2,True,
1,1,00001E,1790200469.8077295,39199.6913178,274.8037134000042,candidate-measurement,100781,valid,1050497,0,True,
1,1,00001E,1790200469.999142,39199.88273,274.9951255999986,candidate-measurement,100781,valid,1050497,0,True,
1,1,00001E,1790200470.1912274,39200.0748126,275.18720820000453,candidate-measurement,100781,valid,1050497,0,True,
1,1,00001E,1790200470.3831367,39200.2667246,275.3791201999993,candidate-measurement,100780,valid,1050496,-1,True,
1,1,00001E,1790200470.5906997,39200.4742883,275.58668390000093,candidate-measurement,10077D,valid,1050493,-3,True,
1,1,00001E,1790200470.7826974,39200.6662854,275.7786810000034,candidate-measurement,10076E,valid,1050478,-15,True,
1,1,00001E,1790200470.9746907,39200.8582791,275.97067470000184,candidate-measurement,100769,valid,1050473,-5,True,
1,1,00001E,1790200471.182105,39201.0656932,276.1780887999994,candidate-measurement,100765,valid,1050469,-4,True,
1,1,00001E,1790200471.3736947,39201.2572832,276.36967880000157,candidate-measurement,10075E,valid,1050462,-7,True,
1,1,00001E,1790200471.5656726,39201.4492608,276.5616564000011,candidate-measurement,10075B,valid,1050459,-3,True,
1,1,00001E,1790200471.773686,39201.657274,276.76966959999845,candidate-measurement,100758,valid,1050456,-3,True,
1,1,00001E,1790200471.9656608,39201.8492496,276.96164520000457,candidate-measurement,100756,valid,1050454,-2,True,
1,1,00001E,1790200472.1570902,39202.0406787,277.15307430000394,candidate-measurement,100754,valid,1050452,-2,True,
1,1,00001E,1790200472.3490684,39202.232657,277.3450526000015,candidate-measurement,100752,valid,1050450,-2,True,
1,1,00001E,1790200472.5566576,39202.4402459,277.5526414999986,candidate-measurement,10074F,valid,1050447,-3,True,
1,1,00001E,1790200472.7486377,39202.632226,277.7446216000026,candidate-measurement,10074C,valid,1050444,-3,True,
1,1,00001E,1790200472.9406295,39202.8242178,277.9366134000011,candidate-measurement,100749,valid,1050441,-3,True,
1,1,00001E,1790200473.1486173,39203.0322051,278.1446006999977,candidate-measurement,100747,valid,1050439,-2,True,
1,1,00001E,1790200473.3406157,39203.2242042,278.33659980000084,candidate-measurement,100745,valid,1050437,-2,True,
1,1,00001E,1790200473.5320482,39203.4156366,278.5280322000035,candidate-measurement,100743,valid,1050435,-2,True,
1,1,00001E,1790200473.7396433,39203.6232311,278.73562669999956,candidate-measurement,100741,valid,1050433,-2,True,
1,1,00001E,1790200473.9476013,39203.8311895,278.94358510000166,candidate-measurement,100741,valid,1050433,0,True,
1,1,00001E,1790200474.1395957,39204.023184,279.1355795999989,candidate-measurement,100741,valid,1050433,0,True,
1,1,00001E,1790200474.3315873,39204.2151759,279.32757149999816,candidate-measurement,10073F,valid,1050431,-2,True,
1,1,00001E,1790200474.522998,39204.4065858,279.5189814000041,candidate-measurement,10073F,valid,1050431,0,True,
1,1,00001E,1790200474.7150075,39204.5985948,279.71099040000263,candidate-measurement,10073F,valid,1050431,0,True,
1,1,00001E,1790200474.9065757,39204.7901639,279.90255949999846,candidate-measurement,10073F,valid,1050431,0,True,
1,1,00001E,1790200475.1145642,39204.9981518,280.11054739999963,candidate-measurement,10073D,valid,1050429,-2,True,
1,1,00001E,1790200475.3065825,39205.1901678,280.3025634000005,candidate-measurement,10073B,valid,1050427,-2,True,
1,1,00001E,1790200475.498553,39205.3821412,280.4945368000044,candidate-measurement,10073B,valid,1050427,0,True,
1,1,00001E,1790200475.705967,39205.5895546,280.7019502000039,candidate-measurement,10073B,valid,1050427,0,True,
1,1,00001E,1790200475.897954,39205.7815423,280.8939379000003,candidate-measurement,10073A,valid,1050426,-1,True,
1,1,00001E,1790200476.0895345,39205.973122,281.0855176000041,candidate-measurement,10073A,valid,1050426,0,True,
1,1,00001E,1790200476.2815256,39206.1651145,281.27751010000065,candidate-measurement,10073A,valid,1050426,0,True,
1,1,00001E,1790200476.4895165,39206.3731041,281.4854997000002,candidate-measurement,10073A,valid,1050426,0,True,
1,1,00001E,1790200476.6815193,39206.5651072,281.67750279999746,candidate-measurement,10073A,valid,1050426,0,True,
1,1,00001E,1790200476.872923,39206.7565111,281.8689067000014,candidate-measurement,10073A,valid,1050426,0,True,
1,1,00001E,1790200477.0809395,39206.964527,282.0769225999975,candidate-measurement,10073A,valid,1050426,0,True,
1,1,00001E,1790200477.2724962,39207.1560849,282.2684805000026,candidate-measurement,100739,valid,1050425,-1,True,
1,1,00001E,1790200477.464486,39207.3480736,282.46046919999935,candidate-measurement,100736,valid,1050422,-3,True,
1,1,00001E,1790200477.6724858,39207.5560739,282.66846950000036,candidate-measurement,10072C,valid,1050412,-10,True,
1,1,00001E,1790200477.8644938,39207.7480816,282.8604772000035,candidate-measurement,100729,valid,1050409,-3,True,
1,1,00001E,1790200478.0558908,39207.939479,283.0518746000016,candidate-measurement,100727,valid,1050407,-2,True,
1,1,00001E,1790200478.2478952,39208.131482,283.2438775999981,candidate-measurement,100727,valid,1050407,0,True,
1,1,00001E,1790200478.4558735,39208.3394618,283.45185740000306,candidate-measurement,100727,valid,1050407,0,True,
1,1,00001E,1790200478.6478865,39208.5314746,283.6438702000014,candidate-measurement,100727,valid,1050407,0,True,
1,1,00001E,1790200478.839446,39208.7230345,283.83543009999994,candidate-measurement,100726,valid,1050406,-1,True,
1,1,00001E,1790200479.047431,39208.9310187,284.04341430000204,candidate-measurement,100723,valid,1050403,-3,True,
1,1,00001E,1790200479.2394447,39209.1230318,284.23542740000266,candidate-measurement,100716,valid,1050390,-13,True,
1,1,00001E,1790200479.4308388,39209.3144268,284.4268224000043,candidate-measurement,100711,valid,1050385,-5,True,
1,1,00001E,1790200479.6384106,39209.5219988,284.63439440000366,candidate-measurement,10070E,valid,1050382,-3,True,
1,1,00001E,1790200479.8304124,39209.7140004,284.826396000004,candidate-measurement,100709,valid,1050377,-5,True,
1,1,00001E,1790200480.0223994,39209.9059892,285.0183848000015,candidate-measurement,100705,valid,1050373,-4,True,
1,1,00001E,1790200480.2143984,39210.0979859,285.21038150000095,candidate-measurement,100701,valid,1050369,-4,True,
1,1,00001E,1790200480.421812,39210.3054003,285.4177959000008,candidate-measurement,1006FE,valid,1050366,-3,True,
1,1,00001E,1790200480.6133814,39210.4969699,285.6093655000004,candidate-measurement,1006FD,valid,1050365,-1,True,
1,1,00001E,1790200480.8053734,39210.6889639,285.8013595000011,candidate-measurement,1006FB,valid,1050363,-2,True,
1,1,00001E,1790200481.0133696,39210.896959,286.0093545999989,candidate-measurement,1006F9,valid,1050361,-2,True,
1,1,00001E,1790200481.2047803,39211.0883695,286.2007651000022,candidate-measurement,1006F7,valid,1050359,-2,True,
1,1,00001E,1790200481.3967783,39211.2803666,286.39276220000465,candidate-measurement,1006F4,valid,1050356,-3,True,
1,1,00001E,1790200481.588781,39211.4723696,286.58476520000113,candidate-measurement,1006F1,valid,1050353,-3,True,
1,1,00001E,1790200481.7963443,39211.6799326,286.7923281999974,candidate-measurement,1006EF,valid,1050351,-2,True,
1,1,00001E,1790200481.9883502,39211.8719388,286.9843344000037,candidate-measurement,1006EC,valid,1050348,-3,True,
1,1,00001E,1790200482.180332,39212.0639205,287.1763160999981,candidate-measurement,1006EA,valid,1050346,-2,True,
1,1,00001E,1790200482.3877532,39212.2713408,287.3837363999992,candidate-measurement,1006E8,valid,1050344,-2,True,
1,1,00001E,1790200482.5793269,39212.4629151,287.5753106999982,candidate-measurement,1006E7,valid,1050343,-1,True,
1,1,00001E,1790200482.7713082,39212.6548972,287.7672928000029,candidate-measurement,1006E7,valid,1050343,0,True,
1,1,00001E,1790200482.979308,39212.8628963,287.97529190000205,candidate-measurement,1006E6,valid,1050342,-1,True,
1,1,00001E,1790200483.1713028,39213.0548915,288.1672871000046,candidate-measurement,1006E6,valid,1050342,0,True,
1,1,00001E,1790200483.362712,39213.2463001,288.3586957000007,candidate-measurement,1006E6,valid,1050342,0,True,
1,1,00001E,1790200483.554703,39213.4382926,288.5506882000045,candidate-measurement,1006E4,valid,1050340,-2,True,
1,1,00001E,1790200483.7622836,39213.6458717,288.7582672999997,candidate-measurement,1006E3,valid,1050339,-1,True,
1,1,00001E,1790200483.954275,39213.837863,288.9502586000017,candidate-measurement,1006E1,valid,1050337,-2,True,
1,1,00001E,1790200484.1456878,39214.0292757,289.14167129999987,candidate-measurement,1006E1,valid,1050337,0,True,
1,1,00001E,1790200484.3536756,39214.2372634,289.3496589999995,candidate-measurement,1006E1,valid,1050337,0,True,
1,1,00001E,1790200484.5456762,39214.4292652,289.5416608000014,candidate-measurement,1006E0,valid,1050336,-1,True,
1,1,00001E,1790200484.737276,39214.6208643,289.7332599000001,candidate-measurement,1006E0,valid,1050336,0,True,
1,1,00001E,1790200484.945261,39214.8288501,289.94124569999985,candidate-measurement,1006E0,valid,1050336,0,True,
1,1,00001E,1790200485.1372378,39215.0208289,290.13322450000123,candidate-measurement,1006E0,valid,1050336,0,True,
1,1,00001E,1790200485.3286486,39215.2122367,290.3246322999985,candidate-measurement,1006E0,valid,1050336,0,True,
1,1,00001E,1790200485.5206416,39215.4042323,290.5166279000041,candidate-measurement,1006E0,valid,1050336,0,True,
1,1,00001E,1790200485.7282343,39215.6118228,290.7242183999988,candidate-measurement,1006DE,valid,1050334,-2,True,
1,1,00001E,1790200485.9202056,39215.8037947,290.91619029999856,candidate-measurement,1006DE,valid,1050334,0,True,
1,1,00001E,1790200486.1122034,39215.9957939,291.1081895000025,candidate-measurement,1006D9,valid,1050329,-5,True,
1,1,00001E,1790200486.3196373,39216.2032258,291.3156214000046,candidate-measurement,1006D2,valid,1050322,-7,True,
1,1,00001E,1790200486.5119352,39216.3955233,291.50791890000255,candidate-measurement,1006CF,valid,1050319,-3,True,
1,1,00001E,1790200486.7031898,39216.5867785,291.699174100002,candidate-measurement,1006CD,valid,1050317,-2,True,
1,1,00001E,1790200486.9111905,39216.7947781,291.90717369999766,candidate-measurement,1006CD,valid,1050317,0,True,
1,1,00001E,1790200487.1025934,39216.9861832,292.09857880000345,candidate-measurement,1006CD,valid,1050317,0,True,
1,1,00001E,1790200487.2945879,39217.1781764,292.29057199999806,candidate-measurement,1006CD,valid,1050317,0,True,
1,1,00001E,1790200487.4865816,39217.3701709,292.4825665000026,candidate-measurement,1006CC,valid,1050316,-1,True,
1,1,00001E,1790200487.694152,39217.5777416,292.6901371999993,candidate-measurement,1006CA,valid,1050314,-2,True,
1,1,00001E,1790200487.8861458,39217.7697366,292.88213220000034,candidate-measurement,1006BB,valid,1050299,-15,True,
1,1,00001E,1790200488.0781422,39217.9617323,293.07412789999944,candidate-measurement,1006B6,valid,1050294,-5,True,
1,1,00001E,1790200488.2855704,39218.169159,293.28155459999834,candidate-measurement,1006B3,valid,1050291,-3,True,
1,1,00001E,1790200488.4775493,39218.3611391,293.47353470000235,candidate-measurement,1006AE,valid,1050286,-5,True,
1,1,00001E,1790200488.669124,39218.5527134,293.6651090000014,candidate-measurement,1006A9,valid,1050281,-5,True,
1,1,00001E,1790200488.8771124,39218.760703,293.87309860000096,candidate-measurement,1006A6,valid,1050278,-3,True,
1,1,00001E,1790200489.0691037,39218.9526921,294.06508770000073,candidate-measurement,1006A5,valid,1050277,-1,True,
1,1,00001E,1790200489.2611072,39219.1446964,294.25709199999983,candidate-measurement,1006A3,valid,1050275,-2,True,
1,1,00001E,1790200489.452514,39219.336104,294.44849960000283,candidate-measurement,1006A2,valid,1050274,-1,True,
1,1,00001E,1790200489.6601472,39219.5437358,294.65613139999914,candidate-measurement,1006A0,valid,1050272,-2,True,
1,1,00001E,1790200489.8520823,39219.7356713,294.84806689999823,candidate-measurement,10069F,valid,1050271,-1,True,
1,1,00001E,1790200490.044074,39219.9276644,295.04005999999936,candidate-measurement,10069C,valid,1050268,-3,True,
1,1,00001E,1790200490.2520792,39220.1356662,295.2480618000045,candidate-measurement,10069B,valid,1050267,-1,True,
1,1,00001E,1790200490.4434955,39220.3270821,295.43947769999795,candidate-measurement,100698,valid,1050264,-3,True,
1,1,00001E,1790200490.6354804,39220.5190695,295.63146509999933,candidate-measurement,100695,valid,1050261,-3,True,
1,1,00001E,1790200490.8434734,39220.7270618,295.8394573999976,candidate-measurement,100693,valid,1050259,-2,True,
1,1,00001E,1790200491.0350425,39220.9186311,296.03102670000226,candidate-measurement,100691,valid,1050257,-2,True,
1,1,00001E,1790200491.2270532,39221.1106404,296.22303600000305,candidate-measurement,10068F,valid,1050255,-2,True,
1,1,00001E,1790200491.4190352,39221.3026232,296.4150187999985,candidate-measurement,10068D,valid,1050253,-2,True,
1,1,00001E,1790200491.627029,39221.5106174,296.623013000004,candidate-measurement,10068D,valid,1050253,0,True,
1,1,00001E,1790200491.8190203,39221.7026092,296.8150048000025,candidate-measurement,10068D,valid,1050253,0,True,
1,1,00001E,1790200492.0104344,39221.8940228,297.00641840000026,candidate-measurement,10068D,valid,1050253,0,True,
1,1,00001E,1790200492.2184412,39222.1020282,297.2144238000037,candidate-measurement,10068B,valid,1050251,-2,True,
1,1,00001E,1790200492.4100034,39222.2935921,297.4059877000036,candidate-measurement,10068B,valid,1050251,0,True,
1,1,00001E,1790200492.601996,39222.4855846,297.59798020000017,candidate-measurement,10068B,valid,1050251,0,True,
1,1,00001E,1790200492.809989,39222.6935784,297.8059740000026,candidate-measurement,10068B,valid,1050251,0,True,
1,1,00001E,1790200493.0013976,39222.8849879,297.99738349999825,candidate-measurement,100689,valid,1050249,-2,True,
1,1,00001E,1790200493.1933978,39223.0769862,298.1893818000026,candidate-measurement,100687,valid,1050247,-2,True,
1,1,00001E,1790200493.3853922,39223.2689807,298.38137629999983,candidate-measurement,100687,valid,1050247,0,True,
1,1,00001E,1790200493.5929642,39223.4765534,298.5889490000045,candidate-measurement,100687,valid,1050247,0,True,
1,1,00001E,1790200493.7849548,39223.6685431,298.78093870000157,candidate-measurement,100686,valid,1050246,-1,True,
1,1,00001E,1790200493.9769485,39223.8605381,298.9729337000026,candidate-measurement,100686,valid,1050246,0,True,
1,1,00001E,1790200494.1843622,39224.0679515,299.1803471000021,candidate-measurement,100686,valid,1050246,0,True,
1,1,00001E,1790200494.3763611,39224.2599495,299.37234510000417,candidate-measurement,100686,valid,1050246,0,True,
1,1,00001E,1790200494.5683568,39224.4519455,299.5643410999983,candidate-measurement,100686,valid,1050246,0,True,
1,1,00001E,1790200494.7759216,39224.659513,299.77190859999973,candidate-measurement,100686,valid,1050246,0,True,
1,1,00001E,1790200494.967922,39224.8515101,299.9639057000022,candidate-measurement,100685,valid,1050245,-1,True,
