payload_index,trial_index,payload_hex,timestamp,monotonic_s,elapsed_candidate_s,phase,rx_bytes_hex,reply_kind,raw_position,delta_counts,valid,note
1,1,00001E,1790172991.7702868,11721.653874,0.20197100000041246,candidate-warmup,00162B,valid,5675,101,True,
1,1,00001E,1790172991.9622836,11721.8458718,0.39396880000094825,candidate-warmup,00162B,valid,5675,0,True,
1,1,00001E,1790172992.1542842,11722.0378722,0.5859692000012728,candidate-warmup,00162B,valid,5675,0,True,
1,1,00001E,1790172992.3456936,11722.2292813,0.7773783000011463,candidate-warmup,00162B,valid,5675,0,True,
1,1,00001E,1790172992.5372813,11722.4208687,0.9689656999998988,candidate-warmup,00162B,valid,5675,0,True,
1,1,00001E,1790172992.7292557,11722.6128438,1.1609408000003896,candidate-warmup,00162B,valid,5675,0,True,
1,1,00001E,1790172992.9212394,11722.8048273,1.3529243000011775,candidate-warmup,00162B,valid,5675,0,True,
1,1,00001E,1790172993.1126673,11722.9962559,1.5443529000003764,candidate-warmup,00162B,valid,5675,0,True,
1,1,00001E,1790172993.304645,11723.1882362,1.7363332000004448,candidate-warmup,00162B,valid,5675,0,True,
1,1,00001E,1790172993.496228,11723.3798177,1.9279147000015655,candidate-warmup,00162B,valid,5675,0,True,
1,1,00001E,1790172993.6882184,11723.5718069,2.1199039000002813,candidate-warmup,00162B,valid,5675,0,True,
1,1,00001E,1790172993.8802154,11723.7638045,2.311901500001113,candidate-warmup,00162D,valid,5677,2,True,
1,1,00001E,1790172994.0716333,11723.9552217,2.5033187000008184,candidate-warmup,00162D,valid,5677,0,True,
1,1,00001E,1790172994.263627,11724.1472175,2.695314500000677,candidate-warmup,00162D,valid,5677,0,True,
1,1,00001E,1790172994.455197,11724.3387873,2.8868843000000197,candidate-warmup,00162E,valid,5678,1,True,
1,1,00001E,1790172994.6631868,11724.5467755,3.0948725000016566,candidate-warmup,001632,valid,5682,4,True,
1,1,00001E,1790172994.85518,11724.7387698,3.2868668000010075,candidate-warmup,001634,valid,5684,2,True,
1,1,00001E,1790172995.046597,11724.9301868,3.478283800001009,candidate-warmup,001635,valid,5685,1,True,
1,1,00001E,1790172995.2541604,11725.137751,3.6858480000009877,candidate-warmup,001635,valid,5685,0,True,
1,1,00001E,1790172995.446165,11725.3297546,3.877851600000213,candidate-warmup,001637,valid,5687,2,True,
1,1,00001E,1790172995.6381626,11725.5217512,4.069848200000706,candidate-warmup,001637,valid,5687,0,True,
1,1,00001E,1790172995.8295736,11725.7131624,4.261259400000199,candidate-warmup,001637,valid,5687,0,True,
1,1,00001E,1790172996.0375855,11725.9211747,4.469271700001627,candidate-warmup,001638,valid,5688,1,True,
1,1,00001E,1790172996.2291334,11726.1127246,4.660821600000418,candidate-warmup,001638,valid,5688,0,True,
1,1,00001E,1790172996.4211183,11726.3047101,4.852807100000064,candidate-warmup,001639,valid,5689,1,True,
1,1,00001E,1790172996.628544,11726.5121325,5.060229500000787,candidate-warmup,001639,valid,5689,0,True,
1,1,00001E,1790172996.8205795,11726.7041665,5.252263500000481,candidate-warmup,001639,valid,5689,0,True,
1,1,00001E,1790172997.0125391,11726.8961263,5.4442233000008855,candidate-warmup,00163A,valid,5690,1,True,
1,1,00001E,1790172997.2201147,11727.1037025,5.651799500001289,candidate-warmup,00163C,valid,5692,2,True,
1,1,00001E,1790172997.4121845,11727.2957731,5.843870100001368,candidate-warmup,00163D,valid,5693,1,True,
1,1,00001E,1790172997.6040967,11727.4876851,6.035782100001597,candidate-warmup,00163F,valid,5695,2,True,
1,1,00001E,1790172997.796087,11727.6796752,6.22777219999989,candidate-warmup,00163F,valid,5695,0,True,
1,1,00001E,1790172998.0035043,11727.887094,6.435191000000486,candidate-warmup,001644,valid,5700,5,True,
1,1,00001E,1790172998.1950746,11728.0786644,6.62676140000076,candidate-warmup,00164A,valid,5706,6,True,
1,1,00001E,1790172998.3870692,11728.2706588,6.818755800000872,candidate-warmup,00164B,valid,5707,1,True,
1,1,00001E,1790172998.5950563,11728.4786473,7.026744300001155,candidate-measurement,00164B,valid,5707,0,True,
1,1,00001E,1790172998.7864773,11728.670066,7.218163000001368,candidate-measurement,00164C,valid,5708,1,True,
1,1,00001E,1790172998.9784684,11728.8620582,7.4101552000011,candidate-measurement,00164F,valid,5711,3,True,
1,1,00001E,1790172999.1860642,11729.0696523,7.617749300001378,candidate-measurement,001650,valid,5712,1,True,
1,1,00001E,1790172999.3780313,11729.2616219,7.809718900000007,candidate-measurement,001651,valid,5713,1,True,
1,1,00001E,1790172999.5700226,11729.4536138,8.001710800001092,candidate-measurement,001656,valid,5718,5,True,
1,1,00001E,1790172999.7614467,11729.6450346,8.193131600000925,candidate-measurement,001661,valid,5729,11,True,
1,1,00001E,1790172999.9694407,11729.8530296,8.40112660000159,candidate-measurement,001664,valid,5732,3,True,
1,1,00001E,1790173000.1610081,11730.0445988,8.592695800000001,candidate-measurement,001667,valid,5735,3,True,
1,1,00001E,1790173000.3530042,11730.2365955,8.784692500001256,candidate-measurement,001667,valid,5735,0,True,
1,1,00001E,1790173000.560993,11730.4445838,8.992680800000016,candidate-measurement,001668,valid,5736,1,True,
1,1,00001E,1790173000.7529936,11730.6365823,9.184679300000425,candidate-measurement,001668,valid,5736,0,True,
1,1,00001E,1790173000.9444075,11730.8279976,9.376094600000215,candidate-measurement,001668,valid,5736,0,True,
1,1,00001E,1790173001.136402,11731.0199904,9.568087400000877,candidate-measurement,001668,valid,5736,0,True,
1,1,00001E,1790173001.3440073,11731.2275961,9.775693100000353,candidate-measurement,00166A,valid,5738,2,True,
1,1,00001E,1790173001.5359821,11731.4195706,9.967667599999913,candidate-measurement,001670,valid,5744,6,True,
1,1,00001E,1790173001.7279632,11731.6115516,10.159648600001674,candidate-measurement,001677,valid,5751,7,True,
1,1,00001E,1790173001.935953,11731.8195428,10.367639800000688,candidate-measurement,001678,valid,5752,1,True,
1,1,00001E,1790173002.1279428,11732.0115326,10.559629600000335,candidate-measurement,001678,valid,5752,0,True,
1,1,00001E,1790173002.3193588,11732.2029499,10.751046900000802,candidate-measurement,001678,valid,5752,0,True,
1,1,00001E,1790173002.5269387,11732.4105267,10.958623700000317,candidate-measurement,00167A,valid,5754,2,True,
1,1,00001E,1790173002.7189307,11732.6025193,11.150616300001275,candidate-measurement,00167B,valid,5755,1,True,
1,1,00001E,1790173002.9109166,11732.7945075,11.342604500001471,candidate-measurement,00167D,valid,5757,2,True,
1,1,00001E,1790173003.1183417,11733.0019295,11.550026500000968,candidate-measurement,001687,valid,5767,10,True,
1,1,00001E,1790173003.310331,11733.1939206,11.742017600001418,candidate-measurement,001690,valid,5776,9,True,
1,1,00001E,1790173003.5019035,11733.3854947,11.933591700000761,candidate-measurement,001693,valid,5779,3,True,
1,1,00001E,1790173003.6939008,11733.5774898,12.125586800000747,candidate-measurement,001693,valid,5779,0,True,
1,1,00001E,1790173003.9018865,11733.7854772,12.33357419999993,candidate-measurement,001693,valid,5779,0,True,
1,1,00001E,1790173004.093304,11733.9768917,12.524988700000904,candidate-measurement,001694,valid,5780,1,True,
1,1,00001E,1790173004.2852993,11734.1688893,12.716986299999917,candidate-measurement,001696,valid,5782,2,True,
1,1,00001E,1790173004.493291,11734.3768823,12.924979299999904,candidate-measurement,001698,valid,5784,2,True,
1,1,00001E,1790173004.684864,11734.5684532,13.116550200000347,candidate-measurement,00169A,valid,5786,2,True,
1,1,00001E,1790173004.8768606,11734.7604506,13.308547600001475,candidate-measurement,0016A3,valid,5795,9,True,
1,1,00001E,1790173005.0688484,11734.9524377,13.500534700000571,candidate-measurement,0016A4,valid,5796,1,True,
1,1,00001E,1790173005.2768464,11735.1604363,13.708533300001363,candidate-measurement,0016A4,valid,5796,0,True,
1,1,00001E,1790173005.468261,11735.3518509,13.89994790000128,candidate-measurement,0016A5,valid,5797,1,True,
1,1,00001E,1790173005.6602573,11735.543846,14.091943000001265,candidate-measurement,0016A7,valid,5799,2,True,
1,1,00001E,1790173005.8678443,11735.7514334,14.299530400001458,candidate-measurement,0016A9,valid,5801,2,True,
1,1,00001E,1790173006.0598438,11735.9434307,14.491527700000006,candidate-measurement,0016AA,valid,5802,1,True,
1,1,00001E,1790173006.2512276,11736.1348189,14.682915900000808,candidate-measurement,0016AB,valid,5803,1,True,
1,1,00001E,1790173006.4592273,11736.3428187,14.890915700001642,candidate-measurement,0016AF,valid,5807,4,True,
1,2,00001E,1790173009.399719,11739.2833072,0.20197360000020126,candidate-warmup,001724,valid,5924,108,True,
1,2,00001E,1790173009.5917041,11739.4752953,0.39396170000145503,candidate-warmup,001724,valid,5924,0,True,
1,2,00001E,1790173009.7836988,11739.6672878,0.5859542000016518,candidate-warmup,001724,valid,5924,0,True,
1,2,00001E,1790173009.975122,11739.8587112,0.7773776000012731,candidate-warmup,001724,valid,5924,0,True,
1,2,00001E,1790173010.167103,11740.0506933,0.9693597000004956,candidate-warmup,001724,valid,5924,0,True,
1,2,00001E,1790173010.358678,11740.242269,1.160935400001108,candidate-warmup,001724,valid,5924,0,True,
1,2,00001E,1790173010.550672,11740.434263,1.3529293999999936,candidate-warmup,001724,valid,5924,0,True,
1,2,00001E,1790173010.742671,11740.6262605,1.544926900000064,candidate-warmup,001724,valid,5924,0,True,
1,2,00001E,1790173010.9346714,11740.8182596,1.7369260000014037,candidate-warmup,001725,valid,5925,1,True,
1,2,00001E,1790173011.1420753,11741.0256634,1.9443298000005598,candidate-warmup,001726,valid,5926,1,True,
1,2,00001E,1790173011.3340662,11741.2176575,2.1363239000002068,candidate-warmup,001726,valid,5926,0,True,
1,2,00001E,1790173011.5256472,11741.4092375,2.3279039000008197,candidate-warmup,001726,valid,5926,0,True,
1,2,00001E,1790173011.733633,11741.617221,2.5358874000012293,candidate-warmup,001728,valid,5928,2,True,
1,2,00001E,1790173011.925049,11741.8086405,2.727306900000258,candidate-warmup,001728,valid,5928,0,True,
1,2,00001E,1790173012.1170468,11742.0006369,2.9193033000010473,candidate-warmup,001728,valid,5928,0,True,
1,2,00001E,1790173012.3246107,11742.2082005,3.1268669000000955,candidate-warmup,001728,valid,5928,0,True,
1,2,00001E,1790173012.5166163,11742.4002043,3.3188707000008435,candidate-warmup,00172B,valid,5931,3,True,
1,2,00001E,1790173012.7080278,11742.591616,3.5102824000005057,candidate-warmup,00172B,valid,5931,0,True,
1,2,00001E,1790173012.9000223,11742.7836101,3.7022765000001527,candidate-warmup,00172B,valid,5931,0,True,
1,2,00001E,1790173013.107646,11742.9912336,3.9099000000005617,candidate-warmup,00172B,valid,5931,0,True,
1,2,00001E,1790173013.2995865,11743.1831747,4.101841100000456,candidate-warmup,00172B,valid,5931,0,True,
1,2,00001E,1790173013.491581,11743.37517,4.293836400000146,candidate-warmup,00172D,valid,5933,2,True,
1,2,00001E,1790173013.6995652,11743.5831533,4.501819700000851,candidate-warmup,00172D,valid,5933,0,True,
1,2,00001E,1790173013.8915675,11743.7751585,4.693824900001346,candidate-warmup,00172D,valid,5933,0,True,
1,2,00001E,1790173014.0829785,11743.9665699,4.8852363000005425,candidate-warmup,00172D,valid,5933,0,True,
1,2,00001E,1790173014.2911685,11744.1747559,5.093422300000384,candidate-warmup,00172F,valid,5935,2,True,
1,2,00001E,1790173014.482551,11744.3661394,5.284805799999958,candidate-warmup,001732,valid,5938,3,True,
1,2,00001E,1790173014.6745446,11744.5581332,5.476799600000959,candidate-warmup,001738,valid,5944,6,True,
1,2,00001E,1790173014.8665318,11744.7501228,5.6687892000009015,candidate-warmup,001740,valid,5952,8,True,
1,2,00001E,1790173015.0739625,11744.957552,5.876218400000653,candidate-warmup,001744,valid,5956,4,True,
1,2,00001E,1790173015.2659445,11745.149535,6.068201400001271,candidate-warmup,001745,valid,5957,1,True,
1,2,00001E,1790173015.4575143,11745.3411054,6.259771800001545,candidate-warmup,001745,valid,5957,0,True,
1,2,00001E,1790173015.665511,11745.5491004,6.4677668000003905,candidate-warmup,001746,valid,5958,1,True,
1,2,00001E,1790173015.856916,11745.740507,6.659173400001237,candidate-warmup,001746,valid,5958,0,True,
1,2,00001E,1790173016.0484989,11745.9320884,6.850754800001596,candidate-warmup,001746,valid,5958,0,True,
1,2,00001E,1790173016.2564924,11746.1400804,7.058746800001245,candidate-measurement,001746,valid,5958,0,True,
1,2,00001E,1790173016.4484897,11746.3320792,7.2507456000003,candidate-measurement,001746,valid,5958,0,True,
1,2,00001E,1790173016.6399033,11746.5234921,7.442158500000005,candidate-measurement,001748,valid,5960,2,True,
1,2,00001E,1790173016.8318913,11746.7154794,7.634145800000624,candidate-measurement,001749,valid,5961,1,True,
1,2,00001E,1790173017.039465,11746.923054,7.841720400001577,candidate-measurement,00174B,valid,5963,2,True,
1,2,00001E,1790173017.2314513,11747.1150419,8.033708300001308,candidate-measurement,00174B,valid,5963,0,True,
1,2,00001E,1790173017.4234507,11747.3070406,8.225707000001421,candidate-measurement,00174D,valid,5965,2,True,
1,2,00001E,1790173017.6314442,11747.5150329,8.433699300001535,candidate-measurement,00174D,valid,5965,0,True,
1,2,00001E,1790173017.8228567,11747.7064464,8.625112800000352,candidate-measurement,00174E,valid,5966,1,True,
1,2,00001E,1790173018.014434,11747.8980243,8.816690700001345,candidate-measurement,001755,valid,5973,7,True,
1,2,00001E,1790173018.2224257,11748.1060161,9.02468250000129,candidate-measurement,001759,valid,5977,4,True,
1,2,00001E,1790173018.4144313,11748.2980185,9.216684900000473,candidate-measurement,001759,valid,5977,0,True,
1,2,00001E,1790173018.6058471,11748.4894369,9.40810330000022,candidate-measurement,00175B,valid,5979,2,True,
1,2,00001E,1790173018.7978363,11748.6814257,9.600092100001348,candidate-measurement,00175D,valid,5981,2,True,
1,2,00001E,1790173019.0053997,11748.8889909,9.807657300001665,candidate-measurement,00175E,valid,5982,1,True,
1,2,00001E,1790173019.1973913,11749.0809826,9.999649000001227,candidate-measurement,00175F,valid,5983,1,True,
1,2,00001E,1790173019.3893902,11749.2729796,10.191646000001128,candidate-measurement,001765,valid,5989,6,True,
1,2,00001E,1790173019.5973837,11749.4809742,10.399640600000566,candidate-measurement,00176F,valid,5999,10,True,
1,2,00001E,1790173019.788798,11749.6723871,10.591053500000271,candidate-measurement,001771,valid,6001,2,True,
1,2,00001E,1790173019.980808,11749.8643963,10.7830627000003,candidate-measurement,001774,valid,6004,3,True,
1,2,00001E,1790173020.1883628,11750.0719506,10.990617000001293,candidate-measurement,001774,valid,6004,0,True,
1,2,00001E,1790173020.38036,11750.263948,11.182614400000602,candidate-measurement,001774,valid,6004,0,True,
1,2,00001E,1790173020.5717714,11750.4553603,11.374026700001195,candidate-measurement,001774,valid,6004,0,True,
1,2,00001E,1790173020.7637737,11750.6473617,11.56602810000004,candidate-measurement,001776,valid,6006,2,True,
1,2,00001E,1790173020.97136,11750.8549481,11.773614499999894,candidate-measurement,001776,valid,6006,0,True,
1,2,00001E,1790173021.1633344,11751.0469225,11.965588900000512,candidate-measurement,001776,valid,6006,0,True,
1,2,00001E,1790173021.355329,11751.2389169,12.157583300000624,candidate-measurement,001778,valid,6008,2,True,
1,2,00001E,1790173021.5627403,11751.4463292,12.364995600000839,candidate-measurement,00177B,valid,6011,3,True,
1,2,00001E,1790173021.7547379,11751.6383258,12.556992200001332,candidate-measurement,001784,valid,6020,9,True,
1,2,00001E,1790173021.9467256,11751.8303147,12.748981100001402,candidate-measurement,001787,valid,6023,3,True,
1,2,00001E,1790173022.1543021,11752.0378911,12.956557500001509,candidate-measurement,001787,valid,6023,0,True,
1,2,00001E,1790173022.3462942,11752.2298838,13.14855020000141,candidate-measurement,001787,valid,6023,0,True,
1,2,00001E,1790173022.5382893,11752.4218783,13.340544700000464,candidate-measurement,001787,valid,6023,0,True,
1,2,00001E,1790173022.745705,11752.6292932,13.547959600000468,candidate-measurement,001789,valid,6025,2,True,
1,2,00001E,1790173022.9376972,11752.8212877,13.739954100001341,candidate-measurement,00178A,valid,6026,1,True,
1,2,00001E,1790173023.1296883,11753.0132793,13.931945700000142,candidate-measurement,001792,valid,6034,8,True,
1,2,00001E,1790173023.321262,11753.2048511,14.123517500000162,candidate-measurement,0017A0,valid,6048,14,True,
1,2,00001E,1790173023.529255,11753.4128443,14.331510700001672,candidate-measurement,0017A2,valid,6050,2,True,
1,2,00001E,1790173023.7212534,11753.6048422,14.52350860000115,candidate-measurement,0017A2,valid,6050,0,True,
1,2,00001E,1790173023.912667,11753.7962558,14.714922200000728,candidate-measurement,0017A4,valid,6052,2,True,
1,2,00001E,1790173024.1202455,11754.0038364,14.922502800000075,candidate-measurement,0017A5,valid,6053,1,True,
1,3,00001E,1790173027.0295665,11756.9131549,0.20239269999910903,candidate-warmup,001817,valid,6167,113,True,
1,3,00001E,1790173027.2211416,11757.1047294,0.393967199999679,candidate-warmup,001817,valid,6167,0,True,
1,3,00001E,1790173027.4291284,11757.3127166,0.6019543999991583,candidate-warmup,001817,valid,6167,0,True,
1,3,00001E,1790173027.621135,11757.5047244,0.7939621999994415,candidate-warmup,001817,valid,6167,0,True,
1,3,00001E,1790173027.8125436,11757.696132,0.9853697999988071,candidate-warmup,001817,valid,6167,0,True,
1,3,00001E,1790173028.0205255,11757.9041167,1.1933544999992591,candidate-warmup,001817,valid,6167,0,True,
1,3,00001E,1790173028.228101,11758.1116891,1.4009268999998312,candidate-warmup,001817,valid,6167,0,True,
1,3,00001E,1790173028.4201074,11758.3036978,1.5929355999996915,candidate-warmup,001817,valid,6167,0,True,
1,3,00001E,1790173028.6121013,11758.4956895,1.7849272999992536,candidate-warmup,001817,valid,6167,0,True,
1,3,00001E,1790173028.8040853,11758.6876745,1.9769123000005493,candidate-warmup,001817,valid,6167,0,True,
1,3,00001E,1790173028.9955063,11758.8790944,2.1683321999989857,candidate-warmup,001817,valid,6167,0,True,
1,3,00001E,1790173029.187493,11759.0710844,2.360322200000155,candidate-warmup,001817,valid,6167,0,True,
1,3,00001E,1790173029.3950706,11759.2786593,2.5678970999997546,candidate-warmup,001817,valid,6167,0,True,
1,3,00001E,1790173029.5870547,11759.4706448,2.7598825999994006,candidate-warmup,001817,valid,6167,0,True,
1,3,00001E,1790173029.7790515,11759.6626407,2.9518785000000207,candidate-warmup,00181B,valid,6171,4,True,
1,3,00001E,1790173029.9864616,11759.8700532,3.1592909999999392,candidate-warmup,001823,valid,6179,8,True,
1,3,00001E,1790173030.1784666,11760.0620544,3.3512921999990795,candidate-warmup,001824,valid,6180,1,True,
1,3,00001E,1790173030.370047,11760.2536352,3.542873000000327,candidate-warmup,001825,valid,6181,1,True,
1,3,00001E,1790173030.5620253,11760.445614,3.7348517999998876,candidate-warmup,001828,valid,6184,3,True,
1,3,00001E,1790173030.7700434,11760.6536315,3.9428692999990744,candidate-warmup,001828,valid,6184,0,True,
1,3,00001E,1790173030.961435,11760.8450252,4.134262999999919,candidate-warmup,001829,valid,6185,1,True,
1,3,00001E,1790173031.1534367,11761.0370248,4.326262599999609,candidate-warmup,001829,valid,6185,0,True,
1,3,00001E,1790173031.3610613,11761.2446515,4.533889299998918,candidate-warmup,001829,valid,6185,0,True,
1,3,00001E,1790173031.55304,11761.4366275,4.725865299998986,candidate-warmup,00182A,valid,6186,1,True,
1,3,00001E,1790173031.7450147,11761.6286031,4.917840899999646,candidate-warmup,00182B,valid,6187,1,True,
1,3,00001E,1790173031.9369805,11761.8205688,5.1098065999995015,candidate-warmup,00182B,valid,6187,0,True,
1,3,00001E,1790173032.1443865,11762.0279782,5.317215999999462,candidate-warmup,00182E,valid,6190,3,True,
1,3,00001E,1790173032.3359656,11762.2195563,5.508794100000159,candidate-warmup,001834,valid,6196,6,True,
1,3,00001E,1790173032.5279737,11762.4115616,5.700799399999596,candidate-warmup,001839,valid,6201,5,True,
1,3,00001E,1790173032.7359753,11762.6195633,5.908801100000346,candidate-warmup,00183B,valid,6203,2,True,
1,3,00001E,1790173032.9279435,11762.8115331,6.100770900000498,candidate-warmup,00183B,valid,6203,0,True,
1,3,00001E,1790173033.119371,11763.0029587,6.2921965000005,candidate-warmup,00183B,valid,6203,0,True,
1,3,00001E,1790173033.3269737,11763.2105649,6.499802700000146,candidate-warmup,00183C,valid,6204,1,True,
1,3,00001E,1790173033.5189323,11763.4025228,6.6917605999988155,candidate-warmup,00183D,valid,6205,1,True,
1,3,00001E,1790173033.7109332,11763.5945218,6.883759599999394,candidate-warmup,00183F,valid,6207,2,True,
1,3,00001E,1790173033.9183571,11763.8019482,7.091185999999652,candidate-measurement,00184A,valid,6218,11,True,
1,3,00001E,1790173034.1103294,11763.9939208,7.283158599999297,candidate-measurement,001852,valid,6226,8,True,
1,3,00001E,1790173034.30191,11764.1854992,7.474737000000459,candidate-measurement,001854,valid,6228,2,True,
1,3,00001E,1790173034.4939067,11764.3774958,7.666733599999134,candidate-measurement,001855,valid,6229,1,True,
1,3,00001E,1790173034.701948,11764.5855363,7.874774099998831,candidate-measurement,001855,valid,6229,0,True,
1,3,00001E,1790173034.8933082,11764.7768979,8.066135699998995,candidate-measurement,001855,valid,6229,0,True,
1,3,00001E,1790173035.0852978,11764.968888,8.258125799999107,candidate-measurement,001855,valid,6229,0,True,
1,3,00001E,1790173035.2928786,11765.1764683,8.465706099999807,candidate-measurement,001856,valid,6230,1,True,
1,3,00001E,1790173035.4848685,11765.3684586,8.657696399999622,candidate-measurement,001857,valid,6231,1,True,
1,3,00001E,1790173035.6768622,11765.5604509,8.849688700000115,candidate-measurement,001859,valid,6233,2,True,
1,3,00001E,1790173035.884276,11765.7678668,9.057104600000457,candidate-measurement,00185B,valid,6235,2,True,
1,3,00001E,1790173036.0762708,11765.9598623,9.24910009999985,candidate-measurement,00185B,valid,6235,0,True,
1,3,00001E,1790173036.2682688,11766.151858,9.441095799998948,candidate-measurement,00185B,valid,6235,0,True,
1,3,00001E,1790173036.4598446,11766.3434327,9.632670499999222,candidate-measurement,001860,valid,6240,5,True,
1,3,00001E,1790173036.6678417,11766.551429,9.840666799998871,candidate-measurement,001866,valid,6246,6,True,
1,3,00001E,1790173036.8598254,11766.7434165,10.032654299999194,candidate-measurement,001866,valid,6246,0,True,
1,3,00001E,1790173037.0512369,11766.9348273,10.22406509999928,candidate-measurement,001868,valid,6248,2,True,
1,3,00001E,1790173037.2592297,11767.1428197,10.432057500000155,candidate-measurement,00186C,valid,6252,4,True,
1,3,00001E,1790173037.4507968,11767.334388,10.62362579999899,candidate-measurement,00186C,valid,6252,0,True,
1,3,00001E,1790173037.6428108,11767.5263998,10.815637599998809,candidate-measurement,001870,valid,6256,4,True,
1,3,00001E,1790173037.8507934,11767.7343823,11.02362009999888,candidate-measurement,001882,valid,6274,18,True,
1,3,00001E,1790173038.058218,11767.9418095,11.231047299999773,candidate-measurement,001883,valid,6275,1,True,
1,3,00001E,1790173038.250197,11768.1337883,11.423026099999333,candidate-measurement,001884,valid,6276,1,True,
1,3,00001E,1790173038.4417694,11768.3253607,11.614598500000284,candidate-measurement,001886,valid,6278,2,True,
1,3,00001E,1790173038.6337678,11768.517357,11.806594800000312,candidate-measurement,00188E,valid,6286,8,True,
1,3,00001E,1790173038.8257666,11768.7093552,11.998593000000255,candidate-measurement,001893,valid,6291,5,True,
1,3,00001E,1790173039.0171726,11768.9007635,12.190001299999494,candidate-measurement,001894,valid,6292,1,True,
1,3,00001E,1790173039.2251642,11769.1087555,12.397993299999143,candidate-measurement,001894,valid,6292,0,True,
1,3,00001E,1790173039.416747,11769.300338,12.589575799998784,candidate-measurement,001895,valid,6293,1,True,
1,3,00001E,1790173039.6087372,11769.4923258,12.781563599999572,candidate-measurement,001897,valid,6295,2,True,
1,3,00001E,1790173039.8167303,11769.7003197,12.989557499999137,candidate-measurement,001899,valid,6297,2,True,
1,3,00001E,1790173040.0081363,11769.8917276,13.180965399998968,candidate-measurement,00189A,valid,6298,1,True,
1,3,00001E,1790173040.200133,11770.0837247,13.37296249999963,candidate-measurement,00189B,valid,6299,1,True,
1,3,00001E,1790173040.3921335,11770.2757222,13.5649599999997,candidate-measurement,0018A1,valid,6305,6,True,
1,3,00001E,1790173040.599704,11770.4832938,13.772531599999638,candidate-measurement,0018A8,valid,6312,7,True,
1,3,00001E,1790173040.7916996,11770.675288,13.964525800000047,candidate-measurement,0018AB,valid,6315,3,True,
1,3,00001E,1790173040.983111,11770.8667022,14.155940000000555,candidate-measurement,0018AD,valid,6317,2,True,
1,3,00001E,1790173041.1911101,11771.0746987,14.363936499999909,candidate-measurement,0018AD,valid,6317,0,True,
1,3,00001E,1790173041.382674,11771.2662631,14.55550089999997,candidate-measurement,0018AE,valid,6318,1,True,
1,3,00001E,1790173041.5746737,11771.4582621,14.747499900000548,candidate-measurement,0018AE,valid,6318,0,True,
1,3,00001E,1790173041.7820876,11771.6656756,14.954913399998986,candidate-measurement,0018AE,valid,6318,0,True,
2,1,00001F,1790173044.6435773,11774.5271646,0.20255510000060895,candidate-warmup,00190F,valid,6415,97,True,
2,1,00001F,1790173044.834987,11774.7185775,0.3939680000003136,candidate-warmup,00190F,valid,6415,0,True,
2,1,00001F,1790173045.026991,11774.9105817,0.5859722000004695,candidate-warmup,00190F,valid,6415,0,True,
2,1,00001F,1790173045.218555,11775.1021451,0.7775356000001921,candidate-warmup,00190F,valid,6415,0,True,
2,1,00001F,1790173045.4105492,11775.2941386,0.9695291000007273,candidate-warmup,00190F,valid,6415,0,True,
2,1,00001F,1790173045.6025424,11775.4861327,1.1615232000003743,candidate-warmup,00190F,valid,6415,0,True,
2,1,00001F,1790173045.793953,11775.6775412,1.352931700001136,candidate-warmup,00190F,valid,6415,0,True,
2,1,00001F,1790173045.985947,11775.8695379,1.5449284000005719,candidate-warmup,00190F,valid,6415,0,True,
2,1,00001F,1790173046.1779418,11776.0615324,1.7369228999996267,candidate-warmup,00190F,valid,6415,0,True,
2,1,00001F,1790173046.3695173,11776.2531075,1.9284980000011274,candidate-warmup,00190F,valid,6415,0,True,
2,1,00001F,1790173046.5615132,11776.4451005,2.1204909999996744,candidate-warmup,00190F,valid,6415,0,True,
2,1,00001F,1790173046.7529309,11776.6365194,2.3119099000014103,candidate-warmup,00190F,valid,6415,0,True,
2,1,00001F,1790173046.9449227,11776.8285125,2.5039030000007187,candidate-warmup,00190F,valid,6415,0,True,
2,1,00001F,1790173047.1369164,11777.0205053,2.695895800001381,candidate-warmup,00190F,valid,6415,0,True,
2,1,00001F,1790173047.3284895,11777.2120774,2.887467900000047,candidate-warmup,00190F,valid,6415,0,True,
2,1,00001F,1790173047.5204768,11777.4040684,3.079458899999736,candidate-warmup,00190F,valid,6415,0,True,
2,1,00001F,1790173047.7278972,11777.6114852,3.286875699999655,candidate-warmup,00190F,valid,6415,0,True,
2,1,00001F,1790173047.9198818,11777.8034712,3.478861700001289,candidate-warmup,00190F,valid,6415,0,True,
2,1,00001F,1790173048.1114585,11777.9950488,3.670439299999998,candidate-warmup,001913,valid,6419,4,True,
2,1,00001F,1790173048.3194885,11778.2030779,3.8784684000002017,candidate-warmup,00191A,valid,6426,7,True,
2,1,00001F,1790173048.5268657,11778.4104544,4.085844900000666,candidate-warmup,00191A,valid,6426,0,True,
2,1,00001F,1790173048.718864,11778.6024512,4.277841700000863,candidate-warmup,00191C,valid,6428,2,True,
2,1,00001F,1790173048.9108539,11778.7944438,4.469834300000002,candidate-warmup,00191D,valid,6429,1,True,
2,1,00001F,1790173049.1024697,11778.9860563,4.661446800000704,candidate-warmup,001920,valid,6432,3,True,
2,1,00001F,1790173049.2944286,11779.1780169,4.853407399999924,candidate-warmup,001920,valid,6432,0,True,
2,1,00001F,1790173049.4864132,11779.370004,5.045394500000839,candidate-warmup,001920,valid,6432,0,True,
2,1,00001F,1790173049.6938276,11779.5774149,5.252805400001307,candidate-warmup,001921,valid,6433,1,True,
2,1,00001F,1790173049.8858166,11779.7694077,5.44479820000015,candidate-warmup,001927,valid,6439,6,True,
2,1,00001F,1790173050.0774045,11779.9609919,5.636382400000002,candidate-warmup,001932,valid,6450,11,True,
2,1,00001F,1790173050.2857568,11780.1693438,5.8447343000007095,candidate-warmup,001936,valid,6454,4,True,
2,1,00001F,1790173050.492803,11780.3763902,6.051780699999654,candidate-warmup,001936,valid,6454,0,True,
2,1,00001F,1790173050.684803,11780.5683911,6.243781600000148,candidate-warmup,001937,valid,6455,1,True,
2,1,00001F,1790173050.8763747,11780.759964,6.435354500001267,candidate-warmup,001938,valid,6456,1,True,
2,1,00001F,1790173051.0683677,11780.9519557,6.627346200000829,candidate-warmup,001938,valid,6456,0,True,
2,1,00001F,1790173051.260355,11781.1439465,6.819337000000814,candidate-warmup,001939,valid,6457,1,True,
2,1,00001F,1790173051.4523776,11781.3359666,7.011357100000168,candidate-measurement,00193E,valid,6462,5,True,
2,1,00001F,1790173051.659793,11781.5433799,7.218770400000722,candidate-measurement,001946,valid,6470,8,True,
2,1,00001F,1790173051.8517628,11781.7353514,7.410741900001085,candidate-measurement,001947,valid,6471,1,True,
2,1,00001F,1790173052.0433385,11781.9269275,7.602318000001105,candidate-measurement,001949,valid,6473,2,True,
2,1,00001F,1790173052.251327,11782.1349164,7.810306900000796,candidate-measurement,00194A,valid,6474,1,True,
2,1,00001F,1790173052.4433217,11782.3269119,8.00230240000019,candidate-measurement,00194A,valid,6474,0,True,
2,1,00001F,1790173052.6347322,11782.5183217,8.193712199999936,candidate-measurement,00194B,valid,6475,1,True,
2,1,00001F,1790173052.8267312,11782.7103211,8.385711599999922,candidate-measurement,00194F,valid,6479,4,True,
2,1,00001F,1790173053.0343075,11782.9178957,8.593286200000875,candidate-measurement,001952,valid,6482,3,True,
2,1,00001F,1790173053.2262924,11783.1098832,8.785273700001198,candidate-measurement,00195C,valid,6492,10,True,
2,1,00001F,1790173053.4182901,11783.3018809,8.977271400000973,candidate-measurement,001960,valid,6496,4,True,
2,1,00001F,1790173053.6256995,11783.5092897,9.184680200000003,candidate-measurement,001961,valid,6497,1,True,
2,1,00001F,1790173053.81771,11783.7012975,9.376688000000286,candidate-measurement,001963,valid,6499,2,True,
2,1,00001F,1790173054.0092666,11783.8928577,9.568248200001108,candidate-measurement,001963,valid,6499,0,True,
2,1,00001F,1790173054.217264,11784.1008553,9.776245799999742,candidate-measurement,001963,valid,6499,0,True,
2,1,00001F,1790173054.4246802,11784.3082711,9.983661600001142,candidate-measurement,001963,valid,6499,0,True,
2,1,00001F,1790173054.6166801,11784.5002685,10.17565900000045,candidate-measurement,001964,valid,6500,1,True,
2,1,00001F,1790173054.8082523,11784.6918407,10.367231199999878,candidate-measurement,001967,valid,6503,3,True,
2,1,00001F,1790173055.0002356,11784.8838253,10.559215799999947,candidate-measurement,00196A,valid,6506,3,True,
2,1,00001F,1790173055.1922286,11785.0758192,10.75120969999989,candidate-measurement,001972,valid,6514,8,True,
2,1,00001F,1790173055.3836436,11785.2672344,10.942624900000737,candidate-measurement,001974,valid,6516,2,True,
2,1,00001F,1790173055.5917451,11785.4753328,11.150723300001118,candidate-measurement,001976,valid,6518,2,True,
2,1,00001F,1790173055.7832134,11785.6668012,11.342191699999603,candidate-measurement,001978,valid,6520,2,True,
2,1,00001F,1790173055.9752104,11785.8587998,11.534190300000773,candidate-measurement,00197A,valid,6522,2,True,
2,1,00001F,1790173056.1832013,11786.0667908,11.742181300000084,candidate-measurement,00197D,valid,6525,3,True,
2,1,00001F,1790173056.3906102,11786.2741982,11.949588700001186,candidate-measurement,001988,valid,6536,11,True,
2,1,00001F,1790173056.5826068,11786.466197,12.141587500000242,candidate-measurement,00198E,valid,6542,6,True,
2,1,00001F,1790173056.7741768,11786.6577654,12.333155899999838,candidate-measurement,001990,valid,6544,2,True,
2,1,00001F,1790173056.966178,11786.8497684,12.525158899999951,candidate-measurement,001992,valid,6546,2,True,
2,1,00001F,1790173057.1575866,11787.041176,12.716566500001136,candidate-measurement,001992,valid,6546,0,True,
2,1,00001F,1790173057.3495853,11787.2331755,12.908566000000064,candidate-measurement,001993,valid,6547,1,True,
2,1,00001F,1790173057.557159,11787.4407469,13.116137400000298,candidate-measurement,001995,valid,6549,2,True,
2,1,00001F,1790173057.749151,11787.6327396,13.308130100000199,candidate-measurement,00199A,valid,6554,5,True,
2,1,00001F,1790173057.9411387,11787.8247288,13.500119300000733,candidate-measurement,00199F,valid,6559,5,True,
2,1,00001F,1790173058.1491327,11788.0327235,13.708114000000933,candidate-measurement,0019A1,valid,6561,2,True,
2,1,00001F,1790173058.340545,11788.2241362,13.899526700000933,candidate-measurement,0019A3,valid,6563,2,True,
2,1,00001F,1790173058.5325463,11788.4161379,14.091528400000243,candidate-measurement,0019A3,valid,6563,0,True,
2,1,00001F,1790173058.7241213,11788.6077104,14.283100900000136,candidate-measurement,0019A4,valid,6564,1,True,
2,1,00001F,1790173058.932112,11788.8157003,14.491090800000165,candidate-measurement,0019A4,valid,6564,0,True,
2,1,00001F,1790173059.1241007,11789.0076921,14.683082600000489,candidate-measurement,0019A4,valid,6564,0,True,
2,1,00001F,1790173059.315517,11789.1991077,14.874498200000744,candidate-measurement,0019A6,valid,6566,2,True,
2,2,00001F,1790173062.2724254,11792.1560133,0.20238900000003923,candidate-warmup,001A3A,valid,6714,144,True,
2,2,00001F,1790173062.464018,11792.3476074,0.39398309999887715,candidate-warmup,001A3A,valid,6714,0,True,
2,2,00001F,1790173062.6559894,11792.5395779,0.5859535999989021,candidate-warmup,001A3A,valid,6714,0,True,
2,2,00001F,1790173062.8479836,11792.7315741,0.7779497999999876,candidate-warmup,001A3A,valid,6714,0,True,
2,2,00001F,1790173063.039998,11792.9235881,0.9699638000001869,candidate-warmup,001A3A,valid,6714,0,True,
2,2,00001F,1790173063.2314,11793.1149875,1.1613631999989593,candidate-warmup,001A3A,valid,6714,0,True,
2,2,00001F,1790173063.423387,11793.306977,1.3533526999999594,candidate-warmup,001A3A,valid,6714,0,True,
2,2,00001F,1790173063.614959,11793.4985492,1.544924899999387,candidate-warmup,001A3A,valid,6714,0,True,
2,2,00001F,1790173063.8069565,11793.6905447,1.7369204000005993,candidate-warmup,001A3A,valid,6714,0,True,
2,2,00001F,1790173064.0149632,11793.8985529,1.944928599999912,candidate-warmup,001A3C,valid,6716,2,True,
2,2,00001F,1790173064.2069426,11794.0905321,2.1369077999988804,candidate-warmup,001A3C,valid,6716,0,True,
2,2,00001F,1790173064.3983486,11794.2819387,2.3283143999997264,candidate-warmup,001A3C,valid,6716,0,True,
2,2,00001F,1790173064.5903432,11794.473934,2.520309699999416,candidate-warmup,001A3E,valid,6718,2,True,
2,2,00001F,1790173064.7979255,11794.6815132,2.727888899999016,candidate-warmup,001A3E,valid,6718,0,True,
2,2,00001F,1790173064.9899082,11794.8734984,2.9198741000000155,candidate-warmup,001A40,valid,6720,2,True,
2,2,00001F,1790173065.1819026,11795.0654939,3.111869599999409,candidate-warmup,001A40,valid,6720,0,True,
2,2,00001F,1790173065.3893235,11795.2729145,3.319290199999159,candidate-warmup,001A40,valid,6720,0,True,
2,2,00001F,1790173065.58131,11795.4649007,3.5112764000004972,candidate-warmup,001A40,valid,6720,0,True,
2,2,00001F,1790173065.7728934,11795.6564816,3.7028572999988683,candidate-warmup,001A42,valid,6722,2,True,
2,2,00001F,1790173065.9808807,11795.8644711,3.91084679999949,candidate-warmup,001A44,valid,6724,2,True,
2,2,00001F,1790173066.1728854,11796.0564735,4.102849200000492,candidate-warmup,001A45,valid,6725,1,True,
2,2,00001F,1790173066.3642924,11796.2478808,4.294256499999392,candidate-warmup,001A45,valid,6725,0,True,
2,2,00001F,1790173066.5558686,11796.4394582,4.485833900000216,candidate-warmup,001A45,valid,6725,0,True,
2,2,00001F,1790173066.7638617,11796.6474499,4.6938255999994,candidate-warmup,001A45,valid,6725,0,True,
2,2,00001F,1790173066.9558525,11796.8394402,4.885815899999216,candidate-warmup,001A46,valid,6726,1,True,
2,2,00001F,1790173067.1478515,11797.0314407,5.077816400000302,candidate-warmup,001A46,valid,6726,0,True,
2,2,00001F,1790173067.3552656,11797.2388537,5.285229400000389,candidate-warmup,001A48,valid,6728,2,True,
2,2,00001F,1790173067.5472558,11797.4308435,5.477219200000036,candidate-warmup,001A4A,valid,6730,2,True,
2,2,00001F,1790173067.7388322,11797.6224207,5.668796399999337,candidate-warmup,001A4F,valid,6735,5,True,
2,2,00001F,1790173067.9468236,11797.8304132,5.8767888999991555,candidate-warmup,001A53,valid,6739,4,True,
2,2,00001F,1790173068.1388214,11798.0224102,6.068785899999057,candidate-warmup,001A55,valid,6741,2,True,
2,2,00001F,1790173068.3302283,11798.2138161,6.26019180000003,candidate-warmup,001A55,valid,6741,0,True,
2,2,00001F,1790173068.5222182,11798.4058097,6.452185399999507,candidate-warmup,001A55,valid,6741,0,True,
2,2,00001F,1790173068.7298117,11798.6134014,6.659777099999701,candidate-warmup,001A55,valid,6741,0,True,
2,2,00001F,1790173068.9217975,11798.805387,6.8517627000001085,candidate-warmup,001A57,valid,6743,2,True,
2,2,00001F,1790173069.1137862,11798.9973744,7.04375009999967,candidate-measurement,001A57,valid,6743,0,True,
2,2,00001F,1790173069.3217762,11799.2053647,7.2517403999991075,candidate-measurement,001A57,valid,6743,0,True,
2,2,00001F,1790173069.5131888,11799.3967778,7.443153500000335,candidate-measurement,001A58,valid,6744,1,True,
2,2,00001F,1790173069.7051935,11799.5887819,7.635157599999729,candidate-measurement,001A5B,valid,6747,3,True,
2,2,00001F,1790173069.9127584,11799.7963463,7.842721999999412,candidate-measurement,001A5E,valid,6750,3,True,
2,2,00001F,1790173070.1047485,11799.9883384,8.034714100000201,candidate-measurement,001A64,valid,6756,6,True,
2,2,00001F,1790173070.2967756,11800.1803622,8.226737900000444,candidate-measurement,001A68,valid,6760,4,True,
2,2,00001F,1790173070.4887385,11800.3723277,8.418703400000595,candidate-measurement,001A6C,valid,6764,4,True,
2,2,00001F,1790173070.69616,11800.579748,8.62612369999988,candidate-measurement,001A6D,valid,6765,1,True,
2,2,00001F,1790173070.887741,11800.7713318,8.817707500000324,candidate-measurement,001A6F,valid,6767,2,True,
2,2,00001F,1790173071.0797534,11800.9633393,9.009715000000142,candidate-measurement,001A6F,valid,6767,0,True,
2,2,00001F,1790173071.2877162,11801.1713041,9.217679800000042,candidate-measurement,001A6F,valid,6767,0,True,
2,2,00001F,1790173071.47913,11801.3627183,9.40909400000055,candidate-measurement,001A70,valid,6768,1,True,
2,2,00001F,1790173071.6711197,11801.5547082,9.60108389999914,candidate-measurement,001A70,valid,6768,0,True,
2,2,00001F,1790173071.878689,11801.7622796,9.808655299999373,candidate-measurement,001A70,valid,6768,0,True,
2,2,00001F,1790173072.070687,11801.9542746,10.000650300000416,candidate-measurement,001A70,valid,6768,0,True,
2,2,00001F,1790173072.2626786,11802.1462699,10.192645600000105,candidate-measurement,001A71,valid,6769,1,True,
2,2,00001F,1790173072.454095,11802.3376833,10.38405899999998,candidate-measurement,001A71,valid,6769,0,True,
2,2,00001F,1790173072.6620905,11802.5456795,10.592055199998867,candidate-measurement,001A73,valid,6771,2,True,
2,2,00001F,1790173072.8540735,11802.7376647,10.784040399999867,candidate-measurement,001A75,valid,6773,2,True,
2,2,00001F,1790173073.0456471,11802.9292378,10.975613499998872,candidate-measurement,001A77,valid,6775,2,True,
2,2,00001F,1790173073.2536445,11803.1372346,11.18361030000051,candidate-measurement,001A77,valid,6775,0,True,
2,2,00001F,1790173073.4456441,11803.3292349,11.375610600000073,candidate-measurement,001A77,valid,6775,0,True,
2,2,00001F,1790173073.6370554,11803.5206447,11.56702039999982,candidate-measurement,001A7D,valid,6781,6,True,
2,2,00001F,1790173073.8290496,11803.7126394,11.759015100000397,candidate-measurement,001A83,valid,6787,6,True,
2,2,00001F,1790173074.0366306,11803.9202192,11.966594899999109,candidate-measurement,001A83,valid,6787,0,True,
2,2,00001F,1790173074.2286165,11804.1122076,12.158583299999009,candidate-measurement,001A83,valid,6787,0,True,
2,2,00001F,1790173074.4206169,11804.3042048,12.350580500000433,candidate-measurement,001A84,valid,6788,1,True,
2,2,00001F,1790173074.6280243,11804.5116132,12.557988900000055,candidate-measurement,001A87,valid,6791,3,True,
2,2,00001F,1790173074.820017,11804.7036065,12.749982199999067,candidate-measurement,001A88,valid,6792,1,True,
2,2,00001F,1790173075.0115921,11804.895182,12.941557699999976,candidate-measurement,001A88,valid,6792,0,True,
2,2,00001F,1790173075.2195885,11805.1031766,13.149552299999414,candidate-measurement,001A90,valid,6800,8,True,
2,2,00001F,1790173075.4115815,11805.2951713,13.341546999999991,candidate-measurement,001A9C,valid,6812,12,True,
2,2,00001F,1790173075.6029947,11805.4865844,13.5329600999994,candidate-measurement,001A9E,valid,6814,2,True,
2,2,00001F,1790173075.7949953,11805.6785835,13.72495919999892,candidate-measurement,001AA0,valid,6816,2,True,
2,2,00001F,1790173076.0026126,11805.8862029,13.932578599999033,candidate-measurement,001AA0,valid,6816,0,True,
2,2,00001F,1790173076.1945572,11806.0781466,14.124522300000535,candidate-measurement,001AA1,valid,6817,1,True,
2,2,00001F,1790173076.3865454,11806.2701357,14.316511400000309,candidate-measurement,001AA6,valid,6822,5,True,
2,2,00001F,1790173076.5939603,11806.4775481,14.523923799999466,candidate-measurement,001AAB,valid,6827,5,True,
2,2,00001F,1790173076.7859578,11806.669546,14.715921699998944,candidate-measurement,001AAF,valid,6831,4,True,
2,2,00001F,1790173076.9775355,11806.8611236,14.907499299999472,candidate-measurement,001AAF,valid,6831,0,True,
2,3,00001F,1790173079.902442,11809.7860302,0.2019759000013437,candidate-warmup,001B10,valid,6928,95,True,
2,3,00001F,1790173080.0944295,11809.9780174,0.3939631000012014,candidate-warmup,001B10,valid,6928,0,True,
2,3,00001F,1790173080.2864268,11810.1700166,0.5859622999996645,candidate-warmup,001B10,valid,6928,0,True,
2,3,00001F,1790173080.4938538,11810.3774424,0.7933881000008114,candidate-warmup,001B10,valid,6928,0,True,
2,3,00001F,1790173080.6858373,11810.5694255,0.9853712000003725,candidate-warmup,001B10,valid,6928,0,True,
2,3,00001F,1790173080.8774064,11810.7609945,1.1769402000008995,candidate-warmup,001B10,valid,6928,0,True,
2,3,00001F,1790173081.0853992,11810.9689866,1.38493230000131,candidate-warmup,001B10,valid,6928,0,True,
2,3,00001F,1790173081.2928135,11811.1764021,1.5923478000004252,candidate-warmup,001B10,valid,6928,0,True,
2,3,00001F,1790173081.4848037,11811.3683931,1.7843388000001141,candidate-warmup,001B10,valid,6928,0,True,
2,3,00001F,1790173081.6763804,11811.5599688,1.9759145000007265,candidate-warmup,001B10,valid,6928,0,True,
2,3,00001F,1790173081.8683684,11811.7519588,2.167904500000077,candidate-warmup,001B10,valid,6928,0,True,
2,3,00001F,1790173082.060366,11811.943954,2.359899700000824,candidate-warmup,001B10,valid,6928,0,True,
2,3,00001F,1790173082.2517812,11812.1353688,2.5513145000004442,candidate-warmup,001B10,valid,6928,0,True,
2,3,00001F,1790173082.459795,11812.3433828,2.759328500000265,candidate-warmup,001B11,valid,6929,1,True,
2,3,00001F,1790173082.651353,11812.5349412,2.950886900000114,candidate-warmup,001B11,valid,6929,0,True,
2,3,00001F,1790173082.8433368,11812.7269268,3.1428725000005215,candidate-warmup,001B14,valid,6932,3,True,
2,3,00001F,1790173083.0513296,11812.9349207,3.3508664000000863,candidate-warmup,001B1C,valid,6940,8,True,
2,3,00001F,1790173083.242744,11813.1263351,3.5422808000002988,candidate-warmup,001B1F,valid,6943,3,True,
2,3,00001F,1790173083.4343235,11813.3179136,3.733859300000404,candidate-warmup,001B21,valid,6945,2,True,
2,3,00001F,1790173083.626311,11813.5099002,3.92584590000115,candidate-warmup,001B23,valid,6947,2,True,
2,3,00001F,1790173083.8343132,11813.7179028,4.133848499999658,candidate-warmup,001B23,valid,6947,0,True,
2,3,00001F,1790173084.025714,11813.9093054,4.325251100000969,candidate-warmup,001B23,valid,6947,0,True,
2,3,00001F,1790173084.217299,11814.1008878,4.516833499999848,candidate-warmup,001B24,valid,6948,1,True,
2,3,00001F,1790173084.4252875,11814.3088777,4.724823399999877,candidate-warmup,001B24,valid,6948,0,True,
2,3,00001F,1790173084.6172793,11814.5008697,4.916815399999905,candidate-warmup,001B24,valid,6948,0,True,
2,3,00001F,1790173084.8086977,11814.6922864,5.10823210000126,candidate-warmup,001B25,valid,6949,1,True,
2,3,00001F,1790173085.0167217,11814.900309,5.316254700001082,candidate-warmup,001B25,valid,6949,0,True,
2,3,00001F,1790173085.2082698,11815.091858,5.507803700000295,candidate-warmup,001B25,valid,6949,0,True,
2,3,00001F,1790173085.4002612,11815.2838493,5.699795000000449,candidate-warmup,001B26,valid,6950,1,True,
2,3,00001F,1790173085.5922487,11815.4758401,5.891785800000434,candidate-warmup,001B29,valid,6953,3,True,
2,3,00001F,1790173085.799668,11815.6832563,6.099202000001242,candidate-warmup,001B2B,valid,6955,2,True,
2,3,00001F,1790173085.9912336,11815.8748234,6.290769100000034,candidate-warmup,001B2B,valid,6955,0,True,
2,3,00001F,1790173086.183233,11816.0668241,6.482769800000824,candidate-warmup,001B2D,valid,6957,2,True,
2,3,00001F,1790173086.3912227,11816.2748125,6.690758200000346,candidate-warmup,001B35,valid,6965,8,True,
2,3,00001F,1790173086.5826354,11816.4662269,6.882172600000558,candidate-warmup,001B37,valid,6967,2,True,
2,3,00001F,1790173086.7746372,11816.6582253,7.074171000000206,candidate-measurement,001B37,valid,6967,0,True,
2,3,00001F,1790173086.9826207,11816.8662117,7.2821574000008695,candidate-measurement,001B37,valid,6967,0,True,
2,3,00001F,1790173087.1746202,11817.0582111,7.474156800000856,candidate-measurement,001B38,valid,6968,1,True,
2,3,00001F,1790173087.3661973,11817.2497861,7.665731799999776,candidate-measurement,001B3A,valid,6970,2,True,
2,3,00001F,1790173087.5581908,11817.4417793,7.857724999999846,candidate-measurement,001B3C,valid,6972,2,True,
2,3,00001F,1790173087.7661786,11817.649767,8.065712700001313,candidate-measurement,001B3D,valid,6973,1,True,
2,3,00001F,1790173087.9575984,11817.8411879,8.257133600000088,candidate-measurement,001B43,valid,6979,6,True,
2,3,00001F,1790173088.1495972,11818.0331888,8.449134500000582,candidate-measurement,001B50,valid,6992,13,True,
2,3,00001F,1790173088.3571672,11818.2407575,8.656703200000265,candidate-measurement,001B52,valid,6994,2,True,
2,3,00001F,1790173088.5491538,11818.4327434,8.848689100001138,candidate-measurement,001B54,valid,6996,2,True,
2,3,00001F,1790173088.7405722,11818.6241608,9.040106500000547,candidate-measurement,001B54,valid,6996,0,True,
2,3,00001F,1790173088.9485939,11818.8321848,9.248130500000116,candidate-measurement,001B54,valid,6996,0,True,
2,3,00001F,1790173089.1405582,11819.0241491,9.440094800000224,candidate-measurement,001B57,valid,6999,3,True,
2,3,00001F,1790173089.3321288,11819.215718,9.63166369999999,candidate-measurement,001B5E,valid,7006,7,True,
2,3,00001F,1790173089.524126,11819.4077164,9.823662099999638,candidate-measurement,001B63,valid,7011,5,True,
2,3,00001F,1790173089.7315426,11819.6151308,10.03107650000129,candidate-measurement,001B65,valid,7013,2,True,
2,3,00001F,1790173089.923527,11819.8071176,10.223063299999922,candidate-measurement,001B65,valid,7013,0,True,
2,3,00001F,1790173090.1155202,11819.9991109,10.415056600000753,candidate-measurement,001B65,valid,7013,0,True,
2,3,00001F,1790173090.323093,11820.2066814,10.62262710000141,candidate-measurement,001B65,valid,7013,0,True,
2,3,00001F,1790173090.5150948,11820.3986848,10.81463050000093,candidate-measurement,001B66,valid,7014,1,True,
2,3,00001F,1790173090.7065105,11820.5900992,11.006044900001143,candidate-measurement,001B69,valid,7017,3,True,
2,3,00001F,1790173090.9145024,11820.7980909,11.214036600000327,candidate-measurement,001B6F,valid,7023,6,True,
2,3,00001F,1790173091.1064918,11820.9900828,11.406028500001412,candidate-measurement,001B79,valid,7033,10,True,
2,3,00001F,1790173091.2980704,11821.1816605,11.597606200000882,candidate-measurement,001B7C,valid,7036,3,True,
2,3,00001F,1790173091.4900513,11821.3736422,11.789587900000697,candidate-measurement,001B7C,valid,7036,0,True,
2,3,00001F,1790173091.6980543,11821.5816432,11.997588899999755,candidate-measurement,001B7E,valid,7038,2,True,
2,3,00001F,1790173091.8900492,11821.7736386,12.189584300000206,candidate-measurement,001B7E,valid,7038,0,True,
2,3,00001F,1790173092.0814614,11821.9650522,12.380997899999784,candidate-measurement,001B7E,valid,7038,0,True,
2,3,00001F,1790173092.2894504,11822.1730402,12.588985899999898,candidate-measurement,001B7E,valid,7038,0,True,
2,3,00001F,1790173092.4810305,11822.3646198,12.780565500001103,candidate-measurement,001B7F,valid,7039,1,True,
2,3,00001F,1790173092.673023,11822.5566112,12.9725569000002,candidate-measurement,001B80,valid,7040,1,True,
2,3,00001F,1790173092.8810184,11822.7646074,13.180553100000907,candidate-measurement,001B83,valid,7043,3,True,
2,3,00001F,1790173093.0724308,11822.9560209,13.371966599999723,candidate-measurement,001B84,valid,7044,1,True,
2,3,00001F,1790173093.2644248,11823.1480146,13.563960299999962,candidate-measurement,001B85,valid,7045,1,True,
2,3,00001F,1790173093.4719913,11823.3555798,13.77152550000028,candidate-measurement,001B85,valid,7045,0,True,
2,3,00001F,1790173093.663994,11823.5475823,13.963528000000224,candidate-measurement,001B85,valid,7045,0,True,
2,3,00001F,1790173093.8560011,11823.739592,14.155537700000423,candidate-measurement,001B89,valid,7049,4,True,
2,3,00001F,1790173094.0473955,11823.9309869,14.34693260000131,candidate-measurement,001B91,valid,7057,8,True,
2,3,00001F,1790173094.2554,11824.1389913,14.554937000000791,candidate-measurement,001B92,valid,7058,1,True,
2,3,00001F,1790173094.446967,11824.3305553,14.746500999999625,candidate-measurement,001B94,valid,7060,2,True,
2,3,00001F,1790173094.6389556,11824.5225449,14.938490600001387,candidate-measurement,001B97,valid,7063,3,True,
3,1,000020,1790173097.531873,11827.415461,0.2025552000013704,candidate-warmup,001C22,valid,7202,139,True,
3,1,000020,1790173097.72386,11827.6074475,0.3945417000013549,candidate-warmup,001C22,valid,7202,0,True,
3,1,000020,1790173097.9152782,11827.7988672,0.5859614000000875,candidate-warmup,001C22,valid,7202,0,True,
3,1,000020,1790173098.107267,11827.9908568,0.77795100000003,candidate-warmup,001C22,valid,7202,0,True,
3,1,000020,1790173098.2988398,11828.1824303,0.9695245000002615,candidate-warmup,001C22,valid,7202,0,True,
3,1,000020,1790173098.4908404,11828.3744286,1.1615228000009665,candidate-warmup,001C22,valid,7202,0,True,
3,1,000020,1790173098.68283,11828.5664182,1.353512400000909,candidate-warmup,001C22,valid,7202,0,True,
3,1,000020,1790173098.8748178,11828.7584076,1.5455018000011478,candidate-warmup,001C22,valid,7202,0,True,
3,1,000020,1790173099.066236,11828.9498243,1.7369185000006837,candidate-warmup,001C23,valid,7203,1,True,
3,1,000020,1790173099.2582278,11829.141819,1.9289132000012614,candidate-warmup,001C23,valid,7203,0,True,
3,1,000020,1790173099.4502296,11829.3338183,2.120912500000486,candidate-warmup,001C24,valid,7204,1,True,
3,1,000020,1790173099.6418002,11829.5253891,2.312483300000167,candidate-warmup,001C25,valid,7205,1,True,
3,1,000020,1790173099.8337924,11829.7173819,2.5044761000008293,candidate-warmup,001C27,valid,7207,2,True,
3,1,000020,1790173100.0257804,11829.9093711,2.696465300001364,candidate-warmup,001C27,valid,7207,0,True,
3,1,000020,1790173100.217203,11830.100791,2.8878852000016195,candidate-warmup,001C27,valid,7207,0,True,
3,1,000020,1790173100.409194,11830.2927817,3.079875900000843,candidate-warmup,001C27,valid,7207,0,True,
3,1,000020,1790173100.601188,11830.484777,3.2718712000005326,candidate-warmup,001C2A,valid,7210,3,True,
3,1,000020,1790173100.808767,11830.6923549,3.4794491000011476,candidate-warmup,001C2C,valid,7212,2,True,
3,1,000020,1790173101.0007563,11830.884346,3.671440200001598,candidate-warmup,001C2D,valid,7213,1,True,
3,1,000020,1790173101.1927514,11831.0763387,3.8634329000014986,candidate-warmup,001C2E,valid,7214,1,True,
3,1,000020,1790173101.400742,11831.2843315,4.071425699999963,candidate-warmup,001C2F,valid,7215,1,True,
3,1,000020,1790173101.5921524,11831.4757411,4.262835300000006,candidate-warmup,001C2F,valid,7215,0,True,
3,1,000020,1790173101.7841427,11831.6677311,4.4548253000011755,candidate-warmup,001C2F,valid,7215,0,True,
3,1,000020,1790173101.9757175,11831.8593055,4.646399700000984,candidate-warmup,001C31,valid,7217,2,True,
3,1,000020,1790173102.1837156,11832.0673062,4.854400400001396,candidate-warmup,001C31,valid,7217,0,True,
3,1,000020,1790173102.3757064,11832.2592975,5.04639170000155,candidate-warmup,001C31,valid,7217,0,True,
3,1,000020,1790173102.5671206,11832.4507101,5.237804300000789,candidate-warmup,001C32,valid,7218,1,True,
3,1,000020,1790173102.7747564,11832.658344,5.445438200000353,candidate-warmup,001C32,valid,7218,0,True,
3,1,000020,1790173102.966688,11832.8502793,5.637373500001559,candidate-warmup,001C32,valid,7218,0,True,
3,1,000020,1790173103.1586828,11833.0422734,5.829367600001206,candidate-warmup,001C32,valid,7218,0,True,
3,1,000020,1790173103.366095,11833.2496859,6.036780100001124,candidate-warmup,001C32,valid,7218,0,True,
3,1,000020,1790173103.5580952,11833.4416835,6.228777700000137,candidate-warmup,001C33,valid,7219,1,True,
3,1,000020,1790173103.7496662,11833.633255,6.42034920000151,candidate-warmup,001C34,valid,7220,1,True,
3,1,000020,1790173103.9416573,11833.8252485,6.612342700000227,candidate-warmup,001C35,valid,7221,1,True,
3,1,000020,1790173104.149652,11834.0332432,6.820337400000426,candidate-warmup,001C37,valid,7223,2,True,
3,1,000020,1790173104.3410704,11834.2246612,7.011755400000766,candidate-measurement,001C38,valid,7224,1,True,
3,1,000020,1790173104.5330563,11834.4166458,7.203740000000835,candidate-measurement,001C39,valid,7225,1,True,
3,1,000020,1790173104.7406309,11834.6242193,7.411313500000688,candidate-measurement,001C39,valid,7225,0,True,
3,1,000020,1790173104.9326227,11834.8162133,7.603307500001392,candidate-measurement,001C39,valid,7225,0,True,
3,1,000020,1790173105.1246212,11835.0082124,7.795306600000913,candidate-measurement,001C39,valid,7225,0,True,
3,1,000020,1790173105.3320286,11835.2156183,8.002712500001508,candidate-measurement,001C43,valid,7235,10,True,
3,1,000020,1790173105.5240262,11835.4076161,8.194710300000224,candidate-measurement,001C44,valid,7236,1,True,
3,1,000020,1790173105.7160246,11835.5996139,8.38670810000076,candidate-measurement,001C46,valid,7238,2,True,
3,1,000020,1790173105.9075923,11835.7911828,8.578277000000526,candidate-measurement,001C48,valid,7240,2,True,
3,1,000020,1790173106.1156037,11835.9991937,8.786287900000389,candidate-measurement,001C49,valid,7241,1,True,
3,1,000020,1790173106.3075798,11836.1911698,8.978264000001218,candidate-measurement,001C4A,valid,7242,1,True,
3,1,000020,1790173106.498993,11836.3825839,9.169678100000965,candidate-measurement,001C4B,valid,7243,1,True,
3,1,000020,1790173106.7065668,11836.5901552,9.377249400000437,candidate-measurement,001C4D,valid,7245,2,True,
3,1,000020,1790173106.8985617,11836.7821518,9.56924600000093,candidate-measurement,001C57,valid,7255,10,True,
3,1,000020,1790173107.0905569,11836.9741467,9.761240900001212,candidate-measurement,001C5E,valid,7262,7,True,
3,1,000020,1790173107.2979617,11837.1815511,9.968645300001299,candidate-measurement,001C60,valid,7264,2,True,
3,1,000020,1790173107.4899602,11837.3735511,10.160645300000397,candidate-measurement,001C62,valid,7266,2,True,
3,1,000020,1790173107.6815403,11837.5651285,10.35222270000122,candidate-measurement,001C62,valid,7266,0,True,
3,1,000020,1790173107.8735325,11837.7571218,10.544216000000233,candidate-measurement,001C63,valid,7267,1,True,
3,1,000020,1790173108.080942,11837.9645328,10.751627000001463,candidate-measurement,001C64,valid,7268,1,True,
3,1,000020,1790173108.272937,11838.1565284,10.943622600001618,candidate-measurement,001C68,valid,7272,4,True,
3,1,000020,1790173108.4645064,11838.3480976,11.13519180000003,candidate-measurement,001C6F,valid,7279,7,True,
3,1,000020,1790173108.6725056,11838.556094,11.34318820000044,candidate-measurement,001C71,valid,7281,2,True,
3,1,000020,1790173108.863921,11838.7475121,11.534606300001542,candidate-measurement,001C71,valid,7281,0,True,
3,1,000020,1790173109.0559123,11838.9395035,11.726597700000639,candidate-measurement,001C73,valid,7283,2,True,
3,1,000020,1790173109.2639477,11839.1475394,11.934633600001689,candidate-measurement,001C73,valid,7283,0,True,
3,1,000020,1790173109.455488,11839.3390765,12.12617070000124,candidate-measurement,001C73,valid,7283,0,True,
3,1,000020,1790173109.6474798,11839.5310681,12.31816230000004,candidate-measurement,001C73,valid,7283,0,True,
3,1,000020,1790173109.839471,11839.7230612,12.510155400001167,candidate-measurement,001C74,valid,7284,1,True,
3,1,000020,1790173110.0468817,11839.9304699,12.717564100001255,candidate-measurement,001C74,valid,7284,0,True,
3,1,000020,1790173110.2384527,11840.1220441,12.90913830000136,candidate-measurement,001C78,valid,7288,4,True,
3,1,000020,1790173110.4308443,11840.3144303,13.101524500001688,candidate-measurement,001C86,valid,7302,14,True,
3,1,000020,1790173110.6384377,11840.5220261,13.309120300000359,candidate-measurement,001C8C,valid,7308,6,True,
3,1,000020,1790173110.8298523,11840.7134425,13.500536700001248,candidate-measurement,001C8C,valid,7308,0,True,
3,1,000020,1790173111.0218499,11840.9054411,13.6925353000006,candidate-measurement,001C8D,valid,7309,1,True,
3,1,000020,1790173111.229429,11841.1130176,13.900111800001469,candidate-measurement,001C8D,valid,7309,0,True,
3,1,000020,1790173111.4214134,11841.3050046,14.092098800001622,candidate-measurement,001C8D,valid,7309,0,True,
3,1,000020,1790173111.6134198,11841.4970078,14.28410200000144,candidate-measurement,001C8F,valid,7311,2,True,
3,1,000020,1790173111.8054085,11841.6889975,14.476091700000325,candidate-measurement,001C91,valid,7313,2,True,
3,1,000020,1790173112.0128212,11841.8964101,14.683504300001005,candidate-measurement,001C93,valid,7315,2,True,
3,1,000020,1790173112.2048085,11842.0883999,14.875494100000651,candidate-measurement,001C93,valid,7315,0,True,
3,2,000020,1790173115.1612995,11845.0448874,0.20197269999880518,candidate-warmup,001D0C,valid,7436,120,True,
3,2,000020,1790173115.3532884,11845.2368774,0.3939626999999746,candidate-warmup,001D0C,valid,7436,0,True,
3,2,000020,1790173115.544708,11845.4282987,0.5853839999999764,candidate-warmup,001D0C,valid,7436,0,True,
3,2,000020,1790173115.7366986,11845.6202871,0.7773723999998765,candidate-warmup,001D0C,valid,7436,0,True,
3,2,000020,1790173115.9282773,11845.8118674,0.9689526999991358,candidate-warmup,001D0C,valid,7436,0,True,
3,2,000020,1790173116.1202643,11846.0038557,1.1609410000000935,candidate-warmup,001D0C,valid,7436,0,True,
3,2,000020,1790173116.3122635,11846.1958541,1.352939399999741,candidate-warmup,001D0C,valid,7436,0,True,
3,2,000020,1790173116.5036829,11846.387271,1.5443562999989808,candidate-warmup,001D0C,valid,7436,0,True,
3,2,000020,1790173116.6956682,11846.5792569,1.7363421999998536,candidate-warmup,001D0C,valid,7436,0,True,
3,2,000020,1790173116.8876567,11846.7712478,1.928333099998781,candidate-warmup,001D0C,valid,7436,0,True,
3,2,000020,1790173117.0792372,11846.9628268,2.1199120999990555,candidate-warmup,001D0D,valid,7437,1,True,
3,2,000020,1790173117.2712233,11847.1548147,2.3118999999987864,candidate-warmup,001D0E,valid,7438,1,True,
3,2,000020,1790173117.4626386,11847.34623,2.503315299998576,candidate-warmup,001D0E,valid,7438,0,True,
3,2,000020,1790173117.6546354,11847.538225,2.695310299999619,candidate-warmup,001D10,valid,7440,2,True,
3,2,000020,1790173117.862211,11847.7458005,2.902885800000149,candidate-warmup,001D10,valid,7440,0,True,
3,2,000020,1790173118.0542028,11847.9377928,3.094878099998823,candidate-warmup,001D10,valid,7440,0,True,
3,2,000020,1790173118.2462,11848.1297914,3.2868766999999934,candidate-warmup,001D10,valid,7440,0,True,
3,2,000020,1790173118.4541917,11848.3377824,3.494867699999304,candidate-warmup,001D10,valid,7440,0,True,
3,2,000020,1790173118.6456094,11848.529199,3.6862842999998975,candidate-warmup,001D11,valid,7441,1,True,
3,2,000020,1790173118.8376133,11848.7212019,3.8782871999992494,candidate-warmup,001D15,valid,7445,4,True,
3,2,000020,1790173119.0451741,11848.9287655,4.085850800000117,candidate-warmup,001D15,valid,7445,0,True,
3,2,000020,1790173119.2371655,11849.1207571,4.277842399998917,candidate-warmup,001D15,valid,7445,0,True,
3,2,000020,1790173119.4285758,11849.3121676,4.469252899998537,candidate-warmup,001D15,valid,7445,0,True,
3,2,000020,1790173119.6201534,11849.5037422,4.6608274999998685,candidate-warmup,001D16,valid,7446,1,True,
3,2,000020,1790173119.828148,11849.7117368,4.868822099999306,candidate-warmup,001D16,valid,7446,0,True,
3,2,000020,1790173120.0201354,11849.9037269,5.060812199999418,candidate-warmup,001D17,valid,7447,1,True,
3,2,000020,1790173120.2115564,11850.0951452,5.252230500000223,candidate-warmup,001D18,valid,7448,1,True,
3,2,000020,1790173120.419558,11850.3031465,5.460231799999747,candidate-warmup,001D1C,valid,7452,4,True,
3,2,000020,1790173120.6111248,11850.4947153,5.651800599998751,candidate-warmup,001D23,valid,7459,7,True,
3,2,000020,1790173120.8031168,11850.6867058,5.8437911000000895,candidate-warmup,001D25,valid,7461,2,True,
3,2,000020,1790173121.0111046,11850.8946953,6.051780599998892,candidate-warmup,001D25,valid,7461,0,True,
3,2,000020,1790173121.2025268,11851.0861146,6.243199900000036,candidate-warmup,001D27,valid,7463,2,True,
3,2,000020,1790173121.3945322,11851.2781206,6.435205899999346,candidate-warmup,001D27,valid,7463,0,True,
3,2,000020,1790173121.5860798,11851.469671,6.626756300000125,candidate-warmup,001D27,valid,7463,0,True,
3,2,000020,1790173121.79409,11851.6776782,6.834763499999099,candidate-warmup,001D27,valid,7463,0,True,
3,2,000020,1790173121.9855008,11851.8690923,7.026177599998846,candidate-measurement,001D28,valid,7464,1,True,
3,2,000020,1790173122.1774895,11852.0610778,7.218163099998492,candidate-measurement,001D2B,valid,7467,3,True,
3,2,000020,1790173122.3854876,11852.2690778,7.42616309999903,candidate-measurement,001D2F,valid,7471,4,True,
3,2,000020,1790173122.5770583,11852.4606465,7.617731799999092,candidate-measurement,001D3B,valid,7483,12,True,
3,2,000020,1790173122.7690642,11852.6526522,7.8097374999997555,candidate-measurement,001D3E,valid,7486,3,True,
3,2,000020,1790173122.9770432,11852.8606321,8.017717400000038,candidate-measurement,001D3F,valid,7487,1,True,
3,2,000020,1790173123.1690361,11853.0526275,8.20971279999867,candidate-measurement,001D40,valid,7488,1,True,
3,2,000020,1790173123.3604488,11853.2440401,8.401125399999728,candidate-measurement,001D40,valid,7488,0,True,
3,2,000020,1790173123.5524476,11853.4360387,8.59312399999908,candidate-measurement,001D40,valid,7488,0,True,
3,2,000020,1790173123.7600253,11853.6436116,8.80069689999982,candidate-measurement,001D41,valid,7489,1,True,
3,2,000020,1790173123.9520183,11853.8356073,8.992692599998918,candidate-measurement,001D42,valid,7490,1,True,
3,2,000020,1790173124.144002,11854.0275933,9.184678599998733,candidate-measurement,001D44,valid,7492,2,True,
3,2,000020,1790173124.351417,11854.2350081,9.392093399999794,candidate-measurement,001D45,valid,7493,1,True,
3,2,000020,1790173124.5434134,11854.4270018,9.584087100000033,candidate-measurement,001D47,valid,7495,2,True,
3,2,000020,1790173124.7349913,11854.6185793,9.7756645999998,candidate-measurement,001D47,valid,7495,0,True,
3,2,000020,1790173124.942981,11854.8265692,9.98365449999983,candidate-measurement,001D47,valid,7495,0,True,
3,2,000020,1790173125.1349697,11855.0185609,10.175646199999392,candidate-measurement,001D47,valid,7495,0,True,
3,2,000020,1790173125.3263838,11855.2099754,10.367060699998547,candidate-measurement,001D51,valid,7505,10,True,
3,2,000020,1790173125.5339582,11855.4175478,10.574633099999119,candidate-measurement,001D52,valid,7506,1,True,
3,2,000020,1790173125.7259777,11855.6095668,10.766652099999192,candidate-measurement,001D52,valid,7506,0,True,
3,2,000020,1790173125.9173677,11855.8009578,10.958043099999486,candidate-measurement,001D54,valid,7508,2,True,
3,2,000020,1790173126.109361,11855.9929517,11.150036999999429,candidate-measurement,001D56,valid,7510,2,True,
3,2,000020,1790173126.3173587,11856.2009478,11.358033099999375,candidate-measurement,001D59,valid,7513,3,True,
3,2,000020,1790173126.50893,11856.3925197,11.549605000000156,candidate-measurement,001D59,valid,7513,0,True,
3,2,000020,1790173126.7009242,11856.5845127,11.741597999998703,candidate-measurement,001D63,valid,7523,10,True,
3,2,000020,1790173126.9089139,11856.792504,11.949589299998479,candidate-measurement,001D6E,valid,7534,11,True,
3,2,000020,1790173127.1003282,11856.9839197,12.141004999999495,candidate-measurement,001D70,valid,7536,2,True,
3,2,000020,1790173127.2923145,11857.1759048,12.332990099999734,candidate-measurement,001D71,valid,7537,1,True,
3,2,000020,1790173127.4998925,11857.3834839,12.540569199998572,candidate-measurement,001D72,valid,7538,1,True,
3,2,000020,1790173127.6918988,11857.5754875,12.732572799999616,candidate-measurement,001D78,valid,7544,6,True,
3,2,000020,1790173127.8838906,11857.76748,12.924565299999813,candidate-measurement,001D7F,valid,7551,7,True,
3,2,000020,1790173128.0752988,11857.9588889,13.115974199999982,candidate-measurement,001D81,valid,7553,2,True,
3,2,000020,1790173128.2828665,11858.1664575,13.323542799998904,candidate-measurement,001D81,valid,7553,0,True,
3,2,000020,1790173128.4748642,11858.3584554,13.515540700000201,candidate-measurement,001D82,valid,7554,1,True,
3,2,000020,1790173128.6668534,11858.5504429,13.707528199998706,candidate-measurement,001D83,valid,7555,1,True,
3,2,000020,1790173128.8748555,11858.7584442,13.915529500000048,candidate-measurement,001D86,valid,7558,3,True,
3,2,000020,1790173129.0662596,11858.949851,14.106936299998779,candidate-measurement,001D95,valid,7573,15,True,
3,2,000020,1790173129.2582557,11859.1418472,14.298932499999864,candidate-measurement,001D9A,valid,7578,5,True,
3,2,000020,1790173129.450249,11859.3338403,14.490925599999173,candidate-measurement,001D9C,valid,7580,2,True,
3,2,000020,1790173129.6578329,11859.5414224,14.698507699999027,candidate-measurement,001D9D,valid,7581,1,True,
3,2,000020,1790173129.849821,11859.7334102,14.890495499999815,candidate-measurement,001D9F,valid,7583,2,True,
3,3,000020,1790173132.7907305,11862.6743184,0.20197950000147102,candidate-warmup,001E11,valid,7697,112,True,
3,3,000020,1790173132.9827256,11862.8663137,0.3939748000011605,candidate-warmup,001E11,valid,7697,0,True,
3,3,000020,1790173133.174718,11863.0583067,0.5859678000015265,candidate-warmup,001E11,valid,7697,0,True,
3,3,000020,1790173133.36671,11863.2503007,0.777961800000412,candidate-warmup,001E11,valid,7697,0,True,
3,3,000020,1790173133.5581243,11863.4417153,0.9693764000003284,candidate-warmup,001E11,valid,7697,0,True,
3,3,000020,1790173133.7501376,11863.6337267,1.161387800000739,candidate-warmup,001E11,valid,7697,0,True,
3,3,000020,1790173133.9416947,11863.8252838,1.352944900001603,candidate-warmup,001E11,valid,7697,0,True,
3,3,000020,1790173134.1496818,11864.03327,1.5609311000007438,candidate-warmup,001E11,valid,7697,0,True,
3,3,000020,1790173134.3416805,11864.2252721,1.75293320000128,candidate-warmup,001E11,valid,7697,0,True,
3,3,000020,1790173134.5330918,11864.4166826,1.9443437000008998,candidate-warmup,001E11,valid,7697,0,True,
3,3,000020,1790173134.74108,11864.6246694,2.1523305000009714,candidate-warmup,001E11,valid,7697,0,True,
3,3,000020,1790173134.9486566,11864.8322446,2.359905700001036,candidate-warmup,001E11,valid,7697,0,True,
3,3,000020,1790173135.140651,11865.0242412,2.5519023000015295,candidate-warmup,001E11,valid,7697,0,True,
3,3,000020,1790173135.3326497,11865.2162406,2.7439017000015156,candidate-warmup,001E11,valid,7697,0,True,
3,3,000020,1790173135.5240605,11865.4076516,2.9353127000013046,candidate-warmup,001E13,valid,7699,2,True,
3,3,000020,1790173135.716059,11865.5996466,3.1273077000005287,candidate-warmup,001E1A,valid,7706,7,True,
3,3,000020,1790173135.9080462,11865.7916371,3.3192982000000484,candidate-warmup,001E1C,valid,7708,2,True,
3,3,000020,1790173136.1156247,11865.9992125,3.526873600001636,candidate-warmup,001E1E,valid,7710,2,True,
3,3,000020,1790173136.307617,11866.1912047,3.7188658000013675,candidate-warmup,001E1E,valid,7710,0,True,
3,3,000020,1790173136.4996114,11866.3831996,3.910860700001649,candidate-warmup,001E1E,valid,7710,0,True,
3,3,000020,1790173136.7070243,11866.5906123,4.1182734000012715,candidate-warmup,001E1E,valid,7710,0,True,
3,3,000020,1790173136.899026,11866.7826157,4.310276800000793,candidate-warmup,001E1F,valid,7711,1,True,
3,3,000020,1790173137.0905902,11866.9741783,4.5018394000017,candidate-warmup,001E20,valid,7712,1,True,
3,3,000020,1790173137.282596,11867.1661853,4.693846400001348,candidate-warmup,001E22,valid,7714,2,True,
3,3,000020,1790173137.4905918,11867.3741814,4.901842500001294,candidate-warmup,001E23,valid,7715,1,True,
3,3,000020,1790173137.6825757,11867.5661647,5.093825800000559,candidate-warmup,001E23,valid,7715,0,True,
3,3,000020,1790173137.8739805,11867.7575719,5.285233000000517,candidate-warmup,001E23,valid,7715,0,True,
3,3,000020,1790173138.0815616,11867.9651502,5.49281130000054,candidate-warmup,001E23,valid,7715,0,True,
3,3,000020,1790173138.2735462,11868.1571345,5.684795600000143,candidate-warmup,001E24,valid,7716,1,True,
3,3,000020,1790173138.4655397,11868.3491311,5.8767922000006365,candidate-warmup,001E24,valid,7716,0,True,
3,3,000020,1790173138.6729696,11868.5565574,6.084218500000134,candidate-warmup,001E24,valid,7716,0,True,
3,3,000020,1790173138.8805323,11868.7641212,6.291782300000705,candidate-warmup,001E28,valid,7720,4,True,
3,3,000020,1790173139.0725296,11868.9561182,6.483779300000606,candidate-warmup,001E2F,valid,7727,7,True,
3,3,000020,1790173139.2645156,11869.148106,6.675767100001394,candidate-warmup,001E33,valid,7731,4,True,
3,3,000020,1790173139.4559252,11869.3395165,6.867177600001014,candidate-warmup,001E35,valid,7733,2,True,
3,3,000020,1790173139.647921,11869.5315111,7.05917220000083,candidate-measurement,001E35,valid,7733,0,True,
3,3,000020,1790173139.8395014,11869.7230905,7.2507516000005126,candidate-measurement,001E35,valid,7733,0,True,
3,3,000020,1790173140.047499,11869.9310873,7.4587484000003315,candidate-measurement,001E35,valid,7733,0,True,
3,3,000020,1790173140.2398844,11870.1234706,7.6511317000004055,candidate-measurement,001E36,valid,7734,1,True,
3,3,000020,1790173140.4314847,11870.3150726,7.84273370000119,candidate-measurement,001E39,valid,7737,3,True,
3,3,000020,1790173140.6389043,11870.5224931,8.05015420000018,candidate-measurement,001E3C,valid,7740,3,True,
3,3,000020,1790173140.846474,11870.7300631,8.257724200000666,candidate-measurement,001E42,valid,7746,6,True,
3,3,000020,1790173141.0384681,11870.9220563,8.449717400000736,candidate-measurement,001E4A,valid,7754,8,True,
3,3,000020,1790173141.2304525,11871.1140434,8.641704500001651,candidate-measurement,001E4C,valid,7756,2,True,
3,3,000020,1790173141.421892,11871.3054796,8.833140700000513,candidate-measurement,001E4C,valid,7756,0,True,
3,3,000020,1790173141.6138701,11871.4974593,9.02512040000147,candidate-measurement,001E4E,valid,7758,2,True,
3,3,000020,1790173141.805857,11871.6894467,9.217107800001031,candidate-measurement,001E4E,valid,7758,0,True,
3,3,000020,1790173142.0134337,11871.8970226,9.424683700000969,candidate-measurement,001E4E,valid,7758,0,True,
3,3,000020,1790173142.205424,11872.0890142,9.616675300001589,candidate-measurement,001E4E,valid,7758,0,True,
3,3,000020,1790173142.39742,11872.2810095,9.808670600001278,candidate-measurement,001E4E,valid,7758,0,True,
3,3,000020,1790173142.6048374,11872.4884276,10.016088700000182,candidate-measurement,001E50,valid,7760,2,True,
3,3,000020,1790173142.79682,11872.6804111,10.20807220000097,candidate-measurement,001E51,valid,7761,1,True,
3,3,000020,1790173142.988407,11872.8719948,10.399655900000653,candidate-measurement,001E53,valid,7763,2,True,
3,3,000020,1790173143.180394,11873.0639829,10.591644000000088,candidate-measurement,001E54,valid,7764,1,True,
3,3,000020,1790173143.3883824,11873.2719732,10.799634300001344,candidate-measurement,001E55,valid,7765,1,True,
3,3,000020,1790173143.57979,11873.4633814,10.99104250000164,candidate-measurement,001E55,valid,7765,0,True,
3,3,000020,1790173143.7717993,11873.6553888,11.183049900000697,candidate-measurement,001E5E,valid,7774,9,True,
3,3,000020,1790173143.979362,11873.8629533,11.390614400001141,candidate-measurement,001E60,valid,7776,2,True,
3,3,000020,1790173144.1713555,11874.0549445,11.582605600000534,candidate-measurement,001E60,valid,7776,0,True,
3,3,000020,1790173144.3633518,11874.2469426,11.774603700001535,candidate-measurement,001E63,valid,7779,3,True,
3,3,000020,1790173144.571349,11874.454939,11.982600100000127,candidate-measurement,001E66,valid,7782,3,True,
3,3,000020,1790173144.762762,11874.6463509,12.174012000001312,candidate-measurement,001E66,valid,7782,0,True,
3,3,000020,1790173144.9547572,11874.8383461,12.36600720000024,candidate-measurement,001E67,valid,7783,1,True,
3,3,000020,1790173145.1467671,11875.0303562,12.558017300001666,candidate-measurement,001E69,valid,7785,2,True,
3,3,000020,1790173145.354322,11875.237913,12.765574100001686,candidate-measurement,001E76,valid,7798,13,True,
3,3,000020,1790173145.546304,11875.4298958,12.957556900000782,candidate-measurement,001E7B,valid,7803,5,True,
3,3,000020,1790173145.7377307,11875.6213191,13.14898020000146,candidate-measurement,001E7C,valid,7804,1,True,
3,3,000020,1790173145.9457235,11875.8293151,13.356976200000645,candidate-measurement,001E7E,valid,7806,2,True,
3,3,000020,1790173146.137294,11876.020885,13.548546100000749,candidate-measurement,001E7E,valid,7806,0,True,
3,3,000020,1790173146.3292863,11876.2128769,13.740538000000015,candidate-measurement,001E7E,valid,7806,0,True,
3,3,000020,1790173146.537285,11876.4208764,13.948537500000384,candidate-measurement,001E80,valid,7808,2,True,
3,3,000020,1790173146.7446985,11876.628287,14.155948100000387,candidate-measurement,001E85,valid,7813,5,True,
3,3,000020,1790173146.9366896,11876.8202809,14.34794200000033,candidate-measurement,001E8E,valid,7822,9,True,
3,3,000020,1790173147.1282566,11877.0118472,14.539508300000307,candidate-measurement,001E8F,valid,7823,1,True,
3,3,000020,1790173147.320256,11877.2038461,14.731507200000124,candidate-measurement,001E90,valid,7824,1,True,
3,3,000020,1790173147.512252,11877.3958404,14.923501500001294,candidate-measurement,001E91,valid,7825,1,True,
4,1,000030,1790173150.4051647,11880.2887528,0.20197099999859347,candidate-warmup,001F11,valid,7953,128,True,
4,1,000030,1790173150.613158,11880.4967472,0.4099654000001465,candidate-warmup,001F11,valid,7953,0,True,
4,1,000030,1790173150.8045726,11880.6881609,0.6013790999986668,candidate-warmup,001F11,valid,7953,0,True,
4,1,000030,1790173150.9961407,11880.8797288,0.7929469999999128,candidate-warmup,001F11,valid,7953,0,True,
4,1,000030,1790173151.2041366,11881.0877253,1.0009434999992664,candidate-warmup,001F11,valid,7953,0,True,
4,1,000030,1790173151.3961277,11881.2797162,1.1929344000000128,candidate-warmup,001F10,valid,7952,-1,True,
4,1,000030,1790173151.587535,11881.4711236,1.3843417999996745,candidate-warmup,001F10,valid,7952,0,True,
4,1,000030,1790173151.7955375,11881.6791259,1.5923440999995364,candidate-warmup,001F10,valid,7952,0,True,
4,1,000030,1790173151.9875247,11881.8711133,1.784331499999098,candidate-warmup,001F10,valid,7952,0,True,
4,1,000030,1790173152.1791074,11882.0626954,1.9759135999993305,candidate-warmup,001F10,valid,7952,0,True,
4,1,000030,1790173152.3711073,11882.2546951,2.167913299999782,candidate-warmup,001F13,valid,7955,3,True,
4,1,000030,1790173152.5790973,11882.4626853,2.375903500000277,candidate-warmup,001F13,valid,7955,0,True,
4,1,000030,1790173152.7710874,11882.6546753,2.5678934999996272,candidate-warmup,001F13,valid,7955,0,True,
4,1,000030,1790173152.9625003,11882.8460885,2.7593066999997973,candidate-warmup,001F13,valid,7955,0,True,
4,1,000030,1790173153.1704886,11883.0540782,2.967296400000123,candidate-warmup,001F13,valid,7955,0,True,
4,1,000030,1790173153.362485,11883.2460736,3.159291799998755,candidate-warmup,001F13,valid,7955,0,True,
4,1,000030,1790173153.554062,11883.4376496,3.3508677999998326,candidate-warmup,001F15,valid,7957,2,True,
4,1,000030,1790173153.762049,11883.6456388,3.558856999999989,candidate-warmup,001F15,valid,7957,0,True,
4,1,000030,1790173153.9540358,11883.8376269,3.750845099999424,candidate-warmup,001F15,valid,7957,0,True,
4,1,000030,1790173154.1460352,11884.0296238,3.9428419999985636,candidate-warmup,001F15,valid,7957,0,True,
4,1,000030,1790173154.3374522,11884.221041,4.134259200000088,candidate-warmup,001F15,valid,7957,0,True,
4,1,000030,1790173154.545074,11884.4286618,4.3418799999999464,candidate-warmup,001F15,valid,7957,0,True,
4,1,000030,1790173154.7370207,11884.6206084,4.533826599999884,candidate-warmup,001F15,valid,7957,0,True,
4,1,000030,1790173154.9290118,11884.8126022,4.725820399999066,candidate-warmup,001F17,valid,7959,2,True,
4,1,000030,1790173155.137014,11885.0206021,4.9338202999988425,candidate-warmup,001F1B,valid,7963,4,True,
4,1,000030,1790173155.328421,11885.2120099,5.125228099999731,candidate-warmup,001F1C,valid,7964,1,True,
4,1,000030,1790173155.520419,11885.4040069,5.317225099999632,candidate-warmup,001F2B,valid,7979,15,True,
4,1,000030,1790173155.7124145,11885.5960021,5.50922029999856,candidate-warmup,001F30,valid,7984,5,True,
4,1,000030,1790173155.9199991,11885.8035881,5.716806299999007,candidate-warmup,001F32,valid,7986,2,True,
4,1,000030,1790173156.1119714,11885.9955629,5.9087810999990324,candidate-warmup,001F33,valid,7987,1,True,
4,1,000030,1790173156.3039706,11886.1875599,6.100778099998934,candidate-warmup,001F34,valid,7988,1,True,
4,1,000030,1790173156.5113912,11886.3949794,6.308197599999403,candidate-warmup,001F39,valid,7993,5,True,
4,1,000030,1790173156.7033823,11886.58697,6.500188199999684,candidate-warmup,001F40,valid,8000,7,True,
4,1,000030,1790173156.8949435,11886.7785331,6.691751299998941,candidate-warmup,001F43,valid,8003,3,True,
4,1,000030,1790173157.1029418,11886.9865321,6.899750299999141,candidate-warmup,001F43,valid,8003,0,True,
4,1,000030,1790173157.294942,11887.1785299,7.091748099999677,candidate-measurement,001F43,valid,8003,0,True,
4,1,000030,1790173157.4863548,11887.3699441,7.2831623000001855,candidate-measurement,001F43,valid,8003,0,True,
4,1,000030,1790173157.6783507,11887.5619381,7.475156299999071,candidate-measurement,001F44,valid,8004,1,True,
4,1,000030,1790173157.8859196,11887.76951,7.682728199999474,candidate-measurement,001F46,valid,8006,2,True,
4,1,000030,1790173158.077907,11887.9614985,7.8747167000001355,candidate-measurement,001F49,valid,8009,3,True,
4,1,000030,1790173158.2699027,11888.1534933,8.066711499999656,candidate-measurement,001F51,valid,8017,8,True,
4,1,000030,1790173158.477323,11888.3609057,8.274123899998813,candidate-measurement,001F58,valid,8024,7,True,
4,1,000030,1790173158.6693401,11888.552928,8.466146199998548,candidate-measurement,001F5B,valid,8027,3,True,
4,1,000030,1790173158.8608842,11888.7444716,8.657689800000298,candidate-measurement,001F5C,valid,8028,1,True,
4,1,000030,1790173159.0688715,11888.9524615,8.865679699998509,candidate-measurement,001F5C,valid,8028,0,True,
4,1,000030,1790173159.260877,11889.1444626,9.057680799998707,candidate-measurement,001F5C,valid,8028,0,True,
4,1,000030,1790173159.4522963,11889.3358842,9.249102399999174,candidate-measurement,001F5C,valid,8028,0,True,
4,1,000030,1790173159.6442928,11889.5278803,9.441098499999498,candidate-measurement,001F5C,valid,8028,0,True,
4,1,000030,1790173159.8519182,11889.7355088,9.64872699999978,candidate-measurement,001F5D,valid,8029,1,True,
4,1,000030,1790173160.0438554,11889.9274437,9.840661899999759,candidate-measurement,001F5E,valid,8030,1,True,
4,1,000030,1790173160.2358453,11890.1194333,10.032651499999702,candidate-measurement,001F60,valid,8032,2,True,
4,1,000030,1790173160.443262,11890.3268504,10.240068600000086,candidate-measurement,001F61,valid,8033,1,True,
4,1,000030,1790173160.6352587,11890.5188467,10.432064900000114,candidate-measurement,001F63,valid,8035,2,True,
4,1,000030,1790173160.8272488,11890.7108367,10.624054899999464,candidate-measurement,001F63,valid,8035,0,True,
4,1,000030,1790173161.0348148,11890.918403,10.831621199999063,candidate-measurement,001F6C,valid,8044,9,True,
4,1,000030,1790173161.2268023,11891.1103931,11.023611299999175,candidate-measurement,001F6E,valid,8046,2,True,
4,1,000030,1790173161.4188008,11891.3023895,11.215607699999964,candidate-measurement,001F70,valid,8048,2,True,
4,1,000030,1790173161.6262145,11891.5098023,11.423020499998529,candidate-measurement,001F72,valid,8050,2,True,
4,1,000030,1790173161.8182194,11891.7018076,11.615025799999785,candidate-measurement,001F73,valid,8051,1,True,
4,1,000030,1790173162.0102067,11891.8937947,11.807012899998881,candidate-measurement,001F74,valid,8052,1,True,
4,1,000030,1790173162.2017763,11892.0853672,11.998585399998774,candidate-measurement,001F78,valid,8056,4,True,
4,1,000030,1790173162.4097834,11892.2933715,12.206589699999313,candidate-measurement,001F81,valid,8065,9,True,
4,1,000030,1790173162.6017692,11892.4853575,12.398575699999128,candidate-measurement,001F87,valid,8071,6,True,
4,1,000030,1790173162.793756,11892.6773442,12.590562399998817,candidate-measurement,001F89,valid,8073,2,True,
4,1,000030,1790173163.0011668,11892.8847556,12.797973799999454,candidate-measurement,001F8A,valid,8074,1,True,
4,1,000030,1790173163.1931672,11893.0767551,12.989973300000202,candidate-measurement,001F8A,valid,8074,0,True,
4,1,000030,1790173163.385165,11893.2687526,13.181970800000272,candidate-measurement,001F8C,valid,8076,2,True,
4,1,000030,1790173163.5767355,11893.4603238,13.373541999999361,candidate-measurement,001F8C,valid,8076,0,True,
4,1,000030,1790173163.7847347,11893.6683233,13.58154149999973,candidate-measurement,001F8D,valid,8077,1,True,
4,1,000030,1790173163.9761376,11893.8597284,13.772946600000068,candidate-measurement,001F8E,valid,8078,1,True,
4,1,000030,1790173164.168135,11894.0517263,13.964944499999547,candidate-measurement,001F92,valid,8082,4,True,
4,1,000030,1790173164.3757136,11894.2593019,14.17252009999902,candidate-measurement,001F98,valid,8088,6,True,
4,1,000030,1790173164.5677037,11894.4512919,14.364510100000189,candidate-measurement,001F9B,valid,8091,3,True,
4,1,000030,1790173164.7591162,11894.642705,14.555923199999597,candidate-measurement,001F9B,valid,8091,0,True,
4,1,000030,1790173164.9671044,11894.8506958,14.763913999999204,candidate-measurement,001F9B,valid,8091,0,True,
4,1,000030,1790173165.1586862,11895.0422765,14.95549469999969,candidate-measurement,001F9D,valid,8093,2,True,
4,2,000030,1790173168.020018,11897.9036068,0.2023488000013458,candidate-warmup,00200D,valid,8205,112,True,
4,2,000030,1790173168.2115853,11898.0951758,0.39391780000005383,candidate-warmup,00200D,valid,8205,0,True,
4,2,000030,1790173168.403585,11898.2871746,0.5859166000009282,candidate-warmup,00200D,valid,8205,0,True,
4,2,000030,1790173168.595577,11898.4791651,0.7779071000004478,candidate-warmup,00200D,valid,8205,0,True,
4,2,000030,1790173168.7875724,11898.6711615,0.9699035000012373,candidate-warmup,00200D,valid,8205,0,True,
4,2,000030,1790173168.9789855,11898.8625727,1.1613147000007302,candidate-warmup,00200D,valid,8205,0,True,
4,2,000030,1790173169.1709843,11899.0545723,1.3533143000004202,candidate-warmup,00200D,valid,8205,0,True,
4,2,000030,1790173169.3625498,11899.2461383,1.5448803000017506,candidate-warmup,00200D,valid,8205,0,True,
4,2,000030,1790173169.5545323,11899.4381216,1.7368636000010156,candidate-warmup,00200D,valid,8205,0,True,
4,2,000030,1790173169.7465386,11899.6301277,1.928869700001087,candidate-warmup,00200F,valid,8207,2,True,
4,2,000030,1790173169.9379454,11899.8215366,2.1202786000012566,candidate-warmup,00200F,valid,8207,0,True,
4,2,000030,1790173170.1299596,11900.0135511,2.312293100001625,candidate-warmup,00200F,valid,8207,0,True,
4,2,000030,1790173170.3215098,11900.2051004,2.5038424000013038,candidate-warmup,00200F,valid,8207,0,True,
4,2,000030,1790173170.5135133,11900.3971028,2.6958448000004864,candidate-warmup,00200F,valid,8207,0,True,
4,2,000030,1790173170.705504,11900.5890932,2.8878352000010636,candidate-warmup,002010,valid,8208,1,True,
4,2,000030,1790173170.9134989,11900.7970866,3.095828600000459,candidate-warmup,002010,valid,8208,0,True,
4,2,000030,1790173171.1049156,11900.9885055,3.287247500000376,candidate-warmup,002010,valid,8208,0,True,
4,2,000030,1790173171.2969053,11901.1804968,3.4792388000005303,candidate-warmup,002011,valid,8209,1,True,
4,2,000030,1790173171.504479,11901.3880684,3.686810400000468,candidate-warmup,002011,valid,8209,0,True,
4,2,000030,1790173171.6964693,11901.5800573,3.878799300000537,candidate-warmup,002011,valid,8209,0,True,
4,2,000030,1790173171.888473,11901.7720623,4.070804300001328,candidate-warmup,002013,valid,8211,2,True,
4,2,000030,1790173172.079889,11901.9634807,4.262222700001075,candidate-warmup,002015,valid,8213,2,True,
4,2,000030,1790173172.2874541,11902.1710455,4.469787500000166,candidate-warmup,002016,valid,8214,1,True,
4,2,000030,1790173172.4794514,11902.3630391,4.661781100001463,candidate-warmup,002017,valid,8215,1,True,
4,2,000030,1790173172.671436,11902.5550248,4.8537668000008125,candidate-warmup,002017,valid,8215,0,True,
4,2,000030,1790173172.878858,11902.762447,5.061189000000013,candidate-warmup,00201F,valid,8223,8,True,
4,2,000030,1790173173.0708544,11902.9544422,5.25318420000076,candidate-warmup,002022,valid,8226,3,True,
4,2,000030,1790173173.2624233,11903.146011,5.444753000001583,candidate-warmup,002022,valid,8226,0,True,
4,2,000030,1790173173.4704294,11903.3540204,5.652762400000938,candidate-warmup,002022,valid,8226,0,True,
4,2,000030,1790173173.6618419,11903.5454297,5.844171700000516,candidate-warmup,002022,valid,8226,0,True,
4,2,000030,1790173173.8538182,11903.7374085,6.036150500000076,candidate-warmup,002024,valid,8228,2,True,
4,2,000030,1790173174.0613952,11903.9449861,6.243728100000226,candidate-warmup,002028,valid,8232,4,True,
4,2,000030,1790173174.2533903,11904.1369775,6.435719500001142,candidate-warmup,002028,valid,8232,0,True,
4,2,000030,1790173174.445388,11904.3289752,6.627717200000916,candidate-warmup,002028,valid,8232,0,True,
4,2,000030,1790173174.6368008,11904.5203892,6.819131200001721,candidate-warmup,00202F,valid,8239,7,True,
4,2,000030,1790173174.8447924,11904.7283823,7.027124300000651,candidate-measurement,00203C,valid,8252,13,True,
4,2,000030,1790173175.036782,11904.9203736,7.219115600000805,candidate-measurement,00203E,valid,8254,2,True,
4,2,000030,1790173175.2283587,11905.1119494,7.41069140000036,candidate-measurement,00203E,valid,8254,0,True,
4,2,000030,1790173175.4363508,11905.3199411,7.618683100001363,candidate-measurement,00203F,valid,8255,1,True,
4,2,000030,1790173175.6443453,11905.5279335,7.82667550000042,candidate-measurement,002041,valid,8257,2,True,
4,2,000030,1790173175.8357584,11905.719348,8.018090000001393,candidate-measurement,002044,valid,8260,3,True,
4,2,000030,1790173176.0277584,11905.9113462,8.210088200001337,candidate-measurement,002049,valid,8265,5,True,
4,2,000030,1790173176.2193294,11906.1029202,8.401662200001738,candidate-measurement,00204D,valid,8269,4,True,
4,2,000030,1790173176.4113195,11906.2949103,8.59365230000003,candidate-measurement,00204F,valid,8271,2,True,
4,2,000030,1790173176.6033132,11906.4869027,8.785644700001285,candidate-measurement,00204F,valid,8271,0,True,
4,2,000030,1790173176.810732,11906.6943217,8.993063700001585,candidate-measurement,00204F,valid,8271,0,True,
4,2,000030,1790173177.0027387,11906.8863277,9.185069700000895,candidate-measurement,002050,valid,8272,1,True,
4,2,000030,1790173177.1942933,11907.077884,9.376626000001124,candidate-measurement,002051,valid,8273,1,True,
4,2,000030,1790173177.4022853,11907.2858755,9.584617500000604,candidate-measurement,002052,valid,8274,1,True,
4,2,000030,1790173177.5942848,11907.4778737,9.776615700000548,candidate-measurement,002052,valid,8274,0,True,
4,2,000030,1790173177.785702,11907.6692899,9.968031900001733,candidate-measurement,002052,valid,8274,0,True,
4,2,000030,1790173177.9776924,11907.8612839,10.160025900000619,candidate-measurement,002055,valid,8277,3,True,
4,2,000030,1790173178.185268,11908.0688594,10.36760140000115,candidate-measurement,002058,valid,8280,3,True,
4,2,000030,1790173178.377247,11908.2608387,10.559580700000879,candidate-measurement,002065,valid,8293,13,True,
4,2,000030,1790173178.569255,11908.4528432,10.7515852000015,candidate-measurement,00206A,valid,8298,5,True,
4,2,000030,1790173178.7766674,11908.6602554,10.958997400000953,candidate-measurement,00206A,valid,8298,0,True,
4,2,000030,1790173178.9687045,11908.8522922,11.15103420000014,candidate-measurement,00206B,valid,8299,1,True,
4,2,000030,1790173179.1606495,11909.044241,11.342983000000459,candidate-measurement,00206B,valid,8299,0,True,
4,2,000030,1790173179.3682358,11909.2518275,11.550569500001075,candidate-measurement,00206B,valid,8299,0,True,
4,2,000030,1790173179.5602217,11909.4438109,11.742552900001101,candidate-measurement,00206D,valid,8301,2,True,
4,2,000030,1790173179.7522147,11909.6358032,11.934545200001594,candidate-measurement,00206F,valid,8303,2,True,
4,2,000030,1790173179.9436178,11909.8272093,12.125951300000452,candidate-measurement,002071,valid,8305,2,True,
4,2,000030,1790173180.1516125,11910.0352037,12.333945700000186,candidate-measurement,002071,valid,8305,0,True,
4,2,000030,1790173180.343195,11910.226785,12.525527000001603,candidate-measurement,002071,valid,8305,0,True,
4,2,000030,1790173180.5351858,11910.4187771,12.717519100000573,candidate-measurement,002075,valid,8309,4,True,
4,2,000030,1790173180.7431822,11910.6267703,12.925512300000264,candidate-measurement,00207C,valid,8316,7,True,
4,2,000030,1790173180.9345956,11910.8181861,13.116928100000223,candidate-measurement,00207D,valid,8317,1,True,
4,2,000030,1790173181.1265938,11911.0101829,13.30892490000042,candidate-measurement,00207D,valid,8317,0,True,
4,2,000030,1790173181.3345776,11911.2181688,13.516910800000915,candidate-measurement,00207D,valid,8317,0,True,
4,2,000030,1790173181.5421553,11911.4257459,13.724487900000895,candidate-measurement,002080,valid,8320,3,True,
4,2,000030,1790173181.7341516,11911.6177407,13.916482700000415,candidate-measurement,002082,valid,8322,2,True,
4,2,000030,1790173181.92556,11911.8091498,14.107891800000289,candidate-measurement,002087,valid,8327,5,True,
4,2,000030,1790173182.1175594,11912.0011489,14.299890900001628,candidate-measurement,002096,valid,8342,15,True,
4,2,000030,1790173182.3091288,11912.1927192,14.49146120000114,candidate-measurement,002098,valid,8344,2,True,
4,2,000030,1790173182.5011294,11912.3847185,14.683460500000365,candidate-measurement,00209A,valid,8346,2,True,
4,2,000030,1790173182.7091177,11912.592706,14.89144800000031,candidate-measurement,00209A,valid,8346,0,True,
4,3,000030,1790173185.634027,11915.5176154,0.2025525999997626,candidate-warmup,00210E,valid,8462,116,True,
4,3,000030,1790173185.826476,11915.7100621,0.3949993000005634,candidate-warmup,00210E,valid,8462,0,True,
4,3,000030,1790173186.0174286,11915.9010164,0.5859535999989021,candidate-warmup,00210E,valid,8462,0,True,
4,3,000030,1790173186.2094207,11916.0930106,0.7779477999993105,candidate-warmup,00210E,valid,8462,0,True,
4,3,000030,1790173186.4009993,11916.2845905,0.969527699999162,candidate-warmup,00210E,valid,8462,0,True,
4,3,000030,1790173186.5929945,11916.4765823,1.1615194999994856,candidate-warmup,00210E,valid,8462,0,True,
4,3,000030,1790173186.7849886,11916.6685778,1.353514999998879,candidate-warmup,00210E,valid,8462,0,True,
4,3,000030,1790173186.976394,11916.8599849,1.5449220999998943,candidate-warmup,00210E,valid,8462,0,True,
4,3,000030,1790173187.1684022,11917.0519898,1.7369269999999233,candidate-warmup,00210F,valid,8463,1,True,
4,3,000030,1790173187.375964,11917.2595554,1.9444925999996485,candidate-warmup,00210F,valid,8463,0,True,
4,3,000030,1790173187.567954,11917.451545,2.136482199999591,candidate-warmup,00210F,valid,8463,0,True,
4,3,000030,1790173187.759958,11917.6435456,2.3284827999996196,candidate-warmup,002111,valid,8465,2,True,
4,3,000030,1790173187.9673693,11917.8509583,2.535895499999242,candidate-warmup,002111,valid,8465,0,True,
4,3,000030,1790173188.1593666,11918.0429551,2.7278922999994393,candidate-warmup,002113,valid,8467,2,True,
4,3,000030,1790173188.3509333,11918.2345243,2.91946149999967,candidate-warmup,002113,valid,8467,0,True,
4,3,000030,1790173188.558931,11918.4425217,3.12745890000042,candidate-warmup,002113,valid,8467,0,True,
4,3,000030,1790173188.7503452,11918.6339336,3.318870799999786,candidate-warmup,002114,valid,8468,1,True,
4,3,000030,1790173188.9423335,11918.8259247,3.5108619000002363,candidate-warmup,002117,valid,8471,3,True,
4,3,000030,1790173189.149912,11919.0335032,3.718440399999963,candidate-warmup,002119,valid,8473,2,True,
4,3,000030,1790173189.3418996,11919.225491,3.9104281999989325,candidate-warmup,00211A,valid,8474,1,True,
4,3,000030,1790173189.533907,11919.4174983,4.102435499999046,candidate-warmup,00211B,valid,8475,1,True,
4,3,000030,1790173189.7253141,11919.6089018,4.2938389999999345,candidate-warmup,00211D,valid,8477,2,True,
4,3,000030,1790173189.9332976,11919.8168875,4.501824699998906,candidate-warmup,00211D,valid,8477,0,True,
4,3,000030,1790173190.1252975,11920.0088885,4.693825700000161,candidate-warmup,00211D,valid,8477,0,True,
4,3,000030,1790173190.316865,11920.200456,4.8853932000001805,candidate-warmup,00211D,valid,8477,0,True,
4,3,000030,1790173190.5248663,11920.4084563,5.093393499999365,candidate-warmup,00211E,valid,8478,1,True,
4,3,000030,1790173190.7162836,11920.5998717,5.284808899999916,candidate-warmup,00211F,valid,8479,1,True,
4,3,000030,1790173190.9082735,11920.791864,5.476801200000409,candidate-warmup,00211F,valid,8479,0,True,
4,3,000030,1790173191.1002634,11920.9838522,5.668789399998786,candidate-warmup,00211F,valid,8479,0,True,
4,3,000030,1790173191.307844,11921.1914321,5.8763693000000785,candidate-warmup,00211F,valid,8479,0,True,
4,3,000030,1790173191.4998302,11921.3834212,6.068358399999852,candidate-warmup,002121,valid,8481,2,True,
4,3,000030,1790173191.691249,11921.5748377,6.259774899999684,candidate-warmup,002123,valid,8483,2,True,
4,3,000030,1790173191.8992562,11921.7828433,6.467780499999208,candidate-warmup,002123,valid,8483,0,True,
4,3,000030,1790173192.091236,11921.9748244,6.659761599999911,candidate-warmup,002125,valid,8485,2,True,
4,3,000030,1790173192.2828026,11922.1663942,6.851331399999253,candidate-warmup,002125,valid,8485,0,True,
4,3,000030,1790173192.4908004,11922.3743918,7.059328999999707,candidate-measurement,002128,valid,8488,3,True,
4,3,000030,1790173192.6827958,11922.5663845,7.2513216999996075,candidate-measurement,002131,valid,8497,9,True,
4,3,000030,1790173192.87479,11922.7583788,7.443315999998958,candidate-measurement,002131,valid,8497,0,True,
4,3,000030,1790173193.0662003,11922.9497898,7.6347270000005665,candidate-measurement,002132,valid,8498,1,True,
4,3,000030,1790173193.273774,11923.1573653,7.842302499999278,candidate-measurement,002134,valid,8500,2,True,
4,3,000030,1790173193.4657633,11923.3493546,8.034291800000574,candidate-measurement,002136,valid,8502,2,True,
4,3,000030,1790173193.6577704,11923.5413591,8.226296299999376,candidate-measurement,002136,valid,8502,0,True,
4,3,000030,1790173193.8651814,11923.7487697,8.433706899999379,candidate-measurement,002136,valid,8502,0,True,
4,3,000030,1790173194.056752,11923.9403431,8.625280299998849,candidate-measurement,00213B,valid,8507,5,True,
4,3,000030,1790173194.2487419,11924.1323301,8.817267299999003,candidate-measurement,002148,valid,8520,13,True,
4,3,000030,1790173194.4567392,11924.3403269,9.025264099998822,candidate-measurement,00214C,valid,8524,4,True,
4,3,000030,1790173194.64816,11924.531748,9.21668519999912,candidate-measurement,00214C,valid,8524,0,True,
4,3,000030,1790173194.8401506,11924.723739,9.408676199998808,candidate-measurement,00214D,valid,8525,1,True,
4,3,000030,1790173195.0477097,11924.9313008,9.616238000000521,candidate-measurement,00214D,valid,8525,0,True,
4,3,000030,1790173195.2397177,11925.1233052,9.808242400000381,candidate-measurement,00214E,valid,8526,1,True,
4,3,000030,1790173195.4311273,11925.3147186,9.999655800000255,candidate-measurement,002150,valid,8528,2,True,
4,3,000030,1790173195.6231182,11925.5067081,10.191645299999436,candidate-measurement,002156,valid,8534,6,True,
4,3,000030,1790173195.8307445,11925.7143327,10.399269899999126,candidate-measurement,00215C,valid,8540,6,True,
4,3,000030,1790173196.0226896,11925.9062787,10.591215899999952,candidate-measurement,00215D,valid,8541,1,True,
4,3,000030,1790173196.2146807,11926.098272,10.783209199998964,candidate-measurement,00215E,valid,8542,1,True,
4,3,000030,1790173196.4226878,11926.306278,10.991215199999715,candidate-measurement,002160,valid,8544,2,True,
4,3,000030,1790173196.6140916,11926.4976825,11.182619699999123,candidate-measurement,002160,valid,8544,0,True,
4,3,000030,1790173196.8060777,11926.6896664,11.374603599999318,candidate-measurement,002160,valid,8544,0,True,
4,3,000030,1790173197.0136573,11926.8972477,11.582184900000357,candidate-measurement,002160,valid,8544,0,True,
4,3,000030,1790173197.2056465,11927.0892362,11.7741733999992,candidate-measurement,002161,valid,8545,1,True,
4,3,000030,1790173197.3976712,11927.2812588,11.9661959999994,candidate-measurement,002164,valid,8548,3,True,
4,3,000030,1790173197.605059,11927.488646,12.173583199999484,candidate-measurement,00216C,valid,8556,8,True,
4,3,000030,1790173197.7970493,11927.680638,12.365575199999512,candidate-measurement,002178,valid,8568,12,True,
4,3,000030,1790173197.9890447,11927.8726326,12.557569799999328,candidate-measurement,002178,valid,8568,0,True,
4,3,000030,1790173198.180621,11928.0642093,12.749146500000279,candidate-measurement,002179,valid,8569,1,True,
4,3,000030,1790173198.3886144,11928.2722021,12.957139300000563,candidate-measurement,002179,valid,8569,0,True,
4,3,000030,1790173198.5806026,11928.4641941,13.14913130000059,candidate-measurement,00217A,valid,8570,1,True,
4,3,000030,1790173198.772022,11928.655611,13.34054819999983,candidate-measurement,00217C,valid,8572,2,True,
4,3,000030,1790173198.979593,11928.8631806,13.54811779999909,candidate-measurement,00217D,valid,8573,1,True,
4,3,000030,1790173199.171589,11929.0551773,13.740114500000345,candidate-measurement,00217F,valid,8575,2,True,
4,3,000030,1790173199.3635755,11929.2471668,13.932103999999526,candidate-measurement,002180,valid,8576,1,True,
4,3,000030,1790173199.555568,11929.4391577,14.124094900000273,candidate-measurement,002186,valid,8582,6,True,
4,3,000030,1790173199.7629943,11929.6465819,14.33151910000015,candidate-measurement,00218B,valid,8587,5,True,
4,3,000030,1790173199.9549751,11929.838564,14.523501199999373,candidate-measurement,00218B,valid,8587,0,True,
4,3,000030,1790173200.1465595,11930.0301478,14.715084999999817,candidate-measurement,00218B,valid,8587,0,True,
4,3,000030,1790173200.354546,11930.2381365,14.923073699999804,candidate-measurement,00218B,valid,8587,0,True,
5,1,000040,1790173203.2638848,11933.1474733,0.20238729999982752,candidate-warmup,0021F5,valid,8693,106,True,
5,1,000040,1790173203.4554431,11933.3390336,0.39394759999959206,candidate-warmup,0021F5,valid,8693,0,True,
5,1,000040,1790173203.6634505,11933.547039,0.601952999999412,candidate-warmup,0021F5,valid,8693,0,True,
5,1,000040,1790173203.8554306,11933.7390197,0.7939337000007072,candidate-warmup,0021F5,valid,8693,0,True,
5,1,000040,1790173204.0468457,11933.9304351,0.9853490999994392,candidate-warmup,0021F6,valid,8694,1,True,
5,1,000040,1790173204.254838,11934.1384293,1.1933432999994693,candidate-warmup,0021F6,valid,8694,0,True,
5,1,000040,1790173204.4468303,11934.3304217,1.3853357000007236,candidate-warmup,0021F6,valid,8694,0,True,
5,1,000040,1790173204.638424,11934.5220121,1.5769261000004917,candidate-warmup,0021F6,valid,8694,0,True,
5,1,000040,1790173204.8304057,11934.7139939,1.768907900001068,candidate-warmup,0021F6,valid,8694,0,True,
5,1,000040,1790173205.0384152,11934.9220028,1.9769168000002537,candidate-warmup,0021F7,valid,8695,1,True,
5,1,000040,1790173205.22981,11935.1134012,2.1683152000005066,candidate-warmup,0021F8,valid,8696,1,True,
5,1,000040,1790173205.4217997,11935.305391,2.360305000000153,candidate-warmup,0021F9,valid,8697,1,True,
5,1,000040,1790173205.6293757,11935.5129645,2.567878500000006,candidate-warmup,0021FA,valid,8698,1,True,
5,1,000040,1790173205.8213794,11935.7049679,2.7598818999995274,candidate-warmup,0021FC,valid,8700,2,True,
5,1,000040,1790173206.0133696,11935.8969593,2.951873300000443,candidate-warmup,0021FC,valid,8700,0,True,
5,1,000040,1790173206.2207828,11936.1043724,3.1592863999994734,candidate-warmup,0021FC,valid,8700,0,True,
5,1,000040,1790173206.4127662,11936.2963563,3.351270299999669,candidate-warmup,0021FC,valid,8700,0,True,
5,1,000040,1790173206.6043427,11936.4879339,3.542847900000197,candidate-warmup,0021FE,valid,8702,2,True,
5,1,000040,1790173206.7963424,11936.6799319,3.734845900000437,candidate-warmup,002200,valid,8704,2,True,
5,1,000040,1790173207.0043304,11936.8879213,3.942835300000297,candidate-warmup,002201,valid,8705,1,True,
5,1,000040,1790173207.195742,11937.0793329,4.134246900001017,candidate-warmup,002201,valid,8705,0,True,
5,1,000040,1790173207.3877456,11937.2713345,4.326248499999565,candidate-warmup,002202,valid,8706,1,True,
5,1,000040,1790173207.5953462,11937.4789354,4.53384940000069,candidate-warmup,002202,valid,8706,0,True,
5,1,000040,1790173207.7873342,11937.6709226,4.725836600000548,candidate-warmup,002203,valid,8707,1,True,
5,1,000040,1790173207.979304,11937.8628933,4.917807300000277,candidate-warmup,002205,valid,8709,2,True,
5,1,000040,1790173208.186719,11938.0703074,5.125221399999646,candidate-warmup,00220C,valid,8716,7,True,
5,1,000040,1790173208.3782842,11938.2618748,5.316788800000722,candidate-warmup,002211,valid,8721,5,True,
5,1,000040,1790173208.5702848,11938.453875,5.508788999999524,candidate-warmup,002211,valid,8721,0,True,
5,1,000040,1790173208.7622797,11938.6458677,5.700781699999425,candidate-warmup,002213,valid,8723,2,True,
5,1,000040,1790173208.9696946,11938.8532845,5.908198500001163,candidate-warmup,002213,valid,8723,0,True,
5,1,000040,1790173209.161683,11939.0452725,6.100186499999836,candidate-warmup,002213,valid,8723,0,True,
5,1,000040,1790173209.3532598,11939.2368495,6.291763499999433,candidate-warmup,002215,valid,8725,2,True,
5,1,000040,1790173209.561248,11939.4448392,6.499753199999759,candidate-warmup,002218,valid,8728,3,True,
5,1,000040,1790173209.7532525,11939.6368403,6.691754299999957,candidate-warmup,00221E,valid,8734,6,True,
5,1,000040,1790173209.945239,11939.828827,6.883740999999645,candidate-warmup,002226,valid,8742,8,True,
5,1,000040,1790173210.1527138,11940.0363003,7.091214300000502,candidate-measurement,00222A,valid,8746,4,True,
5,1,000040,1790173210.3446677,11940.2282568,7.283170799999425,candidate-measurement,00222C,valid,8748,2,True,
5,1,000040,1790173210.5366428,11940.420233,7.475147000001016,candidate-measurement,00222C,valid,8748,0,True,
5,1,000040,1790173210.7282164,11940.6118045,7.66671850000057,candidate-measurement,00222C,valid,8748,0,True,
5,1,000040,1790173210.9362087,11940.8197981,7.87471209999967,candidate-measurement,00222D,valid,8749,1,True,
5,1,000040,1790173211.1276248,11941.0112146,8.066128599999502,candidate-measurement,00222D,valid,8749,0,True,
5,1,000040,1790173211.3196187,11941.2032095,8.258123499999783,candidate-measurement,00222D,valid,8749,0,True,
5,1,000040,1790173211.5271926,11941.4107813,8.465695299999425,candidate-measurement,002230,valid,8752,3,True,
5,1,000040,1790173211.7191885,11941.6027767,8.657690699999876,candidate-measurement,002231,valid,8753,1,True,
5,1,000040,1790173211.9111779,11941.7947681,8.849682100000791,candidate-measurement,002232,valid,8754,1,True,
5,1,000040,1790173212.11859,11942.0021801,9.05709410000054,candidate-measurement,00223A,valid,8762,8,True,
5,1,000040,1790173212.3101616,11942.193751,9.248665000000983,candidate-measurement,00223E,valid,8766,4,True,
5,1,000040,1790173212.5021558,11942.3857468,9.440660800000842,candidate-measurement,00223E,valid,8766,0,True,
5,1,000040,1790173212.694154,11942.5777432,9.632657199999812,candidate-measurement,002240,valid,8768,2,True,
5,1,000040,1790173212.902143,11942.7857312,9.840645199999926,candidate-measurement,002242,valid,8770,2,True,
5,1,000040,1790173213.09356,11942.9771482,10.032062199999928,candidate-measurement,002243,valid,8771,1,True,
5,1,000040,1790173213.2855556,11943.1691438,10.224057800000082,candidate-measurement,002246,valid,8774,3,True,
5,1,000040,1790173213.4931278,11943.3767156,10.431629599999724,candidate-measurement,002256,valid,8790,16,True,
5,1,000040,1790173213.6851213,11943.5687097,10.62362370000119,candidate-measurement,00225A,valid,8794,4,True,
5,1,000040,1790173213.876535,11943.7601248,10.815038799999456,candidate-measurement,00225A,valid,8794,0,True,
5,1,000040,1790173214.084599,11943.9681856,11.023099600000933,candidate-measurement,00225B,valid,8795,1,True,
5,1,000040,1790173214.2761009,11944.1596888,11.214602800000648,candidate-measurement,00225D,valid,8797,2,True,
5,1,000040,1790173214.4680884,11944.3516771,11.406591099999787,candidate-measurement,002262,valid,8802,5,True,
5,1,000040,1790173214.6600983,11944.5436855,11.598599500001,candidate-measurement,00226A,valid,8810,8,True,
5,1,000040,1790173214.867504,11944.7510917,11.806005700000242,candidate-measurement,00226D,valid,8813,3,True,
5,1,000040,1790173215.059499,11944.943087,11.998000999999931,candidate-measurement,00226D,valid,8813,0,True,
5,1,000040,1790173215.2514849,11945.1350735,12.189987499999916,candidate-measurement,00226E,valid,8814,1,True,
5,1,000040,1790173215.4590673,11945.3426577,12.39757169999939,candidate-measurement,00226E,valid,8814,0,True,
5,1,000040,1790173215.651074,11945.5346618,12.589575800000603,candidate-measurement,00226E,valid,8814,0,True,
5,1,000040,1790173215.843053,11945.7266414,12.781555400000798,candidate-measurement,002270,valid,8816,2,True,
5,1,000040,1790173216.0505018,11945.9340919,12.989005900000848,candidate-measurement,002278,valid,8824,8,True,
5,1,000040,1790173216.258464,11946.1420531,13.19696710000062,candidate-measurement,002284,valid,8836,12,True,
5,1,000040,1790173216.4500282,11946.3336188,13.388532799999666,candidate-measurement,002286,valid,8838,2,True,
5,1,000040,1790173216.6420264,11946.5256143,13.580528300000879,candidate-measurement,002287,valid,8839,1,True,
5,1,000040,1790173216.8340216,11946.7176095,13.772523499999807,candidate-measurement,002287,valid,8839,0,True,
5,1,000040,1790173217.0254393,11946.9090272,13.963941199999681,candidate-measurement,002288,valid,8840,1,True,
5,1,000040,1790173217.217439,11947.1010262,14.15594020000026,candidate-measurement,00228A,valid,8842,2,True,
5,1,000040,1790173217.424994,11947.3085827,14.363496699999814,candidate-measurement,00228D,valid,8845,3,True,
5,1,000040,1790173217.6169996,11947.5005875,14.5555015000009,candidate-measurement,00228D,valid,8845,0,True,
5,1,000040,1790173217.808987,11947.6925748,14.7474887999997,candidate-measurement,002297,valid,8855,10,True,
5,1,000040,1790173218.016405,11947.8999928,14.954906799999662,candidate-measurement,002298,valid,8856,1,True,
5,2,000040,1790173220.8778923,11950.7614803,0.20197340000049735,candidate-warmup,0022FC,valid,8956,99,True,
5,2,000040,1790173221.0692992,11950.9528874,0.3933805000015127,candidate-warmup,0022FC,valid,8956,0,True,
5,2,000040,1790173221.2612944,11951.1448826,0.5853757000004407,candidate-warmup,0022FC,valid,8956,0,True,
5,2,000040,1790173221.4528737,11951.3364622,0.7769553000016458,candidate-warmup,0022FC,valid,8956,0,True,
5,2,000040,1790173221.644869,11951.5284563,0.9689494000012928,candidate-warmup,0022FC,valid,8956,0,True,
5,2,000040,1790173221.836896,11951.7204831,1.1609762000007322,candidate-warmup,0022FD,valid,8957,1,True,
5,2,000040,1790173222.0282738,11951.9118618,1.3523549000001367,candidate-warmup,0022FD,valid,8957,0,True,
5,2,000040,1790173222.2202692,11952.1038571,1.5443502000016451,candidate-warmup,0022FD,valid,8957,0,True,
5,2,000040,1790173222.4122677,11952.2958558,1.736348899999939,candidate-warmup,0022FD,valid,8957,0,True,
5,2,000040,1790173222.6038332,11952.4874207,1.9279138000001694,candidate-warmup,0022FD,valid,8957,0,True,
5,2,000040,1790173222.7958257,11952.6794142,2.1199073000007047,candidate-warmup,0022FD,valid,8957,0,True,
5,2,000040,1790173222.9878242,11952.8714119,2.311905000000479,candidate-warmup,0022FD,valid,8957,0,True,
5,2,000040,1790173223.1792371,11953.0628253,2.503318400000353,candidate-warmup,0022FD,valid,8957,0,True,
5,2,000040,1790173223.371231,11953.2548185,2.695311600000423,candidate-warmup,0022FD,valid,8957,0,True,
5,2,000040,1790173223.5628014,11953.44639,2.8868830999999773,candidate-warmup,0022FD,valid,8957,0,True,
5,2,000040,1790173223.7547996,11953.638388,3.078881100000217,candidate-warmup,0022FF,valid,8959,2,True,
5,2,000040,1790173223.9627895,11953.846378,3.286871100001008,candidate-warmup,002307,valid,8967,8,True,
5,2,000040,1790173224.1548004,11954.0383879,3.4788810000009107,candidate-warmup,00230A,valid,8970,3,True,
5,2,000040,1790173224.3462012,11954.2297893,3.67028240000036,candidate-warmup,00230A,valid,8970,0,True,
5,2,000040,1790173224.5541952,11954.4377837,3.8782768000000942,candidate-warmup,00230B,valid,8971,1,True,
5,2,000040,1790173224.7457712,11954.6293594,4.069852500000707,candidate-warmup,00230D,valid,8973,2,True,
5,2,000040,1790173224.9377642,11954.8213517,4.2618448000011995,candidate-warmup,00230E,valid,8974,1,True,
5,2,000040,1790173225.1297503,11955.0133384,4.453831500000888,candidate-warmup,00230E,valid,8974,0,True,
5,2,000040,1790173225.3371625,11955.2207509,4.661244000000806,candidate-warmup,00230E,valid,8974,0,True,
5,2,000040,1790173225.5291612,11955.4127493,4.853242400000454,candidate-warmup,00230F,valid,8975,1,True,
5,2,000040,1790173225.720739,11955.6043265,5.044819600001574,candidate-warmup,00230F,valid,8975,0,True,
5,2,000040,1790173225.928722,11955.8123097,5.252802800001518,candidate-warmup,002311,valid,8977,2,True,
5,2,000040,1790173226.1207237,11956.0043114,5.444804500000828,candidate-warmup,002312,valid,8978,1,True,
5,2,000040,1790173226.3121324,11956.1957203,5.636213400000997,candidate-warmup,002318,valid,8984,6,True,
5,2,000040,1790173226.520126,11956.4037145,5.8442076000010275,candidate-warmup,00231F,valid,8991,7,True,
5,2,000040,1790173226.711706,11956.5952939,6.03578700000071,candidate-warmup,002321,valid,8993,2,True,
5,2,000040,1790173226.9036963,11956.7872842,6.227777300000525,candidate-warmup,002321,valid,8993,0,True,
5,2,000040,1790173227.0956867,11956.9792751,6.419768200001272,candidate-warmup,002321,valid,8993,0,True,
5,2,000040,1790173227.3031054,11957.1866932,6.627186300000176,candidate-warmup,002322,valid,8994,1,True,
5,2,000040,1790173227.495093,11957.3786811,6.819174200001726,candidate-warmup,002322,valid,8994,0,True,
5,2,000040,1790173227.686674,11957.5702623,7.010755400000562,candidate-measurement,002326,valid,8998,4,True,
5,2,000040,1790173227.8946588,11957.7782469,7.218740000000253,candidate-measurement,00232F,valid,9007,9,True,
5,2,000040,1790173228.0860786,11957.9696673,7.410160400000677,candidate-measurement,002338,valid,9016,9,True,
5,2,000040,1790173228.2780735,11958.1616616,7.602154700000028,candidate-measurement,00233A,valid,9018,2,True,
5,2,000040,1790173228.4860628,11958.3696499,7.810143000000608,candidate-measurement,00233B,valid,9019,1,True,
5,2,000040,1790173228.6776369,11958.5612249,8.001718000001347,candidate-measurement,00233B,valid,9019,0,True,
5,2,000040,1790173228.8696356,11958.7532246,8.19371769999998,candidate-measurement,00233B,valid,9019,0,True,
5,2,000040,1790173229.0616229,11958.945211,8.385704100001021,candidate-measurement,00233C,valid,9020,1,True,
5,2,000040,1790173229.269042,11959.1526298,8.593122900001617,candidate-measurement,00233E,valid,9022,2,True,
5,2,000040,1790173229.4610324,11959.3446204,8.78511350000008,candidate-measurement,002341,valid,9025,3,True,
5,2,000040,1790173229.6526153,11959.5362034,8.976696500001708,candidate-measurement,002341,valid,9025,0,True,
5,2,000040,1790173229.8605983,11959.7441862,9.184679300000425,candidate-measurement,002346,valid,9030,5,True,
5,2,000040,1790173230.0525954,11959.9361843,9.376677400001427,candidate-measurement,00234C,valid,9036,6,True,
5,2,000040,1790173230.2440028,11960.1275942,9.568087300000116,candidate-measurement,00234D,valid,9037,1,True,
5,2,000040,1790173230.451994,11960.3355848,9.776077900000018,candidate-measurement,00234F,valid,9039,2,True,
5,2,000040,1790173230.6595721,11960.5431612,9.983654300000126,candidate-measurement,002352,valid,9042,3,True,
5,2,000040,1790173230.8515625,11960.7351519,10.175645000001168,candidate-measurement,002352,valid,9042,0,True,
5,2,000040,1790173231.0435514,11960.9271426,10.367635700000392,candidate-measurement,002359,valid,9049,7,True,
5,2,000040,1790173231.2349706,11961.1185617,10.559054800000013,candidate-measurement,002368,valid,9064,15,True,
5,2,000040,1790173231.426549,11961.3101392,10.750632300001598,candidate-measurement,002369,valid,9065,1,True,
5,2,000040,1790173231.6185403,11961.5021315,10.942624600000272,candidate-measurement,00236B,valid,9067,2,True,
5,2,000040,1790173231.8265336,11961.7101218,11.150614900001528,candidate-measurement,00236F,valid,9071,4,True,
5,2,000040,1790173232.017947,11961.9015361,11.34202920000098,candidate-measurement,002379,valid,9081,10,True,
5,2,000040,1790173232.2099402,11962.09353,11.534023100000923,candidate-measurement,00237B,valid,9083,2,True,
5,2,000040,1790173232.417526,11962.3011162,11.741609300001073,candidate-measurement,00237B,valid,9083,0,True,
5,2,000040,1790173232.6095092,11962.493098,11.93359110000165,candidate-measurement,00237D,valid,9085,2,True,
5,2,000040,1790173232.8015058,11962.6850943,12.125587400001677,candidate-measurement,00237E,valid,9086,1,True,
5,2,000040,1790173232.9929154,11962.8765061,12.316999200000282,candidate-measurement,002386,valid,9094,8,True,
5,2,000040,1790173233.2009075,11963.0844972,12.524990300000354,candidate-measurement,002393,valid,9107,13,True,
5,2,000040,1790173233.3924892,11963.2760781,12.716571200000544,candidate-measurement,002393,valid,9107,0,True,
5,2,000040,1790173233.5844717,11963.468062,12.90855510000074,candidate-measurement,002394,valid,9108,1,True,
5,2,000040,1790173233.7924652,11963.6760533,13.116546400000516,candidate-measurement,002394,valid,9108,0,True,
5,2,000040,1790173233.983882,11963.8674698,13.307962900000348,candidate-measurement,002396,valid,9110,2,True,
5,2,000040,1790173234.1758792,11964.0594699,13.499963000000207,candidate-measurement,002398,valid,9112,2,True,
5,2,000040,1790173234.38346,11964.2670492,13.707542300000569,candidate-measurement,00239B,valid,9115,3,True,
5,2,000040,1790173234.5754468,11964.4590351,13.899528200001441,candidate-measurement,00239B,valid,9115,0,True,
5,2,000040,1790173234.7674532,11964.6510409,14.091534000001047,candidate-measurement,0023A2,valid,9122,7,True,
5,2,000040,1790173234.9588552,11964.8424432,14.282936300000074,candidate-measurement,0023A7,valid,9127,5,True,
5,2,000040,1790173235.166845,11965.0504329,14.4909260000004,candidate-measurement,0023A7,valid,9127,0,True,
5,2,000040,1790173235.3584268,11965.2420144,14.68250750000152,candidate-measurement,0023AA,valid,9130,3,True,
5,2,000040,1790173235.5504105,11965.4339987,14.874491800001124,candidate-measurement,0023AC,valid,9132,2,True,
5,3,000040,1790173238.5067601,11968.3903482,0.20198700000037206,candidate-warmup,00243B,valid,9275,137,True,
5,3,000040,1790173238.6983173,11968.5819051,0.3935438999997132,candidate-warmup,00243B,valid,9275,0,True,
5,3,000040,1790173238.8903122,11968.7738994,0.5855381999990641,candidate-warmup,00243B,valid,9275,0,True,
5,3,000040,1790173239.082299,11968.9658883,0.7775270999991335,candidate-warmup,00243B,valid,9275,0,True,
5,3,000040,1790173239.273709,11969.1572983,0.968937100000403,candidate-warmup,00243B,valid,9275,0,True,
5,3,000040,1790173239.4657266,11969.3493142,1.160953000000518,candidate-warmup,00243B,valid,9275,0,True,
5,3,000040,1790173239.6572895,11969.5408775,1.352516299999479,candidate-warmup,00243B,valid,9275,0,True,
5,3,000040,1790173239.8492725,11969.7328627,1.5445015000004787,candidate-warmup,00243B,valid,9275,0,True,
5,3,000040,1790173240.0412664,11969.9248562,1.736494999999195,candidate-warmup,00243B,valid,9275,0,True,
5,3,000040,1790173240.2486792,11970.1322692,1.9439079999992828,candidate-warmup,00243B,valid,9275,0,True,
5,3,000040,1790173240.4406729,11970.3242639,2.1359026999998605,candidate-warmup,00243D,valid,9277,2,True,
5,3,000040,1790173240.6326883,11970.5162774,2.3279161999998905,candidate-warmup,00243D,valid,9277,0,True,
5,3,000040,1790173240.8242385,11970.7078284,2.519467199999781,candidate-warmup,00243D,valid,9277,0,True,
5,3,000040,1790173241.032236,11970.9158258,2.7274646000005305,candidate-warmup,002440,valid,9280,3,True,
5,3,000040,1790173241.22423,11971.1078201,2.9194588999998814,candidate-warmup,002442,valid,9282,2,True,
5,3,000040,1790173241.4156446,11971.2992352,3.110873999999967,candidate-warmup,002444,valid,9284,2,True,
5,3,000040,1790173241.6232238,11971.5068113,3.318450099999609,candidate-warmup,002445,valid,9285,1,True,
5,3,000040,1790173241.8152184,11971.6988064,3.5104451999995945,candidate-warmup,002447,valid,9287,2,True,
5,3,000040,1790173242.0072021,11971.8907934,3.7024321999997483,candidate-warmup,002447,valid,9287,0,True,
5,3,000040,1790173242.2146187,11972.0982089,3.9098477000006824,candidate-warmup,002447,valid,9287,0,True,
5,3,000040,1790173242.4226124,11972.3062005,4.117839299999105,candidate-warmup,002448,valid,9288,1,True,
5,3,000040,1790173242.614202,11972.4977899,4.309428700000353,candidate-warmup,002448,valid,9288,0,True,
5,3,000040,1790173242.8061848,11972.6897726,4.5014114000005065,candidate-warmup,002449,valid,9289,1,True,
5,3,000040,1790173242.9981718,11972.8817627,4.693401500000618,candidate-warmup,002449,valid,9289,0,True,
5,3,000040,1790173243.1895933,11973.0731824,4.884821199999351,candidate-warmup,002449,valid,9289,0,True,
5,3,000040,1790173243.3811586,11973.2647492,5.076387999999497,candidate-warmup,002449,valid,9289,0,True,
5,3,000040,1790173243.5891514,11973.472739,5.284377800000584,candidate-warmup,00244C,valid,9292,3,True,
5,3,000040,1790173243.7811542,11973.6647421,5.47638089999964,candidate-warmup,00244F,valid,9295,3,True,
5,3,000040,1790173243.9725552,11973.8561454,5.667784199999005,candidate-warmup,00244F,valid,9295,0,True,
5,3,000040,1790173244.1805525,11974.0641438,5.875782600000093,candidate-warmup,002456,valid,9302,7,True,
5,3,000040,1790173244.3725684,11974.2561568,6.067795599999954,candidate-warmup,00245A,valid,9306,4,True,
5,3,000040,1790173244.5641315,11974.4477199,6.259358699999211,candidate-warmup,00245A,valid,9306,0,True,
5,3,000040,1790173244.7561214,11974.6397096,6.451348399999915,candidate-warmup,00245A,valid,9306,0,True,
5,3,000040,1790173244.9641068,11974.8476952,6.659333999999944,candidate-warmup,00245C,valid,9308,2,True,
5,3,000040,1790173245.1555257,11975.0391143,6.850753099999565,candidate-warmup,00245E,valid,9310,2,True,
5,3,000040,1790173245.347519,11975.2311071,7.042745900000227,candidate-measurement,002460,valid,9312,2,True,
5,3,000040,1790173245.5550952,11975.4386836,7.250322399999277,candidate-measurement,002465,valid,9317,5,True,
5,3,000040,1790173245.7470965,11975.6306843,7.442323100000067,candidate-measurement,002475,valid,9333,16,True,
5,3,000040,1790173245.9385014,11975.8220895,7.633728299999348,candidate-measurement,002476,valid,9334,1,True,
5,3,000040,1790173246.1465025,11976.0300898,7.841728600000351,candidate-measurement,002477,valid,9335,1,True,
5,3,000040,1790173246.3380644,11976.2216534,8.033292199999778,candidate-measurement,00247A,valid,9338,3,True,
5,3,000040,1790173246.53007,11976.4136577,8.225296500000695,candidate-measurement,00247E,valid,9342,4,True,
5,3,000040,1790173246.7220511,11976.6056382,8.417277000000468,candidate-measurement,002487,valid,9351,9,True,
5,3,000040,1790173246.930052,11976.8136396,8.625278400000752,candidate-measurement,002489,valid,9353,2,True,
5,3,000040,1790173247.12146,11977.0050477,8.816686500000287,candidate-measurement,002489,valid,9353,0,True,
5,3,000040,1790173247.3134553,11977.197043,9.008681799999977,candidate-measurement,002489,valid,9353,0,True,
5,3,000040,1790173247.5210364,11977.404625,9.21626379999907,candidate-measurement,00248A,valid,9354,1,True,
5,3,000040,1790173247.7130246,11977.596613,9.408251799999562,candidate-measurement,00248D,valid,9357,3,True,
5,3,000040,1790173247.9050138,11977.788605,9.600243799999589,candidate-measurement,002497,valid,9367,10,True,
5,3,000040,1790173248.1124597,11977.9960502,9.8076889999993,candidate-measurement,0024A1,valid,9377,10,True,
5,3,000040,1790173248.304425,11978.1880157,9.999654499999451,candidate-measurement,0024A3,valid,9379,2,True,
5,3,000040,1790173248.4964256,11978.3800143,10.191653100000622,candidate-measurement,0024A3,valid,9379,0,True,
5,3,000040,1790173248.687992,11978.5715803,10.383219100000133,candidate-measurement,0024A3,valid,9379,0,True,
5,3,000040,1790173248.8959758,11978.7795659,10.591204700000162,candidate-measurement,0024A4,valid,9380,1,True,
5,3,000040,1790173249.0879843,11978.9715728,10.78321159999905,candidate-measurement,0024A6,valid,9382,2,True,
5,3,000040,1790173249.2793899,11979.1629784,10.974617199999557,candidate-measurement,0024A8,valid,9384,2,True,
5,3,000040,1790173249.4873874,11979.3709758,11.182614600000306,candidate-measurement,0024AE,valid,9390,6,True,
5,3,000040,1790173249.6789572,11979.5625455,11.374184300000707,candidate-measurement,0024B4,valid,9396,6,True,
5,3,000040,1790173249.8709562,11979.7545451,11.566183900000397,candidate-measurement,0024B5,valid,9397,1,True,
5,3,000040,1790173250.078952,11979.9625404,11.774179199999708,candidate-measurement,0024B7,valid,9399,2,True,
5,3,000040,1790173250.2709517,11980.1545394,11.966178200000286,candidate-measurement,0024B9,valid,9401,2,True,
5,3,000040,1790173250.4623632,11980.3459515,12.157590299999356,candidate-measurement,0024BB,valid,9403,2,True,
5,3,000040,1790173250.653932,11980.5375201,12.349158900000475,candidate-measurement,0024BC,valid,9404,1,True,
5,3,000040,1790173250.861922,11980.7455105,12.557149300000674,candidate-measurement,0024C8,valid,9416,12,True,
5,3,000040,1790173251.0539095,11980.9374982,12.749137000000701,candidate-measurement,0024D0,valid,9424,8,True,
5,3,000040,1790173251.2459178,11981.1295082,12.941146999999546,candidate-measurement,0024D2,valid,9426,2,True,
5,3,000040,1790173251.4533286,11981.3369169,13.148555699999633,candidate-measurement,0024D2,valid,9426,0,True,
5,3,000040,1790173251.645318,11981.5289062,13.34054499999911,candidate-measurement,0024D4,valid,9428,2,True,
5,3,000040,1790173251.8373096,11981.7208977,13.532536499998969,candidate-measurement,0024DB,valid,9435,7,True,
5,3,000040,1790173252.044882,11981.928471,13.740109799999118,candidate-measurement,0024E3,valid,9443,8,True,
5,3,000040,1790173252.2368762,11982.1204674,13.932106199999907,candidate-measurement,0024E3,valid,9443,0,True,
5,3,000040,1790173252.4288714,11982.3124597,14.1240985000004,candidate-measurement,0024E3,valid,9443,0,True,
5,3,000040,1790173252.620301,11982.5038894,14.3155282000007,candidate-measurement,0024E3,valid,9443,0,True,
5,3,000040,1790173252.8283024,11982.7118911,14.52352989999963,candidate-measurement,0024E4,valid,9444,1,True,
5,3,000040,1790173253.0198472,11982.9034368,14.715075599999182,candidate-measurement,0024EA,valid,9450,6,True,
5,3,000040,1790173253.211839,11983.0954302,14.907068999998955,candidate-measurement,0024FC,valid,9468,18,True,
