payload_index,trial_index,payload_hex,timestamp,monotonic_s,elapsed_candidate_s,phase,rx_bytes_hex,reply_kind,raw_position,delta_counts,valid,note
1,1,000002,1790172358.815673,11088.6992593,0.1919913000001543,candidate-measurement,000C34,valid,3124,1,True,
1,1,000002,1790172359.023686,11088.9072725,0.4000045000011596,candidate-measurement,000C36,valid,3126,2,True,
1,1,000002,1790172359.215067,11089.0986549,0.5913869000014529,candidate-measurement,000C36,valid,3126,0,True,
1,1,000002,1790172359.4070618,11089.2906508,0.7833828000002541,candidate-measurement,000C38,valid,3128,2,True,
1,1,000002,1790172359.614641,11089.498228,0.9909600000009959,candidate-measurement,000C3A,valid,3130,2,True,
1,1,000002,1790172359.8066227,11089.6902121,1.1829441000008956,candidate-measurement,000C3F,valid,3135,5,True,
1,1,000002,1790172359.998631,11089.882219,1.3749509999997827,candidate-measurement,000C41,valid,3137,2,True,
1,1,000002,1790172360.1900487,11090.0736375,1.5663695000002917,candidate-measurement,000C44,valid,3140,3,True,
1,1,000002,1790172360.38203,11090.2656182,1.758350199999768,candidate-measurement,000C45,valid,3141,1,True,
1,1,000002,1790172360.5740292,11090.4576183,1.9503503000014462,candidate-measurement,000C45,valid,3141,0,True,
1,1,000002,1790172360.765596,11090.6491849,2.1419169000000693,candidate-measurement,000C45,valid,3141,0,True,
1,1,000002,1790172360.9575927,11090.8411815,2.3339135000005626,candidate-measurement,000C45,valid,3141,0,True,
1,1,000002,1790172361.1490047,11091.0325933,2.5253253000009863,candidate-measurement,000C45,valid,3141,0,True,
1,1,000002,1790172361.3410068,11091.2245967,2.7173287000005075,candidate-measurement,000C45,valid,3141,0,True,
1,1,000002,1790172361.5330162,11091.4166037,2.909335700000156,candidate-measurement,000C45,valid,3141,0,True,
1,1,000002,1790172361.7245862,11091.6081741,3.1009061000004294,candidate-measurement,000C45,valid,3141,0,True,
1,1,000002,1790172361.9165683,11091.8001564,3.292888400001175,candidate-measurement,000C45,valid,3141,0,True,
1,1,000002,1790172362.1085765,11091.9921648,3.48489680000057,candidate-measurement,000C45,valid,3141,0,True,
1,1,000002,1790172362.2999642,11092.1835557,3.6762877000001026,candidate-measurement,000C45,valid,3141,0,True,
1,1,000002,1790172362.4919612,11092.3755497,3.868281700000807,candidate-measurement,000C45,valid,3141,0,True,
1,1,000002,1790172362.6835318,11092.5671211,4.059853100001419,candidate-measurement,000C45,valid,3141,0,True,
1,1,000002,1790172362.8755379,11092.7591263,4.2518583000000945,candidate-measurement,000C45,valid,3141,0,True,
1,1,000002,1790172363.0675259,11092.951114,4.443846000000121,candidate-measurement,000C45,valid,3141,0,True,
1,1,000002,1790172363.2589605,11093.1425485,4.63528050000059,candidate-measurement,000C45,valid,3141,0,True,
1,1,000002,1790172363.4509287,11093.3345168,4.827248800000234,candidate-measurement,000C45,valid,3141,0,True,
1,1,000002,1790172363.642508,11093.5260964,5.018828400001439,candidate-measurement,000C45,valid,3141,0,True,
1,1,000002,1790172363.8349025,11093.7184885,5.211220500001218,candidate-measurement,000C45,valid,3141,0,True,
1,1,000002,1790172364.0265152,11093.9101032,5.402835200000482,candidate-measurement,000C47,valid,3143,2,True,
1,1,000002,1790172364.2345226,11094.1181107,5.610842699999921,candidate-measurement,000C47,valid,3143,0,True,
1,1,000002,1790172364.4259298,11094.3095174,5.80224939999971,candidate-measurement,000C47,valid,3143,0,True,
1,1,000002,1790172364.6178987,11094.5014865,5.994218499999988,candidate-measurement,000C47,valid,3143,0,True,
1,1,000002,1790172364.825499,11094.7090869,6.201818900000944,candidate-measurement,000C47,valid,3143,0,True,
1,1,000002,1790172365.017466,11094.9010545,6.393786500000715,candidate-measurement,000C47,valid,3143,0,True,
1,1,000002,1790172365.2092757,11095.0928622,6.585594199999832,candidate-measurement,000C47,valid,3143,0,True,
1,1,000002,1790172365.4008882,11095.2844767,6.777208700001211,candidate-measurement,000C47,valid,3143,0,True,
1,1,000002,1790172365.6084392,11095.4920279,6.984759900000427,candidate-measurement,000C47,valid,3143,0,True,
1,1,000002,1790172365.8004422,11095.6840301,7.176762099999905,candidate-measurement,000C47,valid,3143,0,True,
1,1,000002,1790172365.9918742,11095.8754623,7.368194300001051,candidate-measurement,000C47,valid,3143,0,True,
1,1,000002,1790172366.1998456,11096.083434,7.57616600000074,candidate-measurement,000C47,valid,3143,0,True,
1,1,000002,1790172366.3922317,11096.2758182,7.768550200000391,candidate-measurement,000C47,valid,3143,0,True,
1,1,000002,1790172366.5834262,11096.4670145,7.95974650000062,candidate-measurement,000C47,valid,3143,0,True,
2,1,000003,1790172368.9333634,11098.8169515,0.19201470000007248,candidate-measurement,000C47,valid,3143,0,True,
2,1,000003,1790172369.1253273,11099.008916,0.38397919999988517,candidate-measurement,000C47,valid,3143,0,True,
2,1,000003,1790172369.3167484,11099.2003362,0.575399399998787,candidate-measurement,000C47,valid,3143,0,True,
2,1,000003,1790172369.5087426,11099.3923309,0.7673940999993647,candidate-measurement,000C47,valid,3143,0,True,
2,1,000003,1790172369.7007346,11099.5843224,0.9593855999992229,candidate-measurement,000C47,valid,3143,0,True,
2,1,000003,1790172369.8923292,11099.7759175,1.1509806999983994,candidate-measurement,000C47,valid,3143,0,True,
2,1,000003,1790172370.084317,11099.9679047,1.342967900000076,candidate-measurement,000C48,valid,3144,1,True,
2,1,000003,1790172370.2761073,11100.159693,1.5347561999988102,candidate-measurement,000C48,valid,3144,0,True,
2,1,000003,1790172370.4677293,11100.3513171,1.7263802999987092,candidate-measurement,000C48,valid,3144,0,True,
2,1,000003,1790172370.659295,11100.5428838,1.9179469999999128,candidate-measurement,000C48,valid,3144,0,True,
2,1,000003,1790172370.8672948,11100.7508824,2.125945599998886,candidate-measurement,000C48,valid,3144,0,True,
2,1,000003,1790172371.0592868,11100.9428751,2.3179382999987865,candidate-measurement,000C48,valid,3144,0,True,
2,1,000003,1790172371.2666974,11101.1502855,2.5253486999990855,candidate-measurement,000C48,valid,3144,0,True,
2,1,000003,1790172371.4586825,11101.3422705,2.7173336999985622,candidate-measurement,000C48,valid,3144,0,True,
2,1,000003,1790172371.6502569,11101.5338461,2.908909299998413,candidate-measurement,000C48,valid,3144,0,True,
2,1,000003,1790172371.8416595,11101.7252505,3.1003136999988783,candidate-measurement,000C48,valid,3144,0,True,
2,1,000003,1790172372.0496588,11101.9332471,3.3083102999989933,candidate-measurement,000C49,valid,3145,1,True,
2,1,000003,1790172372.2416477,11102.1252356,3.500298799999655,candidate-measurement,000C49,valid,3145,0,True,
2,1,000003,1790172372.4332201,11102.3168081,3.6918712999995478,candidate-measurement,000C49,valid,3145,0,True,
2,1,000003,1790172372.6252215,11102.50881,3.883873199998561,candidate-measurement,000C4B,valid,3147,2,True,
2,1,000003,1790172372.8332286,11102.7168185,4.091881699998339,candidate-measurement,000C4D,valid,3149,2,True,
2,1,000003,1790172373.0246253,11102.9082135,4.283276699999988,candidate-measurement,000C4D,valid,3149,0,True,
2,1,000003,1790172373.2166188,11103.1002072,4.475270399998408,candidate-measurement,000C4D,valid,3149,0,True,
2,1,000003,1790172373.4242113,11103.3077994,4.682862599998771,candidate-measurement,000C4D,valid,3149,0,True,
2,1,000003,1790172373.6161857,11103.4997733,4.874836499999219,candidate-measurement,000C4D,valid,3149,0,True,
2,1,000003,1790172373.8076134,11103.6912046,5.066267799998968,candidate-measurement,000C4E,valid,3150,1,True,
2,1,000003,1790172374.0156178,11103.8992052,5.274268399998618,candidate-measurement,000C50,valid,3152,2,True,
2,1,000003,1790172374.2076132,11104.0912015,5.466264699998646,candidate-measurement,000C53,valid,3155,3,True,
2,1,000003,1790172374.3991785,11104.2827667,5.657829899999342,candidate-measurement,000C54,valid,3156,1,True,
2,1,000003,1790172374.591163,11104.4747514,5.8498145999983535,candidate-measurement,000C54,valid,3156,0,True,
2,1,000003,1790172374.7991655,11104.6827545,6.05781769999885,candidate-measurement,000C55,valid,3157,1,True,
2,1,000003,1790172374.9905634,11104.8741514,6.249214599998595,candidate-measurement,000C55,valid,3157,0,True,
2,1,000003,1790172375.182578,11105.0661659,6.441229099998964,candidate-measurement,000C58,valid,3160,3,True,
2,1,000003,1790172375.39055,11105.2741387,6.649201899999753,candidate-measurement,000C5A,valid,3162,2,True,
2,1,000003,1790172375.5821562,11105.4657443,6.840807499998846,candidate-measurement,000C5A,valid,3162,0,True,
2,1,000003,1790172375.7741253,11105.6577145,7.032777699998405,candidate-measurement,000C5B,valid,3163,1,True,
2,1,000003,1790172375.982123,11105.8657108,7.240773999999874,candidate-measurement,000C5C,valid,3164,1,True,
2,1,000003,1790172376.1735423,11106.0571301,7.432193299999199,candidate-measurement,000C5D,valid,3165,1,True,
2,1,000003,1790172376.3655362,11106.2491244,7.62418759999855,candidate-measurement,000C5D,valid,3165,0,True,
2,1,000003,1790172376.557494,11106.4410806,7.816143799998827,candidate-measurement,000C5D,valid,3165,0,True,
2,1,000003,1790172376.7651196,11106.6487072,8.023770399999194,candidate-measurement,000C5D,valid,3165,0,True,
3,1,000005,1790172379.0984223,11108.9820104,0.20740329999898677,candidate-measurement,000C5D,valid,3165,0,True,
3,1,000005,1790172379.2904449,11109.1740324,0.39942530000007537,candidate-measurement,000C5D,valid,3165,0,True,
3,1,000005,1790172379.481999,11109.3655871,0.5909799999990355,candidate-measurement,000C5D,valid,3165,0,True,
3,1,000005,1790172379.67401,11109.5575983,0.7829911999997421,candidate-measurement,000C5D,valid,3165,0,True,
3,1,000005,1790172379.8659835,11109.7495717,0.9749646000000212,candidate-measurement,000C5D,valid,3165,0,True,
3,1,000005,1790172380.073413,11109.9570009,1.1823937999997725,candidate-measurement,000C5D,valid,3165,0,True,
3,1,000005,1790172380.2653968,11110.1489847,1.3743775999992067,candidate-measurement,000C5D,valid,3165,0,True,
3,1,000005,1790172380.457393,11110.3409808,1.5663736999995308,candidate-measurement,000C5D,valid,3165,0,True,
3,1,000005,1790172380.6649756,11110.5485653,1.7739581999994698,candidate-measurement,000C5D,valid,3165,0,True,
3,1,000005,1790172380.8569517,11110.7405413,1.9659341999995377,candidate-measurement,000C5D,valid,3165,0,True,
3,1,000005,1790172381.0489652,11110.9325529,2.157945799999652,candidate-measurement,000C5D,valid,3165,0,True,
3,1,000005,1790172381.2563555,11111.1399446,2.365337499999441,candidate-measurement,000C5D,valid,3165,0,True,
3,1,000005,1790172381.4483688,11111.3319568,2.5573497000004863,candidate-measurement,000C5D,valid,3165,0,True,
3,1,000005,1790172381.6403499,11111.5239377,2.7493305999996664,candidate-measurement,000C5D,valid,3165,0,True,
3,1,000005,1790172381.8479633,11111.7315502,2.9569430999999895,candidate-measurement,000C5D,valid,3165,0,True,
3,1,000005,1790172382.0399218,11111.9235098,3.14890270000069,candidate-measurement,000C5F,valid,3167,2,True,
3,1,000005,1790172382.231917,11112.115505,3.340897899999618,candidate-measurement,000C5F,valid,3167,0,True,
3,1,000005,1790172382.4233682,11112.306956,3.5323489000002155,candidate-measurement,000C5F,valid,3167,0,True,
3,1,000005,1790172382.6313145,11112.5149025,3.740295399999013,candidate-measurement,000C5F,valid,3167,0,True,
3,1,000005,1790172382.8229146,11112.7065025,3.931895399999121,candidate-measurement,000C5F,valid,3167,0,True,
3,1,000005,1790172383.0149057,11112.8984937,4.123886600000333,candidate-measurement,000C5F,valid,3167,0,True,
3,1,000005,1790172383.222905,11113.1064963,4.33188920000066,candidate-measurement,000C5F,valid,3167,0,True,
3,1,000005,1790172383.4142947,11113.2978831,4.523275999999896,candidate-measurement,000C5F,valid,3167,0,True,
3,1,000005,1790172383.6062925,11113.489881,4.715273899999374,candidate-measurement,000C5F,valid,3167,0,True,
3,1,000005,1790172383.7982812,11113.6818701,4.907262999999148,candidate-measurement,000C5F,valid,3167,0,True,
3,1,000005,1790172384.005849,11113.8894399,5.114832799999931,candidate-measurement,000C5F,valid,3167,0,True,
3,1,000005,1790172384.1978607,11114.0814486,5.306841499999791,candidate-measurement,000C5F,valid,3167,0,True,
3,1,000005,1790172384.3892806,11114.2728684,5.498261299999285,candidate-measurement,000C5F,valid,3167,0,True,
3,1,000005,1790172384.5972493,11114.4808375,5.7062303999991855,candidate-measurement,000C5F,valid,3167,0,True,
3,1,000005,1790172384.7892504,11114.6728383,5.898231200000737,candidate-measurement,000C5F,valid,3167,0,True,
3,1,000005,1790172384.9812126,11114.8647989,6.090191799999957,candidate-measurement,000C5F,valid,3167,0,True,
3,1,000005,1790172385.189265,11115.0728523,6.298245199999656,candidate-measurement,000C5F,valid,3167,0,True,
3,1,000005,1790172385.38083,11115.264418,6.489810900000521,candidate-measurement,000C60,valid,3168,1,True,
3,1,000005,1790172385.5722294,11115.4558174,6.681210299999293,candidate-measurement,000C60,valid,3168,0,True,
3,1,000005,1790172385.7642148,11115.6478035,6.87319639999987,candidate-measurement,000C60,valid,3168,0,True,
3,1,000005,1790172385.9718113,11115.8553993,7.08079220000036,candidate-measurement,000C60,valid,3168,0,True,
3,1,000005,1790172386.1637845,11116.0473726,7.272765499999878,candidate-measurement,000C60,valid,3168,0,True,
3,1,000005,1790172386.3551989,11116.2387871,7.464179999999033,candidate-measurement,000C60,valid,3168,0,True,
3,1,000005,1790172386.5631814,11116.4467729,7.672165800000585,candidate-measurement,000C60,valid,3168,0,True,
3,1,000005,1790172386.7547562,11116.6383463,7.8637392000000546,candidate-measurement,000C60,valid,3168,0,True,
4,1,000006,1790172389.2161188,11119.0997071,0.20742229999996198,candidate-measurement,000C60,valid,3168,0,True,
4,1,000006,1790172389.4081044,11119.2916923,0.3994074999991426,candidate-measurement,000C60,valid,3168,0,True,
4,1,000006,1790172389.599673,11119.483261,0.5909761999992043,candidate-measurement,000C60,valid,3168,0,True,
4,1,000006,1790172389.7916648,11119.675255,0.7829701999999088,candidate-measurement,000C60,valid,3168,0,True,
4,1,000006,1790172389.9836595,11119.8672502,0.9749654000006558,candidate-measurement,000C60,valid,3168,0,True,
4,1,000006,1790172390.1750789,11120.0586706,1.1663857999992615,candidate-measurement,000C60,valid,3168,0,True,
4,1,000006,1790172390.367081,11120.2506691,1.3583842999996705,candidate-measurement,000C61,valid,3169,1,True,
4,1,000006,1790172390.558635,11120.4422263,1.549941499999477,candidate-measurement,000C61,valid,3169,0,True,
4,1,000006,1790172390.7506344,11120.634225,1.7419401999995898,candidate-measurement,000C61,valid,3169,0,True,
4,1,000006,1790172390.9426425,11120.8262311,1.9339462999996613,candidate-measurement,000C61,valid,3169,0,True,
4,1,000006,1790172391.1500626,11121.0336506,2.1413658000001305,candidate-measurement,000C61,valid,3169,0,True,
4,1,000006,1790172391.3420568,11121.2256456,2.3333607999993546,candidate-measurement,000C61,valid,3169,0,True,
4,1,000006,1790172391.533614,11121.4172012,2.524916399999711,candidate-measurement,000C61,valid,3169,0,True,
4,1,000006,1790172391.7416062,11121.6251949,2.7329100999995717,candidate-measurement,000C61,valid,3169,0,True,
4,1,000006,1790172391.9335988,11121.8171872,2.9249024000000645,candidate-measurement,000C61,valid,3169,0,True,
4,1,000006,1790172392.1250224,11122.0086112,3.1163264000006166,candidate-measurement,000C61,valid,3169,0,True,
4,1,000006,1790172392.3330004,11122.2165893,3.3243044999999256,candidate-measurement,000C61,valid,3169,0,True,
4,1,000006,1790172392.5250018,11122.4085897,3.51630490000025,candidate-measurement,000C61,valid,3169,0,True,
4,1,000006,1790172392.716578,11122.6001661,3.707881299998917,candidate-measurement,000C61,valid,3169,0,True,
4,1,000006,1790172392.908587,11122.7921754,3.8998905999997078,candidate-measurement,000C61,valid,3169,0,True,
4,1,000006,1790172393.1160038,11122.9995952,4.107310400000642,candidate-measurement,000C61,valid,3169,0,True,
4,1,000006,1790172393.3079803,11123.1915678,4.299283000000287,candidate-measurement,000C61,valid,3169,0,True,
4,1,000006,1790172393.4996111,11123.3831969,4.49091210000006,candidate-measurement,000C61,valid,3169,0,True,
4,1,000006,1790172393.7075403,11123.5911285,4.698843699999998,candidate-measurement,000C61,valid,3169,0,True,
4,1,000006,1790172393.8995469,11123.7831383,4.890853499999139,candidate-measurement,000C61,valid,3169,0,True,
4,1,000006,1790172394.0909495,11123.974538,5.082253200000196,candidate-measurement,000C61,valid,3169,0,True,
4,1,000006,1790172394.2989593,11124.1825474,5.290262599999551,candidate-measurement,000C61,valid,3169,0,True,
4,1,000006,1790172394.4909453,11124.3745342,5.482249400000001,candidate-measurement,000C61,valid,3169,0,True,
4,1,000006,1790172394.6825125,11124.5661008,5.673816000000443,candidate-measurement,000C62,valid,3170,1,True,
4,1,000006,1790172394.874517,11124.7581079,5.865823099999034,candidate-measurement,000C62,valid,3170,0,True,
4,1,000006,1790172395.0824955,11124.9660831,6.073798299999908,candidate-measurement,000C62,valid,3170,0,True,
4,1,000006,1790172395.27391,11125.1574981,6.265213299999232,candidate-measurement,000C62,valid,3170,0,True,
4,1,000006,1790172395.4655085,11125.349096,6.45681119999972,candidate-measurement,000C62,valid,3170,0,True,
4,1,000006,1790172395.6734746,11125.557063,6.664778200000001,candidate-measurement,000C62,valid,3170,0,True,
4,1,000006,1790172395.865497,11125.7490844,6.8567996000001585,candidate-measurement,000C62,valid,3170,0,True,
4,1,000006,1790172396.0574684,11125.9410564,7.048771600000691,candidate-measurement,000C62,valid,3170,0,True,
4,1,000006,1790172396.2494547,11126.1330459,7.240761099999872,candidate-measurement,000C62,valid,3170,0,True,
4,1,000006,1790172396.456875,11126.3404627,7.448177899999791,candidate-measurement,000C63,valid,3171,1,True,
4,1,000006,1790172396.6488683,11126.5324568,7.640171999999438,candidate-measurement,000C65,valid,3173,2,True,
4,1,000006,1790172396.8404562,11126.7240458,7.83176099999946,candidate-measurement,000C65,valid,3173,0,True,
5,1,000007,1790172399.317782,11129.2013706,0.19197480000002543,candidate-measurement,000C65,valid,3173,0,True,
5,1,000007,1790172399.5097716,11129.3933629,0.38396710000051826,candidate-measurement,000C65,valid,3173,0,True,
5,1,000007,1790172399.7177696,11129.6013587,0.5919628999999986,candidate-measurement,000C67,valid,3175,2,True,
5,1,000007,1790172399.9093592,11129.7929468,0.7835510000004433,candidate-measurement,000C67,valid,3175,0,True,
5,1,000007,1790172400.101334,11129.984922,0.9755261999998766,candidate-measurement,000C67,valid,3175,0,True,
5,1,000007,1790172400.309137,11130.1927243,1.1833284999993339,candidate-measurement,000C67,valid,3175,0,True,
5,1,000007,1790172400.5007536,11130.3843417,1.3749459000009665,candidate-measurement,000C67,valid,3175,0,True,
5,1,000007,1790172400.6927319,11130.5763207,1.566924900000231,candidate-measurement,000C67,valid,3175,0,True,
5,1,000007,1790172400.8843274,11130.7679154,1.7585195999999996,candidate-measurement,000C68,valid,3176,1,True,
5,1,000007,1790172401.0763164,11130.9599044,1.9505086000008305,candidate-measurement,000C6C,valid,3180,4,True,
5,1,000007,1790172401.2683182,11131.1519063,2.142510499999844,candidate-measurement,000C71,valid,3185,5,True,
5,1,000007,1790172401.4597135,11131.3433021,2.333906300000308,candidate-measurement,000C73,valid,3187,2,True,
5,1,000007,1790172401.6517074,11131.5352956,2.5258998000008432,candidate-measurement,000C73,valid,3187,0,True,
5,1,000007,1790172401.8433208,11131.7269087,2.7175129000006564,candidate-measurement,000C73,valid,3187,0,True,
5,1,000007,1790172402.0352688,11131.918857,2.9094612000008055,candidate-measurement,000C73,valid,3187,0,True,
5,1,000007,1790172402.2272696,11132.1108573,3.1014615000003687,candidate-measurement,000C73,valid,3187,0,True,
5,1,000007,1790172402.4186966,11132.3022849,3.292889100001048,candidate-measurement,000C73,valid,3187,0,True,
5,1,000007,1790172402.6106787,11132.4942676,3.4848717999993823,candidate-measurement,000C73,valid,3187,0,True,
5,1,000007,1790172402.8026826,11132.6862722,3.676876400000765,candidate-measurement,000C73,valid,3187,0,True,
5,1,000007,1790172402.9942372,11132.8778253,3.868429500000275,candidate-measurement,000C73,valid,3187,0,True,
5,1,000007,1790172403.1862388,11133.069827,4.060431199999584,candidate-measurement,000C73,valid,3187,0,True,
5,1,000007,1790172403.3782315,11133.2618194,4.252423600000839,candidate-measurement,000C73,valid,3187,0,True,
5,1,000007,1790172403.5856462,11133.4692339,4.459838099999615,candidate-measurement,000C73,valid,3187,0,True,
5,1,000007,1790172403.7776425,11133.6612302,4.651834399999643,candidate-measurement,000C73,valid,3187,0,True,
5,1,000007,1790172403.9696028,11133.8531893,4.843793500000174,candidate-measurement,000C73,valid,3187,0,True,
5,1,000007,1790172404.1772263,11134.0608147,5.051418900000499,candidate-measurement,000C73,valid,3187,0,True,
5,1,000007,1790172404.3686326,11134.2522208,5.242824999999357,candidate-measurement,000C73,valid,3187,0,True,
5,1,000007,1790172404.5606108,11134.4441989,5.434803100000863,candidate-measurement,000C73,valid,3187,0,True,
5,1,000007,1790172404.7521825,11134.6357709,5.626375100000587,candidate-measurement,000C73,valid,3187,0,True,
5,1,000007,1790172404.9442317,11134.8278175,5.818421699999817,candidate-measurement,000C73,valid,3187,0,True,
5,1,000007,1790172405.1362126,11135.0198,6.010404200000266,candidate-measurement,000C73,valid,3187,0,True,
5,1,000007,1790172405.32759,11135.2111774,6.201781600000686,candidate-measurement,000C73,valid,3187,0,True,
5,1,000007,1790172405.5191762,11135.4027644,6.393368600000031,candidate-measurement,000C74,valid,3188,1,True,
5,1,000007,1790172405.7111535,11135.5947429,6.585347100000945,candidate-measurement,000C74,valid,3188,0,True,
5,1,000007,1790172405.9031527,11135.786741,6.777345200000127,candidate-measurement,000C76,valid,3190,2,True,
5,1,000007,1790172406.0951579,11135.9787459,6.969350100000156,candidate-measurement,000C78,valid,3192,2,True,
5,1,000007,1790172406.2865813,11136.1701694,7.160773600000539,candidate-measurement,000C78,valid,3192,0,True,
5,1,000007,1790172406.4785507,11136.3621386,7.35274279999976,candidate-measurement,000C78,valid,3192,0,True,
5,1,000007,1790172406.670549,11136.5541364,7.544740600000296,candidate-measurement,000C78,valid,3192,0,True,
5,1,000007,1790172406.8621118,11136.7457028,7.736307000001034,candidate-measurement,000C78,valid,3192,0,True,
5,1,000007,1790172407.0541558,11136.9377437,7.928347900000517,candidate-measurement,000C78,valid,3192,0,True,
6,1,000009,1790172409.4514558,11139.3350442,0.2079924999998184,candidate-measurement,000C78,valid,3192,0,True,
6,1,000009,1790172409.643036,11139.5266243,0.39957260000119277,candidate-measurement,000C78,valid,3192,0,True,
6,1,000009,1790172409.8350155,11139.7186053,0.5915536000011343,candidate-measurement,000C78,valid,3192,0,True,
6,1,000009,1790172410.0424414,11139.9260297,0.7989780000007158,candidate-measurement,000C79,valid,3193,1,True,
6,1,000009,1790172410.2344368,11140.1180284,0.9909767000008287,candidate-measurement,000C79,valid,3193,0,True,
6,1,000009,1790172410.4264238,11140.310012,1.182960300000559,candidate-measurement,000C79,valid,3193,0,True,
6,1,000009,1790172410.6180015,11140.5015894,1.3745377000013832,candidate-measurement,000C79,valid,3193,0,True,
6,1,000009,1790172410.8264675,11140.7100542,1.5830025000013848,candidate-measurement,000C79,valid,3193,0,True,
6,1,000009,1790172411.0177982,11140.901385,1.774333299999853,candidate-measurement,000C79,valid,3193,0,True,
6,1,000009,1790172411.2093973,11141.0929856,1.9659339000008913,candidate-measurement,000C7A,valid,3194,1,True,
6,1,000009,1790172411.4174066,11141.3009929,2.173941200000627,candidate-measurement,000C7C,valid,3196,2,True,
6,1,000009,1790172411.6089652,11141.4925533,2.365501600001153,candidate-measurement,000C84,valid,3204,8,True,
6,1,000009,1790172411.8009553,11141.6845461,2.557494399999996,candidate-measurement,000C8A,valid,3210,6,True,
6,1,000009,1790172412.0089676,11141.8925557,2.765504000000874,candidate-measurement,000C8C,valid,3212,2,True,
6,1,000009,1790172412.200942,11142.0845303,2.9574786000011954,candidate-measurement,000C8D,valid,3213,1,True,
6,1,000009,1790172412.392381,11142.2759694,3.148917700000311,candidate-measurement,000C8F,valid,3215,2,True,
6,1,000009,1790172412.583939,11142.4675272,3.340475500001048,candidate-measurement,000C8F,valid,3215,0,True,
6,1,000009,1790172412.791949,11142.675537,3.548485299999811,candidate-measurement,000C8F,valid,3215,0,True,
6,1,000009,1790172412.9839396,11142.867528,3.740476300001319,candidate-measurement,000C8F,valid,3215,0,True,
6,1,000009,1790172413.17596,11143.0595469,3.9324952000006306,candidate-measurement,000C8F,valid,3215,0,True,
6,1,000009,1790172413.38332,11143.2669089,4.139857199999824,candidate-measurement,000C8F,valid,3215,0,True,
6,1,000009,1790172413.575326,11143.458914,4.331862300001376,candidate-measurement,000C8F,valid,3215,0,True,
6,1,000009,1790172413.7669067,11143.6504965,4.523444800001016,candidate-measurement,000C8F,valid,3215,0,True,
6,1,000009,1790172413.9748898,11143.8584778,4.731426100001045,candidate-measurement,000C8F,valid,3215,0,True,
6,1,000009,1790172414.1669002,11144.0504882,4.923436500001117,candidate-measurement,000C8F,valid,3215,0,True,
6,1,000009,1790172414.358901,11144.2424885,5.11543680000068,candidate-measurement,000C8F,valid,3215,0,True,
6,1,000009,1790172414.5502865,11144.433878,5.306826300000466,candidate-measurement,000C8F,valid,3215,0,True,
6,1,000009,1790172414.75828,11144.6418701,5.514818400000877,candidate-measurement,000C8F,valid,3215,0,True,
6,1,000009,1790172414.9502733,11144.8338634,5.706811699999889,candidate-measurement,000C8F,valid,3215,0,True,
6,1,000009,1790172415.1418765,11145.0254642,5.8984125000006316,candidate-measurement,000C8F,valid,3215,0,True,
6,1,000009,1790172415.3498583,11145.2334464,6.106394700000237,candidate-measurement,000C8F,valid,3215,0,True,
6,1,000009,1790172415.5412517,11145.42484,6.29778830000032,candidate-measurement,000C8F,valid,3215,0,True,
6,1,000009,1790172415.7332535,11145.6168428,6.48979110000073,candidate-measurement,000C8F,valid,3215,0,True,
6,1,000009,1790172415.9408379,11145.8244292,6.697377500000584,candidate-measurement,000C90,valid,3216,1,True,
6,1,000009,1790172416.1332211,11146.0168076,6.889755900001546,candidate-measurement,000C90,valid,3216,0,True,
6,1,000009,1790172416.324634,11146.2082207,7.081169000000955,candidate-measurement,000C90,valid,3216,0,True,
6,1,000009,1790172416.5162323,11146.3998206,7.272768900000301,candidate-measurement,000C90,valid,3216,0,True,
6,1,000009,1790172416.7238662,11146.607455,7.4804033000000345,candidate-measurement,000C90,valid,3216,0,True,
6,1,000009,1790172416.915799,11146.7993868,7.672335100000055,candidate-measurement,000C90,valid,3216,0,True,
6,1,000009,1790172417.1077852,11146.9913733,7.864321600000039,candidate-measurement,000C90,valid,3216,0,True,
7,1,00000A,1790172419.5531335,11149.4367219,0.19141039999885834,candidate-measurement,000C91,valid,3217,0,True,
7,1,00000A,1790172419.7447026,11149.6282917,0.38298020000002,candidate-measurement,000C91,valid,3217,0,True,
7,1,00000A,1790172419.9367247,11149.8203131,0.5750015999983589,candidate-measurement,000C92,valid,3218,1,True,
7,1,00000A,1790172420.1287072,11150.0122956,0.7669840999988082,candidate-measurement,000C92,valid,3218,0,True,
7,1,00000A,1790172420.3201013,11150.2036912,0.9583796999995684,candidate-measurement,000C94,valid,3220,2,True,
7,1,00000A,1790172420.5120988,11150.395688,1.1503764999997657,candidate-measurement,000C98,valid,3224,4,True,
7,1,00000A,1790172420.7036726,11150.5872618,1.3419502999986435,candidate-measurement,000C9C,valid,3228,4,True,
7,1,00000A,1790172420.8957734,11150.7793601,1.5340485999986413,candidate-measurement,000C9C,valid,3228,0,True,
7,1,00000A,1790172421.08768,11150.9712683,1.7259567999990395,candidate-measurement,000C9C,valid,3228,0,True,
7,1,00000A,1790172421.2950735,11151.1786599,1.9333483999998862,candidate-measurement,000C9E,valid,3230,2,True,
7,1,00000A,1790172421.487068,11151.3706558,2.1253442999986873,candidate-measurement,000CA0,valid,3232,2,True,
7,1,00000A,1790172421.678646,11151.5622345,2.3169229999984964,candidate-measurement,000CA0,valid,3232,0,True,
7,1,00000A,1790172421.8866467,11151.770238,2.5249264999984007,candidate-measurement,000CA0,valid,3232,0,True,
7,1,00000A,1790172422.0786426,11151.9622314,2.7169198999999935,candidate-measurement,000CA0,valid,3232,0,True,
7,1,00000A,1790172422.2706163,11152.1542048,2.9088932999984536,candidate-measurement,000CA0,valid,3232,0,True,
7,1,00000A,1790172422.4780414,11152.3616296,3.116318099999262,candidate-measurement,000CA0,valid,3232,0,True,
7,1,00000A,1790172422.6696265,11152.5532149,3.307903399998395,candidate-measurement,000CA0,valid,3232,0,True,
7,1,00000A,1790172422.8615942,11152.7451853,3.4998737999994773,candidate-measurement,000CA0,valid,3232,0,True,
7,1,00000A,1790172423.053616,11152.937204,3.691892499999085,candidate-measurement,000CA0,valid,3232,0,True,
7,1,00000A,1790172423.2616086,11153.1451967,3.8998851999986073,candidate-measurement,000CA0,valid,3232,0,True,
7,1,00000A,1790172423.4534025,11153.3369886,4.091677099999288,candidate-measurement,000CA0,valid,3232,0,True,
7,1,00000A,1790172423.6445796,11153.5281675,4.282855999999811,candidate-measurement,000CA0,valid,3232,0,True,
7,1,00000A,1790172423.8526332,11153.7362194,4.4909078999990015,candidate-measurement,000CA0,valid,3232,0,True,
7,1,00000A,1790172424.0446072,11153.9281953,4.682883800000127,candidate-measurement,000CA0,valid,3232,0,True,
7,1,00000A,1790172424.2365527,11154.1201414,4.874829899999895,candidate-measurement,000CA0,valid,3232,0,True,
7,1,00000A,1790172424.4439652,11154.3275533,5.082241799998883,candidate-measurement,000CA0,valid,3232,0,True,
7,1,00000A,1790172424.6359837,11154.5195724,5.274260899999717,candidate-measurement,000CA0,valid,3232,0,True,
7,1,00000A,1790172424.8275683,11154.7111565,5.465844999998808,candidate-measurement,000CA0,valid,3232,0,True,
7,1,00000A,1790172425.0195584,11154.9031464,5.657834899999216,candidate-measurement,000CA0,valid,3232,0,True,
7,1,00000A,1790172425.2275615,11155.1111496,5.865838099998655,candidate-measurement,000CA0,valid,3232,0,True,
7,1,00000A,1790172425.4189453,11155.3025337,6.05722219999916,candidate-measurement,000CA0,valid,3232,0,True,
7,1,00000A,1790172425.6109366,11155.4945246,6.249213099999906,candidate-measurement,000CA0,valid,3232,0,True,
7,1,00000A,1790172425.8185263,11155.7021144,6.456802899998365,candidate-measurement,000CA0,valid,3232,0,True,
7,1,00000A,1790172426.0105114,11155.8941028,6.6487913000000844,candidate-measurement,000CA0,valid,3232,0,True,
7,1,00000A,1790172426.2025013,11156.08609,6.840778499999942,candidate-measurement,000CA0,valid,3232,0,True,
7,1,00000A,1790172426.4099252,11156.2935131,7.04820159999872,candidate-measurement,000CA0,valid,3232,0,True,
7,1,00000A,1790172426.6019056,11156.4854938,7.240182300000015,candidate-measurement,000CA0,valid,3232,0,True,
7,1,00000A,1790172426.7934716,11156.6770615,7.431749999999738,candidate-measurement,000CA0,valid,3232,0,True,
7,1,00000A,1790172427.0018702,11156.8854563,7.640144799999689,candidate-measurement,000CA0,valid,3232,0,True,
7,1,00000A,1790172427.2089007,11157.0924887,7.847177199999351,candidate-measurement,000CA1,valid,3233,1,True,
8,1,00000B,1790172429.670805,11159.554393,0.19197999999960302,candidate-measurement,000CA1,valid,3233,0,True,
8,1,00000B,1790172429.8623807,11159.7459694,0.3835564000000886,candidate-measurement,000CA1,valid,3233,0,True,
8,1,00000B,1790172430.0543756,11159.9379643,0.5755512999985513,candidate-measurement,000CA1,valid,3233,0,True,
8,1,00000B,1790172430.246368,11160.1299571,0.7675440999992134,candidate-measurement,000CA1,valid,3233,0,True,
8,1,00000B,1790172430.437792,11160.3213802,0.9589671999983693,candidate-measurement,000CA1,valid,3233,0,True,
8,1,00000B,1790172430.6297743,11160.5133631,1.1509501000000455,candidate-measurement,000CA1,valid,3233,0,True,
8,1,00000B,1790172430.8213468,11160.7049368,1.3425237999999808,candidate-measurement,000CA1,valid,3233,0,True,
8,1,00000B,1790172431.0133388,11160.8969268,1.5345137999993312,candidate-measurement,000CA1,valid,3233,0,True,
8,1,00000B,1790172431.2047546,11161.0883448,1.725931799999671,candidate-measurement,000CA2,valid,3234,1,True,
8,1,00000B,1790172431.3967462,11161.2803372,1.9179241999991063,candidate-measurement,000CA2,valid,3234,0,True,
8,1,00000B,1790172431.5883281,11161.4719166,2.1095035999987886,candidate-measurement,000CA2,valid,3234,0,True,
8,1,00000B,1790172431.780317,11161.6639064,2.301493399998435,candidate-measurement,000CA2,valid,3234,0,True,
8,1,00000B,1790172431.9723105,11161.8558986,2.4934855999999854,candidate-measurement,000CA2,valid,3234,0,True,
8,1,00000B,1790172432.1637263,11162.0473148,2.684901799999352,candidate-measurement,000CA2,valid,3234,0,True,
8,1,00000B,1790172432.3561194,11162.239706,2.877292999999554,candidate-measurement,000CA2,valid,3234,0,True,
8,1,00000B,1790172432.5476863,11162.4312726,3.068859599999996,candidate-measurement,000CA2,valid,3234,0,True,
8,1,00000B,1790172432.739291,11162.6228787,3.2604656999992585,candidate-measurement,000CA2,valid,3234,0,True,
8,1,00000B,1790172432.9472783,11162.8308663,3.4684532999999647,candidate-measurement,000CA3,valid,3235,1,True,
8,1,00000B,1790172433.138695,11163.0222835,3.65987049999967,candidate-measurement,000CA3,valid,3235,0,True,
8,1,00000B,1790172433.3307061,11163.2142943,3.8518812999991496,candidate-measurement,000CA3,valid,3235,0,True,
8,1,00000B,1790172433.5226967,11163.4062847,4.043871699999727,candidate-measurement,000CA3,valid,3235,0,True,
8,1,00000B,1790172433.7302692,11163.6138573,4.251444300000003,candidate-measurement,000CA4,valid,3236,1,True,
8,1,00000B,1790172433.9223015,11163.8058859,4.443472899998596,candidate-measurement,000CA5,valid,3237,1,True,
8,1,00000B,1790172434.1142395,11163.9978273,4.635414299998956,candidate-measurement,000CA6,valid,3238,1,True,
8,1,00000B,1790172434.3216736,11164.2052617,4.842848700000104,candidate-measurement,000CA6,valid,3238,0,True,
8,1,00000B,1790172434.5136511,11164.397239,5.034825999999157,candidate-measurement,000CA6,valid,3238,0,True,
8,1,00000B,1790172434.7052228,11164.5888109,5.226397899999938,candidate-measurement,000CA6,valid,3238,0,True,
8,1,00000B,1790172434.9132316,11164.7968202,5.434407199998532,candidate-measurement,000CA6,valid,3238,0,True,
8,1,00000B,1790172435.1052098,11164.9887983,5.626385300000038,candidate-measurement,000CA6,valid,3238,0,True,
8,1,00000B,1790172435.296622,11165.1802105,5.81779749999987,candidate-measurement,000CA8,valid,3240,2,True,
8,1,00000B,1790172435.4886162,11165.3722049,6.009791899999982,candidate-measurement,000CA9,valid,3241,1,True,
8,1,00000B,1790172435.6966305,11165.5802179,6.217804899999464,candidate-measurement,000CAC,valid,3244,3,True,
8,1,00000B,1790172435.8886244,11165.7722124,6.409799399998519,candidate-measurement,000CAE,valid,3246,2,True,
8,1,00000B,1790172436.080185,11165.9637728,6.601359799999045,candidate-measurement,000CAE,valid,3246,0,True,
8,1,00000B,1790172436.2881675,11166.1717573,6.809344299999793,candidate-measurement,000CAE,valid,3246,0,True,
8,1,00000B,1790172436.4801674,11166.3637557,7.001342699999441,candidate-measurement,000CAE,valid,3246,0,True,
8,1,00000B,1790172436.6715803,11166.5551693,7.192756299999019,candidate-measurement,000CAF,valid,3247,1,True,
8,1,00000B,1790172436.8792162,11166.7628061,7.400393099998837,candidate-measurement,000CB2,valid,3250,3,True,
8,1,00000B,1790172437.071167,11166.9547548,7.592341799998394,candidate-measurement,000CB3,valid,3251,1,True,
8,1,00000B,1790172437.263161,11167.1467488,7.7843357999990985,candidate-measurement,000CB4,valid,3252,1,True,
8,1,00000B,1790172437.4551408,11167.3387292,7.976316199999928,candidate-measurement,000CB4,valid,3252,0,True,
9,1,00000C,1790172439.7884948,11169.6720832,0.1914253999984794,candidate-measurement,000CB5,valid,3253,0,True,
9,1,00000C,1790172439.980049,11169.8636376,0.38297979999879317,candidate-measurement,000CB5,valid,3253,0,True,
9,1,00000C,1790172440.172048,11170.0556364,0.5749785999996675,candidate-measurement,000CB5,valid,3253,0,True,
9,1,00000C,1790172440.3644443,11170.2480304,0.7673725999993621,candidate-measurement,000CB5,valid,3253,0,True,
9,1,00000C,1790172440.5554612,11170.439049,0.9583911999998236,candidate-measurement,000CB5,valid,3253,0,True,
9,1,00000C,1790172440.7630272,11170.6466154,1.1659576000001834,candidate-measurement,000CB5,valid,3253,0,True,
9,1,00000C,1790172440.9550166,11170.838605,1.357947200000126,candidate-measurement,000CB5,valid,3253,0,True,
9,1,00000C,1790172441.1470084,11171.0305971,1.549939299999096,candidate-measurement,000CB6,valid,3254,1,True,
9,1,00000C,1790172441.3384328,11171.2220207,1.7413628999984212,candidate-measurement,000CB6,valid,3254,0,True,
9,1,00000C,1790172441.546442,11171.4300306,1.9493727999997645,candidate-measurement,000CB7,valid,3255,1,True,
9,1,00000C,1790172441.737992,11171.6215812,2.140923399998428,candidate-measurement,000CB8,valid,3256,1,True,
9,1,00000C,1790172441.9299934,11171.8135817,2.332923899999514,candidate-measurement,000CB8,valid,3256,0,True,
9,1,00000C,1790172442.1379795,11172.0215675,2.540909699999247,candidate-measurement,000CB8,valid,3256,0,True,
9,1,00000C,1790172442.329414,11172.2130022,2.7323443999994197,candidate-measurement,000CB8,valid,3256,0,True,
9,1,00000C,1790172442.521394,11172.4049818,2.924323999999615,candidate-measurement,000CB8,valid,3256,0,True,
9,1,00000C,1790172442.7289643,11172.612554,3.131896199998664,candidate-measurement,000CB8,valid,3256,0,True,
9,1,00000C,1790172442.92097,11172.8045579,3.3239001000001736,candidate-measurement,000CB8,valid,3256,0,True,
9,1,00000C,1790172443.11296,11172.9965478,3.5158899999987625,candidate-measurement,000CB8,valid,3256,0,True,
9,1,00000C,1790172443.3043692,11173.1879575,3.7072996999995667,candidate-measurement,000CB8,valid,3256,0,True,
9,1,00000C,1790172443.5124178,11173.3960042,3.91534639999918,candidate-measurement,000CB8,valid,3256,0,True,
9,1,00000C,1790172443.7039309,11173.5875203,4.106862499998897,candidate-measurement,000CB8,valid,3256,0,True,
9,1,00000C,1790172443.89592,11173.7795102,4.298852399999305,candidate-measurement,000CB8,valid,3256,0,True,
9,1,00000C,1790172444.1033328,11173.9869217,4.506263899998885,candidate-measurement,000CB8,valid,3256,0,True,
9,1,00000C,1790172444.2953343,11174.1789221,4.6982642999992095,candidate-measurement,000CB8,valid,3256,0,True,
9,1,00000C,1790172444.4873302,11174.3709186,4.890260799998941,candidate-measurement,000CB8,valid,3256,0,True,
9,1,00000C,1790172444.6949039,11174.5784915,5.097833699999683,candidate-measurement,000CB9,valid,3257,1,True,
9,1,00000C,1790172444.8868883,11174.7704783,5.289820500000133,candidate-measurement,000CB9,valid,3257,0,True,
9,1,00000C,1790172445.0789049,11174.9624927,5.48183489999974,candidate-measurement,000CB9,valid,3257,0,True,
9,1,00000C,1790172445.2708817,11175.1544698,5.673811999999089,candidate-measurement,000CB9,valid,3257,0,True,
9,1,00000C,1790172445.4783092,11175.3618974,5.88123959999939,candidate-measurement,000CB9,valid,3257,0,True,
9,1,00000C,1790172445.670289,11175.553878,6.073220199999923,candidate-measurement,000CB9,valid,3257,0,True,
9,1,00000C,1790172445.8622832,11175.7458711,6.265213299999232,candidate-measurement,000CB9,valid,3257,0,True,
9,1,00000C,1790172446.0698676,11175.9534558,6.472797999998875,candidate-measurement,000CB9,valid,3257,0,True,
9,1,00000C,1790172446.2618575,11176.1454457,6.664787899999283,candidate-measurement,000CB9,valid,3257,0,True,
9,1,00000C,1790172446.453847,11176.3374355,6.856777699998929,candidate-measurement,000CB9,valid,3257,0,True,
9,1,00000C,1790172446.661262,11176.5448502,7.064192399999229,candidate-measurement,000CB9,valid,3257,0,True,
9,1,00000C,1790172446.8532438,11176.7368348,7.2561769999992975,candidate-measurement,000CB9,valid,3257,0,True,
9,1,00000C,1790172447.0448635,11176.92845,7.44779219999873,candidate-measurement,000CB9,valid,3257,0,True,
9,1,00000C,1790172447.236821,11177.1204091,7.639751299999261,candidate-measurement,000CB9,valid,3257,0,True,
9,1,00000C,1790172447.4448302,11177.3284185,7.8477606999986165,candidate-measurement,000CB9,valid,3257,0,True,
10,1,00000D,1790172449.906732,11179.7903202,0.19199049999951967,candidate-measurement,000CBA,valid,3258,0,True,
10,1,00000D,1790172450.0981643,11179.9817526,0.3834229000003688,candidate-measurement,000CBA,valid,3258,0,True,
10,1,00000D,1790172450.2901437,11180.1737322,0.575402500000564,candidate-measurement,000CBA,valid,3258,0,True,
10,1,00000D,1790172450.4817183,11180.3653065,0.7669767999996111,candidate-measurement,000CBA,valid,3258,0,True,
10,1,00000D,1790172450.6737127,11180.5573014,0.9589716999998927,candidate-measurement,000CBA,valid,3258,0,True,
10,1,00000D,1790172450.8657162,11180.7493048,1.150975099999414,candidate-measurement,000CBA,valid,3258,0,True,
10,1,00000D,1790172451.0576982,11180.9412863,1.3429565999995248,candidate-measurement,000CBA,valid,3258,0,True,
10,1,00000D,1790172451.249105,11181.1326951,1.5343653999989328,candidate-measurement,000CBA,valid,3258,0,True,
10,1,00000D,1790172451.4406848,11181.3242729,1.7259431999991648,candidate-measurement,000CBA,valid,3258,0,True,
10,1,00000D,1790172451.6326778,11181.5162667,1.9179370000001654,candidate-measurement,000CBA,valid,3258,0,True,
10,1,00000D,1790172451.8246725,11181.7082605,2.109930799999347,candidate-measurement,000CBA,valid,3258,0,True,
10,1,00000D,1790172452.0160897,11181.8996772,2.301347499998883,candidate-measurement,000CBA,valid,3258,0,True,
10,1,00000D,1790172452.208078,11182.091666,2.49333630000001,candidate-measurement,000CBA,valid,3258,0,True,
10,1,00000D,1790172452.4000704,11182.2836588,2.685329099998853,candidate-measurement,000CBA,valid,3258,0,True,
10,1,00000D,1790172452.6076605,11182.4912481,2.892918399998962,candidate-measurement,000CBA,valid,3258,0,True,
10,1,00000D,1790172452.7996387,11182.6832268,3.08489709999958,candidate-measurement,000CBA,valid,3258,0,True,
10,1,00000D,1790172452.9916513,11182.8752409,3.2769112000005407,candidate-measurement,000CBA,valid,3258,0,True,
10,1,00000D,1790172453.18305,11183.0666384,3.4683086999993975,candidate-measurement,000CBB,valid,3259,1,True,
10,1,00000D,1790172453.3910718,11183.2746608,3.6763310999995156,candidate-measurement,000CBB,valid,3259,0,True,
10,1,00000D,1790172453.5826254,11183.4662133,3.8678835999999137,candidate-measurement,000CBB,valid,3259,0,True,
10,1,00000D,1790172453.7746098,11183.6581987,4.059869000000617,candidate-measurement,000CBB,valid,3259,0,True,
10,1,00000D,1790172453.9826112,11183.8661998,4.267870100000437,candidate-measurement,000CBB,valid,3259,0,True,
10,1,00000D,1790172454.174026,11184.0576174,4.45928769999955,candidate-measurement,000CBB,valid,3259,0,True,
10,1,00000D,1790172454.3660119,11184.2496004,4.651270700000168,candidate-measurement,000CBB,valid,3259,0,True,
10,1,00000D,1790172454.5736036,11184.4571917,4.858861999999135,candidate-measurement,000CBB,valid,3259,0,True,
10,1,00000D,1790172454.765581,11184.6491703,5.050840599998992,candidate-measurement,000CBB,valid,3259,0,True,
10,1,00000D,1790172454.9575732,11184.8411612,5.242831499999738,candidate-measurement,000CBB,valid,3259,0,True,
10,1,00000D,1790172455.1489832,11185.0325723,5.434242600000289,candidate-measurement,000CBB,valid,3259,0,True,
10,1,00000D,1790172455.3569753,11185.2405658,5.642236100000446,candidate-measurement,000CBB,valid,3259,0,True,
10,1,00000D,1790172455.5489888,11185.4325773,5.834247599999799,candidate-measurement,000CBB,valid,3259,0,True,
10,1,00000D,1790172455.740543,11185.6241314,6.025801699999647,candidate-measurement,000CBB,valid,3259,0,True,
10,1,00000D,1790172455.9485378,11185.8321265,6.233796799999254,candidate-measurement,000CBB,valid,3259,0,True,
10,1,00000D,1790172456.1399677,11186.0235582,6.42522850000023,candidate-measurement,000CBB,valid,3259,0,True,
10,1,00000D,1790172456.3319547,11186.2155428,6.617213100000299,candidate-measurement,000CBB,valid,3259,0,True,
10,1,00000D,1790172456.5395386,11186.423126,6.824796299999434,candidate-measurement,000CBB,valid,3259,0,True,
10,1,00000D,1790172456.7315142,11186.6151021,7.016772400000264,candidate-measurement,000CBB,valid,3259,0,True,
10,1,00000D,1790172456.9235115,11186.8070999,7.20877019999898,candidate-measurement,000CBB,valid,3259,0,True,
10,1,00000D,1790172457.130935,11187.0145251,7.4161953999991965,candidate-measurement,000CBB,valid,3259,0,True,
10,1,00000D,1790172457.32293,11187.2065182,7.608188500000324,candidate-measurement,000CBB,valid,3259,0,True,
10,1,00000D,1790172457.514506,11187.3980938,7.799764100000175,candidate-measurement,000CBB,valid,3259,0,True,
10,1,00000D,1790172457.706503,11187.5900911,7.9917614000005415,candidate-measurement,000CBB,valid,3259,0,True,
11,1,00000E,1790172460.0244114,11189.9079995,0.19199299999854702,candidate-measurement,000CBC,valid,3260,1,True,
11,1,00000E,1790172460.2158203,11190.0994088,0.38340229999994335,candidate-measurement,000CBC,valid,3260,0,True,
11,1,00000E,1790172460.407417,11190.2910055,0.5749989999985701,candidate-measurement,000CBC,valid,3260,0,True,
11,1,00000E,1790172460.6153922,11190.4989803,0.7829738000000361,candidate-measurement,000CBC,valid,3260,0,True,
11,1,00000E,1790172460.807376,11190.6909656,0.9749590999999782,candidate-measurement,000CBC,valid,3260,0,True,
11,1,00000E,1790172460.9988573,11190.8824438,1.1664372999985062,candidate-measurement,000CBC,valid,3260,0,True,
11,1,00000E,1790172461.2067966,11191.0903843,1.3743777999989106,candidate-measurement,000CBC,valid,3260,0,True,
11,1,00000E,1790172461.3987584,11191.2823449,1.5663383999999496,candidate-measurement,000CBC,valid,3260,0,True,
11,1,00000E,1790172461.590375,11191.4739633,1.7579568000001018,candidate-measurement,000CBC,valid,3260,0,True,
11,1,00000E,1790172461.7983475,11191.6819366,1.965930099999241,candidate-measurement,000CBC,valid,3260,0,True,
11,1,00000E,1790172461.9897625,11191.8733512,2.1573446999991575,candidate-measurement,000CBC,valid,3260,0,True,
11,1,00000E,1790172462.1817787,11192.065367,2.349360499998511,candidate-measurement,000CBD,valid,3261,1,True,
11,1,00000E,1790172462.3733366,11192.256925,2.540918499998952,candidate-measurement,000CBE,valid,3262,1,True,
11,1,00000E,1790172462.5813494,11192.4649378,2.7489312999987305,candidate-measurement,000CC0,valid,3264,2,True,
11,1,00000E,1790172462.7727373,11192.6563256,2.9403191000001243,candidate-measurement,000CC0,valid,3264,0,True,
11,1,00000E,1790172462.9647367,11192.848325,3.1323185000001104,candidate-measurement,000CC0,valid,3264,0,True,
11,1,00000E,1790172463.172298,11193.0558867,3.339880199999243,candidate-measurement,000CC0,valid,3264,0,True,
11,1,00000E,1790172463.3643072,11193.2478953,3.5318888000001607,candidate-measurement,000CC0,valid,3264,0,True,
11,1,00000E,1790172463.556312,11193.4399003,3.723893799999132,candidate-measurement,000CC0,valid,3264,0,True,
11,1,00000E,1790172463.7637365,11193.6473272,3.93132069999956,candidate-measurement,000CC0,valid,3264,0,True,
11,1,00000E,1790172463.9557223,11193.8393103,4.123303799999121,candidate-measurement,000CC0,valid,3264,0,True,
11,1,00000E,1790172464.1477342,11194.0313215,4.315314999999828,candidate-measurement,000CC0,valid,3264,0,True,
11,1,00000E,1790172464.3553295,11194.2389162,4.522909699999218,candidate-measurement,000CC0,valid,3264,0,True,
11,1,00000E,1790172464.5472834,11194.4308719,4.714865399999326,candidate-measurement,000CC0,valid,3264,0,True,
11,1,00000E,1790172464.739255,11194.6228436,4.906837099999393,candidate-measurement,000CC0,valid,3264,0,True,
11,1,00000E,1790172464.9313102,11194.8148961,5.098889599999893,candidate-measurement,000CC0,valid,3264,0,True,
11,1,00000E,1790172465.1392617,11195.0228497,5.306843200000003,candidate-measurement,000CC0,valid,3264,0,True,
11,1,00000E,1790172465.3306506,11195.2142422,5.498235699998986,candidate-measurement,000CC0,valid,3264,0,True,
11,1,00000E,1790172465.5226712,11195.4062591,5.6902525999994396,candidate-measurement,000CC0,valid,3264,0,True,
11,1,00000E,1790172465.7302392,11195.6138278,5.897821299999123,candidate-measurement,000CC0,valid,3264,0,True,
11,1,00000E,1790172465.9222229,11195.8058112,6.089804699999149,candidate-measurement,000CC0,valid,3264,0,True,
11,1,00000E,1790172466.114212,11195.9978003,6.281793799998923,candidate-measurement,000CC0,valid,3264,0,True,
11,1,00000E,1790172466.3062284,11196.1898168,6.473810299999968,candidate-measurement,000CC1,valid,3265,1,True,
11,1,00000E,1790172466.5136805,11196.3972669,6.681260399998791,candidate-measurement,000CC1,valid,3265,0,True,
11,1,00000E,1790172466.7056396,11196.5892248,6.87321829999928,candidate-measurement,000CC1,valid,3265,0,True,
11,1,00000E,1790172466.8972373,11196.7808241,7.064817599999515,candidate-measurement,000CC1,valid,3265,0,True,
11,1,00000E,1790172467.1051807,11196.9887687,7.272762199998397,candidate-measurement,000CC1,valid,3265,0,True,
11,1,00000E,1790172467.2971969,11197.1807845,7.464777999999569,candidate-measurement,000CC1,valid,3265,0,True,
11,1,00000E,1790172467.4886303,11197.3722187,7.6562121999995725,candidate-measurement,000CC1,valid,3265,0,True,
11,1,00000E,1790172467.696233,11197.5798211,7.863814599999387,candidate-measurement,000CC1,valid,3265,0,True,
12,1,00000F,1790172470.1420875,11200.0256755,0.1919925999991392,candidate-measurement,000CC1,valid,3265,0,True,
12,1,00000F,1790172470.3339622,11200.2175485,0.3838656000007177,candidate-measurement,000CC1,valid,3265,0,True,
12,1,00000F,1790172470.5251737,11200.4087608,0.5750779000009061,candidate-measurement,000CC1,valid,3265,0,True,
12,1,00000F,1790172470.7170675,11200.6006565,0.7669736000007106,candidate-measurement,000CC1,valid,3265,0,True,
12,1,00000F,1790172470.9090815,11200.7926698,0.9589868999992177,candidate-measurement,000CC1,valid,3265,0,True,
12,1,00000F,1790172471.1010551,11200.9846435,1.1509605999999621,candidate-measurement,000CC1,valid,3265,0,True,
12,1,00000F,1790172471.2924864,11201.1760747,1.3423918000007689,candidate-measurement,000CC1,valid,3265,0,True,
12,1,00000F,1790172471.4844668,11201.3680552,1.5343723000005411,candidate-measurement,000CC1,valid,3265,0,True,
12,1,00000F,1790172471.676474,11201.5600625,1.726379600000655,candidate-measurement,000CC1,valid,3265,0,True,
12,1,00000F,1790172471.8680499,11201.7516379,1.917955000000802,candidate-measurement,000CC1,valid,3265,0,True,
12,1,00000F,1790172472.0600207,11201.9436087,2.1099257999994734,candidate-measurement,000CC1,valid,3265,0,True,
12,1,00000F,1790172472.2674534,11202.1510418,2.3173588999998174,candidate-measurement,000CC1,valid,3265,0,True,
12,1,00000F,1790172472.475448,11202.3590358,2.5253529000001436,candidate-measurement,000CC1,valid,3265,0,True,
12,1,00000F,1790172472.667003,11202.5505909,2.7169080000003305,candidate-measurement,000CC1,valid,3265,0,True,
12,1,00000F,1790172472.8590171,11202.7426055,2.9089225999996415,candidate-measurement,000CC1,valid,3265,0,True,
12,1,00000F,1790172473.0509963,11202.9345836,3.100900699999329,candidate-measurement,000CC1,valid,3265,0,True,
12,1,00000F,1790172473.2424033,11203.1259913,3.292308399999456,candidate-measurement,000CC4,valid,3268,3,True,
12,1,00000F,1790172473.434422,11203.31801,3.4843271000008826,candidate-measurement,000CCA,valid,3274,6,True,
12,1,00000F,1790172473.6423888,11203.525977,3.6922940999993443,candidate-measurement,000CCC,valid,3276,2,True,
12,1,00000F,1790172473.8339603,11203.7175515,3.8838685999999143,candidate-measurement,000CCD,valid,3277,1,True,
12,1,00000F,1790172474.02635,11203.9099364,4.076253499999439,candidate-measurement,000CCD,valid,3277,0,True,
12,1,00000F,1790172474.2339876,11204.1175756,4.283892699999342,candidate-measurement,000CCD,valid,3277,0,True,
12,1,00000F,1790172474.4413533,11204.3249416,4.491258699999889,candidate-measurement,000CCD,valid,3277,0,True,
12,1,00000F,1790172474.633361,11204.516949,4.683266100000765,candidate-measurement,000CCD,valid,3277,0,True,
12,1,00000F,1790172474.82493,11204.7085201,4.874837200000911,candidate-measurement,000CCD,valid,3277,0,True,
12,1,00000F,1790172475.0169513,11204.9005388,5.066855900000519,candidate-measurement,000CCD,valid,3277,0,True,
12,1,00000F,1790172475.2089257,11205.0925139,5.258830999999191,candidate-measurement,000CCD,valid,3277,0,True,
12,1,00000F,1790172475.4009118,11205.2844997,5.450816799999302,candidate-measurement,000CCD,valid,3277,0,True,
12,1,00000F,1790172475.6083276,11205.4919165,5.658233599999221,candidate-measurement,000CCD,valid,3277,0,True,
12,1,00000F,1790172475.7999215,11205.6835097,5.849826800000301,candidate-measurement,000CCD,valid,3277,0,True,
12,1,00000F,1790172475.9918902,11205.8754816,6.041798700000072,candidate-measurement,000CCD,valid,3277,0,True,
12,1,00000F,1790172476.1999078,11206.0834959,6.249813000000358,candidate-measurement,000CCD,valid,3277,0,True,
12,1,00000F,1790172476.4073205,11206.2909089,6.457226000000446,candidate-measurement,000CCD,valid,3277,0,True,
12,1,00000F,1790172476.599297,11206.4828858,6.649202900000091,candidate-measurement,000CCE,valid,3278,1,True,
12,1,00000F,1790172476.7912712,11206.6748573,6.841174400000455,candidate-measurement,000CCE,valid,3278,0,True,
12,1,00000F,1790172476.9828672,11206.8664555,7.032772599999589,candidate-measurement,000CCE,valid,3278,0,True,
12,1,00000F,1790172477.1748617,11207.05845,7.224767100000463,candidate-measurement,000CCF,valid,3279,1,True,
12,1,00000F,1790172477.3662913,11207.2498794,7.4161965000002965,candidate-measurement,000CD0,valid,3280,1,True,
12,1,00000F,1790172477.5742946,11207.4578825,7.624199600000793,candidate-measurement,000CD0,valid,3280,0,True,
12,1,00000F,1790172477.7658358,11207.6494246,7.815741700000217,candidate-measurement,000CD0,valid,3280,0,True,
12,1,00000F,1790172477.9578333,11207.8414213,8.007738399999653,candidate-measurement,000CD0,valid,3280,0,True,
13,1,000011,1790172480.2917745,11210.1753626,0.20800550000058138,candidate-measurement,000CD0,valid,3280,0,True,
13,1,000011,1790172480.4831836,11210.3667725,0.39941539999927045,candidate-measurement,000CD2,valid,3282,2,True,
13,1,000011,1790172480.6747465,11210.5583349,0.5909778000004735,candidate-measurement,000CD2,valid,3282,0,True,
13,1,000011,1790172480.8831384,11210.7667248,0.7993676999994932,candidate-measurement,000CD2,valid,3282,0,True,
13,1,000011,1790172481.07475,11210.958338,0.9909809000000678,candidate-measurement,000CD2,valid,3282,0,True,
13,1,000011,1790172481.2661655,11211.1497532,1.182396099999096,candidate-measurement,000CD2,valid,3282,0,True,
13,1,000011,1790172481.4741669,11211.3577548,1.3903976999990846,candidate-measurement,000CD2,valid,3282,0,True,
13,1,000011,1790172481.6657126,11211.5493012,1.581944100000328,candidate-measurement,000CD2,valid,3282,0,True,
13,1,000011,1790172481.857703,11211.7412941,1.7739369999999326,candidate-measurement,000CD2,valid,3282,0,True,
13,1,000011,1790172482.0497003,11211.9332882,1.9659310999995796,candidate-measurement,000CD2,valid,3282,0,True,
13,1,000011,1790172482.257695,11212.1412833,2.173926199999187,candidate-measurement,000CD2,valid,3282,0,True,
13,1,000011,1790172482.4491057,11212.3326937,2.365336599999864,candidate-measurement,000CD2,valid,3282,0,True,
13,1,000011,1790172482.6411004,11212.524688,2.557330899999215,candidate-measurement,000CD3,valid,3283,1,True,
13,1,000011,1790172482.848674,11212.7322633,2.7649062000000413,candidate-measurement,000CD3,valid,3283,0,True,
13,1,000011,1790172483.0407636,11212.9243499,2.95699280000008,candidate-measurement,000CD3,valid,3283,0,True,
13,1,000011,1790172483.23209,11213.1156784,3.1483212999992247,candidate-measurement,000CD3,valid,3283,0,True,
13,1,000011,1790172483.4400835,11213.3236604,3.3563032999991265,candidate-measurement,000CD3,valid,3283,0,True,
13,1,000011,1790172483.6320715,11213.5156594,3.5483022999997047,candidate-measurement,000CD3,valid,3283,0,True,
13,1,000011,1790172483.8236406,11213.7072299,3.7398727999989205,candidate-measurement,000CD3,valid,3283,0,True,
13,1,000011,1790172484.0156581,11213.899246,3.9318889000005584,candidate-measurement,000CD3,valid,3283,0,True,
13,1,000011,1790172484.2236505,11214.1072386,4.139881499999319,candidate-measurement,000CD3,valid,3283,0,True,
13,1,000011,1790172484.4150424,11214.2986306,4.331273499999952,candidate-measurement,000CD3,valid,3283,0,True,
13,1,000011,1790172484.6066198,11214.4902082,4.52285110000048,candidate-measurement,000CD3,valid,3283,0,True,
13,1,000011,1790172484.814626,11214.6982169,4.730859799999962,candidate-measurement,000CD3,valid,3283,0,True,
13,1,000011,1790172485.006668,11214.8902548,4.922897700000249,candidate-measurement,000CD3,valid,3283,0,True,
13,1,000011,1790172485.1980398,11215.0816275,5.114270399999441,candidate-measurement,000CD6,valid,3286,3,True,
13,1,000011,1790172485.4060307,11215.2896187,5.3222616000002745,candidate-measurement,000CD8,valid,3288,2,True,
13,1,000011,1790172485.5975955,11215.4811834,5.513826299998982,candidate-measurement,000CE1,valid,3297,9,True,
13,1,000011,1790172485.7895825,11215.6731703,5.705813200000193,candidate-measurement,000CE4,valid,3300,3,True,
13,1,000011,1790172485.9815755,11215.8651628,5.89780570000039,candidate-measurement,000CE4,valid,3300,0,True,
13,1,000011,1790172486.1889865,11216.072575,6.105217899999843,candidate-measurement,000CE4,valid,3300,0,True,
13,1,000011,1790172486.3809793,11216.2645675,6.29721040000004,candidate-measurement,000CE5,valid,3301,1,True,
13,1,000011,1790172486.5725667,11216.4561548,6.48879769999985,candidate-measurement,000CE7,valid,3303,2,True,
13,1,000011,1790172486.7805364,11216.6641273,6.696770200000174,candidate-measurement,000CE7,valid,3303,0,True,
13,1,000011,1790172486.972608,11216.8561945,6.888837399999829,candidate-measurement,000CE7,valid,3303,0,True,
13,1,000011,1790172487.1645517,11217.0481395,7.080782400000317,candidate-measurement,000CE9,valid,3305,2,True,
13,1,000011,1790172487.3719704,11217.2555582,7.288201100000151,candidate-measurement,000CE9,valid,3305,0,True,
13,1,000011,1790172487.563946,11217.447534,7.480176900000515,candidate-measurement,000CE9,valid,3305,0,True,
13,1,000011,1790172487.7555165,11217.6391047,7.671747599999435,candidate-measurement,000CE9,valid,3305,0,True,
13,1,000011,1790172487.947513,11217.8311013,7.863744199999928,candidate-measurement,000CE9,valid,3305,0,True,
14,1,000012,1790172490.3924503,11220.2760383,0.19155119999959425,candidate-measurement,000CE9,valid,3305,0,True,
14,1,000012,1790172490.5844247,11220.4680127,0.38352559999839286,candidate-measurement,000CE9,valid,3305,0,True,
14,1,000012,1790172490.776419,11220.6600076,0.5755204999986745,candidate-measurement,000CE9,valid,3305,0,True,
14,1,000012,1790172490.9684284,11220.8520165,0.7675294000000576,candidate-measurement,000CE9,valid,3305,0,True,
14,1,000012,1790172491.1598263,11221.0434142,0.9589270999986184,candidate-measurement,000CE9,valid,3305,0,True,
14,1,000012,1790172491.3518353,11221.235423,1.15093589999924,candidate-measurement,000CE9,valid,3305,0,True,
14,1,000012,1790172491.5438187,11221.4274071,1.3429199999991397,candidate-measurement,000CE9,valid,3305,0,True,
14,1,000012,1790172491.7353933,11221.6189822,1.5344950999988214,candidate-measurement,000CE9,valid,3305,0,True,
14,1,000012,1790172491.9433806,11221.8269685,1.7424813999987236,candidate-measurement,000CE9,valid,3305,0,True,
14,1,000012,1790172492.1351879,11222.0187749,1.934287799998856,candidate-measurement,000CE9,valid,3305,0,True,
14,1,000012,1790172492.3268409,11222.2104271,2.1259399999999005,candidate-measurement,000CE9,valid,3305,0,True,
14,1,000012,1790172492.5187852,11222.4023733,2.317886199998611,candidate-measurement,000CEA,valid,3306,1,True,
14,1,000012,1790172492.7263553,11222.609943,2.525455899998633,candidate-measurement,000CEA,valid,3306,0,True,
14,1,000012,1790172492.9183488,11222.8019371,2.71744999999828,candidate-measurement,000CEA,valid,3306,0,True,
14,1,000012,1790172493.1103592,11222.9939473,2.909460199998648,candidate-measurement,000CEA,valid,3306,0,True,
14,1,000012,1790172493.3177948,11223.2013825,3.1168953999986115,candidate-measurement,000CEA,valid,3306,0,True,
14,1,000012,1790172493.509749,11223.3933378,3.3088506999993115,candidate-measurement,000CEA,valid,3306,0,True,
14,1,000012,1790172493.701319,11223.5849082,3.500421099999585,candidate-measurement,000CEA,valid,3306,0,True,
14,1,000012,1790172493.9093242,11223.7929127,3.7084255999998277,candidate-measurement,000CEA,valid,3306,0,True,
14,1,000012,1790172494.101315,11223.984903,3.9004158999996434,candidate-measurement,000CEA,valid,3306,0,True,
14,1,000012,1790172494.2932422,11224.1768292,4.092342099998859,candidate-measurement,000CEA,valid,3306,0,True,
14,1,000012,1790172494.484725,11224.3683128,4.283825699998488,candidate-measurement,000CEA,valid,3306,0,True,
14,1,000012,1790172494.6927173,11224.5763053,4.491818199998306,candidate-measurement,000CEA,valid,3306,0,True,
14,1,000012,1790172494.884351,11224.7679375,4.683450399999856,candidate-measurement,000CEA,valid,3306,0,True,
14,1,000012,1790172495.0762835,11224.9598713,4.875384199998734,candidate-measurement,000CEA,valid,3306,0,True,
14,1,000012,1790172495.2837317,11225.1673199,5.082832799998869,candidate-measurement,000CEB,valid,3307,1,True,
14,1,000012,1790172495.4756887,11225.3592765,5.274789399998554,candidate-measurement,000CEB,valid,3307,0,True,
14,1,000012,1790172495.667257,11225.5508461,5.466359000000011,candidate-measurement,000CEB,valid,3307,0,True,
14,1,000012,1790172495.8753335,11225.7589217,5.674434599999586,candidate-measurement,000CEB,valid,3307,0,True,
14,1,000012,1790172496.0672462,11225.9508339,5.866346799999519,candidate-measurement,000CED,valid,3309,2,True,
14,1,000012,1790172496.2586668,11226.1422547,6.057767599999352,candidate-measurement,000CED,valid,3309,0,True,
14,1,000012,1790172496.4506834,11226.3342712,6.249784099998578,candidate-measurement,000CEF,valid,3311,2,True,
14,1,000012,1790172496.6582322,11226.5418207,6.4573335999994015,candidate-measurement,000CF0,valid,3312,1,True,
14,1,000012,1790172496.850253,11226.7338435,6.649356399999306,candidate-measurement,000CF3,valid,3315,3,True,
14,1,000012,1790172497.0422218,11226.9258098,6.841322699998273,candidate-measurement,000CF6,valid,3318,3,True,
14,1,000012,1790172497.2496288,11227.1332169,7.04872979999891,candidate-measurement,000CF6,valid,3318,0,True,
14,1,000012,1790172497.4416482,11227.325236,7.240748899999744,candidate-measurement,000CF6,valid,3318,0,True,
14,1,000012,1790172497.6331937,11227.5167844,7.432297299999846,candidate-measurement,000CF6,valid,3318,0,True,
14,1,000012,1790172497.841208,11227.7247973,7.6403101999985665,candidate-measurement,000CF7,valid,3319,1,True,
14,1,000012,1790172498.033229,11227.9168169,7.83232979999957,candidate-measurement,000CF7,valid,3319,0,True,
15,1,000013,1790172500.5101223,11230.3937105,0.1919904000005772,candidate-measurement,000CF9,valid,3321,0,True,
15,1,000013,1790172500.7021031,11230.5856915,0.38397140000051877,candidate-measurement,000CF9,valid,3321,0,True,
15,1,000013,1790172500.8944883,11230.778075,0.5763549000002968,candidate-measurement,000CFA,valid,3322,1,True,
15,1,000013,1790172501.0855074,11230.9690954,0.7673752999999124,candidate-measurement,000CFA,valid,3322,0,True,
15,1,000013,1790172501.277076,11231.1606641,0.958943999999974,candidate-measurement,000CFA,valid,3322,0,True,
15,1,000013,1790172501.469082,11231.3526703,1.150950200000807,candidate-measurement,000CFA,valid,3322,0,True,
15,1,000013,1790172501.661083,11231.5446712,1.3429510999994818,candidate-measurement,000CFA,valid,3322,0,True,
15,1,000013,1790172501.852486,11231.7360743,1.534354200000962,candidate-measurement,000CFA,valid,3322,0,True,
15,1,000013,1790172502.044473,11231.9280593,1.7263392000004387,candidate-measurement,000CFA,valid,3322,0,True,
15,1,000013,1790172502.2364473,11232.1200336,1.9183135000002949,candidate-measurement,000CFA,valid,3322,0,True,
15,1,000013,1790172502.4280593,11232.3116471,2.109926999999516,candidate-measurement,000CFA,valid,3322,0,True,
15,1,000013,1790172502.6200407,11232.5036284,2.3019082999999227,candidate-measurement,000CFA,valid,3322,0,True,
15,1,000013,1790172502.8114748,11232.6950628,2.49334269999963,candidate-measurement,000CFA,valid,3322,0,True,
15,1,000013,1790172503.0198429,11232.9034288,2.701708700000381,candidate-measurement,000CFA,valid,3322,0,True,
15,1,000013,1790172503.2270365,11233.1106242,2.9089041000006546,candidate-measurement,000CFA,valid,3322,0,True,
15,1,000013,1790172503.419029,11233.3026169,3.1008968000005552,candidate-measurement,000CFA,valid,3322,0,True,
15,1,000013,1790172503.6110125,11233.4946005,3.2928804000002856,candidate-measurement,000CFA,valid,3322,0,True,
15,1,000013,1790172503.8024309,11233.6860187,3.4842986000003293,candidate-measurement,000CFA,valid,3322,0,True,
15,1,000013,1790172503.994414,11233.8780018,3.6762816999998904,candidate-measurement,000CFA,valid,3322,0,True,
15,1,000013,1790172504.186008,11234.069596,3.8678758999994898,candidate-measurement,000CFA,valid,3322,0,True,
15,1,000013,1790172504.3943732,11234.2779594,4.076239300000452,candidate-measurement,000CFA,valid,3322,0,True,
15,1,000013,1790172504.5859785,11234.4695667,4.267846599999757,candidate-measurement,000CFA,valid,3322,0,True,
15,1,000013,1790172504.7773888,11234.6609793,4.459259200000815,candidate-measurement,000CFA,valid,3322,0,True,
15,1,000013,1790172504.985041,11234.8686287,4.66690860000017,candidate-measurement,000CFA,valid,3322,0,True,
15,1,000013,1790172505.176952,11235.0605399,4.858819799999765,candidate-measurement,000CFA,valid,3322,0,True,
15,1,000013,1790172505.3689682,11235.2525558,5.05083569999988,candidate-measurement,000CFA,valid,3322,0,True,
15,1,000013,1790172505.5609426,11235.4445301,5.242809999999736,candidate-measurement,000CFA,valid,3322,0,True,
15,1,000013,1790172505.768358,11235.651948,5.450227900000755,candidate-measurement,000CFA,valid,3322,0,True,
15,1,000013,1790172505.9603577,11235.8439454,5.642225300000064,candidate-measurement,000CFB,valid,3323,1,True,
15,1,000013,1790172506.1523254,11236.0359118,5.834191699999792,candidate-measurement,000CFB,valid,3323,0,True,
15,1,000013,1790172506.359919,11236.2435071,6.041787000000113,candidate-measurement,000CFB,valid,3323,0,True,
15,1,000013,1790172506.5513332,11236.4349211,6.233201000000918,candidate-measurement,000CFB,valid,3323,0,True,
15,1,000013,1790172506.7433217,11236.6269104,6.425190300000395,candidate-measurement,000CFB,valid,3323,0,True,
15,1,000013,1790172506.9513836,11236.8349702,6.633250099999714,candidate-measurement,000CFB,valid,3323,0,True,
15,1,000013,1790172507.1588864,11237.042474,6.8407538999999815,candidate-measurement,000CFB,valid,3323,0,True,
15,1,000013,1790172507.3512824,11237.234869,7.033148900000015,candidate-measurement,000CFB,valid,3323,0,True,
15,1,000013,1790172507.5428793,11237.4264675,7.224747399999615,candidate-measurement,000CFB,valid,3323,0,True,
15,1,000013,1790172507.7348893,11237.6184781,7.4167579999993904,candidate-measurement,000CFB,valid,3323,0,True,
15,1,000013,1790172507.9262903,11237.8098784,7.608158299999559,candidate-measurement,000CFB,valid,3323,0,True,
15,1,000013,1790172508.1186829,11238.0022695,7.800549400000818,candidate-measurement,000CFB,valid,3323,0,True,
15,1,000013,1790172508.3262954,11238.2098833,8.008163200000126,candidate-measurement,000CFB,valid,3323,0,True,
16,1,000014,1790172510.6437852,11240.5273729,0.1919913000001543,candidate-measurement,000CFB,valid,3323,0,True,
16,1,000014,1790172510.835775,11240.719363,0.38398140000026615,candidate-measurement,000CFB,valid,3323,0,True,
16,1,000014,1790172511.0437908,11240.9273783,0.591996700000891,candidate-measurement,000CFB,valid,3323,0,True,
16,1,000014,1790172511.23615,11241.1197361,0.7843544999996084,candidate-measurement,000CFB,valid,3323,0,True,
16,1,000014,1790172511.4271886,11241.3107763,0.9753947000008338,candidate-measurement,000CFC,valid,3324,1,True,
16,1,000014,1790172511.6347656,11241.5183538,1.182972200000222,candidate-measurement,000CFC,valid,3324,0,True,
16,1,000014,1790172511.826741,11241.7103294,1.3749478000008821,candidate-measurement,000CFC,valid,3324,0,True,
16,1,000014,1790172512.019137,11241.902724,1.5673423999996885,candidate-measurement,000CFC,valid,3324,0,True,
16,1,000014,1790172512.2261517,11242.1097392,1.7743575999993482,candidate-measurement,000CFC,valid,3324,0,True,
16,1,000014,1790172512.418136,11242.301727,1.9663454000001366,candidate-measurement,000CFD,valid,3325,1,True,
16,1,000014,1790172512.6097188,11242.4933087,2.157927100000961,candidate-measurement,000CFD,valid,3325,0,True,
16,1,000014,1790172512.8017116,11242.6853007,2.3499191000009887,candidate-measurement,000CFD,valid,3325,0,True,
16,1,000014,1790172513.0097058,11242.8932931,2.5579115000000456,candidate-measurement,000CFE,valid,3326,1,True,
16,1,000014,1790172513.2017014,11243.0852891,2.7499074999996083,candidate-measurement,000D00,valid,3328,2,True,
16,1,000014,1790172513.3931315,11243.27672,2.9413383999999496,candidate-measurement,000D00,valid,3328,0,True,
16,1,000014,1790172513.601122,11243.48471,3.1493284000007407,candidate-measurement,000D03,valid,3331,3,True,
16,1,000014,1790172513.792703,11243.6762913,3.3409097000003385,candidate-measurement,000D08,valid,3336,5,True,
16,1,000014,1790172513.984672,11243.8682601,3.5328785000001517,candidate-measurement,000D09,valid,3337,1,True,
16,1,000014,1790172514.1926692,11244.0762572,3.740875600000436,candidate-measurement,000D0E,valid,3342,5,True,
16,1,000014,1790172514.3840818,11244.2676701,3.9322885000001406,candidate-measurement,000D0F,valid,3343,1,True,
16,1,000014,1790172514.576084,11244.4596722,4.124290600000677,candidate-measurement,000D0F,valid,3343,0,True,
16,1,000014,1790172514.7676475,11244.6512367,4.3158550999996805,candidate-measurement,000D11,valid,3345,2,True,
16,1,000014,1790172514.9756398,11244.8592279,4.523846300000514,candidate-measurement,000D11,valid,3345,0,True,
16,1,000014,1790172515.1676555,11245.0512433,4.71586170000046,candidate-measurement,000D11,valid,3345,0,True,
16,1,000014,1790172515.3596225,11245.2432119,4.907830300000569,candidate-measurement,000D11,valid,3345,0,True,
16,1,000014,1790172515.5676212,11245.4512088,5.11582719999933,candidate-measurement,000D13,valid,3347,2,True,
16,1,000014,1790172515.7590418,11245.6426294,5.307247799999459,candidate-measurement,000D13,valid,3347,0,True,
16,1,000014,1790172515.951033,11245.8346211,5.49923950000084,candidate-measurement,000D13,valid,3347,0,True,
16,1,000014,1790172516.1590242,11246.0426124,5.707230800000616,candidate-measurement,000D13,valid,3347,0,True,
16,1,000014,1790172516.3505933,11246.2341833,5.89880169999924,candidate-measurement,000D13,valid,3347,0,True,
16,1,000014,1790172516.542989,11246.4265755,6.09119389999978,candidate-measurement,000D14,valid,3348,1,True,
16,1,000014,1790172516.734581,11246.6181692,6.28278759999921,candidate-measurement,000D14,valid,3348,0,True,
16,1,000014,1790172516.9420083,11246.8255978,6.49021619999985,candidate-measurement,000D14,valid,3348,0,True,
16,1,000014,1790172517.1339889,11247.0175773,6.6821956999992835,candidate-measurement,000D14,valid,3348,0,True,
16,1,000014,1790172517.325575,11247.2091665,6.873784900000828,candidate-measurement,000D14,valid,3348,0,True,
16,1,000014,1790172517.5335736,11247.4171627,7.081781099999716,candidate-measurement,000D14,valid,3348,0,True,
16,1,000014,1790172517.7255535,11247.6091415,7.273759899999277,candidate-measurement,000D14,valid,3348,0,True,
16,1,000014,1790172517.917565,11247.8011528,7.465771200000745,candidate-measurement,000D14,valid,3348,0,True,
16,1,000014,1790172518.1249971,11248.008585,7.673203399999693,candidate-measurement,000D14,valid,3348,0,True,
16,1,000014,1790172518.316975,11248.200563,7.865181400000438,candidate-measurement,000D14,valid,3348,0,True,
17,1,000015,1790172520.7624495,11250.646038,0.19197580000036396,candidate-measurement,000D14,valid,3348,0,True,
17,1,000015,1790172520.9544659,11250.8380538,0.38399159999971744,candidate-measurement,000D15,valid,3349,1,True,
17,1,000015,1790172521.1458676,11251.0294555,0.5753932999996323,candidate-measurement,000D15,valid,3349,0,True,
17,1,000015,1790172521.3378527,11251.2214437,0.7673814999998285,candidate-measurement,000D15,valid,3349,0,True,
17,1,000015,1790172521.5294278,11251.4130184,0.9589562000001024,candidate-measurement,000D15,valid,3349,0,True,
17,1,000015,1790172521.721437,11251.6050274,1.150965200000428,candidate-measurement,000D15,valid,3349,0,True,
17,1,000015,1790172521.9134595,11251.7970469,1.3429846999988513,candidate-measurement,000D15,valid,3349,0,True,
17,1,000015,1790172522.1048484,11251.9884366,1.5343744000001607,candidate-measurement,000D15,valid,3349,0,True,
17,1,000015,1790172522.2968295,11252.1804176,1.7263554000001022,candidate-measurement,000D15,valid,3349,0,True,
17,1,000015,1790172522.4884217,11252.3720099,1.917947699999786,candidate-measurement,000D15,valid,3349,0,True,
17,1,000015,1790172522.6803913,11252.5639821,2.1099199000000226,candidate-measurement,000D15,valid,3349,0,True,
17,1,000015,1790172522.8883858,11252.7719748,2.317912599999545,candidate-measurement,000D15,valid,3349,0,True,
17,1,000015,1790172523.0798178,11252.9634055,2.5093433000001824,candidate-measurement,000D15,valid,3349,0,True,
17,1,000015,1790172523.2718155,11253.1554034,2.7013411999996606,candidate-measurement,000D15,valid,3349,0,True,
17,1,000015,1790172523.4793673,11253.3629551,2.9088928999990458,candidate-measurement,000D15,valid,3349,0,True,
17,1,000015,1790172523.6713612,11253.5549503,3.1008880999997928,candidate-measurement,000D15,valid,3349,0,True,
17,1,000015,1790172523.8627741,11253.7463624,3.292300199998863,candidate-measurement,000D16,valid,3350,1,True,
17,1,000015,1790172524.0707867,11253.9543749,3.500312699999995,candidate-measurement,000D16,valid,3350,0,True,
17,1,000015,1790172524.2623394,11254.1459277,3.6918654999990395,candidate-measurement,000D16,valid,3350,0,True,
17,1,000015,1790172524.4543521,11254.3379406,3.8838783999999578,candidate-measurement,000D17,valid,3351,1,True,
17,1,000015,1790172524.6463318,11254.5299201,4.0758578999993915,candidate-measurement,000D18,valid,3352,1,True,
17,1,000015,1790172524.8537617,11254.7373505,4.283288299999185,candidate-measurement,000D19,valid,3353,1,True,
17,1,000015,1790172525.0457668,11254.9293547,4.475292499999341,candidate-measurement,000D19,valid,3353,0,True,
17,1,000015,1790172525.23731,11255.1208983,4.666836099999273,candidate-measurement,000D19,valid,3353,0,True,
17,1,000015,1790172525.4453056,11255.3288933,4.874831099999938,candidate-measurement,000D19,valid,3353,0,True,
17,1,000015,1790172525.6373017,11255.5208896,5.066827399999966,candidate-measurement,000D19,valid,3353,0,True,
17,1,000015,1790172525.8287098,11255.712301,5.258238799999162,candidate-measurement,000D19,valid,3353,0,True,
17,1,000015,1790172526.0367215,11255.9203097,5.466247500000463,candidate-measurement,000D1B,valid,3355,2,True,
17,1,000015,1790172526.2282825,11256.1118706,5.65780839999934,candidate-measurement,000D1B,valid,3355,0,True,
17,1,000015,1790172526.4202833,11256.303871,5.849808799999664,candidate-measurement,000D1B,valid,3355,0,True,
17,1,000015,1790172526.61227,11256.495858,6.041795799999818,candidate-measurement,000D1B,valid,3355,0,True,
17,1,000015,1790172526.8202748,11256.7038632,6.249800999999934,candidate-measurement,000D1B,valid,3355,0,True,
17,1,000015,1790172527.011677,11256.8952651,6.441202899999553,candidate-measurement,000D1B,valid,3355,0,True,
17,1,000015,1790172527.2036731,11257.087261,6.633198800000173,candidate-measurement,000D1B,valid,3355,0,True,
17,1,000015,1790172527.4116402,11257.2952264,6.841164199999184,candidate-measurement,000D1B,valid,3355,0,True,
17,1,000015,1790172527.6032362,11257.4868244,7.032762200000434,candidate-measurement,000D1B,valid,3355,0,True,
17,1,000015,1790172527.7946455,11257.6782351,7.224172899999758,candidate-measurement,000D1B,valid,3355,0,True,
17,1,000015,1790172528.002252,11257.8858404,7.431778199999826,candidate-measurement,000D1B,valid,3355,0,True,
17,1,000015,1790172528.1942267,11258.0778169,7.623754700000063,candidate-measurement,000D1B,valid,3355,0,True,
17,1,000015,1790172528.386208,11258.2697964,7.815734199999497,candidate-measurement,000D1B,valid,3355,0,True,
17,1,000015,1790172528.5781984,11258.4617897,8.007727500000328,candidate-measurement,000D1F,valid,3359,4,True,
18,1,000016,1790172530.8959672,11260.7795539,0.19182720000026166,candidate-measurement,000D24,valid,3364,5,True,
18,1,000016,1790172531.0875466,11260.9711348,0.38340810000045167,candidate-measurement,000D27,valid,3367,3,True,
18,1,000016,1790172531.2951355,11261.1787237,0.5909970000011526,candidate-measurement,000D27,valid,3367,0,True,
18,1,000016,1790172531.4871252,11261.3707156,0.7829889000004187,candidate-measurement,000D27,valid,3367,0,True,
18,1,000016,1790172531.6791053,11261.5626937,0.974967000000106,candidate-measurement,000D27,valid,3367,0,True,
18,1,000016,1790172531.886968,11261.7705544,1.1828277000004164,candidate-measurement,000D27,valid,3367,0,True,
18,1,000016,1790172532.0945284,11261.9781169,1.3903902000001835,candidate-measurement,000D27,valid,3367,0,True,
18,1,000016,1790172532.2861052,11262.1696932,1.5819664999999077,candidate-measurement,000D27,valid,3367,0,True,
18,1,000016,1790172532.478143,11262.3617292,1.7740025000002788,candidate-measurement,000D27,valid,3367,0,True,
18,1,000016,1790172532.670093,11262.553681,1.9659542999997939,candidate-measurement,000D27,valid,3367,0,True,
18,1,000016,1790172532.8615065,11262.7450945,2.1573678000004293,candidate-measurement,000D27,valid,3367,0,True,
18,1,000016,1790172533.0534835,11262.9370713,2.3493446000011318,candidate-measurement,000D27,valid,3367,0,True,
18,1,000016,1790172533.261194,11263.1447822,2.5570554999994783,candidate-measurement,000D28,valid,3368,1,True,
18,1,000016,1790172533.45305,11263.3366382,2.7489115000007587,candidate-measurement,000D2A,valid,3370,2,True,
18,1,000016,1790172533.6444647,11263.5280528,2.940326100000675,candidate-measurement,000D2C,valid,3372,2,True,
18,1,000016,1790172533.8524556,11263.7360436,3.1483169000002817,candidate-measurement,000D2C,valid,3372,0,True,
18,1,000016,1790172534.044846,11263.9284325,3.3407058000011602,candidate-measurement,000D2C,valid,3372,0,True,
18,1,000016,1790172534.2360277,11264.1196152,3.5318884999996953,candidate-measurement,000D2C,valid,3372,0,True,
18,1,000016,1790172534.4280555,11264.3116424,3.7239157000003615,candidate-measurement,000D2C,valid,3372,0,True,
18,1,000016,1790172534.6360085,11264.5195966,3.931869899999583,candidate-measurement,000D2C,valid,3372,0,True,
18,1,000016,1790172534.8284035,11264.71199,4.124263300000166,candidate-measurement,000D2C,valid,3372,0,True,
18,1,000016,1790172535.0354345,11264.9190226,4.331295899999532,candidate-measurement,000D2D,valid,3373,1,True,
18,1,000016,1790172535.227415,11265.1110034,4.523276699999769,candidate-measurement,000D2D,valid,3373,0,True,
18,1,000016,1790172535.4194067,11265.3029945,4.71526780000022,candidate-measurement,000D2D,valid,3373,0,True,
18,1,000016,1790172535.610984,11265.494572,4.906845299999986,candidate-measurement,000D2E,valid,3374,1,True,
18,1,000016,1790172535.8189824,11265.7025736,5.114846899999975,candidate-measurement,000D31,valid,3377,3,True,
18,1,000016,1790172536.0264058,11265.909994,5.322267300000021,candidate-measurement,000D3B,valid,3387,10,True,
18,1,000016,1790172536.2183871,11266.1019788,5.514252099999794,candidate-measurement,000D3E,valid,3390,3,True,
18,1,000016,1790172536.409974,11266.2935622,5.7058355000008305,candidate-measurement,000D42,valid,3394,4,True,
18,1,000016,1790172536.601946,11266.4855347,5.8978079999997135,candidate-measurement,000D42,valid,3394,0,True,
18,1,000016,1790172536.7939649,11266.6775529,6.089826200000971,candidate-measurement,000D42,valid,3394,0,True,
18,1,000016,1790172536.9854171,11266.869004,6.281277300000511,candidate-measurement,000D42,valid,3394,0,True,
18,1,000016,1790172537.1933455,11267.0769334,6.489206700000068,candidate-measurement,000D44,valid,3396,2,True,
18,1,000016,1790172537.3849351,11267.2685236,6.680796900000132,candidate-measurement,000D44,valid,3396,0,True,
18,1,000016,1790172537.5769148,11267.4605027,6.872776000000158,candidate-measurement,000D44,valid,3396,0,True,
18,1,000016,1790172537.784904,11267.668494,7.080767299999934,candidate-measurement,000D44,valid,3396,0,True,
18,1,000016,1790172537.9923337,11267.8759242,7.288197500000024,candidate-measurement,000D45,valid,3397,1,True,
18,1,000016,1790172538.1843297,11268.0679181,7.480191399999967,candidate-measurement,000D45,valid,3397,0,True,
18,1,000016,1790172538.3758874,11268.2594757,7.671749000001,candidate-measurement,000D45,valid,3397,0,True,
18,1,000016,1790172538.567896,11268.4514843,7.863757600000099,candidate-measurement,000D47,valid,3399,2,True,
19,1,000017,1790172541.01323,11270.8968181,0.19141359999957785,candidate-measurement,000D48,valid,3400,1,True,
19,1,000017,1790172541.2047944,11271.0883858,0.382981299999301,candidate-measurement,000D4A,valid,3402,2,True,
19,1,000017,1790172541.396815,11271.2804035,0.5749990000003891,candidate-measurement,000D4F,valid,3407,5,True,
19,1,000017,1790172541.588786,11271.4723739,0.7669693999996525,candidate-measurement,000D52,valid,3410,3,True,
19,1,000017,1790172541.7807727,11271.6643618,0.9589572999993834,candidate-measurement,000D53,valid,3411,1,True,
19,1,000017,1790172541.972195,11271.8557834,1.1503788999998505,candidate-measurement,000D53,valid,3411,0,True,
19,1,000017,1790172542.164185,11272.0477733,1.3423688000002585,candidate-measurement,000D53,valid,3411,0,True,
19,1,000017,1790172542.3557572,11272.2393461,1.5339415999987978,candidate-measurement,000D55,valid,3413,2,True,
19,1,000017,1790172542.547771,11272.431359,1.725954499999716,candidate-measurement,000D55,valid,3413,0,True,
19,1,000017,1790172542.7397482,11272.6233373,1.9179327999991074,candidate-measurement,000D55,valid,3413,0,True,
19,1,000017,1790172542.9321418,11272.8157278,2.110323299999436,candidate-measurement,000D55,valid,3413,0,True,
19,1,000017,1790172543.1391604,11273.0227487,2.3173441999988427,candidate-measurement,000D55,valid,3413,0,True,
19,1,000017,1790172543.330725,11273.2143131,2.508908599998904,candidate-measurement,000D55,valid,3413,0,True,
19,1,000017,1790172543.5227396,11273.4063279,2.7009233999997377,candidate-measurement,000D55,valid,3413,0,True,
19,1,000017,1790172543.73013,11273.6137192,2.908314700000119,candidate-measurement,000D55,valid,3413,0,True,
19,1,000017,1790172543.9221334,11273.8057217,3.100317200000063,candidate-measurement,000D55,valid,3413,0,True,
19,1,000017,1790172544.1137073,11273.9972954,3.2918908999999985,candidate-measurement,000D55,valid,3413,0,True,
19,1,000017,1790172544.3217354,11274.2053236,3.499919099998806,candidate-measurement,000D55,valid,3413,0,True,
19,1,000017,1790172544.5137067,11274.3972951,3.6918905999991694,candidate-measurement,000D56,valid,3414,1,True,
19,1,000017,1790172544.7051165,11274.5887064,3.8833018999994238,candidate-measurement,000D56,valid,3414,0,True,
19,1,000017,1790172544.897121,11274.7807086,4.0753040999989025,candidate-measurement,000D56,valid,3414,0,True,
19,1,000017,1790172545.1046727,11274.988261,4.28285649999998,candidate-measurement,000D56,valid,3414,0,True,
19,1,000017,1790172545.2966664,11275.1802552,4.474850700000388,candidate-measurement,000D56,valid,3414,0,True,
19,1,000017,1790172545.488673,11275.3722613,4.66685680000046,candidate-measurement,000D56,valid,3414,0,True,
19,1,000017,1790172545.696065,11275.5796536,4.874249099999361,candidate-measurement,000D56,valid,3414,0,True,
19,1,000017,1790172545.8881047,11275.7716932,5.066288699999859,candidate-measurement,000D57,valid,3415,1,True,
19,1,000017,1790172546.0800776,11275.9636656,5.2582610999998,candidate-measurement,000D57,valid,3415,0,True,
19,1,000017,1790172546.2880282,11276.1716147,5.466210200000205,candidate-measurement,000D57,valid,3415,0,True,
19,1,000017,1790172546.4796526,11276.3632404,5.657835899999554,candidate-measurement,000D59,valid,3417,2,True,
19,1,000017,1790172546.6716428,11276.5552316,5.849827099998947,candidate-measurement,000D5A,valid,3418,1,True,
19,1,000017,1790172546.863036,11276.746627,6.0412225000000035,candidate-measurement,000D5E,valid,3422,4,True,
19,1,000017,1790172547.0710423,11276.9546303,6.249225800000204,candidate-measurement,000D61,valid,3425,3,True,
19,1,000017,1790172547.2626023,11277.1461902,6.440785699998742,candidate-measurement,000D64,valid,3428,3,True,
19,1,000017,1790172547.4547698,11277.3383542,6.63294969999879,candidate-measurement,000D67,valid,3431,3,True,
19,1,000017,1790172547.6625898,11277.5461775,6.840772999999899,candidate-measurement,000D69,valid,3433,2,True,
19,1,000017,1790172547.8540058,11277.7375938,7.032189300000027,candidate-measurement,000D69,valid,3433,0,True,
19,1,000017,1790172548.0460172,11277.9296052,7.224200700000438,candidate-measurement,000D6A,valid,3434,1,True,
19,1,000017,1790172548.253589,11278.1371771,7.431772599999022,candidate-measurement,000D6B,valid,3435,1,True,
19,1,000017,1790172548.4455872,11278.3291756,7.623771099999431,candidate-measurement,000D6B,valid,3435,0,True,
19,1,000017,1790172548.6375947,11278.5211819,7.815777399999206,candidate-measurement,000D6B,valid,3435,0,True,
19,1,000017,1790172548.8290284,11278.7126152,8.007210699999632,candidate-measurement,000D6B,valid,3435,0,True,
20,1,000018,1790172551.1469035,11281.0304915,0.19199119999939285,candidate-measurement,000D6D,valid,3437,2,True,
20,1,000018,1790172551.3384883,11281.2220765,0.38357619999987946,candidate-measurement,000D6D,valid,3437,0,True,
20,1,000018,1790172551.546468,11281.430056,0.5915556999989349,candidate-measurement,000D6D,valid,3437,0,True,
20,1,000018,1790172551.7384615,11281.62205,0.7835496999996394,candidate-measurement,000D6D,valid,3437,0,True,
20,1,000018,1790172551.930263,11281.8138495,0.9753491999999824,candidate-measurement,000D6D,valid,3437,0,True,
20,1,000018,1790172552.1218836,11282.005472,1.1669717000004312,candidate-measurement,000D6D,valid,3437,0,True,
20,1,000018,1790172552.3296645,11282.2132509,1.3747505999999703,candidate-measurement,000D6D,valid,3437,0,True,
20,1,000018,1790172552.5214348,11282.4050233,1.5665229999995063,candidate-measurement,000D6D,valid,3437,0,True,
20,1,000018,1790172552.713435,11282.5970229,1.7585225999991962,candidate-measurement,000D6D,valid,3437,0,True,
20,1,000018,1790172552.9208567,11282.8044478,1.965947499998947,candidate-measurement,000D6D,valid,3437,0,True,
20,1,000018,1790172553.1128552,11282.9964432,2.157942899999398,candidate-measurement,000D6E,valid,3438,1,True,
20,1,000018,1790172553.3048491,11283.1884372,2.3499369000001025,candidate-measurement,000D6E,valid,3438,0,True,
20,1,000018,1790172553.5124815,11283.3960696,2.557569299999159,candidate-measurement,000D6E,valid,3438,0,True,
20,1,000018,1790172553.7044055,11283.5879946,2.7494943000001513,candidate-measurement,000D6E,valid,3438,0,True,
20,1,000018,1790172553.8967848,11283.7803715,2.9418711999987863,candidate-measurement,000D6E,valid,3438,0,True,
20,1,000018,1790172554.103845,11283.9874316,3.1489313000001857,candidate-measurement,000D6E,valid,3438,0,True,
20,1,000018,1790172554.2957962,11284.1793843,3.340883999999278,candidate-measurement,000D6E,valid,3438,0,True,
20,1,000018,1790172554.4873939,11284.3709815,3.532481199999893,candidate-measurement,000D6E,valid,3438,0,True,
20,1,000018,1790172554.6793783,11284.5629667,3.7244663999990735,candidate-measurement,000D6E,valid,3438,0,True,
20,1,000018,1790172554.8873677,11284.7709556,3.9324553000005835,candidate-measurement,000D6E,valid,3438,0,True,
20,1,000018,1790172555.0793552,11284.9629432,4.124442899999849,candidate-measurement,000D6E,valid,3438,0,True,
20,1,000018,1790172555.270787,11285.1543753,4.315875000000233,candidate-measurement,000D6E,valid,3438,0,True,
20,1,000018,1790172555.4787607,11285.3623494,4.523849100000007,candidate-measurement,000D6E,valid,3438,0,True,
20,1,000018,1790172555.6703491,11285.5539374,4.71543709999969,candidate-measurement,000D6F,valid,3439,1,True,
20,1,000018,1790172555.862322,11285.7459109,4.9074105999989115,candidate-measurement,000D6F,valid,3439,0,True,
20,1,000018,1790172556.0537305,11285.9373206,5.098820299999716,candidate-measurement,000D6F,valid,3439,0,True,
20,1,000018,1790172556.2617514,11286.1453394,5.306839099999706,candidate-measurement,000D6F,valid,3439,0,True,
20,1,000018,1790172556.4533072,11286.3368952,5.4983948999997665,candidate-measurement,000D6F,valid,3439,0,True,
20,1,000018,1790172556.6453025,11286.5288909,5.690390599998864,candidate-measurement,000D6F,valid,3439,0,True,
20,1,000018,1790172556.8532858,11286.7368743,5.898374000000331,candidate-measurement,000D6F,valid,3439,0,True,
20,1,000018,1790172557.0447738,11286.9283605,6.089860199999748,candidate-measurement,000D6F,valid,3439,0,True,
20,1,000018,1790172557.2367072,11287.120295,6.281794700000319,candidate-measurement,000D6F,valid,3439,0,True,
20,1,000018,1790172557.4442682,11287.3278564,6.489356099998986,candidate-measurement,000D70,valid,3440,1,True,
20,1,000018,1790172557.6362684,11287.519858,6.681357699999353,candidate-measurement,000D70,valid,3440,0,True,
20,1,000018,1790172557.8277044,11287.7112923,6.872792000000118,candidate-measurement,000D70,valid,3440,0,True,
20,1,000018,1790172558.019699,11287.9032874,7.064787100000103,candidate-measurement,000D70,valid,3440,0,True,
20,1,000018,1790172558.2272654,11288.1108528,7.272352500000125,candidate-measurement,000D70,valid,3440,0,True,
20,1,000018,1790172558.4192479,11288.3028357,7.464335399999982,candidate-measurement,000D70,valid,3440,0,True,
20,1,000018,1790172558.6112394,11288.4948272,7.65632689999984,candidate-measurement,000D71,valid,3441,1,True,
20,1,000018,1790172558.8186684,11288.7022572,7.863756900000226,candidate-measurement,000D72,valid,3442,1,True,
21,1,000019,1790172561.2641637,11291.1477522,0.19200110000019777,candidate-measurement,000D75,valid,3445,2,True,
21,1,000019,1790172561.4556234,11291.3392102,0.3834590999995271,candidate-measurement,000D75,valid,3445,0,True,
21,1,000019,1790172561.647558,11291.5311458,0.5753946999993786,candidate-measurement,000D75,valid,3445,0,True,
21,1,000019,1790172561.8391356,11291.7227243,0.7669731999994838,candidate-measurement,000D75,valid,3445,0,True,
21,1,000019,1790172562.0311255,11291.9147139,0.9589627999994264,candidate-measurement,000D78,valid,3448,3,True,
21,1,000019,1790172562.2235193,11292.1071054,1.1513543000000936,candidate-measurement,000D7C,valid,3452,4,True,
21,1,000019,1790172562.4145558,11292.2981442,1.3423930999997538,candidate-measurement,000D80,valid,3456,4,True,
21,1,000019,1790172562.6065364,11292.4901243,1.5343732000001182,candidate-measurement,000D81,valid,3457,1,True,
21,1,000019,1790172562.798107,11292.6816954,1.7259443000002648,candidate-measurement,000D81,valid,3457,0,True,
21,1,000019,1790172562.9904947,11292.8740811,1.9183300000004238,candidate-measurement,000D81,valid,3457,0,True,
21,1,000019,1790172563.1820982,11293.0656866,2.1099355000005744,candidate-measurement,000D81,valid,3457,0,True,
21,1,000019,1790172563.389498,11293.2730894,2.317338299999392,candidate-measurement,000D81,valid,3457,0,True,
21,1,000019,1790172563.5815067,11293.4650944,2.5093433000001824,candidate-measurement,000D81,valid,3457,0,True,
21,1,000019,1790172563.7730901,11293.6566782,2.7009271000006265,candidate-measurement,000D81,valid,3457,0,True,
21,1,000019,1790172563.9814801,11293.8650664,2.9093152999994345,candidate-measurement,000D81,valid,3457,0,True,
21,1,000019,1790172564.1890528,11294.0726413,3.116890199999034,candidate-measurement,000D81,valid,3457,0,True,
21,1,000019,1790172564.3804753,11294.2640639,3.3083127999998396,candidate-measurement,000D81,valid,3457,0,True,
21,1,000019,1790172564.5724704,11294.456059,3.500307899999825,candidate-measurement,000D82,valid,3458,1,True,
21,1,000019,1790172564.7644603,11294.64805,3.692298899999514,candidate-measurement,000D82,valid,3458,0,True,
21,1,000019,1790172564.956032,11294.8396204,3.8838692999997875,candidate-measurement,000D83,valid,3459,1,True,
21,1,000019,1790172565.1480355,11295.0316237,4.075872600000366,candidate-measurement,000D84,valid,3460,1,True,
21,1,000019,1790172565.3560224,11295.2396106,4.28385949999938,candidate-measurement,000D86,valid,3462,2,True,
21,1,000019,1790172565.5474358,11295.4310272,4.475276099999974,candidate-measurement,000D86,valid,3462,0,True,
21,1,000019,1790172565.7394278,11295.6230188,4.667267700000593,candidate-measurement,000D86,valid,3462,0,True,
21,1,000019,1790172565.9470053,11295.8305938,4.874842699999135,candidate-measurement,000D86,valid,3462,0,True,
21,1,000019,1790172566.1550045,11296.038592,5.0828409000005195,candidate-measurement,000D86,valid,3462,0,True,
21,1,000019,1790172566.347054,11296.2306405,5.274889399999665,candidate-measurement,000D86,valid,3462,0,True,
21,1,000019,1790172566.5384269,11296.422015,5.466263899999831,candidate-measurement,000D86,valid,3462,0,True,
21,1,000019,1790172566.7304027,11296.6139912,5.6582400999996025,candidate-measurement,000D86,valid,3462,0,True,
21,1,000019,1790172566.9219842,11296.8055744,5.849823299999116,candidate-measurement,000D86,valid,3462,0,True,
21,1,000019,1790172567.113985,11296.997573,6.041821900000286,candidate-measurement,000D86,valid,3462,0,True,
21,1,000019,1790172567.3220105,11297.2055982,6.249847099999897,candidate-measurement,000D86,valid,3462,0,True,
21,1,000019,1790172567.5133944,11297.3969822,6.441231099999641,candidate-measurement,000D86,valid,3462,0,True,
21,1,000019,1790172567.7053666,11297.5889545,6.633203400000639,candidate-measurement,000D86,valid,3462,0,True,
21,1,000019,1790172567.9129412,11297.7965299,6.8407788000004075,candidate-measurement,000D87,valid,3463,1,True,
21,1,000019,1790172568.1049294,11297.9885176,7.0327665000004345,candidate-measurement,000D87,valid,3463,0,True,
21,1,000019,1790172568.2969453,11298.1805337,7.224782600000253,candidate-measurement,000D87,valid,3463,0,True,
21,1,000019,1790172568.4883444,11298.3719321,7.416181000000506,candidate-measurement,000D88,valid,3464,1,True,
21,1,000019,1790172568.6963458,11298.5799332,7.624182100000326,candidate-measurement,000D8C,valid,3468,4,True,
21,1,000019,1790172568.8883274,11298.7719162,7.816165099999125,candidate-measurement,000D91,valid,3473,5,True,
21,1,000019,1790172569.0799205,11298.963509,8.007757899998978,candidate-measurement,000D98,valid,3480,7,True,
22,1,00001A,1790172571.413888,11301.2974743,0.20765209999990475,candidate-measurement,000D98,valid,3480,0,True,
22,1,00001A,1790172571.6052408,11301.4888289,0.3990066999995179,candidate-measurement,000D98,valid,3480,0,True,
22,1,00001A,1790172571.7972329,11301.6808236,0.5910014000000956,candidate-measurement,000D9B,valid,3483,3,True,
22,1,00001A,1790172572.0048206,11301.8884083,0.7985860999997385,candidate-measurement,000D9D,valid,3485,2,True,
22,1,00001A,1790172572.1968043,11302.0803923,0.9905701000006957,candidate-measurement,000D9D,valid,3485,0,True,
22,1,00001A,1790172572.38882,11302.272408,1.1825858000011067,candidate-measurement,000D9D,valid,3485,0,True,
22,1,00001A,1790172572.5962036,11302.4797919,1.3899696999997104,candidate-measurement,000D9D,valid,3485,0,True,
22,1,00001A,1790172572.7882013,11302.6717894,1.5819671999997809,candidate-measurement,000D9D,valid,3485,0,True,
22,1,00001A,1790172572.9797814,11302.8633693,1.7735470999996323,candidate-measurement,000D9D,valid,3485,0,True,
22,1,00001A,1790172573.1877654,11303.0713528,1.9815306000000419,candidate-measurement,000D9D,valid,3485,0,True,
22,1,00001A,1790172573.3798146,11303.2634013,2.1735791000010067,candidate-measurement,000D9D,valid,3485,0,True,
22,1,00001A,1790172573.5711854,11303.4547737,2.3649514999997336,candidate-measurement,000D9D,valid,3485,0,True,
22,1,00001A,1790172573.7788286,11303.6624163,2.5725941000000603,candidate-measurement,000D9E,valid,3486,1,True,
22,1,00001A,1790172573.970738,11303.8543276,2.7645054000004166,candidate-measurement,000D9E,valid,3486,0,True,
22,1,00001A,1790172574.1627603,11304.046348,2.956525800000236,candidate-measurement,000D9E,valid,3486,0,True,
22,1,00001A,1790172574.3542085,11304.237795,3.1479727999994793,candidate-measurement,000D9E,valid,3486,0,True,
22,1,00001A,1790172574.561733,11304.4453211,3.3554989000003843,candidate-measurement,000D9E,valid,3486,0,True,
22,1,00001A,1790172574.7537184,11304.6373072,3.547485000000961,candidate-measurement,000D9F,valid,3487,1,True,
22,1,00001A,1790172574.9457436,11304.8293314,3.7395092000006116,candidate-measurement,000D9F,valid,3487,0,True,
22,1,00001A,1790172575.1537247,11305.0373124,3.947490200000175,candidate-measurement,000D9F,valid,3487,0,True,
22,1,00001A,1790172575.3451178,11305.2287065,4.138884300000427,candidate-measurement,000D9F,valid,3487,0,True,
22,1,00001A,1790172575.537129,11305.4207175,4.330895299999611,candidate-measurement,000DA0,valid,3488,1,True,
22,1,00001A,1790172575.7446845,11305.6282739,4.538451700000223,candidate-measurement,000DA2,valid,3490,2,True,
22,1,00001A,1790172575.9366844,11305.8202727,4.730450500001098,candidate-measurement,000DA6,valid,3494,4,True,
22,1,00001A,1790172576.1286857,11306.0122772,4.9224549999999,candidate-measurement,000DAA,valid,3498,4,True,
22,1,00001A,1790172576.3204947,11306.2040803,5.11425810000037,candidate-measurement,000DAA,valid,3498,0,True,
22,1,00001A,1790172576.5281508,11306.4117388,5.321916599999895,candidate-measurement,000DAA,valid,3498,0,True,
22,1,00001A,1790172576.7196672,11306.6032574,5.513435200000458,candidate-measurement,000DAA,valid,3498,0,True,
22,1,00001A,1790172576.9116719,11306.7952601,5.705437900000106,candidate-measurement,000DAB,valid,3499,1,True,
22,1,00001A,1790172577.1196625,11307.0032508,5.9134286000007705,candidate-measurement,000DAC,valid,3500,1,True,
22,1,00001A,1790172577.3110561,11307.1946467,6.104824500000177,candidate-measurement,000DAE,valid,3502,2,True,
22,1,00001A,1790172577.5030751,11307.3866628,6.296840599999996,candidate-measurement,000DAE,valid,3502,0,True,
22,1,00001A,1790172577.7106402,11307.5942284,6.504406199999721,candidate-measurement,000DAE,valid,3502,0,True,
22,1,00001A,1790172577.9026225,11307.7862108,6.696388600001228,candidate-measurement,000DAE,valid,3502,0,True,
22,1,00001A,1790172578.0946338,11307.9782229,6.888400699999693,candidate-measurement,000DAE,valid,3502,0,True,
22,1,00001A,1790172578.2860227,11308.1696136,7.079791399999522,candidate-measurement,000DAE,valid,3502,0,True,
22,1,00001A,1790172578.4940531,11308.3776411,7.287818900000275,candidate-measurement,000DAE,valid,3502,0,True,
22,1,00001A,1790172578.6855931,11308.5691817,7.47935950000101,candidate-measurement,000DAE,valid,3502,0,True,
22,1,00001A,1790172578.8775897,11308.7611777,7.671355500000573,candidate-measurement,000DAE,valid,3502,0,True,
22,1,00001A,1790172579.0850053,11308.9685932,7.878770999999688,candidate-measurement,000DAE,valid,3502,0,True,
23,1,00001B,1790172581.514547,11311.398135,0.19159310000031837,candidate-measurement,000DAE,valid,3502,0,True,
23,1,00001B,1790172581.706494,11311.5900824,0.38354050000089046,candidate-measurement,000DAE,valid,3502,0,True,
23,1,00001B,1790172581.897913,11311.7815014,0.5749595000015688,candidate-measurement,000DAE,valid,3502,0,True,
23,1,00001B,1790172582.0899093,11311.9734971,0.7669552000006661,candidate-measurement,000DAE,valid,3502,0,True,
23,1,00001B,1790172582.2815027,11312.1650908,0.9585489000000962,candidate-measurement,000DAE,valid,3502,0,True,
23,1,00001B,1790172582.4734678,11312.3570575,1.1505156000002899,candidate-measurement,000DAF,valid,3503,1,True,
23,1,00001B,1790172582.6654866,11312.549075,1.342533100001674,candidate-measurement,000DAF,valid,3503,0,True,
23,1,00001B,1790172582.8569014,11312.7404891,1.5339472000014212,candidate-measurement,000DAF,valid,3503,0,True,
23,1,00001B,1790172583.0649192,11312.9485056,1.7419637000002695,candidate-measurement,000DAF,valid,3503,0,True,
23,1,00001B,1790172583.2568645,11313.1404536,1.9339116999999533,candidate-measurement,000DAF,valid,3503,0,True,
23,1,00001B,1790172583.4484372,11313.3320261,2.125484200001665,candidate-measurement,000DAF,valid,3503,0,True,
23,1,00001B,1790172583.655854,11313.5394426,2.332900700001119,candidate-measurement,000DAF,valid,3503,0,True,
23,1,00001B,1790172583.8478723,11313.7314599,2.52491800000098,candidate-measurement,000DAF,valid,3503,0,True,
23,1,00001B,1790172584.0394132,11313.9230044,2.716462500000489,candidate-measurement,000DAF,valid,3503,0,True,
23,1,00001B,1790172584.2474487,11314.1310364,2.9244945000009466,candidate-measurement,000DB0,valid,3504,1,True,
23,1,00001B,1790172584.439431,11314.3230186,3.1164767000009306,candidate-measurement,000DB0,valid,3504,0,True,
23,1,00001B,1790172584.631405,11314.514993,3.308451100001548,candidate-measurement,000DB0,valid,3504,0,True,
23,1,00001B,1790172584.8388336,11314.7224217,3.51587980000113,candidate-measurement,000DB0,valid,3504,0,True,
23,1,00001B,1790172585.0304117,11314.9139997,3.707457800001066,candidate-measurement,000DB0,valid,3504,0,True,
23,1,00001B,1790172585.2224033,11315.1059917,3.8994498000010935,candidate-measurement,000DB0,valid,3504,0,True,
23,1,00001B,1790172585.4143806,11315.2979686,4.0914267000007385,candidate-measurement,000DB0,valid,3504,0,True,
23,1,00001B,1790172585.621796,11315.5053843,4.2988424000013765,candidate-measurement,000DB0,valid,3504,0,True,
23,1,00001B,1790172585.8137813,11315.6973709,4.4908290000003035,candidate-measurement,000DB0,valid,3504,0,True,
23,1,00001B,1790172586.0053587,11315.8889463,4.6824044000004506,candidate-measurement,000DB0,valid,3504,0,True,
23,1,00001B,1790172586.2133543,11316.0969423,4.890400400001454,candidate-measurement,000DB0,valid,3504,0,True,
23,1,00001B,1790172586.420781,11316.3043689,5.097827000001416,candidate-measurement,000DB0,valid,3504,0,True,
23,1,00001B,1790172586.6127613,11316.4963496,5.2898077000008925,candidate-measurement,000DB1,valid,3505,1,True,
23,1,00001B,1790172586.8047602,11316.6883484,5.481806500001767,candidate-measurement,000DB1,valid,3505,0,True,
23,1,00001B,1790172586.996334,11316.879922,5.673380100000941,candidate-measurement,000DB5,valid,3509,4,True,
23,1,00001B,1790172587.1883411,11317.0719291,5.865387200001351,candidate-measurement,000DB5,valid,3509,0,True,
23,1,00001B,1790172587.3803153,11317.2639034,6.057361500001207,candidate-measurement,000DBA,valid,3514,5,True,
23,1,00001B,1790172587.5877302,11317.4713189,6.264777000000322,candidate-measurement,000DBD,valid,3517,3,True,
23,1,00001B,1790172587.77931,11317.6628995,6.456357600000047,candidate-measurement,000DC2,valid,3522,5,True,
23,1,00001B,1790172587.9713125,11317.8549013,6.648359400000118,candidate-measurement,000DC4,valid,3524,2,True,
23,1,00001B,1790172588.1796882,11318.0632746,6.856732700000066,candidate-measurement,000DC5,valid,3525,1,True,
23,1,00001B,1790172588.3867202,11318.2703083,7.063766400000532,candidate-measurement,000DC5,valid,3525,0,True,
23,1,00001B,1790172588.5787077,11318.4622956,7.255753700001151,candidate-measurement,000DC7,valid,3527,2,True,
23,1,00001B,1790172588.7702873,11318.6538779,7.447336000001087,candidate-measurement,000DC7,valid,3527,0,True,
23,1,00001B,1790172588.9622648,11318.8458529,7.639311000000816,candidate-measurement,000DC7,valid,3527,0,True,
23,1,00001B,1790172589.1542592,11319.0378472,7.831305300000167,candidate-measurement,000DC7,valid,3527,0,True,
24,1,00001C,1790172591.6471682,11321.5307564,0.20754539999870758,candidate-measurement,000DC8,valid,3528,1,True,
24,1,00001C,1790172591.8391666,11321.7227566,0.39954559999932826,candidate-measurement,000DC8,valid,3528,0,True,
24,1,00001C,1790172592.031185,11321.9147732,0.5915621999993164,candidate-measurement,000DC8,valid,3528,0,True,
24,1,00001C,1790172592.2225742,11322.1061658,0.7829547999990609,candidate-measurement,000DC8,valid,3528,0,True,
24,1,00001C,1790172592.4145944,11322.2981823,0.9749712999982876,candidate-measurement,000DC8,valid,3528,0,True,
24,1,00001C,1790172592.6065717,11322.4901602,1.16694920000009,candidate-measurement,000DC8,valid,3528,0,True,
24,1,00001C,1790172592.7981453,11322.6817331,1.3585220999993908,candidate-measurement,000DC8,valid,3528,0,True,
24,1,00001C,1790172592.9901364,11322.8737245,1.5505134999984875,candidate-measurement,000DC9,valid,3529,1,True,
24,1,00001C,1790172593.1815434,11323.0651349,1.7419238999991649,candidate-measurement,000DC9,valid,3529,0,True,
24,1,00001C,1790172593.3735442,11323.2571351,1.9339240999997855,candidate-measurement,000DC9,valid,3529,0,True,
24,1,00001C,1790172593.565105,11323.4486962,2.1254851999983657,candidate-measurement,000DC9,valid,3529,0,True,
24,1,00001C,1790172593.7571108,11323.6407004,2.3174893999985215,candidate-measurement,000DC9,valid,3529,0,True,
24,1,00001C,1790172593.9485304,11323.8321189,2.5089078999990306,candidate-measurement,000DC9,valid,3529,0,True,
24,1,00001C,1790172594.1405191,11324.0241077,2.7008966999983386,candidate-measurement,000DC9,valid,3529,0,True,
24,1,00001C,1790172594.332089,11324.2156774,2.892466399998739,candidate-measurement,000DC9,valid,3529,0,True,
24,1,00001C,1790172594.5241082,11324.4076959,3.0844848999986425,candidate-measurement,000DC9,valid,3529,0,True,
24,1,00001C,1790172594.7320719,11324.6156605,3.2924494999988383,candidate-measurement,000DC9,valid,3529,0,True,
24,1,00001C,1790172594.9400914,11324.823679,3.5004679999983637,candidate-measurement,000DC9,valid,3529,0,True,
24,1,00001C,1790172595.1314874,11325.0150757,3.691864699998405,candidate-measurement,000DC9,valid,3529,0,True,
24,1,00001C,1790172595.3234892,11325.2070786,3.8838675999995758,candidate-measurement,000DC9,valid,3529,0,True,
24,1,00001C,1790172595.5154665,11325.3990569,4.075845899998967,candidate-measurement,000DC9,valid,3529,0,True,
24,1,00001C,1790172595.7070453,11325.5906348,4.2674237999999605,candidate-measurement,000DC9,valid,3529,0,True,
24,1,00001C,1790172595.8990905,11325.7826765,4.4594655000000785,candidate-measurement,000DCA,valid,3530,1,True,
24,1,00001C,1790172596.1070316,11325.9906197,4.667408699999214,candidate-measurement,000DCA,valid,3530,0,True,
24,1,00001C,1790172596.2984397,11326.182031,4.858819999999469,candidate-measurement,000DCA,valid,3530,0,True,
24,1,00001C,1790172596.4904559,11326.374047,5.050835999998526,candidate-measurement,000DCA,valid,3530,0,True,
24,1,00001C,1790172596.6980102,11326.5815983,5.258387299998503,candidate-measurement,000DCA,valid,3530,0,True,
24,1,00001C,1790172596.8900077,11326.7735962,5.4503851999998005,candidate-measurement,000DCA,valid,3530,0,True,
24,1,00001C,1790172597.082009,11326.9655972,5.642386199999237,candidate-measurement,000DCB,valid,3531,1,True,
24,1,00001C,1790172597.2894523,11327.1730401,5.849829099999624,candidate-measurement,000DCC,valid,3532,1,True,
24,1,00001C,1790172597.4814126,11327.3650007,6.041789699998844,candidate-measurement,000DCD,valid,3533,1,True,
24,1,00001C,1790172597.673003,11327.5565913,6.233380299998316,candidate-measurement,000DCD,valid,3533,0,True,
24,1,00001C,1790172597.8653755,11327.7489615,6.425750499998685,candidate-measurement,000DCD,valid,3533,0,True,
24,1,00001C,1790172598.0729783,11327.9565665,6.633355499998288,candidate-measurement,000DCF,valid,3535,2,True,
24,1,00001C,1790172598.2643971,11328.1479849,6.824773899999855,candidate-measurement,000DCF,valid,3535,0,True,
24,1,00001C,1790172598.4563892,11328.3399771,7.016766099999586,candidate-measurement,000DCF,valid,3535,0,True,
24,1,00001C,1790172598.6639924,11328.5475802,7.224369199999273,candidate-measurement,000DCF,valid,3535,0,True,
24,1,00001C,1790172598.855948,11328.7395364,7.41632539999955,candidate-measurement,000DCF,valid,3535,0,True,
24,1,00001C,1790172599.0479414,11328.9315322,7.608321199999409,candidate-measurement,000DCF,valid,3535,0,True,
24,1,00001C,1790172599.239935,11329.1235234,7.800312399998802,candidate-measurement,000DCF,valid,3535,0,True,
24,1,00001C,1790172599.4473503,11329.3309383,8.007727299998805,candidate-measurement,000DCF,valid,3535,0,True,
25,1,00001D,1790172601.7648492,11331.6484377,0.19156850000035774,candidate-measurement,000DCF,valid,3535,0,True,
25,1,00001D,1790172601.9728553,11331.8564425,0.39957330000106595,candidate-measurement,000DCF,valid,3535,0,True,
25,1,00001D,1790172602.1648395,11332.0484281,0.5915589000014734,candidate-measurement,000DCF,valid,3535,0,True,
25,1,00001D,1790172602.356846,11332.2404343,0.7835651000004873,candidate-measurement,000DCF,valid,3535,0,True,
25,1,00001D,1790172602.5642548,11332.447843,0.9909738000005746,candidate-measurement,000DCF,valid,3535,0,True,
25,1,00001D,1790172602.7562525,11332.6398401,1.1829709000012372,candidate-measurement,000DCF,valid,3535,0,True,
25,1,00001D,1790172602.9478097,11332.8313998,1.374530600000071,candidate-measurement,000DCF,valid,3535,0,True,
25,1,00001D,1790172603.1398208,11333.023409,1.5665398000001005,candidate-measurement,000DD2,valid,3538,3,True,
25,1,00001D,1790172603.347798,11333.2313869,1.7745177000015246,candidate-measurement,000DD8,valid,3544,6,True,
25,1,00001D,1790172603.5392187,11333.4228077,1.9659385000013572,candidate-measurement,000DDA,valid,3546,2,True,
25,1,00001D,1790172603.7312114,11333.6147994,2.1579302000009193,candidate-measurement,000DDA,valid,3546,0,True,
25,1,00001D,1790172603.9388347,11333.8224242,2.365555000000313,candidate-measurement,000DDA,valid,3546,0,True,
25,1,00001D,1790172604.1307726,11334.0143609,2.5574917000012647,candidate-measurement,000DDB,valid,3547,1,True,
25,1,00001D,1790172604.3227654,11334.2063549,2.7494857000001502,candidate-measurement,000DDB,valid,3547,0,True,
25,1,00001D,1790172604.5301805,11334.4137688,2.956899599999815,candidate-measurement,000DDB,valid,3547,0,True,
25,1,00001D,1790172604.7221794,11334.6057675,3.148898299999928,candidate-measurement,000DDB,valid,3547,0,True,
25,1,00001D,1790172604.913742,11334.7973332,3.340464000000793,candidate-measurement,000DDB,valid,3547,0,True,
25,1,00001D,1790172605.1057413,11334.9893325,3.5324633000000176,candidate-measurement,000DDB,valid,3547,0,True,
25,1,00001D,1790172605.3137352,11335.1973235,3.740454300001147,candidate-measurement,000DDB,valid,3547,0,True,
25,1,00001D,1790172605.5051475,11335.3887379,3.9318687000013597,candidate-measurement,000DDB,valid,3547,0,True,
25,1,00001D,1790172605.697155,11335.580743,4.123873800001093,candidate-measurement,000DDB,valid,3547,0,True,
25,1,00001D,1790172605.9047184,11335.7883065,4.331437300001198,candidate-measurement,000DDB,valid,3547,0,True,
25,1,00001D,1790172606.096703,11335.9802939,4.52342470000076,candidate-measurement,000DDC,valid,3548,1,True,
25,1,00001D,1790172606.2887082,11336.1722968,4.715427600000112,candidate-measurement,000DDC,valid,3548,0,True,
25,1,00001D,1790172606.496114,11336.3797039,4.922834700000749,candidate-measurement,000DDE,valid,3550,2,True,
25,1,00001D,1790172606.6881146,11336.5717033,5.114834100000735,candidate-measurement,000DE0,valid,3552,2,True,
25,1,00001D,1790172606.8801053,11336.7636956,5.306826400001228,candidate-measurement,000DE0,valid,3552,0,True,
25,1,00001D,1790172607.0716872,11336.9552764,5.498407200000656,candidate-measurement,000DE0,valid,3552,0,True,
25,1,00001D,1790172607.279684,11337.1632738,5.706404600001406,candidate-measurement,000DE0,valid,3552,0,True,
25,1,00001D,1790172607.4710824,11337.3546739,5.8978047000000515,candidate-measurement,000DE0,valid,3552,0,True,
25,1,00001D,1790172607.6630876,11337.5466763,6.089807100001053,candidate-measurement,000DE0,valid,3552,0,True,
25,1,00001D,1790172607.871073,11337.7546616,6.297792400000617,candidate-measurement,000DE0,valid,3552,0,True,
25,1,00001D,1790172608.0626655,11337.9462538,6.489384600001358,candidate-measurement,000DE0,valid,3552,0,True,
25,1,00001D,1790172608.2546566,11338.1382449,6.68137569999999,candidate-measurement,000DE1,valid,3553,1,True,
25,1,00001D,1790172608.4466376,11338.3302262,6.8733570000003965,candidate-measurement,000DE1,valid,3553,0,True,
25,1,00001D,1790172608.6540544,11338.5376424,7.080773200001204,candidate-measurement,000DE1,valid,3553,0,True,
25,1,00001D,1790172608.8460462,11338.729636,7.2727668000006815,candidate-measurement,000DE1,valid,3553,0,True,
25,1,00001D,1790172609.0376084,11338.9211986,7.4643293999997695,candidate-measurement,000DE6,valid,3558,5,True,
25,1,00001D,1790172609.2456,11339.1291912,7.672322000000349,candidate-measurement,000DF0,valid,3568,10,True,
25,1,00001D,1790172609.4376016,11339.3211924,7.864323200001309,candidate-measurement,000DF2,valid,3570,2,True,
26,1,00001E,1790172611.8829434,11341.7665321,0.19198710000091523,candidate-measurement,000DF6,valid,3574,0,True,
26,1,00001E,1790172612.0749445,11341.9585331,0.38398810000035155,candidate-measurement,000DF7,valid,3575,1,True,
26,1,00001E,1790172612.2669358,11342.1505263,0.5759813000004215,candidate-measurement,000DF8,valid,3576,1,True,
26,1,00001E,1790172612.4585013,11342.3420924,0.7675474000006943,candidate-measurement,000DF9,valid,3577,1,True,
26,1,00001E,1790172612.6504984,11342.5340863,0.9595413000006374,candidate-measurement,000DF9,valid,3577,0,True,
26,1,00001E,1790172612.8419323,11342.7255228,1.1509777999999642,candidate-measurement,000DFD,valid,3581,4,True,
26,1,00001E,1790172613.0339062,11342.9174953,1.3429503000006662,candidate-measurement,000E04,valid,3588,7,True,
26,1,00001E,1790172613.2415578,11343.1251484,1.5506034000009095,candidate-measurement,000E07,valid,3591,3,True,
26,1,00001E,1790172613.4334755,11343.3170663,1.7425213000005897,candidate-measurement,000E07,valid,3591,0,True,
26,1,00001E,1790172613.6254773,11343.509065,1.9345200000007026,candidate-measurement,000E09,valid,3593,2,True,
26,1,00001E,1790172613.8334806,11343.7170688,2.1425238000010722,candidate-measurement,000E0A,valid,3594,1,True,
26,1,00001E,1790172614.025462,11343.9090522,2.3345072000010987,candidate-measurement,000E0A,valid,3594,0,True,
26,1,00001E,1790172614.2168732,11344.1004635,2.525918500001353,candidate-measurement,000E0A,valid,3594,0,True,
26,1,00001E,1790172614.424444,11344.3080341,2.733489100000952,candidate-measurement,000E0B,valid,3595,1,True,
26,1,00001E,1790172614.6164455,11344.5000337,2.925488700000642,candidate-measurement,000E0E,valid,3598,3,True,
26,1,00001E,1790172614.808433,11344.692021,3.117476000001261,candidate-measurement,000E13,valid,3603,5,True,
26,1,00001E,1790172615.00042,11344.8840098,3.309464800000569,candidate-measurement,000E1B,valid,3611,8,True,
26,1,00001E,1790172615.2078538,11345.0914437,3.5168986999997287,candidate-measurement,000E20,valid,3616,5,True,
26,1,00001E,1790172615.3998344,11345.2834225,3.7088775000011083,candidate-measurement,000E21,valid,3617,1,True,
26,1,00001E,1790172615.5914078,11345.4749957,3.9004507000008743,candidate-measurement,000E22,valid,3618,1,True,
26,1,00001E,1790172615.7994049,11345.6829937,4.108448700000736,candidate-measurement,000E22,valid,3618,0,True,
26,1,00001E,1790172615.9919124,11345.8754993,4.30095430000074,candidate-measurement,000E23,valid,3619,1,True,
26,1,00001E,1790172616.1828582,11346.0664446,4.49189959999967,candidate-measurement,000E23,valid,3619,0,True,
26,1,00001E,1790172616.390454,11346.2740423,4.6994973000000755,candidate-measurement,000E23,valid,3619,0,True,
26,1,00001E,1790172616.5823772,11346.465965,4.8914199999999255,candidate-measurement,000E23,valid,3619,0,True,
26,1,00001E,1790172616.7743766,11346.6579643,5.083419300000969,candidate-measurement,000E24,valid,3620,1,True,
26,1,00001E,1790172616.966393,11346.8499812,5.275436199999604,candidate-measurement,000E26,valid,3622,2,True,
26,1,00001E,1790172617.173815,11347.0574032,5.482858200000919,candidate-measurement,000E27,valid,3623,1,True,
26,1,00001E,1790172617.3657904,11347.2493788,5.67483379999976,candidate-measurement,000E29,valid,3625,2,True,
26,1,00001E,1790172617.5573454,11347.4409335,5.866388500000539,candidate-measurement,000E29,valid,3625,0,True,
26,1,00001E,1790172617.7653503,11347.6489405,6.0743954999998095,candidate-measurement,000E2A,valid,3626,1,True,
26,1,00001E,1790172617.9573307,11347.8409185,6.2663735000005545,candidate-measurement,000E32,valid,3634,8,True,
26,1,00001E,1790172618.148745,11348.0323329,6.457787900000767,candidate-measurement,000E34,valid,3636,2,True,
26,1,00001E,1790172618.3567533,11348.2403419,6.665796900000714,candidate-measurement,000E35,valid,3637,1,True,
26,1,00001E,1790172618.5491412,11348.4327275,6.858182500000112,candidate-measurement,000E36,valid,3638,1,True,
26,1,00001E,1790172618.7403104,11348.6238988,7.049353800000972,candidate-measurement,000E38,valid,3640,2,True,
26,1,00001E,1790172618.9323378,11348.8159258,7.241380800000115,candidate-measurement,000E3A,valid,3642,2,True,
26,1,00001E,1790172619.1403224,11349.0239141,7.449369100000695,candidate-measurement,000E3A,valid,3642,0,True,
26,1,00001E,1790172619.3326964,11349.2162829,7.641737900001317,candidate-measurement,000E3A,valid,3642,0,True,
26,1,00001E,1790172619.523703,11349.4072911,7.832746100000804,candidate-measurement,000E3E,valid,3646,4,True,
27,1,00001F,1790172622.0016272,11351.8852145,0.19197259999964444,candidate-measurement,000E51,valid,3665,5,True,
27,1,00001F,1790172622.1936457,11352.0772364,0.3839944999999716,candidate-measurement,000E52,valid,3666,1,True,
27,1,00001F,1790172622.3852513,11352.2688379,0.5755959999987681,candidate-measurement,000E58,valid,3672,6,True,
27,1,00001F,1790172622.577202,11352.4607904,0.7675484999999753,candidate-measurement,000E63,valid,3683,11,True,
27,1,00001F,1790172622.769198,11352.6527874,0.9595454999998765,candidate-measurement,000E63,valid,3683,0,True,
27,1,00001F,1790172622.9606144,11352.8442026,1.1509606999989046,candidate-measurement,000E65,valid,3685,2,True,
27,1,00001F,1790172623.16825,11353.0518371,1.3585951999993995,candidate-measurement,000E69,valid,3689,4,True,
27,1,00001F,1790172623.3601618,11353.2437499,1.5505080000002636,candidate-measurement,000E74,valid,3700,11,True,
27,1,00001F,1790172623.5521564,11353.4357435,1.7425015999997413,candidate-measurement,000E7A,valid,3706,6,True,
27,1,00001F,1790172623.7595632,11353.6431522,1.9499102999998286,candidate-measurement,000E7D,valid,3709,3,True,
27,1,00001F,1790172623.9515655,11353.835154,2.1419120999998995,candidate-measurement,000E7D,valid,3709,0,True,
27,1,00001F,1790172624.1435502,11354.0271415,2.3338996000002226,candidate-measurement,000E7D,valid,3709,0,True,
27,1,00001F,1790172624.3351262,11354.2187136,2.5254716999988887,candidate-measurement,000E7E,valid,3710,1,True,
27,1,00001F,1790172624.5271313,11354.4107193,2.7174773999995523,candidate-measurement,000E81,valid,3713,3,True,
27,1,00001F,1790172624.718536,11354.6021253,2.9088833999994677,candidate-measurement,000E82,valid,3714,1,True,
27,1,00001F,1790172624.9105299,11354.7941188,3.100876900000003,candidate-measurement,000E88,valid,3720,6,True,
27,1,00001F,1790172625.1025121,11354.9860983,3.2928563999994367,candidate-measurement,000E8F,valid,3727,7,True,
27,1,00001F,1790172625.2941022,11355.1776905,3.484448600000178,candidate-measurement,000E8F,valid,3727,0,True,
27,1,00001F,1790172625.4861112,11355.3696994,3.676457499999742,candidate-measurement,000E8F,valid,3727,0,True,
27,1,00001F,1790172625.6775036,11355.561092,3.8678500999994867,candidate-measurement,000E91,valid,3729,2,True,
27,1,00001F,1790172625.8695233,11355.7531115,4.059869599999729,candidate-measurement,000E93,valid,3731,2,True,
27,1,00001F,1790172626.0615208,11355.9451123,4.251870399999461,candidate-measurement,000E95,valid,3733,2,True,
27,1,00001F,1790172626.2690823,11356.1526703,4.459428399999524,candidate-measurement,000E95,valid,3733,0,True,
27,1,00001F,1790172626.4610648,11356.3446529,4.651410999998916,candidate-measurement,000E98,valid,3736,3,True,
27,1,00001F,1790172626.6524756,11356.5360639,4.842821999998705,candidate-measurement,000EA5,valid,3749,13,True,
27,1,00001F,1790172626.8604813,11356.7440723,5.0508303999995405,candidate-measurement,000EAA,valid,3754,5,True,
27,1,00001F,1790172627.0680518,11356.9516432,5.258401299999605,candidate-measurement,000EAC,valid,3756,2,True,
27,1,00001F,1790172627.2600386,11357.1436269,5.450385000000097,candidate-measurement,000EAC,valid,3756,0,True,
27,1,00001F,1790172627.4520319,11357.3356198,5.642377899999701,candidate-measurement,000EAE,valid,3758,2,True,
27,1,00001F,1790172627.6434414,11357.5270312,5.833789299998898,candidate-measurement,000EB4,valid,3764,6,True,
27,1,00001F,1790172627.8354578,11357.7190462,6.025804299999436,candidate-measurement,000EBB,valid,3771,7,True,
27,1,00001F,1790172628.0274394,11357.9110273,6.217785400000139,candidate-measurement,000EBD,valid,3773,2,True,
27,1,00001F,1790172628.235037,11358.1186249,6.425382999999783,candidate-measurement,000EBD,valid,3773,0,True,
27,1,00001F,1790172628.4270103,11358.3106018,6.617359899999428,candidate-measurement,000EBE,valid,3774,1,True,
27,1,00001F,1790172628.6189911,11358.5025814,6.8093394999996235,candidate-measurement,000EBE,valid,3774,0,True,
27,1,00001F,1790172628.8264308,11358.7100218,7.016779899999165,candidate-measurement,000EBF,valid,3775,1,True,
27,1,00001F,1790172629.0184195,11358.9020073,7.208765399998811,candidate-measurement,000EC3,valid,3779,4,True,
27,1,00001F,1790172629.2099946,11359.0935821,7.400340199999846,candidate-measurement,000ECA,valid,3786,7,True,
27,1,00001F,1790172629.4019713,11359.2855596,7.592317700000422,candidate-measurement,000ED4,valid,3796,10,True,
27,1,00001F,1790172629.6099586,11359.4935468,7.800304899999901,candidate-measurement,000ED6,valid,3798,2,True,
27,1,00001F,1790172629.8019512,11359.6855395,7.992297599999802,candidate-measurement,000ED6,valid,3798,0,True,
