payload_index,trial_index,payload_hex,timestamp,monotonic_s,elapsed_candidate_s,phase,rx_bytes_hex,reply_kind,raw_position,delta_counts,valid,note
1,1,00001E,1790200751.041722,39480.9253064,0.20200889999978244,candidate-warmup,1005B9,valid,1050041,-113,True,
1,1,00001E,1790200751.2337122,39481.1172985,0.39400100000057137,candidate-warmup,1005B9,valid,1050041,0,True,
1,1,00001E,1790200751.4251232,39481.3087093,0.5854117999988375,candidate-warmup,1005B9,valid,1050041,0,True,
1,1,00001E,1790200751.6170795,39481.5006678,0.777370299998438,candidate-warmup,1005B9,valid,1050041,0,True,
1,1,00001E,1790200751.808655,39481.6922434,0.9689459000001079,candidate-warmup,1005B9,valid,1050041,0,True,
1,1,00001E,1790200752.0006466,39481.8842349,1.1609373999963282,candidate-warmup,1005B8,valid,1050040,-1,True,
1,1,00001E,1790200752.1926372,39482.0762258,1.3529283000025316,candidate-warmup,1005B6,valid,1050038,-2,True,
1,1,00001E,1790200752.3846464,39482.2682341,1.544936600002984,candidate-warmup,1005B5,valid,1050037,-1,True,
1,1,00001E,1790200752.576064,39482.4596524,1.7363549000001512,candidate-warmup,1005B5,valid,1050037,0,True,
1,1,00001E,1790200752.7676306,39482.6512188,1.9279212999972515,candidate-warmup,1005B5,valid,1050037,0,True,
1,1,00001E,1790200752.9756296,39482.8592178,2.1359203000029083,candidate-warmup,1005B5,valid,1050037,0,True,
1,1,00001E,1790200753.16761,39483.0511982,2.327900700001919,candidate-warmup,1005B3,valid,1050035,-2,True,
1,1,00001E,1790200753.3596056,39483.2431942,2.519896699996025,candidate-warmup,1005B3,valid,1050035,0,True,
1,1,00001E,1790200753.5510247,39483.434612,2.7113144999966607,candidate-warmup,1005B3,valid,1050035,0,True,
1,1,00001E,1790200753.7590153,39483.6426032,2.919305700001132,candidate-warmup,1005B3,valid,1050035,0,True,
1,1,00001E,1790200753.9510102,39483.834599,3.111301500000991,candidate-warmup,1005B1,valid,1050033,-2,True,
1,1,00001E,1790200754.1425915,39484.0261793,3.302881800002069,candidate-warmup,1005AD,valid,1050029,-4,True,
1,1,00001E,1790200754.3505642,39484.2341525,3.510855000000447,candidate-warmup,1005AD,valid,1050029,0,True,
1,1,00001E,1790200754.5425713,39484.4261598,3.702862300000561,candidate-warmup,1005AC,valid,1050028,-1,True,
1,1,00001E,1790200754.7345605,39484.6181483,3.8948507999957656,candidate-warmup,1005AA,valid,1050026,-2,True,
1,1,00001E,1790200754.9419851,39484.8255735,4.102275999997801,candidate-warmup,1005A9,valid,1050025,-1,True,
1,1,00001E,1790200755.1339643,39485.0175527,4.294255200002226,candidate-warmup,1005A7,valid,1050023,-2,True,
1,1,00001E,1790200755.3259652,39485.2095531,4.486255600000732,candidate-warmup,1005A6,valid,1050022,-1,True,
1,1,00001E,1790200755.5175295,39485.4011184,4.677820899996732,candidate-warmup,1005A4,valid,1050020,-2,True,
1,1,00001E,1790200755.7255292,39485.6091173,4.885819800001627,candidate-warmup,1005A2,valid,1050018,-2,True,
1,1,00001E,1790200755.91694,39485.800528,5.077230499999132,candidate-warmup,10059F,valid,1050015,-3,True,
1,1,00001E,1790200756.1089346,39485.9925233,5.269225800002459,candidate-warmup,10059D,valid,1050013,-2,True,
1,1,00001E,1790200756.3165452,39486.2001336,5.4768361000024015,candidate-warmup,10059A,valid,1050010,-3,True,
1,1,00001E,1790200756.5084977,39486.3920875,5.668789999996079,candidate-warmup,10059A,valid,1050010,0,True,
1,1,00001E,1790200756.7005088,39486.5840975,5.8608000000022,candidate-warmup,100599,valid,1050009,-1,True,
1,1,00001E,1790200756.8924854,39486.7760735,6.052775999996811,candidate-warmup,100599,valid,1050009,0,True,
1,1,00001E,1790200757.0999029,39486.9834908,6.260193299996899,candidate-warmup,100597,valid,1050007,-2,True,
1,1,00001E,1790200757.2918887,39487.1754776,6.452180100000987,candidate-warmup,100597,valid,1050007,0,True,
1,1,00001E,1790200757.4834664,39487.3670553,6.64375779999682,candidate-warmup,100595,valid,1050005,-2,True,
1,1,00001E,1790200757.691457,39487.5750481,6.8517505999989226,candidate-warmup,100594,valid,1050004,-1,True,
1,1,00001E,1790200757.8835208,39487.7671063,7.043808800000988,candidate-warmup,100592,valid,1050002,-2,True,
1,1,00001E,1790200758.0754507,39487.9590385,7.2357409999967786,candidate-warmup,10058F,valid,1049999,-3,True,
1,1,00001E,1790200758.2828934,39488.1664805,7.44318299999577,candidate-warmup,10058E,valid,1049998,-1,True,
1,1,00001E,1790200758.4748604,39488.3584484,7.635150900001463,candidate-warmup,10058B,valid,1049995,-3,True,
1,1,00001E,1790200758.666859,39488.5504467,7.82714919999853,candidate-warmup,100587,valid,1049991,-4,True,
1,1,00001E,1790200758.8584356,39488.7420233,8.018725800000539,candidate-warmup,100585,valid,1049989,-2,True,
1,1,00001E,1790200759.0664656,39488.9500536,8.226756099997147,candidate-warmup,100583,valid,1049987,-2,True,
1,1,00001E,1790200759.2584112,39489.1420002,8.418702700000722,candidate-warmup,100581,valid,1049985,-2,True,
1,1,00001E,1790200759.4498317,39489.3334198,8.610122300000512,candidate-warmup,10057F,valid,1049983,-2,True,
1,1,00001E,1790200759.6578612,39489.5414473,8.818149799997627,candidate-warmup,10057F,valid,1049983,0,True,
1,1,00001E,1790200759.8498116,39489.7333998,9.010102300002472,candidate-warmup,10057F,valid,1049983,0,True,
1,1,00001E,1790200760.04139,39489.924978,9.201680500002112,candidate-warmup,10057F,valid,1049983,0,True,
1,1,00001E,1790200760.2493837,39490.1329728,9.409675299997616,candidate-warmup,10057D,valid,1049981,-2,True,
1,1,00001E,1790200760.4413767,39490.3249649,9.601667399998405,candidate-warmup,10057D,valid,1049981,0,True,
1,1,00001E,1790200760.632784,39490.5163731,9.793075599998701,candidate-warmup,10057D,valid,1049981,0,True,
1,1,00001E,1790200760.8247828,39490.7083714,9.985073899995768,candidate-warmup,10057D,valid,1049981,0,True,
1,1,00001E,1790200761.032773,39490.9163628,10.193065300001763,candidate-warmup,10057B,valid,1049979,-2,True,
1,1,00001E,1790200761.2243447,39491.1079337,10.384636199996748,candidate-warmup,100579,valid,1049977,-2,True,
1,1,00001E,1790200761.416342,39491.2999303,10.576632800002699,candidate-warmup,100579,valid,1049977,0,True,
1,1,00001E,1790200761.6243334,39491.5079218,10.784624300002179,candidate-warmup,100579,valid,1049977,0,True,
1,1,00001E,1790200761.8157487,39491.6993373,10.976039799999853,candidate-warmup,100579,valid,1049977,0,True,
1,1,00001E,1790200762.007739,39491.8913292,11.16803169999912,candidate-warmup,100578,valid,1049976,-1,True,
1,1,00001E,1790200762.2153435,39492.098932,11.37563450000016,candidate-warmup,100578,valid,1049976,0,True,
1,1,00001E,1790200762.4073057,39492.2908945,11.567597000001115,candidate-warmup,100578,valid,1049976,0,True,
1,1,00001E,1790200762.5993028,39492.4828906,11.759593099995982,candidate-warmup,100578,valid,1049976,0,True,
1,1,00001E,1790200762.7912955,39492.674884,11.951586499999394,candidate-warmup,100578,valid,1049976,0,True,
1,1,00001E,1790200762.9992776,39492.8828683,12.159570800002257,candidate-warmup,100576,valid,1049974,-2,True,
1,1,00001E,1790200763.1906993,39493.0742886,12.350991100000101,candidate-warmup,100576,valid,1049974,0,True,
1,1,00001E,1790200763.3827,39493.2662887,12.542991199996322,candidate-warmup,100571,valid,1049969,-5,True,
1,1,00001E,1790200763.5902996,39493.4738903,12.750592800002778,candidate-warmup,100569,valid,1049961,-8,True,
1,1,00001E,1790200763.7822676,39493.665856,12.942558499998995,candidate-warmup,100565,valid,1049957,-4,True,
1,1,00001E,1790200763.9742613,39493.8578501,13.134552600000461,candidate-warmup,100565,valid,1049957,0,True,
1,1,00001E,1790200764.1816607,39494.0652492,13.341951700000209,candidate-warmup,100565,valid,1049957,0,True,
1,1,00001E,1790200764.3736691,39494.2572574,13.5339598999999,candidate-warmup,100564,valid,1049956,-1,True,
1,1,00001E,1790200764.5656545,39494.4492453,13.725947799997812,candidate-warmup,100555,valid,1049941,-15,True,
1,1,00001E,1790200764.757226,39494.6408173,13.917519800001173,candidate-warmup,10054D,valid,1049933,-8,True,
1,1,00001E,1790200764.9652226,39494.8488118,14.125514300001669,candidate-warmup,100549,valid,1049929,-4,True,
1,1,00001E,1790200765.1572173,39495.0408056,14.31750810000085,candidate-warmup,100541,valid,1049921,-8,True,
1,1,00001E,1790200765.348637,39495.2322256,14.50892809999641,candidate-warmup,10053D,valid,1049917,-4,True,
1,1,00001E,1790200765.5566177,39495.440207,14.71690949999902,candidate-warmup,10053B,valid,1049915,-2,True,
1,1,00001E,1790200765.7486231,39495.6322137,14.90891620000184,candidate-warmup,100537,valid,1049911,-4,True,
1,1,00001E,1790200765.9401946,39495.8237832,15.100485700000718,candidate-warmup,100533,valid,1049907,-4,True,
1,1,00001E,1790200766.1481862,39496.0317754,15.308477899998252,candidate-warmup,10052C,valid,1049900,-7,True,
1,1,00001E,1790200766.3401852,39496.2237731,15.500475599998026,candidate-warmup,100528,valid,1049896,-4,True,
1,1,00001E,1790200766.5321758,39496.4157652,15.692467699998815,candidate-warmup,100525,valid,1049893,-3,True,
1,1,00001E,1790200766.7235932,39496.6071824,15.883884900002158,candidate-warmup,100525,valid,1049893,0,True,
1,1,00001E,1790200766.931582,39496.8151713,16.091873799996392,candidate-warmup,100523,valid,1049891,-2,True,
1,1,00001E,1790200767.123155,39497.0067456,16.283448100002715,candidate-warmup,100523,valid,1049891,0,True,
1,1,00001E,1790200767.3151588,39497.1987433,16.47544580000249,candidate-warmup,100522,valid,1049890,-1,True,
1,1,00001E,1790200767.5231464,39497.4067355,16.683438000000024,candidate-warmup,100521,valid,1049889,-1,True,
1,1,00001E,1790200767.7145574,39497.5981472,16.874849699997867,candidate-warmup,10051F,valid,1049887,-2,True,
1,1,00001E,1790200767.9065518,39497.7901422,17.06684469999891,candidate-warmup,10051F,valid,1049887,0,True,
1,1,00001E,1790200768.1141284,39497.9977175,17.274420000001555,candidate-warmup,10051E,valid,1049886,-1,True,
1,1,00001E,1790200768.306121,39498.18971,17.466412499998114,candidate-warmup,10051E,valid,1049886,0,True,
1,1,00001E,1790200768.4981074,39498.3816966,17.65839910000068,candidate-warmup,10051E,valid,1049886,0,True,
1,1,00001E,1790200768.6901095,39498.5736978,17.850400299998,candidate-warmup,10051E,valid,1049886,0,True,
1,1,00001E,1790200768.8975213,39498.7811094,18.05781189999834,candidate-warmup,10051E,valid,1049886,0,True,
1,1,00001E,1790200769.0895164,39498.9731049,18.249807399995916,candidate-warmup,10051E,valid,1049886,0,True,
1,1,00001E,1790200769.2810874,39499.1646759,18.44137839999894,candidate-warmup,10051D,valid,1049885,-1,True,
1,1,00001E,1790200769.4890757,39499.3726647,18.649367199999688,candidate-warmup,100519,valid,1049881,-4,True,
1,1,00001E,1790200769.6810677,39499.5646576,18.841360099999292,candidate-warmup,100510,valid,1049872,-9,True,
1,1,00001E,1790200769.8730648,39499.7566557,19.033358200002112,candidate-warmup,10050D,valid,1049869,-3,True,
1,1,00001E,1790200770.0804777,39499.9640665,19.240768999996362,candidate-warmup,10050B,valid,1049867,-2,True,
1,1,00001E,1790200770.2720604,39500.1556493,19.432351800001925,candidate-warmup,10050B,valid,1049867,0,True,
1,1,00001E,1790200770.464045,39500.3476336,19.62433610000153,candidate-warmup,10050B,valid,1049867,0,True,
1,1,00001E,1790200770.6560323,39500.5396235,19.816326000000117,candidate-warmup,10050B,valid,1049867,0,True,
1,1,00001E,1790200770.863452,39500.747043,20.023745500002406,candidate-measurement,100508,valid,1049864,-3,True,
1,1,00001E,1790200771.0554483,39500.9390372,20.215739699997357,candidate-measurement,1004F7,valid,1049847,-17,True,
1,1,00001E,1790200771.2470243,39501.1306133,20.407315800002834,candidate-measurement,1004F3,valid,1049843,-4,True,
1,1,00001E,1790200771.4550185,39501.3386068,20.61530930000299,candidate-measurement,1004EF,valid,1049839,-4,True,
1,1,00001E,1790200771.6470022,39501.5305924,20.80729489999794,candidate-measurement,1004E8,valid,1049832,-7,True,
1,1,00001E,1790200771.8384237,39501.7220134,20.998715900001116,candidate-measurement,1004E5,valid,1049829,-3,True,
1,1,00001E,1790200772.0464048,39501.9299948,21.20669729999645,candidate-measurement,1004E3,valid,1049827,-2,True,
1,1,00001E,1790200772.2379947,39502.1215838,21.39828629999829,candidate-measurement,1004E1,valid,1049825,-2,True,
1,1,00001E,1790200772.4299815,39502.3135704,21.590272900000855,candidate-measurement,1004E0,valid,1049824,-1,True,
1,1,00001E,1790200772.6219764,39502.505565,21.782267499998852,candidate-measurement,1004DD,valid,1049821,-3,True,
1,1,00001E,1790200772.829391,39502.7129818,21.98968430000241,candidate-measurement,1004DC,valid,1049820,-1,True,
1,1,00001E,1790200773.0213842,39502.9049744,22.18167689999973,candidate-measurement,1004DA,valid,1049818,-2,True,
1,1,00001E,1790200773.2129612,39503.0965506,22.373253099998692,candidate-measurement,1004D7,valid,1049815,-3,True,
1,1,00001E,1790200773.4209523,39503.3045398,22.581242300002486,candidate-measurement,1004D4,valid,1049812,-3,True,
1,1,00001E,1790200773.6129456,39503.4965348,22.773237299996254,candidate-measurement,1004D1,valid,1049809,-3,True,
1,1,00001E,1790200773.8049364,39503.688527,22.965229499997804,candidate-measurement,1004CF,valid,1049807,-2,True,
1,1,00001E,1790200774.0123503,39503.8959398,23.172642300000007,candidate-measurement,1004CD,valid,1049805,-2,True,
1,1,00001E,1790200774.204349,39504.0879386,23.36464110000088,candidate-measurement,1004CC,valid,1049804,-1,True,
1,1,00001E,1790200774.3959186,39504.2795073,23.556209800000943,candidate-measurement,1004CB,valid,1049803,-1,True,
1,1,00001E,1790200774.587915,39504.4715061,23.748208600001817,candidate-measurement,1004CB,valid,1049803,0,True,
1,1,00001E,1790200774.7959588,39504.6795498,23.956252299998596,candidate-measurement,1004CB,valid,1049803,0,True,
1,1,00001E,1790200774.9878948,39504.8714859,24.148188400002255,candidate-measurement,1004CA,valid,1049802,-1,True,
1,1,00001E,1790200775.1793215,39505.0629099,24.33961239999917,candidate-measurement,1004C9,valid,1049801,-1,True,
1,1,00001E,1790200775.3873065,39505.2708953,24.547597799995856,candidate-measurement,1004C9,valid,1049801,0,True,
1,1,00001E,1790200775.578884,39505.4624751,24.739177600000403,candidate-measurement,1004C8,valid,1049800,-1,True,
1,1,00001E,1790200775.7708678,39505.6544594,24.931161900000006,candidate-measurement,1004C7,valid,1049799,-1,True,
1,1,00001E,1790200775.962877,39505.8464659,25.123168400001305,candidate-measurement,1004C5,valid,1049797,-2,True,
1,1,00001E,1790200776.1702895,39506.0538798,25.33058229999733,candidate-measurement,1004C5,valid,1049797,0,True,
1,1,00001E,1790200776.362283,39506.2458711,25.522573599999305,candidate-measurement,1004C5,valid,1049797,0,True,
1,1,00001E,1790200776.5538518,39506.4374421,25.714144600002328,candidate-measurement,1004C4,valid,1049796,-1,True,
1,1,00001E,1790200776.7618482,39506.6454365,25.922139000002062,candidate-measurement,1004C4,valid,1049796,0,True,
1,1,00001E,1790200776.9538898,39506.8374754,26.114177900002687,candidate-measurement,1004C4,valid,1049796,0,True,
1,1,00001E,1790200777.1452532,39507.028843,26.305545499999425,candidate-measurement,1004C4,valid,1049796,0,True,
1,1,00001E,1790200777.3532608,39507.2368502,26.513552700002037,candidate-measurement,1004C4,valid,1049796,0,True,
1,1,00001E,1790200777.5448153,39507.428406,26.70510849999846,candidate-measurement,1004C2,valid,1049794,-2,True,
1,1,00001E,1790200777.736811,39507.6203997,26.89710219999688,candidate-measurement,1004C1,valid,1049793,-1,True,
1,1,00001E,1790200777.9288106,39507.8123987,27.089101199999277,candidate-measurement,1004B5,valid,1049781,-12,True,
1,1,00001E,1790200778.136244,39508.0198314,27.296533900000213,candidate-measurement,1004B1,valid,1049777,-4,True,
1,1,00001E,1790200778.3282223,39508.2118105,27.4885129999966,candidate-measurement,1004B1,valid,1049777,0,True,
1,1,00001E,1790200778.519791,39508.4033784,27.680080899997847,candidate-measurement,1004B0,valid,1049776,-1,True,
1,1,00001E,1790200778.7277796,39508.6113707,27.888073199996143,candidate-measurement,1004AE,valid,1049774,-2,True,
1,1,00001E,1790200778.919763,39508.8033541,28.08005659999617,candidate-measurement,10049D,valid,1049757,-17,True,
1,1,00001E,1790200779.1117678,39508.9953587,28.27206119999755,candidate-measurement,100498,valid,1049752,-5,True,
1,1,00001E,1790200779.3191893,39509.2027779,28.479480399997556,candidate-measurement,100491,valid,1049745,-7,True,
1,1,00001E,1790200779.5111785,39509.3947674,28.671469900000375,candidate-measurement,10048B,valid,1049739,-6,True,
1,1,00001E,1790200779.7031648,39509.5867556,28.86345810000057,candidate-measurement,100487,valid,1049735,-4,True,
1,1,00001E,1790200779.8947406,39509.7783316,29.05503409999801,candidate-measurement,100485,valid,1049733,-2,True,
1,1,00001E,1790200780.1027377,39509.9863261,29.263028599998506,candidate-measurement,100481,valid,1049729,-4,True,
1,1,00001E,1790200780.2947433,39510.1783306,29.455033099999127,candidate-measurement,10047C,valid,1049724,-5,True,
1,1,00001E,1790200780.4861417,39510.3697306,29.64643310000247,candidate-measurement,100475,valid,1049717,-7,True,
1,1,00001E,1790200780.6941273,39510.5777178,29.85442029999831,candidate-measurement,100471,valid,1049713,-4,True,
1,1,00001E,1790200780.8857021,39510.7692928,30.045995300002687,candidate-measurement,100470,valid,1049712,-1,True,
1,1,00001E,1790200781.0777056,39510.9612946,30.2379970999973,candidate-measurement,10046E,valid,1049710,-2,True,
1,1,00001E,1790200781.2857099,39511.1692987,30.446001199998136,candidate-measurement,10046D,valid,1049709,-1,True,
1,1,00001E,1790200781.4771135,39511.3607022,30.637404699999024,candidate-measurement,10046B,valid,1049707,-2,True,
1,1,00001E,1790200781.669099,39511.5526901,30.829392599996936,candidate-measurement,10046B,valid,1049707,0,True,
1,1,00001E,1790200781.8606813,39511.7442708,31.02097330000106,candidate-measurement,10046A,valid,1049706,-1,True,
1,1,00001E,1790200782.0686646,39511.9522541,31.22895659999631,candidate-measurement,10046A,valid,1049706,0,True,
1,1,00001E,1790200782.2606707,39512.1442595,31.420961999996507,candidate-measurement,10046A,valid,1049706,0,True,
1,1,00001E,1790200782.4526649,39512.3362529,31.61295539999992,candidate-measurement,10046A,valid,1049706,0,True,
1,1,00001E,1790200782.6600685,39512.5436594,31.820361899997806,candidate-measurement,10046A,valid,1049706,0,True,
1,1,00001E,1790200782.8520637,39512.735653,32.01235550000274,candidate-measurement,10046A,valid,1049706,0,True,
1,1,00001E,1790200783.0436387,39512.9272286,32.203931099997135,candidate-measurement,100468,valid,1049704,-2,True,
1,1,00001E,1790200783.251648,39513.1352375,32.41193999999814,candidate-measurement,10045F,valid,1049695,-9,True,
1,1,00001E,1790200783.4436226,39513.3272112,32.603913699997065,candidate-measurement,10045A,valid,1049690,-5,True,
1,1,00001E,1790200783.6350412,39513.5186306,32.79533310000261,candidate-measurement,100459,valid,1049689,-1,True,
1,1,00001E,1790200783.827031,39513.7106219,32.987324399997306,candidate-measurement,100457,valid,1049687,-2,True,
1,1,00001E,1790200784.0346093,39513.9181991,33.19490159999987,candidate-measurement,100457,valid,1049687,0,True,
1,1,00001E,1790200784.2266045,39514.1101927,33.386895199997525,candidate-measurement,100457,valid,1049687,0,True,
1,1,00001E,1790200784.4185994,39514.3021871,33.578889600001276,candidate-measurement,100457,valid,1049687,0,True,
1,1,00001E,1790200784.6260414,39514.5096325,33.78633499999705,candidate-measurement,100456,valid,1049686,-1,True,
1,1,00001E,1790200784.818002,39514.7015926,33.97829510000156,candidate-measurement,100456,valid,1049686,0,True,
1,1,00001E,1790200785.0095766,39514.8931657,34.169868199998746,candidate-measurement,100442,valid,1049666,-20,True,
1,1,00001E,1790200785.2175705,39515.1011608,34.377863299996534,candidate-measurement,10043D,valid,1049661,-5,True,
1,1,00001E,1790200785.4255555,39515.3091445,34.585847000002104,candidate-measurement,100433,valid,1049651,-10,True,
1,1,00001E,1790200785.617554,39515.5011453,34.77784779999638,candidate-measurement,10042E,valid,1049646,-5,True,
1,1,00001E,1790200785.8089645,39515.692556,34.96925850000116,candidate-measurement,10042B,valid,1049643,-3,True,
1,1,00001E,1790200786.000569,39515.8841597,35.16086219999852,candidate-measurement,100427,valid,1049639,-4,True,
1,1,00001E,1790200786.1925366,39516.0761259,35.35282839999854,candidate-measurement,100423,valid,1049635,-4,True,
1,1,00001E,1790200786.3845377,39516.268126,35.54482850000204,candidate-measurement,10041B,valid,1049627,-8,True,
1,1,00001E,1790200786.592524,39516.4761137,35.75281620000169,candidate-measurement,100417,valid,1049623,-4,True,
1,1,00001E,1790200786.784516,39516.6681053,35.94480779999867,candidate-measurement,100415,valid,1049621,-2,True,
1,1,00001E,1790200786.9759357,39516.8595242,36.13622670000041,candidate-measurement,100415,valid,1049621,0,True,
1,1,00001E,1790200787.183928,39517.0675167,36.344219200000225,candidate-measurement,100413,valid,1049619,-2,True,
1,1,00001E,1790200787.3915155,39517.2751038,36.551806299998134,candidate-measurement,100411,valid,1049617,-2,True,
1,1,00001E,1790200787.5834923,39517.4670813,36.74378379999689,candidate-measurement,100411,valid,1049617,0,True,
1,1,00001E,1790200787.7754867,39517.6590761,36.93577859999641,candidate-measurement,100411,valid,1049617,0,True,
1,1,00001E,1790200787.9669027,39517.8504941,37.12719659999857,candidate-measurement,100410,valid,1049616,-1,True,
1,1,00001E,1790200788.1588945,39518.042485,37.3191874999975,candidate-measurement,100410,valid,1049616,0,True,
1,1,00001E,1790200788.3504722,39518.2340606,37.51076309999917,candidate-measurement,100410,valid,1049616,0,True,
1,1,00001E,1790200788.5584605,39518.4420503,37.71875279999949,candidate-measurement,100410,valid,1049616,0,True,
1,1,00001E,1790200788.7504559,39518.634045,37.91074749999825,candidate-measurement,100410,valid,1049616,0,True,
1,1,00001E,1790200788.9424577,39518.8260485,38.102750999998534,candidate-measurement,100410,valid,1049616,0,True,
1,1,00001E,1790200789.1498618,39519.0334524,38.31015489999845,candidate-measurement,10040E,valid,1049614,-2,True,
1,1,00001E,1790200789.3418655,39519.2254537,38.502156199996534,candidate-measurement,10040E,valid,1049614,0,True,
1,1,00001E,1790200789.5338552,39519.4174438,38.694146299996646,candidate-measurement,100403,valid,1049603,-11,True,
1,1,00001E,1790200789.7254214,39519.6090113,38.88571380000212,candidate-measurement,1003FF,valid,1049599,-4,True,
1,1,00001E,1790200789.933414,39519.8170046,39.093707100000756,candidate-measurement,1003FD,valid,1049597,-2,True,
1,1,00001E,1790200790.125413,39520.0090034,39.28570590000163,candidate-measurement,1003FD,valid,1049597,0,True,
1,1,00001E,1790200790.316833,39520.2004213,39.47712379999575,candidate-measurement,1003FD,valid,1049597,0,True,
1,1,00001E,1790200790.5244308,39520.4080197,39.68472219999967,candidate-measurement,1003FD,valid,1049597,0,True,
1,1,00001E,1790200790.716393,39520.5999843,39.87668680000206,candidate-measurement,1003FC,valid,1049596,-1,True,
1,1,00001E,1790200790.9083827,39520.7919742,40.06867670000065,candidate-measurement,1003EB,valid,1049579,-17,True,
1,1,00001E,1790200791.1158094,39520.9993978,40.27610029999778,candidate-measurement,1003E5,valid,1049573,-6,True,
1,1,00001E,1790200791.3078105,39521.1913988,40.46810130000085,candidate-measurement,1003E1,valid,1049569,-4,True,
1,1,00001E,1790200791.4997878,39521.3833765,40.66007900000113,candidate-measurement,1003D9,valid,1049561,-8,True,
1,1,00001E,1790200791.6913593,39521.5749498,40.85165229999984,candidate-measurement,1003D5,valid,1049557,-4,True,
1,1,00001E,1790200791.8993578,39521.7829485,41.05965099999594,candidate-measurement,1003D3,valid,1049555,-2,True,
1,1,00001E,1790200792.090774,39521.9743625,41.25106499999674,candidate-measurement,1003D1,valid,1049553,-2,True,
1,1,00001E,1790200792.2827718,39522.1663599,41.44306240000151,candidate-measurement,1003CE,valid,1049550,-3,True,
1,1,00001E,1790200792.4907608,39522.3743492,41.65105169999879,candidate-measurement,1003CB,valid,1049547,-3,True,
1,1,00001E,1790200792.682337,39522.5659278,41.842630300001474,candidate-measurement,1003C9,valid,1049545,-2,True,
1,1,00001E,1790200792.874321,39522.7579101,42.0346126000004,candidate-measurement,1003C5,valid,1049541,-4,True,
1,1,00001E,1790200793.081736,39522.9653261,42.242028599997866,candidate-measurement,1003C3,valid,1049539,-2,True,
1,1,00001E,1790200793.2737298,39523.157321,42.43402349999815,candidate-measurement,1003C0,valid,1049536,-3,True,
1,1,00001E,1790200793.4657252,39523.3493135,42.62601600000198,candidate-measurement,1003BF,valid,1049535,-1,True,
1,1,00001E,1790200793.6573064,39523.5408956,42.817598100002215,candidate-measurement,1003BE,valid,1049534,-1,True,
1,1,00001E,1790200793.8652887,39523.7488786,43.025581100002455,candidate-measurement,1003BD,valid,1049533,-1,True,
1,1,00001E,1790200794.0572848,39523.9408756,43.2175780999969,candidate-measurement,1003BD,valid,1049533,0,True,
1,1,00001E,1790200794.248705,39524.1322945,43.408996999998635,candidate-measurement,1003BC,valid,1049532,-1,True,
1,1,00001E,1790200794.4566998,39524.3402886,43.616991099996085,candidate-measurement,1003BB,valid,1049531,-1,True,
1,1,00001E,1790200794.6482675,39524.5318561,43.80855860000156,candidate-measurement,1003B9,valid,1049529,-2,True,
1,1,00001E,1790200794.840295,39524.7238842,44.000586699999985,candidate-measurement,1003B8,valid,1049528,-1,True,
1,1,00001E,1790200795.048252,39524.9318416,44.208544100001745,candidate-measurement,1003B7,valid,1049527,-1,True,
1,1,00001E,1790200795.2556684,39525.1392571,44.41595960000268,candidate-measurement,1003B7,valid,1049527,0,True,
1,1,00001E,1790200795.4476938,39525.331281,44.60798349999823,candidate-measurement,1003B7,valid,1049527,0,True,
1,1,00001E,1790200795.6392372,39525.5228258,44.7995282999982,candidate-measurement,1003B6,valid,1049526,-1,True,
1,1,00001E,1790200795.8312242,39525.7148155,44.99151800000254,candidate-measurement,1003B6,valid,1049526,0,True,
1,1,00001E,1790200796.0232255,39525.9068159,45.18351840000105,candidate-measurement,1003B6,valid,1049526,0,True,
1,1,00001E,1790200796.2152233,39526.098812,45.375514499995916,candidate-measurement,1003B6,valid,1049526,0,True,
1,1,00001E,1790200796.4226317,39526.3062196,45.58292210000218,candidate-measurement,1003B6,valid,1049526,0,True,
1,1,00001E,1790200796.6146185,39526.4982075,45.77491000000009,candidate-measurement,1003B6,valid,1049526,0,True,
1,1,00001E,1790200796.8061976,39526.6897882,45.96649069999694,candidate-measurement,1003B5,valid,1049525,-1,True,
1,1,00001E,1790200797.0141854,39526.8977741,46.17447659999743,candidate-measurement,1003B1,valid,1049521,-4,True,
1,1,00001E,1790200797.2216022,39527.1051912,46.381893699996,candidate-measurement,1003AB,valid,1049515,-6,True,
1,1,00001E,1790200797.4135973,39527.2971863,46.5738887999978,candidate-measurement,1003A8,valid,1049512,-3,True,
1,1,00001E,1790200797.6051748,39527.488763,46.76546550000057,candidate-measurement,1003A5,valid,1049509,-3,True,
1,1,00001E,1790200797.7971601,39527.6807514,46.95745390000229,candidate-measurement,1003A5,valid,1049509,0,True,
1,1,00001E,1790200797.9891546,39527.8727439,47.14944639999885,candidate-measurement,1003A3,valid,1049507,-2,True,
1,1,00001E,1790200798.1811597,39528.0647478,47.34145030000218,candidate-measurement,1003A3,valid,1049507,0,True,
1,1,00001E,1790200798.388564,39528.272153,47.548855499997444,candidate-measurement,1003A3,valid,1049507,0,True,
1,1,00001E,1790200798.5805616,39528.4641511,47.740853600000264,candidate-measurement,1003A3,valid,1049507,0,True,
1,1,00001E,1790200798.7721384,39528.6557263,47.93242879999889,candidate-measurement,1003A3,valid,1049507,0,True,
1,1,00001E,1790200798.9801242,39528.8637149,48.140417399998114,candidate-measurement,1003A3,valid,1049507,0,True,
1,1,00001E,1790200799.172125,39529.0557134,48.332415899996704,candidate-measurement,1003A3,valid,1049507,0,True,
1,1,00001E,1790200799.3635385,39529.2471267,48.523829199999454,candidate-measurement,1003A2,valid,1049506,-1,True,
1,1,00001E,1790200799.555541,39529.4391298,48.71583229999669,candidate-measurement,100391,valid,1049489,-17,True,
1,1,00001E,1790200799.763167,39529.6467573,48.923459799996635,candidate-measurement,10038B,valid,1049483,-6,True,
1,1,00001E,1790200799.9550953,39529.838684,49.11538650000148,candidate-measurement,100387,valid,1049479,-4,True,
1,1,00001E,1790200800.1471066,39530.0306942,49.307396700001846,candidate-measurement,100380,valid,1049472,-7,True,
1,1,00001E,1790200800.354511,39530.2380986,49.514801099998294,candidate-measurement,10037C,valid,1049468,-4,True,
1,1,00001E,1790200800.5465012,39530.4300889,49.70679139999993,candidate-measurement,10037A,valid,1049466,-2,True,
1,1,00001E,1790200800.7385006,39530.6220892,49.89879169999767,candidate-measurement,100378,valid,1049464,-2,True,
1,1,00001E,1790200800.9460602,39530.8296494,50.106351900001755,candidate-measurement,100375,valid,1049461,-3,True,
1,1,00001E,1790200801.1380718,39531.02166,50.29836249999789,candidate-measurement,100373,valid,1049459,-2,True,
1,1,00001E,1790200801.3300548,39531.213643,50.49034550000215,candidate-measurement,10036E,valid,1049454,-5,True,
1,1,00001E,1790200801.5214655,39531.4050542,50.681756699996185,candidate-measurement,100369,valid,1049449,-5,True,
1,1,00001E,1790200801.729455,39531.6130449,50.88974739999685,candidate-measurement,100365,valid,1049445,-4,True,
1,1,00001E,1790200801.9210286,39531.8046189,51.08132140000089,candidate-measurement,100363,valid,1049443,-2,True,
1,1,00001E,1790200802.113025,39531.9966142,51.27331669999694,candidate-measurement,100363,valid,1049443,0,True,
1,1,00001E,1790200802.3210292,39532.2046177,51.48132020000048,candidate-measurement,100361,valid,1049441,-2,True,
1,1,00001E,1790200802.5124292,39532.3960187,51.672721199996886,candidate-measurement,100361,valid,1049441,0,True,
1,1,00001E,1790200802.704426,39532.588015,51.86471750000055,candidate-measurement,100360,valid,1049440,-1,True,
1,1,00001E,1790200802.911999,39532.7955897,52.07229219999863,candidate-measurement,10035E,valid,1049438,-2,True,
1,1,00001E,1790200803.1039941,39532.9875824,52.26428489999671,candidate-measurement,10035D,valid,1049437,-1,True,
1,1,00001E,1790200803.2959898,39533.1795782,52.45628069999657,candidate-measurement,10035D,valid,1049437,0,True,
1,1,00001E,1790200803.4874017,39533.3709906,52.64769309999974,candidate-measurement,10035C,valid,1049436,-1,True,
1,1,00001E,1790200803.6953847,39533.578974,52.85567649999575,candidate-measurement,10035C,valid,1049436,0,True,
1,1,00001E,1790200803.8869646,39533.7705544,53.04725689999759,candidate-measurement,10035C,valid,1049436,0,True,
1,1,00001E,1790200804.0789669,39533.962556,53.23925849999796,candidate-measurement,10035C,valid,1049436,0,True,
1,1,00001E,1790200804.2869492,39534.1705373,53.44723979999981,candidate-measurement,10035C,valid,1049436,0,True,
1,1,00001E,1790200804.478372,39534.3619602,53.6386627000029,candidate-measurement,10035C,valid,1049436,0,True,
1,1,00001E,1790200804.670367,39534.553956,53.830658500002755,candidate-measurement,10035B,valid,1049435,-1,True,
1,1,00001E,1790200804.8779318,39534.7615233,54.03822580000269,candidate-measurement,10035A,valid,1049434,-1,True,
1,1,00001E,1790200805.0699286,39534.953518,54.23022050000145,candidate-measurement,100351,valid,1049425,-9,True,
1,1,00001E,1790200805.2613406,39535.1449315,54.42163399999845,candidate-measurement,10034D,valid,1049421,-4,True,
1,1,00001E,1790200805.4533463,39535.336934,54.61363649999839,candidate-measurement,10034B,valid,1049419,-2,True,
1,1,00001E,1790200805.6609137,39535.5445017,54.821204200001375,candidate-measurement,100349,valid,1049417,-2,True,
1,1,00001E,1790200805.8528996,39535.7364904,55.0131928999981,candidate-measurement,100349,valid,1049417,0,True,
1,1,00001E,1790200806.0448945,39535.9284854,55.205187899999146,candidate-measurement,100349,valid,1049417,0,True,
1,1,00001E,1790200806.2528913,39536.13648,55.4131825000004,candidate-measurement,100349,valid,1049417,0,True,
1,1,00001E,1790200806.444307,39536.3278957,55.6045981999996,candidate-measurement,100349,valid,1049417,0,True,
1,1,00001E,1790200806.6362996,39536.5198904,55.79659289999836,candidate-measurement,100349,valid,1049417,0,True,
1,1,00001E,1790200806.8438823,39536.7274722,56.00417469999957,candidate-measurement,100349,valid,1049417,0,True,
1,1,00001E,1790200807.03586,39536.9194506,56.1961530999979,candidate-measurement,100338,valid,1049400,-17,True,
1,1,00001E,1790200807.2278597,39537.1114492,56.38815169999725,candidate-measurement,100331,valid,1049393,-7,True,
1,1,00001E,1790200807.4192786,39537.3028665,56.57956900000136,candidate-measurement,10032D,valid,1049389,-4,True,
1,1,00001E,1790200807.6272585,39537.5108472,56.787549699998635,candidate-measurement,100326,valid,1049382,-7,True,
1,1,00001E,1790200807.8188405,39537.7024296,56.97913210000115,candidate-measurement,100322,valid,1049378,-4,True,
1,1,00001E,1790200808.0108376,39537.8944261,57.171128599999065,candidate-measurement,100320,valid,1049376,-2,True,
1,1,00001E,1790200808.2188637,39538.1024535,57.379156000002695,candidate-measurement,10031E,valid,1049374,-2,True,
1,1,00001E,1790200808.4108198,39538.2944085,57.57111099999747,candidate-measurement,10031B,valid,1049371,-3,True,
1,1,00001E,1790200808.6022322,39538.485823,57.762525500002084,candidate-measurement,100319,valid,1049369,-2,True,
1,1,00001E,1790200808.8102431,39538.6938328,57.970535300002666,candidate-measurement,100315,valid,1049365,-4,True,
1,1,00001E,1790200809.001808,39538.8853971,58.16209959999833,candidate-measurement,100310,valid,1049360,-5,True,
1,1,00001E,1790200809.1938088,39539.0774,58.35410250000132,candidate-measurement,10030D,valid,1049357,-3,True,
1,1,00001E,1790200809.3857925,39539.2693811,58.54608359999838,candidate-measurement,10030B,valid,1049355,-2,True,
1,1,00001E,1790200809.593788,39539.4773758,58.7540783000004,candidate-measurement,100309,valid,1049353,-2,True,
1,1,00001E,1790200809.785202,39539.6687902,58.945492699996976,candidate-measurement,100309,valid,1049353,0,True,
1,1,00001E,1790200809.9771898,39539.8607801,59.13748260000284,candidate-measurement,100307,valid,1049351,-2,True,
1,1,00001E,1790200810.184773,39540.0683611,59.34506359999796,candidate-measurement,100307,valid,1049351,0,True,
1,1,00001E,1790200810.376763,39540.2603517,59.537054200001876,candidate-measurement,100306,valid,1049350,-1,True,
1,1,00001E,1790200810.5681736,39540.4517621,59.728464599997096,candidate-measurement,100304,valid,1049348,-2,True,
1,1,00001E,1790200810.7761698,39540.6597573,59.93645980000292,candidate-measurement,100303,valid,1049347,-1,True,
1,1,00001E,1790200810.968159,39540.8517487,60.12845119999838,candidate-measurement,100303,valid,1049347,0,True,
1,1,00001E,1790200811.1601582,39541.0437466,60.32044909999968,candidate-measurement,100302,valid,1049346,-1,True,
1,1,00001E,1790200811.3517368,39541.235325,60.51202750000084,candidate-measurement,100302,valid,1049346,0,True,
1,1,00001E,1790200811.5597227,39541.4433129,60.72001540000201,candidate-measurement,100302,valid,1049346,0,True,
1,1,00001E,1790200811.7517164,39541.6353055,60.91200799999933,candidate-measurement,100302,valid,1049346,0,True,
1,1,00001E,1790200811.9431283,39541.8267173,61.10341979999794,candidate-measurement,100302,valid,1049346,0,True,
1,1,00001E,1790200812.151123,39542.0347126,61.31141509999725,candidate-measurement,100302,valid,1049346,0,True,
1,1,00001E,1790200812.3427045,39542.2262925,61.50299500000256,candidate-measurement,100300,valid,1049344,-2,True,
1,1,00001E,1790200812.5346859,39542.4182765,61.694978999999876,candidate-measurement,1002FD,valid,1049341,-3,True,
1,1,00001E,1790200812.7266839,39542.6102747,61.88697719999618,candidate-measurement,1002F2,valid,1049330,-11,True,
1,1,00001E,1790200812.9340956,39542.817686,62.094388500001514,candidate-measurement,1002F0,valid,1049328,-2,True,
1,1,00001E,1790200813.1260865,39543.0096744,62.28637689999596,candidate-measurement,1002EF,valid,1049327,-1,True,
1,1,00001E,1790200813.3176653,39543.2012543,62.477956800001266,candidate-measurement,1002EF,valid,1049327,0,True,
1,1,00001E,1790200813.5256572,39543.4092473,62.685949799997616,candidate-measurement,1002EF,valid,1049327,0,True,
1,1,00001E,1790200813.7176425,39543.6012336,62.877936099997896,candidate-measurement,1002EF,valid,1049327,0,True,
1,1,00001E,1790200813.909644,39543.7932331,63.069935599996825,candidate-measurement,1002DC,valid,1049308,-19,True,
1,1,00001E,1790200814.117058,39544.0006473,63.27734980000241,candidate-measurement,1002D6,valid,1049302,-6,True,
1,1,00001E,1790200814.3090613,39544.1926501,63.469352599997364,candidate-measurement,1002CD,valid,1049293,-9,True,
1,1,00001E,1790200814.5010495,39544.3846393,63.6613417999979,candidate-measurement,1002C8,valid,1049288,-5,True,
1,1,00001E,1790200814.6926239,39544.5762126,63.85291509999661,candidate-measurement,1002C5,valid,1049285,-3,True,
1,1,00001E,1790200814.9006312,39544.7842195,64.06092199999694,candidate-measurement,1002C3,valid,1049283,-2,True,
1,1,00001E,1790200815.0926068,39544.9761961,64.25289859999612,candidate-measurement,1002BE,valid,1049278,-5,True,
1,1,00001E,1790200815.2840147,39545.1676043,64.44430679999641,candidate-measurement,1002B8,valid,1049272,-6,True,
1,1,00001E,1790200815.4920151,39545.3756032,64.6523057000013,candidate-measurement,1002B2,valid,1049266,-6,True,
1,1,00001E,1790200815.683584,39545.5671725,64.84387499999866,candidate-measurement,1002AF,valid,1049263,-3,True,
1,1,00001E,1790200815.8755822,39545.7591711,65.03587359999801,candidate-measurement,1002AD,valid,1049261,-2,True,
1,1,00001E,1790200816.083569,39545.967158,65.24386049999885,candidate-measurement,1002AC,valid,1049260,-1,True,
1,1,00001E,1790200816.2749996,39546.158588,65.43529049999779,candidate-measurement,1002AB,valid,1049259,-1,True,
1,1,00001E,1790200816.4670005,39546.350589,65.62729150000087,candidate-measurement,1002A9,valid,1049257,-2,True,
1,1,00001E,1790200816.658555,39546.5421445,65.81884700000228,candidate-measurement,1002A9,valid,1049257,0,True,
1,1,00001E,1790200816.8665676,39546.7501569,66.02685940000083,candidate-measurement,1002A9,valid,1049257,0,True,
1,1,00001E,1790200817.058541,39546.9421303,66.21883279999747,candidate-measurement,1002A8,valid,1049256,-1,True,
1,1,00001E,1790200817.2499588,39547.1335467,66.410249200002,candidate-measurement,1002A8,valid,1049256,0,True,
1,1,00001E,1790200817.4579494,39547.3415387,66.61824119999801,candidate-measurement,1002A8,valid,1049256,0,True,
1,1,00001E,1790200817.6495216,39547.5331122,66.80981469999824,candidate-measurement,1002A8,valid,1049256,0,True,
1,1,00001E,1790200817.8415139,39547.7251039,67.00180639999598,candidate-measurement,1002A8,valid,1049256,0,True,
1,1,00001E,1790200818.049507,39547.933096,67.20979850000003,candidate-measurement,1002A7,valid,1049255,-1,True,
1,1,00001E,1790200818.2415106,39548.1250999,67.40180239999609,candidate-measurement,1002A6,valid,1049254,-1,True,
1,1,00001E,1790200818.4335027,39548.3170906,67.59379310000077,candidate-measurement,10029F,valid,1049247,-7,True,
1,1,00001E,1790200818.6254916,39548.5090829,67.7857853999958,candidate-measurement,10029B,valid,1049243,-4,True,
1,1,00001E,1790200818.8329074,39548.7164971,67.99319960000139,candidate-measurement,100299,valid,1049241,-2,True,
1,1,00001E,1790200819.0249023,39548.9084907,68.18519319999905,candidate-measurement,100297,valid,1049239,-2,True,
1,1,00001E,1790200819.2164702,39549.1000617,68.37676420000207,candidate-measurement,100295,valid,1049237,-2,True,
1,1,00001E,1790200819.4244776,39549.3080661,68.58476859999791,candidate-measurement,100295,valid,1049237,0,True,
1,1,00001E,1790200819.6158795,39549.4994694,68.77617189999728,candidate-measurement,100295,valid,1049237,0,True,
1,1,00001E,1790200819.8078737,39549.6914638,68.96816630000103,candidate-measurement,100295,valid,1049237,0,True,
1,1,00001E,1790200820.015445,39549.8990337,69.17573619999894,candidate-measurement,100295,valid,1049237,0,True,
1,1,00001E,1790200820.2074473,39550.091035,69.36773749999702,candidate-measurement,100295,valid,1049237,0,True,
1,1,00001E,1790200820.3994431,39550.2830318,69.55973429999722,candidate-measurement,100291,valid,1049233,-4,True,
1,1,00001E,1790200820.59084,39550.4744312,69.75113369999599,candidate-measurement,100281,valid,1049217,-16,True,
1,1,00001E,1790200820.79884,39550.6824301,69.95913260000088,candidate-measurement,10027D,valid,1049213,-4,True,
1,1,00001E,1790200820.990833,39550.8744223,70.15112480000244,candidate-measurement,100279,valid,1049209,-4,True,
1,1,00001E,1790200821.1824098,39551.0659986,70.34270110000216,candidate-measurement,100272,valid,1049202,-7,True,
1,1,00001E,1790200821.3904095,39551.273998,70.55070049999631,candidate-measurement,10026D,valid,1049197,-5,True,
1,1,00001E,1790200821.5824087,39551.4659974,70.74269990000175,candidate-measurement,10026C,valid,1049196,-1,True,
1,1,00001E,1790200821.7738097,39551.6573989,70.93410140000196,candidate-measurement,10026A,valid,1049194,-2,True,
1,1,00001E,1790200821.9818068,39551.8653961,71.14209860000119,candidate-measurement,100268,valid,1049192,-2,True,
1,1,00001E,1790200822.1733775,39552.0569664,71.33366889999888,candidate-measurement,100267,valid,1049191,-1,True,
1,1,00001E,1790200822.365372,39552.2489604,71.52566289999959,candidate-measurement,100265,valid,1049189,-2,True,
1,1,00001E,1790200822.5573604,39552.4409499,71.71765240000241,candidate-measurement,100263,valid,1049187,-2,True,
1,1,00001E,1790200822.765361,39552.6489516,71.92565409999952,candidate-measurement,100260,valid,1049184,-3,True,
1,1,00001E,1790200822.9567647,39552.8403554,72.11705790000269,candidate-measurement,10025D,valid,1049181,-3,True,
1,1,00001E,1790200823.148772,39553.0323593,72.30906179999874,candidate-measurement,10025B,valid,1049179,-2,True,
1,1,00001E,1790200823.3563387,39553.2399272,72.51662969999597,candidate-measurement,100258,valid,1049176,-3,True,
1,1,00001E,1790200823.5483317,39553.4319209,72.70862340000167,candidate-measurement,100256,valid,1049174,-2,True,
1,1,00001E,1790200823.740323,39553.6239142,72.90061669999704,candidate-measurement,100255,valid,1049173,-1,True,
1,1,00001E,1790200823.9483387,39553.8319268,73.10862929999712,candidate-measurement,100255,valid,1049173,0,True,
1,1,00001E,1790200824.1557527,39554.0393405,73.3160429999989,candidate-measurement,100255,valid,1049173,0,True,
1,1,00001E,1790200824.3473003,39554.2308882,73.50759069999913,candidate-measurement,100253,valid,1049171,-2,True,
1,1,00001E,1790200824.5392966,39554.4228862,73.69958870000119,candidate-measurement,100253,valid,1049171,0,True,
1,1,00001E,1790200824.7312977,39554.6148877,73.89159020000079,candidate-measurement,100253,valid,1049171,0,True,
1,1,00001E,1790200824.9227035,39554.8062923,74.08299480000278,candidate-measurement,100253,valid,1049171,0,True,
1,1,00001E,1790200825.1147008,39554.9982902,74.2749926999968,candidate-measurement,100251,valid,1049169,-2,True,
1,1,00001E,1790200825.3222811,39555.2058693,74.48257179999928,candidate-measurement,10024F,valid,1049167,-2,True,
1,1,00001E,1790200825.5142686,39555.3978585,74.67456099999981,candidate-measurement,10024F,valid,1049167,0,True,
1,1,00001E,1790200825.7062626,39555.5898506,74.8665531000006,candidate-measurement,10024F,valid,1049167,0,True,
1,1,00001E,1790200825.9142516,39555.7978426,75.07454509999661,candidate-measurement,10024E,valid,1049166,-1,True,
1,1,00001E,1790200826.1062486,39555.9898375,75.2665399999969,candidate-measurement,10024E,valid,1049166,0,True,
1,1,00001E,1790200826.297664,39556.1812525,75.45795499999804,candidate-measurement,10024E,valid,1049166,0,True,
1,1,00001E,1790200826.4896586,39556.3732471,75.64994959999603,candidate-measurement,10024E,valid,1049166,0,True,
1,1,00001E,1790200826.697233,39556.5808225,75.85752499999944,candidate-measurement,10024E,valid,1049166,0,True,
1,1,00001E,1790200826.889225,39556.7728127,76.04951520000031,candidate-measurement,10024E,valid,1049166,0,True,
1,1,00001E,1790200827.0812237,39556.9648121,76.24151459999848,candidate-measurement,10024D,valid,1049165,-1,True,
1,1,00001E,1790200827.288652,39557.1722398,76.44894229999773,candidate-measurement,10024B,valid,1049163,-2,True,
1,1,00001E,1790200827.4806318,39557.3642201,76.64092259999597,candidate-measurement,100243,valid,1049155,-8,True,
1,1,00001E,1790200827.672614,39557.5562045,76.83290699999634,candidate-measurement,10023F,valid,1049151,-4,True,
1,1,00001E,1790200827.8801868,39557.7637782,77.04048070000135,candidate-measurement,10023D,valid,1049149,-2,True,
1,1,00001E,1790200828.0721838,39557.9557734,77.23247589999664,candidate-measurement,10023B,valid,1049147,-2,True,
1,1,00001E,1790200828.2641819,39558.1477708,77.42447330000141,candidate-measurement,10023B,valid,1049147,0,True,
1,1,00001E,1790200828.4555974,39558.3391857,77.61588820000179,candidate-measurement,10023B,valid,1049147,0,True,
1,1,00001E,1790200828.663591,39558.5471797,77.82388219999848,candidate-measurement,10023B,valid,1049147,0,True,
1,1,00001E,1790200828.8555796,39558.739168,78.01587049999944,candidate-measurement,10023B,valid,1049147,0,True,
1,1,00001E,1790200829.0471652,39558.9307541,78.20745660000102,candidate-measurement,10023B,valid,1049147,0,True,
1,1,00001E,1790200829.2551475,39559.1387373,78.41543980000279,candidate-measurement,10023A,valid,1049146,-1,True,
1,1,00001E,1790200829.4471443,39559.3307332,78.60743569999613,candidate-measurement,100236,valid,1049142,-4,True,
1,1,00001E,1790200829.6385531,39559.5221434,78.7988458999971,candidate-measurement,100224,valid,1049124,-18,True,
1,1,00001E,1790200829.8465457,39559.7301364,79.00683890000073,candidate-measurement,10021F,valid,1049119,-5,True,
1,1,00001E,1790200830.0381272,39559.9217156,79.19841810000071,candidate-measurement,100217,valid,1049111,-8,True,
1,1,00001E,1790200830.2301161,39560.1137049,79.390407400002,candidate-measurement,100214,valid,1049108,-3,True,
1,1,00001E,1790200830.4221172,39560.3057056,79.5824081000028,candidate-measurement,100211,valid,1049105,-3,True,
1,1,00001E,1790200830.6295197,39560.513109,79.7898114999989,candidate-measurement,10020F,valid,1049103,-2,True,
1,1,00001E,1790200830.821522,39560.7051108,79.9818133000008,candidate-measurement,10020B,valid,1049099,-4,True,
1,1,00001E,1790200831.0130863,39560.8966762,80.17337869999756,candidate-measurement,100207,valid,1049095,-4,True,
1,1,00001E,1790200831.2210872,39561.1046766,80.38137909999932,candidate-measurement,100201,valid,1049089,-6,True,
1,1,00001E,1790200831.4130785,39561.2966667,80.57336919999943,candidate-measurement,1001FD,valid,1049085,-4,True,
1,1,00001E,1790200831.6050699,39561.4886587,80.76536119999946,candidate-measurement,1001FB,valid,1049083,-2,True,
1,1,00001E,1790200831.812484,39561.6960745,80.97277700000268,candidate-measurement,1001FA,valid,1049082,-1,True,
1,1,00001E,1790200832.004479,39561.8880692,81.16477170000144,candidate-measurement,1001FA,valid,1049082,0,True,
1,1,00001E,1790200832.1960516,39562.0796416,81.35634410000057,candidate-measurement,1001F9,valid,1049081,-1,True,
1,1,00001E,1790200832.3880477,39562.2716361,81.5483385999978,candidate-measurement,1001F7,valid,1049079,-2,True,
1,1,00001E,1790200832.5960352,39562.4796246,81.75632709999627,candidate-measurement,1001F6,valid,1049078,-1,True,
1,1,00001E,1790200832.7880368,39562.6716251,81.94832760000281,candidate-measurement,1001F5,valid,1049077,-1,True,
1,1,00001E,1790200832.9794412,39562.8630322,82.13973470000201,candidate-measurement,1001F5,valid,1049077,0,True,
1,1,00001E,1790200833.1874385,39563.0710281,82.34773059999861,candidate-measurement,1001F5,valid,1049077,0,True,
1,1,00001E,1790200833.3790169,39563.2626052,82.53930769999715,candidate-measurement,1001F4,valid,1049076,-1,True,
1,1,00001E,1790200833.5710115,39563.4546015,82.73130400000082,candidate-measurement,1001F4,valid,1049076,0,True,
1,1,00001E,1790200833.762997,39563.646587,82.92328950000228,candidate-measurement,1001F4,valid,1049076,0,True,
1,1,00001E,1790200833.9709916,39563.8545813,83.13128380000126,candidate-measurement,1001F4,valid,1049076,0,True,
1,1,00001E,1790200834.162996,39564.0465838,83.3232863000012,candidate-measurement,1001F4,valid,1049076,0,True,
1,1,00001E,1790200834.354406,39564.2379949,83.51469740000175,candidate-measurement,1001F4,valid,1049076,0,True,
1,1,00001E,1790200834.5619643,39564.4455548,83.72225729999627,candidate-measurement,1001F2,valid,1049074,-2,True,
1,1,00001E,1790200834.7539725,39564.6375629,83.91426540000248,candidate-measurement,1001F2,valid,1049074,0,True,
1,1,00001E,1790200834.9459615,39564.8295514,84.10625389999768,candidate-measurement,1001E8,valid,1049064,-10,True,
1,1,00001E,1790200835.153961,39565.0375496,84.31425209999725,candidate-measurement,1001E4,valid,1049060,-4,True,
1,1,00001E,1790200835.3453696,39565.2289582,84.50566070000059,candidate-measurement,1001E3,valid,1049059,-1,True,
1,1,00001E,1790200835.5373676,39565.4209574,84.69765989999723,candidate-measurement,1001E1,valid,1049057,-2,True,
1,1,00001E,1790200835.7289357,39565.6125252,84.88922769999772,candidate-measurement,1001E1,valid,1049057,0,True,
1,1,00001E,1790200835.9369347,39565.8205237,85.09722619999957,candidate-measurement,1001E1,valid,1049057,0,True,
1,1,00001E,1790200836.128924,39566.012512,85.28921450000053,candidate-measurement,1001E1,valid,1049057,0,True,
1,1,00001E,1790200836.3203433,39566.2039317,85.48063420000108,candidate-measurement,1001E0,valid,1049056,-1,True,
1,1,00001E,1790200836.5283277,39566.4119172,85.68861969999853,candidate-measurement,1001D0,valid,1049040,-16,True,
1,1,00001E,1790200836.719904,39566.6034941,85.88019660000282,candidate-measurement,1001CA,valid,1049034,-6,True,
1,1,00001E,1790200836.9119039,39566.7954943,86.0721967999998,candidate-measurement,1001C7,valid,1049031,-3,True,
1,1,00001E,1790200837.119897,39567.0034863,86.28018879999581,candidate-measurement,1001BF,valid,1049023,-8,True,
1,1,00001E,1790200837.311318,39567.1949057,86.47160820000136,candidate-measurement,1001BB,valid,1049019,-4,True,
1,1,00001E,1790200837.5033064,39567.386895,86.66359750000265,candidate-measurement,1001B9,valid,1049017,-2,True,
1,1,00001E,1790200837.6952991,39567.578889,86.85559149999608,candidate-measurement,1001B7,valid,1049015,-2,True,
1,1,00001E,1790200837.9028654,39567.7864559,87.06315840000025,candidate-measurement,1001B5,valid,1049013,-2,True,
1,1,00001E,1790200838.0948653,39567.9784542,87.25515669999731,candidate-measurement,1001B3,valid,1049011,-2,True,
1,1,00001E,1790200838.28685,39568.17044,87.44714250000106,candidate-measurement,1001B0,valid,1049008,-3,True,
1,1,00001E,1790200838.4942636,39568.3778519,87.65455439999641,candidate-measurement,1001AD,valid,1049005,-3,True,
1,1,00001E,1790200838.6862602,39568.569851,87.84655349999957,candidate-measurement,1001A9,valid,1049001,-4,True,
1,1,00001E,1790200838.8778338,39568.7614251,88.0381275999971,candidate-measurement,1001A7,valid,1048999,-2,True,
1,1,00001E,1790200839.0858185,39568.9694095,88.24611200000072,candidate-measurement,1001A5,valid,1048997,-2,True,
1,1,00001E,1790200839.2778263,39569.1614151,88.43811760000244,candidate-measurement,1001A3,valid,1048995,-2,True,
1,1,00001E,1790200839.4692438,39569.3528322,88.62953469999775,candidate-measurement,1001A2,valid,1048994,-1,True,
1,1,00001E,1790200839.661231,39569.5448213,88.82152379999752,candidate-measurement,1001A1,valid,1048993,-1,True,
1,1,00001E,1790200839.8688414,39569.7524317,89.02913419999823,candidate-measurement,1001A1,valid,1048993,0,True,
1,1,00001E,1790200840.0607984,39569.9443866,89.22108909999952,candidate-measurement,1001A1,valid,1048993,0,True,
1,1,00001E,1790200840.2527883,39570.1363779,89.41308040000149,candidate-measurement,1001A0,valid,1048992,-1,True,
1,1,00001E,1790200840.4607902,39570.3443793,89.62108179999632,candidate-measurement,1001A0,valid,1048992,0,True,
1,1,00001E,1790200840.6522038,39570.5357918,89.81249430000025,candidate-measurement,1001A0,valid,1048992,0,True,
1,1,00001E,1790200840.844189,39570.7277803,90.00448280000273,candidate-measurement,10019E,valid,1048990,-2,True,
1,1,00001E,1790200841.0517642,39570.9353543,90.21205680000276,candidate-measurement,10019D,valid,1048989,-1,True,
1,1,00001E,1790200841.2597723,39571.1433607,90.42006319999928,candidate-measurement,10019C,valid,1048988,-1,True,
1,1,00001E,1790200841.4517517,39571.3353398,90.61204230000294,candidate-measurement,10019B,valid,1048987,-1,True,
1,1,00001E,1790200841.643176,39571.5267651,90.80346760000248,candidate-measurement,10019B,valid,1048987,0,True,
1,1,00001E,1790200841.8351634,39571.7187522,90.99545470000157,candidate-measurement,10019B,valid,1048987,0,True,
1,1,00001E,1790200842.0267258,39571.9103172,91.18701970000257,candidate-measurement,10019A,valid,1048986,-1,True,
1,1,00001E,1790200842.2187274,39572.1023169,91.37901939999574,candidate-measurement,10019A,valid,1048986,0,True,
1,1,00001E,1790200842.4267268,39572.3103161,91.58701860000292,candidate-measurement,10019A,valid,1048986,0,True,
1,1,00001E,1790200842.618145,39572.5017337,91.77843620000203,candidate-measurement,10019A,valid,1048986,0,True,
1,1,00001E,1790200842.8101344,39572.6937253,91.97042779999902,candidate-measurement,10019A,valid,1048986,0,True,
1,1,00001E,1790200843.0177014,39572.9012919,92.1779944000009,candidate-measurement,10019A,valid,1048986,0,True,
1,1,00001E,1790200843.209706,39573.0932972,92.36999970000033,candidate-measurement,10019A,valid,1048986,0,True,
1,1,00001E,1790200843.401692,39573.2852806,92.56198310000036,candidate-measurement,100199,valid,1048985,-1,True,
1,1,00001E,1790200843.5936866,39573.4772776,92.75398010000208,candidate-measurement,10018F,valid,1048975,-10,True,
1,1,00001E,1790200843.8010995,39573.6846904,92.96139289999701,candidate-measurement,10018B,valid,1048971,-4,True,
1,1,00001E,1790200843.993082,39573.8766738,93.15337629999703,candidate-measurement,100188,valid,1048968,-3,True,
1,1,00001E,1790200844.1846662,39574.0682543,93.34495679999964,candidate-measurement,100188,valid,1048968,0,True,
1,1,00001E,1790200844.3926592,39574.2762481,93.55295060000208,candidate-measurement,100188,valid,1048968,0,True,
1,1,00001E,1790200844.584646,39574.4682366,93.74493909999728,candidate-measurement,100186,valid,1048966,-2,True,
1,1,00001E,1790200844.7760708,39574.6596611,93.936363599998,candidate-measurement,100185,valid,1048965,-1,True,
1,1,00001E,1790200844.9840727,39574.8676639,94.14436639999622,candidate-measurement,100177,valid,1048951,-14,True,
1,1,00001E,1790200845.1920576,39575.0756456,94.35234810000111,candidate-measurement,100173,valid,1048947,-4,True,
1,1,00001E,1790200845.3840587,39575.2676465,94.54434899999615,candidate-measurement,100170,valid,1048944,-3,True,
1,1,00001E,1790200845.5756228,39575.4592113,94.73591380000289,candidate-measurement,10016E,valid,1048942,-2,True,
1,1,00001E,1790200845.7676187,39575.6512067,94.9279091999997,candidate-measurement,10016B,valid,1048939,-3,True,
1,1,00001E,1790200845.959607,39575.8431962,95.11989870000252,candidate-measurement,100168,valid,1048936,-3,True,
1,1,00001E,1790200846.1510239,39576.0346132,95.31131569999707,candidate-measurement,100165,valid,1048933,-3,True,
1,1,00001E,1790200846.3586328,39576.2422217,95.51892419999785,candidate-measurement,100163,valid,1048931,-2,True,
1,1,00001E,1790200846.550589,39576.4341799,95.71088240000245,candidate-measurement,100162,valid,1048930,-1,True,
1,1,00001E,1790200846.742574,39576.6261653,95.90286779999587,candidate-measurement,100161,valid,1048929,-1,True,
1,1,00001E,1790200846.949989,39576.8335782,96.11028069999884,candidate-measurement,100161,valid,1048929,0,True,
1,1,00001E,1790200847.14199,39577.0255794,96.30228189999616,candidate-measurement,100160,valid,1048928,-1,True,
1,1,00001E,1790200847.3335662,39577.2171548,96.49385729999631,candidate-measurement,100160,valid,1048928,0,True,
1,1,00001E,1790200847.5255501,39577.4091407,96.68584320000082,candidate-measurement,10015E,valid,1048926,-2,True,
1,1,00001E,1790200847.7335513,39577.6171407,96.89384319999954,candidate-measurement,10015D,valid,1048925,-1,True,
1,1,00001E,1790200847.9255352,39577.8091264,97.08582890000253,candidate-measurement,10015C,valid,1048924,-1,True,
1,1,00001E,1790200848.1169581,39578.0005487,97.27725120000105,candidate-measurement,10015A,valid,1048922,-2,True,
1,1,00001E,1790200848.3249733,39578.2085618,97.48526429999765,candidate-measurement,100159,valid,1048921,-1,True,
1,1,00001E,1790200848.5165281,39578.4001172,97.6768196999983,candidate-measurement,100157,valid,1048919,-2,True,
1,1,00001E,1790200848.7085264,39578.5921146,97.8688170999958,candidate-measurement,100157,valid,1048919,0,True,
1,1,00001E,1790200848.9165058,39578.800097,98.07679949999874,candidate-measurement,100153,valid,1048915,-4,True,
1,1,00001E,1790200849.1085017,39578.9920922,98.26879470000131,candidate-measurement,10014F,valid,1048911,-4,True,
1,1,00001E,1790200849.2999218,39579.1835116,98.46021409999958,candidate-measurement,10014B,valid,1048907,-4,True,
1,1,00001E,1790200849.4919152,39579.3755038,98.65220630000113,candidate-measurement,100149,valid,1048905,-2,True,
1,1,00001E,1790200849.699491,39579.5830807,98.8597832000014,candidate-measurement,100147,valid,1048903,-2,True,
1,1,00001E,1790200849.8914764,39579.7750669,99.05176940000092,candidate-measurement,100147,valid,1048903,0,True,
1,1,00001E,1790200850.0834727,39579.9670626,99.24376510000002,candidate-measurement,100145,valid,1048901,-2,True,
1,1,00001E,1790200850.2914772,39580.1750656,99.45176809999975,candidate-measurement,100145,valid,1048901,0,True,
1,1,00001E,1790200850.482883,39580.3664725,99.64317499999743,candidate-measurement,100145,valid,1048901,0,True,
1,1,00001E,1790200850.6748765,39580.5584647,99.83516719999898,candidate-measurement,100145,valid,1048901,0,True,
1,1,00001E,1790200850.88287,39580.7664602,100.04316269999981,candidate-measurement,100143,valid,1048899,-2,True,
1,1,00001E,1790200851.0744467,39580.9580343,100.23473679999734,candidate-measurement,100141,valid,1048897,-2,True,
1,1,00001E,1790200851.2664356,39581.1500255,100.42672799999855,candidate-measurement,100141,valid,1048897,0,True,
1,1,00001E,1790200851.458428,39581.3420165,100.61871899999824,candidate-measurement,100140,valid,1048896,-1,True,
1,1,00001E,1790200851.6658428,39581.5494337,100.82613619999756,candidate-measurement,100140,valid,1048896,0,True,
1,1,00001E,1790200851.857844,39581.741432,101.0181345000019,candidate-measurement,100140,valid,1048896,0,True,
1,1,00001E,1790200852.0494192,39581.9330077,101.20971019999706,candidate-measurement,100140,valid,1048896,0,True,
1,1,00001E,1790200852.257409,39582.1409973,101.41769979999663,candidate-measurement,100140,valid,1048896,0,True,
1,1,00001E,1790200852.4494019,39582.3329902,101.60969269999623,candidate-measurement,10013E,valid,1048894,-2,True,
1,1,00001E,1790200852.6408064,39582.5243973,101.8010998000027,candidate-measurement,10013E,valid,1048894,0,True,
1,1,00001E,1790200852.8328085,39582.7163969,101.9930994000024,candidate-measurement,100135,valid,1048885,-9,True,
1,1,00001E,1790200853.0403783,39582.9239686,102.20067109999945,candidate-measurement,100132,valid,1048882,-3,True,
1,1,00001E,1790200853.232381,39583.1159723,102.39267480000126,candidate-measurement,10012F,valid,1048879,-3,True,
1,1,00001E,1790200853.4243686,39583.3079565,102.5846590000001,candidate-measurement,10012D,valid,1048877,-2,True,
1,1,00001E,1790200853.6323662,39583.5159551,102.79265760000271,candidate-measurement,10012D,valid,1048877,0,True,
1,1,00001E,1790200853.8237798,39583.7073679,102.98407040000166,candidate-measurement,10012D,valid,1048877,0,True,
1,1,00001E,1790200854.0157645,39583.899353,103.17605550000007,candidate-measurement,10012D,valid,1048877,0,True,
1,1,00001E,1790200854.2233412,39584.1069323,103.3836347999968,candidate-measurement,10012D,valid,1048877,0,True,
1,1,00001E,1790200854.4153316,39584.2989195,103.57562199999666,candidate-measurement,10012C,valid,1048876,-1,True,
1,1,00001E,1790200854.6073256,39584.4909163,103.76761879999685,candidate-measurement,100128,valid,1048872,-4,True,
1,1,00001E,1790200854.7993176,39584.6829075,103.95960999999807,candidate-measurement,100119,valid,1048857,-15,True,
1,1,00001E,1790200855.006734,39584.8903248,104.16702729999815,candidate-measurement,100115,valid,1048853,-4,True,
1,1,00001E,1790200855.1987317,39585.0823214,104.35902389999683,candidate-measurement,100111,valid,1048849,-4,True,
1,1,00001E,1790200855.390309,39585.2738973,104.55059980000078,candidate-measurement,10010B,valid,1048843,-6,True,
1,1,00001E,1790200855.5982976,39585.4818874,104.75858989999688,candidate-measurement,100107,valid,1048839,-4,True,
1,1,00001E,1790200855.7902915,39585.673882,104.95058450000215,candidate-measurement,100105,valid,1048837,-2,True,
1,1,00001E,1790200855.9816985,39585.8652891,105.14199160000135,candidate-measurement,100103,valid,1048835,-2,True,
1,1,00001E,1790200856.1897047,39586.073294,105.349996500001,candidate-measurement,100101,valid,1048833,-2,True,
1,1,00001E,1790200856.381272,39586.2648609,105.5415634000019,candidate-measurement,1000FE,valid,1048830,-3,True,
1,1,00001E,1790200856.5732572,39586.4568469,105.7335493999999,candidate-measurement,1000FB,valid,1048827,-3,True,
1,1,00001E,1790200856.7652633,39586.6488515,105.92555400000128,candidate-measurement,1000F6,valid,1048822,-5,True,
1,1,00001E,1790200856.9726772,39586.8562662,106.13296869999613,candidate-measurement,1000F4,valid,1048820,-2,True,
1,1,00001E,1790200857.164661,39587.0482517,106.32495419999759,candidate-measurement,1000F1,valid,1048817,-3,True,
1,1,00001E,1790200857.3566654,39587.240254,106.51695649999601,candidate-measurement,1000EE,valid,1048814,-3,True,
1,1,00001E,1790200857.5642283,39587.4478185,106.72452099999646,candidate-measurement,1000ED,valid,1048813,-1,True,
1,1,00001E,1790200857.7562294,39587.6398192,106.91652169999725,candidate-measurement,1000ED,valid,1048813,0,True,
1,1,00001E,1790200857.9482243,39587.831813,107.10851549999643,candidate-measurement,1000EC,valid,1048812,-1,True,
1,1,00001E,1790200858.1556375,39588.0392254,107.31592790000286,candidate-measurement,1000EC,valid,1048812,0,True,
1,1,00001E,1790200858.347628,39588.2312165,107.50791899999604,candidate-measurement,1000EB,valid,1048811,-1,True,
1,1,00001E,1790200858.5392103,39588.4227991,107.69950160000008,candidate-measurement,1000EA,valid,1048810,-1,True,
1,1,00001E,1790200858.7311947,39588.6147843,107.89148679999926,candidate-measurement,1000E9,valid,1048809,-1,True,
1,1,00001E,1790200858.9391866,39588.8227767,108.09947919999831,candidate-measurement,1000E7,valid,1048807,-2,True,
1,1,00001E,1790200859.130607,39589.0141951,108.29089759999624,candidate-measurement,1000E7,valid,1048807,0,True,
1,1,00001E,1790200859.3226016,39589.2061894,108.48289189999923,candidate-measurement,1000E7,valid,1048807,0,True,
1,1,00001E,1790200859.5301726,39589.4137613,108.69046379999781,candidate-measurement,1000E7,valid,1048807,0,True,
1,1,00001E,1790200859.7221584,39589.6057496,108.88245209999877,candidate-measurement,1000E6,valid,1048806,-1,True,
1,1,00001E,1790200859.9141622,39589.7977508,109.0744532999961,candidate-measurement,1000E6,valid,1048806,0,True,
1,1,00001E,1790200860.1215875,39590.0051757,109.28187819999584,candidate-measurement,1000E6,valid,1048806,0,True,
1,1,00001E,1790200860.3135662,39590.1971546,109.47385709999799,candidate-measurement,1000E6,valid,1048806,0,True,
1,1,00001E,1790200860.505556,39590.3891451,109.66584760000114,candidate-measurement,1000E6,valid,1048806,0,True,
1,1,00001E,1790200860.6971295,39590.5807203,109.85742279999977,candidate-measurement,1000E6,valid,1048806,0,True,
1,1,00001E,1790200860.9051268,39590.7887147,110.0654171999995,candidate-measurement,1000E6,valid,1048806,0,True,
1,1,00001E,1790200861.0971217,39590.9807099,110.25741240000207,candidate-measurement,1000E5,valid,1048805,-1,True,
1,1,00001E,1790200861.2891164,39591.1727049,110.44940739999583,candidate-measurement,1000DF,valid,1048799,-6,True,
1,1,00001E,1790200861.4965284,39591.3801175,110.65681999999651,candidate-measurement,1000D9,valid,1048793,-6,True,
1,1,00001E,1790200861.6885226,39591.5721104,110.84881289999612,candidate-measurement,1000D5,valid,1048789,-4,True,
1,1,00001E,1790200861.880513,39591.7641035,111.04080599999725,candidate-measurement,1000D3,valid,1048787,-2,True,
1,1,00001E,1790200862.0880861,39591.9716744,111.24837690000277,candidate-measurement,1000D3,valid,1048787,0,True,
1,1,00001E,1790200862.2800891,39592.1636775,111.44038,candidate-measurement,1000D3,valid,1048787,0,True,
1,1,00001E,1790200862.4720726,39592.3556616,111.63236409999809,candidate-measurement,1000D3,valid,1048787,0,True,
1,1,00001E,1790200862.663489,39592.5470791,111.82378159999644,candidate-measurement,1000D3,valid,1048787,0,True,
1,1,00001E,1790200862.871595,39592.755181,112.03188349999982,candidate-measurement,1000CF,valid,1048783,-4,True,
1,1,00001E,1790200863.06305,39592.946641,112.22334350000165,candidate-measurement,1000BE,valid,1048766,-17,True,
1,1,00001E,1790200863.255048,39593.1386369,112.41533940000227,candidate-measurement,1000B9,valid,1048761,-5,True,
1,1,00001E,1790200863.463045,39593.3466335,112.62333599999693,candidate-measurement,1000B1,valid,1048753,-8,True,
1,1,00001E,1790200863.6544561,39593.5380437,112.8147461999979,candidate-measurement,1000AC,valid,1048748,-5,True,
1,1,00001E,1790200863.8460257,39593.7296164,113.00631889999931,candidate-measurement,1000A9,valid,1048745,-3,True,
1,1,00001E,1790200864.0540187,39593.9376085,113.21431099999609,candidate-measurement,1000A7,valid,1048743,-2,True,
1,1,00001E,1790200864.2620137,39594.1456047,113.42230720000225,candidate-measurement,1000A4,valid,1048740,-3,True,
1,1,00001E,1790200864.4534314,39594.3370194,113.61372190000111,candidate-measurement,1000A1,valid,1048737,-3,True,
1,1,00001E,1790200864.6454234,39594.5290127,113.80571519999648,candidate-measurement,10009D,valid,1048733,-4,True,
1,1,00001E,1790200864.8374145,39594.7210045,113.99770700000226,candidate-measurement,10009A,valid,1048730,-3,True,
1,1,00001E,1790200865.0289948,39594.9125829,114.18928539999615,candidate-measurement,100098,valid,1048728,-2,True,
1,1,00001E,1790200865.2209895,39595.1045775,114.38128000000142,candidate-measurement,100095,valid,1048725,-3,True,
1,1,00001E,1790200865.4289815,39595.31257,114.58927250000124,candidate-measurement,100093,valid,1048723,-2,True,
1,1,00001E,1790200865.620977,39595.5045661,114.78126859999611,candidate-measurement,100093,valid,1048723,0,True,
1,1,00001E,1790200865.812384,39595.6959748,114.97267730000021,candidate-measurement,100093,valid,1048723,0,True,
1,1,00001E,1790200866.020378,39595.9039666,115.18066910000198,candidate-measurement,100091,valid,1048721,-2,True,
1,1,00001E,1790200866.2279518,39596.1115408,115.38824329999625,candidate-measurement,100091,valid,1048721,0,True,
1,1,00001E,1790200866.4199524,39596.3035411,115.58024360000127,candidate-measurement,100091,valid,1048721,0,True,
1,1,00001E,1790200866.6119447,39596.4955338,115.77223629999935,candidate-measurement,10008F,valid,1048719,-2,True,
1,1,00001E,1790200866.8039303,39596.6875216,115.9642240999965,candidate-measurement,10008D,valid,1048717,-2,True,
1,1,00001E,1790200866.9953449,39596.8789362,116.15563870000187,candidate-measurement,10008D,valid,1048717,0,True,
1,1,00001E,1790200867.1873467,39597.0709352,116.347637699997,candidate-measurement,10008C,valid,1048716,-1,True,
1,1,00001E,1790200867.394969,39597.2785579,116.55526039999677,candidate-measurement,10008C,valid,1048716,0,True,
1,1,00001E,1790200867.5869133,39597.4705016,116.74720410000009,candidate-measurement,10008C,valid,1048716,0,True,
1,1,00001E,1790200867.7788968,39597.662488,116.93919050000113,candidate-measurement,10008C,valid,1048716,0,True,
1,1,00001E,1790200867.9709003,39597.8544898,117.13119229999575,candidate-measurement,10008C,valid,1048716,0,True,
1,1,00001E,1790200868.178317,39598.0619067,117.33860920000006,candidate-measurement,10008C,valid,1048716,0,True,
1,1,00001E,1790200868.3703117,39598.2539001,117.5306025999962,candidate-measurement,10008C,valid,1048716,0,True,
1,1,00001E,1790200868.561878,39598.4454688,117.72217129999626,candidate-measurement,10008A,valid,1048714,-2,True,
1,1,00001E,1790200868.7698755,39598.6534647,117.93016720000014,candidate-measurement,10008A,valid,1048714,0,True,
1,1,00001E,1790200868.9618611,39598.8454527,118.12215519999882,candidate-measurement,100084,valid,1048708,-6,True,
1,1,00001E,1790200869.1538596,39599.0374499,118.31415240000206,candidate-measurement,10007C,valid,1048700,-8,True,
1,1,00001E,1790200869.361283,39599.2448723,118.52157479999732,candidate-measurement,10007A,valid,1048698,-2,True,
1,1,00001E,1790200869.5528438,39599.4364333,118.71313579999696,candidate-measurement,10007A,valid,1048698,0,True,
1,1,00001E,1790200869.7448318,39599.6284221,118.90512460000173,candidate-measurement,10007A,valid,1048698,0,True,
1,1,00001E,1790200869.9528277,39599.8364178,119.11312029999681,candidate-measurement,100079,valid,1048697,-1,True,
1,1,00001E,1790200870.160249,39600.0438375,119.32054000000062,candidate-measurement,10006E,valid,1048686,-11,True,
1,1,00001E,1790200870.3522444,39600.2358326,119.51253510000242,candidate-measurement,100067,valid,1048679,-7,True,
1,1,00001E,1790200870.543816,39600.4274048,119.70410730000003,candidate-measurement,100063,valid,1048675,-4,True,
1,1,00001E,1790200870.7358136,39600.6194018,119.89610430000175,candidate-measurement,100060,valid,1048672,-3,True,
1,1,00001E,1790200870.9278007,39600.8113891,120.08809160000237,candidate-measurement,10005B,valid,1048667,-5,True,
1,1,00001E,1790200871.1192386,39601.0028262,120.27952869999717,candidate-measurement,100056,valid,1048662,-5,True,
1,1,00001E,1790200871.3272214,39601.2108093,120.48751179999817,candidate-measurement,100053,valid,1048659,-3,True,
1,1,00001E,1790200871.5192013,39601.4027914,120.67949390000285,candidate-measurement,100051,valid,1048657,-2,True,
1,1,00001E,1790200871.7107794,39601.5943675,120.87107000000105,candidate-measurement,100051,valid,1048657,0,True,
1,1,00001E,1790200871.918765,39601.8023544,121.07905690000189,candidate-measurement,10004F,valid,1048655,-2,True,
1,1,00001E,1790200872.110761,39601.9943496,121.27105209999718,candidate-measurement,10004E,valid,1048654,-1,True,
1,1,00001E,1790200872.3027594,39602.1863474,121.46304989999771,candidate-measurement,10004C,valid,1048652,-2,True,
1,1,00001E,1790200872.4947486,39602.3783373,121.6550397999963,candidate-measurement,10004B,valid,1048651,-1,True,
1,1,00001E,1790200872.7021668,39602.5857563,121.86245880000206,candidate-measurement,100049,valid,1048649,-2,True,
1,1,00001E,1790200872.8941646,39602.7777529,122.05445540000073,candidate-measurement,100049,valid,1048649,0,True,
1,1,00001E,1790200873.0857544,39602.9693434,122.24604589999944,candidate-measurement,100046,valid,1048646,-3,True,
1,1,00001E,1790200873.2937212,39603.1773096,122.45401210000273,candidate-measurement,100042,valid,1048642,-4,True,
1,1,00001E,1790200873.4857202,39603.3693082,122.64601070000208,candidate-measurement,100040,valid,1048640,-2,True,
1,1,00001E,1790200873.6777132,39603.5613011,122.83800360000168,candidate-measurement,10003D,valid,1048637,-3,True,
1,1,00001E,1790200873.8691244,39603.7527133,123.02941579999606,candidate-measurement,10003B,valid,1048635,-2,True,
1,1,00001E,1790200874.077135,39603.9607254,123.2374278999996,candidate-measurement,100039,valid,1048633,-2,True,
1,1,00001E,1790200874.2687204,39604.1523094,123.42901189999975,candidate-measurement,100039,valid,1048633,0,True,
1,1,00001E,1790200874.460689,39604.3442777,123.62098020000121,candidate-measurement,100038,valid,1048632,-1,True,
1,1,00001E,1790200874.6680996,39604.5516887,123.82839119999699,candidate-measurement,100038,valid,1048632,0,True,
1,1,00001E,1790200874.860093,39604.7436837,124.02038619999803,candidate-measurement,100036,valid,1048630,-2,True,
1,1,00001E,1790200875.052081,39604.9356709,124.21237339999789,candidate-measurement,100036,valid,1048630,0,True,
1,1,00001E,1790200875.259672,39605.1432613,124.4199637999991,candidate-measurement,100034,valid,1048628,-2,True,
1,1,00001E,1790200875.4516518,39605.3352397,124.61194219999743,candidate-measurement,100033,valid,1048627,-1,True,
1,1,00001E,1790200875.6436467,39605.5272346,124.80393709999771,candidate-measurement,100033,valid,1048627,0,True,
1,1,00001E,1790200875.851062,39605.7346522,125.01135470000008,candidate-measurement,100032,valid,1048626,-1,True,
1,1,00001E,1790200876.0430605,39605.926649,125.20335150000028,candidate-measurement,100032,valid,1048626,0,True,
1,1,00001E,1790200876.23463,39606.1182193,125.39492179999797,candidate-measurement,100032,valid,1048626,0,True,
1,1,00001E,1790200876.4266262,39606.3102147,125.58691720000206,candidate-measurement,100032,valid,1048626,0,True,
1,1,00001E,1790200876.634608,39606.5181963,125.79489879999892,candidate-measurement,100032,valid,1048626,0,True,
1,1,00001E,1790200876.826611,39606.7101996,125.98690209999768,candidate-measurement,100032,valid,1048626,0,True,
1,1,00001E,1790200877.0180213,39606.9016122,126.17831470000237,candidate-measurement,100030,valid,1048624,-2,True,
1,1,00001E,1790200877.2260377,39607.1096261,126.3863285999978,candidate-measurement,100030,valid,1048624,0,True,
1,1,00001E,1790200877.4175885,39607.3011766,126.57787909999752,candidate-measurement,100027,valid,1048615,-9,True,
1,1,00001E,1790200877.6095903,39607.4931787,126.76988120000169,candidate-measurement,100022,valid,1048610,-5,True,
1,1,00001E,1790200877.8015802,39607.6851682,126.96187069999723,candidate-measurement,100020,valid,1048608,-2,True,
1,1,00001E,1790200878.0089967,39607.892586,127.16928850000113,candidate-measurement,100020,valid,1048608,0,True,
1,1,00001E,1790200878.2009842,39608.0845742,127.36127670000133,candidate-measurement,100020,valid,1048608,0,True,
1,1,00001E,1790200878.3929806,39608.2765694,127.55327189999662,candidate-measurement,100020,valid,1048608,0,True,
1,1,00001E,1790200878.6005816,39608.4841727,127.76087520000146,candidate-measurement,10001F,valid,1048607,-1,True,
1,1,00001E,1790200878.7925408,39608.6761304,127.95283290000225,candidate-measurement,10001B,valid,1048603,-4,True,
1,1,00001E,1790200878.9845376,39608.868128,128.14483050000126,candidate-measurement,10000B,valid,1048587,-16,True,
1,1,00001E,1790200879.1919541,39609.0755451,128.35224759999983,candidate-measurement,100007,valid,1048583,-4,True,
1,1,00001E,1790200879.3839478,39609.2675358,128.54423829999723,candidate-measurement,100003,valid,1048579,-4,True,
1,1,00001E,1790200879.5759401,39609.4595304,128.7362329000025,candidate-measurement,0FFFFB,valid,1048571,-8,True,
1,1,00001E,1790200879.767513,39609.6511017,128.92780420000054,candidate-measurement,0FFFF7,valid,1048567,-4,True,
1,1,00001E,1790200879.9755058,39609.8590954,129.13579790000222,candidate-measurement,0FFFF5,valid,1048565,-2,True,
1,1,00001E,1790200880.1669233,39610.0505116,129.32721409999795,candidate-measurement,0FFFF3,valid,1048563,-2,True,
1,1,00001E,1790200880.3589199,39610.2425083,129.51921079999738,candidate-measurement,0FFFF0,valid,1048560,-3,True,
1,1,00001E,1790200880.566492,39610.4500806,129.726783099999,candidate-measurement,0FFFED,valid,1048557,-3,True,
1,1,00001E,1790200880.7584808,39610.6420702,129.9187727000026,candidate-measurement,0FFFEA,valid,1048554,-3,True,
1,1,00001E,1790200880.95048,39610.8340681,130.1107705999966,candidate-measurement,0FFFE6,valid,1048550,-4,True,
1,1,00001E,1790200881.1578963,39611.0414845,130.31818699999712,candidate-measurement,0FFFE4,valid,1048548,-2,True,
1,1,00001E,1790200881.3498898,39611.2334781,130.51018060000206,candidate-measurement,0FFFE2,valid,1048546,-2,True,
1,1,00001E,1790200881.541458,39611.4250475,130.70175000000017,candidate-measurement,0FFFE0,valid,1048544,-2,True,
1,1,00001E,1790200881.733464,39611.6170523,130.8937547999958,candidate-measurement,0FFFDF,valid,1048543,-1,True,
1,1,00001E,1790200881.9414456,39611.825034,131.1017365000007,candidate-measurement,0FFFDF,valid,1048543,0,True,
1,1,00001E,1790200882.1328678,39612.0164554,131.29315789999964,candidate-measurement,0FFFDF,valid,1048543,0,True,
1,1,00001E,1790200882.324856,39612.2084443,131.4851467999979,candidate-measurement,0FFFDF,valid,1048543,0,True,
1,1,00001E,1790200882.5324385,39612.4160265,131.69272900000215,candidate-measurement,0FFFDD,valid,1048541,-2,True,
1,1,00001E,1790200882.7244246,39612.6080128,131.88471530000243,candidate-measurement,0FFFDD,valid,1048541,0,True,
1,1,00001E,1790200882.9164147,39612.8000048,132.07670730000245,candidate-measurement,0FFFDD,valid,1048541,0,True,
1,1,00001E,1790200883.1244092,39613.0079981,132.2847006000011,candidate-measurement,0FFFDC,valid,1048540,-1,True,
1,1,00001E,1790200883.3318229,39613.2154116,132.49211410000134,candidate-measurement,0FFFDB,valid,1048539,-1,True,
1,1,00001E,1790200883.5238173,39613.4074053,132.68410779999977,candidate-measurement,0FFFD9,valid,1048537,-2,True,
1,1,00001E,1790200883.715389,39613.5989795,132.87568199999805,candidate-measurement,0FFFD9,valid,1048537,0,True,
1,1,00001E,1790200883.9073815,39613.7909703,133.06767279999622,candidate-measurement,0FFFD8,valid,1048536,-1,True,
1,1,00001E,1790200884.0993738,39613.9829639,133.25966640000115,candidate-measurement,0FFFD8,valid,1048536,0,True,
1,1,00001E,1790200884.2907894,39614.1743784,133.4510808999985,candidate-measurement,0FFFD8,valid,1048536,0,True,
1,1,00001E,1790200884.4987833,39614.3823719,133.65907439999864,candidate-measurement,0FFFD8,valid,1048536,0,True,
1,1,00001E,1790200884.6903565,39614.5739463,133.85064879999845,candidate-measurement,0FFFD8,valid,1048536,0,True,
1,1,00001E,1790200884.8823483,39614.7659379,134.0426404000027,candidate-measurement,0FFFD7,valid,1048535,-1,True,
1,1,00001E,1790200885.0903397,39614.9739293,134.25063180000143,candidate-measurement,0FFFD6,valid,1048534,-1,True,
1,1,00001E,1790200885.281759,39615.1653479,134.44205040000088,candidate-measurement,0FFFCF,valid,1048527,-7,True,
1,1,00001E,1790200885.473754,39615.3573422,134.6340446999966,candidate-measurement,0FFFCB,valid,1048523,-4,True,
1,1,00001E,1790200885.6657476,39615.5493352,134.82603769999696,candidate-measurement,0FFFC9,valid,1048521,-2,True,
1,1,00001E,1790200885.8733313,39615.7569212,135.03362370000104,candidate-measurement,0FFFC7,valid,1048519,-2,True,
1,1,00001E,1790200886.0653067,39615.9488963,135.22559879999608,candidate-measurement,0FFFC5,valid,1048517,-2,True,
1,1,00001E,1790200886.2573025,39616.1408925,135.41759499999898,candidate-measurement,0FFFC5,valid,1048517,0,True,
1,1,00001E,1790200886.465298,39616.3488864,135.62558890000219,candidate-measurement,0FFFC5,valid,1048517,0,True,
1,1,00001E,1790200886.6567035,39616.5402938,135.8169962999964,candidate-measurement,0FFFC5,valid,1048517,0,True,
1,1,00001E,1790200886.848703,39616.7322945,136.00899699999718,candidate-measurement,0FFFC5,valid,1048517,0,True,
1,1,00001E,1790200887.0563276,39616.9399164,136.21661889999814,candidate-measurement,0FFFC5,valid,1048517,0,True,
1,1,00001E,1790200887.24828,39617.1318686,136.4085711000007,candidate-measurement,0FFFC4,valid,1048516,-1,True,
1,1,00001E,1790200887.4402685,39617.3238576,136.6005600999997,candidate-measurement,0FFFBC,valid,1048508,-8,True,
1,1,00001E,1790200887.6322606,39617.515851,136.79255349999585,candidate-measurement,0FFFAD,valid,1048493,-15,True,
1,1,00001E,1790200887.8402958,39617.7238866,137.00058909999643,candidate-measurement,0FFFA9,valid,1048489,-4,True,
1,1,00001E,1790200888.0316687,39617.915258,137.19196050000028,candidate-measurement,0FFFA1,valid,1048481,-8,True,
1,1,00001E,1790200888.2236645,39618.1072537,137.38395619999937,candidate-measurement,0FFF9D,valid,1048477,-4,True,
1,1,00001E,1790200888.4312363,39618.3148245,137.59152699999686,candidate-measurement,0FFF9A,valid,1048474,-3,True,
1,1,00001E,1790200888.6232266,39618.5068165,137.7835189999969,candidate-measurement,0FFF97,valid,1048471,-3,True,
1,1,00001E,1790200888.814643,39618.6982337,137.97493620000023,candidate-measurement,0FFF93,valid,1048467,-4,True,
1,1,00001E,1790200889.0226357,39618.9062235,138.18292600000132,candidate-measurement,0FFF8E,valid,1048462,-5,True,
1,1,00001E,1790200889.2146308,39619.0982203,138.3749228000015,candidate-measurement,0FFF8B,valid,1048459,-3,True,
1,1,00001E,1790200889.4062097,39619.2897979,138.56650039999658,candidate-measurement,0FFF88,valid,1048456,-3,True,
1,1,00001E,1790200889.5981998,39619.4817892,138.75849169999856,candidate-measurement,0FFF85,valid,1048453,-3,True,
1,1,00001E,1790200889.8061905,39619.6897783,138.9664808000016,candidate-measurement,0FFF85,valid,1048453,0,True,
1,1,00001E,1790200889.997602,39619.8811919,139.15789439999935,candidate-measurement,0FFF83,valid,1048451,-2,True,
1,1,00001E,1790200890.1896036,39620.0731915,139.34989399999904,candidate-measurement,0FFF82,valid,1048450,-1,True,
1,1,00001E,1790200890.397206,39620.2807953,139.55749780000042,candidate-measurement,0FFF81,valid,1048449,-1,True,
1,1,00001E,1790200890.5891635,39620.472753,139.7494555000012,candidate-measurement,0FFF80,valid,1048448,-1,True,
1,1,00001E,1790200890.7811568,39620.6647474,139.94144989999768,candidate-measurement,0FFF7F,valid,1048447,-1,True,
1,1,00001E,1790200890.9731512,39620.8567406,140.13344309999957,candidate-measurement,0FFF7F,valid,1048447,0,True,
1,1,00001E,1790200891.1811423,39621.0647331,140.3414355999994,candidate-measurement,0FFF7F,valid,1048447,0,True,
1,1,00001E,1790200891.3731616,39621.2567505,140.53345299999637,candidate-measurement,0FFF7E,valid,1048446,-1,True,
1,1,00001E,1790200891.5645525,39621.4481416,140.72484409999743,candidate-measurement,0FFF7E,valid,1048446,0,True,
1,1,00001E,1790200891.7725432,39621.6561342,140.932836699998,candidate-measurement,0FFF7E,valid,1048446,0,True,
1,1,00001E,1790200891.9645371,39621.8481272,141.12482969999837,candidate-measurement,0FFF7E,valid,1048446,0,True,
1,1,00001E,1790200892.1561213,39622.0397096,141.3164121000009,candidate-measurement,0FFF7E,valid,1048446,0,True,
1,1,00001E,1790200892.3641286,39622.2477166,141.52441910000198,candidate-measurement,0FFF7C,valid,1048444,-2,True,
1,1,00001E,1790200892.572098,39622.4556867,141.73238919999858,candidate-measurement,0FFF7C,valid,1048444,0,True,
1,1,00001E,1790200892.7640934,39622.6476832,141.9243856999965,candidate-measurement,0FFF74,valid,1048436,-8,True,
1,1,00001E,1790200892.9555087,39622.8390991,142.1158015999972,candidate-measurement,0FFF6D,valid,1048429,-7,True,
1,1,00001E,1790200893.1475046,39623.0310931,142.30779559999792,candidate-measurement,0FFF6B,valid,1048427,-2,True,
1,1,00001E,1790200893.3390803,39623.2226686,142.49937109999883,candidate-measurement,0FFF6B,valid,1048427,0,True,
1,1,00001E,1790200893.5310745,39623.4146626,142.69136509999953,candidate-measurement,0FFF6B,valid,1048427,0,True,
1,1,00001E,1790200893.7390587,39623.6226482,142.89935069999774,candidate-measurement,0FFF67,valid,1048423,-4,True,
1,1,00001E,1790200893.9304764,39623.8140671,143.09076959999948,candidate-measurement,0FFF57,valid,1048407,-16,True,
1,1,00001E,1790200894.1224778,39624.0060659,143.28276840000035,candidate-measurement,0FFF53,valid,1048403,-4,True,
1,1,00001E,1790200894.3300915,39624.2136804,143.4903828999959,candidate-measurement,0FFF4E,valid,1048398,-5,True,
1,1,00001E,1790200894.538036,39624.4216264,143.69832889999816,candidate-measurement,0FFF47,valid,1048391,-7,True,
1,1,00001E,1790200894.730032,39624.6136226,143.89032510000106,candidate-measurement,0FFF43,valid,1048387,-4,True,
1,1,00001E,1790200894.9220257,39624.8056139,144.08231639999576,candidate-measurement,0FFF41,valid,1048385,-2,True,
1,1,00001E,1790200895.1134405,39624.9970301,144.27373259999877,candidate-measurement,0FFF3D,valid,1048381,-4,True,
1,1,00001E,1790200895.305439,39625.1890275,144.46572999999626,candidate-measurement,0FFF3A,valid,1048378,-3,True,
1,1,00001E,1790200895.497032,39625.380621,144.65732349999598,candidate-measurement,0FFF35,valid,1048373,-5,True,
1,1,00001E,1790200895.705002,39625.5885903,144.86529280000104,candidate-measurement,0FFF2F,valid,1048367,-6,True,
1,1,00001E,1790200895.8969893,39625.7805803,145.0572828000004,candidate-measurement,0FFF2B,valid,1048363,-4,True,
1,1,00001E,1790200896.0889866,39625.972577,145.24927949999983,candidate-measurement,0FFF2A,valid,1048362,-1,True,
1,1,00001E,1790200896.2963967,39626.1799852,145.4566876999961,candidate-measurement,0FFF29,valid,1048361,-1,True,
1,1,00001E,1790200896.4883995,39626.371987,145.648689499998,candidate-measurement,0FFF28,valid,1048360,-1,True,
1,1,00001E,1790200896.6799748,39626.5635632,145.84026569999696,candidate-measurement,0FFF27,valid,1048359,-1,True,
1,1,00001E,1790200896.8719661,39626.7555536,146.03225609999936,candidate-measurement,0FFF25,valid,1048357,-2,True,
1,1,00001E,1790200897.0799594,39626.9635473,146.24024980000104,candidate-measurement,0FFF25,valid,1048357,0,True,
1,1,00001E,1790200897.2713733,39627.154962,146.4316644999999,candidate-measurement,0FFF25,valid,1048357,0,True,
1,1,00001E,1790200897.463366,39627.3469547,146.62365719999798,candidate-measurement,0FFF24,valid,1048356,-1,True,
1,1,00001E,1790200897.6713612,39627.5549499,146.83165239999653,candidate-measurement,0FFF24,valid,1048356,0,True,
1,1,00001E,1790200897.8629339,39627.7465229,147.02322540000023,candidate-measurement,0FFF24,valid,1048356,0,True,
1,1,00001E,1790200898.0549219,39627.9385127,147.21521519999806,candidate-measurement,0FFF24,valid,1048356,0,True,
1,1,00001E,1790200898.262924,39628.1465123,147.423214800001,candidate-measurement,0FFF24,valid,1048356,0,True,
1,1,00001E,1790200898.4703305,39628.353918,147.63062050000008,candidate-measurement,0FFF24,valid,1048356,0,True,
1,1,00001E,1790200898.662325,39628.5459164,147.8226188999979,candidate-measurement,0FFF24,valid,1048356,0,True,
1,1,00001E,1790200898.8543134,39628.7379049,148.0146074000004,candidate-measurement,0FFF23,valid,1048355,-1,True,
1,1,00001E,1790200899.0458882,39628.9294796,148.20618210000248,candidate-measurement,0FFF21,valid,1048353,-2,True,
1,1,00001E,1790200899.2378845,39629.1214738,148.39817629999743,candidate-measurement,0FFF19,valid,1048345,-8,True,
1,1,00001E,1790200899.4298823,39629.3134706,148.59017309999763,candidate-measurement,0FFF15,valid,1048341,-4,True,
1,1,00001E,1790200899.6372914,39629.5208826,148.79758510000102,candidate-measurement,0FFF13,valid,1048339,-2,True,
1,1,00001E,1790200899.829286,39629.7128756,148.98957810000138,candidate-measurement,0FFF11,valid,1048337,-2,True,
1,1,00001E,1790200900.0208595,39629.9044491,149.1811516000016,candidate-measurement,0FFF11,valid,1048337,0,True,
1,1,00001E,1790200900.228853,39630.1124413,149.38914379999915,candidate-measurement,0FFF11,valid,1048337,0,True,
1,1,00001E,1790200900.4208543,39630.3044426,149.58114509999723,candidate-measurement,0FFF11,valid,1048337,0,True,
1,1,00001E,1790200900.612264,39630.4958539,149.7725563999993,candidate-measurement,0FFF11,valid,1048337,0,True,
1,1,00001E,1790200900.804284,39630.6878736,149.96457609999925,candidate-measurement,0FFF11,valid,1048337,0,True,
1,1,00001E,1790200901.0122464,39630.8958372,150.1725396999973,candidate-measurement,0FFF0C,valid,1048332,-5,True,
1,1,00001E,1790200901.2038157,39631.0874055,150.36410800000158,candidate-measurement,0FFEFB,valid,1048315,-17,True,
1,1,00001E,1790200901.3958142,39631.2794028,150.5561052999983,candidate-measurement,0FFEF6,valid,1048310,-5,True,
1,1,00001E,1790200901.6038074,39631.4873958,150.76409830000193,candidate-measurement,0FFEEB,valid,1048299,-11,True,
1,1,00001E,1790200901.795224,39631.6788151,150.95551759999944,candidate-measurement,0FFEE7,valid,1048295,-4,True,
1,1,00001E,1790200901.9872112,39631.8708025,151.14750500000082,candidate-measurement,0FFEE3,valid,1048291,-4,True,
1,1,00001E,1790200902.1792152,39632.0628034,151.33950589999586,candidate-measurement,0FFEDD,valid,1048285,-6,True,
1,1,00001E,1790200902.3867874,39632.2703755,151.54707799999596,candidate-measurement,0FFED4,valid,1048276,-9,True,
1,1,00001E,1790200902.5787797,39632.4623689,151.73907139999937,candidate-measurement,0FFECF,valid,1048271,-5,True,
1,1,00001E,1790200902.7707682,39632.6543592,151.931061700001,candidate-measurement,0FFECE,valid,1048270,-1,True,
1,1,00001E,1790200902.978183,39632.8617736,152.13847610000084,candidate-measurement,0FFECC,valid,1048268,-2,True,
1,1,00001E,1790200903.1697583,39633.0533475,152.33004999999685,candidate-measurement,0FFECB,valid,1048267,-1,True,
1,1,00001E,1790200903.3617563,39633.2453448,152.52204730000085,candidate-measurement,0FFECB,valid,1048267,0,True,
1,1,00001E,1790200903.5697389,39633.4533289,152.7300314000022,candidate-measurement,0FFECA,valid,1048266,-1,True,
1,1,00001E,1790200903.7617412,39633.645332,152.92203449999943,candidate-measurement,0FFECA,valid,1048266,0,True,
1,1,00001E,1790200903.9531484,39633.8367397,153.11344219999592,candidate-measurement,0FFECA,valid,1048266,0,True,
1,1,00001E,1790200904.1451423,39634.0287315,153.3054340000017,candidate-measurement,0FFECA,valid,1048266,0,True,
1,1,00001E,1790200904.3527563,39634.2363441,153.51304659999732,candidate-measurement,0FFECA,valid,1048266,0,True,
1,1,00001E,1790200904.544723,39634.4283108,153.70501330000116,candidate-measurement,0FFECA,valid,1048266,0,True,
1,1,00001E,1790200904.7367027,39634.6202913,153.89699380000093,candidate-measurement,0FFEC8,valid,1048264,-2,True,
1,1,00001E,1790200904.9447,39634.8282903,154.1049927999993,candidate-measurement,0FFEBF,valid,1048255,-9,True,
1,1,00001E,1790200905.1361165,39635.0197057,154.29640819999622,candidate-measurement,0FFEBB,valid,1048251,-4,True,
1,1,00001E,1790200905.3281145,39635.211702,154.4884044999999,candidate-measurement,0FFEB9,valid,1048249,-2,True,
1,1,00001E,1790200905.5356817,39635.4192706,154.69597310000245,candidate-measurement,0FFEB7,valid,1048247,-2,True,
1,1,00001E,1790200905.7276814,39635.6112705,154.88797299999715,candidate-measurement,0FFEB7,valid,1048247,0,True,
1,1,00001E,1790200905.9196732,39635.8032604,155.079962900003,candidate-measurement,0FFEB7,valid,1048247,0,True,
1,1,00001E,1790200906.1110873,39635.9946773,155.2713797999968,candidate-measurement,0FFEB7,valid,1048247,0,True,
1,1,00001E,1790200906.319089,39636.2026764,155.47937889999594,candidate-measurement,0FFEB6,valid,1048246,-1,True,
1,1,00001E,1790200906.5110772,39636.3946658,155.671368299998,candidate-measurement,0FFEB4,valid,1048244,-2,True,
1,1,00001E,1790200906.7026436,39636.5862325,155.86293499999738,candidate-measurement,0FFEA2,valid,1048226,-18,True,
1,1,00001E,1790200906.9106352,39636.7942253,156.07092779999948,candidate-measurement,0FFE9D,valid,1048221,-5,True,
1,1,00001E,1790200907.102634,39636.9862243,156.26292680000188,candidate-measurement,0FFE95,valid,1048213,-8,True,
1,1,00001E,1790200907.2946339,39637.1782218,156.45492430000013,candidate-measurement,0FFE90,valid,1048208,-5,True,
1,1,00001E,1790200907.502046,39637.3856339,156.662336399997,candidate-measurement,0FFE8D,valid,1048205,-3,True,
1,1,00001E,1790200907.6940355,39637.5776259,156.85432839999703,candidate-measurement,0FFE8B,valid,1048203,-2,True,
1,1,00001E,1790200907.8856072,39637.769198,157.04590050000115,candidate-measurement,0FFE87,valid,1048199,-4,True,
1,1,00001E,1790200908.0775933,39637.9611848,157.23788729999796,candidate-measurement,0FFE83,valid,1048195,-4,True,
1,1,00001E,1790200908.2850106,39638.1685996,157.44530210000084,candidate-measurement,0FFE7E,valid,1048190,-5,True,
1,1,00001E,1790200908.4770045,39638.3605923,157.63729479999893,candidate-measurement,0FFE7B,valid,1048187,-3,True,
1,1,00001E,1790200908.669004,39638.5525952,157.82929770000192,candidate-measurement,0FFE77,valid,1048183,-4,True,
1,1,00001E,1790200908.8765852,39638.7601746,158.0368770999994,candidate-measurement,0FFE77,valid,1048183,0,True,
1,1,00001E,1790200909.068568,39638.9521577,158.22886019999714,candidate-measurement,0FFE76,valid,1048182,-1,True,
1,1,00001E,1790200909.2605598,39639.1441484,158.42085090000182,candidate-measurement,0FFE76,valid,1048182,0,True,
1,1,00001E,1790200909.4685555,39639.3521441,158.6288465999969,candidate-measurement,0FFE74,valid,1048180,-2,True,
1,1,00001E,1790200909.659966,39639.5435569,158.82025939999585,candidate-measurement,0FFE73,valid,1048179,-1,True,
1,1,00001E,1790200909.8519614,39639.7355528,159.01225529999647,candidate-measurement,0FFE72,valid,1048178,-1,True,
1,1,00001E,1790200910.0439625,39639.9275513,159.20425380000233,candidate-measurement,0FFE71,valid,1048177,-1,True,
1,1,00001E,1790200910.2515314,39640.1351203,159.41182280000066,candidate-measurement,0FFE71,valid,1048177,0,True,
1,1,00001E,1790200910.443523,39640.3271113,159.60381380000035,candidate-measurement,0FFE71,valid,1048177,0,True,
1,1,00001E,1790200910.63551,39640.5191002,159.7958026999986,candidate-measurement,0FFE70,valid,1048176,-1,True,
1,1,00001E,1790200910.843505,39640.7270959,160.00379840000096,candidate-measurement,0FFE70,valid,1048176,0,True,
1,1,00001E,1790200911.0349321,39640.9185206,160.19522309999593,candidate-measurement,0FFE70,valid,1048176,0,True,
1,1,00001E,1790200911.2269146,39641.1105043,160.38720679999824,candidate-measurement,0FFE70,valid,1048176,0,True,
1,1,00001E,1790200911.4344842,39641.3180727,160.59477519999928,candidate-measurement,0FFE70,valid,1048176,0,True,
1,1,00001E,1790200911.6264923,39641.5100804,160.78678290000244,candidate-measurement,0FFE70,valid,1048176,0,True,
1,1,00001E,1790200911.818483,39641.7020715,160.9787740000029,candidate-measurement,0FFE6E,valid,1048174,-2,True,
1,1,00001E,1790200912.0098927,39641.8934814,161.17018390000158,candidate-measurement,0FFE6B,valid,1048171,-3,True,
1,1,00001E,1790200912.2178874,39642.1014756,161.3781780999998,candidate-measurement,0FFE62,valid,1048162,-9,True,
1,1,00001E,1790200912.4098792,39642.293468,161.57017050000286,candidate-measurement,0FFE5F,valid,1048159,-3,True,
1,1,00001E,1790200912.6014574,39642.4850471,161.76174960000208,candidate-measurement,0FFE5D,valid,1048157,-2,True,
1,1,00001E,1790200912.8094447,39642.6930327,161.9697352000003,candidate-measurement,0FFE5D,valid,1048157,0,True,
1,1,00001E,1790200913.0014386,39642.8850299,162.16173239999625,candidate-measurement,0FFE5D,valid,1048157,0,True,
1,1,00001E,1790200913.1928515,39643.0764427,162.35314520000247,candidate-measurement,0FFE5D,valid,1048157,0,True,
1,1,00001E,1790200913.400473,39643.28406,162.5607624999975,candidate-measurement,0FFE5A,valid,1048154,-3,True,
1,1,00001E,1790200913.5924199,39643.4760111,162.75271359999897,candidate-measurement,0FFE49,valid,1048137,-17,True,
1,1,00001E,1790200913.7844152,39643.6680048,162.9447072999974,candidate-measurement,0FFE45,valid,1048133,-4,True,
1,1,00001E,1790200913.976413,39643.860001,163.1367035000003,candidate-measurement,0FFE41,valid,1048129,-4,True,
1,1,00001E,1790200914.1844034,39644.0679943,163.34469679999893,candidate-measurement,0FFE3B,valid,1048123,-6,True,
1,1,00001E,1790200914.3758194,39644.2594074,163.53610990000016,candidate-measurement,0FFE37,valid,1048119,-4,True,
1,1,00001E,1790200914.567808,39644.4513991,163.7281015999979,candidate-measurement,0FFE35,valid,1048117,-2,True,
1,1,00001E,1790200914.7754276,39644.6590184,163.9357209000009,candidate-measurement,0FFE33,valid,1048115,-2,True,
1,1,00001E,1790200914.9673738,39644.8509646,164.12766710000142,candidate-measurement,0FFE32,valid,1048114,-1,True,
1,1,00001E,1790200915.1593719,39645.0429617,164.31966419999662,candidate-measurement,0FFE2F,valid,1048111,-3,True,
1,1,00001E,1790200915.3667874,39645.2503756,164.52707809999993,candidate-measurement,0FFE2C,valid,1048108,-3,True,
1,1,00001E,1790200915.558778,39645.442368,164.719070500003,candidate-measurement,0FFE29,valid,1048105,-3,True,
1,1,00001E,1790200915.7503543,39645.6339444,164.9106468999962,candidate-measurement,0FFE24,valid,1048100,-5,True,
1,1,00001E,1790200915.9423463,39645.8259354,165.1026378999959,candidate-measurement,0FFE21,valid,1048097,-3,True,
1,1,00001E,1790200916.15034,39646.0339299,165.3106323999964,candidate-measurement,0FFE1F,valid,1048095,-2,True,
1,1,00001E,1790200916.3417578,39646.2253458,165.5020482999971,candidate-measurement,0FFE1D,valid,1048093,-2,True,
1,1,00001E,1790200916.5337543,39646.4173452,165.69404770000256,candidate-measurement,0FFE1D,valid,1048093,0,True,
1,1,00001E,1790200916.7413204,39646.6249114,165.9016139000014,candidate-measurement,0FFE1D,valid,1048093,0,True,
1,1,00001E,1790200916.9333107,39646.8169006,166.09360310000193,candidate-measurement,0FFE1B,valid,1048091,-2,True,
1,1,00001E,1790200917.1253033,39647.0088946,166.28559710000263,candidate-measurement,0FFE1B,valid,1048091,0,True,
1,1,00001E,1790200917.3173046,39647.2008929,166.4775953999997,candidate-measurement,0FFE1B,valid,1048091,0,True,
1,1,00001E,1790200917.5247145,39647.408303,166.6850054999959,candidate-measurement,0FFE1B,valid,1048091,0,True,
1,1,00001E,1790200917.7167065,39647.6002959,166.87699840000278,candidate-measurement,0FFE19,valid,1048089,-2,True,
1,1,00001E,1790200917.908283,39647.7918738,167.06857630000013,candidate-measurement,0FFE17,valid,1048087,-2,True,
1,1,00001E,1790200918.116293,39647.9998821,167.27658459999657,candidate-measurement,0FFE17,valid,1048087,0,True,
1,1,00001E,1790200918.308281,39648.1918691,167.46857160000218,candidate-measurement,0FFE17,valid,1048087,0,True,
1,1,00001E,1790200918.5002646,39648.3838531,167.6605555999995,candidate-measurement,0FFE16,valid,1048086,-1,True,
1,1,00001E,1790200918.707668,39648.5912575,167.86795999999595,candidate-measurement,0FFE16,valid,1048086,0,True,
1,1,00001E,1790200918.8996682,39648.7832583,168.0599607999975,candidate-measurement,0FFE16,valid,1048086,0,True,
1,1,00001E,1790200919.091249,39648.9748374,168.25153989999671,candidate-measurement,0FFE16,valid,1048086,0,True,
1,1,00001E,1790200919.283252,39649.1668398,168.4435422999959,candidate-measurement,0FFE16,valid,1048086,0,True,
1,1,00001E,1790200919.4906545,39649.3742434,168.6509459000008,candidate-measurement,0FFE16,valid,1048086,0,True,
1,1,00001E,1790200919.6826494,39649.5662378,168.84294029999728,candidate-measurement,0FFE14,valid,1048084,-2,True,
1,1,00001E,1790200919.8742142,39649.757804,169.03450650000013,candidate-measurement,0FFE14,valid,1048084,0,True,
1,1,00001E,1790200920.0822144,39649.9658029,169.24250539999775,candidate-measurement,0FFE09,valid,1048073,-11,True,
1,1,00001E,1790200920.2742097,39650.1577982,169.43450070000108,candidate-measurement,0FFE05,valid,1048069,-4,True,
1,1,00001E,1790200920.465625,39650.3492134,169.62591589999647,candidate-measurement,0FFE03,valid,1048067,-2,True,
1,1,00001E,1790200920.6732273,39650.5568163,169.83351879999827,candidate-measurement,0FFE03,valid,1048067,0,True,
1,1,00001E,1790200920.8651912,39650.7487791,170.0254816000015,candidate-measurement,0FFE03,valid,1048067,0,True,
1,1,00001E,1790200921.05719,39650.9407786,170.21748110000044,candidate-measurement,0FFE03,valid,1048067,0,True,
1,1,00001E,1790200921.2645931,39651.1481826,170.42488510000112,candidate-measurement,0FFE02,valid,1048066,-1,True,
1,1,00001E,1790200921.4565957,39651.3401838,170.61688629999844,candidate-measurement,0FFDFF,valid,1048063,-3,True,
1,1,00001E,1790200921.6485822,39651.5321705,170.80887300000177,candidate-measurement,0FFDEE,valid,1048046,-17,True,
1,1,00001E,1790200921.840159,39651.7237485,171.00045099999988,candidate-measurement,0FFDEA,valid,1048042,-4,True,
1,1,00001E,1790200922.0481453,39651.9317365,171.20843900000182,candidate-measurement,0FFDE4,valid,1048036,-6,True,
1,1,00001E,1790200922.240134,39652.123725,171.40042749999702,candidate-measurement,0FFDDD,valid,1048029,-7,True,
1,1,00001E,1790200922.431562,39652.3151502,171.5918526999958,candidate-measurement,0FFDDB,valid,1048027,-2,True,
1,1,00001E,1790200922.639544,39652.5231343,171.79983679999714,candidate-measurement,0FFDD9,valid,1048025,-2,True,
1,1,00001E,1790200922.831127,39652.7147163,171.9914187999966,candidate-measurement,0FFDD7,valid,1048023,-2,True,
1,1,00001E,1790200923.0231102,39652.9067014,172.1834039000023,candidate-measurement,0FFDD5,valid,1048021,-2,True,
1,1,00001E,1790200923.2311053,39653.1146964,172.39139889999933,candidate-measurement,0FFDD4,valid,1048020,-1,True,
1,1,00001E,1790200923.4231076,39653.3066962,172.58339870000054,candidate-measurement,0FFDD2,valid,1048018,-2,True,
1,1,00001E,1790200923.6145196,39653.4981083,172.77481080000143,candidate-measurement,0FFDCF,valid,1048015,-3,True,
1,1,00001E,1790200923.8065128,39653.6901007,172.96680319999723,candidate-measurement,0FFDCC,valid,1048012,-3,True,
1,1,00001E,1790200924.0145073,39653.8980958,173.1747983000023,candidate-measurement,0FFDC9,valid,1048009,-3,True,
1,1,00001E,1790200924.2060778,39654.0896674,173.3663699000026,candidate-measurement,0FFDC7,valid,1048007,-2,True,
1,1,00001E,1790200924.3980818,39654.2816698,173.5583723000018,candidate-measurement,0FFDC5,valid,1048005,-2,True,
1,1,00001E,1790200924.6060658,39654.489654,173.76635649999662,candidate-measurement,0FFDC4,valid,1048004,-1,True,
1,1,00001E,1790200924.7974808,39654.681072,173.95777449999878,candidate-measurement,0FFDC3,valid,1048003,-1,True,
1,1,00001E,1790200924.98947,39654.873061,174.1497634999978,candidate-measurement,0FFDC3,valid,1048003,0,True,
1,1,00001E,1790200925.1970613,39655.0806496,174.35735209999984,candidate-measurement,0FFDC3,valid,1048003,0,True,
1,1,00001E,1790200925.3890483,39655.2726364,174.54933889999666,candidate-measurement,0FFDC3,valid,1048003,0,True,
1,1,00001E,1790200925.5810359,39655.464625,174.7413274999999,candidate-measurement,0FFDC2,valid,1048002,-1,True,
1,1,00001E,1790200925.7730348,39655.6566264,174.93332889999874,candidate-measurement,0FFDC2,valid,1048002,0,True,
1,1,00001E,1790200925.9804418,39655.8640325,175.14073500000086,candidate-measurement,0FFDC0,valid,1048000,-2,True,
1,1,00001E,1790200926.172442,39656.0560305,175.33273300000292,candidate-measurement,0FFDC0,valid,1048000,0,True,
1,1,00001E,1790200926.3644328,39656.2480213,175.52472380000108,candidate-measurement,0FFDBF,valid,1047999,-1,True,
1,1,00001E,1790200926.5719929,39656.4555821,175.73228460000246,candidate-measurement,0FFDBD,valid,1047997,-2,True,
1,1,00001E,1790200926.7639925,39656.6475829,175.92428539999673,candidate-measurement,0FFDBD,valid,1047997,0,True,
1,1,00001E,1790200926.9559877,39656.8395769,176.11627939999744,candidate-measurement,0FFDBD,valid,1047997,0,True,
1,1,00001E,1790200927.1479814,39657.0315714,176.30827390000195,candidate-measurement,0FFDBC,valid,1047996,-1,True,
1,1,00001E,1790200927.355403,39657.2389912,176.51569369999925,candidate-measurement,0FFDBC,valid,1047996,0,True,
1,1,00001E,1790200927.5473926,39657.4309812,176.7076836999986,candidate-measurement,0FFDBC,valid,1047996,0,True,
1,1,00001E,1790200927.738968,39657.6225561,176.8992586000022,candidate-measurement,0FFDBC,valid,1047996,0,True,
1,1,00001E,1790200927.9469543,39657.8305449,177.10724740000296,candidate-measurement,0FFDBC,valid,1047996,0,True,
1,1,00001E,1790200928.1389482,39658.0225388,177.2992413000029,candidate-measurement,0FFDBC,valid,1047996,0,True,
1,1,00001E,1790200928.3303723,39658.2139599,177.49066239999956,candidate-measurement,0FFDBB,valid,1047995,-1,True,
1,1,00001E,1790200928.5383568,39658.4219457,177.6986481999993,candidate-measurement,0FFDB5,valid,1047989,-6,True,
1,1,00001E,1790200928.7303495,39658.6139392,177.8906416999962,candidate-measurement,0FFDAE,valid,1047982,-7,True,
1,1,00001E,1790200928.921943,39658.8055344,178.0822369000016,candidate-measurement,0FFDAB,valid,1047979,-3,True,
1,1,00001E,1790200929.113921,39658.997512,178.2742145000011,candidate-measurement,0FFDA9,valid,1047977,-2,True,
1,1,00001E,1790200929.3219197,39659.2055082,178.4822107,candidate-measurement,0FFDA9,valid,1047977,0,True,
1,1,00001E,1790200929.5133297,39659.3969186,178.6736211000025,candidate-measurement,0FFDA9,valid,1047977,0,True,
1,1,00001E,1790200929.70532,39659.5889095,178.86561200000142,candidate-measurement,0FFDA9,valid,1047977,0,True,
1,1,00001E,1790200929.9128928,39659.7964834,179.07318590000068,candidate-measurement,0FFDA5,valid,1047973,-4,True,
1,1,00001E,1790200930.1048925,39659.9884818,179.2651842999985,candidate-measurement,0FFD91,valid,1047953,-20,True,
1,1,00001E,1790200930.296883,39660.1804709,179.45717339999828,candidate-measurement,0FFD8D,valid,1047949,-4,True,
1,1,00001E,1790200930.5048735,39660.3884622,179.66516469999624,candidate-measurement,0FFD84,valid,1047940,-9,True,
1,1,00001E,1790200930.6968708,39660.5804596,179.857162100001,candidate-measurement,0FFD80,valid,1047936,-4,True,
1,1,00001E,1790200930.8882804,39660.7718711,180.04857359999733,candidate-measurement,0FFD7E,valid,1047934,-2,True,
1,1,00001E,1790200931.080276,39660.9638657,180.2405682000026,candidate-measurement,0FFD79,valid,1047929,-5,True,
1,1,00001E,1790200931.2878532,39661.171441,180.44814349999797,candidate-measurement,0FFD75,valid,1047925,-4,True,
1,1,00001E,1790200931.4798486,39661.3634372,180.64013970000087,candidate-measurement,0FFD6D,valid,1047917,-8,True,
1,1,00001E,1790200931.6712575,39661.5548471,180.83154959999956,candidate-measurement,0FFD69,valid,1047913,-4,True,
1,1,00001E,1790200931.8792462,39661.7628364,181.03953889999684,candidate-measurement,0FFD68,valid,1047912,-1,True,
1,1,00001E,1790200932.071243,39661.954832,181.23153450000245,candidate-measurement,0FFD66,valid,1047910,-2,True,
1,1,00001E,1790200932.2628126,39662.146403,181.4231054999982,candidate-measurement,0FFD65,valid,1047909,-1,True,
1,1,00001E,1790200932.4708116,39662.3544004,181.63110289999895,candidate-measurement,0FFD63,valid,1047907,-2,True,
1,1,00001E,1790200932.6628127,39662.5464018,181.8231042999978,candidate-measurement,0FFD63,valid,1047907,0,True,
1,1,00001E,1790200932.854222,39662.7378117,182.01451419999648,candidate-measurement,0FFD63,valid,1047907,0,True,
1,1,00001E,1790200933.04622,39662.9298086,182.20651109999744,candidate-measurement,0FFD62,valid,1047906,-1,True,
1,1,00001E,1790200933.2538002,39663.1373907,182.41409320000093,candidate-measurement,0FFD62,valid,1047906,0,True,
1,1,00001E,1790200933.4457767,39663.3293656,182.60606810000172,candidate-measurement,0FFD62,valid,1047906,0,True,
1,1,00001E,1790200933.637769,39663.521357,182.79805949999718,candidate-measurement,0FFD62,valid,1047906,0,True,
1,1,00001E,1790200933.8457656,39663.7293557,183.00605820000055,candidate-measurement,0FFD62,valid,1047906,0,True,
1,1,00001E,1790200934.0371802,39663.9207714,183.19747389999975,candidate-measurement,0FFD62,valid,1047906,0,True,
1,1,00001E,1790200934.2291934,39664.112782,183.3894844999959,candidate-measurement,0FFD61,valid,1047905,-1,True,
1,1,00001E,1790200934.4367447,39664.320333,183.59703550000268,candidate-measurement,0FFD5A,valid,1047898,-7,True,
1,1,00001E,1790200934.6287436,39664.5123321,183.78903459999856,candidate-measurement,0FFD54,valid,1047892,-6,True,
1,1,00001E,1790200934.8207328,39664.7043237,183.98102620000282,candidate-measurement,0FFD51,valid,1047889,-3,True,
1,1,00001E,1790200935.0127382,39664.8963263,184.17302879999625,candidate-measurement,0FFD4F,valid,1047887,-2,True,
1,1,00001E,1790200935.220142,39665.1037325,184.38043499999912,candidate-measurement,0FFD4F,valid,1047887,0,True,
1,1,00001E,1790200935.4121368,39665.2957248,184.57242730000144,candidate-measurement,0FFD4F,valid,1047887,0,True,
1,1,00001E,1790200935.603713,39665.487301,184.7640035000004,candidate-measurement,0FFD4F,valid,1047887,0,True,
1,1,00001E,1790200935.8117018,39665.6952917,184.97199420000106,candidate-measurement,0FFD4F,valid,1047887,0,True,
1,1,00001E,1790200936.0031219,39665.886712,185.1634144999989,candidate-measurement,0FFD4E,valid,1047886,-1,True,
1,1,00001E,1790200936.1951077,39666.078697,185.35539949999657,candidate-measurement,0FFD3C,valid,1047868,-18,True,
1,1,00001E,1790200936.4026828,39666.2862711,185.56297359999735,candidate-measurement,0FFD37,valid,1047863,-5,True,
1,1,00001E,1790200936.5946772,39666.4782676,185.75497010000254,candidate-measurement,0FFD32,valid,1047858,-5,True,
1,1,00001E,1790200936.7866726,39666.6702634,185.9469659000024,candidate-measurement,0FFD2C,valid,1047852,-6,True,
1,1,00001E,1790200936.9781005,39666.8616886,186.13839110000117,candidate-measurement,0FFD27,valid,1047847,-5,True,
1,1,00001E,1790200937.1860785,39667.0696673,186.34636979999777,candidate-measurement,0FFD25,valid,1047845,-2,True,
1,1,00001E,1790200937.3780808,39667.2616691,186.53837159999966,candidate-measurement,0FFD22,valid,1047842,-3,True,
1,1,00001E,1790200937.5696423,39667.4532332,186.72993570000108,candidate-measurement,0FFD1F,valid,1047839,-3,True,
1,1,00001E,1790200937.7776368,39667.6612258,186.93792830000166,candidate-measurement,0FFD1A,valid,1047834,-5,True,
1,1,00001E,1790200937.9696295,39667.8532188,187.12992130000202,candidate-measurement,0FFD16,valid,1047830,-4,True,
1,1,00001E,1790200938.1610513,39668.0446396,187.3213420999964,candidate-measurement,0FFD13,valid,1047827,-3,True,
1,1,00001E,1790200938.3690455,39668.2526333,187.52933579999808,candidate-measurement,0FFD11,valid,1047825,-2,True,
1,1,00001E,1790200938.5606112,39668.4442015,187.7209040000016,candidate-measurement,0FFD0F,valid,1047823,-2,True,
1,1,00001E,1790200938.7526066,39668.6361959,187.91289839999808,candidate-measurement,0FFD0F,valid,1047823,0,True,
1,1,00001E,1790200938.9445968,39668.828187,188.10488949999854,candidate-measurement,0FFD0E,valid,1047822,-1,True,
1,1,00001E,1790200939.1525972,39669.0361873,188.31288979999954,candidate-measurement,0FFD0D,valid,1047821,-1,True,
1,1,00001E,1790200939.3440173,39669.2276053,188.5043078000017,candidate-measurement,0FFD0B,valid,1047819,-2,True,
1,1,00001E,1790200939.5360057,39669.4195946,188.696297100003,candidate-measurement,0FFD0A,valid,1047818,-1,True,
1,1,00001E,1790200939.7439992,39669.6275889,188.90429140000197,candidate-measurement,0FFD09,valid,1047817,-1,True,
1,1,00001E,1790200939.9359837,39669.819575,189.09627750000072,candidate-measurement,0FFD09,valid,1047817,0,True,
1,1,00001E,1790200940.1275659,39670.0111555,189.28785799999605,candidate-measurement,0FFD09,valid,1047817,0,True,
1,1,00001E,1790200940.3195605,39670.203149,189.47985150000022,candidate-measurement,0FFD08,valid,1047816,-1,True,
1,1,00001E,1790200940.5275502,39670.4111392,189.68784169999708,candidate-measurement,0FFD08,valid,1047816,0,True,
1,1,00001E,1790200940.718968,39670.602556,189.87925849999738,candidate-measurement,0FFD08,valid,1047816,0,True,
1,1,00001E,1790200940.9109588,39670.7945488,190.07125129999622,candidate-measurement,0FFD08,valid,1047816,0,True,
1,1,00001E,1790200941.1185653,39671.0021542,190.2788567000025,candidate-measurement,0FFD08,valid,1047816,0,True,
1,1,00001E,1790200941.3105266,39671.1941155,190.4708180000016,candidate-measurement,0FFD07,valid,1047815,-1,True,
1,1,00001E,1790200941.502516,39671.3861053,190.66280779999943,candidate-measurement,0FFD07,valid,1047815,0,True,
1,1,00001E,1790200941.7105167,39671.5941066,190.87080910000077,candidate-measurement,0FFD03,valid,1047811,-4,True,
1,1,00001E,1790200941.9019256,39671.7855149,191.06221740000183,candidate-measurement,0FFCFD,valid,1047805,-6,True,
1,1,00001E,1790200942.093921,39671.9775096,191.2542121000006,candidate-measurement,0FFCFA,valid,1047802,-3,True,
1,1,00001E,1790200942.2855008,39672.1690887,191.4457911999998,candidate-measurement,0FFCF8,valid,1047800,-2,True,
1,1,00001E,1790200942.4934912,39672.3770792,191.65378169999894,candidate-measurement,0FFCF7,valid,1047799,-1,True,
1,1,00001E,1790200942.6854846,39672.5690729,191.84577539999736,candidate-measurement,0FFCF7,valid,1047799,0,True,
1,1,00001E,1790200942.8774807,39672.7610691,192.03777160000027,candidate-measurement,0FFCF5,valid,1047797,-2,True,
1,1,00001E,1790200943.084902,39672.96849,192.24519249999867,candidate-measurement,0FFCF5,valid,1047797,0,True,
1,1,00001E,1790200943.2768922,39673.1604807,192.43718319999607,candidate-measurement,0FFCF5,valid,1047797,0,True,
1,1,00001E,1790200943.4684608,39673.3520491,192.62875160000112,candidate-measurement,0FFCF5,valid,1047797,0,True,
1,1,00001E,1790200943.6764507,39673.560041,192.83674349999637,candidate-measurement,0FFCF5,valid,1047797,0,True,
1,1,00001E,1790200943.8844457,39673.7680342,193.04473670000152,candidate-measurement,0FFCF5,valid,1047797,0,True,
1,1,00001E,1790200944.0764434,39673.9600331,193.23673559999588,candidate-measurement,0FFCF5,valid,1047797,0,True,
1,1,00001E,1790200944.2678504,39674.1514408,193.42814329999965,candidate-measurement,0FFCE3,valid,1047779,-18,True,
1,1,00001E,1790200944.459845,39674.3434341,193.6201366000023,candidate-measurement,0FFCDC,valid,1047772,-7,True,
1,1,00001E,1790200944.6514204,39674.5350095,193.81171200000244,candidate-measurement,0FFCD8,valid,1047768,-4,True,
1,1,00001E,1790200944.8434153,39674.7270043,194.00370680000196,candidate-measurement,0FFCD0,valid,1047760,-8,True,
1,1,00001E,1790200945.0514176,39674.9350076,194.2117100999967,candidate-measurement,0FFCCC,valid,1047756,-4,True,
1,1,00001E,1790200945.2428179,39675.1264078,194.40311030000157,candidate-measurement,0FFCCA,valid,1047754,-2,True,
1,1,00001E,1790200945.434817,39675.3184057,194.59510820000287,candidate-measurement,0FFCC6,valid,1047750,-4,True,
1,1,00001E,1790200945.6423905,39675.5259802,194.80268269999942,candidate-measurement,0FFCC1,valid,1047745,-5,True,
1,1,00001E,1790200945.834379,39675.7179693,194.9946717999992,candidate-measurement,0FFCBC,valid,1047740,-5,True,
1,1,00001E,1790200946.0263636,39675.9099543,195.18665679999685,candidate-measurement,0FFCB8,valid,1047736,-4,True,
1,1,00001E,1790200946.2177866,39676.1013764,195.37807890000113,candidate-measurement,0FFCB5,valid,1047733,-3,True,
1,1,00001E,1790200946.4257815,39676.3093699,195.58607240000129,candidate-measurement,0FFCB5,valid,1047733,0,True,
1,1,00001E,1790200946.6173527,39676.5009424,195.77764490000118,candidate-measurement,0FFCB4,valid,1047732,-1,True,
1,1,00001E,1790200946.8093503,39676.6929382,195.96964070000104,candidate-measurement,0FFCB3,valid,1047731,-1,True,
1,1,00001E,1790200947.0173428,39676.9009332,196.17763569999806,candidate-measurement,0FFCB1,valid,1047729,-2,True,
1,1,00001E,1790200947.2087739,39677.0923607,196.3690631999998,candidate-measurement,0FFCAF,valid,1047727,-2,True,
1,1,00001E,1790200947.4007509,39677.2843395,196.56104200000118,candidate-measurement,0FFCAF,valid,1047727,0,True,
1,1,00001E,1790200947.6083505,39677.491941,196.7686434999996,candidate-measurement,0FFCAE,valid,1047726,-1,True,
1,1,00001E,1790200947.8003109,39677.6839021,196.96060459999717,candidate-measurement,0FFCAE,valid,1047726,0,True,
1,1,00001E,1790200947.9923139,39677.8759019,197.15260439999838,candidate-measurement,0FFCAE,valid,1047726,0,True,
1,1,00001E,1790200948.1843114,39678.0678995,197.3446019999974,candidate-measurement,0FFCAE,valid,1047726,0,True,
1,1,00001E,1790200948.3917313,39678.2753195,197.5520219999962,candidate-measurement,0FFCAE,valid,1047726,0,True,
1,1,00001E,1790200948.5836995,39678.467291,197.74399350000022,candidate-measurement,0FFCAE,valid,1047726,0,True,
1,1,00001E,1790200948.7752786,39678.6588696,197.9355721000029,candidate-measurement,0FFCAD,valid,1047725,-1,True,
1,1,00001E,1790200948.9832828,39678.8668713,198.1435738,candidate-measurement,0FFCA3,valid,1047715,-10,True,
1,1,00001E,1790200949.1752684,39679.0588585,198.33556099999987,candidate-measurement,0FFC9F,valid,1047711,-4,True,
1,1,00001E,1790200949.3672664,39679.2508549,198.52755739999702,candidate-measurement,0FFC9D,valid,1047709,-2,True,
1,1,00001E,1790200949.5746934,39679.4582829,198.73498539999855,candidate-measurement,0FFC9B,valid,1047707,-2,True,
1,1,00001E,1790200949.7666807,39679.6502682,198.9269706999985,candidate-measurement,0FFC9B,valid,1047707,0,True,
1,1,00001E,1790200949.9582486,39679.8418366,199.11853909999627,candidate-measurement,0FFC9B,valid,1047707,0,True,
1,1,00001E,1790200950.1502404,39680.0338304,199.31053290000273,candidate-measurement,0FFC9B,valid,1047707,0,True,
1,1,00001E,1790200950.3576593,39680.2412468,199.51794929999596,candidate-measurement,0FFC9B,valid,1047707,0,True,
1,1,00001E,1790200950.549647,39680.4332358,199.70993830000225,candidate-measurement,0FFC9B,valid,1047707,0,True,
1,1,00001E,1790200950.741642,39680.6252315,199.90193400000135,candidate-measurement,0FFC98,valid,1047704,-3,True,
1,1,00001E,1790200950.9496322,39680.8332225,200.10992499999702,candidate-measurement,0FFC83,valid,1047683,-21,True,
1,1,00001E,1790200951.141206,39681.0247953,200.3014977999992,candidate-measurement,0FFC7E,valid,1047678,-5,True,
1,1,00001E,1790200951.3332107,39681.2167985,200.4935009999972,candidate-measurement,0FFC77,valid,1047671,-7,True,
1,1,00001E,1790200951.5406113,39681.4242024,200.7009048999971,candidate-measurement,0FFC73,valid,1047667,-4,True,
1,1,00001E,1790200951.732609,39681.6161998,200.89290230000188,candidate-measurement,0FFC71,valid,1047665,-2,True,
1,1,00001E,1790200951.9246044,39681.8081921,201.08489459999691,candidate-measurement,0FFC6D,valid,1047661,-4,True,
1,1,00001E,1790200952.1161802,39681.99977,201.27647250000155,candidate-measurement,0FFC6A,valid,1047658,-3,True,
1,1,00001E,1790200952.324173,39682.2077614,201.48446390000026,candidate-measurement,0FFC63,valid,1047651,-7,True,
1,1,00001E,1790200952.5161629,39682.3997529,201.67645539999648,candidate-measurement,0FFC5E,valid,1047646,-5,True,
1,1,00001E,1790200952.7075763,39682.5911667,201.86786919999577,candidate-measurement,0FFC5B,valid,1047643,-3,True,
1,1,00001E,1790200952.9155703,39682.7991598,202.07586230000015,candidate-measurement,0FFC5B,valid,1047643,0,True,
1,1,00001E,1790200953.1075678,39682.9911563,202.26785879999807,candidate-measurement,0FFC59,valid,1047641,-2,True,
1,1,00001E,1790200953.2991388,39683.1827285,202.45943100000295,candidate-measurement,0FFC59,valid,1047641,0,True,
1,1,00001E,1790200953.5071356,39683.3907248,202.6674273000026,candidate-measurement,0FFC58,valid,1047640,-1,True,
1,1,00001E,1790200953.7145407,39683.5981295,202.87483200000133,candidate-measurement,0FFC56,valid,1047638,-2,True,
1,1,00001E,1790200953.906532,39683.7901211,203.06682359999832,candidate-measurement,0FFC55,valid,1047637,-1,True,
1,1,00001E,1790200954.0981178,39683.9817072,203.2584096999999,candidate-measurement,0FFC55,valid,1047637,0,True,
1,1,00001E,1790200954.2901032,39684.1736919,203.45039440000255,candidate-measurement,0FFC54,valid,1047636,-1,True,
1,1,00001E,1790200954.4821067,39684.3656951,203.64239760000055,candidate-measurement,0FFC54,valid,1047636,0,True,
1,1,00001E,1790200954.6735117,39684.5571024,203.83380490000127,candidate-measurement,0FFC54,valid,1047636,0,True,
1,1,00001E,1790200954.8815162,39684.7651065,204.0418090000021,candidate-measurement,0FFC54,valid,1047636,0,True,
1,1,00001E,1790200955.0730832,39684.956671,204.2333734999993,candidate-measurement,0FFC54,valid,1047636,0,True,
1,1,00001E,1790200955.2650993,39685.1486878,204.42539029999898,candidate-measurement,0FFC54,valid,1047636,0,True,
1,1,00001E,1790200955.4730682,39685.3566565,204.63335899999947,candidate-measurement,0FFC53,valid,1047635,-1,True,
1,1,00001E,1790200955.6804824,39685.5640709,204.8407733999993,candidate-measurement,0FFC4C,valid,1047628,-7,True,
1,1,00001E,1790200955.8724768,39685.7560669,205.0327694000007,candidate-measurement,0FFC46,valid,1047622,-6,True,
1,1,00001E,1790200956.0640461,39685.9476358,205.22433830000227,candidate-measurement,0FFC43,valid,1047619,-3,True,
1,1,00001E,1790200956.2560394,39686.139628,205.41633049999655,candidate-measurement,0FFC41,valid,1047617,-2,True,
1,1,00001E,1790200956.4480405,39686.3316288,205.6083312999981,candidate-measurement,0FFC41,valid,1047617,0,True,
1,1,00001E,1790200956.6400323,39686.523622,205.8003245,candidate-measurement,0FFC41,valid,1047617,0,True,
1,1,00001E,1790200956.8474433,39686.7310312,206.0077336999966,candidate-measurement,0FFC41,valid,1047617,0,True,
1,1,00001E,1790200957.0394356,39686.9230255,206.1997279999996,candidate-measurement,0FFC40,valid,1047616,-1,True,
1,1,00001E,1790200957.2310092,39687.1145975,206.39130000000296,candidate-measurement,0FFC3B,valid,1047611,-5,True,
1,1,00001E,1790200957.439002,39687.3225901,206.59929259999626,candidate-measurement,0FFC2B,valid,1047595,-16,True,
1,1,00001E,1790200957.6309927,39687.5145821,206.7912845999963,candidate-measurement,0FFC27,valid,1047591,-4,True,
1,1,00001E,1790200957.8229914,39687.7065803,206.98328279999987,candidate-measurement,0FFC1F,valid,1047583,-8,True,
1,1,00001E,1790200958.014407,39687.8979951,207.1746975999995,candidate-measurement,0FFC1B,valid,1047579,-4,True,
1,1,00001E,1790200958.222018,39688.1056068,207.38230930000282,candidate-measurement,0FFC19,valid,1047577,-2,True,
1,1,00001E,1790200958.4139779,39688.2975664,207.57426889999624,candidate-measurement,0FFC16,valid,1047574,-3,True,
1,1,00001E,1790200958.6059656,39688.4895561,207.76625860000058,candidate-measurement,0FFC13,valid,1047571,-3,True,
1,1,00001E,1790200958.8139558,39688.6975463,207.97424879999744,candidate-measurement,0FFC0F,valid,1047567,-4,True,
1,1,00001E,1790200959.0053773,39688.8889658,208.16566829999647,candidate-measurement,0FFC09,valid,1047561,-6,True,
1,1,00001E,1790200959.1973634,39689.0809531,208.3576555999971,candidate-measurement,0FFC05,valid,1047557,-4,True,
1,1,00001E,1790200959.4049425,39689.2885311,208.56523359999846,candidate-measurement,0FFC01,valid,1047553,-4,True,
1,1,00001E,1790200959.5969381,39689.4805271,208.75722959999985,candidate-measurement,0FFC00,valid,1047552,-1,True,
1,1,00001E,1790200959.788927,39689.6725161,208.94921859999886,candidate-measurement,0FFBFF,valid,1047551,-1,True,
1,1,00001E,1790200959.9803488,39689.8639366,209.14063909999822,candidate-measurement,0FFBFE,valid,1047550,-1,True,
1,1,00001E,1790200960.1883395,39690.0719292,209.3486316999988,candidate-measurement,0FFBFC,valid,1047548,-2,True,
1,1,00001E,1790200960.3799174,39690.2635059,209.54020840000157,candidate-measurement,0FFBFB,valid,1047547,-1,True,
1,1,00001E,1790200960.5718982,39690.4554889,209.73219139999856,candidate-measurement,0FFBFB,valid,1047547,0,True,
1,1,00001E,1790200960.7798939,39690.6634831,209.94018559999677,candidate-measurement,0FFBFB,valid,1047547,0,True,
1,1,00001E,1790200960.971886,39690.8554764,210.13217889999942,candidate-measurement,0FFBFA,valid,1047546,-1,True,
1,1,00001E,1790200961.1638865,39691.0474769,210.32417939999868,candidate-measurement,0FFBFA,valid,1047546,0,True,
1,1,00001E,1790200961.3558803,39691.2394689,210.5161713999987,candidate-measurement,0FFBFA,valid,1047546,0,True,
1,1,00001E,1790200961.5632863,39691.4468754,210.7235778999966,candidate-measurement,0FFBFA,valid,1047546,0,True,
1,1,00001E,1790200961.7552843,39691.6388745,210.91557699999976,candidate-measurement,0FFBF9,valid,1047545,-1,True,
1,1,00001E,1790200961.9468575,39691.8304483,211.10715080000227,candidate-measurement,0FFBF9,valid,1047545,0,True,
1,1,00001E,1790200962.154855,39692.0384436,211.31514610000158,candidate-measurement,0FFBF2,valid,1047538,-7,True,
1,1,00001E,1790200962.346854,39692.2304414,211.50714390000212,candidate-measurement,0FFBED,valid,1047533,-5,True,
1,1,00001E,1790200962.5382602,39692.4218488,211.69855129999632,candidate-measurement,0FFBEA,valid,1047530,-3,True,
1,1,00001E,1790200962.7462714,39692.6298615,211.90656399999716,candidate-measurement,0FFBE9,valid,1047529,-1,True,
1,1,00001E,1790200962.9382446,39692.8218353,212.09853779999685,candidate-measurement,0FFBE7,valid,1047527,-2,True,
1,1,00001E,1790200963.129813,39693.0134016,212.29010410000046,candidate-measurement,0FFBE7,valid,1047527,0,True,
1,1,00001E,1790200963.3218205,39693.2054094,212.4821118999971,candidate-measurement,0FFBE7,valid,1047527,0,True,
1,1,00001E,1790200963.529809,39693.4133983,212.69010079999862,candidate-measurement,0FFBE7,valid,1047527,0,True,
1,1,00001E,1790200963.7212133,39693.6048044,212.88150689999748,candidate-measurement,0FFBE7,valid,1047527,0,True,
1,1,00001E,1790200963.913214,39693.7968049,213.07350739999674,candidate-measurement,0FFBE7,valid,1047527,0,True,
1,1,00001E,1790200964.1212285,39694.0048173,213.28151980000257,candidate-measurement,0FFBE6,valid,1047526,-1,True,
1,1,00001E,1790200964.3127842,39694.196373,213.47307549999823,candidate-measurement,0FFBE2,valid,1047522,-4,True,
1,1,00001E,1790200964.504766,39694.3883562,213.66505869999673,candidate-measurement,0FFBCF,valid,1047503,-19,True,
1,1,00001E,1790200964.7127662,39694.5963568,213.87305930000002,candidate-measurement,0FFBCA,valid,1047498,-5,True,
1,1,00001E,1790200964.9202054,39694.8037934,214.08049590000155,candidate-measurement,0FFBC2,valid,1047490,-8,True,
1,1,00001E,1790200965.1121814,39694.9957697,214.27247219999845,candidate-measurement,0FFBBE,valid,1047486,-4,True,
1,1,00001E,1790200965.3041744,39695.1877623,214.46446479999577,candidate-measurement,0FFBBC,valid,1047484,-2,True,
1,1,00001E,1790200965.4957473,39695.3793354,214.65603790000023,candidate-measurement,0FFBB8,valid,1047480,-4,True,
1,1,00001E,1790200965.6877422,39695.5713306,214.8480331000028,candidate-measurement,0FFBB5,valid,1047477,-3,True,
1,1,00001E,1790200965.879734,39695.7633219,215.0400243999975,candidate-measurement,0FFBAE,valid,1047470,-7,True,
1,1,00001E,1790200966.087726,39695.9713146,215.24801709999883,candidate-measurement,0FFBAA,valid,1047466,-4,True,
1,1,00001E,1790200966.2791424,39696.1627306,215.43943310000031,candidate-measurement,0FFBA7,valid,1047463,-3,True,
1,1,00001E,1790200966.4711413,39696.3547288,215.63143129999662,candidate-measurement,0FFBA6,valid,1047462,-1,True,
1,1,00001E,1790200966.6787124,39696.5623003,215.83900279999943,candidate-measurement,0FFBA6,valid,1047462,0,True,
1,1,00001E,1790200966.8707008,39696.7542911,216.0309935999976,candidate-measurement,0FFBA5,valid,1047461,-1,True,
1,1,00001E,1790200967.0626926,39696.9462827,216.22298520000186,candidate-measurement,0FFBA3,valid,1047459,-2,True,
1,1,00001E,1790200967.2546847,39697.1382735,216.41497600000002,candidate-measurement,0FFBA2,valid,1047458,-1,True,
1,1,00001E,1790200967.462107,39697.345695,216.622397500003,candidate-measurement,0FFBA1,valid,1047457,-1,True,
1,1,00001E,1790200967.6540904,39697.5376813,216.814383799996,candidate-measurement,0FFBA1,valid,1047457,0,True,
1,1,00001E,1790200967.8456702,39697.7292605,217.00596299999597,candidate-measurement,0FFBA1,valid,1047457,0,True,
1,1,00001E,1790200968.0536597,39697.9372479,217.2139504000006,candidate-measurement,0FFBA0,valid,1047456,-1,True,
1,1,00001E,1790200968.2456582,39698.1292464,217.4059488999992,candidate-measurement,0FFBA0,valid,1047456,0,True,
1,1,00001E,1790200968.4370713,39698.3206597,217.59736220000195,candidate-measurement,0FFBA0,valid,1047456,0,True,
1,1,00001E,1790200968.6450655,39698.5286553,217.80535779999627,candidate-measurement,0FFBA0,valid,1047456,0,True,
1,1,00001E,1790200968.8370502,39698.7206383,217.99734080000053,candidate-measurement,0FFBA0,valid,1047456,0,True,
1,1,00001E,1790200969.0286293,39698.9122189,218.18892139999662,candidate-measurement,0FFBA0,valid,1047456,0,True,
1,1,00001E,1790200969.2206306,39699.104219,218.3809215000001,candidate-measurement,0FFB9E,valid,1047454,-2,True,
1,1,00001E,1790200969.428619,39699.3122079,218.58891040000162,candidate-measurement,0FFB9E,valid,1047454,0,True,
1,1,00001E,1790200969.620032,39699.5036223,218.7803247999982,candidate-measurement,0FFB95,valid,1047445,-9,True,
1,1,00001E,1790200969.8120158,39699.6956072,218.97230970000237,candidate-measurement,0FFB91,valid,1047441,-4,True,
1,1,00001E,1790200970.0200205,39699.9036088,219.18031129999872,candidate-measurement,0FFB8F,valid,1047439,-2,True,
1,1,00001E,1790200970.2115915,39700.0951808,219.37188330000208,candidate-measurement,0FFB8D,valid,1047437,-2,True,
1,1,00001E,1790200970.4035935,39700.2871819,219.56388439999864,candidate-measurement,0FFB8D,valid,1047437,0,True,
1,1,00001E,1790200970.6110106,39700.494601,219.77130349999788,candidate-measurement,0FFB8D,valid,1047437,0,True,
1,1,00001E,1790200970.802991,39700.6865803,219.9632827999958,candidate-measurement,0FFB8D,valid,1047437,0,True,
1,1,00001E,1790200970.9949956,39700.8785837,220.1552862000026,candidate-measurement,0FFB8D,valid,1047437,0,True,
1,1,00001E,1790200971.1865628,39701.0701524,220.34685490000265,candidate-measurement,0FFB8C,valid,1047436,-1,True,
1,1,00001E,1790200971.3945584,39701.2781465,220.5548490000001,candidate-measurement,0FFB89,valid,1047433,-3,True,
1,1,00001E,1790200971.586551,39701.4701393,220.74684179999895,candidate-measurement,0FFB75,valid,1047413,-20,True,
1,1,00001E,1790200971.7779534,39701.6615446,220.938247099999,candidate-measurement,0FFB70,valid,1047408,-5,True,
1,1,00001E,1790200971.985958,39701.8695474,221.1462498999972,candidate-measurement,0FFB67,valid,1047399,-9,True,
1,1,00001E,1790200972.177946,39702.0615354,221.33823789999587,candidate-measurement,0FFB64,valid,1047396,-3,True,
1,1,00001E,1790200972.3695254,39702.2531135,221.52981600000203,candidate-measurement,0FFB62,valid,1047394,-2,True,
1,1,00001E,1790200972.5775163,39702.4611053,221.73780779999652,candidate-measurement,0FFB5F,valid,1047391,-3,True,
1,1,00001E,1790200972.7695086,39702.653099,221.9298015000022,candidate-measurement,0FFB5B,valid,1047387,-4,True,
1,1,00001E,1790200972.96092,39702.8445108,222.12121330000082,candidate-measurement,0FFB58,valid,1047384,-3,True,
1,1,00001E,1790200973.1529236,39703.036513,222.31321549999848,candidate-measurement,0FFB53,valid,1047379,-5,True,
1,1,00001E,1790200973.360493,39703.244081,222.52078349999647,candidate-measurement,0FFB50,valid,1047376,-3,True,
1,1,00001E,1790200973.5524912,39703.4360809,222.71278339999844,candidate-measurement,0FFB4E,valid,1047374,-2,True,
1,1,00001E,1790200973.7444737,39703.6280635,222.90476599999965,candidate-measurement,0FFB4D,valid,1047373,-1,True,
1,1,00001E,1790200973.9518888,39703.8354795,223.11218199999712,candidate-measurement,0FFB4D,valid,1047373,0,True,
1,1,00001E,1790200974.143886,39704.0274747,223.30417719999969,candidate-measurement,0FFB4D,valid,1047373,0,True,
1,1,00001E,1790200974.3358881,39704.2194762,223.4961786999993,candidate-measurement,0FFB4B,valid,1047371,-2,True,
1,1,00001E,1790200974.5434532,39704.4270438,223.7037463000015,candidate-measurement,0FFB4B,valid,1047371,0,True,
1,1,00001E,1790200974.7354405,39704.6190315,223.8957339999979,candidate-measurement,0FFB4B,valid,1047371,0,True,
1,1,00001E,1790200974.9274433,39704.8110319,224.0877343999964,candidate-measurement,0FFB49,valid,1047369,-2,True,
1,1,00001E,1790200975.118862,39705.0024502,224.27915270000085,candidate-measurement,0FFB47,valid,1047367,-2,True,
1,1,00001E,1790200975.32685,39705.210438,224.48714050000126,candidate-measurement,0FFB47,valid,1047367,0,True,
1,1,00001E,1790200975.5188415,39705.4024306,224.67913309999858,candidate-measurement,0FFB46,valid,1047366,-1,True,
1,1,00001E,1790200975.7104135,39705.5940028,224.8707052999962,candidate-measurement,0FFB46,valid,1047366,0,True,
1,1,00001E,1790200975.9184039,39705.8019931,225.07869560000108,candidate-measurement,0FFB46,valid,1047366,0,True,
1,1,00001E,1790200976.1103976,39705.993988,225.27069050000136,candidate-measurement,0FFB46,valid,1047366,0,True,
1,1,00001E,1790200976.3018198,39706.1854081,225.4621105999977,candidate-measurement,0FFB46,valid,1047366,0,True,
1,1,00001E,1790200976.4938102,39706.3773991,225.65410159999738,candidate-measurement,0FFB44,valid,1047364,-2,True,
1,1,00001E,1790200976.7013953,39706.5849834,225.8616858999958,candidate-measurement,0FFB44,valid,1047364,0,True,
1,1,00001E,1790200976.8933735,39706.7769635,226.0536659999998,candidate-measurement,0FFB3F,valid,1047359,-5,True,
1,1,00001E,1790200977.0853724,39706.9689633,226.245665800001,candidate-measurement,0FFB36,valid,1047350,-9,True,
1,1,00001E,1790200977.292795,39707.1763831,226.4530855999983,candidate-measurement,0FFB33,valid,1047347,-3,True,
1,1,00001E,1790200977.4847753,39707.3683644,226.6450668999969,candidate-measurement,0FFB33,valid,1047347,0,True,
1,1,00001E,1790200977.6763484,39707.5599387,226.83664119999594,candidate-measurement,0FFB33,valid,1047347,0,True,
1,1,00001E,1790200977.8843422,39707.7679324,227.04463489999762,candidate-measurement,0FFB33,valid,1047347,0,True,
1,1,00001E,1790200978.0763345,39707.9599246,227.23662709999917,candidate-measurement,0FFB2F,valid,1047343,-4,True,
1,1,00001E,1790200978.2677588,39708.1513474,227.4280499000015,candidate-measurement,0FFB1E,valid,1047326,-17,True,
1,1,00001E,1790200978.4597495,39708.3433377,227.62004019999586,candidate-measurement,0FFB19,valid,1047321,-5,True,
1,1,00001E,1790200978.6673362,39708.5509263,227.8276287999979,candidate-measurement,0FFB12,valid,1047314,-7,True,
1,1,00001E,1790200978.8593132,39708.742904,228.0196064999982,candidate-measurement,0FFB0D,valid,1047309,-5,True,
1,1,00001E,1790200979.0512996,39708.9348911,228.2115935999973,candidate-measurement,0FFB0A,valid,1047306,-3,True,
1,1,00001E,1790200979.2587235,39709.1423126,228.41901510000025,candidate-measurement,0FFB08,valid,1047304,-2,True,
1,1,00001E,1790200979.4507148,39709.3343028,228.61100530000112,candidate-measurement,0FFB05,valid,1047301,-3,True,
1,1,00001E,1790200979.6422813,39709.5258714,228.80257390000043,candidate-measurement,0FFB03,valid,1047299,-2,True,
1,1,00001E,1790200979.8502781,39709.7338683,229.01057079999737,candidate-measurement,0FFAFF,valid,1047295,-4,True,
1,1,00001E,1790200980.042284,39709.9258725,229.20257500000298,candidate-measurement,0FFAFD,valid,1047293,-2,True,
1,1,00001E,1790200980.2336998,39710.1172891,229.39399160000175,candidate-measurement,0FFAF9,valid,1047289,-4,True,
1,1,00001E,1790200980.4256806,39710.3092693,229.58597179999924,candidate-measurement,0FFAF7,valid,1047287,-2,True,
1,1,00001E,1790200980.633677,39710.5172671,229.79396959999576,candidate-measurement,0FFAF5,valid,1047285,-2,True,
1,1,00001E,1790200980.8256752,39710.7092648,229.9859673000028,candidate-measurement,0FFAF3,valid,1047283,-2,True,
1,1,00001E,1790200981.0172417,39710.9008289,230.17753139999695,candidate-measurement,0FFAF3,valid,1047283,0,True,
1,1,00001E,1790200981.2252333,39711.108823,230.38552550000168,candidate-measurement,0FFAF3,valid,1047283,0,True,
1,1,00001E,1790200981.4172316,39711.30082,230.57752249999612,candidate-measurement,0FFAF2,valid,1047282,-1,True,
1,1,00001E,1790200981.6086438,39711.4922336,230.76893610000116,candidate-measurement,0FFAF2,valid,1047282,0,True,
1,1,00001E,1790200981.8162632,39711.6998513,230.97655379999924,candidate-measurement,0FFAF2,valid,1047282,0,True,
1,1,00001E,1790200982.0082204,39711.8918083,231.16851080000197,candidate-measurement,0FFAF1,valid,1047281,-1,True,
1,1,00001E,1790200982.2002017,39712.0837927,231.36049520000233,candidate-measurement,0FFAEF,valid,1047279,-2,True,
1,1,00001E,1790200982.3916235,39712.275212,231.55191449999984,candidate-measurement,0FFAEE,valid,1047278,-1,True,
1,1,00001E,1790200982.5991912,39712.4827795,231.7594820000013,candidate-measurement,0FFAED,valid,1047277,-1,True,
1,1,00001E,1790200982.7911944,39712.674782,231.95148450000124,candidate-measurement,0FFAED,valid,1047277,0,True,
1,1,00001E,1790200982.98319,39712.8667782,232.14348069999687,candidate-measurement,0FFAED,valid,1047277,0,True,
1,1,00001E,1790200983.1911592,39713.0747504,232.3514529000022,candidate-measurement,0FFAEC,valid,1047276,-1,True,
1,1,00001E,1790200983.3825889,39713.266177,232.54287949999707,candidate-measurement,0FFAEC,valid,1047276,0,True,
1,1,00001E,1790200983.5745778,39713.4581681,232.73487059999752,candidate-measurement,0FFAEC,valid,1047276,0,True,
1,1,00001E,1790200983.7821598,39713.6657478,232.9424502999973,candidate-measurement,0FFAEC,valid,1047276,0,True,
1,1,00001E,1790200983.974173,39713.8577644,233.13446690000274,candidate-measurement,0FFAEC,valid,1047276,0,True,
1,1,00001E,1790200984.1661487,39714.0497364,233.326438899996,candidate-measurement,0FFAEC,valid,1047276,0,True,
1,1,00001E,1790200984.357562,39714.2411502,233.51785270000255,candidate-measurement,0FFAEC,valid,1047276,0,True,
1,1,00001E,1790200984.565541,39714.4491291,233.72583160000067,candidate-measurement,0FFAEA,valid,1047274,-2,True,
1,1,00001E,1790200984.757539,39714.6411293,233.91783179999766,candidate-measurement,0FFAE6,valid,1047270,-4,True,
1,1,00001E,1790200984.9491246,39714.8327037,234.10940619999747,candidate-measurement,0FFADF,valid,1047263,-7,True,
1,1,00001E,1790200985.1571105,39715.0406996,234.31740210000135,candidate-measurement,0FFADB,valid,1047259,-4,True,
1,1,00001E,1790200985.3491046,39715.2326933,234.50939579999977,candidate-measurement,0FFADA,valid,1047258,-1,True,
1,1,00001E,1790200985.541095,39715.4246837,234.70138620000216,candidate-measurement,0FFADA,valid,1047258,0,True,
1,1,00001E,1790200985.7485054,39715.6320959,234.9087983999998,candidate-measurement,0FFAD9,valid,1047257,-1,True,
1,1,00001E,1790200985.9405105,39715.8240992,235.10080169999856,candidate-measurement,0FFAD8,valid,1047256,-1,True,
1,1,00001E,1790200986.1320755,39716.0156665,235.2923690000025,candidate-measurement,0FFAD3,valid,1047251,-5,True,
1,1,00001E,1790200986.324077,39716.2076654,235.48436789999687,candidate-measurement,0FFAC6,valid,1047238,-13,True,
1,1,00001E,1790200986.5320654,39716.4156542,235.69235669999762,candidate-measurement,0FFAC3,valid,1047235,-3,True,
1,1,00001E,1790200986.7234766,39716.6070676,235.88377010000113,candidate-measurement,0FFAC0,valid,1047232,-3,True,
1,1,00001E,1790200986.9154723,39716.7990613,236.07576379999955,candidate-measurement,0FFABD,valid,1047229,-3,True,
1,1,00001E,1790200987.1230402,39717.0066308,236.2833333000017,candidate-measurement,0FFAB9,valid,1047225,-4,True,
1,1,00001E,1790200987.3150458,39717.1986342,236.4753367000012,candidate-measurement,0FFAB5,valid,1047221,-4,True,
1,1,00001E,1790200987.5070527,39717.39064,236.66734249999718,candidate-measurement,0FFAB3,valid,1047219,-2,True,
1,1,00001E,1790200987.7150242,39717.5986126,236.87531509999826,candidate-measurement,0FFAB3,valid,1047219,0,True,
1,1,00001E,1790200987.922445,39717.8060333,237.0827358000024,candidate-measurement,0FFAB1,valid,1047217,-2,True,
1,1,00001E,1790200988.1144357,39717.9980261,237.27472860000125,candidate-measurement,0FFAAF,valid,1047215,-2,True,
1,1,00001E,1790200988.3060079,39718.189596,237.4662984999959,candidate-measurement,0FFAAE,valid,1047214,-1,True,
1,1,00001E,1790200988.4980083,39718.3815964,237.65829890000168,candidate-measurement,0FFAAC,valid,1047212,-2,True,
1,1,00001E,1790200988.6899877,39718.5735786,237.85028109999985,candidate-measurement,0FFAAB,valid,1047211,-1,True,
1,1,00001E,1790200988.8814142,39718.7650038,238.04170629999862,candidate-measurement,0FFAA9,valid,1047209,-2,True,
1,1,00001E,1790200989.0889778,39718.972568,238.24927049999678,candidate-measurement,0FFAA6,valid,1047206,-3,True,
1,1,00001E,1790200989.280984,39719.1645734,238.44127589999698,candidate-measurement,0FFAA4,valid,1047204,-2,True,
1,1,00001E,1790200989.4729764,39719.3565644,238.63326689999667,candidate-measurement,0FFAA1,valid,1047201,-3,True,
1,1,00001E,1790200989.6803725,39719.5639627,238.8406651999976,candidate-measurement,0FFAA0,valid,1047200,-1,True,
1,1,00001E,1790200989.8723795,39719.7559708,239.03267329999653,candidate-measurement,0FFA9E,valid,1047198,-2,True,
1,1,00001E,1790200990.063964,39719.9475518,239.22425430000294,candidate-measurement,0FFA9C,valid,1047196,-2,True,
1,1,00001E,1790200990.2559457,39720.1395344,239.41623689999687,candidate-measurement,0FFA9B,valid,1047195,-1,True,
1,1,00001E,1790200990.4639413,39720.3475297,239.6242321999962,candidate-measurement,0FFA99,valid,1047193,-2,True,
1,1,00001E,1790200990.655935,39720.5395228,239.8162252999973,candidate-measurement,0FFA99,valid,1047193,0,True,
1,1,00001E,1790200990.847346,39720.7309356,240.00763809999626,candidate-measurement,0FFA99,valid,1047193,0,True,
1,1,00001E,1790200991.0553432,39720.9389314,240.21563389999937,candidate-measurement,0FFA98,valid,1047192,-1,True,
1,1,00001E,1790200991.2469153,39721.1305052,240.4072077000019,candidate-measurement,0FFA98,valid,1047192,0,True,
1,1,00001E,1790200991.438907,39721.3224955,240.59919799999625,candidate-measurement,0FFA98,valid,1047192,0,True,
1,1,00001E,1790200991.6469033,39721.5304925,240.80719500000123,candidate-measurement,0FFA96,valid,1047190,-2,True,
1,1,00001E,1790200991.8383162,39721.7219055,240.9986080000017,candidate-measurement,0FFA94,valid,1047188,-2,True,
1,1,00001E,1790200992.030311,39721.9139019,241.19060439999885,candidate-measurement,0FFA93,valid,1047187,-1,True,
1,1,00001E,1790200992.221903,39722.1054912,241.38219370000297,candidate-measurement,0FFA93,valid,1047187,0,True,
1,1,00001E,1790200992.4298642,39722.3134531,241.59015560000262,candidate-measurement,0FFA92,valid,1047186,-1,True,
1,1,00001E,1790200992.6218944,39722.505484,241.78218650000053,candidate-measurement,0FFA92,valid,1047186,0,True,
1,1,00001E,1790200992.8138597,39722.6974494,241.97415190000174,candidate-measurement,0FFA92,valid,1047186,0,True,
1,1,00001E,1790200993.0212753,39722.9048651,242.18156759999692,candidate-measurement,0FFA92,valid,1047186,0,True,
1,1,00001E,1790200993.2128594,39723.0964503,242.37315279999893,candidate-measurement,0FFA92,valid,1047186,0,True,
1,1,00001E,1790200993.4048443,39723.2884327,242.56513519999862,candidate-measurement,0FFA90,valid,1047184,-2,True,
1,1,00001E,1790200993.612865,39723.496453,242.77315549999912,candidate-measurement,0FFA90,valid,1047184,0,True,
1,1,00001E,1790200993.8048236,39723.6884139,242.96511640000244,candidate-measurement,0FFA89,valid,1047177,-7,True,
1,1,00001E,1790200993.9962432,39723.8798335,243.15653600000223,candidate-measurement,0FFA85,valid,1047173,-4,True,
1,1,00001E,1790200994.1882331,39724.0718243,243.3485268000004,candidate-measurement,0FFA82,valid,1047170,-3,True,
1,1,00001E,1790200994.396248,39724.2798362,243.55653870000242,candidate-measurement,0FFA81,valid,1047169,-1,True,
1,1,00001E,1790200994.5878055,39724.471396,243.7480985000002,candidate-measurement,0FFA7F,valid,1047167,-2,True,
1,1,00001E,1790200994.7797947,39724.6633856,243.9400880999965,candidate-measurement,0FFA7F,valid,1047167,0,True,
1,1,00001E,1790200994.987791,39724.8713815,244.14808400000038,candidate-measurement,0FFA7F,valid,1047167,0,True,
1,1,00001E,1790200995.1797884,39725.0633772,244.34007969999948,candidate-measurement,0FFA7F,valid,1047167,0,True,
1,1,00001E,1790200995.3712015,39725.2547902,244.53149269999994,candidate-measurement,0FFA7F,valid,1047167,0,True,
1,1,00001E,1790200995.579185,39725.4627754,244.73947790000238,candidate-measurement,0FFA7E,valid,1047166,-1,True,
1,1,00001E,1790200995.7711902,39725.6547796,244.93148210000072,candidate-measurement,0FFA7E,valid,1047166,0,True,
1,1,00001E,1790200995.9627607,39725.8463501,245.12305259999994,candidate-measurement,0FFA7A,valid,1047162,-4,True,
1,1,00001E,1790200996.1547549,39726.0383436,245.31504609999683,candidate-measurement,0FFA6A,valid,1047146,-16,True,
1,1,00001E,1790200996.362749,39726.246338,245.52304049999657,candidate-measurement,0FFA66,valid,1047142,-4,True,
1,1,00001E,1790200996.554729,39726.4383192,245.71502170000167,candidate-measurement,0FFA5E,valid,1047134,-8,True,
1,1,00001E,1790200996.7461503,39726.62974,245.90644249999605,candidate-measurement,0FFA59,valid,1047129,-5,True,
1,1,00001E,1790200996.954146,39726.8377353,246.11443780000263,candidate-measurement,0FFA56,valid,1047126,-3,True,
1,1,00001E,1790200997.1457238,39727.0293119,246.30601439999737,candidate-measurement,0FFA54,valid,1047124,-2,True,
1,1,00001E,1790200997.3377163,39727.2213048,246.49800729999697,candidate-measurement,0FFA51,valid,1047121,-3,True,
1,1,00001E,1790200997.5297089,39727.4132982,246.69000070000038,candidate-measurement,0FFA4F,valid,1047119,-2,True,
1,1,00001E,1790200997.737126,39727.6207145,246.89741700000013,candidate-measurement,0FFA4C,valid,1047116,-3,True,
1,1,00001E,1790200997.9291172,39727.8127076,247.08941010000126,candidate-measurement,0FFA49,valid,1047113,-3,True,
1,1,00001E,1790200998.1207104,39728.0043001,247.28100260000065,candidate-measurement,0FFA45,valid,1047109,-4,True,
1,1,00001E,1790200998.3286884,39728.2122773,247.48897980000038,candidate-measurement,0FFA43,valid,1047107,-2,True,
1,1,00001E,1790200998.52068,39728.4042699,247.6809723999977,candidate-measurement,0FFA41,valid,1047105,-2,True,
1,1,00001E,1790200998.7121098,39728.5956983,247.872400799999,candidate-measurement,0FFA3F,valid,1047103,-2,True,
1,1,00001E,1790200998.9200811,39728.8036722,248.08037470000272,candidate-measurement,0FFA3F,valid,1047103,0,True,
1,1,00001E,1790200999.1116602,39728.9952487,248.2719511999967,candidate-measurement,0FFA3F,valid,1047103,0,True,
1,1,00001E,1790200999.303663,39729.1872523,248.46395479999774,candidate-measurement,0FFA3F,valid,1047103,0,True,
1,1,00001E,1790200999.5110967,39729.3946832,248.67138569999952,candidate-measurement,0FFA3E,valid,1047102,-1,True,
1,1,00001E,1790200999.7030516,39729.5866426,248.8633450999987,candidate-measurement,0FFA3E,valid,1047102,0,True,
1,1,00001E,1790200999.8950548,39729.778646,249.05534849999822,candidate-measurement,0FFA3D,valid,1047101,-1,True,
1,1,00001E,1790201000.0870466,39729.9706359,249.2473383999968,candidate-measurement,0FFA3B,valid,1047099,-2,True,
1,1,00001E,1790201000.2946212,39730.1782094,249.4549119000003,candidate-measurement,0FFA3A,valid,1047098,-1,True,
1,1,00001E,1790201000.4866114,39730.3702015,249.6469040000011,candidate-measurement,0FFA39,valid,1047097,-1,True,
1,1,00001E,1790201000.6786118,39730.5622012,249.83890370000154,candidate-measurement,0FFA39,valid,1047097,0,True,
1,1,00001E,1790201000.886597,39730.7701875,250.0468899999978,candidate-measurement,0FFA38,valid,1047096,-1,True,
1,1,00001E,1790201001.0780246,39730.9616131,250.23831559999962,candidate-measurement,0FFA38,valid,1047096,0,True,
1,1,00001E,1790201001.2695966,39731.1531854,250.429887899998,candidate-measurement,0FFA38,valid,1047096,0,True,
1,1,00001E,1790201001.4615872,39731.3451752,250.62187769999582,candidate-measurement,0FFA38,valid,1047096,0,True,
1,1,00001E,1790201001.6695814,39731.55317,250.8298724999986,candidate-measurement,0FFA38,valid,1047096,0,True,
1,1,00001E,1790201001.8609948,39731.7445837,251.02128619999712,candidate-measurement,0FFA38,valid,1047096,0,True,
1,1,00001E,1790201002.0529826,39731.9365714,251.2132739000008,candidate-measurement,0FFA38,valid,1047096,0,True,
1,1,00001E,1790201002.2609797,39732.1445675,251.4212699999989,candidate-measurement,0FFA37,valid,1047095,-1,True,
1,1,00001E,1790201002.4525764,39732.3361632,251.61286570000084,candidate-measurement,0FFA31,valid,1047089,-6,True,
1,1,00001E,1790201002.6445467,39732.5281351,251.8048376000006,candidate-measurement,0FFA29,valid,1047081,-8,True,
1,1,00001E,1790201002.8525345,39732.7361229,252.01282540000102,candidate-measurement,0FFA27,valid,1047079,-2,True,
1,1,00001E,1790201003.0599458,39732.9435347,252.22023720000288,candidate-measurement,0FFA25,valid,1047077,-2,True,
1,1,00001E,1790201003.2519457,39733.1355344,252.41223689999606,candidate-measurement,0FFA25,valid,1047077,0,True,
1,1,00001E,1790201003.4435215,39733.32711,252.60381249999773,candidate-measurement,0FFA25,valid,1047077,0,True,
1,1,00001E,1790201003.6355107,39733.5190992,252.79580169999826,candidate-measurement,0FFA25,valid,1047077,0,True,
1,1,00001E,1790201003.827509,39733.7110977,252.98780019999685,candidate-measurement,0FFA25,valid,1047077,0,True,
1,1,00001E,1790201004.0189185,39733.902508,253.1792104999986,candidate-measurement,0FFA21,valid,1047073,-4,True,
1,1,00001E,1790201004.226912,39734.1105004,253.38720289999765,candidate-measurement,0FFA0E,valid,1047054,-19,True,
1,1,00001E,1790201004.4184844,39734.302073,253.5787754999983,candidate-measurement,0FFA08,valid,1047048,-6,True,
1,1,00001E,1790201004.6104853,39734.4940736,253.77077609999833,candidate-measurement,0FFA00,valid,1047040,-8,True,
1,1,00001E,1790201004.818483,39734.7020714,253.97877390000212,candidate-measurement,0FF9FB,valid,1047035,-5,True,
1,1,00001E,1790201005.0104704,39734.8940591,254.1707615999985,candidate-measurement,0FF9F7,valid,1047031,-4,True,
1,1,00001E,1790201005.2018838,39735.0854721,254.36217459999898,candidate-measurement,0FF9F3,valid,1047027,-4,True,
1,1,00001E,1790201005.3938775,39735.2774658,254.5541682999974,candidate-measurement,0FF9EF,valid,1047023,-4,True,
1,1,00001E,1790201005.6014483,39735.4850365,254.7617390000014,candidate-measurement,0FF9EA,valid,1047018,-5,True,
1,1,00001E,1790201005.793442,39735.6770314,254.95373390000168,candidate-measurement,0FF9E7,valid,1047015,-3,True,
1,1,00001E,1790201005.9854474,39735.869038,255.14574049999646,candidate-measurement,0FF9E5,valid,1047013,-2,True,
1,1,00001E,1790201006.1928413,39736.0764297,255.35313219999807,candidate-measurement,0FF9E3,valid,1047011,-2,True,
1,1,00001E,1790201006.3848472,39736.2684348,255.545137299996,candidate-measurement,0FF9E3,valid,1047011,0,True,
1,1,00001E,1790201006.576835,39736.4604248,255.7371273000026,candidate-measurement,0FF9E3,valid,1047011,0,True,
1,1,00001E,1790201006.7844186,39736.6680067,255.9447091999973,candidate-measurement,0FF9E2,valid,1047010,-1,True,
1,1,00001E,1790201006.9763997,39736.8599901,256.13669259999733,candidate-measurement,0FF9E0,valid,1047008,-2,True,
1,1,00001E,1790201007.1684015,39737.0519899,256.32869239999854,candidate-measurement,0FF9DF,valid,1047007,-1,True,
1,1,00001E,1790201007.3603947,39737.2439829,256.5206853999989,candidate-measurement,0FF9DF,valid,1047007,0,True,
1,1,00001E,1790201007.5677984,39737.4513891,256.7280916000018,candidate-measurement,0FF9DE,valid,1047006,-1,True,
1,1,00001E,1790201007.7597952,39737.6433863,256.92008879999776,candidate-measurement,0FF9DE,valid,1047006,0,True,
1,1,00001E,1790201007.9513779,39737.8349678,257.1116703000007,candidate-measurement,0FF9DE,valid,1047006,0,True,
1,1,00001E,1790201008.1593635,39738.0429529,257.3196554000024,candidate-measurement,0FF9DE,valid,1047006,0,True,
1,1,00001E,1790201008.3513615,39738.2349498,257.51165229999606,candidate-measurement,0FF9DE,valid,1047006,0,True,
1,1,00001E,1790201008.5427694,39738.4263593,257.703061799999,candidate-measurement,0FF9DE,valid,1047006,0,True,
1,1,00001E,1790201008.7508132,39738.6344014,257.9111038999981,candidate-measurement,0FF9DD,valid,1047005,-1,True,
1,1,00001E,1790201008.9423437,39738.8259319,258.10263439999835,candidate-measurement,0FF9DC,valid,1047004,-1,True,
1,1,00001E,1790201009.1343288,39739.0179192,258.29462169999897,candidate-measurement,0FF9D9,valid,1047001,-3,True,
1,1,00001E,1790201009.3263314,39739.2099207,258.4866231999986,candidate-measurement,0FF9D1,valid,1046993,-8,True,
1,1,00001E,1790201009.533741,39739.4173293,258.6940317999979,candidate-measurement,0FF9CD,valid,1046989,-4,True,
1,1,00001E,1790201009.7257378,39739.6093259,258.8860283999966,candidate-measurement,0FF9CC,valid,1046988,-1,True,
1,1,00001E,1790201009.9173107,39739.8008989,259.0776014000003,candidate-measurement,0FF9CC,valid,1046988,0,True,
1,1,00001E,1790201010.1253233,39740.0089114,259.2856138999996,candidate-measurement,0FF9CC,valid,1046988,0,True,
1,1,00001E,1790201010.3173013,39740.2008894,259.47759190000215,candidate-measurement,0FF9CC,valid,1046988,0,True,
1,1,00001E,1790201010.5092943,39740.3928828,259.6695852999983,candidate-measurement,0FF9CB,valid,1046987,-1,True,
1,1,00001E,1790201010.716701,39740.6002893,259.8769917999962,candidate-measurement,0FF9BD,valid,1046973,-14,True,
1,1,00001E,1790201010.9086928,39740.7922818,260.0689843,candidate-measurement,0FF9B7,valid,1046967,-6,True,
1,1,00001E,1790201011.100697,39740.9842851,260.26098759999877,candidate-measurement,0FF9B3,valid,1046963,-4,True,
1,1,00001E,1790201011.292274,39741.1758618,260.45256430000154,candidate-measurement,0FF9B1,valid,1046961,-2,True,
1,1,00001E,1790201011.5002565,39741.3838457,260.66054820000136,candidate-measurement,0FF9AC,valid,1046956,-5,True,
1,1,00001E,1790201011.6922524,39741.5758432,260.8525456999996,candidate-measurement,0FF9A7,valid,1046951,-5,True,
1,1,00001E,1790201011.8836653,39741.7672559,261.0439583999978,candidate-measurement,0FF9A4,valid,1046948,-3,True,
1,1,00001E,1790201012.0916517,39741.9752399,261.25194239999837,candidate-measurement,0FF9A4,valid,1046948,0,True,
1,1,00001E,1790201012.2832336,39742.1668234,261.443525900002,candidate-measurement,0FF9A2,valid,1046946,-2,True,
1,1,00001E,1790201012.4752653,39742.3588531,261.63555559999804,candidate-measurement,0FF9A0,valid,1046944,-2,True,
1,1,00001E,1790201012.6832192,39742.5668083,261.8435107999976,candidate-measurement,0FF99C,valid,1046940,-4,True,
1,1,00001E,1790201012.890639,39742.7742276,262.05093009999837,candidate-measurement,0FF99A,valid,1046938,-2,True,
1,1,00001E,1790201013.0826228,39742.966214,262.2429164999994,candidate-measurement,0FF996,valid,1046934,-4,True,
1,1,00001E,1790201013.274204,39743.1577924,262.4344949000006,candidate-measurement,0FF98F,valid,1046927,-7,True,
1,1,00001E,1790201013.4661982,39743.3497861,262.626488599999,candidate-measurement,0FF98B,valid,1046923,-4,True,
1,1,00001E,1790201013.6581864,39743.5417774,262.81847990000097,candidate-measurement,0FF989,valid,1046921,-2,True,
1,1,00001E,1790201013.8496165,39743.7332033,263.0099057999978,candidate-measurement,0FF989,valid,1046921,0,True,
1,1,00001E,1790201014.0575953,39743.9411835,263.21788599999854,candidate-measurement,0FF988,valid,1046920,-1,True,
1,1,00001E,1790201014.2491672,39744.1327577,263.40946019999683,candidate-measurement,0FF987,valid,1046919,-1,True,
1,1,00001E,1790201014.441156,39744.3247446,263.6014471000017,candidate-measurement,0FF985,valid,1046917,-2,True,
1,1,00001E,1790201014.6491556,39744.5327449,263.8094474000027,candidate-measurement,0FF985,valid,1046917,0,True,
1,1,00001E,1790201014.841166,39744.7247563,264.00145879999764,candidate-measurement,0FF984,valid,1046916,-1,True,
1,1,00001E,1790201015.0331428,39744.9167329,264.1934353999968,candidate-measurement,0FF984,valid,1046916,0,True,
1,1,00001E,1790201015.2251387,39745.1087293,264.38543180000124,candidate-measurement,0FF984,valid,1046916,0,True,
1,1,00001E,1790201015.4325676,39745.3161551,264.59285760000057,candidate-measurement,0FF984,valid,1046916,0,True,
1,1,00001E,1790201015.6245468,39745.5081354,264.7848378999988,candidate-measurement,0FF984,valid,1046916,0,True,
1,1,00001E,1790201015.8161166,39745.6997066,264.9764090999961,candidate-measurement,0FF984,valid,1046916,0,True,
1,1,00001E,1790201016.0241134,39745.9077028,265.18440530000225,candidate-measurement,0FF984,valid,1046916,0,True,
1,1,00001E,1790201016.2160993,39746.0996901,265.3763926000029,candidate-measurement,0FF982,valid,1046914,-2,True,
1,1,00001E,1790201016.407524,39746.2911119,265.5678143999976,candidate-measurement,0FF97D,valid,1046909,-5,True,
1,1,00001E,1790201016.6155083,39746.4990983,265.7758008000019,candidate-measurement,0FF976,valid,1046902,-7,True,
1,1,00001E,1790201016.8075023,39746.6910934,265.9677958999964,candidate-measurement,0FF973,valid,1046899,-3,True,
1,1,00001E,1790201016.9990797,39746.8826701,266.1593725999992,candidate-measurement,0FF972,valid,1046898,-1,True,
1,1,00001E,1790201017.1910787,39747.074667,266.35136950000015,candidate-measurement,0FF972,valid,1046898,0,True,
1,1,00001E,1790201017.3990698,39747.2826578,266.5593603000016,candidate-measurement,0FF972,valid,1046898,0,True,
1,1,00001E,1790201017.5904815,39747.4740719,266.75077439999586,candidate-measurement,0FF971,valid,1046897,-1,True,
1,1,00001E,1790201017.7824929,39747.666081,266.9427835000024,candidate-measurement,0FF96D,valid,1046893,-4,True,
1,1,00001E,1790201017.9900541,39747.8736432,267.1503456999999,candidate-measurement,0FF95D,valid,1046877,-16,True,
1,1,00001E,1790201018.1820433,39748.0656324,267.3423349000004,candidate-measurement,0FF959,valid,1046873,-4,True,
1,1,00001E,1790201018.374044,39748.2576321,267.5343346000009,candidate-measurement,0FF955,valid,1046869,-4,True,
1,1,00001E,1790201018.5814598,39748.4650499,267.7417523999975,candidate-measurement,0FF94E,valid,1046862,-7,True,
1,1,00001E,1790201018.7734497,39748.6570377,267.9337402000019,candidate-measurement,0FF94B,valid,1046859,-3,True,
1,1,00001E,1790201018.9650204,39748.8486093,268.12531180000224,candidate-measurement,0FF949,valid,1046857,-2,True,
1,1,00001E,1790201019.1570146,39749.0406031,268.3173056000014,candidate-measurement,0FF947,valid,1046855,-2,True,
1,1,00001E,1790201019.3650224,39749.248611,268.5253135000021,candidate-measurement,0FF946,valid,1046854,-1,True,
1,1,00001E,1790201019.5564108,39749.4400017,268.7167042000001,candidate-measurement,0FF942,valid,1046850,-4,True,
1,1,00001E,1790201019.748411,39749.6320011,268.90870359999826,candidate-measurement,0FF941,valid,1046849,-1,True,
1,1,00001E,1790201019.9559817,39749.8395727,269.11627520000184,candidate-measurement,0FF93F,valid,1046847,-2,True,
1,1,00001E,1790201020.1479719,39750.0315623,269.30826479999814,candidate-measurement,0FF93A,valid,1046842,-5,True,
1,1,00001E,1790201020.3399715,39750.2235602,269.50026269999944,candidate-measurement,0FF936,valid,1046838,-4,True,
1,1,00001E,1790201020.547385,39750.4309741,269.70767660000274,candidate-measurement,0FF933,valid,1046835,-3,True,
1,1,00001E,1790201020.7393808,39750.6229716,269.899674100001,candidate-measurement,0FF931,valid,1046833,-2,True,
1,1,00001E,1790201020.930971,39750.8145613,270.0912638000009,candidate-measurement,0FF931,valid,1046833,0,True,
1,1,00001E,1790201021.1229503,39751.0065409,270.2832434000011,candidate-measurement,0FF931,valid,1046833,0,True,
1,1,00001E,1790201021.3309503,39751.2145382,270.4912407000011,candidate-measurement,0FF930,valid,1046832,-1,True,
1,1,00001E,1790201021.5229268,39751.4065164,270.6832188999979,candidate-measurement,0FF930,valid,1046832,0,True,
1,1,00001E,1790201021.7143464,39751.5979367,270.874639200003,candidate-measurement,0FF92F,valid,1046831,-1,True,
1,1,00001E,1790201021.922337,39751.8059285,271.0826309999975,candidate-measurement,0FF92E,valid,1046830,-1,True,
1,1,00001E,1790201022.1143327,39751.9979222,271.2746246999959,candidate-measurement,0FF92D,valid,1046829,-1,True,
1,1,00001E,1790201022.3059142,39752.1895022,271.466204700002,candidate-measurement,0FF92B,valid,1046827,-2,True,
1,1,00001E,1790201022.4978986,39752.3814874,271.65818990000116,candidate-measurement,0FF92B,valid,1046827,0,True,
1,1,00001E,1790201022.7058945,39752.5894858,271.86618830000225,candidate-measurement,0FF92B,valid,1046827,0,True,
1,1,00001E,1790201022.8973067,39752.780898,272.0576004999966,candidate-measurement,0FF92B,valid,1046827,0,True,
1,1,00001E,1790201023.089307,39752.9728955,272.24959800000215,candidate-measurement,0FF92A,valid,1046826,-1,True,
1,1,00001E,1790201023.2968838,39753.1804725,272.4571749999959,candidate-measurement,0FF92A,valid,1046826,0,True,
1,1,00001E,1790201023.4888725,39753.3724614,272.64916390000144,candidate-measurement,0FF92A,valid,1046826,0,True,
1,1,00001E,1790201023.680861,39753.5644524,272.84115490000113,candidate-measurement,0FF92A,valid,1046826,0,True,
1,1,00001E,1790201023.8882792,39753.7718692,273.0485716999974,candidate-measurement,0FF92A,valid,1046826,0,True,
1,1,00001E,1790201024.0803003,39753.9638879,273.240590399997,candidate-measurement,0FF92A,valid,1046826,0,True,
1,1,00001E,1790201024.271868,39754.1554575,273.43215999999666,candidate-measurement,0FF929,valid,1046825,-1,True,
1,1,00001E,1790201024.463848,39754.3474367,273.6241392000011,candidate-measurement,0FF924,valid,1046820,-5,True,
1,1,00001E,1790201024.671831,39754.5554208,273.8321233000024,candidate-measurement,0FF91D,valid,1046813,-7,True,
1,1,00001E,1790201024.8632479,39754.7468376,274.0235401000027,candidate-measurement,0FF919,valid,1046809,-4,True,
1,1,00001E,1790201025.0548155,39754.9384052,274.2151077000017,candidate-measurement,0FF917,valid,1046807,-2,True,
1,1,00001E,1790201025.2628102,39755.1464004,274.42310290000023,candidate-measurement,0FF917,valid,1046807,0,True,
1,1,00001E,1790201025.454806,39755.3383941,274.61509659999865,candidate-measurement,0FF917,valid,1046807,0,True,
1,1,00001E,1790201025.6462214,39755.5298103,274.80651280000166,candidate-measurement,0FF917,valid,1046807,0,True,
1,1,00001E,1790201025.854209,39755.7377987,275.01450119999936,candidate-measurement,0FF916,valid,1046806,-1,True,
1,1,00001E,1790201026.0457904,39755.9293801,275.20608260000154,candidate-measurement,0FF912,valid,1046802,-4,True,
1,1,00001E,1790201026.237782,39756.1213713,275.39807380000275,candidate-measurement,0FF8FF,valid,1046783,-19,True,
1,1,00001E,1790201026.4297829,39756.3133707,275.5900732000009,candidate-measurement,0FF8FA,valid,1046778,-5,True,
1,1,00001E,1790201026.6377668,39756.5213578,275.798060299996,candidate-measurement,0FF8F3,valid,1046771,-7,True,
1,1,00001E,1790201026.8291898,39756.7127782,275.9894807000019,candidate-measurement,0FF8EF,valid,1046767,-4,True,
1,1,00001E,1790201027.0207531,39756.9043415,276.1810439999972,candidate-measurement,0FF8ED,valid,1046765,-2,True,
1,1,00001E,1790201027.2287557,39757.1123434,276.38904589999584,candidate-measurement,0FF8E9,valid,1046761,-4,True,
1,1,00001E,1790201027.4207482,39757.3043361,276.5810386000012,candidate-measurement,0FF8E6,valid,1046758,-3,True,
1,1,00001E,1790201027.6121984,39757.4957858,276.77248829999735,candidate-measurement,0FF8DF,valid,1046751,-7,True,
1,1,00001E,1790201027.8201485,39757.7037392,276.98044169999775,candidate-measurement,0FF8DB,valid,1046747,-4,True,
1,1,00001E,1790201028.0121427,39757.8957316,277.1724341000008,candidate-measurement,0FF8D7,valid,1046743,-4,True,
1,1,00001E,1790201028.2037182,39758.0873067,277.3640091999987,candidate-measurement,0FF8D7,valid,1046743,0,True,
1,1,00001E,1790201028.3957107,39758.2792992,277.5560017000025,candidate-measurement,0FF8D5,valid,1046741,-2,True,
1,1,00001E,1790201028.6037087,39758.4872975,277.76400000000285,candidate-measurement,0FF8D5,valid,1046741,0,True,
1,1,00001E,1790201028.7951207,39758.6787105,277.95541299999604,candidate-measurement,0FF8D5,valid,1046741,0,True,
1,1,00001E,1790201028.9871056,39758.8706946,278.1473971000014,candidate-measurement,0FF8D3,valid,1046739,-2,True,
1,1,00001E,1790201029.19469,39759.0782789,278.3549813999998,candidate-measurement,0FF8D2,valid,1046738,-1,True,
1,1,00001E,1790201029.3866866,39759.2702748,278.54697730000044,candidate-measurement,0FF8D1,valid,1046737,-1,True,
1,1,00001E,1790201029.5786717,39759.4622618,278.73896429999877,candidate-measurement,0FF8D1,valid,1046737,0,True,
1,1,00001E,1790201029.7866623,39759.670251,278.94695350000256,candidate-measurement,0FF8D1,valid,1046737,0,True,
1,1,00001E,1790201029.9780874,39759.8616757,279.13837819999753,candidate-measurement,0FF8D0,valid,1046736,-1,True,
1,1,00001E,1790201030.1700757,39760.0536652,279.33036770000035,candidate-measurement,0FF8D0,valid,1046736,0,True,
1,1,00001E,1790201030.3616495,39760.2452381,279.521940599996,candidate-measurement,0FF8D0,valid,1046736,0,True,
1,1,00001E,1790201030.5696356,39760.453226,279.7299284999972,candidate-measurement,0FF8D0,valid,1046736,0,True,
1,1,00001E,1790201030.7616365,39760.6452249,279.9219273999988,candidate-measurement,0FF8D0,valid,1046736,0,True,
1,1,00001E,1790201030.9536412,39760.8372293,280.1139317999987,candidate-measurement,0FF8CE,valid,1046734,-2,True,
1,1,00001E,1790201031.1610472,39761.0446356,280.3213381000023,candidate-measurement,0FF8CE,valid,1046734,0,True,
1,1,00001E,1790201031.353042,39761.2366301,280.51333259999956,candidate-measurement,0FF8C5,valid,1046725,-9,True,
1,1,00001E,1790201031.5450299,39761.4286184,280.7053209000005,candidate-measurement,0FF8C1,valid,1046721,-4,True,
1,1,00001E,1790201031.7526042,39761.6361946,280.91289710000274,candidate-measurement,0FF8BF,valid,1046719,-2,True,
1,1,00001E,1790201031.9606025,39761.8441919,281.1208944000027,candidate-measurement,0FF8BD,valid,1046717,-2,True,
1,1,00001E,1790201032.1525934,39762.0361824,281.3128848999986,candidate-measurement,0FF8BD,valid,1046717,0,True,
1,1,00001E,1790201032.3440077,39762.2275957,281.50429820000136,candidate-measurement,0FF8BD,valid,1046717,0,True,
1,1,00001E,1790201032.5359967,39762.4195868,281.6962893000018,candidate-measurement,0FF8BD,valid,1046717,0,True,
1,1,00001E,1790201032.7279897,39762.6115789,281.8882814000026,candidate-measurement,0FF8BC,valid,1046716,-1,True,
1,1,00001E,1790201032.9199948,39762.8035836,282.08028609999747,candidate-measurement,0FF8B9,valid,1046713,-3,True,
1,1,00001E,1790201033.1275768,39763.0111645,282.2878669999991,candidate-measurement,0FF8A6,valid,1046694,-19,True,
1,1,00001E,1790201033.3195567,39763.2031459,282.47984839999845,candidate-measurement,0FF8A3,valid,1046691,-3,True,
1,1,00001E,1790201033.5115612,39763.39515,282.671852499996,candidate-measurement,0FF89D,valid,1046685,-6,True,
1,1,00001E,1790201033.719538,39763.6031288,282.87983130000066,candidate-measurement,0FF897,valid,1046679,-6,True,
1,1,00001E,1790201033.9269476,39763.810539,283.0872414999976,candidate-measurement,0FF894,valid,1046676,-3,True,
1,1,00001E,1790201034.1189492,39764.0025379,283.27924039999925,candidate-measurement,0FF892,valid,1046674,-2,True,
1,1,00001E,1790201034.3105383,39764.1941262,283.47082869999576,candidate-measurement,0FF88E,valid,1046670,-4,True,
1,1,00001E,1790201034.5025156,39764.3861054,283.6628079000002,candidate-measurement,0FF88A,valid,1046666,-4,True,
1,1,00001E,1790201034.6945014,39764.5780919,283.854794400002,candidate-measurement,0FF887,valid,1046663,-3,True,
1,1,00001E,1790201034.8859231,39764.7695128,284.04621529999713,candidate-measurement,0FF883,valid,1046659,-4,True,
1,1,00001E,1790201035.0935376,39764.9771257,284.2538282000023,candidate-measurement,0FF880,valid,1046656,-3,True,
1,1,00001E,1790201035.285497,39765.1690847,284.44578719999845,candidate-measurement,0FF87D,valid,1046653,-3,True,
1,1,00001E,1790201035.4774866,39765.3610752,284.6377777000016,candidate-measurement,0FF87D,valid,1046653,0,True,
1,1,00001E,1790201035.685476,39765.5690644,284.8457668999981,candidate-measurement,0FF87B,valid,1046651,-2,True,
1,1,00001E,1790201035.8928874,39765.7764782,285.05318070000067,candidate-measurement,0FF87B,valid,1046651,0,True,
1,1,00001E,1790201036.0848806,39765.9684712,285.24517370000103,candidate-measurement,0FF87B,valid,1046651,0,True,
1,1,00001E,1790201036.2764688,39766.1600571,285.4367596000011,candidate-measurement,0FF87B,valid,1046651,0,True,
1,1,00001E,1790201036.4684546,39766.3520432,285.62874569999985,candidate-measurement,0FF879,valid,1046649,-2,True,
1,1,00001E,1790201036.660446,39766.5440349,285.8207373999976,candidate-measurement,0FF877,valid,1046647,-2,True,
1,1,00001E,1790201036.852437,39766.7360265,286.01272900000185,candidate-measurement,0FF877,valid,1046647,0,True,
1,1,00001E,1790201037.0598743,39766.9434621,286.22016459999577,candidate-measurement,0FF877,valid,1046647,0,True,
1,1,00001E,1790201037.251846,39767.1354352,286.4121376999974,candidate-measurement,0FF876,valid,1046646,-1,True,
1,1,00001E,1790201037.4438376,39767.3274259,286.6041284000021,candidate-measurement,0FF876,valid,1046646,0,True,
1,1,00001E,1790201037.6514118,39767.5350013,286.8117037999982,candidate-measurement,0FF876,valid,1046646,0,True,
1,1,00001E,1790201037.8434048,39767.7269932,287.0036956999975,candidate-measurement,0FF876,valid,1046646,0,True,
1,1,00001E,1790201038.0348184,39767.9184097,287.19511220000277,candidate-measurement,0FF876,valid,1046646,0,True,
1,1,00001E,1790201038.2268193,39768.1104079,287.3871103999991,candidate-measurement,0FF876,valid,1046646,0,True,
1,1,00001E,1790201038.4348152,39768.3184034,287.5951058999999,candidate-measurement,0FF876,valid,1046646,0,True,
1,1,00001E,1790201038.6263747,39768.5099654,287.7866678999999,candidate-measurement,0FF874,valid,1046644,-2,True,
1,1,00001E,1790201038.818374,39768.701965,287.9786674999996,candidate-measurement,0FF874,valid,1046644,0,True,
1,1,00001E,1790201039.0263762,39768.9099669,288.1866693999982,candidate-measurement,0FF86B,valid,1046635,-9,True,
1,1,00001E,1790201039.2177827,39769.1013713,288.3780737999987,candidate-measurement,0FF866,valid,1046630,-5,True,
1,1,00001E,1790201039.4097824,39769.2933711,288.5700735999999,candidate-measurement,0FF865,valid,1046629,-1,True,
1,1,00001E,1790201039.6017716,39769.4853597,288.76206219999585,candidate-measurement,0FF864,valid,1046628,-1,True,
1,1,00001E,1790201039.8093476,39769.6929353,288.9696378000008,candidate-measurement,0FF864,valid,1046628,0,True,
1,1,00001E,1790201040.001345,39769.8849334,289.1616358999963,candidate-measurement,0FF864,valid,1046628,0,True,
1,1,00001E,1790201040.193336,39770.0769242,289.35362670000177,candidate-measurement,0FF862,valid,1046626,-2,True,
1,1,00001E,1790201040.4008014,39770.2843901,289.56109260000085,candidate-measurement,0FF862,valid,1046626,0,True,
1,1,00001E,1790201040.592735,39770.4763252,289.7530276999969,candidate-measurement,0FF85E,valid,1046622,-4,True,
1,1,00001E,1790201040.7843082,39770.6678972,289.94459970000025,candidate-measurement,0FF84C,valid,1046604,-18,True,
1,1,00001E,1790201040.992332,39770.8759194,290.15262190000067,candidate-measurement,0FF847,valid,1046599,-5,True,
1,1,00001E,1790201041.1842988,39771.0678873,290.3445897999991,candidate-measurement,0FF83E,valid,1046590,-9,True,
1,1,00001E,1790201041.3762953,39771.2598832,290.5365856999997,candidate-measurement,0FF83A,valid,1046586,-4,True,
1,1,00001E,1790201041.5837078,39771.4672963,290.7439987999969,candidate-measurement,0FF838,valid,1046584,-2,True,
1,1,00001E,1790201041.7913108,39771.6749007,290.95160320000286,candidate-measurement,0FF834,valid,1046580,-4,True,
1,1,00001E,1790201041.9832778,39771.8668674,291.1435698999994,candidate-measurement,0FF82F,valid,1046575,-5,True,
1,1,00001E,1790201042.1752677,39772.0588583,291.33556079999835,candidate-measurement,0FF829,valid,1046569,-6,True,
1,1,00001E,1790201042.3672612,39772.25085,291.5275524999961,candidate-measurement,0FF824,valid,1046564,-5,True,
1,1,00001E,1790201042.558667,39772.4422563,291.71895879999647,candidate-measurement,0FF823,valid,1046563,-1,True,
1,1,00001E,1790201042.7506628,39772.6342535,291.9109559999997,candidate-measurement,0FF821,valid,1046561,-2,True,
1,1,00001E,1790201042.9583,39772.8418915,292.1185939999996,candidate-measurement,0FF821,valid,1046561,0,True,
1,1,00001E,1790201043.1502316,39773.0338222,292.3105246999985,candidate-measurement,0FF820,valid,1046560,-1,True,
1,1,00001E,1790201043.342236,39773.2258248,292.5025272999992,candidate-measurement,0FF81F,valid,1046559,-1,True,
1,1,00001E,1790201043.534224,39773.4178129,292.69451539999864,candidate-measurement,0FF81D,valid,1046557,-2,True,
1,1,00001E,1790201043.7416358,39773.6252263,292.90192879999813,candidate-measurement,0FF81D,valid,1046557,0,True,
1,1,00001E,1790201043.9336298,39773.8172178,293.0939203000016,candidate-measurement,0FF81D,valid,1046557,0,True,
1,1,00001E,1790201044.1252062,39774.0087941,293.28549660000135,candidate-measurement,0FF81C,valid,1046556,-1,True,
1,1,00001E,1790201044.3332045,39774.2167925,293.49349500000244,candidate-measurement,0FF81C,valid,1046556,0,True,
1,1,00001E,1790201044.5251997,39774.4087883,293.6854908000023,candidate-measurement,0FF81C,valid,1046556,0,True,
1,1,00001E,1790201044.717181,39774.6007721,293.8774745999981,candidate-measurement,0FF81C,valid,1046556,0,True,
1,1,00001E,1790201044.9245975,39774.8081868,294.0848893000002,candidate-measurement,0FF81C,valid,1046556,0,True,
1,1,00001E,1790201045.1165912,39775.0001802,294.27688269999635,candidate-measurement,0FF81C,valid,1046556,0,True,
1,1,00001E,1790201045.3085918,39775.19218,294.46888249999756,candidate-measurement,0FF81B,valid,1046555,-1,True,
1,1,00001E,1790201045.500161,39775.3837501,294.660452600001,candidate-measurement,0FF813,valid,1046547,-8,True,
1,1,00001E,1790201045.7081592,39775.5917472,294.8684496999995,candidate-measurement,0FF80F,valid,1046543,-4,True,
1,1,00001E,1790201045.9001477,39775.783736,295.06043849999696,candidate-measurement,0FF80B,valid,1046539,-4,True,
1,1,00001E,1790201046.091562,39775.9751502,295.2518526999993,candidate-measurement,0FF80B,valid,1046539,0,True,
1,1,00001E,1790201046.2992036,39776.1827913,295.4594938000009,candidate-measurement,0FF80A,valid,1046538,-1,True,
1,1,00001E,1790201046.4911237,39776.3747121,295.6514145999972,candidate-measurement,0FF80A,valid,1046538,0,True,
1,1,00001E,1790201046.6831212,39776.5667106,295.8434130999958,candidate-measurement,0FF80A,valid,1046538,0,True,
1,1,00001E,1790201046.8911085,39776.7746992,296.0514017000023,candidate-measurement,0FF808,valid,1046536,-2,True,
1,1,00001E,1790201047.0825295,39776.9661203,296.242822799999,candidate-measurement,0FF808,valid,1046536,0,True,
1,1,00001E,1790201047.2745216,39777.1581116,296.43481410000095,candidate-measurement,0FF7FC,valid,1046524,-12,True,
1,1,00001E,1790201047.4661145,39777.3497027,296.62640519999695,candidate-measurement,0FF7F4,valid,1046516,-8,True,
1,1,00001E,1790201047.674088,39777.557679,296.8343814999971,candidate-measurement,0FF7F1,valid,1046513,-3,True,
1,1,00001E,1790201047.8660793,39777.7496701,297.02637259999756,candidate-measurement,0FF7ED,valid,1046509,-4,True,
1,1,00001E,1790201048.057492,39777.9410834,297.2177859000003,candidate-measurement,0FF7E9,valid,1046505,-4,True,
1,1,00001E,1790201048.2655084,39778.1490996,297.4258020999987,candidate-measurement,0FF7E5,valid,1046501,-4,True,
1,1,00001E,1790201048.4574983,39778.3410868,297.61778929999855,candidate-measurement,0FF7E3,valid,1046499,-2,True,
1,1,00001E,1790201048.649046,39778.5326368,297.80933930000174,candidate-measurement,0FF7E1,valid,1046497,-2,True,
1,1,00001E,1790201048.8570464,39778.7406377,298.01734020000004,candidate-measurement,0FF7E1,valid,1046497,0,True,
1,1,00001E,1790201049.049036,39778.9326271,298.2093296000021,candidate-measurement,0FF7DF,valid,1046495,-2,True,
1,1,00001E,1790201049.2410343,39779.124624,298.4013264999958,candidate-measurement,0FF7DE,valid,1046494,-1,True,
1,1,00001E,1790201049.4324534,39779.3160417,298.5927442000029,candidate-measurement,0FF7DB,valid,1046491,-3,True,
1,1,00001E,1790201049.6404412,39779.5240311,298.80073360000097,candidate-measurement,0FF7D9,valid,1046489,-2,True,
1,1,00001E,1790201049.8320308,39779.7156213,298.9923237999974,candidate-measurement,0FF7D8,valid,1046488,-1,True,
1,1,00001E,1790201050.0240552,39779.9076428,299.1843452999965,candidate-measurement,0FF7D4,valid,1046484,-4,True,
1,1,00001E,1790201050.2320106,39780.1155978,299.3923003000018,candidate-measurement,0FF7CF,valid,1046479,-5,True,
1,1,00001E,1790201050.4234278,39780.3070161,299.583718599999,candidate-measurement,0FF7CC,valid,1046476,-3,True,
1,1,00001E,1790201050.615412,39780.4990009,299.7757034000024,candidate-measurement,0FF7CA,valid,1046474,-2,True,
1,1,00001E,1790201050.8234048,39780.7069947,299.98369719999755,candidate-measurement,0FF7C9,valid,1046473,-1,True,
