payload_index,trial_index,payload_hex,timestamp,monotonic_s,elapsed_candidate_s,phase,rx_bytes_hex,reply_kind,raw_position,delta_counts,valid,note
1,1,000021,1790193245.874504,31975.7580909,0.20197909999842523,candidate-warmup,101C84,valid,1055876,-166,True,
1,1,000021,1790193246.0664861,31975.9500745,0.3939626999999746,candidate-warmup,101C84,valid,1055876,0,True,
1,1,000021,1790193246.2744823,31976.1580701,0.601958299997932,candidate-warmup,101C84,valid,1055876,0,True,
1,1,000021,1790193246.46649,31976.3500784,0.7939665999983845,candidate-warmup,101C84,valid,1055876,0,True,
1,1,000021,1790193246.6580677,31976.5416565,0.9855447000009008,candidate-warmup,101C84,valid,1055876,0,True,
1,1,000021,1790193246.850049,31976.7336369,1.1775250999999116,candidate-warmup,101C84,valid,1055876,0,True,
1,1,000021,1790193247.0580316,31976.9416201,1.3855082999980368,candidate-warmup,101C84,valid,1055876,0,True,
1,1,000021,1790193247.2500339,31977.1336219,1.5775100999999268,candidate-warmup,101C84,valid,1055876,0,True,
1,1,000021,1790193247.441444,31977.3250331,1.7689213000012387,candidate-warmup,101C82,valid,1055874,-2,True,
1,1,000021,1790193247.6494381,31977.5330278,1.976915999999619,candidate-warmup,101C82,valid,1055874,0,True,
1,1,000021,1790193247.841013,31977.7246022,2.1684903999994276,candidate-warmup,101C82,valid,1055874,0,True,
1,1,000021,1790193248.0330036,31977.9165924,2.360480600000301,candidate-warmup,101C82,valid,1055874,0,True,
1,1,000021,1790193248.225,31978.1085879,2.5524760999978753,candidate-warmup,101C82,valid,1055874,0,True,
1,1,000021,1790193248.4329937,31978.3165834,2.7604715999987093,candidate-warmup,101C7F,valid,1055871,-3,True,
1,1,000021,1790193248.624423,31978.5080113,2.951899499999854,candidate-warmup,101C7E,valid,1055870,-1,True,
1,1,000021,1790193248.816395,31978.699986,3.143874199999118,candidate-warmup,101C7C,valid,1055868,-2,True,
1,1,000021,1790193249.0244074,31978.9079975,3.3518856999980926,candidate-warmup,101C7C,valid,1055868,0,True,
1,1,000021,1790193249.2159643,31979.099553,3.5434411999995064,candidate-warmup,101C7A,valid,1055866,-2,True,
1,1,000021,1790193249.4079587,31979.2915479,3.735436099999788,candidate-warmup,101C78,valid,1055864,-2,True,
1,1,000021,1790193249.6159656,31979.4995563,3.9434445000006235,candidate-warmup,101C78,valid,1055864,0,True,
1,1,000021,1790193249.8233814,31979.706972,4.150860199999443,candidate-warmup,101C76,valid,1055862,-2,True,
1,1,000021,1790193250.0149345,31979.8985244,4.342412599999079,candidate-warmup,101C73,valid,1055859,-3,True,
1,1,000021,1790193250.2069383,31980.090526,4.534414199999446,candidate-warmup,101C71,valid,1055857,-2,True,
1,1,000021,1790193250.3989244,31980.2825157,4.72640390000015,candidate-warmup,101C6F,valid,1055855,-2,True,
1,1,000021,1790193250.5903466,31980.4739354,4.917823600000702,candidate-warmup,101C6E,valid,1055854,-1,True,
1,1,000021,1790193250.7823327,31980.6659235,5.109811700000137,candidate-warmup,101C6E,valid,1055854,0,True,
1,1,000021,1790193250.9903283,31980.8739189,5.317807100000209,candidate-warmup,101C6D,valid,1055853,-1,True,
1,1,000021,1790193251.1819005,31981.0654887,5.509376899997733,candidate-warmup,101C6B,valid,1055851,-2,True,
1,1,000021,1790193251.3738947,31981.2574847,5.7013728999991145,candidate-warmup,101C6A,valid,1055850,-1,True,
1,1,000021,1790193251.581886,31981.4654766,5.909364799998002,candidate-warmup,101C68,valid,1055848,-2,True,
1,1,000021,1790193251.7893007,31981.672892,6.116780199998175,candidate-warmup,101C66,valid,1055846,-2,True,
1,1,000021,1790193251.9812932,31981.8648824,6.308770600000571,candidate-warmup,101C66,valid,1055846,0,True,
1,1,000021,1790193252.1728745,31982.0564627,6.500350899998011,candidate-warmup,101C65,valid,1055845,-1,True,
1,1,000021,1790193252.3648572,31982.2484481,6.692336299998715,candidate-warmup,101C62,valid,1055842,-3,True,
1,1,000021,1790193252.5568564,31982.4404463,6.884334499998658,candidate-warmup,101C60,valid,1055840,-2,True,
1,1,000021,1790193252.7488534,31982.6324425,7.076330699997925,candidate-warmup,101C5E,valid,1055838,-2,True,
1,1,000021,1790193252.956264,31982.839855,7.2837431999978435,candidate-warmup,101C5A,valid,1055834,-4,True,
1,1,000021,1790193253.1482944,31983.0318806,7.475768799999059,candidate-warmup,101C5A,valid,1055834,0,True,
1,1,000021,1790193253.3398387,31983.2234267,7.6673148999980185,candidate-warmup,101C58,valid,1055832,-2,True,
1,1,000021,1790193253.5478406,31983.4314307,7.875318899998092,candidate-warmup,101C55,valid,1055829,-3,True,
1,1,000021,1790193253.7398252,31983.623414,8.067302200000995,candidate-warmup,101C54,valid,1055828,-1,True,
1,1,000021,1790193253.9312375,31983.8148256,8.258713799998077,candidate-warmup,101C54,valid,1055828,0,True,
1,1,000021,1790193254.1232376,31984.0068263,8.450714499998867,candidate-warmup,101C54,valid,1055828,0,True,
1,1,000021,1790193254.330801,31984.2143898,8.658277999998973,candidate-warmup,101C52,valid,1055826,-2,True,
1,1,000021,1790193254.5227997,31984.4063883,8.8502765000012,candidate-warmup,101C52,valid,1055826,0,True,
1,1,000021,1790193254.714787,31984.5983777,9.04226589999962,candidate-warmup,101C52,valid,1055826,0,True,
1,1,000021,1790193254.9222002,31984.8057906,9.249678799998946,candidate-warmup,101C51,valid,1055825,-1,True,
1,1,000021,1790193255.1141925,31984.9977819,9.44167010000092,candidate-warmup,101C4F,valid,1055823,-2,True,
1,1,000021,1790193255.3061967,31985.1897848,9.633673000000272,candidate-warmup,101C4E,valid,1055822,-1,True,
1,1,000021,1790193255.5137634,31985.3973511,9.84123929999987,candidate-warmup,101C4E,valid,1055822,0,True,
1,1,000021,1790193255.7057607,31985.5893487,10.033236899998883,candidate-warmup,101C4E,valid,1055822,0,True,
1,1,000021,1790193255.897186,31985.7807771,10.224665300000197,candidate-warmup,101C4E,valid,1055822,0,True,
1,1,000021,1790193256.0891702,31985.972759,10.416647199999716,candidate-warmup,101C4D,valid,1055821,-1,True,
1,1,000021,1790193256.2971573,31986.180746,10.62463420000131,candidate-warmup,101C4D,valid,1055821,0,True,
1,1,000021,1790193256.4887376,31986.3723272,10.816215399998327,candidate-warmup,101C4D,valid,1055821,0,True,
1,1,000021,1790193256.680736,31986.5643271,11.008215300000302,candidate-warmup,101C4D,valid,1055821,0,True,
1,1,000021,1790193256.888714,31986.7723056,11.216193799999019,candidate-warmup,101C4C,valid,1055820,-1,True,
1,1,000021,1790193257.080134,31986.9637229,11.407611099999485,candidate-warmup,101C43,valid,1055811,-9,True,
1,1,000021,1790193257.2721467,31987.155736,11.599624200000108,candidate-warmup,101C40,valid,1055808,-3,True,
1,1,000021,1790193257.479697,31987.3632857,11.807173900000635,candidate-warmup,101C3D,valid,1055805,-3,True,
1,1,000021,1790193257.6876917,31987.5712803,12.015168499998254,candidate-warmup,101C3C,valid,1055804,-1,True,
1,1,000021,1790193257.8796892,31987.7632788,12.207167000000481,candidate-warmup,101C3B,valid,1055803,-1,True,
1,1,000021,1790193258.071114,31987.9547031,12.39859129999968,candidate-warmup,101C3B,valid,1055803,0,True,
1,1,000021,1790193258.263101,31988.1466897,12.590577899998607,candidate-warmup,101C3B,valid,1055803,0,True,
1,1,000021,1790193258.4550948,31988.3386835,12.782571699997789,candidate-warmup,101C3B,valid,1055803,0,True,
1,1,000021,1790193258.6466718,31988.5302602,12.974148400000558,candidate-warmup,101C3A,valid,1055802,-1,True,
1,1,000021,1790193258.8546443,31988.7382356,13.182123800001136,candidate-warmup,101C2E,valid,1055790,-12,True,
1,1,000021,1790193259.0466466,31988.9302365,13.374124699999811,candidate-warmup,101C28,valid,1055784,-6,True,
1,1,000021,1790193259.2380629,31989.1216515,13.565539700000954,candidate-warmup,101C24,valid,1055780,-4,True,
1,1,000021,1790193259.4460962,31989.3296804,13.773568599997816,candidate-warmup,101C22,valid,1055778,-2,True,
1,1,000021,1790193259.654049,31989.5376379,13.981526100000337,candidate-warmup,101C1E,valid,1055774,-4,True,
1,1,000021,1790193259.8456237,31989.7292148,14.173103000000992,candidate-warmup,101C1A,valid,1055770,-4,True,
1,1,000021,1790193260.0376165,31989.9212061,14.365094299999328,candidate-warmup,101C16,valid,1055766,-4,True,
1,1,000021,1790193260.2296133,31990.1132015,14.557089699999779,candidate-warmup,101C14,valid,1055764,-2,True,
1,1,000021,1790193260.4216065,31990.3051953,14.74908349999896,candidate-warmup,101C14,valid,1055764,0,True,
1,1,000021,1790193260.613603,31990.4971921,14.941080299999157,candidate-warmup,101C12,valid,1055762,-2,True,
1,1,000021,1790193260.8210251,31990.7046152,15.148503399999754,candidate-warmup,101C11,valid,1055761,-1,True,
1,1,000021,1790193261.0130126,31990.8966013,15.340489499998512,candidate-warmup,101C10,valid,1055760,-1,True,
1,1,000021,1790193261.2045853,31991.0881729,15.532061099998828,candidate-warmup,101C0E,valid,1055758,-2,True,
1,1,000021,1790193261.4125745,31991.2961645,15.740052699999069,candidate-warmup,101C0C,valid,1055756,-2,True,
1,1,000021,1790193261.6045609,31991.4881521,15.932040299998334,candidate-warmup,101C0C,valid,1055756,0,True,
1,1,000021,1790193261.7965622,31991.6801518,16.124039999998786,candidate-warmup,101C0C,valid,1055756,0,True,
1,1,000021,1790193261.9879825,31991.8715717,16.31545990000086,candidate-warmup,101C0A,valid,1055754,-2,True,
1,1,000021,1790193262.1959722,31992.0795602,16.523448399999324,candidate-warmup,101C08,valid,1055752,-2,True,
1,1,000021,1790193262.3879905,31992.2715792,16.715467400001216,candidate-warmup,101C06,valid,1055750,-2,True,
1,1,000021,1790193262.5795367,31992.4631274,16.907015599997976,candidate-warmup,101C04,valid,1055748,-2,True,
1,1,000021,1790193262.7875297,31992.6711182,17.1150063999994,candidate-warmup,101C02,valid,1055746,-2,True,
1,1,000021,1790193262.979522,31992.8631113,17.30699950000053,candidate-warmup,101C01,valid,1055745,-1,True,
1,1,000021,1790193263.171521,31993.0551094,17.49899759999971,candidate-warmup,101C00,valid,1055744,-1,True,
1,1,000021,1790193263.3629344,31993.2465232,17.690411399998993,candidate-warmup,101BFE,valid,1055742,-2,True,
1,1,000021,1790193263.5709178,31993.4545087,17.89839690000008,candidate-warmup,101BFD,valid,1055741,-1,True,
1,1,000021,1790193263.7625003,31993.6460883,18.089976499999466,candidate-warmup,101BFC,valid,1055740,-1,True,
1,1,000021,1790193263.9544933,31993.8380825,18.281970699998055,candidate-warmup,101BFB,valid,1055739,-1,True,
1,1,000021,1790193264.162489,31994.0460769,18.48996509999779,candidate-warmup,101BFA,valid,1055738,-1,True,
1,1,000021,1790193264.3544793,31994.2380692,18.6819574000001,candidate-warmup,101BFA,valid,1055738,0,True,
1,1,000021,1790193264.5464773,31994.4300656,18.87395380000089,candidate-warmup,101BFA,valid,1055738,0,True,
1,1,000021,1790193264.753881,31994.6374705,19.081358700001147,candidate-warmup,101BFA,valid,1055738,0,True,
1,1,000021,1790193264.9458792,31994.8294687,19.27335690000109,candidate-warmup,101BF8,valid,1055736,-2,True,
1,1,000021,1790193265.1374562,31995.0210448,19.46493299999929,candidate-warmup,101BF8,valid,1055736,0,True,
1,1,000021,1790193265.329448,31995.213038,19.65692620000118,candidate-warmup,101BF8,valid,1055736,0,True,
1,1,000021,1790193265.5374315,31995.4210203,19.86490849999973,candidate-warmup,101BF6,valid,1055734,-2,True,
1,1,000021,1790193265.729428,31995.6130183,20.05690649999815,candidate-measurement,101BF4,valid,1055732,-2,True,
1,1,000021,1790193265.921422,31995.8050133,20.248901499999192,candidate-measurement,101BF4,valid,1055732,0,True,
1,1,000021,1790193266.1288488,31996.0124366,20.456324799997674,candidate-measurement,101BF3,valid,1055731,-1,True,
1,1,000021,1790193266.3204205,31996.2040092,20.647897399998328,candidate-measurement,101BF3,valid,1055731,0,True,
1,1,000021,1790193266.5124226,31996.3960121,20.83990029999768,candidate-measurement,101BF3,valid,1055731,0,True,
1,1,000021,1790193266.7203999,31996.6039896,21.047877799999696,candidate-measurement,101BF3,valid,1055731,0,True,
1,1,000021,1790193266.927814,31996.8114053,21.255293499998515,candidate-measurement,101BF3,valid,1055731,0,True,
1,1,000021,1790193267.1198123,31997.0034009,21.44728910000049,candidate-measurement,101BF1,valid,1055729,-2,True,
1,1,000021,1790193267.3114042,31997.1949927,21.638880899998185,candidate-measurement,101BE9,valid,1055721,-8,True,
1,1,000021,1790193267.5033834,31997.3869732,21.830861399997957,candidate-measurement,101BE6,valid,1055718,-3,True,
1,1,000021,1790193267.6953661,31997.5789551,22.022843300001114,candidate-measurement,101BE4,valid,1055716,-2,True,
1,1,000021,1790193267.8873687,31997.7709579,22.214846099999704,candidate-measurement,101BE2,valid,1055714,-2,True,
1,1,000021,1790193268.0947733,31997.978364,22.422252199998184,candidate-measurement,101BE1,valid,1055713,-1,True,
1,1,000021,1790193268.2867723,31998.1703604,22.614248599998973,candidate-measurement,101BE1,valid,1055713,0,True,
1,1,000021,1790193268.4787674,31998.3623554,22.806243600000016,candidate-measurement,101BE1,valid,1055713,0,True,
1,1,000021,1790193268.686341,31998.5699309,23.013819100000546,candidate-measurement,101BE1,valid,1055713,0,True,
1,1,000021,1790193268.8783488,31998.761938,23.205826199999137,candidate-measurement,101BE1,valid,1055713,0,True,
1,1,000021,1790193269.07033,31998.9539179,23.39780609999798,candidate-measurement,101BE0,valid,1055712,-1,True,
1,1,000021,1790193269.2617457,31999.1453341,23.589222300000984,candidate-measurement,101BDA,valid,1055706,-6,True,
1,1,000021,1790193269.4697373,31999.3533268,23.797214999998687,candidate-measurement,101BD0,valid,1055696,-10,True,
1,1,000021,1790193269.6617312,31999.5453196,23.989207800001168,candidate-measurement,101BCC,valid,1055692,-4,True,
1,1,000021,1790193269.8533027,31999.7368937,24.180781899998692,candidate-measurement,101BC9,valid,1055689,-3,True,
1,1,000021,1790193270.06129,31999.944881,24.388769199998933,candidate-measurement,101BC7,valid,1055687,-2,True,
1,1,000021,1790193270.253296,32000.1368837,24.5807719000004,candidate-measurement,101BC4,valid,1055684,-3,True,
1,1,000021,1790193270.4447029,32000.3282911,24.772179299998243,candidate-measurement,101BC1,valid,1055681,-3,True,
1,1,000021,1790193270.652285,32000.5358738,24.979761999999027,candidate-measurement,101BBD,valid,1055677,-4,True,
1,1,000021,1790193270.8442845,32000.7278726,25.171760799999902,candidate-measurement,101BBA,valid,1055674,-3,True,
1,1,000021,1790193271.0362647,32000.9198544,25.36374259999866,candidate-measurement,101BBA,valid,1055674,0,True,
1,1,000021,1790193271.228263,32001.1118514,25.55573960000038,candidate-measurement,101BB9,valid,1055673,-1,True,
1,1,000021,1790193271.4356744,32001.3192636,25.763151799998013,candidate-measurement,101BB8,valid,1055672,-1,True,
1,1,000021,1790193271.6276796,32001.5112701,25.95515829999931,candidate-measurement,101BB6,valid,1055670,-2,True,
1,1,000021,1790193271.8192399,32001.7028305,26.14671869999802,candidate-measurement,101BB5,valid,1055669,-1,True,
1,1,000021,1790193272.0272276,32001.9108181,26.354706300000544,candidate-measurement,101BB3,valid,1055667,-2,True,
1,1,000021,1790193272.2192287,32002.1028172,26.546705400000064,candidate-measurement,101BB2,valid,1055666,-1,True,
1,1,000021,1790193272.4106398,32002.2942283,26.738116500000615,candidate-measurement,101BB2,valid,1055666,0,True,
1,1,000021,1790193272.6186342,32002.5022254,26.94611359999908,candidate-measurement,101BB0,valid,1055664,-2,True,
1,1,000021,1790193272.8106287,32002.6942188,27.138106999998854,candidate-measurement,101BAE,valid,1055662,-2,True,
1,1,000021,1790193273.0022068,32002.885795,27.329683199997817,candidate-measurement,101BAC,valid,1055660,-2,True,
1,1,000021,1790193273.1941965,32003.0777849,27.521673100000044,candidate-measurement,101BAA,valid,1055658,-2,True,
1,1,000021,1790193273.4016106,32003.2851987,27.729086899998947,candidate-measurement,101BA8,valid,1055656,-2,True,
1,1,000021,1790193273.5936,32003.4771912,27.921079399999144,candidate-measurement,101BA7,valid,1055655,-1,True,
1,1,000021,1790193273.7855883,32003.6691774,28.113065599998663,candidate-measurement,101BA6,valid,1055654,-1,True,
1,1,000021,1790193273.9931693,32003.8767588,28.320647000000463,candidate-measurement,101BA4,valid,1055652,-2,True,
1,1,000021,1790193274.185178,32004.068766,28.512654199999815,candidate-measurement,101BA2,valid,1055650,-2,True,
1,1,000021,1790193274.376579,32004.2601677,28.70405589999791,candidate-measurement,101BA1,valid,1055649,-1,True,
1,1,000021,1790193274.5845964,32004.4681874,28.912075600001117,candidate-measurement,101BA0,valid,1055648,-1,True,
1,1,000021,1790193274.7761471,32004.6597366,29.103624799998215,candidate-measurement,101BA0,valid,1055648,0,True,
1,1,000021,1790193274.9681573,32004.8517454,29.295633599998837,candidate-measurement,101BA0,valid,1055648,0,True,
1,1,000021,1790193275.1601372,32005.0437255,29.4876136999992,candidate-measurement,101BA0,valid,1055648,0,True,
1,1,000021,1790193275.3675597,32005.2511491,29.695037299999967,candidate-measurement,101B9F,valid,1055647,-1,True,
1,1,000021,1790193275.5595436,32005.4431318,29.8870199999983,candidate-measurement,101B9E,valid,1055646,-1,True,
1,1,000021,1790193275.7515364,32005.6351246,30.079012800000783,candidate-measurement,101B9E,valid,1055646,0,True,
1,1,000021,1790193275.959104,32005.8426948,30.286583000000974,candidate-measurement,101B9E,valid,1055646,0,True,
1,1,000021,1790193276.1511,32006.0346885,30.478576699999394,candidate-measurement,101B9C,valid,1055644,-2,True,
1,1,000021,1790193276.343098,32006.2266869,30.67057510000086,candidate-measurement,101B9A,valid,1055642,-2,True,
1,1,000021,1790193276.5505083,32006.4340983,30.87798649999968,candidate-measurement,101B9A,valid,1055642,0,True,
1,1,000021,1790193276.7424927,32006.6260835,31.06997169999886,candidate-measurement,101B9A,valid,1055642,0,True,
1,1,000021,1790193276.9340749,32006.8176636,31.261551799998415,candidate-measurement,101B99,valid,1055641,-1,True,
1,1,000021,1790193277.126086,32007.0096742,31.45356239999819,candidate-measurement,101B99,valid,1055641,0,True,
1,1,000021,1790193277.3340669,32007.2176551,31.66154330000063,candidate-measurement,101B99,valid,1055641,0,True,
1,1,000021,1790193277.5254765,32007.4090665,31.852954699999827,candidate-measurement,101B99,valid,1055641,0,True,
1,1,000021,1790193277.7174623,32007.6010529,32.04494110000087,candidate-measurement,101B99,valid,1055641,0,True,
1,1,000021,1790193277.9254608,32007.8090511,32.252939300000435,candidate-measurement,101B95,valid,1055637,-4,True,
1,1,000021,1790193278.1170352,32008.0006235,32.444511699999566,candidate-measurement,101B8E,valid,1055630,-7,True,
1,1,000021,1790193278.3090339,32008.1926233,32.63651150000078,candidate-measurement,101B8B,valid,1055627,-3,True,
1,1,000021,1790193278.501022,32008.384611,32.828499200000806,candidate-measurement,101B89,valid,1055625,-2,True,
1,1,000021,1790193278.7084389,32008.5920289,33.03591709999819,candidate-measurement,101B88,valid,1055624,-1,True,
1,1,000021,1790193278.9004314,32008.7840193,33.22790750000058,candidate-measurement,101B87,valid,1055623,-1,True,
1,1,000021,1790193279.0920064,32008.9755956,33.41948380000031,candidate-measurement,101B87,valid,1055623,0,True,
1,1,000021,1790193279.3000035,32009.1835919,33.62748009999996,candidate-measurement,101B87,valid,1055623,0,True,
1,1,000021,1790193279.4919841,32009.3755752,33.81946339999922,candidate-measurement,101B87,valid,1055623,0,True,
1,1,000021,1790193279.6839857,32009.5675755,34.011463700000604,candidate-measurement,101B85,valid,1055621,-2,True,
1,1,000021,1790193279.8913987,32009.7749893,34.21887749999951,candidate-measurement,101B84,valid,1055620,-1,True,
1,1,000021,1790193280.083401,32009.9669912,34.41087939999852,candidate-measurement,101B78,valid,1055608,-12,True,
1,1,000021,1790193280.2753897,32010.1589785,34.60286669999914,candidate-measurement,101B73,valid,1055603,-5,True,
1,1,000021,1790193280.4669647,32010.3505541,34.79444230000081,candidate-measurement,101B70,valid,1055600,-3,True,
1,1,000021,1790193280.675017,32010.5586066,35.00249479999911,candidate-measurement,101B6E,valid,1055598,-2,True,
1,1,000021,1790193280.8669472,32010.7505375,35.194425699999556,candidate-measurement,101B6C,valid,1055596,-2,True,
1,1,000021,1790193281.0589395,32010.9425306,35.38641880000068,candidate-measurement,101B6A,valid,1055594,-2,True,
1,1,000021,1790193281.2663634,32011.1499524,35.59384059999866,candidate-measurement,101B66,valid,1055590,-4,True,
1,1,000021,1790193281.4583511,32011.3419398,35.78582800000004,candidate-measurement,101B63,valid,1055587,-3,True,
1,1,000021,1790193281.650344,32011.5339342,35.97782240000015,candidate-measurement,101B61,valid,1055585,-2,True,
1,1,000021,1790193281.8579443,32011.7415346,36.185422800001106,candidate-measurement,101B60,valid,1055584,-1,True,
1,1,000021,1790193282.0499122,32011.9335002,36.3773884000002,candidate-measurement,101B60,valid,1055584,0,True,
1,1,000021,1790193282.2413259,32012.124914,36.56880219999948,candidate-measurement,101B5E,valid,1055582,-2,True,
1,1,000021,1790193282.4333227,32012.316911,36.7607992000012,candidate-measurement,101B5D,valid,1055581,-1,True,
1,1,000021,1790193282.6409488,32012.5245359,36.96842409999954,candidate-measurement,101B5C,valid,1055580,-1,True,
1,1,000021,1790193282.8328843,32012.7164745,37.160362700000405,candidate-measurement,101B5A,valid,1055578,-2,True,
1,1,000021,1790193283.0248723,32012.9084609,37.35234909999781,candidate-measurement,101B58,valid,1055576,-2,True,
1,1,000021,1790193283.2329073,32013.1164958,37.56038400000034,candidate-measurement,101B58,valid,1055576,0,True,
1,1,000021,1790193283.424284,32013.3078735,37.751761700001225,candidate-measurement,101B57,valid,1055575,-1,True,
1,1,000021,1790193283.6162791,32013.4998687,37.94375690000015,candidate-measurement,101B54,valid,1055572,-3,True,
1,1,000021,1790193283.823879,32013.7074688,38.151356999998825,candidate-measurement,101B52,valid,1055570,-2,True,
1,1,000021,1790193284.0158484,32013.8994369,38.343325099998765,candidate-measurement,101B4E,valid,1055566,-4,True,
1,1,000021,1790193284.2078404,32014.091429,38.535317199999554,candidate-measurement,101B4D,valid,1055565,-1,True,
1,1,000021,1790193284.4152584,32014.2988466,38.74273479999829,candidate-measurement,101B4B,valid,1055563,-2,True,
1,1,000021,1790193284.6072443,32014.4908342,38.93472240000119,candidate-measurement,101B49,valid,1055561,-2,True,
1,1,000021,1790193284.7988253,32014.6824142,39.126302399999986,candidate-measurement,101B47,valid,1055559,-2,True,
1,1,000021,1790193284.9908164,32014.8744048,39.31829300000027,candidate-measurement,101B46,valid,1055558,-1,True,
1,1,000021,1790193285.1988122,32015.0824007,39.52628890000051,candidate-measurement,101B46,valid,1055558,0,True,
1,1,000021,1790193285.3902304,32015.2738214,39.71770959999776,candidate-measurement,101B46,valid,1055558,0,True,
1,1,000021,1790193285.5822306,32015.4658211,39.90970929999821,candidate-measurement,101B44,valid,1055556,-2,True,
1,1,000021,1790193285.7897897,32015.67338,40.11726819999967,candidate-measurement,101B44,valid,1055556,0,True,
1,1,000021,1790193285.981779,32015.8653698,40.30925800000114,candidate-measurement,101B44,valid,1055556,0,True,
1,1,000021,1790193286.1737826,32016.0573709,40.5012590999977,candidate-measurement,101B42,valid,1055554,-2,True,
1,1,000021,1790193286.3657682,32016.249359,40.69324720000077,candidate-measurement,101B40,valid,1055552,-2,True,
1,1,000021,1790193286.573196,32016.4567792,40.90066740000111,candidate-measurement,101B40,valid,1055552,0,True,
1,1,000021,1790193286.7651827,32016.6487704,41.092658599998686,candidate-measurement,101B3F,valid,1055551,-1,True,
1,1,000021,1790193286.9567566,32016.8403444,41.284232599999086,candidate-measurement,101B3F,valid,1055551,0,True,
1,1,000021,1790193287.1647444,32017.0483326,41.492220799998904,candidate-measurement,101B3F,valid,1055551,0,True,
1,1,000021,1790193287.3567383,32017.2403272,41.68421540000054,candidate-measurement,101B3D,valid,1055549,-2,True,
1,1,000021,1790193287.548158,32017.4317468,41.87563500000033,candidate-measurement,101B3D,valid,1055549,0,True,
1,1,000021,1790193287.7561462,32017.6397357,42.0836238999982,candidate-measurement,101B33,valid,1055539,-10,True,
1,1,000021,1790193287.9481425,32017.8317315,42.27561969999806,candidate-measurement,101B30,valid,1055536,-3,True,
1,1,000021,1790193288.139719,32018.0233072,42.46719540000049,candidate-measurement,101B2E,valid,1055534,-2,True,
1,1,000021,1790193288.331709,32018.2152976,42.65918579999925,candidate-measurement,101B2D,valid,1055533,-1,True,
1,1,000021,1790193288.5397048,32018.4232935,42.86718169999949,candidate-measurement,101B2D,valid,1055533,0,True,
1,1,000021,1790193288.7311127,32018.6147029,43.05859109999801,candidate-measurement,101B2D,valid,1055533,0,True,
1,1,000021,1790193288.9231062,32018.8066953,43.250583500001085,candidate-measurement,101B2C,valid,1055532,-1,True,
1,1,000021,1790193289.1311092,32019.0146974,43.45858560000124,candidate-measurement,101B28,valid,1055528,-4,True,
1,1,000021,1790193289.3226652,32019.206255,43.65014320000046,candidate-measurement,101B1C,valid,1055516,-12,True,
1,1,000021,1790193289.5146651,32019.3982563,43.84214449999854,candidate-measurement,101B18,valid,1055512,-4,True,
1,1,000021,1790193289.722081,32019.6056714,44.049559600000066,candidate-measurement,101B14,valid,1055508,-4,True,
1,1,000021,1790193289.914128,32019.7977161,44.2416043000012,candidate-measurement,101B12,valid,1055506,-2,True,
1,1,000021,1790193290.1060863,32019.9896759,44.433564099999785,candidate-measurement,101B0D,valid,1055501,-5,True,
1,1,000021,1790193290.297651,32020.1812394,44.62512760000027,candidate-measurement,101B09,valid,1055497,-4,True,
1,1,000021,1790193290.50563,32020.3892189,44.833107099999324,candidate-measurement,101B07,valid,1055495,-2,True,
1,1,000021,1790193290.6970506,32020.5806388,45.02452699999776,candidate-measurement,101B06,valid,1055494,-1,True,
1,1,000021,1790193290.8890448,32020.7726353,45.21652349999931,candidate-measurement,101B05,valid,1055493,-1,True,
1,1,000021,1790193291.0966127,32020.9802006,45.42408879999857,candidate-measurement,101B04,valid,1055492,-1,True,
1,1,000021,1790193291.2886174,32021.1722055,45.6160936999986,candidate-measurement,101B02,valid,1055490,-2,True,
1,1,000021,1790193291.4806094,32021.3641977,45.80808590000015,candidate-measurement,101B01,valid,1055489,-1,True,
1,1,000021,1790193291.6885958,32021.5721844,46.01607259999946,candidate-measurement,101AFF,valid,1055487,-2,True,
1,1,000021,1790193291.8960114,32021.7795997,46.22348789999887,candidate-measurement,101AFE,valid,1055486,-1,True,
1,1,000021,1790193292.0880134,32021.971601,46.41548920000059,candidate-measurement,101AFD,valid,1055485,-1,True,
1,1,000021,1790193292.2795935,32022.1631819,46.607070099998964,candidate-measurement,101AFB,valid,1055483,-2,True,
1,1,000021,1790193292.471577,32022.3551656,46.799053800001275,candidate-measurement,101AF8,valid,1055480,-3,True,
1,1,000021,1790193292.6635654,32022.5471557,46.99104389999775,candidate-measurement,101AF5,valid,1055477,-3,True,
1,1,000021,1790193292.8555615,32022.7391523,47.18304050000006,candidate-measurement,101AF2,valid,1055474,-3,True,
1,1,000021,1790193293.0629628,32022.9465527,47.390440899998794,candidate-measurement,101AF2,valid,1055474,0,True,
1,1,000021,1790193293.2549734,32023.1385616,47.58244980000018,candidate-measurement,101AF0,valid,1055472,-2,True,
1,1,000021,1790193293.44696,32023.3305505,47.77443869999843,candidate-measurement,101AEE,valid,1055470,-2,True,
1,1,000021,1790193293.6545365,32023.5381253,47.9820135000009,candidate-measurement,101AED,valid,1055469,-1,True,
1,1,000021,1790193293.8465261,32023.7301175,48.174005699998816,candidate-measurement,101AEC,valid,1055468,-1,True,
1,1,000021,1790193294.038525,32023.9221144,48.366002599999774,candidate-measurement,101AEC,valid,1055468,0,True,
1,1,000021,1790193294.2299397,32024.1135276,48.557415799998125,candidate-measurement,101AEC,valid,1055468,0,True,
1,1,000021,1790193294.4379325,32024.3215216,48.76540979999845,candidate-measurement,101AEA,valid,1055466,-2,True,
1,1,000021,1790193294.6299238,32024.5135133,48.95740149999983,candidate-measurement,101AEA,valid,1055466,0,True,
1,1,000021,1790193294.8214986,32024.7050888,49.14897700000074,candidate-measurement,101AEA,valid,1055466,0,True,
1,1,000021,1790193295.029497,32024.913086,49.35697419999997,candidate-measurement,101AE9,valid,1055465,-1,True,
1,1,000021,1790193295.2214804,32025.1050687,49.5489568999983,candidate-measurement,101AE7,valid,1055463,-2,True,
1,1,000021,1790193295.41348,32025.2970689,49.74095709999892,candidate-measurement,101AE6,valid,1055462,-1,True,
1,1,000021,1790193295.6208994,32025.5044873,49.94837550000011,candidate-measurement,101AE6,valid,1055462,0,True,
1,1,000021,1790193295.8128886,32025.6964774,50.14036560000022,candidate-measurement,101AE5,valid,1055461,-1,True,
1,1,000021,1790193296.0044622,32025.8880509,50.331939100000454,candidate-measurement,101AE5,valid,1055461,0,True,
1,1,000021,1790193296.1964583,32026.0800466,50.52393479999955,candidate-measurement,101AE5,valid,1055461,0,True,
1,1,000021,1790193296.4044483,32026.2880344,50.73192259999996,candidate-measurement,101AE5,valid,1055461,0,True,
1,1,000021,1790193296.5964437,32026.4800332,50.923921400000836,candidate-measurement,101AE5,valid,1055461,0,True,
1,1,000021,1790193296.787851,32026.6714404,51.115328600000794,candidate-measurement,101AE4,valid,1055460,-1,True,
1,1,000021,1790193296.9958365,32026.879425,51.323313199998665,candidate-measurement,101AE0,valid,1055456,-4,True,
1,1,000021,1790193297.1874256,32027.0710133,51.514901499998814,candidate-measurement,101ADA,valid,1055450,-6,True,
1,1,000021,1790193297.3794212,32027.2630097,51.7068978999996,candidate-measurement,101AD6,valid,1055446,-4,True,
1,1,000021,1790193297.5714033,32027.4549925,51.8988806999987,candidate-measurement,101AD4,valid,1055444,-2,True,
1,1,000021,1790193297.778822,32027.6624112,52.106299399998534,candidate-measurement,101AD3,valid,1055443,-1,True,
1,1,000021,1790193297.9708142,32027.8544022,52.29829039999822,candidate-measurement,101AD3,valid,1055443,0,True,
1,1,000021,1790193298.162394,32028.0459822,52.489870400000655,candidate-measurement,101AD3,valid,1055443,0,True,
1,1,000021,1790193298.370383,32028.2539711,52.69785929999853,candidate-measurement,101AD3,valid,1055443,0,True,
1,1,000021,1790193298.5623798,32028.4459693,52.88985749999847,candidate-measurement,101AD0,valid,1055440,-3,True,
1,1,000021,1790193298.7537856,32028.6373748,53.081263000000035,candidate-measurement,101AC4,valid,1055428,-12,True,
1,1,000021,1790193298.961786,32028.8453755,53.28926370000045,candidate-measurement,101ABF,valid,1055423,-5,True,
1,1,000021,1790193299.153385,32029.0369728,53.480861000000004,candidate-measurement,101ABC,valid,1055420,-3,True,
1,1,000021,1790193299.3453548,32029.2289432,53.67283139999927,candidate-measurement,101ABA,valid,1055418,-2,True,
1,1,000021,1790193299.5373445,32029.4209344,53.86482260000048,candidate-measurement,101AB9,valid,1055417,-1,True,
1,1,000021,1790193299.7453578,32029.6289457,54.07283389999793,candidate-measurement,101AB6,valid,1055414,-3,True,
1,1,000021,1790193299.9367578,32029.820346,54.26423419999992,candidate-measurement,101AB5,valid,1055413,-1,True,
1,1,000021,1790193300.1287549,32030.0123432,54.456231399999524,candidate-measurement,101AB3,valid,1055411,-2,True,
1,1,000021,1790193300.3363202,32030.2199085,54.663796699998784,candidate-measurement,101AB0,valid,1055408,-3,True,
1,1,000021,1790193300.528311,32030.4119021,54.85579030000008,candidate-measurement,101AAF,valid,1055407,-1,True,
1,1,000021,1790193300.7197292,32030.603318,55.0472062000008,candidate-measurement,101AAE,valid,1055406,-1,True,
1,1,000021,1790193300.9277222,32030.8113115,55.25519970000096,candidate-measurement,101AAD,valid,1055405,-1,True,
1,1,000021,1790193301.1197202,32031.0033082,55.447196400000394,candidate-measurement,101AAC,valid,1055404,-1,True,
1,1,000021,1790193301.3112948,32031.1948823,55.63877049999792,candidate-measurement,101AAC,valid,1055404,0,True,
1,1,000021,1790193301.5032818,32031.386872,55.83076019999862,candidate-measurement,101AAC,valid,1055404,0,True,
1,1,000021,1790193301.711278,32031.5948676,56.03875580000022,candidate-measurement,101AAB,valid,1055403,-1,True,
1,1,000021,1790193301.9026906,32031.7862799,56.23016809999899,candidate-measurement,101AAA,valid,1055402,-1,True,
1,1,000021,1790193302.0946863,32031.9782756,56.42216379999809,candidate-measurement,101AA8,valid,1055400,-2,True,
1,1,000021,1790193302.3026755,32032.1862639,56.63015209999867,candidate-measurement,101AA8,valid,1055400,0,True,
1,1,000021,1790193302.494674,32032.3782622,56.82215039999937,candidate-measurement,101AA6,valid,1055398,-2,True,
1,1,000021,1790193302.6862335,32032.5698245,57.013712699997996,candidate-measurement,101AA4,valid,1055396,-2,True,
1,1,000021,1790193302.894251,32032.7778418,57.221730000001116,candidate-measurement,101AA4,valid,1055396,0,True,
1,1,000021,1790193303.1022413,32032.9858305,57.429718700001104,candidate-measurement,101AA4,valid,1055396,0,True,
1,1,000021,1790193303.2936504,32033.1772387,57.62112689999776,candidate-measurement,101AA3,valid,1055395,-1,True,
1,1,000021,1790193303.4856267,32033.3692181,57.81310630000007,candidate-measurement,101AA0,valid,1055392,-3,True,
1,1,000021,1790193303.6772132,32033.5608043,58.00469249999878,candidate-measurement,101A9E,valid,1055390,-2,True,
1,1,000021,1790193303.8692064,32033.7527961,58.196684300000925,candidate-measurement,101A9B,valid,1055387,-3,True,
1,1,000021,1790193304.0612009,32033.9447913,58.38867949999985,candidate-measurement,101A99,valid,1055385,-2,True,
1,1,000021,1790193304.2691922,32034.1527801,58.5966683000006,candidate-measurement,101A98,valid,1055384,-1,True,
1,1,000021,1790193304.4611855,32034.3447765,58.78866469999775,candidate-measurement,101A97,valid,1055383,-1,True,
1,1,000021,1790193304.6525989,32034.5361904,58.980078599997796,candidate-measurement,101A96,valid,1055382,-1,True,
1,1,000021,1790193304.860223,32034.7438106,59.18769880000036,candidate-measurement,101A94,valid,1055380,-2,True,
1,1,000021,1790193305.0681698,32034.9517584,59.395646599998145,candidate-measurement,101A93,valid,1055379,-1,True,
1,1,000021,1790193305.2601633,32035.1437519,59.58764009999868,candidate-measurement,101A92,valid,1055378,-1,True,
1,1,000021,1790193305.451593,32035.3351815,59.77906969999822,candidate-measurement,101A92,valid,1055378,0,True,
1,1,000021,1790193305.6435664,32035.5271566,59.97104480000053,candidate-measurement,101A92,valid,1055378,0,True,
1,1,000021,1790193305.8355696,32035.7191579,60.16304609999861,candidate-measurement,101A92,valid,1055378,0,True,
1,1,000021,1790193306.0271485,32035.9107393,60.35462750000079,candidate-measurement,101A90,valid,1055376,-2,True,
1,1,000021,1790193306.2351296,32036.1187182,60.56260639999891,candidate-measurement,101A90,valid,1055376,0,True,
1,1,000021,1790193306.4271262,32036.3107158,60.754603999997926,candidate-measurement,101A90,valid,1055376,0,True,
1,1,000021,1790193306.6185372,32036.5021285,60.946016699999745,candidate-measurement,101A8F,valid,1055375,-1,True,
1,1,000021,1790193306.8265233,32036.710112,61.154000200000155,candidate-measurement,101A8D,valid,1055373,-2,True,
1,1,000021,1790193307.018525,32036.9021149,61.34600309999951,candidate-measurement,101A8C,valid,1055372,-1,True,
1,1,000021,1790193307.2101038,32037.0936914,61.537579600000754,candidate-measurement,101A8C,valid,1055372,0,True,
1,1,000021,1790193307.4020915,32037.2856817,61.72956989999875,candidate-measurement,101A8B,valid,1055371,-1,True,
1,1,000021,1790193307.610084,32037.4936741,61.93756229999781,candidate-measurement,101A8B,valid,1055371,0,True,
1,1,000021,1790193307.8020813,32037.6856717,62.12955990000046,candidate-measurement,101A8B,valid,1055371,0,True,
1,1,000021,1790193307.9934888,32037.8770795,62.32096769999771,candidate-measurement,101A8B,valid,1055371,0,True,
1,1,000021,1790193308.201489,32038.0850773,62.52896549999787,candidate-measurement,101A8B,valid,1055371,0,True,
1,1,000021,1790193308.3930619,32038.2766508,62.7205389999981,candidate-measurement,101A8B,valid,1055371,0,True,
1,1,000021,1790193308.5850525,32038.4686431,62.91253130000041,candidate-measurement,101A8A,valid,1055370,-1,True,
1,1,000021,1790193308.793054,32038.6766425,63.1205306999982,candidate-measurement,101A85,valid,1055365,-5,True,
1,1,000021,1790193308.9850364,32038.8686271,63.312515300000086,candidate-measurement,101A7E,valid,1055358,-7,True,
1,1,000021,1790193309.1764634,32039.0600515,63.503939700000046,candidate-measurement,101A7A,valid,1055354,-4,True,
1,1,000021,1790193309.3684459,32039.2520358,63.69592399999965,candidate-measurement,101A79,valid,1055353,-1,True,
1,1,000021,1790193309.576022,32039.4596102,63.90349839999908,candidate-measurement,101A79,valid,1055353,0,True,
1,1,000021,1790193309.768015,32039.6516064,64.09549459999835,candidate-measurement,101A79,valid,1055353,0,True,
1,1,000021,1790193309.9594307,32039.8430201,64.2869083000005,candidate-measurement,101A79,valid,1055353,0,True,
1,1,000021,1790193310.1674235,32040.0510122,64.49490040000092,candidate-measurement,101A78,valid,1055352,-1,True,
1,1,000021,1790193310.358998,32040.2425872,64.68647539999802,candidate-measurement,101A6C,valid,1055340,-12,True,
1,1,000021,1790193310.55099,32040.434578,64.87846619999982,candidate-measurement,101A64,valid,1055332,-8,True,
1,1,000021,1790193310.7589848,32040.6425753,65.08646349999981,candidate-measurement,101A60,valid,1055328,-4,True,
1,1,000021,1790193310.950402,32040.8339901,65.27787829999943,candidate-measurement,101A5D,valid,1055325,-3,True,
1,1,000021,1790193311.142397,32041.0259848,65.46987299999819,candidate-measurement,101A59,valid,1055321,-4,True,
1,1,000021,1790193311.3339648,32041.2175552,65.66144340000028,candidate-measurement,101A55,valid,1055317,-4,True,
1,1,000021,1790193311.5419574,32041.4255462,65.86943439999959,candidate-measurement,101A52,valid,1055314,-3,True,
1,1,000021,1790193311.7339592,32041.617548,66.06143619999784,candidate-measurement,101A52,valid,1055314,0,True,
1,1,000021,1790193311.925939,32041.8095293,66.25341750000007,candidate-measurement,101A51,valid,1055313,-1,True,
1,1,000021,1790193312.1333601,32042.0169486,66.46083680000083,candidate-measurement,101A4F,valid,1055311,-2,True,
1,1,000021,1790193312.325356,32042.2089459,66.6528341000012,candidate-measurement,101A4E,valid,1055310,-1,True,
1,1,000021,1790193312.5173428,32042.4009329,66.84482109999954,candidate-measurement,101A4C,valid,1055308,-2,True,
1,1,000021,1790193312.7249203,32042.6085098,67.05239799999981,candidate-measurement,101A4A,valid,1055306,-2,True,
1,1,000021,1790193312.9169106,32042.8004994,67.24438759999975,candidate-measurement,101A4A,valid,1055306,0,True,
1,1,000021,1790193313.1083293,32042.9919178,67.43580599999768,candidate-measurement,101A49,valid,1055305,-1,True,
1,1,000021,1790193313.3003302,32043.1839191,67.6278072999994,candidate-measurement,101A47,valid,1055303,-2,True,
1,1,000021,1790193313.5079176,32043.3915059,67.83539409999867,candidate-measurement,101A44,valid,1055300,-3,True,
1,1,000021,1790193313.6998873,32043.5834771,68.02736530000038,candidate-measurement,101A42,valid,1055298,-2,True,
1,1,000021,1790193313.8918853,32043.7754749,68.21936310000092,candidate-measurement,101A40,valid,1055296,-2,True,
1,1,000021,1790193314.099879,32043.9834681,68.42735629999879,candidate-measurement,101A3F,valid,1055295,-1,True,
1,1,000021,1790193314.2912972,32044.1748852,68.61877339999774,candidate-measurement,101A3F,valid,1055295,0,True,
1,1,000021,1790193314.4832883,32044.3668768,68.81076499999836,candidate-measurement,101A3E,valid,1055294,-1,True,
1,1,000021,1790193314.6908565,32044.5744479,69.01833609999812,candidate-measurement,101A3C,valid,1055292,-2,True,
1,1,000021,1790193314.8828669,32044.766458,69.21034619999773,candidate-measurement,101A3A,valid,1055290,-2,True,
1,1,000021,1790193315.0748427,32044.9584325,69.40232069999911,candidate-measurement,101A38,valid,1055288,-2,True,
1,1,000021,1790193315.2668402,32045.1504287,69.59431689999838,candidate-measurement,101A38,valid,1055288,0,True,
1,1,000021,1790193315.4742503,32045.3578415,69.80172970000058,candidate-measurement,101A38,valid,1055288,0,True,
1,1,000021,1790193315.6662543,32045.5498428,69.99373099999866,candidate-measurement,101A38,valid,1055288,0,True,
1,1,000021,1790193315.8578172,32045.7414085,70.1852966999977,candidate-measurement,101A36,valid,1055286,-2,True,
1,1,000021,1790193316.065811,32045.9493996,70.39328779999778,candidate-measurement,101A36,valid,1055286,0,True,
1,1,000021,1790193316.2578118,32046.1414002,70.58528839999781,candidate-measurement,101A36,valid,1055286,0,True,
1,1,000021,1790193316.4497988,32046.3333891,70.7772772999997,candidate-measurement,101A35,valid,1055285,-1,True,
1,1,000021,1790193316.6412163,32046.524807,70.9686952000011,candidate-measurement,101A33,valid,1055283,-2,True,
1,1,000021,1790193316.8492115,32046.7327997,71.1766878999988,candidate-measurement,101A32,valid,1055282,-1,True,
1,1,000021,1790193317.040778,32046.9243678,71.36825599999793,candidate-measurement,101A32,valid,1055282,0,True,
1,1,000021,1790193317.23278,32047.1163684,71.56025659999796,candidate-measurement,101A31,valid,1055281,-1,True,
1,1,000021,1790193317.4401903,32047.3237813,71.76766950000092,candidate-measurement,101A31,valid,1055281,0,True,
1,1,000021,1790193317.6322048,32047.5157935,71.95968169999833,candidate-measurement,101A31,valid,1055281,0,True,
1,1,000021,1790193317.823755,32047.7073464,72.15123459999813,candidate-measurement,101A31,valid,1055281,0,True,
1,1,000021,1790193318.031746,32047.9153367,72.35922489999939,candidate-measurement,101A31,valid,1055281,0,True,
1,1,000021,1790193318.2237492,32048.1073379,72.55122610000035,candidate-measurement,101A30,valid,1055280,-1,True,
1,1,000021,1790193318.4157522,32048.2993419,72.7432301000008,candidate-measurement,101A2B,valid,1055275,-5,True,
1,1,000021,1790193318.6071537,32048.490743,72.93463119999797,candidate-measurement,101A24,valid,1055268,-7,True,
1,1,000021,1790193318.814742,32048.6983326,73.14222080000036,candidate-measurement,101A21,valid,1055265,-3,True,
1,1,000021,1790193319.006722,32048.8903109,73.33419909999793,candidate-measurement,101A1F,valid,1055263,-2,True,
1,1,000021,1790193319.1987154,32049.0823035,73.52619169999889,candidate-measurement,101A1F,valid,1055263,0,True,
1,1,000021,1790193319.4067125,32049.2903019,73.73419009999998,candidate-measurement,101A1F,valid,1055263,0,True,
1,1,000021,1790193319.5981193,32049.4817098,73.92559799999799,candidate-measurement,101A1F,valid,1055263,0,True,
1,1,000021,1790193319.790119,32049.6737069,74.11759510000047,candidate-measurement,101A1C,valid,1055260,-3,True,
1,1,000021,1790193319.9976857,32049.8812753,74.32516349999787,candidate-measurement,101A0F,valid,1055247,-13,True,
1,1,000021,1790193320.1896794,32050.0732672,74.51715540000077,candidate-measurement,101A0A,valid,1055242,-5,True,
1,1,000021,1790193320.3816705,32050.2652617,74.70914989999801,candidate-measurement,101A07,valid,1055239,-3,True,
1,1,000021,1790193320.5730858,32050.4566766,74.90056479999839,candidate-measurement,101A05,valid,1055237,-2,True,
1,1,000021,1790193320.7810895,32050.6646777,75.10856589999821,candidate-measurement,101A02,valid,1055234,-3,True,
1,1,000021,1790193320.9730842,32050.8566734,75.30056160000095,candidate-measurement,101A00,valid,1055232,-2,True,
1,1,000021,1790193321.164656,32051.0482442,75.49213239999881,candidate-measurement,1019FC,valid,1055228,-4,True,
1,1,000021,1790193321.3726578,32051.2562481,75.70013629999812,candidate-measurement,1019FA,valid,1055226,-2,True,
1,1,000021,1790193321.564058,32051.447649,75.89153720000104,candidate-measurement,1019F8,valid,1055224,-2,True,
1,1,000021,1790193321.756048,32051.6396364,76.08352459999878,candidate-measurement,1019F8,valid,1055224,0,True,
1,1,000021,1790193321.9636393,32051.8472289,76.29111709999779,candidate-measurement,1019F7,valid,1055223,-1,True,
1,1,000021,1790193322.1556232,32052.0392113,76.48309950000112,candidate-measurement,1019F6,valid,1055222,-1,True,
1,1,000021,1790193322.347616,32052.2312046,76.67509280000013,candidate-measurement,1019F4,valid,1055220,-2,True,
1,1,000021,1790193322.5550146,32052.4386034,76.88249160000123,candidate-measurement,1019F3,valid,1055219,-1,True,
1,1,000021,1790193322.7470226,32052.6306112,77.07449939999788,candidate-measurement,1019F1,valid,1055217,-2,True,
1,1,000021,1790193322.9385867,32052.822178,77.26606619999802,candidate-measurement,1019F0,valid,1055216,-1,True,
1,1,000021,1790193323.1305842,32053.0141728,77.45806100000118,candidate-measurement,1019F0,valid,1055216,0,True,
1,1,000021,1790193323.3385758,32053.2221652,77.66605340000024,candidate-measurement,1019EE,valid,1055214,-2,True,
1,1,000021,1790193323.530577,32053.4141658,77.85805400000027,candidate-measurement,1019EC,valid,1055212,-2,True,
1,1,000021,1790193323.7219868,32053.6055774,78.04946560000099,candidate-measurement,1019E9,valid,1055209,-3,True,
1,1,000021,1790193323.9299734,32053.8135648,78.25745299999835,candidate-measurement,1019E5,valid,1055205,-4,True,
1,1,000021,1790193324.1215575,32054.005146,78.449034199999,candidate-measurement,1019E4,valid,1055204,-1,True,
1,1,000021,1790193324.3135514,32054.19714,78.64102819999971,candidate-measurement,1019E2,valid,1055202,-2,True,
1,1,000021,1790193324.5055377,32054.3891269,78.83301510000092,candidate-measurement,1019E0,valid,1055200,-2,True,
1,1,000021,1790193324.7129574,32054.5965463,79.04043449999881,candidate-measurement,1019DF,valid,1055199,-1,True,
1,1,000021,1790193324.904945,32054.7885346,79.23242279999977,candidate-measurement,1019DE,valid,1055198,-1,True,
1,1,000021,1790193325.0969503,32054.9805394,79.42442759999904,candidate-measurement,1019DE,valid,1055198,0,True,
1,1,000021,1790193325.3045075,32055.1880964,79.63198460000058,candidate-measurement,1019DE,valid,1055198,0,True,
1,1,000021,1790193325.4965088,32055.3800992,79.82398739999917,candidate-measurement,1019DE,valid,1055198,0,True,
1,1,000021,1790193325.6885018,32055.5720929,80.01598110000123,candidate-measurement,1019DE,valid,1055198,0,True,
1,1,000021,1790193325.895929,32055.7795198,80.22340799999802,candidate-measurement,1019DD,valid,1055197,-1,True,
1,1,000021,1790193326.087914,32055.9715025,80.41539069999999,candidate-measurement,1019DD,valid,1055197,0,True,
1,1,000021,1790193326.279489,32056.1630782,80.60696639999878,candidate-measurement,1019DB,valid,1055195,-2,True,
1,1,000021,1790193326.4714816,32056.35507,80.79895820000092,candidate-measurement,1019DA,valid,1055194,-1,True,
1,1,000021,1790193326.6794727,32056.5630642,81.00695239999914,candidate-measurement,1019D8,valid,1055192,-2,True,
1,1,000021,1790193326.8708851,32056.7544745,81.19836270000087,candidate-measurement,1019D8,valid,1055192,0,True,
1,1,000021,1790193327.0624564,32056.9460461,81.38993430000119,candidate-measurement,1019D8,valid,1055192,0,True,
1,1,000021,1790193327.2704556,32057.1540442,81.59793239999999,candidate-measurement,1019D7,valid,1055191,-1,True,
1,1,000021,1790193327.4624453,32057.3460363,81.78992450000078,candidate-measurement,1019D7,valid,1055191,0,True,
1,1,000021,1790193327.6538606,32057.5374519,81.98134009999922,candidate-measurement,1019D7,valid,1055191,0,True,
1,1,000021,1790193327.8618696,32057.7454588,82.18934699999954,candidate-measurement,1019D7,valid,1055191,0,True,
1,1,000021,1790193328.0534267,32057.937017,82.38090519999969,candidate-measurement,1019D7,valid,1055191,0,True,
1,1,000021,1790193328.2454228,32058.1290115,82.57289970000056,candidate-measurement,1019D6,valid,1055190,-1,True,
1,1,000021,1790193328.4534163,32058.3370059,82.7808941000003,candidate-measurement,1019CA,valid,1055178,-12,True,
1,1,000021,1790193328.6448278,32058.5284173,82.9723054999995,candidate-measurement,1019C7,valid,1055175,-3,True,
1,1,000021,1790193328.836825,32058.720415,83.16430319999927,candidate-measurement,1019C5,valid,1055173,-2,True,
1,1,000021,1790193329.0284073,32058.9119984,83.35588659999848,candidate-measurement,1019C5,valid,1055173,0,True,
1,1,000021,1790193329.2363942,32059.1199828,83.56387099999847,candidate-measurement,1019C5,valid,1055173,0,True,
1,1,000021,1790193329.4284022,32059.3119909,83.75587910000104,candidate-measurement,1019C2,valid,1055170,-3,True,
1,1,000021,1790193329.6197996,32059.5033892,83.94727739999871,candidate-measurement,1019B4,valid,1055156,-14,True,
1,1,000021,1790193329.8274357,32059.7110267,84.1549148999984,candidate-measurement,1019AF,valid,1055151,-5,True,
1,1,000021,1790193330.019367,32059.9029564,84.34684460000062,candidate-measurement,1019AC,valid,1055148,-3,True,
1,1,000021,1790193330.2113612,32060.0949501,84.53883829999904,candidate-measurement,1019AA,valid,1055146,-2,True,
1,1,000021,1790193330.4187748,32060.3023635,84.74625169999854,candidate-measurement,1019A6,valid,1055142,-4,True,
1,1,000021,1790193330.6107655,32060.4943549,84.93824310000127,candidate-measurement,1019A2,valid,1055138,-4,True,
1,1,000021,1790193330.8023393,32060.6859292,85.12981740000032,candidate-measurement,1019A0,valid,1055136,-2,True,
1,1,000021,1790193330.9943314,32060.8779215,85.321809699999,candidate-measurement,10199F,valid,1055135,-1,True,
1,1,000021,1790193331.2023323,32061.0859201,85.52980829999797,candidate-measurement,10199E,valid,1055134,-1,True,
1,1,000021,1790193331.3937378,32061.2773282,85.72121640000114,candidate-measurement,10199E,valid,1055134,0,True,
1,1,000021,1790193331.5857308,32061.4693214,85.91320959999939,candidate-measurement,10199D,valid,1055133,-1,True,
1,1,000021,1790193331.7933064,32061.6768973,86.12078549999933,candidate-measurement,10199C,valid,1055132,-1,True,
1,1,000021,1790193331.9853015,32061.8688905,86.31277870000122,candidate-measurement,10199A,valid,1055130,-2,True,
1,1,000021,1790193332.1772964,32062.0608846,86.50477279999905,candidate-measurement,101999,valid,1055129,-1,True,
1,1,000021,1790193332.3847077,32062.268298,86.71218619999854,candidate-measurement,101997,valid,1055127,-2,True,
1,1,000021,1790193332.5767012,32062.4602917,86.9041799000006,candidate-measurement,101996,valid,1055126,-1,True,
1,1,000021,1790193332.768697,32062.6522867,87.096174899998,candidate-measurement,101996,valid,1055126,0,True,
1,1,000021,1790193332.9602635,32062.8438545,87.28774269999849,candidate-measurement,101993,valid,1055123,-3,True,
1,1,000021,1790193333.1682665,32063.0518543,87.49574249999932,candidate-measurement,101990,valid,1055120,-3,True,
1,1,000021,1790193333.3602633,32063.2438524,87.6877405999985,candidate-measurement,10198E,valid,1055118,-2,True,
1,1,000021,1790193333.552251,32063.4358418,87.87973000000056,candidate-measurement,10198B,valid,1055115,-3,True,
1,1,000021,1790193333.7596657,32063.6432547,88.08714289999989,candidate-measurement,10198A,valid,1055114,-1,True,
1,1,000021,1790193333.9512303,32063.8348199,88.27870809999877,candidate-measurement,101988,valid,1055112,-2,True,
1,1,000021,1790193334.1432273,32064.0268162,88.4707043999988,candidate-measurement,101986,valid,1055110,-2,True,
1,1,000021,1790193334.3352308,32064.2188197,88.66270789999908,candidate-measurement,101984,valid,1055108,-2,True,
1,1,000021,1790193334.5432231,32064.4268123,88.87070049999966,candidate-measurement,101984,valid,1055108,0,True,
1,1,000021,1790193334.7346194,32064.6182109,89.06209909999961,candidate-measurement,101984,valid,1055108,0,True,
1,1,000021,1790193334.9266264,32064.8102159,89.2541041000004,candidate-measurement,101984,valid,1055108,0,True,
1,1,000021,1790193335.1342278,32065.0178168,89.46170499999789,candidate-measurement,101982,valid,1055106,-2,True,
1,1,000021,1790193335.3261962,32065.2097847,89.65367289999995,candidate-measurement,101982,valid,1055106,0,True,
1,1,000021,1790193335.5181816,32065.401773,89.8456612000009,candidate-measurement,101982,valid,1055106,0,True,
1,1,000021,1790193335.7255964,32065.6091878,90.05307600000015,candidate-measurement,101981,valid,1055105,-1,True,
1,1,000021,1790193335.9176085,32065.8011993,90.2450874999995,candidate-measurement,10197F,valid,1055103,-2,True,
1,1,000021,1790193336.1095917,32065.9931804,90.4370686000002,candidate-measurement,10197E,valid,1055102,-1,True,
1,1,000021,1790193336.3011615,32066.1847502,90.62863839999773,candidate-measurement,10197E,valid,1055102,0,True,
1,1,000021,1790193336.5091603,32066.3927487,90.83663689999958,candidate-measurement,10197D,valid,1055101,-1,True,
1,1,000021,1790193336.7011416,32066.584733,91.02862119999918,candidate-measurement,10197D,valid,1055101,0,True,
1,1,000021,1790193336.8925602,32066.7761514,91.22003960000075,candidate-measurement,10197D,valid,1055101,0,True,
1,1,000021,1790193337.1005495,32066.9841378,91.42802599999777,candidate-measurement,10197D,valid,1055101,0,True,
1,1,000021,1790193337.292552,32067.1761403,91.62002849999772,candidate-measurement,10197D,valid,1055101,0,True,
1,1,000021,1790193337.4841204,32067.3677104,91.81159860000116,candidate-measurement,10197C,valid,1055100,-1,True,
1,1,000021,1790193337.6921148,32067.5757063,92.01959449999777,candidate-measurement,101973,valid,1055091,-9,True,
1,1,000021,1790193337.8841076,32067.767698,92.21158619999915,candidate-measurement,101970,valid,1055088,-3,True,
1,1,000021,1790193338.075525,32067.9591161,92.40300429999843,candidate-measurement,10196D,valid,1055085,-3,True,
1,1,000021,1790193338.2830997,32068.1666873,92.61057549999896,candidate-measurement,10196C,valid,1055084,-1,True,
1,1,000021,1790193338.4751053,32068.3586954,92.80258359999789,candidate-measurement,10196B,valid,1055083,-1,True,
1,1,000021,1790193338.6670952,32068.5506835,92.99457170000096,candidate-measurement,10196B,valid,1055083,0,True,
1,1,000021,1790193338.8590777,32068.7426657,93.18655389999913,candidate-measurement,10196B,valid,1055083,0,True,
1,1,000021,1790193339.0664883,32068.9500782,93.39396639999904,candidate-measurement,10196B,valid,1055083,0,True,
1,1,000021,1790193339.258496,32069.1420842,93.58597240000017,candidate-measurement,10196A,valid,1055082,-1,True,
1,1,000021,1790193339.450474,32069.3340652,93.77795340000011,candidate-measurement,10196A,valid,1055082,0,True,
1,1,000021,1790193339.6580517,32069.5416417,93.98552990000098,candidate-measurement,10195C,valid,1055068,-14,True,
1,1,000021,1790193339.8500428,32069.7336342,94.17752240000118,candidate-measurement,101955,valid,1055061,-7,True,
1,1,000021,1790193340.0420394,32069.9256297,94.36951789999875,candidate-measurement,101952,valid,1055058,-3,True,
1,1,000021,1790193340.2334569,32070.1170453,94.56093350000083,candidate-measurement,10194F,valid,1055055,-3,True,
1,1,000021,1790193340.4414506,32070.3250393,94.76892750000115,candidate-measurement,10194C,valid,1055052,-3,True,
1,1,000021,1790193340.633021,32070.5166125,94.9605006999991,candidate-measurement,101947,valid,1055047,-5,True,
1,1,000021,1790193340.825011,32070.7086023,95.15249050000057,candidate-measurement,101945,valid,1055045,-2,True,
1,1,000021,1790193341.0330098,32070.916598,95.36048619999929,candidate-measurement,101944,valid,1055044,-1,True,
1,1,000021,1790193341.224429,32071.1080171,95.55190529999891,candidate-measurement,101944,valid,1055044,0,True,
1,1,000021,1790193341.4164176,32071.300008,95.74389619999783,candidate-measurement,101943,valid,1055043,-1,True,
1,1,000021,1790193341.6240017,32071.5075923,95.95148049999989,candidate-measurement,101941,valid,1055041,-2,True,
1,1,000021,1790193341.8159828,32071.6995738,96.143462,candidate-measurement,101940,valid,1055040,-1,True,
1,1,000021,1790193342.00797,32071.8915598,96.335447999998,candidate-measurement,10193E,valid,1055038,-2,True,
1,1,000021,1790193342.199974,32072.0835628,96.52745099999811,candidate-measurement,10193C,valid,1055036,-2,True,
1,1,000021,1790193342.4073863,32072.2909761,96.73486430000048,candidate-measurement,10193C,valid,1055036,0,True,
1,1,000021,1790193342.599375,32072.4829659,96.92685409999831,candidate-measurement,10193B,valid,1055035,-1,True,
1,1,000021,1790193342.7909462,32072.6745378,97.11842600000091,candidate-measurement,101938,valid,1055032,-3,True,
1,1,000021,1790193342.99895,32072.8825391,97.32642729999861,candidate-measurement,101936,valid,1055030,-2,True,
1,1,000021,1790193343.1909356,32073.0745243,97.5184124999978,candidate-measurement,101933,valid,1055027,-3,True,
1,1,000021,1790193343.3829305,32073.26652,97.71040820000053,candidate-measurement,101931,valid,1055025,-2,True,
1,1,000021,1790193343.590341,32073.4739323,97.91782049999892,candidate-measurement,101930,valid,1055024,-1,True,
1,1,000021,1790193343.782344,32073.6659334,98.10982159999912,candidate-measurement,10192E,valid,1055022,-2,True,
1,1,000021,1790193343.9739068,32073.8574979,98.30138609999995,candidate-measurement,10192C,valid,1055020,-2,True,
1,1,000021,1790193344.1659098,32074.0494977,98.49338590000116,candidate-measurement,10192B,valid,1055019,-1,True,
1,1,000021,1790193344.3733215,32074.2569091,98.70079729999998,candidate-measurement,10192A,valid,1055018,-1,True,
1,1,000021,1790193344.5653198,32074.4489077,98.89279589999933,candidate-measurement,10192A,valid,1055018,0,True,
1,1,000021,1790193344.7573273,32074.6409158,99.08480399999826,candidate-measurement,10192A,valid,1055018,0,True,
1,1,000021,1790193344.964877,32074.8484668,99.29235499999777,candidate-measurement,10192A,valid,1055018,0,True,
1,1,000021,1790193345.156875,32075.0404639,99.48435210000025,candidate-measurement,101928,valid,1055016,-2,True,
1,1,000021,1790193345.3488698,32075.2324594,99.67634759999783,candidate-measurement,101928,valid,1055016,0,True,
1,1,000021,1790193345.5568585,32075.4404467,99.88433489999807,candidate-measurement,101928,valid,1055016,0,True,
1,1,000021,1790193345.7642746,32075.6478663,100.09175450000112,candidate-measurement,101927,valid,1055015,-1,True,
1,1,000021,1790193345.9563348,32075.8399213,100.28380950000064,candidate-measurement,101925,valid,1055013,-2,True,
1,1,000021,1790193346.148273,32076.0318609,100.47574909999821,candidate-measurement,101924,valid,1055012,-1,True,
1,1,000021,1790193346.3398411,32076.2234294,100.66731760000039,candidate-measurement,101924,valid,1055012,0,True,
1,1,000021,1790193346.5318334,32076.4154232,100.85931139999957,candidate-measurement,101923,valid,1055011,-1,True,
1,1,000021,1790193346.723842,32076.6074299,101.05131809999875,candidate-measurement,101923,valid,1055011,0,True,
1,1,000021,1790193346.9312413,32076.8148297,101.25871790000019,candidate-measurement,101923,valid,1055011,0,True,
1,1,000021,1790193347.122815,32077.0064035,101.45029169999907,candidate-measurement,101923,valid,1055011,0,True,
1,1,000021,1790193347.3148062,32077.1983953,101.64228350000121,candidate-measurement,101923,valid,1055011,0,True,
1,1,000021,1790193347.5228012,32077.4063911,101.8502793000007,candidate-measurement,101922,valid,1055010,-1,True,
1,1,000021,1790193347.7151933,32077.5987801,102.04266830000051,candidate-measurement,10191C,valid,1055004,-6,True,
1,1,000021,1790193347.906212,32077.7897997,102.2336878999995,candidate-measurement,101917,valid,1054999,-5,True,
1,1,000021,1790193348.0981977,32077.9817872,102.425675399998,candidate-measurement,101914,valid,1054996,-3,True,
1,1,000021,1790193348.305773,32078.1893616,102.63324980000107,candidate-measurement,101912,valid,1054994,-2,True,
1,1,000021,1790193348.4977686,32078.381358,102.82524619999822,candidate-measurement,101911,valid,1054993,-1,True,
1,1,000021,1790193348.689764,32078.5733522,103.01724040000045,candidate-measurement,101911,valid,1054993,0,True,
1,1,000021,1790193348.8971689,32078.7807588,103.2246469999991,candidate-measurement,101911,valid,1054993,0,True,
1,1,000021,1790193349.089167,32078.9727556,103.41664379999929,candidate-measurement,10190F,valid,1054991,-2,True,
1,1,000021,1790193349.280746,32079.1643342,103.60822239999834,candidate-measurement,10190D,valid,1054989,-2,True,
1,1,000021,1790193349.4887395,32079.3723272,103.81621539999833,candidate-measurement,101901,valid,1054977,-12,True,
1,1,000021,1790193349.6807234,32079.5643125,104.00820069999827,candidate-measurement,1018FC,valid,1054972,-5,True,
1,1,000021,1790193349.8727176,32079.7563089,104.20019709999906,candidate-measurement,1018F9,valid,1054969,-3,True,
1,1,000021,1790193350.0641308,32079.947722,104.39161020000029,candidate-measurement,1018F7,valid,1054967,-2,True,
1,1,000021,1790193350.2721326,32080.1557207,104.59960890000002,candidate-measurement,1018F5,valid,1054965,-2,True,
1,1,000021,1790193350.4637039,32080.3472934,104.7911815999978,candidate-measurement,1018F2,valid,1054962,-3,True,
1,1,000021,1790193350.655701,32080.5392905,104.98317870000028,candidate-measurement,1018EE,valid,1054958,-4,True,
1,1,000021,1790193350.8636863,32080.7472776,105.191165799999,candidate-measurement,1018EC,valid,1054956,-2,True,
1,1,000021,1790193351.0556862,32080.9392743,105.38316249999843,candidate-measurement,1018EB,valid,1054955,-1,True,
1,1,000021,1790193351.2471008,32081.1306891,105.57457729999805,candidate-measurement,1018EA,valid,1054954,-1,True,
1,1,000021,1790193351.4390988,32081.3226874,105.76657559999876,candidate-measurement,1018EA,valid,1054954,0,True,
1,1,000021,1790193351.64666,32081.5302516,105.97413980000056,candidate-measurement,1018E9,valid,1054953,-1,True,
1,1,000021,1790193351.8386557,32081.7222468,106.16613499999949,candidate-measurement,1018E8,valid,1054952,-1,True,
1,1,000021,1790193352.030651,32081.9142402,106.35812839999926,candidate-measurement,1018E7,valid,1054951,-1,True,
1,1,000021,1790193352.2380636,32082.1216523,106.56554049999977,candidate-measurement,1018E5,valid,1054949,-2,True,
1,1,000021,1790193352.430059,32082.3136487,106.75753690000056,candidate-measurement,1018E2,valid,1054946,-3,True,
1,1,000021,1790193352.6220574,32082.5056469,106.9495351000005,candidate-measurement,1018E1,valid,1054945,-1,True,
1,1,000021,1790193352.8296196,32082.7132083,107.15709649999917,candidate-measurement,1018DE,valid,1054942,-3,True,
1,1,000021,1790193353.0216334,32082.9052219,107.34911009999996,candidate-measurement,1018DB,valid,1054939,-3,True,
1,1,000021,1790193353.2136135,32083.0972018,107.5410899999988,candidate-measurement,1018D8,valid,1054936,-3,True,
1,1,000021,1790193353.405612,32083.2892018,107.7330899999979,candidate-measurement,1018D7,valid,1054935,-1,True,
1,1,000021,1790193353.6130235,32083.4966116,107.94049979999909,candidate-measurement,1018D6,valid,1054934,-1,True,
1,1,000021,1790193353.805023,32083.6886112,108.13249939999878,candidate-measurement,1018D4,valid,1054932,-2,True,
1,1,000021,1790193353.9965897,32083.8801789,108.3240670999985,candidate-measurement,1018D2,valid,1054930,-2,True,
1,1,000021,1790193354.2045865,32084.0881747,108.53206289999798,candidate-measurement,1018D1,valid,1054929,-1,True,
1,1,000021,1790193354.396575,32084.2801652,108.72405340000114,candidate-measurement,1018D0,valid,1054928,-1,True,
1,1,000021,1790193354.587996,32084.4715841,108.91547229999924,candidate-measurement,1018D0,valid,1054928,0,True,
1,1,000021,1790193354.796022,32084.679612,109.1235001999994,candidate-measurement,1018D0,valid,1054928,0,True,
1,1,000021,1790193354.9879801,32084.8715688,109.3154570000006,candidate-measurement,1018D0,valid,1054928,0,True,
1,1,000021,1790193355.1795528,32085.0631411,109.50702929999898,candidate-measurement,1018CF,valid,1054927,-1,True,
1,1,000021,1790193355.3715475,32085.2551377,109.69902590000129,candidate-measurement,1018CF,valid,1054927,0,True,
1,1,000021,1790193355.579556,32085.463144,109.90703220000069,candidate-measurement,1018CE,valid,1054926,-1,True,
1,1,000021,1790193355.7709546,32085.6545457,110.09843389999878,candidate-measurement,1018CC,valid,1054924,-2,True,
1,1,000021,1790193355.9625256,32085.8461142,110.29000240000096,candidate-measurement,1018CA,valid,1054922,-2,True,
1,1,000021,1790193356.1705208,32086.0541093,110.49799749999875,candidate-measurement,1018CA,valid,1054922,0,True,
1,1,000021,1790193356.3625112,32086.2461015,110.6899897000003,candidate-measurement,1018C9,valid,1054921,-1,True,
1,1,000021,1790193356.5545127,32086.4381014,110.88198959999863,candidate-measurement,1018C9,valid,1054921,0,True,
1,1,000021,1790193356.7619522,32086.6455435,111.08943169999839,candidate-measurement,1018C9,valid,1054921,0,True,
1,1,000021,1790193356.9539125,32086.8375039,111.2813920999979,candidate-measurement,1018C9,valid,1054921,0,True,
1,1,000021,1790193357.1454847,32087.0290733,111.47296149999966,candidate-measurement,1018C9,valid,1054921,0,True,
1,1,000021,1790193357.3374856,32087.2210739,111.66496209999968,candidate-measurement,1018C3,valid,1054915,-6,True,
1,1,000021,1790193357.5448952,32087.4284853,111.8723734999985,candidate-measurement,1018BD,valid,1054909,-6,True,
1,1,000021,1790193357.736891,32087.6204805,112.06436870000107,candidate-measurement,1018BA,valid,1054906,-3,True,
1,1,000021,1790193357.9284601,32087.8120494,112.25593759999902,candidate-measurement,1018B8,valid,1054904,-2,True,
1,1,000021,1790193358.1364713,32088.0200593,112.46394750000036,candidate-measurement,1018B7,valid,1054903,-1,True,
1,1,000021,1790193358.3284523,32088.2120419,112.65593009999793,candidate-measurement,1018B7,valid,1054903,0,True,
1,1,000021,1790193358.5204456,32088.4040357,112.84792390000075,candidate-measurement,1018B7,valid,1054903,0,True,
1,1,000021,1790193358.7278574,32088.6114475,113.05533569999898,candidate-measurement,1018B7,valid,1054903,0,True,
1,1,000021,1790193358.9198487,32088.8034398,113.24732800000129,candidate-measurement,1018B6,valid,1054902,-1,True,
1,1,000021,1790193359.1114233,32088.9950122,113.43890040000042,candidate-measurement,1018B0,valid,1054896,-6,True,
1,1,000021,1790193359.303422,32089.1870102,113.63089839999884,candidate-measurement,1018A5,valid,1054885,-11,True,
1,1,000021,1790193359.51083,32089.3944197,113.83830789999774,candidate-measurement,1018A2,valid,1054882,-3,True,
1,1,000021,1790193359.7028272,32089.586417,114.03030519999811,candidate-measurement,10189F,valid,1054879,-3,True,
1,1,000021,1790193359.8948228,32089.7784125,114.22230069999932,candidate-measurement,10189E,valid,1054878,-1,True,
1,1,000021,1790193360.1024137,32089.9860021,114.42989029999808,candidate-measurement,10189C,valid,1054876,-2,True,
1,1,000021,1790193360.2943873,32090.1779765,114.6218646999987,candidate-measurement,10189A,valid,1054874,-2,True,
1,1,000021,1790193360.4863822,32090.3699717,114.81385990000126,candidate-measurement,101897,valid,1054871,-3,True,
1,1,000021,1790193360.693797,32090.5773861,115.0212743000011,candidate-measurement,101894,valid,1054868,-3,True,
1,1,000021,1790193360.8857892,32090.7693787,115.21326689999842,candidate-measurement,101892,valid,1054866,-2,True,
1,1,000021,1790193361.0773652,32090.960954,115.4048421999978,candidate-measurement,101892,valid,1054866,0,True,
1,1,000021,1790193361.269376,32091.1529638,115.59685199999876,candidate-measurement,101891,valid,1054865,-1,True,
1,1,000021,1790193361.477354,32091.3609426,115.80483079999976,candidate-measurement,101890,valid,1054864,-1,True,
1,1,000021,1790193361.6687803,32091.5523704,115.99625860000015,candidate-measurement,101890,valid,1054864,0,True,
1,1,000021,1790193361.8607578,32091.7443483,116.18823649999831,candidate-measurement,10188F,valid,1054863,-1,True,
1,1,000021,1790193362.0687432,32091.9523339,116.39622210000016,candidate-measurement,10188E,valid,1054862,-1,True,
1,1,000021,1790193362.2603257,32092.1439145,116.58780269999988,candidate-measurement,10188D,valid,1054861,-1,True,
1,1,000021,1790193362.4523249,32092.3359131,116.77980129999924,candidate-measurement,10188C,valid,1054860,-1,True,
1,1,000021,1790193362.6597323,32092.5433213,116.98720949999915,candidate-measurement,10188A,valid,1054858,-2,True,
1,1,000021,1790193362.8517218,32092.7353129,117.17920109999977,candidate-measurement,101888,valid,1054856,-2,True,
1,1,000021,1790193363.0432947,32092.9268846,117.37077280000085,candidate-measurement,101888,valid,1054856,0,True,
1,1,000021,1790193363.2352998,32093.1188882,117.56277639999826,candidate-measurement,101888,valid,1054856,0,True,
1,1,000021,1790193363.4433,32093.3268885,117.77077669999926,candidate-measurement,101887,valid,1054855,-1,True,
1,1,000021,1790193363.6347017,32093.5182913,117.96217949999846,candidate-measurement,101884,valid,1054852,-3,True,
1,1,000021,1790193363.8266933,32093.7102837,118.15417189999789,candidate-measurement,101882,valid,1054850,-2,True,
1,1,000021,1790193364.0346904,32093.9182797,118.3621678999989,candidate-measurement,101880,valid,1054848,-2,True,
1,1,000021,1790193364.2262619,32094.1098504,118.55373859999963,candidate-measurement,10187E,valid,1054846,-2,True,
1,1,000021,1790193364.4182556,32094.3018456,118.74573379999856,candidate-measurement,10187D,valid,1054845,-1,True,
1,1,000021,1790193364.626246,32094.509836,118.95372420000058,candidate-measurement,10187C,valid,1054844,-1,True,
1,1,000021,1790193364.834244,32094.7178333,119.16172150000057,candidate-measurement,10187A,valid,1054842,-2,True,
1,1,000021,1790193365.0262365,32094.9098248,119.35371300000043,candidate-measurement,101878,valid,1054840,-2,True,
1,1,000021,1790193365.2176504,32095.1012395,119.54512769999928,candidate-measurement,101876,valid,1054838,-2,True,
1,1,000021,1790193365.4096391,32095.29323,119.7371181999988,candidate-measurement,101876,valid,1054838,0,True,
1,1,000021,1790193365.6016648,32095.4852549,119.92914309999833,candidate-measurement,101876,valid,1054838,0,True,
1,1,000021,1790193365.7932234,32095.6768123,120.12070049999966,candidate-measurement,101876,valid,1054838,0,True,
1,1,000021,1790193366.0012105,32095.8847986,120.32868679999956,candidate-measurement,101875,valid,1054837,-1,True,
1,1,000021,1790193366.1931918,32096.0767805,120.52066869999908,candidate-measurement,101875,valid,1054837,0,True,
1,1,000021,1790193366.3846092,32096.2681989,120.71208710000064,candidate-measurement,101874,valid,1054836,-1,True,
1,1,000021,1790193366.592603,32096.4761909,120.9200791000003,candidate-measurement,101872,valid,1054834,-2,True,
1,1,000021,1790193366.7845986,32096.6681894,121.11207759999888,candidate-measurement,101870,valid,1054832,-2,True,
1,1,000021,1790193366.9761634,32096.8597546,121.30364279999776,candidate-measurement,101870,valid,1054832,0,True,
1,1,000021,1790193367.168163,32097.0517515,121.49563969999872,candidate-measurement,101870,valid,1054832,0,True,
1,1,000021,1790193367.3761797,32097.2597674,121.70365559999846,candidate-measurement,10186F,valid,1054831,-1,True,
1,1,000021,1790193367.5681505,32097.4517415,121.89562970000043,candidate-measurement,10186F,valid,1054831,0,True,
1,1,000021,1790193367.7595668,32097.6431566,122.0870447999987,candidate-measurement,10186F,valid,1054831,0,True,
1,1,000021,1790193367.967559,32097.8511502,122.29503839999961,candidate-measurement,10186F,valid,1054831,0,True,
1,1,000021,1790193368.159551,32098.0431401,122.4870282999982,candidate-measurement,10186F,valid,1054831,0,True,
1,1,000021,1790193368.3511243,32098.2347128,122.67860099999962,candidate-measurement,10186E,valid,1054830,-1,True,
1,1,000021,1790193368.55912,32098.4427093,122.88659750000079,candidate-measurement,101866,valid,1054822,-8,True,
1,1,000021,1790193368.751115,32098.6347048,123.07859299999836,candidate-measurement,101862,valid,1054818,-4,True,
1,1,000021,1790193368.9431064,32098.8266957,123.27058390000093,candidate-measurement,101860,valid,1054816,-2,True,
1,1,000021,1790193369.13453,32099.0181179,123.46200609999869,candidate-measurement,10185E,valid,1054814,-2,True,
1,1,000021,1790193369.342112,32099.2257016,123.66958979999981,candidate-measurement,10185D,valid,1054813,-1,True,
1,1,000021,1790193369.5340974,32099.4176886,123.86157679999815,candidate-measurement,10185D,valid,1054813,0,True,
1,1,000021,1790193369.7260847,32099.6096739,124.05356209999809,candidate-measurement,10185D,valid,1054813,0,True,
1,1,000021,1790193369.9340756,32099.8176654,124.2615536000012,candidate-measurement,10185D,valid,1054813,0,True,
1,1,000021,1790193370.1255047,32100.0090933,124.45298149999871,candidate-measurement,10185C,valid,1054812,-1,True,
1,1,000021,1790193370.3174949,32100.2010827,124.64497090000077,candidate-measurement,101859,valid,1054809,-3,True,
1,1,000021,1790193370.5094783,32100.3930683,124.83695649999936,candidate-measurement,10184D,valid,1054797,-12,True,
1,1,000021,1790193370.7170556,32100.6006443,125.04453250000006,candidate-measurement,101848,valid,1054792,-5,True,
1,1,000021,1790193370.9090376,32100.7926283,125.23651650000102,candidate-measurement,101845,valid,1054789,-3,True,
1,1,000021,1790193371.1010513,32100.9846413,125.42852950000088,candidate-measurement,101844,valid,1054788,-1,True,
1,1,000021,1790193371.3084688,32101.1920579,125.63594609999927,candidate-measurement,101840,valid,1054784,-4,True,
1,1,000021,1790193371.5004504,32101.3840383,125.82792649999828,candidate-measurement,10183D,valid,1054781,-3,True,
1,1,000021,1790193371.6920223,32101.5756115,126.01949969999987,candidate-measurement,101839,valid,1054777,-4,True,
1,1,000021,1790193371.900014,32101.7836044,126.2274925999991,candidate-measurement,101837,valid,1054775,-2,True,
1,1,000021,1790193372.0920124,32101.9756003,126.41948849999972,candidate-measurement,101836,valid,1054774,-1,True,
1,1,000021,1790193372.283426,32102.1670139,126.61090210000111,candidate-measurement,101836,valid,1054774,0,True,
1,1,000021,1790193372.475433,32102.3590222,126.80291039999793,candidate-measurement,101834,valid,1054772,-2,True,
1,1,000021,1790193372.6833928,32102.5669791,127.01086729999952,candidate-measurement,101834,valid,1054772,0,True,
1,1,000021,1790193372.8749824,32102.7585703,127.20245849999992,candidate-measurement,101832,valid,1054770,-2,True,
1,1,000021,1790193373.0669763,32102.9505668,127.39445499999783,candidate-measurement,101831,valid,1054769,-1,True,
1,1,000021,1790193373.2744083,32103.1579967,127.60188489999928,candidate-measurement,10182E,valid,1054766,-3,True,
1,1,000021,1790193373.466396,32103.349986,127.79387420000057,candidate-measurement,10182D,valid,1054765,-1,True,
1,1,000021,1790193373.6583812,32103.541972,127.98586019999857,candidate-measurement,10182A,valid,1054762,-3,True,
1,1,000021,1790193373.865961,32103.7495504,128.19343859999935,candidate-measurement,101827,valid,1054759,-3,True,
1,1,000021,1790193374.0579426,32103.9415333,128.3854214999992,candidate-measurement,101824,valid,1054756,-3,True,
1,1,000021,1790193374.2499373,32104.1335254,128.5774136,candidate-measurement,101822,valid,1054754,-2,True,
1,1,000021,1790193374.4413533,32104.3249437,128.7688319000008,candidate-measurement,101820,valid,1054752,-2,True,
1,1,000021,1790193374.649344,32104.5329339,128.9768221000013,candidate-measurement,10181D,valid,1054749,-3,True,
1,1,000021,1790193374.8413417,32104.7249296,129.1688178000004,candidate-measurement,10181C,valid,1054748,-1,True,
1,1,000021,1790193375.0329235,32104.9165115,129.3603996999991,candidate-measurement,10181C,valid,1054748,0,True,
1,1,000021,1790193375.2409067,32105.1244949,129.56838309999875,candidate-measurement,10181C,valid,1054748,0,True,
1,1,000021,1790193375.432895,32105.3164857,129.76037390000056,candidate-measurement,10181B,valid,1054747,-1,True,
1,1,000021,1790193375.6243145,32105.5079051,129.95179329999883,candidate-measurement,10181B,valid,1054747,0,True,
1,1,000021,1790193375.8323023,32105.7158916,130.15977980000025,candidate-measurement,10181A,valid,1054746,-1,True,
1,1,000021,1790193376.0238812,32105.9074715,130.35135969999828,candidate-measurement,101818,valid,1054744,-2,True,
1,1,000021,1790193376.2158751,32106.0994638,130.5433520000006,candidate-measurement,101816,valid,1054742,-2,True,
1,1,000021,1790193376.4078772,32106.2914685,130.7353566999991,candidate-measurement,101816,valid,1054742,0,True,
1,1,000021,1790193376.615278,32106.4988678,130.94275600000037,candidate-measurement,101816,valid,1054742,0,True,
1,1,000021,1790193376.8072731,32106.6908643,131.13475249999829,candidate-measurement,101815,valid,1054741,-1,True,
1,1,000021,1790193376.9988475,32106.8824379,131.32632609999928,candidate-measurement,101815,valid,1054741,0,True,
1,1,000021,1790193377.2068422,32107.0904304,131.5343185999991,candidate-measurement,101815,valid,1054741,0,True,
1,1,000021,1790193377.3982503,32107.2818416,131.7257298000004,candidate-measurement,101815,valid,1054741,0,True,
1,1,000021,1790193377.59025,32107.4738396,131.91772779999883,candidate-measurement,101815,valid,1054741,0,True,
1,1,000021,1790193377.7982373,32107.6818266,132.12571480000042,candidate-measurement,101810,valid,1054736,-5,True,
1,1,000021,1790193377.98982,32107.8734099,132.31729809999888,candidate-measurement,101808,valid,1054728,-8,True,
1,1,000021,1790193378.181813,32108.0654011,132.5092893000001,candidate-measurement,101806,valid,1054726,-2,True,
1,1,000021,1790193378.3738084,32108.257397,132.7012852000007,candidate-measurement,101804,valid,1054724,-2,True,
1,1,000021,1790193378.581792,32108.4653811,132.9092692999984,candidate-measurement,101803,valid,1054723,-1,True,
1,1,000021,1790193378.7732184,32108.6568087,133.1006969000009,candidate-measurement,101803,valid,1054723,0,True,
1,1,000021,1790193378.965207,32108.8487967,133.29268489999959,candidate-measurement,101803,valid,1054723,0,True,
1,1,000021,1790193379.1732,32109.0567883,133.50067649999983,candidate-measurement,101803,valid,1054723,0,True,
1,1,000021,1790193379.3647764,32109.2483663,133.69225449999794,candidate-measurement,101802,valid,1054722,-1,True,
1,1,000021,1790193379.556765,32109.4403555,133.88424369999848,candidate-measurement,1017F4,valid,1054708,-14,True,
1,1,000021,1790193379.764754,32109.6483446,134.09223279999787,candidate-measurement,1017EE,valid,1054702,-6,True,
1,1,000021,1790193379.9721951,32109.8557833,134.29967150000084,candidate-measurement,1017EA,valid,1054698,-4,True,
1,1,000021,1790193380.1641698,32110.047758,134.4916462000001,candidate-measurement,1017E8,valid,1054696,-2,True,
1,1,000021,1790193380.3561628,32110.2397527,134.68364089999886,candidate-measurement,1017E2,valid,1054690,-6,True,
1,1,000021,1790193380.5477297,32110.4313199,134.87520809999842,candidate-measurement,1017DE,valid,1054686,-4,True,
1,1,000021,1790193380.739742,32110.6233314,135.06721959999777,candidate-measurement,1017DC,valid,1054684,-2,True,
1,1,000021,1790193380.9317281,32110.8153167,135.2592048999977,candidate-measurement,1017DA,valid,1054682,-2,True,
1,1,000021,1790193381.1391373,32111.0227255,135.46661369999856,candidate-measurement,1017D8,valid,1054680,-2,True,
1,1,000021,1790193381.3311267,32111.2147158,135.6586040000002,candidate-measurement,1017D7,valid,1054679,-1,True,
1,1,000021,1790193381.523133,32111.4067233,135.8506114999982,candidate-measurement,1017D4,valid,1054676,-3,True,
1,1,000021,1790193381.7306933,32111.614282,136.05817019999813,candidate-measurement,1017D2,valid,1054674,-2,True,
1,1,000021,1790193381.9226906,32111.8062794,136.25016759999926,candidate-measurement,1017CF,valid,1054671,-3,True,
1,1,000021,1790193382.1146884,32111.9982766,136.44216479999886,candidate-measurement,1017CD,valid,1054669,-2,True,
1,1,000021,1790193382.3060942,32112.1896836,136.63357180000094,candidate-measurement,1017CB,valid,1054667,-2,True,
1,1,000021,1790193382.5140896,32112.3976786,136.84156679999796,candidate-measurement,1017C9,valid,1054665,-2,True,
1,1,000021,1790193382.7056804,32112.5892696,137.03315780000048,candidate-measurement,1017C9,valid,1054665,0,True,
1,1,000021,1790193382.897673,32112.7812624,137.22515059999932,candidate-measurement,1017C8,valid,1054664,-1,True,
1,1,000021,1790193383.1050687,32112.9886579,137.43254610000076,candidate-measurement,1017C7,valid,1054663,-1,True,
1,1,000021,1790193383.297085,32113.1806734,137.62456159999783,candidate-measurement,1017C6,valid,1054662,-1,True,
1,1,000021,1790193383.488644,32113.3722326,137.81612079999832,candidate-measurement,1017C4,valid,1054660,-2,True,
1,1,000021,1790193383.6966295,32113.5802192,138.0241074000005,candidate-measurement,1017C3,valid,1054659,-1,True,
1,1,000021,1790193383.8886197,32113.7722112,138.21609940000053,candidate-measurement,1017C2,valid,1054658,-1,True,
1,1,000021,1790193384.0800412,32113.9636296,138.40751779999846,candidate-measurement,1017C2,valid,1054658,0,True,
1,1,000021,1790193384.2720356,32114.1556239,138.5995120999978,candidate-measurement,1017C2,valid,1054658,0,True,
1,1,000021,1790193384.4796076,32114.3631968,138.80708500000037,candidate-measurement,1017C2,valid,1054658,0,True,
1,1,000021,1790193384.6715968,32114.5551867,138.99907489999896,candidate-measurement,1017C0,valid,1054656,-2,True,
1,1,000021,1790193384.8635926,32114.7471835,139.19107169999916,candidate-measurement,1017C0,valid,1054656,0,True,
1,1,000021,1790193385.0715816,32114.9551702,139.39905839999847,candidate-measurement,1017C0,valid,1054656,0,True,
1,1,000021,1790193385.263008,32115.1465962,139.5904843999997,candidate-measurement,1017BF,valid,1054655,-1,True,
1,1,000021,1790193385.4549975,32115.3385863,139.7824744999998,candidate-measurement,1017BD,valid,1054653,-2,True,
1,1,000021,1790193385.6625726,32115.5461615,139.99004969999805,candidate-measurement,1017BC,valid,1054652,-1,True,
1,1,000021,1790193385.8545563,32115.7381468,140.182034999998,candidate-measurement,1017BC,valid,1054652,0,True,
1,1,000021,1790193386.0465596,32115.9301478,140.37403600000107,candidate-measurement,1017BC,valid,1054652,0,True,
1,1,000021,1790193386.2539675,32116.1375561,140.5814442999981,candidate-measurement,1017BB,valid,1054651,-1,True,
1,1,000021,1790193386.4459684,32116.3295588,140.77344699999958,candidate-measurement,1017BB,valid,1054651,0,True,
1,1,000021,1790193386.6375349,32116.5211263,140.96501449999778,candidate-measurement,1017BB,valid,1054651,0,True,
1,1,000021,1790193386.8295364,32116.7131259,141.1570141000011,candidate-measurement,1017BB,valid,1054651,0,True,
1,1,000021,1790193387.0375302,32116.9211199,141.3650080999978,candidate-measurement,1017B9,valid,1054649,-2,True,
1,1,000021,1790193387.228942,32117.1125304,141.55641860000105,candidate-measurement,1017B9,valid,1054649,0,True,
1,1,000021,1790193387.4209294,32117.3045206,141.7484087999983,candidate-measurement,1017B0,valid,1054640,-9,True,
1,1,000021,1790193387.62857,32117.51216,141.9560481999979,candidate-measurement,1017AC,valid,1054636,-4,True,
1,1,000021,1790193387.8205016,32117.7040908,142.14797900000121,candidate-measurement,1017AA,valid,1054634,-2,True,
1,1,000021,1790193388.0124905,32117.8960806,142.33996879999904,candidate-measurement,1017A9,valid,1054633,-1,True,
1,1,000021,1790193388.2039096,32118.0874978,142.53138599999875,candidate-measurement,1017A9,valid,1054633,0,True,
1,1,000021,1790193388.4119122,32118.2955006,142.7393888000006,candidate-measurement,1017A9,valid,1054633,0,True,
1,1,000021,1790193388.6034772,32118.4870674,142.93095560000074,candidate-measurement,1017A9,valid,1054633,0,True,
1,1,000021,1790193388.7954688,32118.6790583,143.12294649999967,candidate-measurement,1017A8,valid,1054632,-1,True,
1,1,000021,1790193389.0034633,32118.8870528,143.33094100000017,candidate-measurement,1017A1,valid,1054625,-7,True,
1,1,000021,1790193389.19545,32119.0790389,143.52292709999892,candidate-measurement,101797,valid,1054615,-10,True,
1,1,000021,1790193389.386869,32119.2704576,143.71434579999914,candidate-measurement,101793,valid,1054611,-4,True,
1,1,000021,1790193389.5948758,32119.4784667,143.92235489999803,candidate-measurement,101790,valid,1054608,-3,True,
1,1,000021,1790193389.8024356,32119.6860258,144.129914000001,candidate-measurement,10178E,valid,1054606,-2,True,
1,1,000021,1790193389.9944286,32119.8780197,144.32190790000095,candidate-measurement,10178B,valid,1054603,-3,True,
1,1,000021,1790193390.18643,32120.0700179,144.5139061000009,candidate-measurement,101786,valid,1054598,-5,True,
1,1,000021,1790193390.3784356,32120.2620234,144.70591159999822,candidate-measurement,101784,valid,1054596,-2,True,
1,1,000021,1790193390.5698416,32120.4534326,144.89732079999885,candidate-measurement,101782,valid,1054594,-2,True,
1,1,000021,1790193390.7618196,32120.6454109,145.08929910000006,candidate-measurement,101782,valid,1054594,0,True,
1,1,000021,1790193390.9694016,32120.85299,145.2968781999989,candidate-measurement,101782,valid,1054594,0,True,
1,1,000021,1790193391.1613936,32121.0449821,145.4888702999997,candidate-measurement,101781,valid,1054593,-1,True,
1,1,000021,1790193391.3534,32121.2369902,145.68087839999862,candidate-measurement,10177F,valid,1054591,-2,True,
1,1,000021,1790193391.5453758,32121.4289657,145.87285390000034,candidate-measurement,10177E,valid,1054590,-1,True,
1,1,000021,1790193391.7527921,32121.6363827,146.08027089999814,candidate-measurement,10177C,valid,1054588,-2,True,
1,1,000021,1790193391.9443648,32121.8279544,146.27184259999922,candidate-measurement,10177A,valid,1054586,-2,True,
1,1,000021,1790193392.1363602,32122.019949,146.46383720000085,candidate-measurement,10177A,valid,1054586,0,True,
1,1,000021,1790193392.3443494,32122.2279399,146.6718280999994,candidate-measurement,101779,valid,1054585,-1,True,
1,1,000021,1790193392.5357683,32122.419359,146.86324719999902,candidate-measurement,101776,valid,1054582,-3,True,
1,1,000021,1790193392.727764,32122.6113528,147.0552409999982,candidate-measurement,101774,valid,1054580,-2,True,
1,1,000021,1790193392.935754,32122.8193451,147.26323330000014,candidate-measurement,101772,valid,1054578,-2,True,
1,1,000021,1790193393.1273308,32123.0109189,147.45480709999902,candidate-measurement,101770,valid,1054576,-2,True,
1,1,000021,1790193393.3193233,32123.2029136,147.64680179999777,candidate-measurement,10176F,valid,1054575,-1,True,
1,1,000021,1790193393.5273166,32123.4109058,147.85479399999895,candidate-measurement,10176E,valid,1054574,-1,True,
1,1,000021,1790193393.719311,32123.602902,148.0467901999982,candidate-measurement,10176C,valid,1054572,-2,True,
1,1,000021,1790193393.9107232,32123.7943131,148.23820129999876,candidate-measurement,10176A,valid,1054570,-2,True,
1,1,000021,1790193394.1027195,32123.9863088,148.43019699999786,candidate-measurement,101769,valid,1054569,-1,True,
1,1,000021,1790193394.310404,32124.1939921,148.6378803000007,candidate-measurement,101768,valid,1054568,-1,True,
1,1,000021,1790193394.502303,32124.3858919,148.8297801000008,candidate-measurement,101768,valid,1054568,0,True,
1,1,000021,1790193394.694275,32124.5778656,149.02175379999971,candidate-measurement,101768,valid,1054568,0,True,
1,1,000021,1790193394.9022841,32124.7858747,149.2297628999986,candidate-measurement,101768,valid,1054568,0,True,
1,1,000021,1790193395.0936873,32124.9772768,149.42116499999975,candidate-measurement,101766,valid,1054566,-2,True,
1,1,000021,1790193395.2856834,32125.1692718,149.6131600000008,candidate-measurement,101766,valid,1054566,0,True,
1,1,000021,1790193395.4776742,32125.3612637,149.80515190000006,candidate-measurement,101766,valid,1054566,0,True,
1,1,000021,1790193395.6852438,32125.568835,150.0127231999977,candidate-measurement,101765,valid,1054565,-1,True,
1,1,000021,1790193395.8772373,32125.7608275,150.2047156999979,candidate-measurement,101763,valid,1054563,-2,True,
1,1,000021,1790193396.0692363,32125.9528255,150.39671369999996,candidate-measurement,101762,valid,1054562,-1,True,
1,1,000021,1790193396.2772338,32126.1608225,150.6047107000013,candidate-measurement,101762,valid,1054562,0,True,
1,1,000021,1790193396.468642,32126.3522324,150.7961206,candidate-measurement,101761,valid,1054561,-1,True,
1,1,000021,1790193396.6606364,32126.5442274,150.98811560000104,candidate-measurement,101761,valid,1054561,0,True,
1,1,000021,1790193396.8682406,32126.7518294,151.19571759999963,candidate-measurement,101761,valid,1054561,0,True,
1,1,000021,1790193397.0601966,32126.9437868,151.38767499999813,candidate-measurement,101761,valid,1054561,0,True,
1,1,000021,1790193397.2521963,32127.1357854,151.57967360000112,candidate-measurement,101761,valid,1054561,0,True,
1,1,000021,1790193397.4596086,32127.3431992,151.78708740000002,candidate-measurement,101760,valid,1054560,-1,True,
1,1,000021,1790193397.6511762,32127.5347675,151.97865570000067,candidate-measurement,10175A,valid,1054554,-6,True,
1,1,000021,1790193397.8431818,32127.7267714,152.17065960000036,candidate-measurement,101754,valid,1054548,-6,True,
1,1,000021,1790193398.0351655,32127.9187564,152.36264459999802,candidate-measurement,101751,valid,1054545,-3,True,
1,1,000021,1790193398.2425869,32128.1261752,152.57006339999862,candidate-measurement,101750,valid,1054544,-1,True,
1,1,000021,1790193398.4345837,32128.3181713,152.76205950000076,candidate-measurement,10174F,valid,1054543,-1,True,
1,1,000021,1790193398.626154,32128.5097435,152.95363169999837,candidate-measurement,10174F,valid,1054543,0,True,
1,1,000021,1790193398.8341565,32128.7177475,153.16163569999844,candidate-measurement,10174F,valid,1054543,0,True,
1,1,000021,1790193399.026145,32128.9097346,153.35362280000118,candidate-measurement,10174E,valid,1054542,-1,True,
1,1,000021,1790193399.2181315,32129.1017198,153.54560800000036,candidate-measurement,10174A,valid,1054538,-4,True,
1,1,000021,1790193399.4095483,32129.2931382,153.73702639999829,candidate-measurement,101740,valid,1054528,-10,True,
1,1,000021,1790193399.6175537,32129.5011442,153.94503239999904,candidate-measurement,10173B,valid,1054523,-5,True,
1,1,000021,1790193399.809528,32129.6931191,154.13700729999982,candidate-measurement,101738,valid,1054520,-3,True,
1,1,000021,1790193400.0015295,32129.8851177,154.32900589999917,candidate-measurement,101736,valid,1054518,-2,True,
1,1,000021,1790193400.2091005,32130.0926888,154.53657699999894,candidate-measurement,101734,valid,1054516,-2,True,
1,1,000021,1790193400.40109,32130.2846795,154.72856769999999,candidate-measurement,101732,valid,1054514,-2,True,
1,1,000021,1790193400.5925074,32130.4760976,154.91998579999927,candidate-measurement,101731,valid,1054513,-1,True,
1,1,000021,1790193400.8004963,32130.6840878,155.12797599999976,candidate-measurement,10172E,valid,1054510,-3,True,
1,1,000021,1790193400.992074,32130.8756644,155.31955259999813,candidate-measurement,10172B,valid,1054507,-3,True,
1,1,000021,1790193401.1840672,32131.0676552,155.51154339999994,candidate-measurement,10172A,valid,1054506,-1,True,
1,1,000021,1790193401.3760622,32131.2596523,155.70354049999878,candidate-measurement,10172A,valid,1054506,0,True,
1,1,000021,1790193401.5840595,32131.4676494,155.91153760000088,candidate-measurement,101728,valid,1054504,-2,True,
1,1,000021,1790193401.7754593,32131.659051,156.10293919999822,candidate-measurement,101728,valid,1054504,0,True,
1,1,000021,1790193401.9674675,32131.8510559,156.29494409999825,candidate-measurement,101726,valid,1054502,-2,True,
1,1,000021,1790193402.1754618,32132.0590496,156.50293779999993,candidate-measurement,101726,valid,1054502,0,True,
1,1,000021,1790193402.36703,32132.2506199,156.69450810000126,candidate-measurement,101724,valid,1054500,-2,True,
1,1,000021,1790193402.5590293,32132.4426199,156.88650810000036,candidate-measurement,101723,valid,1054499,-1,True,
1,1,000021,1790193402.7670243,32132.6506144,157.09450260000085,candidate-measurement,101720,valid,1054496,-3,True,
1,1,000021,1790193402.959009,32132.8426001,157.2864883000002,candidate-measurement,10171E,valid,1054494,-2,True,
1,1,000021,1790193403.1504655,32133.0340525,157.47794069999873,candidate-measurement,10171E,valid,1054494,0,True,
1,1,000021,1790193403.3424327,32133.2260221,157.66991029999917,candidate-measurement,10171A,valid,1054490,-4,True,
1,1,000021,1790193403.5499928,32133.4335834,157.87747160000072,candidate-measurement,101716,valid,1054486,-4,True,
1,1,000021,1790193403.7419887,32133.625578,158.06946619999871,candidate-measurement,101713,valid,1054483,-3,True,
1,1,000021,1790193403.9339786,32133.81757,158.26145819999874,candidate-measurement,101710,valid,1054480,-3,True,
1,1,000021,1790193404.1419768,32134.0255659,158.46945409999898,candidate-measurement,10170E,valid,1054478,-2,True,
1,1,000021,1790193404.3333902,32134.2169798,158.66086799999903,candidate-measurement,10170E,valid,1054478,0,True,
1,1,000021,1790193404.5253901,32134.4089789,158.85286709999855,candidate-measurement,10170E,valid,1054478,0,True,
1,1,000021,1790193404.7333736,32134.6169647,159.06085289999828,candidate-measurement,10170C,valid,1054476,-2,True,
1,1,000021,1790193404.9249406,32134.8085318,159.2524200000007,candidate-measurement,10170C,valid,1054476,0,True,
1,1,000021,1790193405.1169438,32135.0005333,159.44442150000032,candidate-measurement,10170C,valid,1054476,0,True,
1,1,000021,1790193405.3083618,32135.1919501,159.63583830000061,candidate-measurement,10170B,valid,1054475,-1,True,
1,1,000021,1790193405.5163538,32135.3999422,159.84383040000102,candidate-measurement,101709,valid,1054473,-2,True,
1,1,000021,1790193405.7079184,32135.5915097,160.03539789999923,candidate-measurement,101708,valid,1054472,-1,True,
1,1,000021,1790193405.8999147,32135.7835056,160.22739379999985,candidate-measurement,101708,valid,1054472,0,True,
1,1,000021,1790193406.107905,32135.9914944,160.4353826000006,candidate-measurement,101707,valid,1054471,-1,True,
1,1,000021,1790193406.2999053,32136.183494,160.62738220000028,candidate-measurement,101707,valid,1054471,0,True,
1,1,000021,1790193406.4913118,32136.3749016,160.81878979999965,candidate-measurement,101707,valid,1054471,0,True,
1,1,000021,1790193406.699307,32136.5828969,161.02678509999896,candidate-measurement,101707,valid,1054471,0,True,
1,1,000021,1790193406.890881,32136.7744719,161.2183600999997,candidate-measurement,101707,valid,1054471,0,True,
1,1,000021,1790193407.082881,32136.9664704,161.4103585999983,candidate-measurement,101705,valid,1054469,-2,True,
1,1,000021,1790193407.2748752,32137.1584637,161.60235190000094,candidate-measurement,101702,valid,1054466,-3,True,
1,1,000021,1790193407.4822917,32137.36588,161.8097682000007,candidate-measurement,1016FA,valid,1054458,-8,True,
1,1,000021,1790193407.6742933,32137.5578843,162.0017724999998,candidate-measurement,1016F6,valid,1054454,-4,True,
1,1,000021,1790193407.866274,32137.7498629,162.19375109999964,candidate-measurement,1016F5,valid,1054453,-1,True,
1,1,000021,1790193408.0738444,32137.9574326,162.40132079999967,candidate-measurement,1016F5,valid,1054453,0,True,
1,1,000021,1790193408.265846,32138.149435,162.59332319999885,candidate-measurement,1016F5,valid,1054453,0,True,
1,1,000021,1790193408.457837,32138.3414251,162.78531329999896,candidate-measurement,1016F2,valid,1054450,-3,True,
1,1,000021,1790193408.6652467,32138.548835,162.9927232000009,candidate-measurement,1016E5,valid,1054437,-13,True,
1,1,000021,1790193408.8572345,32138.7408257,163.18471389999831,candidate-measurement,1016E0,valid,1054432,-5,True,
1,1,000021,1790193409.0492342,32138.9328246,163.37671279999995,candidate-measurement,1016DD,valid,1054429,-3,True,
1,1,000021,1790193409.2408094,32139.1243988,163.56828699999824,candidate-measurement,1016DB,valid,1054427,-2,True,
1,1,000021,1790193409.448807,32139.3323957,163.77628389999882,candidate-measurement,1016D8,valid,1054424,-3,True,
1,1,000021,1790193409.6407897,32139.52438,163.96826819999842,candidate-measurement,1016D6,valid,1054422,-2,True,
1,1,000021,1790193409.8322089,32139.7158001,164.15968829999838,candidate-measurement,1016D2,valid,1054418,-4,True,
1,1,000021,1790193410.040203,32139.9237932,164.36768139999913,candidate-measurement,1016D0,valid,1054416,-2,True,
1,1,000021,1790193410.2317793,32140.1153683,164.55925650000063,candidate-measurement,1016CF,valid,1054415,-1,True,
1,1,000021,1790193410.4237716,32140.3073599,164.75124810000125,candidate-measurement,1016CE,valid,1054414,-1,True,
1,1,000021,1790193410.6157663,32140.4993559,164.943244099999,candidate-measurement,1016CE,valid,1054414,0,True,
1,1,000021,1790193410.823175,32140.7067659,165.15065409999806,candidate-measurement,1016CD,valid,1054413,-1,True,
1,1,000021,1790193411.015175,32140.8987632,165.34265139999843,candidate-measurement,1016CC,valid,1054412,-1,True,
1,1,000021,1790193411.2071693,32141.0907571,165.53464529999837,candidate-measurement,1016CA,valid,1054410,-2,True,
1,1,000021,1790193411.4147396,32141.2983295,165.74221770000077,candidate-measurement,1016C9,valid,1054409,-1,True,
1,1,000021,1790193411.6067345,32141.4903226,165.93421079999825,candidate-measurement,1016C7,valid,1054407,-2,True,
1,1,000021,1790193411.7987247,32141.6823151,166.12620329999845,candidate-measurement,1016C6,valid,1054406,-1,True,
1,1,000021,1790193412.0061436,32141.8897323,166.33362049999778,candidate-measurement,1016C3,valid,1054403,-3,True,
1,1,000021,1790193412.1981404,32142.0817288,166.52561699999933,candidate-measurement,1016C2,valid,1054402,-1,True,
1,1,000021,1790193412.389705,32142.2732948,166.71718300000066,candidate-measurement,1016BE,valid,1054398,-4,True,
1,1,000021,1790193412.5817008,32142.4652895,166.90917769999942,candidate-measurement,1016BB,valid,1054395,-3,True,
1,1,000021,1790193412.7896862,32142.6732761,167.11716429999797,candidate-measurement,1016BA,valid,1054394,-1,True,
1,1,000021,1790193412.9811077,32142.8646963,167.3085844999987,candidate-measurement,1016B8,valid,1054392,-2,True,
1,1,000021,1790193413.1731074,32143.0566963,167.50058449999779,candidate-measurement,1016B6,valid,1054390,-2,True,
1,1,000021,1790193413.3806899,32143.2642789,167.7081670999978,candidate-measurement,1016B4,valid,1054388,-2,True,
1,1,000021,1790193413.572671,32143.4562608,167.90014900000097,candidate-measurement,1016B4,valid,1054388,0,True,
1,1,000021,1790193413.764662,32143.6482511,168.09213929999896,candidate-measurement,1016B4,valid,1054388,0,True,
1,1,000021,1790193413.9720752,32143.8556656,168.29955379999956,candidate-measurement,1016B3,valid,1054387,-1,True,
1,1,000021,1790193414.1640756,32144.0476638,168.4915519999995,candidate-measurement,1016B2,valid,1054386,-1,True,
1,1,000021,1790193414.356066,32144.2396558,168.68354399999953,candidate-measurement,1016B2,valid,1054386,0,True,
1,1,000021,1790193414.5476332,32144.4312222,168.87511040000027,candidate-measurement,1016B2,valid,1054386,0,True,
1,1,000021,1790193414.7556307,32144.6392191,169.08310730000085,candidate-measurement,1016B0,valid,1054384,-2,True,
1,1,000021,1790193414.9476225,32144.8312132,169.27510139999868,candidate-measurement,1016AE,valid,1054382,-2,True,
1,1,000021,1790193415.1390436,32145.022632,169.46652019999965,candidate-measurement,1016AE,valid,1054382,0,True,
1,1,000021,1790193415.3470297,32145.2306191,169.67450729999837,candidate-measurement,1016AD,valid,1054381,-1,True,
1,1,000021,1790193415.5386117,32145.4221998,169.86608799999885,candidate-measurement,1016AD,valid,1054381,0,True,
1,1,000021,1790193415.730605,32145.6141933,170.0580814999994,candidate-measurement,1016AD,valid,1054381,0,True,
1,1,000021,1790193415.9385905,32145.82218,170.2660681999987,candidate-measurement,1016AD,valid,1054381,0,True,
1,1,000021,1790193416.1460035,32146.0295925,170.47348069999862,candidate-measurement,1016AB,valid,1054379,-2,True,
1,1,000021,1790193416.338004,32146.2215932,170.6654813999994,candidate-measurement,1016A3,valid,1054371,-8,True,
1,1,000021,1790193416.5299942,32146.4135828,170.85747099999935,candidate-measurement,1016A0,valid,1054368,-3,True,
1,1,000021,1790193416.7215838,32146.6051742,171.04906240000128,candidate-measurement,10169D,valid,1054365,-3,True,
1,1,000021,1790193416.913558,32146.7971478,171.24103599999944,candidate-measurement,10169C,valid,1054364,-1,True,
1,1,000021,1790193417.105555,32146.9891437,171.43303190000006,candidate-measurement,10169B,valid,1054363,-1,True,
1,1,000021,1790193417.3129687,32147.1965577,171.6404459000005,candidate-measurement,10169B,valid,1054363,0,True,
1,1,000021,1790193417.504965,32147.3885542,171.8324423999984,candidate-measurement,10169B,valid,1054363,0,True,
1,1,000021,1790193417.696542,32147.5801298,172.02401800000007,candidate-measurement,10169B,valid,1054363,0,True,
1,1,000021,1790193417.9045284,32147.7881191,172.232007300001,candidate-measurement,10169A,valid,1054362,-1,True,
1,1,000021,1790193418.095958,32147.9795463,172.42343450000044,candidate-measurement,101694,valid,1054356,-6,True,
1,1,000021,1790193418.287942,32148.1715281,172.6154162999992,candidate-measurement,101688,valid,1054344,-12,True,
1,1,000021,1790193418.4795136,32148.3631018,172.80699000000095,candidate-measurement,101684,valid,1054340,-4,True,
1,1,000021,1790193418.6875055,32148.5710948,173.01498300000094,candidate-measurement,101682,valid,1054338,-2,True,
1,1,000021,1790193418.8795016,32148.7630911,173.20697930000097,candidate-measurement,101680,valid,1054336,-2,True,
1,1,000021,1790193419.0714846,32148.9550748,173.39896299999964,candidate-measurement,10167D,valid,1054333,-3,True,
1,1,000021,1790193419.279501,32149.1630868,173.60697499999878,candidate-measurement,10167A,valid,1054330,-3,True,
1,1,000021,1790193419.470913,32149.3545002,173.79838839999866,candidate-measurement,101677,valid,1054327,-3,True,
1,1,000021,1790193419.6628928,32149.5464813,173.99036949999936,candidate-measurement,101675,valid,1054325,-2,True,
1,1,000021,1790193419.8704638,32149.7540548,174.1979429999992,candidate-measurement,101674,valid,1054324,-1,True,
1,1,000021,1790193420.0784547,32149.9620434,174.40593159999844,candidate-measurement,101674,valid,1054324,0,True,
1,1,000021,1790193420.2704523,32150.154041,174.5979292000011,candidate-measurement,101673,valid,1054323,-1,True,
1,1,000021,1790193420.462447,32150.3460353,174.78992350000044,candidate-measurement,101671,valid,1054321,-2,True,
1,1,000021,1790193420.6538572,32150.5374457,174.9813338999993,candidate-measurement,101670,valid,1054320,-1,True,
1,1,000021,1790193420.8458502,32150.7294394,175.17332759999772,candidate-measurement,10166E,valid,1054318,-2,True,
1,1,000021,1790193421.0374298,32150.9210183,175.36490649999905,candidate-measurement,10166C,valid,1054316,-2,True,
1,1,000021,1790193421.2454262,32151.1290146,175.5729027999987,candidate-measurement,10166B,valid,1054315,-1,True,
1,1,000021,1790193421.4374342,32151.3210224,175.76491059999898,candidate-measurement,101668,valid,1054312,-3,True,
1,1,000021,1790193421.6294017,32151.5129924,175.95688059999884,candidate-measurement,101666,valid,1054310,-2,True,
1,1,000021,1790193421.8368192,32151.7204097,176.16429789999893,candidate-measurement,101663,valid,1054307,-3,True,
1,1,000021,1790193422.0288188,32151.9124071,176.35629530000006,candidate-measurement,101661,valid,1054305,-2,True,
1,1,000021,1790193422.2203877,32152.1039762,176.54786439999953,candidate-measurement,101660,valid,1054304,-1,True,
1,1,000021,1790193422.4123957,32152.295987,176.73987520000082,candidate-measurement,10165E,valid,1054302,-2,True,
1,1,000021,1790193422.619808,32152.5033986,176.94728680000117,candidate-measurement,10165D,valid,1054301,-1,True,
1,1,000021,1790193422.8118,32152.6953884,177.139276599999,candidate-measurement,10165B,valid,1054299,-2,True,
1,1,000021,1790193423.0037878,32152.8873763,177.33126450000054,candidate-measurement,10165A,valid,1054298,-1,True,
1,1,000021,1790193423.2113638,32153.0949523,177.53884050000124,candidate-measurement,10165A,valid,1054298,0,True,
1,1,000021,1790193423.4033477,32153.2869382,177.73082639999848,candidate-measurement,10165A,valid,1054298,0,True,
1,1,000021,1790193423.5953476,32153.4789377,177.92282590000104,candidate-measurement,10165A,valid,1054298,0,True,
1,1,000021,1790193423.802759,32153.6863491,178.13023729999986,candidate-measurement,101658,valid,1054296,-2,True,
1,1,000021,1790193423.994756,32153.8783458,178.3222339999993,candidate-measurement,101658,valid,1054296,0,True,
1,1,000021,1790193424.1863308,32154.0699192,178.51380739999877,candidate-measurement,101658,valid,1054296,0,True,
1,1,000021,1790193424.3783166,32154.2619067,178.7057949000009,candidate-measurement,101657,valid,1054295,-1,True,
1,1,000021,1790193424.5863132,32154.4699032,178.91379139999844,candidate-measurement,101655,valid,1054293,-2,True,
1,1,000021,1790193424.7783067,32154.6618969,179.1057851000005,candidate-measurement,101654,valid,1054292,-1,True,
1,1,000021,1790193424.9697218,32154.8533125,179.29720069999894,candidate-measurement,101654,valid,1054292,0,True,
1,1,000021,1790193425.1773722,32155.0609616,179.50484979999965,candidate-measurement,101653,valid,1054291,-1,True,
1,1,000021,1790193425.3692844,32155.2528743,179.69676249999975,candidate-measurement,101653,valid,1054291,0,True,
1,1,000021,1790193425.5612912,32155.4448797,179.88876789999995,candidate-measurement,101653,valid,1054291,0,True,
1,1,000021,1790193425.7692697,32155.6528601,180.09674829999858,candidate-measurement,101653,valid,1054291,0,True,
1,1,000021,1790193425.9766886,32155.8602791,180.3041673000007,candidate-measurement,101653,valid,1054291,0,True,
1,1,000021,1790193426.1686866,32156.0522756,180.4961637999986,candidate-measurement,101650,valid,1054288,-3,True,
1,1,000021,1790193426.3606803,32156.2442687,180.68815689999974,candidate-measurement,101648,valid,1054280,-8,True,
1,1,000021,1790193426.5522444,32156.4358351,180.87972330000048,candidate-measurement,101644,valid,1054276,-4,True,
1,1,000021,1790193426.7442462,32156.6278364,181.07172459999856,candidate-measurement,101642,valid,1054274,-2,True,
1,1,000021,1790193426.9362364,32156.8198272,181.26371540000036,candidate-measurement,101641,valid,1054273,-1,True,
1,1,000021,1790193427.1442368,32157.027825,181.47171320000052,candidate-measurement,101641,valid,1054273,0,True,
1,1,000021,1790193427.3356466,32157.2192357,181.66312389999803,candidate-measurement,101641,valid,1054273,0,True,
1,1,000021,1790193427.5272186,32157.4108098,181.8546979999992,candidate-measurement,101641,valid,1054273,0,True,
1,1,000021,1790193427.7352242,32157.6188145,182.06270270000095,candidate-measurement,101640,valid,1054272,-1,True,
1,1,000021,1790193427.9272022,32157.8107931,182.2546813000008,candidate-measurement,101639,valid,1054265,-7,True,
1,1,000021,1790193428.11862,32158.0022086,182.4460967999985,candidate-measurement,10162F,valid,1054255,-10,True,
1,1,000021,1790193428.3106103,32158.1941994,182.6380876000003,candidate-measurement,10162B,valid,1054251,-4,True,
1,1,000021,1790193428.518187,32158.4017752,182.84566339999947,candidate-measurement,101628,valid,1054248,-3,True,
1,1,000021,1790193428.7101815,32158.5937712,183.03765940000085,candidate-measurement,101626,valid,1054246,-2,True,
1,1,000021,1790193428.9021807,32158.7857687,183.2296568999991,candidate-measurement,101622,valid,1054242,-4,True,
1,1,000021,1790193429.1095927,32158.9931802,183.43706839999868,candidate-measurement,101620,valid,1054240,-2,True,
1,1,000021,1790193429.3015885,32159.1851761,183.6290642999993,candidate-measurement,10161D,valid,1054237,-3,True,
1,1,000021,1790193429.4935696,32159.3771608,183.8210489999983,candidate-measurement,10161B,valid,1054235,-2,True,
1,1,000021,1790193429.701136,32159.5847264,184.02861459999986,candidate-measurement,10161A,valid,1054234,-1,True,
1,1,000021,1790193429.893144,32159.7767319,184.22062010000082,candidate-measurement,10161A,valid,1054234,0,True,
1,1,000021,1790193430.0851383,32159.9687289,184.4126170999989,candidate-measurement,101619,valid,1054233,-1,True,
1,1,000021,1790193430.2771282,32160.1607167,184.60460489999969,candidate-measurement,101618,valid,1054232,-1,True,
1,1,000021,1790193430.4845471,32160.3681351,184.81202330000087,candidate-measurement,101616,valid,1054230,-2,True,
1,1,000021,1790193430.676543,32160.5601314,185.0040196000009,candidate-measurement,101616,valid,1054230,0,True,
1,1,000021,1790193430.868111,32160.7517009,185.19558909999978,candidate-measurement,101614,valid,1054228,-2,True,
1,1,000021,1790193431.0760992,32160.959687,185.40357519999816,candidate-measurement,101612,valid,1054226,-2,True,
1,1,000021,1790193431.2681034,32161.1516915,185.59557969999878,candidate-measurement,101612,valid,1054226,0,True,
1,1,000021,1790193431.4595137,32161.3431027,185.7869909000001,candidate-measurement,101612,valid,1054226,0,True,
1,1,000021,1790193431.6670866,32161.5506766,185.99456479999935,candidate-measurement,101610,valid,1054224,-2,True,
1,1,000021,1790193431.8590758,32161.7426637,186.18655189999845,candidate-measurement,10160D,valid,1054221,-3,True,
1,1,000021,1790193432.0510743,32161.9346638,186.3785519999983,candidate-measurement,10160B,valid,1054219,-2,True,
1,1,000021,1790193432.2424877,32162.126076,186.56996419999996,candidate-measurement,101608,valid,1054216,-3,True,
1,1,000021,1790193432.450483,32162.3340718,186.77795999999944,candidate-measurement,101606,valid,1054214,-2,True,
1,1,000021,1790193432.6420484,32162.5256398,186.9695279999978,candidate-measurement,101606,valid,1054214,0,True,
1,1,000021,1790193432.8340485,32162.7176391,187.16152729999885,candidate-measurement,101604,valid,1054212,-2,True,
1,1,000021,1790193433.0420582,32162.9256485,187.36953670000003,candidate-measurement,101602,valid,1054210,-2,True,
1,1,000021,1790193433.2334576,32163.1170465,187.56093469999905,candidate-measurement,101600,valid,1054208,-2,True,
1,1,000021,1790193433.4254646,32163.3090552,187.7529433999989,candidate-measurement,101600,valid,1054208,0,True,
1,1,000021,1790193433.6334405,32163.5170317,187.9609199000006,candidate-measurement,101600,valid,1054208,0,True,
1,1,000021,1790193433.8254356,32163.7090265,188.1529147000001,candidate-measurement,101600,valid,1054208,0,True,
1,1,000021,1790193434.0170135,32163.9006026,188.3444907999983,candidate-measurement,1015FF,valid,1054207,-1,True,
1,1,000021,1790193434.2090075,32164.0925961,188.53648429999885,candidate-measurement,1015FF,valid,1054207,0,True,
1,1,000021,1790193434.4169977,32164.3005886,188.74447679999867,candidate-measurement,1015FE,valid,1054206,-1,True,
1,1,000021,1790193434.6084108,32164.4920021,188.9358902999993,candidate-measurement,1015FC,valid,1054204,-2,True,
1,1,000021,1790193434.7999947,32164.6835834,189.12747160000072,candidate-measurement,1015FA,valid,1054202,-2,True,
1,1,000021,1790193435.007977,32164.8915677,189.33545589999994,candidate-measurement,1015FA,valid,1054202,0,True,
1,1,000021,1790193435.1999667,32165.0835555,189.52744370000073,candidate-measurement,1015FA,valid,1054202,0,True,
1,1,000021,1790193435.3919623,32165.2755525,189.7194406999988,candidate-measurement,1015F9,valid,1054201,-1,True,
1,1,000021,1790193435.5993896,32165.4829808,189.926868999999,candidate-measurement,1015F9,valid,1054201,0,True,
1,1,000021,1790193435.7913768,32165.6749658,190.11885400000028,candidate-measurement,1015F9,valid,1054201,0,True,
1,1,000021,1790193435.9829485,32165.8665346,190.3104228000011,candidate-measurement,1015F9,valid,1054201,0,True,
1,1,000021,1790193436.1749587,32166.0585471,190.5024353000008,candidate-measurement,1015F9,valid,1054201,0,True,
1,1,000021,1790193436.382931,32166.2665216,190.71040979999816,candidate-measurement,1015F8,valid,1054200,-1,True,
1,1,000021,1790193436.574351,32166.4579393,190.90182749999803,candidate-measurement,1015F2,valid,1054194,-6,True,
1,1,000021,1790193436.7663345,32166.649925,191.09381320000102,candidate-measurement,1015ED,valid,1054189,-5,True,
1,1,000021,1790193436.9743302,32166.8579211,191.30180929999915,candidate-measurement,1015EA,valid,1054186,-3,True,
1,1,000021,1790193437.165911,32167.0494996,191.49338780000107,candidate-measurement,1015E8,valid,1054184,-2,True,
1,1,000021,1790193437.3579009,32167.24149,191.68537819999983,candidate-measurement,1015E7,valid,1054183,-1,True,
1,1,000021,1790193437.5498912,32167.4334827,191.8773708999979,candidate-measurement,1015E7,valid,1054183,0,True,
1,1,000021,1790193437.757892,32167.6414822,192.0853704000001,candidate-measurement,1015E7,valid,1054183,0,True,
1,1,000021,1790193437.9492962,32167.8328874,192.27677559999938,candidate-measurement,1015E7,valid,1054183,0,True,
1,1,000021,1790193438.1412945,32168.0248825,192.4687707000012,candidate-measurement,1015E5,valid,1054181,-2,True,
1,1,000021,1790193438.3488674,32168.2324564,192.67634460000045,candidate-measurement,1015E0,valid,1054176,-5,True,
1,1,000021,1790193438.540863,32168.4244531,192.86834129999988,candidate-measurement,1015D7,valid,1054167,-9,True,
1,1,000021,1790193438.7328668,32168.6164576,193.0603458000005,candidate-measurement,1015D4,valid,1054164,-3,True,
1,1,000021,1790193438.9408395,32168.8244305,193.26831870000024,candidate-measurement,1015D1,valid,1054161,-3,True,
1,1,000021,1790193439.148267,32169.0318551,193.4757432999977,candidate-measurement,1015CF,valid,1054159,-2,True,
1,1,000021,1790193439.340261,32169.2238501,193.66773829999875,candidate-measurement,1015CE,valid,1054158,-1,True,
1,1,000021,1790193439.5322533,32169.4158418,193.85973000000013,candidate-measurement,1015CC,valid,1054156,-2,True,
1,1,000021,1790193439.723826,32169.6074167,194.0513049000001,candidate-measurement,1015CA,valid,1054154,-2,True,
1,1,000021,1790193439.9158232,32169.799412,194.2433001999998,candidate-measurement,1015C8,valid,1054152,-2,True,
1,1,000021,1790193440.1078207,32169.9914099,194.4352981000011,candidate-measurement,1015C8,valid,1054152,0,True,
1,1,000021,1790193440.3152292,32170.1988175,194.64270570000008,candidate-measurement,1015C4,valid,1054148,-4,True,
1,1,000021,1790193440.5072215,32170.3908119,194.8347001000002,candidate-measurement,1015C3,valid,1054147,-1,True,
1,1,000021,1790193440.6987998,32170.5823888,195.02627700000085,candidate-measurement,1015C2,valid,1054146,-1,True,
1,1,000021,1790193440.90678,32170.790369,195.23425719999796,candidate-measurement,1015C0,valid,1054144,-2,True,
1,1,000021,1790193441.0987804,32170.9823695,195.42625770000086,candidate-measurement,1015C0,valid,1054144,0,True,
1,1,000021,1790193441.2901988,32171.1737877,195.6176759000009,candidate-measurement,1015C0,valid,1054144,0,True,
1,1,000021,1790193441.4817696,32171.3653603,195.80924849999792,candidate-measurement,1015BE,valid,1054142,-2,True,
1,1,000021,1790193441.6897597,32171.5733495,196.01723769999808,candidate-measurement,1015BE,valid,1054142,0,True,
1,1,000021,1790193441.8817523,32171.7653422,196.2092303999998,candidate-measurement,1015BD,valid,1054141,-1,True,
1,1,000021,1790193442.073746,32171.9573357,196.40122390000033,candidate-measurement,1015BC,valid,1054140,-1,True,
1,1,000021,1790193442.281181,32172.1647698,196.60865800000101,candidate-measurement,1015BB,valid,1054139,-1,True,
1,1,000021,1790193442.4731624,32172.3567511,196.8006392999996,candidate-measurement,1015B8,valid,1054136,-3,True,
1,1,000021,1790193442.6647267,32172.5483177,196.99220589999823,candidate-measurement,1015B8,valid,1054136,0,True,
1,1,000021,1790193442.8727498,32172.7563403,197.20022849999805,candidate-measurement,1015B7,valid,1054135,-1,True,
1,1,000021,1790193443.0647168,32172.9483055,197.39219369999773,candidate-measurement,1015B4,valid,1054132,-3,True,
1,1,000021,1790193443.2561338,32173.139722,197.58361019999938,candidate-measurement,1015B2,valid,1054130,-2,True,
1,1,000021,1790193443.4481275,32173.3317171,197.7756053000012,candidate-measurement,1015B1,valid,1054129,-1,True,
1,1,000021,1790193443.6557128,32173.5393037,197.98319189999893,candidate-measurement,1015AF,valid,1054127,-2,True,
1,1,000021,1790193443.8476884,32173.7312788,198.17516700000124,candidate-measurement,1015AD,valid,1054125,-2,True,
1,1,000021,1790193444.0396817,32173.9232714,198.36715959999856,candidate-measurement,1015AC,valid,1054124,-1,True,
1,1,000021,1790193444.247684,32174.1312725,198.57516069999838,candidate-measurement,1015AA,valid,1054122,-2,True,
1,1,000021,1790193444.4390943,32174.3226826,198.7665707999986,candidate-measurement,1015A8,valid,1054120,-2,True,
1,1,000021,1790193444.6310844,32174.514676,198.95856419999836,candidate-measurement,1015A6,valid,1054118,-2,True,
1,1,000021,1790193444.8390791,32174.7226688,199.16655700000047,candidate-measurement,1015A6,valid,1054118,0,True,
1,1,000021,1790193445.0310795,32174.9146689,199.35855710000033,candidate-measurement,1015A6,valid,1054118,0,True,
1,1,000021,1790193445.2226496,32175.1062381,199.55012630000056,candidate-measurement,1015A4,valid,1054116,-2,True,
1,1,000021,1790193445.4146483,32175.2982363,199.7421245000005,candidate-measurement,1015A4,valid,1054116,0,True,
1,1,000021,1790193445.6226814,32175.5062714,199.95015960000092,candidate-measurement,1015A4,valid,1054116,0,True,
1,1,000021,1790193445.8140545,32175.6976432,200.14153140000053,candidate-measurement,1015A3,valid,1054115,-1,True,
1,1,000021,1790193446.006045,32175.8896338,200.3335220000008,candidate-measurement,1015A1,valid,1054113,-2,True,
1,1,000021,1790193446.2140357,32176.097624,200.5415122000013,candidate-measurement,1015A0,valid,1054112,-1,True,
1,1,000021,1790193446.405603,32176.2891929,200.73308109999925,candidate-measurement,1015A0,valid,1054112,0,True,
1,1,000021,1790193446.597617,32176.481205,200.92509319999954,candidate-measurement,10159F,valid,1054111,-1,True,
1,1,000021,1790193446.8050344,32176.6886228,201.1325109999998,candidate-measurement,10159F,valid,1054111,0,True,
1,1,000021,1790193446.997009,32176.8805991,201.32448730000033,candidate-measurement,10159F,valid,1054111,0,True,
1,1,000021,1790193447.1890132,32177.0726016,201.51648980000027,candidate-measurement,10159F,valid,1054111,0,True,
1,1,000021,1790193447.3805912,32177.2641818,201.7080700000006,candidate-measurement,10159F,valid,1054111,0,True,
1,1,000021,1790193447.5885715,32177.4721599,201.9160480999999,candidate-measurement,10159D,valid,1054109,-2,True,
1,1,000021,1790193447.7805612,32177.6641524,202.1080406000001,candidate-measurement,101598,valid,1054104,-5,True,
1,1,000021,1790193447.971976,32177.8555659,202.29945410000073,candidate-measurement,101593,valid,1054099,-5,True,
1,1,000021,1790193448.179974,32178.063563,202.5074511999992,candidate-measurement,101590,valid,1054096,-3,True,
1,1,000021,1790193448.3715458,32178.255134,202.69902219999858,candidate-measurement,10158E,valid,1054094,-2,True,
1,1,000021,1790193448.5635414,32178.4471319,202.89102009999988,candidate-measurement,10158E,valid,1054094,0,True,
1,1,000021,1790193448.7715344,32178.6551223,203.09901049999826,candidate-measurement,10158D,valid,1054093,-1,True,
1,1,000021,1790193448.9629488,32178.8465391,203.29042729999856,candidate-measurement,10158D,valid,1054093,0,True,
1,1,000021,1790193449.1549475,32179.0385358,203.482423999998,candidate-measurement,10158D,valid,1054093,0,True,
1,1,000021,1790193449.346938,32179.2305265,203.67441469999903,candidate-measurement,10158D,valid,1054093,0,True,
1,1,000021,1790193449.554505,32179.4380967,203.88198489999922,candidate-measurement,10158C,valid,1054092,-1,True,
1,1,000021,1790193449.746498,32179.6300894,204.07397760000094,candidate-measurement,101589,valid,1054089,-3,True,
1,1,000021,1790193449.9384904,32179.822081,204.26596919999793,candidate-measurement,10157D,valid,1054077,-12,True,
1,1,000021,1790193450.1462595,32180.0298446,204.47373280000102,candidate-measurement,101578,valid,1054072,-5,True,
1,1,000021,1790193450.3379083,32180.2214963,204.66538450000007,candidate-measurement,101575,valid,1054069,-3,True,
1,1,000021,1790193450.529472,32180.4130611,204.85694929999954,candidate-measurement,101573,valid,1054067,-2,True,
1,1,000021,1790193450.737467,32180.6210554,205.06494359999851,candidate-measurement,101571,valid,1054065,-2,True,
1,1,000021,1790193450.9288921,32180.8124802,205.25636839999788,candidate-measurement,10156E,valid,1054062,-3,True,
1,1,000021,1790193451.120877,32181.004466,205.448354199998,candidate-measurement,10156C,valid,1054060,-2,True,
1,1,000021,1790193451.312453,32181.1960412,205.63992940000026,candidate-measurement,101569,valid,1054057,-3,True,
1,1,000021,1790193451.5204446,32181.4040355,205.84792369999923,candidate-measurement,101568,valid,1054056,-1,True,
1,1,000021,1790193451.7124338,32181.5960229,206.0399111000006,candidate-measurement,101566,valid,1054054,-2,True,
1,1,000021,1790193451.9044292,32181.7880206,206.23190880000038,candidate-measurement,101566,valid,1054054,0,True,
1,1,000021,1790193452.1118417,32181.9954302,206.43931840000005,candidate-measurement,101565,valid,1054053,-1,True,
1,1,000021,1790193452.3034213,32182.1870099,206.6308981000002,candidate-measurement,101564,valid,1054052,-1,True,
1,1,000021,1790193452.4954205,32182.3790093,206.82289749999836,candidate-measurement,101563,valid,1054051,-1,True,
1,1,000021,1790193452.703405,32182.5869962,207.0308843999992,candidate-measurement,101562,valid,1054050,-1,True,
1,1,000021,1790193452.9108236,32182.7944117,207.23829990000013,candidate-measurement,101560,valid,1054048,-2,True,
1,1,000021,1790193453.1028237,32182.9864124,207.43030060000092,candidate-measurement,10155E,valid,1054046,-2,True,
1,1,000021,1790193453.294411,32183.1779993,207.62188749999768,candidate-measurement,10155E,valid,1054046,0,True,
1,1,000021,1790193453.4863813,32183.3699712,207.8138594000011,candidate-measurement,10155C,valid,1054044,-2,True,
1,1,000021,1790193453.678373,32183.5619633,208.00585149999824,candidate-measurement,10155C,valid,1054044,0,True,
1,1,000021,1790193453.8697875,32183.7533787,208.1972668999988,candidate-measurement,10155A,valid,1054042,-2,True,
1,1,000021,1790193454.0777783,32183.9613683,208.40525649999836,candidate-measurement,101557,valid,1054039,-3,True,
1,1,000021,1790193454.2693636,32184.1529512,208.59683940000104,candidate-measurement,101554,valid,1054036,-3,True,
1,1,000021,1790193454.4613476,32184.344938,208.78882619999786,candidate-measurement,101552,valid,1054034,-2,True,
1,1,000021,1790193454.6693451,32184.5529359,208.99682409999878,candidate-measurement,101550,valid,1054032,-2,True,
1,1,000021,1790193454.8767557,32184.7603438,209.20423200000005,candidate-measurement,10154E,valid,1054030,-2,True,
1,1,000021,1790193455.0687497,32184.9523383,209.39622650000092,candidate-measurement,10154D,valid,1054029,-1,True,
1,1,000021,1790193455.2603266,32185.1439149,209.5878030999993,candidate-measurement,10154C,valid,1054028,-1,True,
1,1,000021,1790193455.4523182,32185.3359076,209.779795800001,candidate-measurement,10154C,valid,1054028,0,True,
1,1,000021,1790193455.6443157,32185.527904,209.97179219999816,candidate-measurement,10154C,valid,1054028,0,True,
1,1,000021,1790193455.835732,32185.7193201,210.1632083000004,candidate-measurement,10154A,valid,1054026,-2,True,
1,1,000021,1790193456.0437243,32185.9273127,210.37120090000099,candidate-measurement,10154A,valid,1054026,0,True,
1,1,000021,1790193456.235719,32186.1193067,210.56319489999805,candidate-measurement,10154A,valid,1054026,0,True,
1,1,000021,1790193456.4272873,32186.3108758,210.75476400000116,candidate-measurement,101549,valid,1054025,-1,True,
1,1,000021,1790193456.6352744,32186.5188656,210.9627537999986,candidate-measurement,101547,valid,1054023,-2,True,
1,1,000021,1790193456.827276,32186.710865,211.1547532000004,candidate-measurement,101546,valid,1054022,-1,True,
1,1,000021,1790193457.018699,32186.902287,211.3461752000003,candidate-measurement,101546,valid,1054022,0,True,
1,1,000021,1790193457.210684,32187.0942725,211.53816069999812,candidate-measurement,101545,valid,1054021,-1,True,
1,1,000021,1790193457.4182754,32187.3018652,211.74575339999865,candidate-measurement,101545,valid,1054021,0,True,
1,1,000021,1790193457.610251,32187.4938401,211.93772829999943,candidate-measurement,101545,valid,1054021,0,True,
1,1,000021,1790193457.8022394,32187.6858307,212.12971889999972,candidate-measurement,101545,valid,1054021,0,True,
1,1,000021,1790193458.0102336,32187.893825,212.3377131999987,candidate-measurement,101545,valid,1054021,0,True,
1,1,000021,1790193458.2016556,32188.0852437,212.5291318999989,candidate-measurement,101544,valid,1054020,-1,True,
1,1,000021,1790193458.39366,32188.2772492,212.72113739999986,candidate-measurement,10153C,valid,1054012,-8,True,
1,1,000021,1790193458.6012132,32188.4848021,212.9286902999993,candidate-measurement,101539,valid,1054009,-3,True,
1,1,000021,1790193458.793208,32188.6767977,213.12068590000126,candidate-measurement,101536,valid,1054006,-3,True,
1,1,000021,1790193458.985204,32188.868792,213.3126802000006,candidate-measurement,101534,valid,1054004,-2,True,
1,1,000021,1790193459.1766143,32189.0602029,213.50409109999964,candidate-measurement,101534,valid,1054004,0,True,
1,1,000021,1790193459.384609,32189.2681976,213.71208579999802,candidate-measurement,101533,valid,1054003,-1,True,
1,1,000021,1790193459.576178,32189.4597691,213.9036573000012,candidate-measurement,101533,valid,1054003,0,True,
1,1,000021,1790193459.7681732,32189.6517645,214.09565269999803,candidate-measurement,101533,valid,1054003,0,True,
1,1,000021,1790193459.9761708,32189.8597618,214.30364999999802,candidate-measurement,101533,valid,1054003,0,True,
1,1,000021,1790193460.1675873,32190.0511754,214.4950635999994,candidate-measurement,101531,valid,1054001,-2,True,
1,1,000021,1790193460.3596084,32190.2431979,214.68708609999885,candidate-measurement,101531,valid,1054001,0,True,
1,1,000021,1790193460.567147,32190.4507361,214.89462429999912,candidate-measurement,101529,valid,1053993,-8,True,
1,1,000021,1790193460.7591465,32190.6427376,215.08662579999873,candidate-measurement,101520,valid,1053984,-9,True,
1,1,000021,1790193460.9505606,32190.8341497,215.27803789999962,candidate-measurement,10151D,valid,1053981,-3,True,
1,1,000021,1790193461.142559,32191.026147,215.47003519999998,candidate-measurement,10151A,valid,1053978,-3,True,
1,1,000021,1790193461.350166,32191.2337554,215.6776436,candidate-measurement,101518,valid,1053976,-2,True,
1,1,000021,1790193461.5421226,32191.4257122,215.86960040000122,candidate-measurement,101516,valid,1053974,-2,True,
1,1,000021,1790193461.7341087,32191.6176999,216.06158810000125,candidate-measurement,101512,valid,1053970,-4,True,
1,1,000021,1790193461.942106,32191.8256964,216.26958459999878,candidate-measurement,101510,valid,1053968,-2,True,
1,1,000021,1790193462.1335359,32192.0171238,216.46101199999976,candidate-measurement,10150E,valid,1053966,-2,True,
1,1,000021,1790193462.325515,32192.2091044,216.6529926000003,candidate-measurement,10150E,valid,1053966,0,True,
1,1,000021,1790193462.5330906,32192.4166804,216.860568600001,candidate-measurement,10150B,valid,1053963,-3,True,
1,1,000021,1790193462.7250867,32192.6086758,217.0525639999978,candidate-measurement,10150B,valid,1053963,0,True,
1,1,000021,1790193462.917074,32192.8006654,217.24455359999774,candidate-measurement,10150B,valid,1053963,0,True,
1,1,000021,1790193463.1084912,32192.9920805,217.43596869999965,candidate-measurement,10150A,valid,1053962,-1,True,
1,1,000021,1790193463.3165073,32193.2000958,217.64398399999845,candidate-measurement,101509,valid,1053961,-1,True,
1,1,000021,1790193463.5084841,32193.3920724,217.83596060000127,candidate-measurement,101508,valid,1053960,-1,True,
1,1,000021,1790193463.7000463,32193.5836374,218.02752559999863,candidate-measurement,101505,valid,1053957,-3,True,
1,1,000021,1790193463.9080455,32193.7916347,218.2355228999986,candidate-measurement,101504,valid,1053956,-1,True,
1,1,000021,1790193464.1000516,32193.9836411,218.42752929999915,candidate-measurement,101504,valid,1053956,0,True,
1,1,000021,1790193464.2914548,32194.175043,218.61893119999877,candidate-measurement,101501,valid,1053953,-3,True,
1,1,000021,1790193464.4990761,32194.3826643,218.8265524999988,candidate-measurement,1014FE,valid,1053950,-3,True,
1,1,000021,1790193464.6910384,32194.5746272,219.01851539999916,candidate-measurement,1014FA,valid,1053946,-4,True,
1,1,000021,1790193464.8830147,32194.7666029,219.21049109999876,candidate-measurement,1014F8,valid,1053944,-2,True,
1,1,000021,1790193465.0750132,32194.9586021,219.40249029999904,candidate-measurement,1014F6,valid,1053942,-2,True,
1,1,000021,1790193465.2824247,32195.1660126,219.6099007999983,candidate-measurement,1014F4,valid,1053940,-2,True,
1,1,000021,1790193465.4744325,32195.3580203,219.8019084999978,candidate-measurement,1014F2,valid,1053938,-2,True,
1,1,000021,1790193465.6664064,32195.5499978,219.9938860000002,candidate-measurement,1014F2,valid,1053938,0,True,
1,1,000021,1790193465.8739927,32195.7575842,220.20147240000006,candidate-measurement,1014F2,valid,1053938,0,True,
1,1,000021,1790193466.0659773,32195.9495661,220.39345429999958,candidate-measurement,1014F2,valid,1053938,0,True,
1,1,000021,1790193466.2579863,32196.1415752,220.58546339999884,candidate-measurement,1014F0,valid,1053936,-2,True,
1,1,000021,1790193466.4653807,32196.3489706,220.79285879999952,candidate-measurement,1014F0,valid,1053936,0,True,
1,1,000021,1790193466.6573694,32196.5409607,220.98484889999963,candidate-measurement,1014F0,valid,1053936,0,True,
1,1,000021,1790193466.849374,32196.7329622,221.17685039999924,candidate-measurement,1014F0,valid,1053936,0,True,
1,1,000021,1790193467.0409338,32196.9245252,221.36841339999955,candidate-measurement,1014EE,valid,1053934,-2,True,
1,1,000021,1790193467.248949,32197.1325372,221.5764253999987,candidate-measurement,1014EC,valid,1053932,-2,True,
1,1,000021,1790193467.4409235,32197.3245133,221.7684014999977,candidate-measurement,1014EC,valid,1053932,0,True,
1,1,000021,1790193467.6329138,32197.5165048,221.9603930000012,candidate-measurement,1014EC,valid,1053932,0,True,
1,1,000021,1790193467.8409326,32197.7245219,222.16841009999916,candidate-measurement,1014EB,valid,1053931,-1,True,
1,1,000021,1790193468.0483286,32197.9319193,222.37580750000052,candidate-measurement,1014EB,valid,1053931,0,True,
1,1,000021,1790193468.2403276,32198.123916,222.56780419999996,candidate-measurement,1014EB,valid,1053931,0,True,
1,1,000021,1790193468.4318967,32198.3154865,222.75937469999917,candidate-measurement,1014EB,valid,1053931,0,True,
1,1,000021,1790193468.6238906,32198.5074797,222.95136790000106,candidate-measurement,1014EB,valid,1053931,0,True,
1,1,000021,1790193468.8153057,32198.6988966,223.14278479999848,candidate-measurement,1014EA,valid,1053930,-1,True,
1,1,000021,1790193469.007304,32198.8908926,223.33478079999986,candidate-measurement,1014E1,valid,1053921,-9,True,
1,1,000021,1790193469.2153037,32199.0988922,223.54278039999917,candidate-measurement,1014DE,valid,1053918,-3,True,
1,1,000021,1790193469.4068651,32199.2904543,223.7343424999999,candidate-measurement,1014DB,valid,1053915,-3,True,
1,1,000021,1790193469.5988595,32199.4824501,223.92633829999977,candidate-measurement,1014DA,valid,1053914,-1,True,
1,1,000021,1790193469.8068488,32199.6904399,224.13432810000086,candidate-measurement,1014D9,valid,1053913,-1,True,
1,1,000021,1790193469.9982705,32199.8818614,224.32574960000056,candidate-measurement,1014D9,valid,1053913,0,True,
1,1,000021,1790193470.190266,32200.0738542,224.5177423999994,candidate-measurement,1014D9,valid,1053913,0,True,
1,1,000021,1790193470.3822618,32200.2658505,224.70973869999943,candidate-measurement,1014D9,valid,1053913,0,True,
1,1,000021,1790193470.5898323,32200.4734214,224.91730959999768,candidate-measurement,1014D6,valid,1053910,-3,True,
1,1,000021,1790193470.7818198,32200.6654113,225.1092994999999,candidate-measurement,1014CC,valid,1053900,-10,True,
1,1,000021,1790193470.973829,32200.8574174,225.30130559999816,candidate-measurement,1014C5,valid,1053893,-7,True,
1,1,000021,1790193471.181233,32201.0648213,225.50870949999808,candidate-measurement,1014C3,valid,1053891,-2,True,
1,1,000021,1790193471.3728452,32201.2564332,225.70032139999967,candidate-measurement,1014C0,valid,1053888,-3,True,
1,1,000021,1790193471.5647976,32201.4483875,225.89227570000003,candidate-measurement,1014BF,valid,1053887,-1,True,
1,1,000021,1790193471.7727838,32201.6563742,226.10026239999934,candidate-measurement,1014BC,valid,1053884,-3,True,
1,1,000021,1790193471.9807913,32201.8643796,226.30826779999916,candidate-measurement,1014BA,valid,1053882,-2,True,
1,1,000021,1790193472.1722014,32202.0557903,226.4996785000003,candidate-measurement,1014B6,valid,1053878,-4,True,
1,1,000021,1790193472.3641946,32202.2477845,226.6916726999989,candidate-measurement,1014B4,valid,1053876,-2,True,
1,1,000021,1790193472.5557644,32202.439355,226.8832431999981,candidate-measurement,1014B2,valid,1053874,-2,True,
1,1,000021,1790193472.747763,32202.6313522,227.0752403999977,candidate-measurement,1014B2,valid,1053874,0,True,
1,1,000021,1790193472.9397538,32202.8233451,227.26723330000095,candidate-measurement,1014B1,valid,1053873,-1,True,
1,1,000021,1790193473.1471784,32203.0307659,227.4746540999986,candidate-measurement,1014B0,valid,1053872,-1,True,
1,1,000021,1790193473.3391771,32203.2227672,227.6666554000003,candidate-measurement,1014AE,valid,1053870,-2,True,
1,1,000021,1790193473.5311544,32203.4147451,227.85863329999847,candidate-measurement,1014AE,valid,1053870,0,True,
1,1,000021,1790193473.7387297,32203.6223182,228.06620639999892,candidate-measurement,1014AB,valid,1053867,-3,True,
1,1,000021,1790193473.9467173,32203.8303085,228.27419670000018,candidate-measurement,1014AA,valid,1053866,-1,True,
1,1,000021,1790193474.138731,32204.022319,228.4662071999992,candidate-measurement,1014A9,valid,1053865,-1,True,
1,1,000021,1790193474.3301299,32204.2137192,228.65760740000042,candidate-measurement,1014A6,valid,1053862,-3,True,
1,1,000021,1790193474.5221274,32204.405716,228.8496042000006,candidate-measurement,1014A2,valid,1053858,-4,True,
1,1,000021,1790193474.7141514,32204.5977417,229.04162989999895,candidate-measurement,10149F,valid,1053855,-3,True,
1,1,000021,1790193474.9056854,32204.7892765,229.23316469999918,candidate-measurement,10149C,valid,1053852,-3,True,
1,1,000021,1790193475.1136851,32204.9972745,229.44116270000086,candidate-measurement,10149A,valid,1053850,-2,True,
1,1,000021,1790193475.3056858,32205.1892739,229.63316209999903,candidate-measurement,101498,valid,1053848,-2,True,
1,1,000021,1790193475.4970846,32205.3806752,229.82456339999771,candidate-measurement,101498,valid,1053848,0,True,
1,1,000021,1790193475.7050817,32205.5886723,230.03256049999982,candidate-measurement,101498,valid,1053848,0,True,
1,1,000021,1790193475.8970752,32205.7806662,230.22455439999976,candidate-measurement,101498,valid,1053848,0,True,
1,1,000021,1790193476.0886598,32205.9722504,230.4161385999978,candidate-measurement,101497,valid,1053847,-1,True,
1,1,000021,1790193476.2806475,32206.1642358,230.6081239999985,candidate-measurement,101497,valid,1053847,0,True,
1,1,000021,1790193476.4886467,32206.3722345,230.81612269999823,candidate-measurement,101496,valid,1053846,-1,True,
1,1,000021,1790193476.6800497,32206.5636407,231.00752889999785,candidate-measurement,101494,valid,1053844,-2,True,
1,1,000021,1790193476.8720372,32206.7556284,231.19951659999788,candidate-measurement,101492,valid,1053842,-2,True,
1,1,000021,1790193477.0796232,32206.9632129,231.40710109999782,candidate-measurement,101492,valid,1053842,0,True,
1,1,000021,1790193477.271618,32207.1552069,231.59909509999852,candidate-measurement,101492,valid,1053842,0,True,
1,1,000021,1790193477.4636035,32207.3471937,231.79108189999897,candidate-measurement,101491,valid,1053841,-1,True,
1,1,000021,1790193477.6710176,32207.5546086,231.99849679999897,candidate-measurement,101491,valid,1053841,0,True,
1,1,000021,1790193477.863019,32207.7466079,232.19049610000002,candidate-measurement,101491,valid,1053841,0,True,
1,1,000021,1790193478.0550084,32207.938599,232.38248720000047,candidate-measurement,101491,valid,1053841,0,True,
1,1,000021,1790193478.2465816,32208.1301695,232.57405769999968,candidate-measurement,101491,valid,1053841,0,True,
1,1,000021,1790193478.4545798,32208.3381689,232.7820571000011,candidate-measurement,101490,valid,1053840,-1,True,
1,1,000021,1790193478.6459947,32208.5295834,232.97347159999845,candidate-measurement,101488,valid,1053832,-8,True,
1,1,000021,1790193478.837985,32208.7215757,233.16546390000076,candidate-measurement,101484,valid,1053828,-4,True,
1,1,000021,1790193479.0455568,32208.9291445,233.3730327000012,candidate-measurement,101482,valid,1053826,-2,True,
1,1,000021,1790193479.2375453,32209.1211344,233.5650225999998,candidate-measurement,101480,valid,1053824,-2,True,
1,1,000021,1790193479.4295452,32209.3131359,233.7570240999994,candidate-measurement,10147F,valid,1053823,-1,True,
1,1,000021,1790193479.6375391,32209.5211282,233.9650163999977,candidate-measurement,10147F,valid,1053823,0,True,
1,1,000021,1790193479.8289502,32209.7125384,234.15642659999867,candidate-measurement,10147F,valid,1053823,0,True,
1,1,000021,1790193480.0209696,32209.904557,234.34844520000115,candidate-measurement,10147F,valid,1053823,0,True,
1,1,000021,1790193480.2125237,32210.0961122,234.54000040000028,candidate-measurement,10147F,valid,1053823,0,True,
1,1,000021,1790193480.4205194,32210.3041082,234.74799640000128,candidate-measurement,10147D,valid,1053821,-2,True,
1,1,000021,1790193480.6125093,32210.4960987,234.9399869000008,candidate-measurement,10147D,valid,1053821,0,True,
1,1,000021,1790193480.8045003,32210.6880905,235.1319786999993,candidate-measurement,101475,valid,1053813,-8,True,
1,1,000021,1790193481.0119107,32210.8955,235.3393881999982,candidate-measurement,10146C,valid,1053804,-9,True,
1,1,000021,1790193481.2039075,32211.0874959,235.53138409999883,candidate-measurement,101468,valid,1053800,-4,True,
1,1,000021,1790193481.3954804,32211.2790709,235.72295909999957,candidate-measurement,101466,valid,1053798,-2,True,
1,1,000021,1790193481.603471,32211.4870605,235.93094869999913,candidate-measurement,101462,valid,1053794,-4,True,
1,1,000021,1790193481.7954667,32211.6790575,236.12294570000086,candidate-measurement,10145E,valid,1053790,-4,True,
1,1,000021,1790193481.9868784,32211.8704695,236.31435770000098,candidate-measurement,10145B,valid,1053787,-3,True,
1,1,000021,1790193482.1788816,32212.0624696,236.50635780000084,candidate-measurement,101459,valid,1053785,-2,True,
1,1,000021,1790193482.3864453,32212.2700338,236.713921999999,candidate-measurement,101458,valid,1053784,-1,True,
1,1,000021,1790193482.5784469,32212.4620362,236.90592439999818,candidate-measurement,101457,valid,1053783,-1,True,
1,1,000021,1790193482.7704477,32212.6540386,237.097926800001,candidate-measurement,101456,valid,1053782,-1,True,
1,1,000021,1790193482.9784257,32212.8620145,237.30590269999811,candidate-measurement,101454,valid,1053780,-2,True,
1,1,000021,1790193483.1698487,32213.053437,237.49732519999816,candidate-measurement,101453,valid,1053779,-1,True,
1,1,000021,1790193483.3618388,32213.2454296,237.68931779999912,candidate-measurement,101451,valid,1053777,-2,True,
1,1,000021,1790193483.5538259,32213.4374154,237.88130359999923,candidate-measurement,101450,valid,1053776,-1,True,
1,1,000021,1790193483.7614028,32213.6449917,238.08887989999857,candidate-measurement,10144F,valid,1053775,-1,True,
1,1,000021,1790193483.9533942,32213.8369852,238.2808733999991,candidate-measurement,10144C,valid,1053772,-3,True,
1,1,000021,1790193484.1453962,32214.0289845,238.47287270000015,candidate-measurement,10144A,valid,1053770,-2,True,
1,1,000021,1790193484.3528035,32214.2363917,238.68027989999973,candidate-measurement,101446,valid,1053766,-4,True,
1,1,000021,1790193484.5448103,32214.4283987,238.8722869000012,candidate-measurement,101445,valid,1053765,-1,True,
1,1,000021,1790193484.7367911,32214.620381,239.06426920000013,candidate-measurement,101444,valid,1053764,-1,True,
1,1,000021,1790193484.9443676,32214.8279555,239.27184370000032,candidate-measurement,101442,valid,1053762,-2,True,
1,1,000021,1790193485.1363742,32215.0199629,239.4638511000012,candidate-measurement,10143F,valid,1053759,-3,True,
1,1,000021,1790193485.3283594,32215.2119475,239.65583569999944,candidate-measurement,10143E,valid,1053758,-1,True,
1,1,000021,1790193485.5197704,32215.4033585,239.84724669999923,candidate-measurement,10143E,valid,1053758,0,True,
1,1,000021,1790193485.7274048,32215.6109941,240.054882299999,candidate-measurement,10143E,valid,1053758,0,True,
1,1,000021,1790193485.9193454,32215.802936,240.24682419999954,candidate-measurement,10143C,valid,1053756,-2,True,
1,1,000021,1790193486.1113322,32215.9949206,240.4388087999978,candidate-measurement,10143C,valid,1053756,0,True,
1,1,000021,1790193486.3193276,32216.2029157,240.6468038999992,candidate-measurement,10143C,valid,1053756,0,True,
1,1,000021,1790193486.511321,32216.3949092,240.83879739999975,candidate-measurement,10143B,valid,1053755,-1,True,
1,1,000021,1790193486.702726,32216.5863169,241.03020509999988,candidate-measurement,101439,valid,1053753,-2,True,
1,1,000021,1790193486.910723,32216.7943137,241.2382018999997,candidate-measurement,101438,valid,1053752,-1,True,
1,1,000021,1790193487.102719,32216.986307,241.4301951999987,candidate-measurement,101438,valid,1053752,0,True,
1,1,000021,1790193487.294297,32217.177885,241.62177320000046,candidate-measurement,101437,valid,1053751,-1,True,
1,1,000021,1790193487.4863002,32217.3698906,241.81377879999854,candidate-measurement,101437,valid,1053751,0,True,
1,1,000021,1790193487.6942792,32217.5778692,242.02175739999802,candidate-measurement,101437,valid,1053751,0,True,
1,1,000021,1790193487.8856902,32217.7692804,242.21316859999934,candidate-measurement,101437,valid,1053751,0,True,
1,1,000021,1790193488.077688,32217.9612766,242.4051647999986,candidate-measurement,101435,valid,1053749,-2,True,
1,1,000021,1790193488.2856798,32218.169268,242.61315620000096,candidate-measurement,101433,valid,1053747,-2,True,
1,1,000021,1790193488.47726,32218.3608504,242.80473859999984,candidate-measurement,10142C,valid,1053740,-7,True,
1,1,000021,1790193488.6692538,32218.5528421,242.99673030000122,candidate-measurement,101429,valid,1053737,-3,True,
1,1,000021,1790193488.8772433,32218.7608314,243.2047195999985,candidate-measurement,101427,valid,1053735,-2,True,
1,1,000021,1790193489.0692315,32218.9528213,243.39670950000072,candidate-measurement,101426,valid,1053734,-1,True,
1,1,000021,1790193489.2606485,32219.1442365,243.58812469999975,candidate-measurement,101425,valid,1053733,-1,True,
1,1,000021,1790193489.452642,32219.3362331,243.78012129999843,candidate-measurement,101425,valid,1053733,0,True,
1,1,000021,1790193489.6602163,32219.5438049,243.9876930999999,candidate-measurement,101425,valid,1053733,0,True,
1,1,000021,1790193489.8522093,32219.7357996,244.17968779999865,candidate-measurement,101425,valid,1053733,0,True,
1,1,000021,1790193490.0442102,32219.9277993,244.3716874999991,candidate-measurement,101424,valid,1053732,-1,True,
1,1,000021,1790193490.2521915,32220.1357799,244.57966809999925,candidate-measurement,101421,valid,1053729,-3,True,
1,1,000021,1790193490.443619,32220.3272069,244.77109510000082,candidate-measurement,101416,valid,1053718,-11,True,
1,1,000021,1790193490.6356053,32220.5191944,244.96308259999932,candidate-measurement,101411,valid,1053713,-5,True,
1,1,000021,1790193490.8435957,32220.7271849,245.17107309999847,candidate-measurement,10140E,valid,1053710,-3,True,
1,1,000021,1790193491.0351725,32220.9187616,245.36264980000124,candidate-measurement,10140C,valid,1053708,-2,True,
1,1,000021,1790193491.2271683,32221.1107557,245.55464389999906,candidate-measurement,10140A,valid,1053706,-2,True,
1,1,000021,1790193491.4191606,32221.3027494,245.74663760000112,candidate-measurement,101408,valid,1053704,-2,True,
1,1,000021,1790193491.6265686,32221.5101571,245.95404530000087,candidate-measurement,101406,valid,1053702,-2,True,
1,1,000021,1790193491.8185627,32221.7021536,246.14604179999878,candidate-measurement,101402,valid,1053698,-4,True,
1,1,000021,1790193492.0105565,32221.8941471,246.33803529999932,candidate-measurement,101400,valid,1053696,-2,True,
1,1,000021,1790193492.2181363,32222.1017243,246.54561249999824,candidate-measurement,1013FF,valid,1053695,-1,True,
1,1,000021,1790193492.4101233,32222.2937137,246.7376019000003,candidate-measurement,1013FE,valid,1053694,-1,True,
1,1,000021,1790193492.6021261,32222.4857141,246.9296022999988,candidate-measurement,1013FE,valid,1053694,0,True,
1,1,000021,1790193492.7941096,32222.6776999,247.12158809999892,candidate-measurement,1013FD,valid,1053693,-1,True,
1,1,000021,1790193493.0015278,32222.8851167,247.32900489999884,candidate-measurement,1013FC,valid,1053692,-1,True,
1,1,000021,1790193493.193524,32223.0771127,247.52100090000022,candidate-measurement,1013FA,valid,1053690,-2,True,
1,1,000021,1790193493.3855147,32223.2691049,247.71299309999813,candidate-measurement,1013F9,valid,1053689,-1,True,
1,1,000021,1790193493.593088,32223.4766784,247.92056659999798,candidate-measurement,1013F7,valid,1053687,-2,True,
1,1,000021,1790193493.785073,32223.6686639,248.11255209999945,candidate-measurement,1013F6,valid,1053686,-1,True,
1,1,000021,1790193493.977067,32223.8606569,248.3045450999998,candidate-measurement,1013F6,valid,1053686,0,True,
1,1,000021,1790193494.1844923,32224.0680808,248.51196899999923,candidate-measurement,1013F5,valid,1053685,-1,True,
1,1,000021,1790193494.3764963,32224.2600868,248.70397500000036,candidate-measurement,1013F3,valid,1053683,-2,True,
1,1,000021,1790193494.5684733,32224.4520646,248.89595279999776,candidate-measurement,1013F0,valid,1053680,-3,True,
1,1,000021,1790193494.7600508,32224.6436394,249.0875276000006,candidate-measurement,1013EE,valid,1053678,-2,True,
1,1,000021,1790193494.968043,32224.8516334,249.29552160000094,candidate-measurement,1013EC,valid,1053676,-2,True,
1,1,000021,1790193495.1594656,32225.0430535,249.4869417000009,candidate-measurement,1013EA,valid,1053674,-2,True,
1,1,000021,1790193495.351451,32225.2350409,249.67892909999864,candidate-measurement,1013E8,valid,1053672,-2,True,
1,1,000021,1790193495.559021,32225.4426088,249.8864969999995,candidate-measurement,1013E7,valid,1053671,-1,True,
1,1,000021,1790193495.7510166,32225.6346064,250.07849459999852,candidate-measurement,1013E5,valid,1053669,-2,True,
1,1,000021,1790193495.943012,32225.8266015,250.27048970000033,candidate-measurement,1013E4,valid,1053668,-1,True,
1,1,000021,1790193496.1504273,32226.0340154,250.4779036,candidate-measurement,1013E4,valid,1053668,0,True,
1,1,000021,1790193496.3424203,32226.2260103,250.66989850000027,candidate-measurement,1013E4,valid,1053668,0,True,
1,1,000021,1790193496.5339875,32226.4175771,250.86146530000042,candidate-measurement,1013E4,valid,1053668,0,True,
1,1,000021,1790193496.7259889,32226.609577,251.05346519999875,candidate-measurement,1013E2,valid,1053666,-2,True,
1,1,000021,1790193496.933986,32226.8175739,251.26146209999933,candidate-measurement,1013E2,valid,1053666,0,True,
1,1,000021,1790193497.1253927,32227.0089812,251.45286940000005,candidate-measurement,1013E2,valid,1053666,0,True,
1,1,000021,1790193497.3173919,32227.2009802,251.6448683999988,candidate-measurement,1013E0,valid,1053664,-2,True,
1,1,000021,1790193497.5253782,32227.4089693,251.8528574999982,candidate-measurement,1013DE,valid,1053662,-2,True,
1,1,000021,1790193497.7169456,32227.6005363,252.04442449999988,candidate-measurement,1013DE,valid,1053662,0,True,
1,1,000021,1790193497.9089491,32227.7925389,252.23642710000058,candidate-measurement,1013DD,valid,1053661,-1,True,
1,1,000021,1790193498.1169376,32228.0005265,252.44441469999947,candidate-measurement,1013DD,valid,1053661,0,True,
1,1,000021,1790193498.3083575,32228.1919467,252.6358349000002,candidate-measurement,1013DD,valid,1053661,0,True,
1,1,000021,1790193498.5003595,32228.3839475,252.8278356999981,candidate-measurement,1013DD,valid,1053661,0,True,
1,1,000021,1790193498.6919267,32228.5755149,253.01940309999918,candidate-measurement,1013DB,valid,1053659,-2,True,
1,1,000021,1790193498.8999183,32228.7835076,253.22739580000052,candidate-measurement,1013DB,valid,1053659,0,True,
1,1,000021,1790193499.091908,32228.9754974,253.41938559999835,candidate-measurement,1013D1,valid,1053649,-10,True,
1,1,000021,1790193499.2833226,32229.1669112,253.61079940000127,candidate-measurement,1013CD,valid,1053645,-4,True,
1,1,000021,1790193499.491317,32229.3749086,253.81879679999838,candidate-measurement,1013CB,valid,1053643,-2,True,
1,1,000021,1790193499.6828952,32229.5664852,254.0103734000004,candidate-measurement,1013CB,valid,1053643,0,True,
1,1,000021,1790193499.874888,32229.7584782,254.20236640000076,candidate-measurement,1013CB,valid,1053643,0,True,
1,1,000021,1790193500.0828836,32229.9664741,254.410362300001,candidate-measurement,1013CB,valid,1053643,0,True,
1,1,000021,1790193500.2742977,32230.1578866,254.6017748000013,candidate-measurement,1013CA,valid,1053642,-1,True,
1,1,000021,1790193500.4662807,32230.349871,254.79375919999802,candidate-measurement,1013BB,valid,1053627,-15,True,
1,1,000021,1790193500.6582866,32230.541875,254.98576319999847,candidate-measurement,1013B4,valid,1053620,-7,True,
1,1,000021,1790193500.865853,32230.7494435,255.19333170000027,candidate-measurement,1013B2,valid,1053618,-2,True,
1,1,000021,1790193501.0578468,32230.9414359,255.3853240999997,candidate-measurement,1013AE,valid,1053614,-4,True,
1,1,000021,1790193501.2498446,32231.1334329,255.5773210999978,candidate-measurement,1013A8,valid,1053608,-6,True,
1,1,000021,1790193501.4572577,32231.3408465,255.7847346999988,candidate-measurement,1013A5,valid,1053605,-3,True,
1,1,000021,1790193501.6492596,32231.5328509,255.97673909999867,candidate-measurement,1013A4,valid,1053604,-1,True,
1,1,000021,1790193501.8412426,32231.7248306,256.1687187999996,candidate-measurement,1013A3,valid,1053603,-1,True,
1,1,000021,1790193502.0488107,32231.9324015,256.37628969999787,candidate-measurement,1013A1,valid,1053601,-2,True,
1,1,000021,1790193502.240814,32232.1244022,256.56829039999866,candidate-measurement,1013A0,valid,1053600,-1,True,
1,1,000021,1790193502.4328032,32232.3163909,256.760279099999,candidate-measurement,10139E,valid,1053598,-2,True,
1,1,000021,1790193502.624797,32232.5083879,256.95227610000074,candidate-measurement,10139C,valid,1053596,-2,True,
1,1,000021,1790193502.8322158,32232.7158035,257.1596916999988,candidate-measurement,10139C,valid,1053596,0,True,
1,1,000021,1790193503.0242012,32232.9077901,257.35167829999773,candidate-measurement,10139A,valid,1053594,-2,True,
1,1,000021,1790193503.2161994,32233.0997868,257.5436750000008,candidate-measurement,101397,valid,1053591,-3,True,
1,1,000021,1790193503.423772,32233.307362,257.75125019999905,candidate-measurement,101392,valid,1053586,-5,True,
1,1,000021,1790193503.6157632,32233.4993546,257.9432428,candidate-measurement,101390,valid,1053584,-2,True,
1,1,000021,1790193503.8077593,32233.6913492,258.135237399998,candidate-measurement,10138E,valid,1053582,-2,True,
1,1,000021,1790193504.0151696,32233.8987585,258.342646699999,candidate-measurement,10138B,valid,1053579,-3,True,
1,1,000021,1790193504.222746,32234.1063339,258.5502220999988,candidate-measurement,10138A,valid,1053578,-1,True,
1,1,000021,1790193504.4147356,32234.2983259,258.7422140999988,candidate-measurement,10138A,valid,1053578,0,True,
1,1,000021,1790193504.6067417,32234.4903298,258.9342179999985,candidate-measurement,101389,valid,1053577,-1,True,
1,1,000021,1790193504.7981503,32234.6817393,259.1256274999978,candidate-measurement,101389,valid,1053577,0,True,
1,1,000021,1790193504.9901454,32234.8737349,259.31762309999976,candidate-measurement,101387,valid,1053575,-2,True,
1,1,000021,1790193505.1817162,32235.0653044,259.50919259999864,candidate-measurement,101386,valid,1053574,-1,True,
1,1,000021,1790193505.3897202,32235.2733114,259.71719959999973,candidate-measurement,101384,valid,1053572,-2,True,
1,1,000021,1790193505.581707,32235.4652946,259.90918279999823,candidate-measurement,101384,valid,1053572,0,True,
1,1,000021,1790193505.7731185,32235.6567073,260.10059550000005,candidate-measurement,101383,valid,1053571,-1,True,
1,1,000021,1790193505.9811077,32235.864696,260.30858420000004,candidate-measurement,101383,valid,1053571,0,True,
1,1,000021,1790193506.1726816,32236.0562695,260.5001577000003,candidate-measurement,101383,valid,1053571,0,True,
1,1,000021,1790193506.3646758,32236.2482663,260.69215450000047,candidate-measurement,101383,valid,1053571,0,True,
1,1,000021,1790193506.556666,32236.4402543,260.88414249999914,candidate-measurement,101381,valid,1053569,-2,True,
1,1,000021,1790193506.7640862,32236.6476756,261.0915638000006,candidate-measurement,101379,valid,1053561,-8,True,
1,1,000021,1790193506.9560723,32236.8396619,261.28355010000087,candidate-measurement,101376,valid,1053558,-3,True,
1,1,000021,1790193507.1476538,32237.0312421,261.4751303000012,candidate-measurement,101373,valid,1053555,-3,True,
1,1,000021,1790193507.3556404,32237.239229,261.6831171999984,candidate-measurement,101372,valid,1053554,-1,True,
1,1,000021,1790193507.5476527,32237.431242,261.87513019999824,candidate-measurement,101371,valid,1053553,-1,True,
1,1,000021,1790193507.739624,32237.623215,262.0671031999991,candidate-measurement,101371,valid,1053553,0,True,
1,1,000021,1790193507.9476233,32237.8312131,262.2751012999979,candidate-measurement,101371,valid,1053553,0,True,
1,1,000021,1790193508.1550314,32238.0386194,262.4825075999979,candidate-measurement,10136F,valid,1053551,-2,True,
1,1,000021,1790193508.347031,32238.2306209,262.67450910000116,candidate-measurement,10136C,valid,1053548,-3,True,
1,1,000021,1790193508.538613,32238.4222042,262.8660923999996,candidate-measurement,10135E,valid,1053534,-14,True,
1,1,000021,1790193508.7305958,32238.6141872,263.05807540000023,candidate-measurement,10135A,valid,1053530,-4,True,
1,1,000021,1790193508.9220114,32238.8056021,263.2494903000006,candidate-measurement,101357,valid,1053527,-3,True,
1,1,000021,1790193509.1140137,32238.9976019,263.4414900999982,candidate-measurement,101354,valid,1053524,-3,True,
1,1,000021,1790193509.3215816,32239.2051705,263.64905870000075,candidate-measurement,10134F,valid,1053519,-5,True,
1,1,000021,1790193509.513575,32239.3971657,263.8410538999997,candidate-measurement,10134C,valid,1053516,-3,True,
1,1,000021,1790193509.70557,32239.589158,264.03304619999835,candidate-measurement,10134A,valid,1053514,-2,True,
1,1,000021,1790193509.912984,32239.7965722,264.2404604000003,candidate-measurement,101349,valid,1053513,-1,True,
1,1,000021,1790193510.1049843,32239.9885727,264.43246089999957,candidate-measurement,101348,valid,1053512,-1,True,
1,1,000021,1790193510.2969735,32240.1805623,264.6244504999995,candidate-measurement,101347,valid,1053511,-1,True,
1,1,000021,1790193510.4885447,32240.372133,264.81602120000025,candidate-measurement,101346,valid,1053510,-1,True,
1,1,000021,1790193510.6965365,32240.5801264,265.02401459999965,candidate-measurement,101344,valid,1053508,-2,True,
1,1,000021,1790193510.8879628,32240.7715507,265.21543889999884,candidate-measurement,101342,valid,1053506,-2,True,
1,1,000021,1790193511.0799417,32240.9635326,265.40742079999836,candidate-measurement,101341,valid,1053505,-1,True,
1,1,000021,1790193511.2875144,32241.1711031,265.61499130000084,candidate-measurement,10133E,valid,1053502,-3,True,
1,1,000021,1790193511.4795098,32241.3631007,265.80698889999985,candidate-measurement,10133B,valid,1053499,-3,True,
1,1,000021,1790193511.671506,32241.5550956,265.99898380000013,candidate-measurement,101337,valid,1053495,-4,True,
1,1,000021,1790193511.8795013,32241.7630895,266.2069776999997,candidate-measurement,101336,valid,1053494,-1,True,
1,1,000021,1790193512.0869064,32241.9704969,266.4143851000008,candidate-measurement,101334,valid,1053492,-2,True,
1,1,000021,1790193512.2789083,32242.1624968,266.60638499999914,candidate-measurement,101332,valid,1053490,-2,True,
1,1,000021,1790193512.4704828,32242.3540716,266.79795979999835,candidate-measurement,101331,valid,1053489,-1,True,
1,1,000021,1790193512.662477,32242.546065,266.9899531999981,candidate-measurement,101330,valid,1053488,-1,True,
1,1,000021,1790193512.8544612,32242.7380523,267.18194049999875,candidate-measurement,101330,valid,1053488,0,True,
1,1,000021,1790193513.0458758,32242.9294655,267.37335370000073,candidate-measurement,101330,valid,1053488,0,True,
1,1,000021,1790193513.2538714,32243.1374591,267.581347299998,candidate-measurement,101330,valid,1053488,0,True,
1,1,000021,1790193513.4454415,32243.3290325,267.7729207000011,candidate-measurement,10132E,valid,1053486,-2,True,
1,1,000021,1790193513.637441,32243.5210292,267.96491740000056,candidate-measurement,10132E,valid,1053486,0,True,
1,1,000021,1790193513.8454294,32243.7290205,268.1729086999985,candidate-measurement,10132E,valid,1053486,0,True,
1,1,000021,1790193514.0528402,32243.9364283,268.380316499999,candidate-measurement,10132D,valid,1053485,-1,True,
1,1,000021,1790193514.244842,32244.1284306,268.5723188000011,candidate-measurement,10132B,valid,1053483,-2,True,
1,1,000021,1790193514.436851,32244.3204418,268.76432999999815,candidate-measurement,10132A,valid,1053482,-1,True,
1,1,000021,1790193514.6284108,32244.5119988,268.9558870000001,candidate-measurement,10132A,valid,1053482,0,True,
1,1,000021,1790193514.820402,32244.7039931,269.1478812999994,candidate-measurement,101329,valid,1053481,-1,True,
1,1,000021,1790193515.0123985,32244.8959873,269.339875499998,candidate-measurement,101329,valid,1053481,0,True,
1,1,000021,1790193515.2198088,32245.1033972,269.54728539999996,candidate-measurement,101329,valid,1053481,0,True,
1,1,000021,1790193515.411805,32245.2953936,269.73928180000075,candidate-measurement,101329,valid,1053481,0,True,
1,1,000021,1790193515.603376,32245.4869661,269.93085430000065,candidate-measurement,101328,valid,1053480,-1,True,
1,1,000021,1790193515.8114383,32245.6950244,270.13891259999946,candidate-measurement,101324,valid,1053476,-4,True,
1,1,000021,1790193516.0033617,32245.8869521,270.330840300001,candidate-measurement,10131C,valid,1053468,-8,True,
1,1,000021,1790193516.19478,32246.0783684,270.5222566000011,candidate-measurement,101319,valid,1053465,-3,True,
1,1,000021,1790193516.3867726,32246.2703636,270.71425180000006,candidate-measurement,101317,valid,1053463,-2,True,
1,1,000021,1790193516.594369,32246.4779597,270.921847900001,candidate-measurement,101317,valid,1053463,0,True,
1,1,000021,1790193516.7863564,32246.6699462,271.1138343999992,candidate-measurement,101317,valid,1053463,0,True,
1,1,000021,1790193516.9783347,32246.8619233,271.3058114999985,candidate-measurement,101315,valid,1053461,-2,True,
1,1,000021,1790193517.1857502,32247.0693382,271.51322639999853,candidate-measurement,101313,valid,1053459,-2,True,
1,1,000021,1790193517.3777368,32247.2613274,271.70521559999906,candidate-measurement,101305,valid,1053445,-14,True,
1,1,000021,1790193517.5697358,32247.453325,271.8972131999981,candidate-measurement,101300,valid,1053440,-5,True,
1,1,000021,1790193517.777308,32247.6608988,272.1047870000002,candidate-measurement,1012FE,valid,1053438,-2,True,
1,1,000021,1790193517.9692984,32247.8528889,272.2967771000003,candidate-measurement,1012FA,valid,1053434,-4,True,
1,1,000021,1790193518.1612952,32248.0448832,272.4887713999997,candidate-measurement,1012F7,valid,1053431,-3,True,
1,1,000021,1790193518.352712,32248.2363014,272.6801895999997,candidate-measurement,1012F3,valid,1053427,-4,True,
1,1,000021,1790193518.560707,32248.4442956,272.88818379999793,candidate-measurement,1012F2,valid,1053426,-1,True,
1,1,000021,1790193518.7522645,32248.6358557,273.079743899998,candidate-measurement,1012F0,valid,1053424,-2,True,
1,1,000021,1790193518.9442651,32248.8278561,273.27174430000014,candidate-measurement,1012F0,valid,1053424,0,True,
1,1,000021,1790193519.1522715,32249.0358598,273.4797479999979,candidate-measurement,1012EF,valid,1053423,-1,True,
1,1,000021,1790193519.3442562,32249.2278462,273.67173439999897,candidate-measurement,1012EE,valid,1053422,-1,True,
1,1,000021,1790193519.5356762,32249.4192667,273.86315489999834,candidate-measurement,1012EC,valid,1053420,-2,True,
1,1,000021,1790193519.7436664,32249.6272545,274.07114269999875,candidate-measurement,1012EC,valid,1053420,0,True,
1,1,000021,1790193519.9356894,32249.8192809,274.2631690999988,candidate-measurement,1012EA,valid,1053418,-2,True,
1,1,000021,1790193520.1272335,32250.0108221,274.45471030000044,candidate-measurement,1012E8,valid,1053416,-2,True,
1,1,000021,1790193520.3192246,32250.2028134,274.6467015999988,candidate-measurement,1012E8,valid,1053416,0,True,
1,1,000021,1790193520.5272186,32250.4108072,274.8546954000012,candidate-measurement,1012E6,valid,1053414,-2,True,
1,1,000021,1790193520.718635,32250.6022231,275.0461112999983,candidate-measurement,1012E3,valid,1053411,-3,True,
1,1,000021,1790193520.9106293,32250.7942184,275.238106599998,candidate-measurement,1012E1,valid,1053409,-2,True,
1,1,000021,1790193521.118621,32251.0022095,275.44609769999806,candidate-measurement,1012DD,valid,1053405,-4,True,
1,1,000021,1790193521.3101919,32251.1937814,275.63766960000066,candidate-measurement,1012DB,valid,1053403,-2,True,
1,1,000021,1790193521.5021796,32251.38577,275.82965820000027,candidate-measurement,1012D9,valid,1053401,-2,True,
1,1,000021,1790193521.6941807,32251.5777698,276.02165799999784,candidate-measurement,1012D7,valid,1053399,-2,True,
1,1,000021,1790193521.902171,32251.7857611,276.22964929999944,candidate-measurement,1012D6,valid,1053398,-1,True,
1,1,000021,1790193522.0936031,32251.9771912,276.42107939999914,candidate-measurement,1012D6,valid,1053398,0,True,
1,1,000021,1790193522.2855814,32252.1691695,276.61305770000035,candidate-measurement,1012D6,valid,1053398,0,True,
1,1,000021,1790193522.4931536,32252.3767434,276.8206315999996,candidate-measurement,1012D4,valid,1053396,-2,True,
1,1,000021,1790193522.6851509,32252.5687403,277.0126285000006,candidate-measurement,1012D4,valid,1053396,0,True,
1,1,000021,1790193522.8771327,32252.7607234,277.2046115999983,candidate-measurement,1012D3,valid,1053395,-1,True,
1,1,000021,1790193523.0845542,32252.9681437,277.4120318999994,candidate-measurement,1012D3,valid,1053395,0,True,
1,1,000021,1790193523.2761319,32253.1597208,277.60360899999796,candidate-measurement,1012D1,valid,1053393,-2,True,
1,1,000021,1790193523.4681194,32253.3517083,277.7955965000001,candidate-measurement,1012D0,valid,1053392,-1,True,
1,1,000021,1790193523.660138,32253.5437289,277.9876170999996,candidate-measurement,1012D0,valid,1053392,0,True,
1,1,000021,1790193523.8675237,32253.7511141,278.19500229999903,candidate-measurement,1012CF,valid,1053391,-1,True,
1,1,000021,1790193524.0595286,32253.9431182,278.38700640000025,candidate-measurement,1012CF,valid,1053391,0,True,
1,1,000021,1790193524.2511027,32254.1346912,278.5785794000003,candidate-measurement,1012CF,valid,1053391,0,True,
1,1,000021,1790193524.4590871,32254.3426781,278.78656630000114,candidate-measurement,1012CF,valid,1053391,0,True,
1,1,000021,1790193524.6505036,32254.534094,278.9779821999982,candidate-measurement,1012CF,valid,1053391,0,True,
1,1,000021,1790193524.8425055,32254.7260938,279.16998199999944,candidate-measurement,1012CD,valid,1053389,-2,True,
1,1,000021,1790193525.0505137,32254.9341015,279.3779896999986,candidate-measurement,1012C4,valid,1053380,-9,True,
1,1,000021,1790193525.2420828,32255.1256708,279.5695589999996,candidate-measurement,1012C0,valid,1053376,-4,True,
1,1,000021,1790193525.4340625,32255.3176526,279.76154079999833,candidate-measurement,1012BE,valid,1053374,-2,True,
1,1,000021,1790193525.6260502,32255.5096399,279.95352809999895,candidate-measurement,1012BD,valid,1053373,-1,True,
1,1,000021,1790193525.834043,32255.7176344,280.16152259999944,candidate-measurement,1012BD,valid,1053373,0,True,
1,1,000021,1790193526.0254638,32255.9090524,280.35294059999796,candidate-measurement,1012BD,valid,1053373,0,True,
1,1,000021,1790193526.2174602,32256.1010486,280.54493680000087,candidate-measurement,1012BD,valid,1053373,0,True,
1,1,000021,1790193526.4250402,32256.3086309,280.7525190999986,candidate-measurement,1012BB,valid,1053371,-2,True,
1,1,000021,1790193526.6170244,32256.5006131,280.9445013000004,candidate-measurement,1012B9,valid,1053369,-2,True,
1,1,000021,1790193526.809021,32256.6926091,281.13649729999815,candidate-measurement,1012AC,valid,1053356,-13,True,
1,1,000021,1790193527.016429,32256.9000196,281.34390780000103,candidate-measurement,1012A7,valid,1053351,-5,True,
1,1,000021,1790193527.2084222,32257.0920104,281.5358985999992,candidate-measurement,1012A4,valid,1053348,-3,True,
1,1,000021,1790193527.4004154,32257.2840062,281.72789439999906,candidate-measurement,1012A2,valid,1053346,-2,True,
1,1,000021,1790193527.5919945,32257.4755828,281.91947100000107,candidate-measurement,10129E,valid,1053342,-4,True,
1,1,000021,1790193527.800018,32257.6836084,282.12749659999827,candidate-measurement,10129A,valid,1053338,-4,True,
1,1,000021,1790193527.9919763,32257.8755668,282.31945500000074,candidate-measurement,101298,valid,1053336,-2,True,
1,1,000021,1790193528.1833959,32258.0669842,282.51087239999833,candidate-measurement,101296,valid,1053334,-2,True,
1,1,000021,1790193528.3913949,32258.2749849,282.71887309999875,candidate-measurement,101296,valid,1053334,0,True,
1,1,000021,1790193528.5829566,32258.4665454,282.9104335999982,candidate-measurement,101295,valid,1053333,-1,True,
1,1,000021,1790193528.7749524,32258.6585423,283.1024304999992,candidate-measurement,101294,valid,1053332,-1,True,
1,1,000021,1790193528.9823678,32258.8659583,283.3098465000003,candidate-measurement,101292,valid,1053330,-2,True,
1,1,000021,1790193529.1743658,32259.0579541,283.50184230000013,candidate-measurement,101291,valid,1053329,-1,True,
1,1,000021,1790193529.3663535,32259.2499416,283.69382979999864,candidate-measurement,10128F,valid,1053327,-2,True,
1,1,000021,1790193529.5583565,32259.4419476,283.88583579999977,candidate-measurement,10128D,valid,1053325,-2,True,
1,1,000021,1790193529.7659204,32259.649512,284.09340019999945,candidate-measurement,10128B,valid,1053323,-2,True,
1,1,000021,1790193529.9579074,32259.8414986,284.2853867999984,candidate-measurement,101288,valid,1053320,-3,True,
1,1,000021,1790193530.1493366,32260.0329247,284.47681290000037,candidate-measurement,101286,valid,1053318,-2,True,
1,1,000021,1790193530.3573265,32260.2409146,284.6848027999986,candidate-measurement,101283,valid,1053315,-3,True,
1,1,000021,1790193530.549313,32260.4329039,284.8767920999999,candidate-measurement,101282,valid,1053314,-1,True,
1,1,000021,1790193530.7408857,32260.6244772,285.0683653999986,candidate-measurement,101280,valid,1053312,-2,True,
1,1,000021,1790193530.948902,32260.8324899,285.2763780999994,candidate-measurement,10127E,valid,1053310,-2,True,
1,1,000021,1790193531.1408873,32261.0244755,285.468363699998,candidate-measurement,10127C,valid,1053308,-2,True,
1,1,000021,1790193531.3328762,32261.2164647,285.66035289999854,candidate-measurement,10127C,valid,1053308,0,True,
1,1,000021,1790193531.524299,32261.4078885,285.8517767000012,candidate-measurement,10127C,valid,1053308,0,True,
1,1,000021,1790193531.7319086,32261.6154995,286.0593876999992,candidate-measurement,10127C,valid,1053308,0,True,
1,1,000021,1790193531.9238522,32261.8074417,286.2513298999984,candidate-measurement,10127A,valid,1053306,-2,True,
1,1,000021,1790193532.1158473,32261.9994355,286.4433237000012,candidate-measurement,10127A,valid,1053306,0,True,
1,1,000021,1790193532.3238356,32262.2074243,286.6513124999983,candidate-measurement,10127A,valid,1053306,0,True,
1,1,000021,1790193532.5158298,32262.3994195,286.8433077000009,candidate-measurement,101278,valid,1053304,-2,True,
1,1,000021,1790193532.7072437,32262.5908327,287.03472089999923,candidate-measurement,101276,valid,1053302,-2,True,
1,1,000021,1790193532.9152277,32262.7988179,287.24270609999803,candidate-measurement,101276,valid,1053302,0,True,
1,1,000021,1790193533.1068077,32262.9903968,287.43428499999936,candidate-measurement,101275,valid,1053301,-1,True,
1,1,000021,1790193533.2988114,32263.1823997,287.6262878999987,candidate-measurement,101275,valid,1053301,0,True,
1,1,000021,1790193533.4907982,32263.3743878,287.81827599999815,candidate-measurement,101275,valid,1053301,0,True,
1,1,000021,1790193533.6987927,32263.5823841,288.0262722999978,candidate-measurement,101275,valid,1053301,0,True,
1,1,000021,1790193533.8908005,32263.7743903,288.21827850000045,candidate-measurement,101275,valid,1053301,0,True,
1,1,000021,1790193534.0822005,32263.9657916,288.40967979999914,candidate-measurement,101274,valid,1053300,-1,True,
1,1,000021,1790193534.2901917,32264.1737799,288.6176680999997,candidate-measurement,10126B,valid,1053291,-9,True,
1,1,000021,1790193534.4817708,32264.3653601,288.80924830000004,candidate-measurement,101268,valid,1053288,-3,True,
1,1,000021,1790193534.6737595,32264.5573506,289.00123879999956,candidate-measurement,101265,valid,1053285,-3,True,
1,1,000021,1790193534.8817506,32264.7653414,289.209229600001,candidate-measurement,101264,valid,1053284,-1,True,
1,1,000021,1790193535.073738,32264.9573287,289.40121689999796,candidate-measurement,101263,valid,1053283,-1,True,
1,1,000021,1790193535.2651694,32265.1487573,289.5926455000008,candidate-measurement,101263,valid,1053283,0,True,
1,1,000021,1790193535.4571662,32265.3407547,289.7846428999983,candidate-measurement,101263,valid,1053283,0,True,
1,1,000021,1790193535.6651516,32265.5487418,289.99263000000064,candidate-measurement,101263,valid,1053283,0,True,
1,1,000021,1790193535.8567245,32265.740315,290.1842031999986,candidate-measurement,101261,valid,1053281,-2,True,
1,1,000021,1790193536.0487504,32265.9323391,290.3762272999993,candidate-measurement,10125F,valid,1053279,-2,True,
1,1,000021,1790193536.2567153,32266.1403037,290.5841918999977,candidate-measurement,101254,valid,1053268,-11,True,
1,1,000021,1790193536.448128,32266.3317178,290.77560599999924,candidate-measurement,10124F,valid,1053263,-5,True,
1,1,000021,1790193536.6401186,32266.5237097,290.9675978999985,candidate-measurement,10124C,valid,1053260,-3,True,
1,1,000021,1790193536.8476915,32266.7312796,291.17516780000005,candidate-measurement,10124A,valid,1053258,-2,True,
1,1,000021,1790193537.0396824,32266.9232728,291.3671609999983,candidate-measurement,101249,valid,1053257,-1,True,
1,1,000021,1790193537.2316754,32267.1152641,291.5591523000003,candidate-measurement,101246,valid,1053254,-3,True,
1,1,000021,1790193537.4231074,32267.306696,291.75058419999914,candidate-measurement,101245,valid,1053253,-1,True,
1,1,000021,1790193537.63072,32267.5143105,291.9581986999983,candidate-measurement,101242,valid,1053250,-3,True,
1,1,000021,1790193537.8226607,32267.7062503,292.15013850000105,candidate-measurement,10123F,valid,1053247,-3,True,
1,1,000021,1790193538.0146468,32267.8982367,292.34212489999845,candidate-measurement,10123D,valid,1053245,-2,True,
1,1,000021,1790193538.2220716,32268.1056597,292.5495478999983,candidate-measurement,10123C,valid,1053244,-1,True,
1,1,000021,1790193538.4140599,32268.2976492,292.7415374000011,candidate-measurement,10123C,valid,1053244,0,True,
1,1,000021,1790193538.6060584,32268.4896474,292.93353560000105,candidate-measurement,10123A,valid,1053242,-2,True,
1,1,000021,1790193538.8136458,32268.6972336,293.1411217999994,candidate-measurement,101239,valid,1053241,-1,True,
1,1,000021,1790193539.005626,32268.8892163,293.3331044999977,candidate-measurement,101238,valid,1053240,-1,True,
1,1,000021,1790193539.1976283,32269.0812166,293.5251047999991,candidate-measurement,101235,valid,1053237,-3,True,
1,1,000021,1790193539.3896143,32269.2732021,293.71709030000056,candidate-measurement,101234,valid,1053236,-1,True,
1,1,000021,1790193539.5970404,32269.4806282,293.92451639999854,candidate-measurement,101233,valid,1053235,-1,True,
1,1,000021,1790193539.7890244,32269.6726123,294.11650050000026,candidate-measurement,101231,valid,1053233,-2,True,
1,1,000021,1790193539.9810047,32269.8645962,294.30848440000045,candidate-measurement,10122E,valid,1053230,-3,True,
1,1,000021,1790193540.1885889,32270.0721771,294.51606529999844,candidate-measurement,10122A,valid,1053226,-4,True,
1,1,000021,1790193540.3805785,32270.2641664,294.70805459999974,candidate-measurement,101229,valid,1053225,-1,True,
1,1,000021,1790193540.572609,32270.4561966,294.9000847999996,candidate-measurement,101228,valid,1053224,-1,True,
1,1,000021,1790193540.7800035,32270.6635917,295.107479899998,candidate-measurement,101226,valid,1053222,-2,True,
1,1,000021,1790193540.971978,32270.8555678,295.29945600000065,candidate-measurement,101224,valid,1053220,-2,True,
1,1,000021,1790193541.1639795,32271.0475677,295.491455899999,candidate-measurement,101222,valid,1053218,-2,True,
1,1,000021,1790193541.3555503,32271.2391397,295.6830278999987,candidate-measurement,101222,valid,1053218,0,True,
1,1,000021,1790193541.5635316,32271.4471217,295.8910098999986,candidate-measurement,101222,valid,1053218,0,True,
1,1,000021,1790193541.755534,32271.6391244,296.0830126000001,candidate-measurement,101222,valid,1053218,0,True,
1,1,000021,1790193541.9469469,32271.8305367,296.27442489999885,candidate-measurement,101220,valid,1053216,-2,True,
1,1,000021,1790193542.1549442,32272.0385325,296.48242069999833,candidate-measurement,101220,valid,1053216,0,True,
1,1,000021,1790193542.3469357,32272.2305243,296.67441250000047,candidate-measurement,101220,valid,1053216,0,True,
1,1,000021,1790193542.5385044,32272.4220952,296.8659833999991,candidate-measurement,10121F,valid,1053215,-1,True,
1,1,000021,1790193542.7305136,32272.6141052,297.05799339999794,candidate-measurement,10121D,valid,1053213,-2,True,
1,1,000021,1790193542.9379141,32272.8215041,297.2653922999998,candidate-measurement,10121C,valid,1053212,-1,True,
1,1,000021,1790193543.1299117,32273.0135005,297.4573887000006,candidate-measurement,10121C,valid,1053212,0,True,
1,1,000021,1790193543.3219151,32273.2055049,297.64939310000045,candidate-measurement,10121C,valid,1053212,0,True,
1,1,000021,1790193543.529472,32273.4130617,297.8569499000005,candidate-measurement,10121B,valid,1053211,-1,True,
1,1,000021,1790193543.7214668,32273.6050562,298.0489443999977,candidate-measurement,10121B,valid,1053211,0,True,
1,1,000021,1790193543.9134626,32273.7970534,298.24094160000095,candidate-measurement,10121B,valid,1053211,0,True,
1,1,000021,1790193544.1214683,32274.0050559,298.4489441000005,candidate-measurement,10121B,valid,1053211,0,True,
1,1,000021,1790193544.3288674,32274.2124563,298.65634449999925,candidate-measurement,10121B,valid,1053211,0,True,
1,1,000021,1790193544.520869,32274.4044573,298.8483454999987,candidate-measurement,101218,valid,1053208,-3,True,
1,1,000021,1790193544.7128599,32274.5964502,299.0403383999983,candidate-measurement,101210,valid,1053200,-8,True,
1,1,000021,1790193544.9044247,32274.7880153,299.23190350000004,candidate-measurement,10120C,valid,1053196,-4,True,
1,1,000021,1790193545.096424,32274.9800131,299.4239013000006,candidate-measurement,10120A,valid,1053194,-2,True,
1,1,000021,1790193545.2878501,32275.1714386,299.615326799998,candidate-measurement,101209,valid,1053193,-1,True,
1,1,000021,1790193545.495836,32275.3794256,299.8233137999996,candidate-measurement,101209,valid,1053193,0,True,
