payload_index,trial_index,payload_hex,timestamp,monotonic_s,elapsed_candidate_s,phase,rx_bytes_hex,reply_kind,raw_position,delta_counts,valid,note
1,1,000001,1790182947.2138944,21677.0974791,0.20199499999944237,candidate-warmup,002BB0,valid,11184,-61,True,
1,1,000001,1790182947.4058583,21677.2894465,0.3939623999976902,candidate-warmup,002BB0,valid,11184,0,True,
1,1,000001,1790182947.5978484,21677.4814371,0.5859529999979713,candidate-warmup,002BB0,valid,11184,0,True,
1,1,000001,1790182947.7892702,21677.6728593,0.7773751999993692,candidate-warmup,002BB0,valid,11184,0,True,
1,1,000001,1790182947.9812567,21677.8648464,0.9693622999984655,candidate-warmup,002BB0,valid,11184,0,True,
1,1,000001,1790182948.1728275,21678.0564152,1.1609310999992886,candidate-warmup,002BB0,valid,11184,0,True,
1,1,000001,1790182948.3648276,21678.2484155,1.3529313999970327,candidate-warmup,002BB0,valid,11184,0,True,
1,1,000001,1790182948.5562334,21678.4398236,1.5443395000002056,candidate-warmup,002BB0,valid,11184,0,True,
1,1,000001,1790182948.7482245,21678.631816,1.7363318999996409,candidate-warmup,002BB0,valid,11184,0,True,
1,1,000001,1790182948.9402173,21678.8238068,1.928322699997807,candidate-warmup,002BB0,valid,11184,0,True,
1,1,000001,1790182949.1322203,21679.015808,2.120323899998766,candidate-warmup,002BB0,valid,11184,0,True,
1,1,000001,1790182949.3237925,21679.2073804,2.3118962999978976,candidate-warmup,002BB0,valid,11184,0,True,
1,1,000001,1790182949.5157833,21679.3993738,2.5038896999976714,candidate-warmup,002BB0,valid,11184,0,True,
1,1,000001,1790182949.7077775,21679.5913673,2.6958831999982067,candidate-warmup,002BB0,valid,11184,0,True,
1,1,000001,1790182949.8991916,21679.782782,2.8872978999970655,candidate-warmup,002BB0,valid,11184,0,True,
1,1,000001,1790182950.0911891,21679.9747779,3.0792937999976857,candidate-warmup,002BB0,valid,11184,0,True,
1,1,000001,1790182950.2831771,21680.1667666,3.271282499998051,candidate-warmup,002BB0,valid,11184,0,True,
1,1,000001,1790182950.4747503,21680.3583407,3.4628565999992134,candidate-warmup,002BB0,valid,11184,0,True,
1,1,000001,1790182950.666745,21680.5503361,3.6548519999996643,candidate-warmup,002BB0,valid,11184,0,True,
1,1,000001,1790182950.8747396,21680.7583289,3.862844799998129,candidate-warmup,002BB0,valid,11184,0,True,
1,1,000001,1790182951.0661578,21680.9497471,4.054262999998173,candidate-warmup,002BB0,valid,11184,0,True,
1,1,000001,1790182951.258148,21681.1417359,4.2462517999993,candidate-warmup,002BB0,valid,11184,0,True,
1,1,000001,1790182951.4657252,21681.3493145,4.453830399997969,candidate-warmup,002BB0,valid,11184,0,True,
1,1,000001,1790182951.6577163,21681.5413053,4.645821199999773,candidate-warmup,002BB0,valid,11184,0,True,
1,1,000001,1790182951.8491373,21681.7327282,4.837244099999225,candidate-warmup,002BB0,valid,11184,0,True,
1,1,000001,1790182952.057138,21681.9407289,5.045244799999637,candidate-warmup,002BB0,valid,11184,0,True,
1,1,000001,1790182952.2491155,21682.1327043,5.237220199996955,candidate-warmup,002BB0,valid,11184,0,True,
1,1,000001,1790182952.4406915,21682.3242812,5.42879709999761,candidate-warmup,002BB0,valid,11184,0,True,
1,1,000001,1790182952.632683,21682.5162716,5.620787500000006,candidate-warmup,002BB0,valid,11184,0,True,
1,1,000001,1790182952.8407004,21682.7242911,5.828806999998051,candidate-warmup,002BB0,valid,11184,0,True,
1,1,000001,1790182953.0320983,21682.9156891,6.020204999997077,candidate-warmup,002BB0,valid,11184,0,True,
1,1,000001,1790182953.224088,21683.1076765,6.212192399998457,candidate-warmup,002BB0,valid,11184,0,True,
1,1,000001,1790182953.4320858,21683.3156737,6.420189599997684,candidate-warmup,002BB0,valid,11184,0,True,
1,1,000001,1790182953.6236515,21683.5072426,6.611758499999269,candidate-warmup,002BB0,valid,11184,0,True,
1,1,000001,1790182953.81565,21683.6992413,6.8037571999993816,candidate-warmup,002BB0,valid,11184,0,True,
1,1,000001,1790182954.023643,21683.9072323,7.011748199998692,candidate-measurement,002BB0,valid,11184,0,True,
1,1,000001,1790182954.2150536,21684.0986419,7.203157799998735,candidate-measurement,002BB0,valid,11184,0,True,
1,1,000001,1790182954.4070492,21684.2906393,7.395155199999863,candidate-measurement,002BB0,valid,11184,0,True,
1,1,000001,1790182954.5990472,21684.482635,7.58715089999896,candidate-measurement,002BB0,valid,11184,0,True,
1,1,000001,1790182954.8066123,21684.6902035,7.7947193999971205,candidate-measurement,002BB0,valid,11184,0,True,
1,1,000001,1790182954.998614,21684.8822032,7.986719099997572,candidate-measurement,002BB0,valid,11184,0,True,
1,1,000001,1790182955.1906033,21685.0741934,8.178709299998445,candidate-measurement,002BB0,valid,11184,0,True,
1,1,000001,1790182955.398008,21685.2815966,8.386112500000309,candidate-measurement,002BB0,valid,11184,0,True,
1,1,000001,1790182955.5900145,21685.473604,8.578119899997546,candidate-measurement,002BB0,valid,11184,0,True,
1,1,000001,1790182955.7815974,21685.6651854,8.769701299999724,candidate-measurement,002BB0,valid,11184,0,True,
1,1,000001,1790182955.989584,21685.8731728,8.977688699997088,candidate-measurement,002BB0,valid,11184,0,True,
1,1,000001,1790182956.1816192,21686.065206,9.169721899997967,candidate-measurement,002BB0,valid,11184,0,True,
1,1,000001,1790182956.3729813,21686.256572,9.361087899997074,candidate-measurement,002BB0,valid,11184,0,True,
1,1,000001,1790182956.5649793,21686.4485683,9.553084199997102,candidate-measurement,002BB0,valid,11184,0,True,
1,1,000001,1790182956.772558,21686.6561467,9.760662599997886,candidate-measurement,002BB0,valid,11184,0,True,
1,1,000001,1790182956.964547,21686.848135,9.952650899998844,candidate-measurement,002BAF,valid,11183,-1,True,
1,1,000001,1790182957.1565409,21687.0401291,10.14464500000031,candidate-measurement,002BAF,valid,11183,0,True,
1,1,000001,1790182957.3485274,21687.2321173,10.336633199996868,candidate-measurement,002BAF,valid,11183,0,True,
1,1,000001,1790182957.5399532,21687.4235427,10.528058599997166,candidate-measurement,002BAF,valid,11183,0,True,
1,1,000001,1790182957.7319417,21687.6155319,10.720047799997701,candidate-measurement,002BAF,valid,11183,0,True,
1,1,000001,1790182957.9239347,21687.807526,10.912041899999167,candidate-measurement,002BAF,valid,11183,0,True,
1,1,000001,1790182958.1155112,21687.999101,11.103616899999906,candidate-measurement,002BAF,valid,11183,0,True,
1,1,000001,1790182958.3074994,21688.1910904,11.295606299998326,candidate-measurement,002BAF,valid,11183,0,True,
1,1,000001,1790182958.4994998,21688.3830878,11.487603699999454,candidate-measurement,002BAF,valid,11183,0,True,
1,1,000001,1790182958.6914923,21688.575083,11.679598899998382,candidate-measurement,002BAF,valid,11183,0,True,
1,1,000001,1790182958.8829024,21688.766493,11.871008899997832,candidate-measurement,002BAF,valid,11183,0,True,
1,1,000001,1790182959.074902,21688.9584905,12.063006399999722,candidate-measurement,002BAF,valid,11183,0,True,
1,1,000001,1790182959.2664719,21689.1500607,12.254576600000291,candidate-measurement,002BAF,valid,11183,0,True,
1,1,000001,1790182959.4584665,21689.3420563,12.446572199998627,candidate-measurement,002BAF,valid,11183,0,True,
1,1,000001,1790182959.6498756,21689.5334665,12.6379823999996,candidate-measurement,002BAF,valid,11183,0,True,
1,1,000001,1790182959.8418736,21689.7254644,12.82998029999726,candidate-measurement,002BAF,valid,11183,0,True,
1,1,000001,1790182960.0334425,21689.9170334,13.021549299999606,candidate-measurement,002BAF,valid,11183,0,True,
1,1,000001,1790182960.225447,21690.1090359,13.21355179999955,candidate-measurement,002BAF,valid,11183,0,True,
1,1,000001,1790182960.4168508,21690.3004416,13.404957499999,candidate-measurement,002BAF,valid,11183,0,True,
1,1,000001,1790182960.6088395,21690.4924308,13.596946699999535,candidate-measurement,002BAF,valid,11183,0,True,
1,1,000001,1790182960.8004265,21690.6840147,13.788530599998921,candidate-measurement,002BAF,valid,11183,0,True,
1,1,000001,1790182960.9924133,21690.8760041,13.980519999997341,candidate-measurement,002BAF,valid,11183,0,True,
1,1,000001,1790182961.1844108,21691.0680002,14.172516099999484,candidate-measurement,002BAF,valid,11183,0,True,
1,1,000001,1790182961.3758242,21691.2594132,14.36392909999995,candidate-measurement,002BAF,valid,11183,0,True,
1,1,000001,1790182961.5678124,21691.4514031,14.55591899999854,candidate-measurement,002BAF,valid,11183,0,True,
1,1,000001,1790182961.7598143,21691.6434033,14.74791919999916,candidate-measurement,002BAF,valid,11183,0,True,
1,1,000001,1790182961.9518082,21691.8353987,14.93991459999961,candidate-measurement,002BAF,valid,11183,0,True,
2,1,000002,1790182964.8287177,21694.7123063,0.2013931000001321,candidate-warmup,002B7C,valid,11132,-51,True,
2,1,000002,1790182965.020704,21694.9042954,0.3933821999999054,candidate-warmup,002B7C,valid,11132,0,True,
2,1,000002,1790182965.2127047,21695.096293,0.5853797999989183,candidate-warmup,002B7C,valid,11132,0,True,
2,1,000002,1790182965.4042687,21695.2878593,0.7769460999988951,candidate-warmup,002B7C,valid,11132,0,True,
2,1,000002,1790182965.5962665,21695.4798571,0.9689438999994309,candidate-warmup,002B7C,valid,11132,0,True,
2,1,000002,1790182965.7882555,21695.671847,1.1609338000016578,candidate-warmup,002B7C,valid,11132,0,True,
2,1,000002,1790182965.9796805,21695.8632712,1.3523580000000948,candidate-warmup,002B7C,valid,11132,0,True,
2,1,000002,1790182966.1716726,21696.0552615,1.5443483000017295,candidate-warmup,002B7C,valid,11132,0,True,
2,1,000002,1790182966.3632421,21696.2468329,1.7359197000005224,candidate-warmup,002B7C,valid,11132,0,True,
2,1,000002,1790182966.571239,21696.4548293,1.9439161000009335,candidate-warmup,002B7C,valid,11132,0,True,
2,1,000002,1790182966.7632287,21696.64682,2.135906800001976,candidate-warmup,002B7C,valid,11132,0,True,
2,1,000002,1790182966.9546418,21696.8382328,2.3273196000009193,candidate-warmup,002B7C,valid,11132,0,True,
2,1,000002,1790182967.162643,21697.0462321,2.5353189000015846,candidate-warmup,002B7C,valid,11132,0,True,
2,1,000002,1790182967.354202,21697.2377934,2.7268801999998686,candidate-warmup,002B7C,valid,11132,0,True,
2,1,000002,1790182967.5462003,21697.429792,2.91887879999922,candidate-warmup,002B7C,valid,11132,0,True,
2,1,000002,1790182967.73762,21697.6212105,3.110297300001548,candidate-warmup,002B7C,valid,11132,0,True,
2,1,000002,1790182967.9296153,21697.8132068,3.302293600001576,candidate-warmup,002B7C,valid,11132,0,True,
2,1,000002,1790182968.12119,21698.0047803,3.4938671000018076,candidate-warmup,002B7C,valid,11132,0,True,
2,1,000002,1790182968.3131797,21698.1967698,3.6858566000009887,candidate-warmup,002B7C,valid,11132,0,True,
2,1,000002,1790182968.5051763,21698.3887642,3.877851000001101,candidate-warmup,002B7C,valid,11132,0,True,
2,1,000002,1790182968.6965902,21698.58018,4.06926680000106,candidate-warmup,002B7C,valid,11132,0,True,
2,1,000002,1790182968.888581,21698.7721725,4.261259300001257,candidate-warmup,002B7C,valid,11132,0,True,
2,1,000002,1790182969.080576,21698.9641668,4.4532536000006075,candidate-warmup,002B7C,valid,11132,0,True,
2,1,000002,1790182969.2725646,21699.156154,4.645240800000465,candidate-warmup,002B7C,valid,11132,0,True,
2,1,000002,1790182969.464143,21699.3477323,4.8368191000008665,candidate-warmup,002B7C,valid,11132,0,True,
2,1,000002,1790182969.656136,21699.539727,5.028813799999625,candidate-warmup,002B7C,valid,11132,0,True,
2,1,000002,1790182969.8481212,21699.7317125,5.22079930000109,candidate-warmup,002B7C,valid,11132,0,True,
2,1,000002,1790182970.0401273,21699.9237188,5.4128056000008655,candidate-warmup,002B7C,valid,11132,0,True,
2,1,000002,1790182970.231547,21700.1151353,5.6042220999988785,candidate-warmup,002B7C,valid,11132,0,True,
2,1,000002,1790182970.4235322,21700.3071216,5.796208399999159,candidate-warmup,002B7C,valid,11132,0,True,
2,1,000002,1790182970.6155205,21700.4991118,5.9881986000000325,candidate-warmup,002B7C,valid,11132,0,True,
2,1,000002,1790182970.807096,21700.690687,6.179773799998657,candidate-warmup,002B7C,valid,11132,0,True,
2,1,000002,1790182970.9990933,21700.8826815,6.37176829999953,candidate-warmup,002B7C,valid,11132,0,True,
2,1,000002,1790182971.191132,21701.0747172,6.563804000001255,candidate-warmup,002B7C,valid,11132,0,True,
2,1,000002,1790182971.3825088,21701.266098,6.755184800000279,candidate-warmup,002B7C,valid,11132,0,True,
2,1,000002,1790182971.5744994,21701.458088,6.94717479999963,candidate-warmup,002B7B,valid,11131,-1,True,
2,1,000002,1790182971.7824845,21701.6660753,7.15516209999987,candidate-measurement,002B7B,valid,11131,0,True,
2,1,000002,1790182971.9740646,21701.8576535,7.34674029999951,candidate-measurement,002B7B,valid,11131,0,True,
2,1,000002,1790182972.1660635,21702.0496519,7.538738700000977,candidate-measurement,002B7B,valid,11131,0,True,
2,1,000002,1790182972.3580534,21702.2416419,7.730728700000327,candidate-measurement,002B7B,valid,11131,0,True,
2,1,000002,1790182972.5494668,21702.4330548,7.922141600000032,candidate-measurement,002B7B,valid,11131,0,True,
2,1,000002,1790182972.7414627,21702.6250525,8.114139299999806,candidate-measurement,002B7B,valid,11131,0,True,
2,1,000002,1790182972.9334512,21702.8170398,8.306126600000425,candidate-measurement,002B7A,valid,11130,-1,True,
2,1,000002,1790182973.1250288,21703.0086171,8.497703900000488,candidate-measurement,002B7A,valid,11130,0,True,
2,1,000002,1790182973.3170333,21703.2006222,8.68970900000204,candidate-measurement,002B7A,valid,11130,0,True,
2,1,000002,1790182973.5090141,21703.3926045,8.881691300000966,candidate-measurement,002B7A,valid,11130,0,True,
2,1,000002,1790182973.7004292,21703.584019,9.07310580000194,candidate-measurement,002B7A,valid,11130,0,True,
2,1,000002,1790182973.892419,21703.7760106,9.265097399998922,candidate-measurement,002B7A,valid,11130,0,True,
2,1,000002,1790182974.0844276,21703.9680136,9.457100399999035,candidate-measurement,002B79,valid,11129,-1,True,
2,1,000002,1790182974.2759895,21704.1595779,9.648664700001973,candidate-measurement,002B79,valid,11129,0,True,
2,1,000002,1790182974.467995,21704.3515812,9.840668000000733,candidate-measurement,002B79,valid,11129,0,True,
2,1,000002,1790182974.6599817,21704.5435698,10.032656600000337,candidate-measurement,002B79,valid,11129,0,True,
2,1,000002,1790182974.851425,21704.735012,10.22409880000123,candidate-measurement,002B79,valid,11129,0,True,
2,1,000002,1790182975.0434105,21704.9269976,10.416084399999818,candidate-measurement,002B79,valid,11129,0,True,
2,1,000002,1790182975.23496,21705.1185468,10.607633600000554,candidate-measurement,002B79,valid,11129,0,True,
2,1,000002,1790182975.4269767,21705.3105641,10.799650900000415,candidate-measurement,002B79,valid,11129,0,True,
2,1,000002,1790182975.6189437,21705.5025321,10.991618899999594,candidate-measurement,002B79,valid,11129,0,True,
2,1,000002,1790182975.8104017,21705.6939893,11.183076100001927,candidate-measurement,002B79,valid,11129,0,True,
2,1,000002,1790182976.0023558,21705.8859436,11.37503039999865,candidate-measurement,002B79,valid,11129,0,True,
2,1,000002,1790182976.193934,21706.077522,11.566608799999813,candidate-measurement,002B79,valid,11129,0,True,
2,1,000002,1790182976.3859212,21706.2695101,11.758596899999247,candidate-measurement,002B79,valid,11129,0,True,
2,1,000002,1790182976.5779908,21706.4615734,11.95066020000013,candidate-measurement,002B79,valid,11129,0,True,
2,1,000002,1790182976.769953,21706.6535386,12.142625399999815,candidate-measurement,002B79,valid,11129,0,True,
2,1,000002,1790182976.9613261,21706.8449138,12.334000599999854,candidate-measurement,002B79,valid,11129,0,True,
2,1,000002,1790182977.1533194,21707.0369074,12.52599420000115,candidate-measurement,002B79,valid,11129,0,True,
2,1,000002,1790182977.344896,21707.228484,12.717570799999521,candidate-measurement,002B79,valid,11129,0,True,
2,1,000002,1790182977.5369034,21707.4204907,12.909577499998704,candidate-measurement,002B79,valid,11129,0,True,
2,1,000002,1790182977.728303,21707.611891,13.100977800000692,candidate-measurement,002B79,valid,11129,0,True,
2,1,000002,1790182977.9203253,21707.803913,13.292999799999961,candidate-measurement,002B79,valid,11129,0,True,
2,1,000002,1790182978.1123226,21707.995909,13.484995800001343,candidate-measurement,002B79,valid,11129,0,True,
2,1,000002,1790182978.3038538,21708.1874422,13.6765290000003,candidate-measurement,002B79,valid,11129,0,True,
2,1,000002,1790182978.4958863,21708.3794716,13.868558400001348,candidate-measurement,002B79,valid,11129,0,True,
2,1,000002,1790182978.6878579,21708.5714458,14.060532600000442,candidate-measurement,002B79,valid,11129,0,True,
2,1,000002,1790182978.8792691,21708.7628568,14.251943600000232,candidate-measurement,002B79,valid,11129,0,True,
2,1,000002,1790182979.0712762,21708.9548641,14.443950900000345,candidate-measurement,002B79,valid,11129,0,True,
2,1,000002,1790182979.2628303,21709.1464183,14.635505099999136,candidate-measurement,002B79,valid,11129,0,True,
2,1,000002,1790182979.4548967,21709.3384834,14.827570199999172,candidate-measurement,002B79,valid,11129,0,True,
3,1,000003,1790182982.4601402,21712.3437289,0.20237160000033327,candidate-warmup,002B52,valid,11090,-39,True,
3,1,000003,1790182982.6521387,21712.5357273,0.3943700000017998,candidate-warmup,002B52,valid,11090,0,True,
3,1,000003,1790182982.8437195,21712.7273074,0.5859501000013552,candidate-warmup,002B52,valid,11090,0,True,
3,1,000003,1790182983.05172,21712.9353076,0.7939503000015975,candidate-warmup,002B52,valid,11090,0,True,
3,1,000003,1790182983.2437003,21713.1272883,0.9859309999992547,candidate-warmup,002B52,valid,11090,0,True,
3,1,000003,1790182983.4357007,21713.3192891,1.177931800000806,candidate-warmup,002B52,valid,11090,0,True,
3,1,000003,1790182983.6431189,21713.5267073,1.3853500000004715,candidate-warmup,002B52,valid,11090,0,True,
3,1,000003,1790182983.835112,21713.7187003,1.5773430000008375,candidate-warmup,002B52,valid,11090,0,True,
3,1,000003,1790182984.0266783,21713.910266,1.7689086999998835,candidate-warmup,002B52,valid,11090,0,True,
3,1,000003,1790182984.234684,21714.1182714,1.9769140999997035,candidate-warmup,002B52,valid,11090,0,True,
3,1,000003,1790182984.4266949,21714.3102807,2.1689234000004944,candidate-warmup,002B52,valid,11090,0,True,
3,1,000003,1790182984.6180828,21714.5016708,2.3603135000012117,candidate-warmup,002B52,valid,11090,0,True,
3,1,000003,1790182984.8100648,21714.6936532,2.5522959000008996,candidate-warmup,002B52,valid,11090,0,True,
3,1,000003,1790182985.0177057,21714.9012922,2.759934900001099,candidate-warmup,002B52,valid,11090,0,True,
3,1,000003,1790182985.2096348,21715.0932232,2.9518659000023035,candidate-warmup,002B52,valid,11090,0,True,
3,1,000003,1790182985.4016373,21715.2852251,3.143867800001317,candidate-warmup,002B52,valid,11090,0,True,
3,1,000003,1790182985.6090586,21715.4926463,3.351289000001998,candidate-warmup,002B52,valid,11090,0,True,
3,1,000003,1790182985.8010473,21715.6846344,3.5432771000014327,candidate-warmup,002B52,valid,11090,0,True,
3,1,000003,1790182985.9926257,21715.8762132,3.734855900002003,candidate-warmup,002B52,valid,11090,0,True,
3,1,000003,1790182986.2006085,21716.0841964,3.9428391000001284,candidate-warmup,002B52,valid,11090,0,True,
3,1,000003,1790182986.3925936,21716.2761823,4.134825000001001,candidate-warmup,002B52,valid,11090,0,True,
3,1,000003,1790182986.5840175,21716.4676051,4.326247799999692,candidate-warmup,002B52,valid,11090,0,True,
3,1,000003,1790182986.7760327,21716.6596189,4.518261600002006,candidate-warmup,002B52,valid,11090,0,True,
3,1,000003,1790182986.9835734,21716.8671615,4.725804199999402,candidate-warmup,002B52,valid,11090,0,True,
3,1,000003,1790182987.1755795,21717.0591679,4.917810599999939,candidate-warmup,002B52,valid,11090,0,True,
3,1,000003,1790182987.3675797,21717.2511673,5.109810000001744,candidate-warmup,002B52,valid,11090,0,True,
3,1,000003,1790182987.5749958,21717.4585832,5.317225900002086,candidate-warmup,002B52,valid,11090,0,True,
3,1,000003,1790182987.7669885,21717.6505764,5.509219100000337,candidate-warmup,002B52,valid,11090,0,True,
3,1,000003,1790182987.958555,21717.8421433,5.700786000001244,candidate-warmup,002B52,valid,11090,0,True,
3,1,000003,1790182988.1665545,21718.0501422,5.908784900002502,candidate-warmup,002B52,valid,11090,0,True,
3,1,000003,1790182988.358534,21718.2421225,6.100765200000751,candidate-warmup,002B52,valid,11090,0,True,
3,1,000003,1790182988.550547,21718.4341347,6.292777400001796,candidate-warmup,002B52,valid,11090,0,True,
3,1,000003,1790182988.7419558,21718.6255436,6.484186300000147,candidate-warmup,002B52,valid,11090,0,True,
3,1,000003,1790182988.9499414,21718.8335298,6.6921724999992875,candidate-warmup,002B52,valid,11090,0,True,
3,1,000003,1790182989.1419363,21719.0255241,6.884166800002276,candidate-warmup,002B52,valid,11090,0,True,
3,1,000003,1790182989.333518,21719.2171057,7.07574840000234,candidate-measurement,002B52,valid,11090,0,True,
3,1,000003,1790182989.5414982,21719.4250863,7.283729000002495,candidate-measurement,002B52,valid,11090,0,True,
3,1,000003,1790182989.7329218,21719.6165107,7.475153400002455,candidate-measurement,002B52,valid,11090,0,True,
3,1,000003,1790182989.9249213,21719.8085091,7.667151800000283,candidate-measurement,002B52,valid,11090,0,True,
3,1,000003,1790182990.1325676,21720.0161532,7.874795899999299,candidate-measurement,002B52,valid,11090,0,True,
3,1,000003,1790182990.3244727,21720.2080614,8.066704100001516,candidate-measurement,002B52,valid,11090,0,True,
3,1,000003,1790182990.5164719,21720.4000597,8.258702400002221,candidate-measurement,002B52,valid,11090,0,True,
3,1,000003,1790182990.7084699,21720.5920572,8.450699900000473,candidate-measurement,002B52,valid,11090,0,True,
3,1,000003,1790182990.9158754,21720.7994637,8.658106400001998,candidate-measurement,002B52,valid,11090,0,True,
3,1,000003,1790182991.1078794,21720.9914659,8.850108599999658,candidate-measurement,002B52,valid,11090,0,True,
3,1,000003,1790182991.2994356,21721.1830242,9.041666900000564,candidate-measurement,002B52,valid,11090,0,True,
3,1,000003,1790182991.5074363,21721.3910242,9.249666899999283,candidate-measurement,002B52,valid,11090,0,True,
3,1,000003,1790182991.6988542,21721.5824426,9.44108530000085,candidate-measurement,002B52,valid,11090,0,True,
3,1,000003,1790182991.8908582,21721.774446,9.633088700000371,candidate-measurement,002B52,valid,11090,0,True,
3,1,000003,1790182992.0984726,21721.9820606,9.840703300000314,candidate-measurement,002B52,valid,11090,0,True,
3,1,000003,1790182992.290412,21722.1739999,10.032642599999235,candidate-measurement,002B52,valid,11090,0,True,
3,1,000003,1790182992.4824197,21722.3659937,10.224636400002055,candidate-measurement,002B52,valid,11090,0,True,
3,1,000003,1790182992.673819,21722.5574076,10.416050300002098,candidate-measurement,002B52,valid,11090,0,True,
3,1,000003,1790182992.8818152,21722.7654047,10.624047400000563,candidate-measurement,002B52,valid,11090,0,True,
3,1,000003,1790182993.0733933,21722.9569802,10.815622900001472,candidate-measurement,002B52,valid,11090,0,True,
3,1,000003,1790182993.265374,21723.1489621,11.00760480000099,candidate-measurement,002B52,valid,11090,0,True,
3,1,000003,1790182993.472793,21723.356382,11.215024700002687,candidate-measurement,002B52,valid,11090,0,True,
3,1,000003,1790182993.6647878,21723.5483763,11.407019000002038,candidate-measurement,002B52,valid,11090,0,True,
3,1,000003,1790182993.8567867,21723.740375,11.59901770000215,candidate-measurement,002B52,valid,11090,0,True,
3,1,000003,1790182994.0643523,21723.9479405,11.806583199999295,candidate-measurement,002B52,valid,11090,0,True,
3,1,000003,1790182994.2563534,21724.1399414,11.998584100001608,candidate-measurement,002B52,valid,11090,0,True,
3,1,000003,1790182994.4483438,21724.3319317,12.190574399999605,candidate-measurement,002B52,valid,11090,0,True,
3,1,000003,1790182994.6397617,21724.5233498,12.381992500002525,candidate-measurement,002B52,valid,11090,0,True,
3,1,000003,1790182994.8473864,21724.7309754,12.589618100002554,candidate-measurement,002B52,valid,11090,0,True,
3,1,000003,1790182995.0393171,21724.9229057,12.781548400002066,candidate-measurement,002B52,valid,11090,0,True,
3,1,000003,1790182995.2313235,21725.1149119,12.97355460000108,candidate-measurement,002B52,valid,11090,0,True,
3,1,000003,1790182995.4393053,21725.3228948,13.181537500000559,candidate-measurement,002B52,valid,11090,0,True,
3,1,000003,1790182995.6307182,21725.5143066,13.372949299999163,candidate-measurement,002B52,valid,11090,0,True,
3,1,000003,1790182995.8227172,21725.7063072,13.564949899999192,candidate-measurement,002B52,valid,11090,0,True,
3,1,000003,1790182996.030295,21725.9138833,13.772526000000653,candidate-measurement,002B52,valid,11090,0,True,
3,1,000003,1790182996.2222836,21726.1058713,13.964513999999326,candidate-measurement,002B52,valid,11090,0,True,
3,1,000003,1790182996.4142842,21726.2978719,14.156514599999355,candidate-measurement,002B52,valid,11090,0,True,
3,1,000003,1790182996.6057112,21726.4892987,14.3479413999994,candidate-measurement,002B52,valid,11090,0,True,
3,1,000003,1790182996.8136845,21726.6972718,14.555914500000654,candidate-measurement,002B52,valid,11090,0,True,
3,1,000003,1790182997.0056896,21726.8892776,14.74792030000026,candidate-measurement,002B52,valid,11090,0,True,
3,1,000003,1790182997.2132585,21727.0968467,14.955489399999351,candidate-measurement,002B52,valid,11090,0,True,
4,1,000004,1790183000.0741692,21729.9577563,0.2015518999978667,candidate-warmup,002B13,valid,11027,-63,True,
4,1,000004,1790183000.2661657,21730.1497533,0.39354889999958687,candidate-warmup,002B13,valid,11027,0,True,
4,1,000004,1790183000.4581444,21730.3417342,0.585529799998767,candidate-warmup,002B13,valid,11027,0,True,
4,1,000004,1790183000.6495607,21730.5331486,0.7769441999989795,candidate-warmup,002B13,valid,11027,0,True,
4,1,000004,1790183000.8415785,21730.7251656,0.9689612000001944,candidate-warmup,002B13,valid,11027,0,True,
4,1,000004,1790183001.0335515,21730.9171401,1.1609356999979354,candidate-warmup,002B13,valid,11027,0,True,
4,1,000004,1790183001.2251358,21731.1087241,1.3525196999980835,candidate-warmup,002B13,valid,11027,0,True,
4,1,000004,1790183001.4171255,21731.3007132,1.5445087999978568,candidate-warmup,002B13,valid,11027,0,True,
4,1,000004,1790183001.6091123,21731.4927006,1.7364961999992374,candidate-warmup,002B13,valid,11027,0,True,
4,1,000004,1790183001.8005254,21731.6841138,1.9279094000012265,candidate-warmup,002B13,valid,11027,0,True,
4,1,000004,1790183001.9925349,21731.8761222,2.1199177999988024,candidate-warmup,002B13,valid,11027,0,True,
4,1,000004,1790183002.1841044,21732.0676922,2.311487799997849,candidate-warmup,002B13,valid,11027,0,True,
4,1,000004,1790183002.3760872,21732.2596762,2.503471799998806,candidate-warmup,002B13,valid,11027,0,True,
4,1,000004,1790183002.568075,21732.4516633,2.6954588999979023,candidate-warmup,002B13,valid,11027,0,True,
4,1,000004,1790183002.7595043,21732.6430922,2.8868877999993856,candidate-warmup,002B13,valid,11027,0,True,
4,1,000004,1790183002.9514897,21732.835078,3.078873599999497,candidate-warmup,002B13,valid,11027,0,True,
4,1,000004,1790183003.1434934,21733.0270815,3.2708770999997796,candidate-warmup,002B13,valid,11027,0,True,
4,1,000004,1790183003.351058,21733.2346457,3.4784412999979395,candidate-warmup,002B13,valid,11027,0,True,
4,1,000004,1790183003.5430436,21733.4266322,3.670427799999743,candidate-warmup,002B13,valid,11027,0,True,
4,1,000004,1790183003.7350466,21733.6186348,3.8624304000004486,candidate-warmup,002B13,valid,11027,0,True,
4,1,000004,1790183003.9424884,21733.8260743,4.069869899998594,candidate-warmup,002B13,valid,11027,0,True,
4,1,000004,1790183004.1344602,21734.0180479,4.261843500000396,candidate-warmup,002B13,valid,11027,0,True,
4,1,000004,1790183004.3264518,21734.2100401,4.453835699998308,candidate-warmup,002B13,valid,11027,0,True,
4,1,000004,1790183004.5180485,21734.4016356,4.645431199998711,candidate-warmup,002B13,valid,11027,0,True,
4,1,000004,1790183004.7260125,21734.6096004,4.853395999998611,candidate-warmup,002B13,valid,11027,0,True,
4,1,000004,1790183004.918002,21734.80159,5.0453855999985535,candidate-warmup,002B13,valid,11027,0,True,
4,1,000004,1790183005.1094174,21734.9930056,5.236801200000627,candidate-warmup,002B13,valid,11027,0,True,
4,1,000004,1790183005.3174117,21735.2009999,5.4447954999996,candidate-warmup,002B13,valid,11027,0,True,
4,1,000004,1790183005.508987,21735.3925748,5.636370399999578,candidate-warmup,002B13,valid,11027,0,True,
4,1,000004,1790183005.700982,21735.5845699,5.828365499997744,candidate-warmup,002B13,valid,11027,0,True,
4,1,000004,1790183005.908971,21735.7925588,6.036354399999254,candidate-warmup,002B13,valid,11027,0,True,
4,1,000004,1790183006.1009889,21735.9845756,6.228371199998946,candidate-warmup,002B13,valid,11027,0,True,
4,1,000004,1790183006.2924163,21736.1760006,6.419796199999837,candidate-warmup,002B13,valid,11027,0,True,
4,1,000004,1790183006.4844072,21736.367995,6.611790599999949,candidate-warmup,002B13,valid,11027,0,True,
4,1,000004,1790183006.6919897,21736.5755766,6.819372199999634,candidate-warmup,002B13,valid,11027,0,True,
4,1,000004,1790183006.8839452,21736.7675334,7.011329000000842,candidate-measurement,002B13,valid,11027,0,True,
4,1,000004,1790183007.0759382,21736.9595265,7.203322099998331,candidate-measurement,002B13,valid,11027,0,True,
4,1,000004,1790183007.2833512,21737.1669394,7.410734999997658,candidate-measurement,002B13,valid,11027,0,True,
4,1,000004,1790183007.4753578,21737.3589457,7.602741300001071,candidate-measurement,002B13,valid,11027,0,True,
4,1,000004,1790183007.6669147,21737.5505028,7.794298400000116,candidate-measurement,002B13,valid,11027,0,True,
4,1,000004,1790183007.8749156,21737.7585036,8.002299199997651,candidate-measurement,002B13,valid,11027,0,True,
4,1,000004,1790183008.0669203,21737.9505064,8.19430199999988,candidate-measurement,002B13,valid,11027,0,True,
4,1,000004,1790183008.2583215,21738.1419093,8.385704899999837,candidate-measurement,002B13,valid,11027,0,True,
4,1,000004,1790183008.450319,21738.3339072,8.577702800001134,candidate-measurement,002B13,valid,11027,0,True,
4,1,000004,1790183008.6579611,21738.5415493,8.785344899999473,candidate-measurement,002B13,valid,11027,0,True,
4,1,000004,1790183008.8498921,21738.7334796,8.977275199998985,candidate-measurement,002B13,valid,11027,0,True,
4,1,000004,1790183009.0418878,21738.9254758,9.169271399998252,candidate-measurement,002B13,valid,11027,0,True,
4,1,000004,1790183009.2493153,21739.1329033,9.37669889999961,candidate-measurement,002B13,valid,11027,0,True,
4,1,000004,1790183009.4412806,21739.324869,9.568664599999465,candidate-measurement,002B13,valid,11027,0,True,
4,1,000004,1790183009.632853,21739.5164417,9.760237300000881,candidate-measurement,002B13,valid,11027,0,True,
4,1,000004,1790183009.840846,21739.7244342,9.9682298000007,candidate-measurement,002B13,valid,11027,0,True,
4,1,000004,1790183010.0328455,21739.9164339,10.16022950000115,candidate-measurement,002B13,valid,11027,0,True,
4,1,000004,1790183010.2248504,21740.1084384,10.352233999998134,candidate-measurement,002B13,valid,11027,0,True,
4,1,000004,1790183010.4162638,21740.2998516,10.543647200000123,candidate-measurement,002B13,valid,11027,0,True,
4,1,000004,1790183010.6082428,21740.4918308,10.73562640000091,candidate-measurement,002B13,valid,11027,0,True,
4,1,000004,1790183010.7998445,21740.6834328,10.927228399999876,candidate-measurement,002B13,valid,11027,0,True,
4,1,000004,1790183010.9918137,21740.8754015,11.119197100000747,candidate-measurement,002B13,valid,11027,0,True,
4,1,000004,1790183011.1838028,21741.0673908,11.311186399998405,candidate-measurement,002B13,valid,11027,0,True,
4,1,000004,1790183011.3752193,21741.2588076,11.502603199998703,candidate-measurement,002B13,valid,11027,0,True,
4,1,000004,1790183011.5672033,21741.4507919,11.694587499998306,candidate-measurement,002B13,valid,11027,0,True,
4,1,000004,1790183011.7592137,21741.6428015,11.886597099997743,candidate-measurement,002B13,valid,11027,0,True,
4,1,000004,1790183011.95078,21741.8343677,12.078163300000597,candidate-measurement,002B13,valid,11027,0,True,
4,1,000004,1790183012.1427798,21742.0263674,12.270163000001048,candidate-measurement,002B13,valid,11027,0,True,
4,1,000004,1790183012.3347695,21742.2183574,12.462153000000399,candidate-measurement,002B13,valid,11027,0,True,
4,1,000004,1790183012.5261867,21742.4097745,12.653570099999342,candidate-measurement,002B13,valid,11027,0,True,
4,1,000004,1790183012.718192,21742.6017798,12.84557539999878,candidate-measurement,002B13,valid,11027,0,True,
4,1,000004,1790183012.9097543,21742.7933424,13.037137999999686,candidate-measurement,002B13,valid,11027,0,True,
4,1,000004,1790183013.101755,21742.9853419,13.229137499998615,candidate-measurement,002B13,valid,11027,0,True,
4,1,000004,1790183013.2937367,21743.177325,13.421120599999995,candidate-measurement,002B13,valid,11027,0,True,
4,1,000004,1790183013.485157,21743.3687452,13.612540800000716,candidate-measurement,002B13,valid,11027,0,True,
4,1,000004,1790183013.6771462,21743.5607342,13.804529799999727,candidate-measurement,002B13,valid,11027,0,True,
4,1,000004,1790183013.868754,21743.7523409,13.996136499998101,candidate-measurement,002B13,valid,11027,0,True,
4,1,000004,1790183014.0607123,21743.9442994,14.188094999997702,candidate-measurement,002B13,valid,11027,0,True,
4,1,000004,1790183014.2527058,21744.1362941,14.380089700000099,candidate-measurement,002B13,valid,11027,0,True,
4,1,000004,1790183014.444132,21744.3277202,14.571515799998451,candidate-measurement,002B13,valid,11027,0,True,
4,1,000004,1790183014.6361337,21744.51972,14.763515599999664,candidate-measurement,002B13,valid,11027,0,True,
4,1,000004,1790183014.8276892,21744.711277,14.955072599997948,candidate-measurement,002B13,valid,11027,0,True,
5,1,000005,1790183017.6890166,21747.5726049,0.20238769999923534,candidate-warmup,002ADF,valid,10975,-52,True,
5,1,000005,1790183017.8810399,21747.764627,0.3944097999992664,candidate-warmup,002ADF,valid,10975,0,True,
5,1,000005,1790183018.0730083,21747.9565958,0.5863785999972606,candidate-warmup,002ADF,valid,10975,0,True,
5,1,000005,1790183018.2645757,21748.1481637,0.7779464999985066,candidate-warmup,002ADE,valid,10974,-1,True,
5,1,000005,1790183018.4565609,21748.340152,0.9699347999994643,candidate-warmup,002ADE,valid,10974,0,True,
5,1,000005,1790183018.6485565,21748.5321454,1.1619281999992381,candidate-warmup,002ADE,valid,10974,0,True,
5,1,000005,1790183018.8399873,21748.7235754,1.3533581999981834,candidate-warmup,002ADE,valid,10974,0,True,
5,1,000005,1790183019.0319746,21748.9155627,1.5453454999988026,candidate-warmup,002ADE,valid,10974,0,True,
5,1,000005,1790183019.223545,21749.1071335,1.7369163000003027,candidate-warmup,002ADE,valid,10974,0,True,
5,1,000005,1790183019.4155378,21749.2991289,1.9289116999971156,candidate-warmup,002ADE,valid,10974,0,True,
5,1,000005,1790183019.6075282,21749.491118,2.120900800000527,candidate-warmup,002ADE,valid,10974,0,True,
5,1,000005,1790183019.81554,21749.6991278,2.328910599997471,candidate-warmup,002ADE,valid,10974,0,True,
5,1,000005,1790183020.00694,21749.8905285,2.520311299998866,candidate-warmup,002ADE,valid,10974,0,True,
5,1,000005,1790183020.1989532,21750.0825416,2.7123243999994884,candidate-warmup,002ADE,valid,10974,0,True,
5,1,000005,1790183020.4065034,21750.2900945,2.919877299998916,candidate-warmup,002ADE,valid,10974,0,True,
5,1,000005,1790183020.5985053,21750.4820936,3.1118763999984367,candidate-warmup,002ADE,valid,10974,0,True,
5,1,000005,1790183020.7904882,21750.674077,3.303859799998463,candidate-warmup,002ADE,valid,10974,0,True,
5,1,000005,1790183020.99854,21750.8821294,3.5119121999996423,candidate-warmup,002ADE,valid,10974,0,True,
5,1,000005,1790183021.1898956,21751.0734841,3.703266900000017,candidate-warmup,002ADE,valid,10974,0,True,
5,1,000005,1790183021.3818927,21751.2654816,3.8952643999982683,candidate-warmup,002ADE,valid,10974,0,True,
5,1,000005,1790183021.57347,21751.4570584,4.086841199998162,candidate-warmup,002ADE,valid,10974,0,True,
5,1,000005,1790183021.781459,21751.6650472,4.29482999999891,candidate-warmup,002ADE,valid,10974,0,True,
5,1,000005,1790183021.9734576,21751.8570457,4.4868284999975,candidate-warmup,002ADE,valid,10974,0,True,
5,1,000005,1790183022.1649272,21752.048514,4.678296799997042,candidate-warmup,002ADE,valid,10974,0,True,
5,1,000005,1790183022.3728788,21752.2564666,4.886249399998633,candidate-warmup,002ADE,valid,10974,0,True,
5,1,000005,1790183022.5644438,21752.448035,5.077817800000048,candidate-warmup,002ADE,valid,10974,0,True,
5,1,000005,1790183022.7564268,21752.6400153,5.269798099998297,candidate-warmup,002ADE,valid,10974,0,True,
5,1,000005,1790183022.9644225,21752.8480107,5.47779349999837,candidate-warmup,002ADE,valid,10974,0,True,
5,1,000005,1790183023.1558366,21753.0394251,5.669207899998582,candidate-warmup,002ADE,valid,10974,0,True,
5,1,000005,1790183023.3478317,21753.2314199,5.861202699998103,candidate-warmup,002ADE,valid,10974,0,True,
5,1,000005,1790183023.539413,21753.423001,6.0527837999979965,candidate-warmup,002ADE,valid,10974,0,True,
5,1,000005,1790183023.7473946,21753.6309847,6.260767499999929,candidate-warmup,002ADE,valid,10974,0,True,
5,1,000005,1790183023.93939,21753.8229789,6.4527616999985185,candidate-warmup,002ADE,valid,10974,0,True,
5,1,000005,1790183024.1313896,21754.0149761,6.6447588999981235,candidate-warmup,002ADE,valid,10974,0,True,
5,1,000005,1790183024.338799,21754.2223883,6.852171099999396,candidate-warmup,002ADE,valid,10974,0,True,
5,1,000005,1790183024.5307918,21754.4143813,7.044164099999762,candidate-measurement,002ADE,valid,10974,0,True,
5,1,000005,1790183024.7223625,21754.6059521,7.235734899997624,candidate-measurement,002ADE,valid,10974,0,True,
5,1,000005,1790183024.9303553,21754.8139437,7.443726499997865,candidate-measurement,002ADE,valid,10974,0,True,
5,1,000005,1790183025.1223593,21755.0059469,7.6357296999995015,candidate-measurement,002ADE,valid,10974,0,True,
5,1,000005,1790183025.313771,21755.197362,7.827144799997768,candidate-measurement,002ADE,valid,10974,0,True,
5,1,000005,1790183025.5057595,21755.3893503,8.019133099998726,candidate-measurement,002ADE,valid,10974,0,True,
5,1,000005,1790183025.7133377,21755.5969274,8.226710200000525,candidate-measurement,002ADE,valid,10974,0,True,
5,1,000005,1790183025.905336,21755.7889253,8.418708099998184,candidate-measurement,002ADE,valid,10974,0,True,
5,1,000005,1790183026.0973258,21755.9809142,8.610697000000073,candidate-measurement,002ADE,valid,10974,0,True,
5,1,000005,1790183026.3047326,21756.1883231,8.818105899998045,candidate-measurement,002ADE,valid,10974,0,True,
5,1,000005,1790183026.4967291,21756.3803188,9.010101599997142,candidate-measurement,002ADE,valid,10974,0,True,
5,1,000005,1790183026.6882985,21756.5718886,9.201671399998304,candidate-measurement,002ADE,valid,10974,0,True,
5,1,000005,1790183026.896294,21756.7798854,9.409668199998123,candidate-measurement,002ADE,valid,10974,0,True,
5,1,000005,1790183027.0877235,21756.9713105,9.601093299999775,candidate-measurement,002ADE,valid,10974,0,True,
5,1,000005,1790183027.279702,21757.1632919,9.793074699999124,candidate-measurement,002ADE,valid,10974,0,True,
5,1,000005,1790183027.4712756,21757.3548653,9.984648099998594,candidate-measurement,002ADE,valid,10974,0,True,
5,1,000005,1790183027.6632712,21757.5468614,10.1766441999971,candidate-measurement,002ADE,valid,10974,0,True,
5,1,000005,1790183027.8552585,21757.7388496,10.368632399997296,candidate-measurement,002ADE,valid,10974,0,True,
5,1,000005,1790183028.047253,21757.9308419,10.560624699999607,candidate-measurement,002ADE,valid,10974,0,True,
5,1,000005,1790183028.2386715,21758.1222599,10.752042699998128,candidate-measurement,002ADE,valid,10974,0,True,
5,1,000005,1790183028.430679,21758.3142485,10.944031299997732,candidate-measurement,002ADE,valid,10974,0,True,
5,1,000005,1790183028.6222332,21758.5058223,11.135605100000248,candidate-measurement,002ADE,valid,10974,0,True,
5,1,000005,1790183028.8142319,21758.697821,11.327603800000361,candidate-measurement,002ADE,valid,10974,0,True,
5,1,000005,1790183029.0062203,21758.8898111,11.519593900000473,candidate-measurement,002ADE,valid,10974,0,True,
5,1,000005,1790183029.1976388,21759.0812274,11.711010200000601,candidate-measurement,002ADE,valid,10974,0,True,
5,1,000005,1790183029.3896358,21759.2732246,11.903007400000206,candidate-measurement,002ADE,valid,10974,0,True,
5,1,000005,1790183029.5812066,21759.4647972,12.094579999997222,candidate-measurement,002ADE,valid,10974,0,True,
5,1,000005,1790183029.7732022,21759.656791,12.286573800000042,candidate-measurement,002ADE,valid,10974,0,True,
5,1,000005,1790183029.965202,21759.848791,12.47857379999914,candidate-measurement,002ADE,valid,10974,0,True,
5,1,000005,1790183030.1566126,21760.0402004,12.66998319999766,candidate-measurement,002ADE,valid,10974,0,True,
5,1,000005,1790183030.3486016,21760.2321919,12.861974699997518,candidate-measurement,002ADE,valid,10974,0,True,
5,1,000005,1790183030.5405962,21760.4241874,13.05397019999873,candidate-measurement,002ADE,valid,10974,0,True,
5,1,000005,1790183030.732164,21760.6157541,13.245536899998115,candidate-measurement,002ADE,valid,10974,0,True,
5,1,000005,1790183030.9241817,21760.8077677,13.437550499998906,candidate-measurement,002ADE,valid,10974,0,True,
5,1,000005,1790183031.1161609,21760.9997488,13.62953159999961,candidate-measurement,002ADE,valid,10974,0,True,
5,1,000005,1790183031.3081546,21761.1917432,13.821525999999722,candidate-measurement,002ADE,valid,10974,0,True,
5,1,000005,1790183031.499564,21761.3831544,14.012937199997396,candidate-measurement,002ADE,valid,10974,0,True,
5,1,000005,1790183031.6915622,21761.5751513,14.204934099998354,candidate-measurement,002ADE,valid,10974,0,True,
5,1,000005,1790183031.8831375,21761.7667265,14.396509299996978,candidate-measurement,002ADE,valid,10974,0,True,
5,1,000005,1790183032.0751357,21761.9587209,14.58850369999709,candidate-measurement,002ADE,valid,10974,0,True,
5,1,000005,1790183032.2671223,21762.1507104,14.78049319999991,candidate-measurement,002ADE,valid,10974,0,True,
5,1,000005,1790183032.4591217,21762.3427104,14.972493199999008,candidate-measurement,002ADE,valid,10974,0,True,
6,1,000006,1790183035.3040311,21765.1876194,0.20196500000020023,candidate-warmup,002AB0,valid,10928,-46,True,
6,1,000006,1790183035.5114567,21765.3950468,0.40939240000079735,candidate-warmup,002AB0,valid,10928,0,True,
6,1,000006,1790183035.7034311,21765.5870213,0.6013669000021764,candidate-warmup,002AB0,valid,10928,0,True,
6,1,000006,1790183035.8950057,21765.7785947,0.7929403000016464,candidate-warmup,002AB0,valid,10928,0,True,
6,1,000006,1790183036.1029983,21765.9865864,1.0009319999990112,candidate-warmup,002AB0,valid,10928,0,True,
6,1,000006,1790183036.2949934,21766.1785826,1.1929282000019157,candidate-warmup,002AB0,valid,10928,0,True,
6,1,000006,1790183036.4864063,21766.3699952,1.384340799999336,candidate-warmup,002AB0,valid,10928,0,True,
6,1,000006,1790183036.6783922,21766.5619817,1.5763273000011395,candidate-warmup,002AB0,valid,10928,0,True,
6,1,000006,1790183036.8699763,21766.753567,1.7679126000002725,candidate-warmup,002AB0,valid,10928,0,True,
6,1,000006,1790183037.061981,21766.9455688,1.9599144000021624,candidate-warmup,002AB0,valid,10928,0,True,
6,1,000006,1790183037.2539632,21767.1375514,2.1518969999997353,candidate-warmup,002AB0,valid,10928,0,True,
6,1,000006,1790183037.4453685,21767.3289572,2.3433027999999467,candidate-warmup,002AB0,valid,10928,0,True,
6,1,000006,1790183037.6373749,21767.5209626,2.535308200000145,candidate-warmup,002AB0,valid,10928,0,True,
6,1,000006,1790183037.829358,21767.7129482,2.7272937999987334,candidate-warmup,002AB0,valid,10928,0,True,
6,1,000006,1790183038.0209346,21767.9045261,2.918871699999727,candidate-warmup,002AB0,valid,10928,0,True,
6,1,000006,1790183038.2129333,21768.0965214,3.1108669999994163,candidate-warmup,002AB0,valid,10928,0,True,
6,1,000006,1790183038.4043458,21768.2879339,3.302279499999713,candidate-warmup,002AB0,valid,10928,0,True,
6,1,000006,1790183038.596336,21768.4799262,3.494271800002025,candidate-warmup,002AB0,valid,10928,0,True,
6,1,000006,1790183038.7879126,21768.6715026,3.6858481999988726,candidate-warmup,002AB0,valid,10928,0,True,
6,1,000006,1790183038.9799042,21768.8634941,3.877839699998731,candidate-warmup,002AB0,valid,10928,0,True,
6,1,000006,1790183039.1719058,21769.0554944,4.069840000000113,candidate-warmup,002AB0,valid,10928,0,True,
6,1,000006,1790183039.363898,21769.2474864,4.26183200000014,candidate-warmup,002AB0,valid,10928,0,True,
6,1,000006,1790183039.555312,21769.4389002,4.453245799999422,candidate-warmup,002AB0,valid,10928,0,True,
6,1,000006,1790183039.7473023,21769.6308903,4.645235899999534,candidate-warmup,002AB0,valid,10928,0,True,
6,1,000006,1790183039.9393134,21769.8229018,4.837247399998887,candidate-warmup,002AB0,valid,10928,0,True,
6,1,000006,1790183040.1468732,21770.0304615,5.044807099999161,candidate-warmup,002AB0,valid,10928,0,True,
6,1,000006,1790183040.3388703,21770.222458,5.236803600000712,candidate-warmup,002AB0,valid,10928,0,True,
6,1,000006,1790183040.530858,21770.4144456,5.428791199999978,candidate-warmup,002AB0,valid,10928,0,True,
6,1,000006,1790183040.7222877,21770.6058734,5.620219000000361,candidate-warmup,002AB0,valid,10928,0,True,
6,1,000006,1790183040.914261,21770.7978489,5.812194500002079,candidate-warmup,002AB0,valid,10928,0,True,
6,1,000006,1790183041.1062539,21770.9898424,6.004187999998976,candidate-warmup,002AB0,valid,10928,0,True,
6,1,000006,1790183041.313832,21771.1974202,6.21176579999883,candidate-warmup,002AB0,valid,10928,0,True,
6,1,000006,1790183041.505826,21771.3894142,6.403759799999534,candidate-warmup,002AB0,valid,10928,0,True,
6,1,000006,1790183041.6978316,21771.581423,6.595768600000156,candidate-warmup,002AB0,valid,10928,0,True,
6,1,000006,1790183041.8892374,21771.7728271,6.787172700001975,candidate-warmup,002AB0,valid,10928,0,True,
6,1,000006,1790183042.0972378,21771.9808255,6.995171099999425,candidate-warmup,002AB0,valid,10928,0,True,
6,1,000006,1790183042.2888014,21772.1723898,7.1867353999987245,candidate-measurement,002AB0,valid,10928,0,True,
6,1,000006,1790183042.480795,21772.3643825,7.378728100000444,candidate-measurement,002AB0,valid,10928,0,True,
6,1,000006,1790183042.6887877,21772.5723758,7.586721399999078,candidate-measurement,002AB0,valid,10928,0,True,
6,1,000006,1790183042.8802,21772.7637893,7.7781348999997135,candidate-measurement,002AB0,valid,10928,0,True,
6,1,000006,1790183043.0721962,21772.9557835,7.970129100001941,candidate-measurement,002AB0,valid,10928,0,True,
6,1,000006,1790183043.279766,21773.1633538,8.177699399999256,candidate-measurement,002AB0,valid,10928,0,True,
6,1,000006,1790183043.471756,21773.3553444,8.369689999999537,candidate-measurement,002AB0,valid,10928,0,True,
6,1,000006,1790183043.6637566,21773.5473452,8.561690800001088,candidate-measurement,002AB0,valid,10928,0,True,
6,1,000006,1790183043.8557565,21773.7393359,8.75368150000213,candidate-measurement,002AB0,valid,10928,0,True,
6,1,000006,1790183044.0631695,21773.9467576,8.961103199999343,candidate-measurement,002AB0,valid,10928,0,True,
6,1,000006,1790183044.2551577,21774.1387456,9.153091200001654,candidate-measurement,002AB0,valid,10928,0,True,
6,1,000006,1790183044.4471533,21774.3307422,9.345087800000329,candidate-measurement,002AB0,valid,10928,0,True,
6,1,000006,1790183044.654722,21774.5383103,9.552655899999081,candidate-measurement,002AB0,valid,10928,0,True,
6,1,000006,1790183044.8467164,21774.7303057,9.744651299999532,candidate-measurement,002AB0,valid,10928,0,True,
6,1,000006,1790183045.0387137,21774.9223023,9.936647900001844,candidate-measurement,002AB0,valid,10928,0,True,
6,1,000006,1790183045.246127,21775.1297149,10.144060499998886,candidate-measurement,002AB0,valid,10928,0,True,
6,1,000006,1790183045.4381182,21775.321707,10.336052599999675,candidate-measurement,002AB0,valid,10928,0,True,
6,1,000006,1790183045.6301098,21775.5136996,10.528045200000633,candidate-measurement,002AB0,valid,10928,0,True,
6,1,000006,1790183045.8216848,21775.7052749,10.719620500000019,candidate-measurement,002AB0,valid,10928,0,True,
6,1,000006,1790183046.0296829,21775.9132719,10.927617500001361,candidate-measurement,002AB0,valid,10928,0,True,
6,1,000006,1790183046.2216716,21776.10526,11.119605600000796,candidate-measurement,002AB0,valid,10928,0,True,
6,1,000006,1790183046.4130907,21776.29668,11.311025599999994,candidate-measurement,002AB0,valid,10928,0,True,
6,1,000006,1790183046.621082,21776.5046712,11.519016800000827,candidate-measurement,002AB0,valid,10928,0,True,
6,1,000006,1790183046.8130717,21776.696661,11.711006600002293,candidate-measurement,002AAF,valid,10927,-1,True,
6,1,000006,1790183047.004651,21776.8882385,11.90258410000024,candidate-measurement,002AAF,valid,10927,0,True,
6,1,000006,1790183047.1966467,21777.0802348,12.094580400000268,candidate-measurement,002AAF,valid,10927,0,True,
6,1,000006,1790183047.4046755,21777.2882654,12.30261099999916,candidate-measurement,002AAF,valid,10927,0,True,
6,1,000006,1790183047.5966358,21777.4802237,12.494569300000876,candidate-measurement,002AAF,valid,10927,0,True,
6,1,000006,1790183047.7880616,21777.6716513,12.685996899999736,candidate-measurement,002AAF,valid,10927,0,True,
6,1,000006,1790183047.996044,21777.8796349,12.893980500000907,candidate-measurement,002AAF,valid,10927,0,True,
6,1,000006,1790183048.1876085,21778.0711968,13.085542400000122,candidate-measurement,002AAF,valid,10927,0,True,
6,1,000006,1790183048.379601,21778.2631911,13.277536699999473,candidate-measurement,002AAF,valid,10927,0,True,
6,1,000006,1790183048.5876527,21778.4712392,13.485584800000652,candidate-measurement,002AAF,valid,10927,0,True,
6,1,000006,1790183048.7795877,21778.6631785,13.677524099999573,candidate-measurement,002AAF,valid,10927,0,True,
6,1,000006,1790183048.9710047,21778.8545955,13.868941100001393,candidate-measurement,002AAF,valid,10927,0,True,
6,1,000006,1790183049.1629994,21779.0465883,14.060933900000236,candidate-measurement,002AAE,valid,10926,-1,True,
6,1,000006,1790183049.3709953,21779.2545835,14.268929099998786,candidate-measurement,002AAE,valid,10926,0,True,
6,1,000006,1790183049.5625808,21779.446172,14.460517600000458,candidate-measurement,002AAE,valid,10926,0,True,
6,1,000006,1790183049.7545652,21779.6381525,14.65249810000023,candidate-measurement,002AAE,valid,10926,0,True,
6,1,000006,1790183049.9625478,21779.8461388,14.860484400000132,candidate-measurement,002AAE,valid,10926,0,True,
7,1,000007,1790183052.919463,21782.8030511,0.2019691999994393,candidate-warmup,002A73,valid,10867,-59,True,
7,1,000007,1790183053.1114538,21782.995042,0.3939600999983668,candidate-warmup,002A73,valid,10867,0,True,
7,1,000007,1790183053.3034484,21783.1870364,0.5859544999984792,candidate-warmup,002A73,valid,10867,0,True,
7,1,000007,1790183053.494866,21783.3784539,0.7773720000004687,candidate-warmup,002A73,valid,10867,0,True,
7,1,000007,1790183053.6868553,21783.5704437,0.9693617999982962,candidate-warmup,002A73,valid,10867,0,True,
7,1,000007,1790183053.8784146,21783.7620057,1.1609237999982724,candidate-warmup,002A73,valid,10867,0,True,
7,1,000007,1790183054.0704253,21783.9540134,1.3529315000014321,candidate-warmup,002A73,valid,10867,0,True,
7,1,000007,1790183054.262412,21784.1460001,1.5449182000011206,candidate-warmup,002A73,valid,10867,0,True,
7,1,000007,1790183054.45383,21784.3374178,1.736335900000995,candidate-warmup,002A73,valid,10867,0,True,
7,1,000007,1790183054.6458244,21784.5294127,1.9283308000012767,candidate-warmup,002A73,valid,10867,0,True,
7,1,000007,1790183054.837395,21784.7209844,2.119902499998716,candidate-warmup,002A73,valid,10867,0,True,
7,1,000007,1790183055.029394,21784.9129815,2.3118996000011975,candidate-warmup,002A73,valid,10867,0,True,
7,1,000007,1790183055.221386,21785.104974,2.5038921000013943,candidate-warmup,002A73,valid,10867,0,True,
7,1,000007,1790183055.4133728,21785.2969611,2.6958792000004905,candidate-warmup,002A73,valid,10867,0,True,
7,1,000007,1790183055.6053622,21785.4889516,2.88786970000001,candidate-warmup,002A73,valid,10867,0,True,
7,1,000007,1790183055.8127797,21785.6963706,3.095288699998491,candidate-warmup,002A73,valid,10867,0,True,
7,1,000007,1790183056.0047748,21785.8883661,3.2872841999997036,candidate-warmup,002A73,valid,10867,0,True,
7,1,000007,1790183056.196355,21786.0799429,3.478860999999597,candidate-warmup,002A73,valid,10867,0,True,
7,1,000007,1790183056.3883965,21786.2719824,3.670900500001153,candidate-warmup,002A73,valid,10867,0,True,
7,1,000007,1790183056.5963433,21786.4799314,3.878849500000797,candidate-warmup,002A73,valid,10867,0,True,
7,1,000007,1790183056.7877572,21786.6713452,4.070263300000079,candidate-warmup,002A73,valid,10867,0,True,
7,1,000007,1790183056.979747,21786.8633362,4.262254299999768,candidate-warmup,002A73,valid,10867,0,True,
7,1,000007,1790183057.1873398,21787.0709267,4.4698447999981,candidate-warmup,002A73,valid,10867,0,True,
7,1,000007,1790183057.379313,21787.2629029,4.66182100000151,candidate-warmup,002A73,valid,10867,0,True,
7,1,000007,1790183057.5713027,21787.4548928,4.853810900000099,candidate-warmup,002A73,valid,10867,0,True,
7,1,000007,1790183057.7793164,21787.6629037,5.0618217999981425,candidate-warmup,002A73,valid,10867,0,True,
7,1,000007,1790183057.970716,21787.8543038,5.253221899998607,candidate-warmup,002A73,valid,10867,0,True,
7,1,000007,1790183058.1622877,21788.0458761,5.444794200000615,candidate-warmup,002A73,valid,10867,0,True,
7,1,000007,1790183058.3542874,21788.2378762,5.636794300000474,candidate-warmup,002A73,valid,10867,0,True,
7,1,000007,1790183058.5622675,21788.4458559,5.844774000001053,candidate-warmup,002A73,valid,10867,0,True,
7,1,000007,1790183058.7542644,21788.6378548,6.03677289999905,candidate-warmup,002A73,valid,10867,0,True,
7,1,000007,1790183058.9456809,21788.829272,6.228190099998756,candidate-warmup,002A73,valid,10867,0,True,
7,1,000007,1790183059.1536796,21789.0372688,6.4361868999985745,candidate-warmup,002A73,valid,10867,0,True,
7,1,000007,1790183059.3456705,21789.2292602,6.628178300001309,candidate-warmup,002A73,valid,10867,0,True,
7,1,000007,1790183059.5376644,21789.4212528,6.8201708999986295,candidate-warmup,002A73,valid,10867,0,True,
7,1,000007,1790183059.745239,21789.6288277,7.027745799998229,candidate-measurement,002A73,valid,10867,0,True,
7,1,000007,1790183059.9372346,21789.8208233,7.219741400000203,candidate-measurement,002A73,valid,10867,0,True,
7,1,000007,1790183060.1292257,21790.0128142,7.41173229999913,candidate-measurement,002A73,valid,10867,0,True,
7,1,000007,1790183060.3206456,21790.2042345,7.603152600000612,candidate-measurement,002A73,valid,10867,0,True,
7,1,000007,1790183060.5286326,21790.4122202,7.811138299999584,candidate-measurement,002A73,valid,10867,0,True,
7,1,000007,1790183060.7202086,21790.6037962,8.002714300000662,candidate-measurement,002A73,valid,10867,0,True,
7,1,000007,1790183060.9121978,21790.7957886,8.194706700000097,candidate-measurement,002A73,valid,10867,0,True,
7,1,000007,1790183061.1201987,21791.0037867,8.4027047999989,candidate-measurement,002A73,valid,10867,0,True,
7,1,000007,1790183061.3116095,21791.1951991,8.594117199998436,candidate-measurement,002A73,valid,10867,0,True,
7,1,000007,1790183061.5031803,21791.3867691,8.78568720000112,candidate-measurement,002A73,valid,10867,0,True,
7,1,000007,1790183061.711179,21791.5947669,8.993685000001278,candidate-measurement,002A73,valid,10867,0,True,
7,1,000007,1790183061.90319,21791.7867784,9.185696500000631,candidate-measurement,002A73,valid,10867,0,True,
7,1,000007,1790183062.094592,21791.9781796,9.377097699998558,candidate-measurement,002A72,valid,10866,-1,True,
7,1,000007,1790183062.2865794,21792.1701671,9.5690852000007,candidate-measurement,002A72,valid,10866,0,True,
7,1,000007,1790183062.4942386,21792.3778268,9.776744899998448,candidate-measurement,002A72,valid,10866,0,True,
7,1,000007,1790183062.68614,21792.5697302,9.968648300000496,candidate-measurement,002A72,valid,10866,0,True,
7,1,000007,1790183062.8781493,21792.761739,10.160657100001117,candidate-measurement,002A72,valid,10866,0,True,
7,1,000007,1790183063.0861428,21792.9697293,10.368647399998736,candidate-measurement,002A72,valid,10866,0,True,
7,1,000007,1790183063.278125,21793.1617134,10.560631500000454,candidate-measurement,002A72,valid,10866,0,True,
7,1,000007,1790183063.4695308,21793.3531198,10.752037899997958,candidate-measurement,002A72,valid,10866,0,True,
7,1,000007,1790183063.6615357,21793.5451242,10.944042300001456,candidate-measurement,002A72,valid,10866,0,True,
7,1,000007,1790183063.8531065,21793.7366964,11.135614499999065,candidate-measurement,002A72,valid,10866,0,True,
7,1,000007,1790183064.045098,21793.9286868,11.327604900001461,candidate-measurement,002A72,valid,10866,0,True,
7,1,000007,1790183064.2370946,21794.1206822,11.519600299998274,candidate-measurement,002A72,valid,10866,0,True,
7,1,000007,1790183064.4285092,21794.3120969,11.71101500000077,candidate-measurement,002A72,valid,10866,0,True,
7,1,000007,1790183064.6205134,21794.5041021,11.903020199999446,candidate-measurement,002A72,valid,10866,0,True,
7,1,000007,1790183064.8120942,21794.6956851,12.094603199999256,candidate-measurement,002A72,valid,10866,0,True,
7,1,000007,1790183065.0040653,21794.8876557,12.286573800000042,candidate-measurement,002A72,valid,10866,0,True,
7,1,000007,1790183065.1960652,21795.079653,12.478571100000408,candidate-measurement,002A72,valid,10866,0,True,
7,1,000007,1790183065.387474,21795.2710619,12.669979999998759,candidate-measurement,002A72,valid,10866,0,True,
7,1,000007,1790183065.5794623,21795.4630517,12.861969800000224,candidate-measurement,002A72,valid,10866,0,True,
7,1,000007,1790183065.7714636,21795.6550539,13.053972000001522,candidate-measurement,002A72,valid,10866,0,True,
7,1,000007,1790183065.9630396,21795.8466278,13.245545900001161,candidate-measurement,002A72,valid,10866,0,True,
7,1,000007,1790183066.1550348,21796.0386227,13.437540800001443,candidate-measurement,002A72,valid,10866,0,True,
7,1,000007,1790183066.3464448,21796.2300347,13.628952799997933,candidate-measurement,002A72,valid,10866,0,True,
7,1,000007,1790183066.5384572,21796.4220453,13.820963400001347,candidate-measurement,002A72,valid,10866,0,True,
7,1,000007,1790183066.7300043,21796.6135938,14.01251190000039,candidate-measurement,002A72,valid,10866,0,True,
7,1,000007,1790183066.9219959,21796.8055867,14.204504799999995,candidate-measurement,002A72,valid,10866,0,True,
7,1,000007,1790183067.1294212,21797.0130092,14.411927299999661,candidate-measurement,002A72,valid,10866,0,True,
7,1,000007,1790183067.3214052,21797.2049936,14.603911700000026,candidate-measurement,002A72,valid,10866,0,True,
7,1,000007,1790183067.5134103,21797.3970005,14.795918600000732,candidate-measurement,002A72,valid,10866,0,True,
7,1,000007,1790183067.704981,21797.5885721,14.987490200001048,candidate-measurement,002A70,valid,10864,-2,True,
8,1,000008,1790183070.534303,21800.4178912,0.20238009999957285,candidate-warmup,002A47,valid,10823,-41,True,
8,1,000008,1790183070.7263017,21800.60989,0.3943789000004472,candidate-warmup,002A47,valid,10823,0,True,
8,1,000008,1790183070.917897,21800.8014827,0.5859716000013577,candidate-warmup,002A47,valid,10823,0,True,
8,1,000008,1790183071.109902,21800.9934881,0.777977000001556,candidate-warmup,002A47,valid,10823,0,True,
8,1,000008,1790183071.3018677,21801.1854563,0.9699452000022575,candidate-warmup,002A47,valid,10823,0,True,
8,1,000008,1790183071.4932778,21801.3768652,1.161354100000608,candidate-warmup,002A47,valid,10823,0,True,
8,1,000008,1790183071.6852727,21801.5688605,1.3533494000002975,candidate-warmup,002A47,valid,10823,0,True,
8,1,000008,1790183071.8772628,21801.7608512,1.54534010000134,candidate-warmup,002A47,valid,10823,0,True,
8,1,000008,1790183072.0688424,21801.9524308,1.7369197000007262,candidate-warmup,002A47,valid,10823,0,True,
8,1,000008,1790183072.2768326,21802.1604201,1.944909000001644,candidate-warmup,002A47,valid,10823,0,True,
8,1,000008,1790183072.468826,21802.3524142,2.136903099999472,candidate-warmup,002A47,valid,10823,0,True,
8,1,000008,1790183072.6608365,21802.544422,2.328910899999755,candidate-warmup,002A47,valid,10823,0,True,
8,1,000008,1790183072.8682477,21802.7518355,2.5363244000000122,candidate-warmup,002A47,valid,10823,0,True,
8,1,000008,1790183073.0598192,21802.9434064,2.727895300002274,candidate-warmup,002A47,valid,10823,0,True,
8,1,000008,1790183073.2518082,21803.1353964,2.9198853000016243,candidate-warmup,002A47,valid,10823,0,True,
8,1,000008,1790183073.444042,21803.3276103,3.1120991999996477,candidate-warmup,002A47,valid,10823,0,True,
8,1,000008,1790183073.6513884,21803.5349548,3.3194437000020116,candidate-warmup,002A47,valid,10823,0,True,
8,1,000008,1790183073.8433394,21803.7269179,3.511406800000259,candidate-warmup,002A47,valid,10823,0,True,
8,1,000008,1790183074.0349731,21803.9185431,3.703032000001258,candidate-warmup,002A47,valid,10823,0,True,
8,1,000008,1790183074.242932,21804.1265038,3.910992699999042,candidate-warmup,002A47,valid,10823,0,True,
8,1,000008,1790183074.4349809,21804.3185468,4.103035700001783,candidate-warmup,002A47,valid,10823,0,True,
8,1,000008,1790183074.642339,21804.5259115,4.310400400001527,candidate-warmup,002A47,valid,10823,0,True,
8,1,000008,1790183074.8341913,21804.7177785,4.502267399999255,candidate-warmup,002A47,valid,10823,0,True,
8,1,000008,1790183075.025759,21804.9093453,4.693834199999401,candidate-warmup,002A47,valid,10823,0,True,
8,1,000008,1790183075.2177591,21805.1013449,4.885833799999091,candidate-warmup,002A47,valid,10823,0,True,
8,1,000008,1790183075.4091723,21805.2927603,5.077249199999642,candidate-warmup,002A47,valid,10823,0,True,
8,1,000008,1790183075.6171615,21805.5007493,5.285238200001913,candidate-warmup,002A47,valid,10823,0,True,
8,1,000008,1790183075.808724,21805.6923121,5.476801000000705,candidate-warmup,002A47,valid,10823,0,True,
8,1,000008,1790183076.0007205,21805.8843089,5.6687978000009025,candidate-warmup,002A47,valid,10823,0,True,
8,1,000008,1790183076.2087076,21806.092296,5.87678489999962,candidate-warmup,002A47,valid,10823,0,True,
8,1,000008,1790183076.400706,21806.2842943,6.0687832000003255,candidate-warmup,002A47,valid,10823,0,True,
8,1,000008,1790183076.5921152,21806.4757037,6.260192600002483,candidate-warmup,002A47,valid,10823,0,True,
8,1,000008,1790183076.8001184,21806.6837048,6.468193700002303,candidate-warmup,002A47,valid,10823,0,True,
8,1,000008,1790183076.9916835,21806.8752716,6.659760500002449,candidate-warmup,002A47,valid,10823,0,True,
8,1,000008,1790183077.1836743,21807.0672626,6.851751500002138,candidate-warmup,002A47,valid,10823,0,True,
8,1,000008,1790183077.3756754,21807.2592636,7.043752500001574,candidate-measurement,002A47,valid,10823,0,True,
8,1,000008,1790183077.5831027,21807.466691,7.251179900002171,candidate-measurement,002A47,valid,10823,0,True,
8,1,000008,1790183077.7750974,21807.6586852,7.4431741000007605,candidate-measurement,002A47,valid,10823,0,True,
8,1,000008,1790183077.9671192,21807.850706,7.635194900001807,candidate-measurement,002A47,valid,10823,0,True,
8,1,000008,1790183078.1746633,21808.0582511,7.842740000000049,candidate-measurement,002A47,valid,10823,0,True,
8,1,000008,1790183078.366652,21808.2502404,8.034729300001345,candidate-measurement,002A47,valid,10823,0,True,
8,1,000008,1790183078.5586448,21808.4422328,8.22672170000078,candidate-measurement,002A47,valid,10823,0,True,
8,1,000008,1790183078.7660754,21808.6496628,8.434151699999347,candidate-measurement,002A47,valid,10823,0,True,
8,1,000008,1790183078.9580555,21808.8416434,8.626132299999881,candidate-measurement,002A47,valid,10823,0,True,
8,1,000008,1790183079.1496212,21809.033209,8.817697900001804,candidate-measurement,002A47,valid,10823,0,True,
8,1,000008,1790183079.3416157,21809.2252039,9.009692800002085,candidate-measurement,002A47,valid,10823,0,True,
8,1,000008,1790183079.5490427,21809.4326309,9.217119799999637,candidate-measurement,002A47,valid,10823,0,True,
8,1,000008,1790183079.7410274,21809.6246153,9.409104200000002,candidate-measurement,002A47,valid,10823,0,True,
8,1,000008,1790183079.932607,21809.8161947,9.600683600001503,candidate-measurement,002A47,valid,10823,0,True,
8,1,000008,1790183080.1406014,21810.0241886,9.808677500001068,candidate-measurement,002A47,valid,10823,0,True,
8,1,000008,1790183080.3325846,21810.2161728,10.00066169999991,candidate-measurement,002A47,valid,10823,0,True,
8,1,000008,1790183080.524008,21810.4075956,10.192084500002238,candidate-measurement,002A47,valid,10823,0,True,
8,1,000008,1790183080.731992,21810.615579,10.400067900001886,candidate-measurement,002A47,valid,10823,0,True,
8,1,000008,1790183080.9240448,21810.80763,10.59211890000006,candidate-measurement,002A47,valid,10823,0,True,
8,1,000008,1790183081.1155844,21810.9991697,10.783658600001218,candidate-measurement,002A47,valid,10823,0,True,
8,1,000008,1790183081.3075647,21811.1911505,10.975639399999636,candidate-measurement,002A47,valid,10823,0,True,
8,1,000008,1790183081.5149655,21811.3985531,11.183042000000569,candidate-measurement,002A47,valid,10823,0,True,
8,1,000008,1790183081.706958,21811.5905452,11.375034100001358,candidate-measurement,002A47,valid,10823,0,True,
8,1,000008,1790183081.8985293,21811.7821173,11.566606200001843,candidate-measurement,002A47,valid,10823,0,True,
8,1,000008,1790183082.1065562,21811.9901402,11.774629100000311,candidate-measurement,002A47,valid,10823,0,True,
8,1,000008,1790183082.2985413,21812.1821262,11.966615100001945,candidate-measurement,002A47,valid,10823,0,True,
8,1,000008,1790183082.4905365,21812.3741238,12.158612700000958,candidate-measurement,002A47,valid,10823,0,True,
8,1,000008,1790183082.697945,21812.5815319,12.366020800000115,candidate-measurement,002A47,valid,10823,0,True,
8,1,000008,1790183082.8899314,21812.7735183,12.558007200001157,candidate-measurement,002A47,valid,10823,0,True,
8,1,000008,1790183083.0815263,21812.965111,12.749599900002067,candidate-measurement,002A47,valid,10823,0,True,
8,1,000008,1790183083.273501,21813.1570871,12.941576000001078,candidate-measurement,002A47,valid,10823,0,True,
8,1,000008,1790183083.4815068,21813.3650924,13.149581300000136,candidate-measurement,002A47,valid,10823,0,True,
8,1,000008,1790183083.6729112,21813.5564977,13.340986600000178,candidate-measurement,002A47,valid,10823,0,True,
8,1,000008,1790183083.8648863,21813.7484746,13.532963500001642,candidate-measurement,002A47,valid,10823,0,True,
8,1,000008,1790183084.0724845,21813.9560716,13.740560500002175,candidate-measurement,002A47,valid,10823,0,True,
8,1,000008,1790183084.2644837,21814.1480709,13.93255979999958,candidate-measurement,002A47,valid,10823,0,True,
8,1,000008,1790183084.4564943,21814.3400799,14.124568800001725,candidate-measurement,002A47,valid,10823,0,True,
8,1,000008,1790183084.6638596,21814.5474475,14.331936400001723,candidate-measurement,002A47,valid,10823,0,True,
8,1,000008,1790183084.8558595,21814.7394479,14.523936800000229,candidate-measurement,002A47,valid,10823,0,True,
8,1,000008,1790183085.0474222,21814.9310091,14.71549800000139,candidate-measurement,002A47,valid,10823,0,True,
8,1,000008,1790183085.2394369,21815.1230248,14.907513699999981,candidate-measurement,002A47,valid,10823,0,True,
9,1,000009,1790183088.1647758,21818.0483626,0.20242049999797018,candidate-warmup,002A12,valid,10770,-53,True,
9,1,000009,1790183088.356336,21818.2399237,0.39398159999836935,candidate-warmup,002A12,valid,10770,0,True,
9,1,000009,1790183088.5483274,21818.4319151,0.5859730000011041,candidate-warmup,002A12,valid,10770,0,True,
9,1,000009,1790183088.756309,21818.6398974,0.7939552999996522,candidate-warmup,002A12,valid,10770,0,True,
9,1,000009,1790183088.947725,21818.8313121,0.985369999998511,candidate-warmup,002A12,valid,10770,0,True,
9,1,000009,1790183089.1397228,21819.0233111,1.1773690000009083,candidate-warmup,002A12,valid,10770,0,True,
9,1,000009,1790183089.3472867,21819.2308732,1.3849310999976296,candidate-warmup,002A12,valid,10770,0,True,
9,1,000009,1790183089.5392814,21819.4228696,1.576927499998419,candidate-warmup,002A12,valid,10770,0,True,
9,1,000009,1790183089.7312725,21819.6148608,1.768918699999631,candidate-warmup,002A12,valid,10770,0,True,
9,1,000009,1790183089.9386976,21819.8222845,1.9763423999975203,candidate-warmup,002A12,valid,10770,0,True,
9,1,000009,1790183090.130704,21820.0142916,2.1683494999997492,candidate-warmup,002A12,valid,10770,0,True,
9,1,000009,1790183090.322265,21820.2058532,2.3599111000003177,candidate-warmup,002A12,valid,10770,0,True,
9,1,000009,1790183090.5142565,21820.3978442,2.5519021000000066,candidate-warmup,002A12,valid,10770,0,True,
9,1,000009,1790183090.7222545,21820.605843,2.7599009000005026,candidate-warmup,002A12,valid,10770,0,True,
9,1,000009,1790183090.9142468,21820.7978362,2.9518940999987535,candidate-warmup,002A12,valid,10770,0,True,
9,1,000009,1790183091.10624,21820.9898278,3.143885699999373,candidate-warmup,002A12,valid,10770,0,True,
9,1,000009,1790183091.3136468,21821.197235,3.3512928999989526,candidate-warmup,002A12,valid,10770,0,True,
9,1,000009,1790183091.5056274,21821.3892161,3.5432739999996556,candidate-warmup,002A12,valid,10770,0,True,
9,1,000009,1790183091.6972213,21821.5808097,3.7348676000001433,candidate-warmup,002A12,valid,10770,0,True,
9,1,000009,1790183091.9052143,21821.788803,3.9428608999987773,candidate-warmup,002A12,valid,10770,0,True,
9,1,000009,1790183092.0972118,21821.9807981,4.134856000000582,candidate-warmup,002A12,valid,10770,0,True,
9,1,000009,1790183092.2886126,21822.172201,4.326258900000539,candidate-warmup,002A12,valid,10770,0,True,
9,1,000009,1790183092.480612,21822.3641995,4.518257399999129,candidate-warmup,002A12,valid,10770,0,True,
9,1,000009,1790183092.6885927,21822.5721816,4.726239499999792,candidate-warmup,002A12,valid,10770,0,True,
9,1,000009,1790183092.8801715,21822.7637611,4.917818999998417,candidate-warmup,002A12,valid,10770,0,True,
9,1,000009,1790183093.0721703,21822.9557576,5.109815499999968,candidate-warmup,002A12,valid,10770,0,True,
9,1,000009,1790183093.2801707,21823.1637589,5.317816799997672,candidate-warmup,002A12,valid,10770,0,True,
9,1,000009,1790183093.471579,21823.3551669,5.509224800000084,candidate-warmup,002A12,valid,10770,0,True,
9,1,000009,1790183093.6635654,21823.5471547,5.701212600000872,candidate-warmup,002A12,valid,10770,0,True,
9,1,000009,1790183093.8711276,21823.754718,5.908775899999455,candidate-warmup,002A12,valid,10770,0,True,
9,1,000009,1790183094.0631425,21823.9467302,6.1007881000005,candidate-warmup,002A12,valid,10770,0,True,
9,1,000009,1790183094.2551403,21824.1387284,6.292786300000444,candidate-warmup,002A12,valid,10770,0,True,
9,1,000009,1790183094.4465616,21824.3301481,6.484206000000995,candidate-warmup,002A12,valid,10770,0,True,
9,1,000009,1790183094.6545315,21824.5381197,6.692177599998104,candidate-warmup,002A12,valid,10770,0,True,
9,1,000009,1790183094.8465312,21824.7301195,6.8841773999993165,candidate-warmup,002A12,valid,10770,0,True,
9,1,000009,1790183095.038123,21824.9217089,7.075766800000565,candidate-measurement,002A12,valid,10770,0,True,
9,1,000009,1790183095.2461066,21825.1296932,7.28375109999979,candidate-measurement,002A12,valid,10770,0,True,
9,1,000009,1790183095.4375129,21825.3211015,7.475159400000848,candidate-measurement,002A12,valid,10770,0,True,
9,1,000009,1790183095.6295135,21825.5131016,7.667159500000707,candidate-measurement,002A12,valid,10770,0,True,
9,1,000009,1790183095.8375092,21825.7210968,7.875154699999257,candidate-measurement,002A12,valid,10770,0,True,
9,1,000009,1790183096.0291061,21825.9126936,8.066751499998645,candidate-measurement,002A12,valid,10770,0,True,
9,1,000009,1790183096.2210689,21826.1046572,8.2587151000007,candidate-measurement,002A12,valid,10770,0,True,
9,1,000009,1790183096.4130733,21826.2966614,8.450719299999037,candidate-measurement,002A12,valid,10770,0,True,
9,1,000009,1790183096.6204844,21826.5040714,8.658129299998109,candidate-measurement,002A12,valid,10770,0,True,
9,1,000009,1790183096.812469,21826.696057,8.850114900000335,candidate-measurement,002A12,valid,10770,0,True,
9,1,000009,1790183097.0044708,21826.888059,9.04211690000011,candidate-measurement,002A11,valid,10769,-1,True,
9,1,000009,1790183097.21203,21827.0956182,9.249676100000215,candidate-measurement,002A11,valid,10769,0,True,
9,1,000009,1790183097.4040208,21827.2876096,9.441667499999312,candidate-measurement,002A11,valid,10769,0,True,
9,1,000009,1790183097.5960207,21827.4796087,9.633666599998833,candidate-measurement,002A11,valid,10769,0,True,
9,1,000009,1790183097.80343,21827.6870202,9.841078099998413,candidate-measurement,002A11,valid,10769,0,True,
9,1,000009,1790183097.9954374,21827.8790256,10.033083499998611,candidate-measurement,002A11,valid,10769,0,True,
9,1,000009,1790183098.1870022,21828.0705902,10.224648100000195,candidate-measurement,002A11,valid,10769,0,True,
9,1,000009,1790183098.378995,21828.2625832,10.416641100000561,candidate-measurement,002A11,valid,10769,0,True,
9,1,000009,1790183098.5870087,21828.4705951,10.624652999998943,candidate-measurement,002A11,valid,10769,0,True,
9,1,000009,1790183098.7784119,21828.6619996,10.81605750000017,candidate-measurement,002A11,valid,10769,0,True,
9,1,000009,1790183098.9699848,21828.8535729,11.007630799998879,candidate-measurement,002A11,valid,10769,0,True,
9,1,000009,1790183099.177968,21829.0615562,11.215614099997765,candidate-measurement,002A11,valid,10769,0,True,
9,1,000009,1790183099.3700023,21829.2535885,11.407646399999066,candidate-measurement,002A11,valid,10769,0,True,
9,1,000009,1790183099.561413,21829.4450002,11.599058100000548,candidate-measurement,002A11,valid,10769,0,True,
9,1,000009,1790183099.7694027,21829.6529883,11.807046199999604,candidate-measurement,002A11,valid,10769,0,True,
9,1,000009,1790183099.9609938,21829.8445794,11.998637299999245,candidate-measurement,002A11,valid,10769,0,True,
9,1,000009,1790183100.15299,21830.0365753,12.190633199999866,candidate-measurement,002A11,valid,10769,0,True,
9,1,000009,1790183100.3449402,21830.2285277,12.382585600000311,candidate-measurement,002A11,valid,10769,0,True,
9,1,000009,1790183100.5523777,21830.4359645,12.590022399999725,candidate-measurement,002A11,valid,10769,0,True,
9,1,000009,1790183100.7443473,21830.6279352,12.781993099997635,candidate-measurement,002A11,valid,10769,0,True,
9,1,000009,1790183100.9359226,21830.8195109,12.973568800000066,candidate-measurement,002A11,valid,10769,0,True,
9,1,000009,1790183101.1439407,21831.0275266,13.18158449999828,candidate-measurement,002A11,valid,10769,0,True,
9,1,000009,1790183101.335904,21831.2194921,13.37355000000025,candidate-measurement,002A11,valid,10769,0,True,
9,1,000009,1790183101.5273151,21831.4109033,13.564961199997924,candidate-measurement,002A11,valid,10769,0,True,
9,1,000009,1790183101.7353046,21831.6188926,13.772950499998842,candidate-measurement,002A11,valid,10769,0,True,
9,1,000009,1790183101.9273176,21831.8109055,13.964963399997941,candidate-measurement,002A11,valid,10769,0,True,
9,1,000009,1790183102.1188755,21832.0024632,14.156521099997917,candidate-measurement,002A11,valid,10769,0,True,
9,1,000009,1790183102.3108828,21832.194471,14.3485288999982,candidate-measurement,002A11,valid,10769,0,True,
9,1,000009,1790183102.5188665,21832.4024541,14.556511999999202,candidate-measurement,002A11,valid,10769,0,True,
9,1,000009,1790183102.7108736,21832.5944614,14.748519299999316,candidate-measurement,002A11,valid,10769,0,True,
9,1,000009,1790183102.9022708,21832.7858582,14.939916100000119,candidate-measurement,002A0F,valid,10767,-2,True,
10,1,00000A,1790183105.7791893,21835.6627773,0.20141080000030342,candidate-warmup,0029E5,valid,10725,-42,True,
10,1,00000A,1790183105.971386,21835.8549732,0.39360669999950915,candidate-warmup,0029E5,valid,10725,0,True,
10,1,00000A,1790183106.1627467,21836.0463342,0.5849677000005613,candidate-warmup,0029E5,valid,10725,0,True,
10,1,00000A,1790183106.3547459,21836.2383335,0.7769670000016049,candidate-warmup,0029E5,valid,10725,0,True,
10,1,00000A,1790183106.5461626,21836.4297491,0.9683826000000408,candidate-warmup,0029E5,valid,10725,0,True,
10,1,00000A,1790183106.7381508,21836.6217393,1.1603728000009141,candidate-warmup,0029E5,valid,10725,0,True,
10,1,00000A,1790183106.9301515,21836.8137401,1.3523735999988276,candidate-warmup,0029E5,valid,10725,0,True,
10,1,00000A,1790183107.137744,21837.0213318,1.5599652999990212,candidate-warmup,0029E5,valid,10725,0,True,
10,1,00000A,1790183107.3297036,21837.2132931,1.7519266000017524,candidate-warmup,0029E5,valid,10725,0,True,
10,1,00000A,1790183107.5211291,21837.4047176,1.9433510999988357,candidate-warmup,0029E5,valid,10725,0,True,
10,1,00000A,1790183107.7131257,21837.5967138,2.1353473000017402,candidate-warmup,0029E5,valid,10725,0,True,
10,1,00000A,1790183107.9051402,21837.7887282,2.3273617000013473,candidate-warmup,0029E5,valid,10725,0,True,
10,1,00000A,1790183108.0966997,21837.9802877,2.5189212000004773,candidate-warmup,0029E5,valid,10725,0,True,
10,1,00000A,1790183108.2886825,21838.1722705,2.710903999999573,candidate-warmup,0029E5,valid,10725,0,True,
10,1,00000A,1790183108.4806795,21838.3642677,2.902901199999178,candidate-warmup,0029E5,valid,10725,0,True,
10,1,00000A,1790183108.6720934,21838.5556819,3.0943154000015056,candidate-warmup,0029E5,valid,10725,0,True,
10,1,00000A,1790183108.8640854,21838.7476759,3.286309399998572,candidate-warmup,0029E5,valid,10725,0,True,
10,1,00000A,1790183109.055649,21838.9392381,3.4778716000000713,candidate-warmup,0029E5,valid,10725,0,True,
10,1,00000A,1790183109.2476563,21839.1312444,3.6698778999998467,candidate-warmup,0029E5,valid,10725,0,True,
10,1,00000A,1790183109.439643,21839.3232311,3.861864599999535,candidate-warmup,0029E5,valid,10725,0,True,
10,1,00000A,1790183109.6476316,21839.5312206,4.069854100001976,candidate-warmup,0029E5,valid,10725,0,True,
10,1,00000A,1790183109.8396225,21839.7232137,4.261847199999465,candidate-warmup,0029E5,valid,10725,0,True,
10,1,00000A,1790183110.03105,21839.914638,4.453271499998664,candidate-warmup,0029E5,valid,10725,0,True,
10,1,00000A,1790183110.2386181,21840.1222058,4.66083929999877,candidate-warmup,0029E5,valid,10725,0,True,
10,1,00000A,1790183110.4306066,21840.3141949,4.852828399998543,candidate-warmup,0029E5,valid,10725,0,True,
10,1,00000A,1790183110.6225963,21840.5061873,5.044820800001617,candidate-warmup,0029E5,valid,10725,0,True,
10,1,00000A,1790183110.814017,21840.6976077,5.236241200000222,candidate-warmup,0029E5,valid,10725,0,True,
10,1,00000A,1790183111.0220122,21840.9056014,5.444234900001902,candidate-warmup,0029E5,valid,10725,0,True,
10,1,00000A,1790183111.2135842,21841.0971723,5.635805800000526,candidate-warmup,0029E5,valid,10725,0,True,
10,1,00000A,1790183111.4055796,21841.2891676,5.827801100000215,candidate-warmup,0029E5,valid,10725,0,True,
10,1,00000A,1790183111.6130028,21841.4965914,6.035224899998866,candidate-warmup,0029E5,valid,10725,0,True,
10,1,00000A,1790183111.8050025,21841.6885913,6.22722480000084,candidate-warmup,0029E5,valid,10725,0,True,
10,1,00000A,1790183111.9969935,21841.8805819,6.4192154000011215,candidate-warmup,0029E5,valid,10725,0,True,
10,1,00000A,1790183112.2045496,21842.0881377,6.626771200000803,candidate-warmup,0029E5,valid,10725,0,True,
10,1,00000A,1790183112.3965786,21842.2801675,6.818801000001258,candidate-warmup,0029E5,valid,10725,0,True,
10,1,00000A,1790183112.588542,21842.4721305,7.010763999998744,candidate-measurement,0029E5,valid,10725,0,True,
10,1,00000A,1790183112.779951,21842.6635404,7.202173900001071,candidate-measurement,0029E5,valid,10725,0,True,
10,1,00000A,1790183112.987962,21842.87155,7.41018350000013,candidate-measurement,0029E5,valid,10725,0,True,
10,1,00000A,1790183113.1795266,21843.0631146,7.601748100001714,candidate-measurement,0029E5,valid,10725,0,True,
10,1,00000A,1790183113.3715408,21843.2551296,7.793763099998614,candidate-measurement,0029E5,valid,10725,0,True,
10,1,00000A,1790183113.5795367,21843.4631253,8.001758800000971,candidate-measurement,0029E5,valid,10725,0,True,
10,1,00000A,1790183113.7709358,21843.6545243,8.193157800000336,candidate-measurement,0029E5,valid,10725,0,True,
10,1,00000A,1790183113.962914,21843.8465037,8.385137199999008,candidate-measurement,0029E5,valid,10725,0,True,
10,1,00000A,1790183114.170911,21844.054499,8.593132500001957,candidate-measurement,0029E5,valid,10725,0,True,
10,1,00000A,1790183114.3624797,21844.2460682,8.78470169999855,candidate-measurement,0029E5,valid,10725,0,True,
10,1,00000A,1790183114.5544767,21844.4380653,8.976698800001031,candidate-measurement,0029E5,valid,10725,0,True,
10,1,00000A,1790183114.7464957,21844.6300836,9.168717100001231,candidate-measurement,0029E5,valid,10725,0,True,
10,1,00000A,1790183114.9538956,21844.8374836,9.376117100000556,candidate-measurement,0029E5,valid,10725,0,True,
10,1,00000A,1790183115.1458776,21845.029466,9.568099500000244,candidate-measurement,0029E5,valid,10725,0,True,
10,1,00000A,1790183115.3379526,21845.2214538,9.760087300001032,candidate-measurement,0029E5,valid,10725,0,True,
10,1,00000A,1790183115.5454557,21845.4290441,9.96767760000148,candidate-measurement,0029E5,valid,10725,0,True,
10,1,00000A,1790183115.7374418,21845.6210302,10.159663700000237,candidate-measurement,0029E5,valid,10725,0,True,
10,1,00000A,1790183115.9294548,21845.8130425,10.351676000002044,candidate-measurement,0029E5,valid,10725,0,True,
10,1,00000A,1790183116.1368413,21846.0204294,10.559062899999844,candidate-measurement,0029E5,valid,10725,0,True,
10,1,00000A,1790183116.3288374,21846.2124266,10.75106009999945,candidate-measurement,0029E5,valid,10725,0,True,
10,1,00000A,1790183116.5204306,21846.4040188,10.94265230000019,candidate-measurement,0029E5,valid,10725,0,True,
10,1,00000A,1790183116.712412,21846.5960007,11.13463419999971,candidate-measurement,0029E5,valid,10725,0,True,
10,1,00000A,1790183116.9204416,21846.8040266,11.342660099999193,candidate-measurement,0029E4,valid,10724,-1,True,
10,1,00000A,1790183117.1118166,21846.9954051,11.534038599998894,candidate-measurement,0029E3,valid,10723,-1,True,
10,1,00000A,1790183117.3038096,21847.1873982,11.726031700000021,candidate-measurement,0029E2,valid,10722,-1,True,
10,1,00000A,1790183117.511384,21847.3949727,11.933606200000213,candidate-measurement,0029E2,valid,10722,0,True,
10,1,00000A,1790183117.7033834,21847.586972,12.125605500001257,candidate-measurement,0029E2,valid,10722,0,True,
10,1,00000A,1790183117.8953946,21847.7789842,12.317617699998664,candidate-measurement,0029E2,valid,10722,0,True,
10,1,00000A,1790183118.1027863,21847.9863745,12.525008000000525,candidate-measurement,0029E1,valid,10721,-1,True,
10,1,00000A,1790183118.2947805,21848.1783687,12.717002199999115,candidate-measurement,0029E1,valid,10721,0,True,
10,1,00000A,1790183118.4863522,21848.3699404,12.908573900000192,candidate-measurement,0029E1,valid,10721,0,True,
10,1,00000A,1790183118.678349,21848.5619389,13.100572399998782,candidate-measurement,0029E1,valid,10721,0,True,
10,1,00000A,1790183118.8863478,21848.7699355,13.308569000000716,candidate-measurement,0029E1,valid,10721,0,True,
10,1,00000A,1790183119.0777483,21848.9613363,13.499969799999235,candidate-measurement,0029E1,valid,10721,0,True,
10,1,00000A,1790183119.269763,21849.1533511,13.691984600001888,candidate-measurement,0029E1,valid,10721,0,True,
10,1,00000A,1790183119.4781685,21849.3617513,13.900384799999301,candidate-measurement,0029E1,valid,10721,0,True,
10,1,00000A,1790183119.669742,21849.5533301,14.091963599999872,candidate-measurement,0029E1,valid,10721,0,True,
10,1,00000A,1790183119.8613195,21849.7449091,14.283542600001965,candidate-measurement,0029E1,valid,10721,0,True,
10,1,00000A,1790183120.0692992,21849.9528855,14.491518999999244,candidate-measurement,0029E1,valid,10721,0,True,
10,1,00000A,1790183120.2612994,21850.1448875,14.683520999999018,candidate-measurement,0029E1,valid,10721,0,True,
10,1,00000A,1790183120.4527087,21850.336298,14.874931499998638,candidate-measurement,0029E1,valid,10721,0,True,
11,1,00000B,1790183123.394201,21853.2777895,0.20256199999857927,candidate-warmup,0029A8,valid,10664,-57,True,
11,1,00000B,1790183123.5856347,21853.4692229,0.39399539999794797,candidate-warmup,0029A8,valid,10664,0,True,
11,1,00000B,1790183123.7776296,21853.6612178,0.5859902999982296,candidate-warmup,0029A8,valid,10664,0,True,
11,1,00000B,1790183123.9696128,21853.8532007,0.7779731999980868,candidate-warmup,0029A8,valid,10664,0,True,
11,1,00000B,1790183124.1611767,21854.0447647,0.9695371999987401,candidate-warmup,0029A8,valid,10664,0,True,
11,1,00000B,1790183124.353172,21854.2367601,1.161532599999191,candidate-warmup,0029A8,valid,10664,0,True,
11,1,00000B,1790183124.5451608,21854.4287489,1.353521400000318,candidate-warmup,0029A8,valid,10664,0,True,
11,1,00000B,1790183124.7365654,21854.6201533,1.544925799997145,candidate-warmup,0029A8,valid,10664,0,True,
11,1,00000B,1790183124.9285715,21854.8121594,1.7369318999990355,candidate-warmup,0029A8,valid,10664,0,True,
11,1,00000B,1790183125.1201444,21855.0037328,1.9285052999985055,candidate-warmup,0029A8,valid,10664,0,True,
11,1,00000B,1790183125.3281355,21855.2117221,2.1364945999994234,candidate-warmup,0029A8,valid,10664,0,True,
11,1,00000B,1790183125.5361207,21855.4197085,2.344481000000087,candidate-warmup,0029A8,valid,10664,0,True,
11,1,00000B,1790183125.7275412,21855.6111298,2.53590229999827,candidate-warmup,0029A8,valid,10664,0,True,
11,1,00000B,1790183125.9195626,21855.8031505,2.7279229999985546,candidate-warmup,0029A8,valid,10664,0,True,
11,1,00000B,1790183126.1111126,21855.9947006,2.919473099998868,candidate-warmup,0029A8,valid,10664,0,True,
11,1,00000B,1790183126.303105,21856.1866943,3.111466799997288,candidate-warmup,0029A8,valid,10664,0,True,
11,1,00000B,1790183126.495088,21856.3786779,3.3034503999988374,candidate-warmup,0029A8,valid,10664,0,True,
11,1,00000B,1790183126.7025206,21856.586109,3.5108814999985043,candidate-warmup,0029A8,valid,10664,0,True,
11,1,00000B,1790183126.8945303,21856.7781184,3.7028909000000567,candidate-warmup,0029A8,valid,10664,0,True,
11,1,00000B,1790183127.086079,21856.9696662,3.8944386999974085,candidate-warmup,0029A8,valid,10664,0,True,
11,1,00000B,1790183127.2940724,21857.1776608,4.1024332999986655,candidate-warmup,0029A8,valid,10664,0,True,
11,1,00000B,1790183127.501486,21857.3850744,4.309846899999684,candidate-warmup,0029A8,valid,10664,0,True,
11,1,00000B,1790183127.6934843,21857.577071,4.501843499998358,candidate-warmup,0029A8,valid,10664,0,True,
11,1,00000B,1790183127.8854685,21857.7690568,4.69382929999847,candidate-warmup,0029A8,valid,10664,0,True,
11,1,00000B,1790183128.0770535,21857.9606396,4.885412100000394,candidate-warmup,0029A8,valid,10664,0,True,
11,1,00000B,1790183128.2690465,21858.1526349,5.077407400000084,candidate-warmup,0029A8,valid,10664,0,True,
11,1,00000B,1790183128.4610407,21858.3446285,5.2694009999977425,candidate-warmup,0029A8,valid,10664,0,True,
11,1,00000B,1790183128.668467,21858.552055,5.4768274999987625,candidate-warmup,0029A8,valid,10664,0,True,
11,1,00000B,1790183128.8604581,21858.7440461,5.668818599999213,candidate-warmup,0029A8,valid,10664,0,True,
11,1,00000B,1790183129.0520563,21858.9356425,5.860414999999193,candidate-warmup,0029A8,valid,10664,0,True,
11,1,00000B,1790183129.2600117,21859.1435995,6.0683719999979076,candidate-warmup,0029A8,valid,10664,0,True,
11,1,00000B,1790183129.468016,21859.3516041,6.276376599998912,candidate-warmup,0029A8,valid,10664,0,True,
11,1,00000B,1790183129.6594155,21859.5430034,6.467775899996923,candidate-warmup,0029A8,valid,10664,0,True,
11,1,00000B,1790183129.8514802,21859.7350648,6.659837299997889,candidate-warmup,0029A8,valid,10664,0,True,
11,1,00000B,1790183130.0429842,21859.9265724,6.851344899998367,candidate-warmup,0029A8,valid,10664,0,True,
11,1,00000B,1790183130.2349741,21860.1185622,7.043334699999832,candidate-measurement,0029A8,valid,10664,0,True,
11,1,00000B,1790183130.4269917,21860.3105794,7.235351899998932,candidate-measurement,0029A8,valid,10664,0,True,
11,1,00000B,1790183130.6343937,21860.5179815,7.442753999999695,candidate-measurement,0029A8,valid,10664,0,True,
11,1,00000B,1790183130.826404,21860.7099925,7.634764999998879,candidate-measurement,0029A8,valid,10664,0,True,
11,1,00000B,1790183131.0183952,21860.9019837,7.826756200000091,candidate-measurement,0029A8,valid,10664,0,True,
11,1,00000B,1790183131.225947,21861.109535,8.03430749999825,candidate-measurement,0029A8,valid,10664,0,True,
11,1,00000B,1790183131.4179492,21861.3015377,8.226310199999716,candidate-measurement,0029A8,valid,10664,0,True,
11,1,00000B,1790183131.6099331,21861.4935212,8.418293699996866,candidate-measurement,0029A7,valid,10663,-1,True,
11,1,00000B,1790183131.8019269,21861.6855153,8.610287799998332,candidate-measurement,0029A7,valid,10663,0,True,
11,1,00000B,1790183132.0093765,21861.8929639,8.817736400000285,candidate-measurement,0029A7,valid,10663,0,True,
11,1,00000B,1790183132.2009428,21862.0845295,9.00930199999857,candidate-measurement,0029A7,valid,10663,0,True,
11,1,00000B,1790183132.3929014,21862.2764897,9.201262200000201,candidate-measurement,0029A7,valid,10663,0,True,
11,1,00000B,1790183132.6009047,21862.4844933,9.409265799997229,candidate-measurement,0029A7,valid,10663,0,True,
11,1,00000B,1790183132.7923555,21862.6759435,9.600715999997192,candidate-measurement,0029A7,valid,10663,0,True,
11,1,00000B,1790183132.984308,21862.8678961,9.79266859999916,candidate-measurement,0029A7,valid,10663,0,True,
11,1,00000B,1790183133.1918743,21863.0754625,10.00023499999952,candidate-measurement,0029A7,valid,10663,0,True,
11,1,00000B,1790183133.3838668,21863.2674556,10.19222809999701,candidate-measurement,0029A7,valid,10663,0,True,
11,1,00000B,1790183133.575871,21863.4594593,10.384231799998815,candidate-measurement,0029A7,valid,10663,0,True,
11,1,00000B,1790183133.7672808,21863.6508694,10.575641899999027,candidate-measurement,0029A7,valid,10663,0,True,
11,1,00000B,1790183133.9752822,21863.8588696,10.78364209999927,candidate-measurement,0029A7,valid,10663,0,True,
11,1,00000B,1790183134.166853,21864.0504413,10.975213800000347,candidate-measurement,0029A7,valid,10663,0,True,
11,1,00000B,1790183134.3588402,21864.2424284,11.167200899999443,candidate-measurement,0029A6,valid,10662,-1,True,
11,1,00000B,1790183134.566855,21864.4504437,11.375216199998249,candidate-measurement,0029A6,valid,10662,0,True,
11,1,00000B,1790183134.7585661,21864.642152,11.566924499999004,candidate-measurement,0029A6,valid,10662,0,True,
11,1,00000B,1790183134.9502444,21864.8338321,11.758604599999671,candidate-measurement,0029A6,valid,10662,0,True,
11,1,00000B,1790183135.157838,21865.0414259,11.966198399997666,candidate-measurement,0029A6,valid,10662,0,True,
11,1,00000B,1790183135.3498502,21865.2334375,12.15820999999778,candidate-measurement,0029A6,valid,10662,0,True,
11,1,00000B,1790183135.541819,21865.4254075,12.350179999997636,candidate-measurement,0029A6,valid,10662,0,True,
11,1,00000B,1790183135.7332609,21865.616849,12.541621499996836,candidate-measurement,0029A6,valid,10662,0,True,
11,1,00000B,1790183135.9412396,21865.8248276,12.749600099999952,candidate-measurement,0029A6,valid,10662,0,True,
11,1,00000B,1790183136.1332033,21866.0167917,12.941564199998538,candidate-measurement,0029A6,valid,10662,0,True,
11,1,00000B,1790183136.3247993,21866.2083882,13.13316069999928,candidate-measurement,0029A6,valid,10662,0,True,
11,1,00000B,1790183136.5327938,21866.4163819,13.341154399997322,candidate-measurement,0029A6,valid,10662,0,True,
11,1,00000B,1790183136.7247694,21866.6083568,13.533129299998109,candidate-measurement,0029A6,valid,10662,0,True,
11,1,00000B,1790183136.9167676,21866.8003554,13.72512789999746,candidate-measurement,0029A6,valid,10662,0,True,
11,1,00000B,1790183137.124181,21867.0077674,13.93253989999721,candidate-measurement,0029A6,valid,10662,0,True,
11,1,00000B,1790183137.3157725,21867.1993613,14.124133799999981,candidate-measurement,0029A6,valid,10662,0,True,
11,1,00000B,1790183137.507768,21867.391356,14.31612849999874,candidate-measurement,0029A6,valid,10662,0,True,
11,1,00000B,1790183137.699757,21867.5833452,14.508117699999275,candidate-measurement,0029A6,valid,10662,0,True,
11,1,00000B,1790183137.907751,21867.7913391,14.71611159999884,candidate-measurement,0029A6,valid,10662,0,True,
11,1,00000B,1790183138.099144,21867.9827318,14.907504299997527,candidate-measurement,0029A6,valid,10662,0,True,
12,1,00000C,1790183141.0086687,21870.8922568,0.20202010000139126,candidate-warmup,002981,valid,10625,-37,True,
12,1,00000C,1790183141.2000504,21871.0836388,0.39340209999863873,candidate-warmup,002981,valid,10625,0,True,
12,1,00000C,1790183141.3916166,21871.2752047,0.5849679999992077,candidate-warmup,002981,valid,10625,0,True,
12,1,00000C,1790183141.5836363,21871.4672232,0.7769865000009304,candidate-warmup,002981,valid,10625,0,True,
12,1,00000C,1790183141.7916698,21871.6752572,0.9850205000002461,candidate-warmup,002981,valid,10625,0,True,
12,1,00000C,1790183141.9835992,21871.8671832,1.176946499999758,candidate-warmup,002981,valid,10625,0,True,
12,1,00000C,1790183142.1750162,21872.0586041,1.368367399998533,candidate-warmup,002981,valid,10625,0,True,
12,1,00000C,1790183142.3830419,21872.2666218,1.5763851000010618,candidate-warmup,002981,valid,10625,0,True,
12,1,00000C,1790183142.574598,21872.4581864,1.7679496999990079,candidate-warmup,002981,valid,10625,0,True,
12,1,00000C,1790183142.7665846,21872.6501726,1.959935899998527,candidate-warmup,002981,valid,10625,0,True,
12,1,00000C,1790183142.958599,21872.8421867,2.1519499999994878,candidate-warmup,002981,valid,10625,0,True,
12,1,00000C,1790183143.166583,21873.0501712,2.359934500000236,candidate-warmup,002981,valid,10625,0,True,
12,1,00000C,1790183143.3579895,21873.2415773,2.5513405999990937,candidate-warmup,002981,valid,10625,0,True,
12,1,00000C,1790183143.5499778,21873.4335659,2.7433291999986977,candidate-warmup,002981,valid,10625,0,True,
12,1,00000C,1790183143.7575877,21873.6411749,2.950938199999655,candidate-warmup,002981,valid,10625,0,True,
12,1,00000C,1790183143.9495924,21873.8331787,3.142941999998584,candidate-warmup,002981,valid,10625,0,True,
12,1,00000C,1790183144.1415293,21874.0251175,3.334880800000974,candidate-warmup,002981,valid,10625,0,True,
12,1,00000C,1790183144.349519,21874.233107,3.5428702999997768,candidate-warmup,002981,valid,10625,0,True,
12,1,00000C,1790183144.5569234,21874.4405116,3.7502749000013864,candidate-warmup,002981,valid,10625,0,True,
12,1,00000C,1790183144.7489364,21874.6325244,3.9422876999997243,candidate-warmup,002981,valid,10625,0,True,
12,1,00000C,1790183144.9405375,21874.8241248,4.133888100001059,candidate-warmup,002981,valid,10625,0,True,
12,1,00000C,1790183145.1324859,21875.0160737,4.32583700000032,candidate-warmup,002981,valid,10625,0,True,
12,1,00000C,1790183145.3244936,21875.2080831,4.517846399998234,candidate-warmup,002981,valid,10625,0,True,
12,1,00000C,1790183145.5164769,21875.4000681,4.70983139999953,candidate-warmup,002981,valid,10625,0,True,
12,1,00000C,1790183145.7238958,21875.6074842,4.917247500001395,candidate-warmup,002981,valid,10625,0,True,
12,1,00000C,1790183145.9154782,21875.7990651,5.108828399999766,candidate-warmup,002981,valid,10625,0,True,
12,1,00000C,1790183146.1074603,21875.9910485,5.300811799999792,candidate-warmup,002981,valid,10625,0,True,
12,1,00000C,1790183146.3148847,21876.1984725,5.508235799999966,candidate-warmup,002981,valid,10625,0,True,
12,1,00000C,1790183146.506871,21876.3904597,5.7002229999998235,candidate-warmup,002981,valid,10625,0,True,
12,1,00000C,1790183146.6988854,21876.5824727,5.892235999999684,candidate-warmup,002981,valid,10625,0,True,
12,1,00000C,1790183146.890469,21876.7740548,6.083818099999917,candidate-warmup,002981,valid,10625,0,True,
12,1,00000C,1790183147.0984325,21876.9820209,6.291784199998801,candidate-warmup,002981,valid,10625,0,True,
12,1,00000C,1790183147.2904348,21877.1740231,6.483786400000099,candidate-warmup,002981,valid,10625,0,True,
12,1,00000C,1790183147.4818387,21877.3654284,6.675191700000141,candidate-warmup,002981,valid,10625,0,True,
12,1,00000C,1790183147.6898255,21877.5734107,6.883173999998689,candidate-warmup,002981,valid,10625,0,True,
12,1,00000C,1790183147.8814144,21877.7650023,7.0747655999985,candidate-measurement,002981,valid,10625,0,True,
12,1,00000C,1790183148.0733998,21877.9569869,7.266750200000388,candidate-measurement,002981,valid,10625,0,True,
12,1,00000C,1790183148.2808185,21878.1644066,7.474169900000561,candidate-measurement,002981,valid,10625,0,True,
12,1,00000C,1790183148.472813,21878.3564008,7.6661640999991505,candidate-measurement,002981,valid,10625,0,True,
12,1,00000C,1790183148.6648278,21878.5484162,7.858179499999096,candidate-measurement,002981,valid,10625,0,True,
12,1,00000C,1790183148.8564126,21878.74,8.04976330000136,candidate-measurement,002981,valid,10625,0,True,
12,1,00000C,1790183149.0643828,21878.9479699,8.257733200000075,candidate-measurement,002981,valid,10625,0,True,
12,1,00000C,1790183149.2563672,21879.1399554,8.44971870000154,candidate-measurement,002981,valid,10625,0,True,
12,1,00000C,1790183149.4483526,21879.3319431,8.641706400001567,candidate-measurement,002981,valid,10625,0,True,
12,1,00000C,1790183149.6557856,21879.5393737,8.849137000001065,candidate-measurement,002981,valid,10625,0,True,
12,1,00000C,1790183149.8477569,21879.7313451,9.041108400000667,candidate-measurement,002981,valid,10625,0,True,
12,1,00000C,1790183150.0393333,21879.922922,9.232685300001322,candidate-measurement,002981,valid,10625,0,True,
12,1,00000C,1790183150.2473502,21880.1309391,9.440702399999282,candidate-measurement,002981,valid,10625,0,True,
12,1,00000C,1790183150.439344,21880.322933,9.632696299999225,candidate-measurement,002981,valid,10625,0,True,
12,1,00000C,1790183150.631329,21880.5149167,9.824680000001536,candidate-measurement,002981,valid,10625,0,True,
12,1,00000C,1790183150.8227386,21880.7063268,10.01609009999811,candidate-measurement,002981,valid,10625,0,True,
12,1,00000C,1790183151.030731,21880.9143189,10.22408219999852,candidate-measurement,002981,valid,10625,0,True,
12,1,00000C,1790183151.2223053,21881.1058944,10.415657699999429,candidate-measurement,002981,valid,10625,0,True,
12,1,00000C,1790183151.4143057,21881.2978941,10.60765739999988,candidate-measurement,002981,valid,10625,0,True,
12,1,00000C,1790183151.6223257,21881.5059135,10.815676800000801,candidate-measurement,002981,valid,10625,0,True,
12,1,00000C,1790183151.8142896,21881.6978779,11.007641199998034,candidate-measurement,002981,valid,10625,0,True,
12,1,00000C,1790183152.0062728,21881.8898607,11.199624000000767,candidate-measurement,002981,valid,10625,0,True,
12,1,00000C,1790183152.2137113,21882.0972995,11.407062800000858,candidate-measurement,002981,valid,10625,0,True,
12,1,00000C,1790183152.4057038,21882.2892923,11.599055599999701,candidate-measurement,002981,valid,10625,0,True,
12,1,00000C,1790183152.5972528,21882.4808407,11.790603999997984,candidate-measurement,002981,valid,10625,0,True,
12,1,00000C,1790183152.7892745,21882.6728623,11.982625600001484,candidate-measurement,002981,valid,10625,0,True,
12,1,00000C,1790183152.9972568,21882.8808432,12.190606500000285,candidate-measurement,002981,valid,10625,0,True,
12,1,00000C,1790183153.1892276,21883.0728153,12.382578599997942,candidate-measurement,002981,valid,10625,0,True,
12,1,00000C,1790183153.380667,21883.2642573,12.57402060000095,candidate-measurement,002981,valid,10625,0,True,
12,1,00000C,1790183153.5882242,21883.4718124,12.781575699998939,candidate-measurement,002981,valid,10625,0,True,
12,1,00000C,1790183153.7802217,21883.6638099,12.973573200000828,candidate-measurement,002981,valid,10625,0,True,
12,1,00000C,1790183153.9722211,21883.8558092,13.165572499998234,candidate-measurement,002981,valid,10625,0,True,
12,1,00000C,1790183154.1642115,21884.0477995,13.357562799999869,candidate-measurement,002981,valid,10625,0,True,
12,1,00000C,1790183154.3716247,21884.255213,13.564976300000126,candidate-measurement,002981,valid,10625,0,True,
12,1,00000C,1790183154.5636203,21884.4472088,13.756972099999984,candidate-measurement,002981,valid,10625,0,True,
12,1,00000C,1790183154.7551901,21884.6387779,13.948541199999454,candidate-measurement,002981,valid,10625,0,True,
12,1,00000C,1790183154.963185,21884.8467733,14.156536599999527,candidate-measurement,002981,valid,10625,0,True,
12,1,00000C,1790183155.1551676,21885.0387559,14.348519200000737,candidate-measurement,002981,valid,10625,0,True,
12,1,00000C,1790183155.3465774,21885.230167,14.539930300001288,candidate-measurement,002981,valid,10625,0,True,
12,1,00000C,1790183155.554583,21885.4381708,14.747934099999839,candidate-measurement,002981,valid,10625,0,True,
12,1,00000C,1790183155.746573,21885.6301613,14.939924599999358,candidate-measurement,002981,valid,10625,0,True,
13,1,00000D,1790183158.6234841,21888.5070704,0.20239869999932125,candidate-warmup,00295E,valid,10590,-35,True,
13,1,00000D,1790183158.8154955,21888.6990858,0.3944140999992669,candidate-warmup,00295E,valid,10590,0,True,
13,1,00000D,1790183159.0074737,21888.8910618,0.5863901000011538,candidate-warmup,00295E,valid,10590,0,True,
13,1,00000D,1790183159.199037,21889.0826251,0.7779534000001149,candidate-warmup,00295E,valid,10590,0,True,
13,1,00000D,1790183159.391035,21889.2746242,0.9699524999996356,candidate-warmup,00295E,valid,10590,0,True,
13,1,00000D,1790183159.5830796,21889.4666679,1.1619962000004307,candidate-warmup,00295E,valid,10590,0,True,
13,1,00000D,1790183159.7744563,21889.6580442,1.3533725000015693,candidate-warmup,00295E,valid,10590,0,True,
13,1,00000D,1790183159.9664478,21889.8500356,1.545363900000666,candidate-warmup,00295E,valid,10590,0,True,
13,1,00000D,1790183160.1584463,21890.0420348,1.7373631000009482,candidate-warmup,00295E,valid,10590,0,True,
13,1,00000D,1790183160.3500113,21890.2335977,1.9289260000005015,candidate-warmup,00295E,valid,10590,0,True,
13,1,00000D,1790183160.5420108,21890.4255986,2.1209268999991764,candidate-warmup,00295E,valid,10590,0,True,
13,1,00000D,1790183160.7340136,21890.6176014,2.312929700001405,candidate-warmup,00295E,valid,10590,0,True,
13,1,00000D,1790183160.92542,21890.809006,2.504334299999755,candidate-warmup,00295E,valid,10590,0,True,
13,1,00000D,1790183161.117398,21891.0009862,2.696314500000881,candidate-warmup,00295E,valid,10590,0,True,
13,1,00000D,1790183161.309405,21891.1929937,2.8883219999988796,candidate-warmup,00295E,valid,10590,0,True,
13,1,00000D,1790183161.5009642,21891.3845512,3.0798795000009704,candidate-warmup,00295E,valid,10590,0,True,
13,1,00000D,1790183161.692985,21891.5765731,3.2719013999994786,candidate-warmup,00295E,valid,10590,0,True,
13,1,00000D,1790183161.884964,21891.768552,3.4638803000016196,candidate-warmup,00295E,valid,10590,0,True,
13,1,00000D,1790183162.0929582,21891.9765446,3.6718728999985615,candidate-warmup,00295E,valid,10590,0,True,
13,1,00000D,1790183162.300417,21892.1840035,3.8793317999989085,candidate-warmup,00295E,valid,10590,0,True,
13,1,00000D,1790183162.4923494,21892.3759378,4.071266099999775,candidate-warmup,00295E,valid,10590,0,True,
13,1,00000D,1790183162.6843474,21892.5679353,4.263263600001665,candidate-warmup,00295E,valid,10590,0,True,
13,1,00000D,1790183162.8759298,21892.7595188,4.454847100001643,candidate-warmup,00295E,valid,10590,0,True,
13,1,00000D,1790183163.0679214,21892.9515091,4.64683739999964,candidate-warmup,00295E,valid,10590,0,True,
13,1,00000D,1790183163.259906,21893.1434925,4.838820799999667,candidate-warmup,00295E,valid,10590,0,True,
13,1,00000D,1790183163.467324,21893.3509118,5.046240100000432,candidate-warmup,00295E,valid,10590,0,True,
13,1,00000D,1790183163.6593323,21893.5429202,5.238248500001646,candidate-warmup,00295E,valid,10590,0,True,
13,1,00000D,1790183163.8509042,21893.7344921,5.429820400000608,candidate-warmup,00295E,valid,10590,0,True,
13,1,00000D,1790183164.04294,21893.9265252,5.621853500000725,candidate-warmup,00295E,valid,10590,0,True,
13,1,00000D,1790183164.2508962,21894.1344831,5.829811399999016,candidate-warmup,00295E,valid,10590,0,True,
13,1,00000D,1790183164.4428906,21894.3264783,6.021806600001582,candidate-warmup,00295E,valid,10590,0,True,
13,1,00000D,1790183164.634295,21894.517883,6.213211300000694,candidate-warmup,00295E,valid,10590,0,True,
13,1,00000D,1790183164.8418744,21894.7254609,6.420789200001309,candidate-warmup,00295E,valid,10590,0,True,
13,1,00000D,1790183165.0338547,21894.9174423,6.612770600000658,candidate-warmup,00295E,valid,10590,0,True,
13,1,00000D,1790183165.2258465,21895.1094343,6.804762600000686,candidate-warmup,00295E,valid,10590,0,True,
13,1,00000D,1790183165.433259,21895.316847,7.012175299998489,candidate-measurement,00295E,valid,10590,0,True,
13,1,00000D,1790183165.6252513,21895.5088397,7.204168000000209,candidate-measurement,00295E,valid,10590,0,True,
13,1,00000D,1790183165.8168337,21895.7004231,7.395751399999426,candidate-measurement,00295E,valid,10590,0,True,
13,1,00000D,1790183166.0088227,21895.8924114,7.587739700000384,candidate-measurement,00295E,valid,10590,0,True,
13,1,00000D,1790183166.2168138,21896.1004023,7.795730599998933,candidate-measurement,00295E,valid,10590,0,True,
13,1,00000D,1790183166.4082313,21896.2918195,7.987147799998638,candidate-measurement,00295E,valid,10590,0,True,
13,1,00000D,1790183166.6002219,21896.48381,8.179138300001796,candidate-measurement,00295E,valid,10590,0,True,
13,1,00000D,1790183166.8078551,21896.691444,8.386772300000302,candidate-measurement,00295D,valid,10589,-1,True,
13,1,00000D,1790183166.9998016,21896.8833896,8.578717899999901,candidate-measurement,00295D,valid,10589,0,True,
13,1,00000D,1790183167.1917841,21897.0753721,8.77070040000035,candidate-measurement,00295D,valid,10589,0,True,
13,1,00000D,1790183167.3997855,21897.2833739,8.978702200001862,candidate-measurement,00295D,valid,10589,0,True,
13,1,00000D,1790183167.5911968,21897.4747853,9.17011360000106,candidate-measurement,00295D,valid,10589,0,True,
13,1,00000D,1790183167.7832155,21897.666803,9.362131300000328,candidate-measurement,00295D,valid,10589,0,True,
13,1,00000D,1790183167.9907691,21897.8743575,9.569685800001025,candidate-measurement,00295D,valid,10589,0,True,
13,1,00000D,1790183168.1827705,21898.0663581,9.761686400001054,candidate-measurement,00295D,valid,10589,0,True,
13,1,00000D,1790183168.3747754,21898.2583633,9.953691599999729,candidate-measurement,00295D,valid,10589,0,True,
13,1,00000D,1790183168.5667346,21898.4503248,10.145653100000345,candidate-measurement,00295D,valid,10589,0,True,
13,1,00000D,1790183168.774151,21898.65774,10.353068299998995,candidate-measurement,00295D,valid,10589,0,True,
13,1,00000D,1790183168.966158,21898.8497458,10.545074099998601,candidate-measurement,00295D,valid,10589,0,True,
13,1,00000D,1790183169.1577213,21899.0413096,10.73663790000137,candidate-measurement,00295D,valid,10589,0,True,
13,1,00000D,1790183169.3657072,21899.2492954,10.944623700001102,candidate-measurement,00295D,valid,10589,0,True,
13,1,00000D,1790183169.557699,21899.4412872,11.136615499999607,candidate-measurement,00295D,valid,10589,0,True,
13,1,00000D,1790183169.749729,21899.6333172,11.328645500001585,candidate-measurement,00295D,valid,10589,0,True,
13,1,00000D,1790183169.9417055,21899.8252966,11.520624900000257,candidate-measurement,00295D,valid,10589,0,True,
13,1,00000D,1790183170.1491153,21900.0327023,11.728030599999329,candidate-measurement,00295D,valid,10589,0,True,
13,1,00000D,1790183170.3411007,21900.2246891,11.920017399999779,candidate-measurement,00295D,valid,10589,0,True,
13,1,00000D,1790183170.533095,21900.4166834,12.11201169999913,candidate-measurement,00295D,valid,10589,0,True,
13,1,00000D,1790183170.7407084,21900.6242951,12.319623399998818,candidate-measurement,00295D,valid,10589,0,True,
13,1,00000D,1790183170.9326699,21900.8162578,12.511586100001296,candidate-measurement,00295D,valid,10589,0,True,
13,1,00000D,1790183171.1246684,21901.008256,12.70358430000124,candidate-measurement,00295D,valid,10589,0,True,
13,1,00000D,1790183171.332066,21901.2156544,12.910982699999295,candidate-measurement,00295D,valid,10589,0,True,
13,1,00000D,1790183171.5400617,21901.42365,13.11897830000089,candidate-measurement,00295D,valid,10589,0,True,
13,1,00000D,1790183171.7316456,21901.6152335,13.310561800000869,candidate-measurement,00295D,valid,10589,0,True,
13,1,00000D,1790183171.9236357,21901.8072234,13.502551699999458,candidate-measurement,00295D,valid,10589,0,True,
13,1,00000D,1790183172.11568,21901.9992662,13.694594500000676,candidate-measurement,00295D,valid,10589,0,True,
13,1,00000D,1790183172.3070462,21902.1906322,13.885960499999783,candidate-measurement,00295D,valid,10589,0,True,
13,1,00000D,1790183172.4986193,21902.3822079,14.077536199998576,candidate-measurement,00295D,valid,10589,0,True,
13,1,00000D,1790183172.7066102,21902.5901985,14.285526799998479,candidate-measurement,00295D,valid,10589,0,True,
13,1,00000D,1790183172.8985994,21902.7821874,14.477515700000367,candidate-measurement,00295D,valid,10589,0,True,
13,1,00000D,1790183173.0905967,21902.9741834,14.669511700001749,candidate-measurement,00295D,valid,10589,0,True,
13,1,00000D,1790183173.2980042,21903.1815922,14.87692049999896,candidate-measurement,00295D,valid,10589,0,True,
14,1,00000E,1790183176.2395046,21906.1230921,0.2025641000000178,candidate-warmup,002935,valid,10549,-39,True,
14,1,00000E,1790183176.430901,21906.3144894,0.39396140000098967,candidate-warmup,002935,valid,10549,0,True,
14,1,00000E,1790183176.6228971,21906.5064857,0.5859577000010177,candidate-warmup,002935,valid,10549,0,True,
14,1,00000E,1790183176.8144734,21906.6980615,0.7775335000005725,candidate-warmup,002935,valid,10549,0,True,
14,1,00000E,1790183177.006479,21906.8900679,0.9695399000011093,candidate-warmup,002935,valid,10549,0,True,
14,1,00000E,1790183177.1984594,21907.0820482,1.1615202000029967,candidate-warmup,002935,valid,10549,0,True,
14,1,00000E,1790183177.3898873,21907.273475,1.3529470000030415,candidate-warmup,002935,valid,10549,0,True,
14,1,00000E,1790183177.581878,21907.4654662,1.5449382000006153,candidate-warmup,002935,valid,10549,0,True,
14,1,00000E,1790183177.7734423,21907.6570304,1.7365024000027915,candidate-warmup,002935,valid,10549,0,True,
14,1,00000E,1790183177.9654498,21907.8490364,1.9285084000002826,candidate-warmup,002935,valid,10549,0,True,
14,1,00000E,1790183178.15743,21908.0410183,2.120490299999801,candidate-warmup,002935,valid,10549,0,True,
14,1,00000E,1790183178.3488576,21908.2324456,2.3119176000000152,candidate-warmup,002935,valid,10549,0,True,
14,1,00000E,1790183178.556838,21908.4404268,2.5198988000011013,candidate-warmup,002935,valid,10549,0,True,
14,1,00000E,1790183178.7488286,21908.6324178,2.7118898000007903,candidate-warmup,002935,valid,10549,0,True,
14,1,00000E,1790183178.9404035,21908.8239923,2.9034643000013602,candidate-warmup,002935,valid,10549,0,True,
14,1,00000E,1790183179.1323984,21909.0159862,3.0954582000013033,candidate-warmup,002935,valid,10549,0,True,
14,1,00000E,1790183179.3403952,21909.2239828,3.3034547999995993,candidate-warmup,002935,valid,10549,0,True,
14,1,00000E,1790183179.5318036,21909.4153919,3.494863899999473,candidate-warmup,002935,valid,10549,0,True,
14,1,00000E,1790183179.7238052,21909.6073938,3.686865800002124,candidate-warmup,002935,valid,10549,0,True,
14,1,00000E,1790183179.9313817,21909.8149697,3.894441700002062,candidate-warmup,002935,valid,10549,0,True,
14,1,00000E,1790183180.1233997,21910.0069864,4.086458400000993,candidate-warmup,002935,valid,10549,0,True,
14,1,00000E,1790183180.3153815,21910.1989688,4.278440800000681,candidate-warmup,002935,valid,10549,0,True,
14,1,00000E,1790183180.5233529,21910.4069416,4.486413599999651,candidate-warmup,002935,valid,10549,0,True,
14,1,00000E,1790183180.7307794,21910.6143674,4.6938394000026165,candidate-warmup,002935,valid,10549,0,True,
14,1,00000E,1790183180.9227657,21910.8063531,4.885825100001966,candidate-warmup,002935,valid,10549,0,True,
14,1,00000E,1790183181.1143453,21910.9979311,5.077403100000083,candidate-warmup,002935,valid,10549,0,True,
14,1,00000E,1790183181.306337,21911.1899257,5.2693977000017185,candidate-warmup,002935,valid,10549,0,True,
14,1,00000E,1790183181.497751,21911.3813394,5.460811400000239,candidate-warmup,002935,valid,10549,0,True,
14,1,00000E,1790183181.6897576,21911.573343,5.652815000001283,candidate-warmup,002935,valid,10549,0,True,
14,1,00000E,1790183181.8973823,21911.7809703,5.860442299999704,candidate-warmup,002935,valid,10549,0,True,
14,1,00000E,1790183182.0893562,21911.9729414,6.05241340000066,candidate-warmup,002935,valid,10549,0,True,
14,1,00000E,1790183182.281329,21912.1649159,6.244387900002039,candidate-warmup,002935,valid,10549,0,True,
14,1,00000E,1790183182.4893131,21912.3729001,6.4523721000005025,candidate-warmup,002935,valid,10549,0,True,
14,1,00000E,1790183182.680726,21912.5643139,6.643785899999784,candidate-warmup,002935,valid,10549,0,True,
14,1,00000E,1790183182.8727014,21912.7562897,6.835761700000148,candidate-warmup,002935,valid,10549,0,True,
14,1,00000E,1790183183.064707,21912.9482935,7.027765500002715,candidate-measurement,002935,valid,10549,0,True,
14,1,00000E,1790183183.2722886,21913.1558747,7.235346700002992,candidate-measurement,002935,valid,10549,0,True,
14,1,00000E,1790183183.464258,21913.3478464,7.427318400001241,candidate-measurement,002935,valid,10549,0,True,
14,1,00000E,1790183183.6562583,21913.5398463,7.619318299999577,candidate-measurement,002935,valid,10549,0,True,
14,1,00000E,1790183183.863675,21913.7472624,7.826734400001442,candidate-measurement,002935,valid,10549,0,True,
14,1,00000E,1790183184.0556567,21913.9392444,8.018716400001722,candidate-measurement,002935,valid,10549,0,True,
14,1,00000E,1790183184.2476702,21914.1312566,8.210728600002767,candidate-measurement,002935,valid,10549,0,True,
14,1,00000E,1790183184.4552305,21914.3388185,8.418290500001604,candidate-measurement,002935,valid,10549,0,True,
14,1,00000E,1790183184.6472285,21914.5308165,8.610288500000024,candidate-measurement,002935,valid,10549,0,True,
14,1,00000E,1790183184.839228,21914.7228156,8.802287599999545,candidate-measurement,002935,valid,10549,0,True,
14,1,00000E,1790183185.030635,21914.9142229,8.993694900000264,candidate-measurement,002935,valid,10549,0,True,
14,1,00000E,1790183185.2386398,21915.1222255,9.201697500000591,candidate-measurement,002935,valid,10549,0,True,
14,1,00000E,1790183185.4302056,21915.3137931,9.393265099999553,candidate-measurement,002935,valid,10549,0,True,
14,1,00000E,1790183185.6222024,21915.5057899,9.58526189999975,candidate-measurement,002935,valid,10549,0,True,
14,1,00000E,1790183185.8301947,21915.7137823,9.793254300002445,candidate-measurement,002935,valid,10549,0,True,
14,1,00000E,1790183186.021598,21915.9051857,9.984657700002572,candidate-measurement,002935,valid,10549,0,True,
14,1,00000E,1790183186.2135985,21916.0971859,10.176657899999555,candidate-measurement,002935,valid,10549,0,True,
14,1,00000E,1790183186.4215827,21916.3051693,10.38464130000284,candidate-measurement,002935,valid,10549,0,True,
14,1,00000E,1790183186.6291838,21916.5127709,10.59224290000202,candidate-measurement,002935,valid,10549,0,True,
14,1,00000E,1790183186.821167,21916.7047532,10.784225200000947,candidate-measurement,002935,valid,10549,0,True,
14,1,00000E,1790183187.013162,21916.8967497,10.976221700002498,candidate-measurement,002935,valid,10549,0,True,
14,1,00000E,1790183187.2045615,21917.0881494,11.167621399999916,candidate-measurement,002935,valid,10549,0,True,
14,1,00000E,1790183187.3965707,21917.2801586,11.359630599999946,candidate-measurement,002935,valid,10549,0,True,
14,1,00000E,1790183187.5881593,21917.4717465,11.551218500000687,candidate-measurement,002935,valid,10549,0,True,
14,1,00000E,1790183187.7961354,21917.6797229,11.759194900001603,candidate-measurement,002935,valid,10549,0,True,
14,1,00000E,1790183187.988111,21917.8716993,11.951171300002898,candidate-measurement,002935,valid,10549,0,True,
14,1,00000E,1790183188.1801462,21918.0637329,12.143204899999546,candidate-measurement,002935,valid,10549,0,True,
14,1,00000E,1790183188.387516,21918.2711039,12.350575899999967,candidate-measurement,002935,valid,10549,0,True,
14,1,00000E,1790183188.5795188,21918.4631062,12.542578200002026,candidate-measurement,002935,valid,10549,0,True,
14,1,00000E,1790183188.7711012,21918.654689,12.734161000000313,candidate-measurement,002935,valid,10549,0,True,
14,1,00000E,1790183188.9630904,21918.8466782,12.926150200000848,candidate-measurement,002935,valid,10549,0,True,
14,1,00000E,1790183189.1710765,21919.0546643,13.134136300002865,candidate-measurement,002935,valid,10549,0,True,
14,1,00000E,1790183189.362495,21919.2460829,13.325554900002317,candidate-measurement,002935,valid,10549,0,True,
14,1,00000E,1790183189.5544887,21919.4380769,13.517548900003021,candidate-measurement,002935,valid,10549,0,True,
14,1,00000E,1790183189.7620623,21919.6456503,13.725122300002113,candidate-measurement,002935,valid,10549,0,True,
14,1,00000E,1790183189.9540637,21919.8376516,13.917123600000195,candidate-measurement,002935,valid,10549,0,True,
14,1,00000E,1790183190.146051,21920.0296386,14.109110600002168,candidate-measurement,002935,valid,10549,0,True,
14,1,00000E,1790183190.3534734,21920.2370614,14.31653340000048,candidate-measurement,002935,valid,10549,0,True,
14,1,00000E,1790183190.5454514,21920.4290397,14.50851170000169,candidate-measurement,002935,valid,10549,0,True,
14,1,00000E,1790183190.7370358,21920.6206234,14.700095399999555,candidate-measurement,002935,valid,10549,0,True,
14,1,00000E,1790183190.9290192,21920.812607,14.892079000001104,candidate-measurement,002935,valid,10549,0,True,
15,1,00000F,1790183193.8543556,21923.7379429,0.20198119999986375,candidate-warmup,0028F1,valid,10481,-68,True,
15,1,00000F,1790183194.0459423,21923.9295303,0.39356860000043525,candidate-warmup,0028F1,valid,10481,0,True,
15,1,00000F,1790183194.23792,21924.1215075,0.5855458000005456,candidate-warmup,0028F1,valid,10481,0,True,
15,1,00000F,1790183194.4299207,21924.3135075,0.7775457999996434,candidate-warmup,0028F1,valid,10481,0,True,
15,1,00000F,1790183194.621341,21924.5049287,0.9689670000007027,candidate-warmup,0028F1,valid,10481,0,True,
15,1,00000F,1790183194.8133504,21924.6969344,1.1609726999995473,candidate-warmup,0028F1,valid,10481,0,True,
15,1,00000F,1790183195.0209107,21924.9044976,1.3685359000010067,candidate-warmup,0028F1,valid,10481,0,True,
15,1,00000F,1790183195.212881,21925.0964691,1.5605074000013701,candidate-warmup,0028F1,valid,10481,0,True,
15,1,00000F,1790183195.4048922,21925.2884801,1.7525184000005538,candidate-warmup,0028F1,valid,10481,0,True,
15,1,00000F,1790183195.6128821,21925.4964703,1.9605086000010488,candidate-warmup,0028F1,valid,10481,0,True,
15,1,00000F,1790183195.820477,21925.7040631,2.1681014000023424,candidate-warmup,0028F1,valid,10481,0,True,
15,1,00000F,1790183196.0122795,21925.8958675,2.3599057999999786,candidate-warmup,0028F1,valid,10481,0,True,
15,1,00000F,1790183196.2038999,21926.0874853,2.5515235999992,candidate-warmup,0028F1,valid,10481,0,True,
15,1,00000F,1790183196.3958416,21926.2794293,2.7434676000011677,candidate-warmup,0028F1,valid,10481,0,True,
15,1,00000F,1790183196.5878658,21926.4714514,2.935489700001199,candidate-warmup,0028F1,valid,10481,0,True,
15,1,00000F,1790183196.7792683,21926.6628563,3.126894600001833,candidate-warmup,0028F1,valid,10481,0,True,
15,1,00000F,1790183196.9873066,21926.8708932,3.334931500001403,candidate-warmup,0028F1,valid,10481,0,True,
15,1,00000F,1790183197.1792457,21927.0628343,3.5268725999994786,candidate-warmup,0028F1,valid,10481,0,True,
15,1,00000F,1790183197.370808,21927.2543966,3.718434900001739,candidate-warmup,0028F1,valid,10481,0,True,
15,1,00000F,1790183197.5788007,21927.4623904,3.9264287000005424,candidate-warmup,0028F1,valid,10481,0,True,
15,1,00000F,1790183197.770801,21927.6543889,4.118427199999132,candidate-warmup,0028F1,valid,10481,0,True,
15,1,00000F,1790183197.9622426,21927.8458304,4.309868700001971,candidate-warmup,0028F1,valid,10481,0,True,
15,1,00000F,1790183198.1542132,21928.0378007,4.501839000000473,candidate-warmup,0028F1,valid,10481,0,True,
15,1,00000F,1790183198.3618672,21928.2454553,4.709493599999405,candidate-warmup,0028F1,valid,10481,0,True,
15,1,00000F,1790183198.5537853,21928.4373729,4.901411200000439,candidate-warmup,0028F1,valid,10481,0,True,
15,1,00000F,1790183198.7457902,21928.6293789,5.093417200001568,candidate-warmup,0028F1,valid,10481,0,True,
15,1,00000F,1790183198.9531803,21928.8367715,5.300809799999115,candidate-warmup,0028F1,valid,10481,0,True,
15,1,00000F,1790183199.1451776,21929.028766,5.492804299999989,candidate-warmup,0028F1,valid,10481,0,True,
15,1,00000F,1790183199.3367488,21929.2203398,5.684378099998867,candidate-warmup,0028F1,valid,10481,0,True,
15,1,00000F,1790183199.5447698,21929.4283585,5.892396800001734,candidate-warmup,0028F1,valid,10481,0,True,
15,1,00000F,1790183199.7368205,21929.6204086,6.08444690000033,candidate-warmup,0028F1,valid,10481,0,True,
15,1,00000F,1790183199.9281673,21929.8117552,6.275793500000873,candidate-warmup,0028F1,valid,10481,0,True,
15,1,00000F,1790183200.1201437,21930.0037316,6.467769900002168,candidate-warmup,0028F1,valid,10481,0,True,
15,1,00000F,1790183200.3277419,21930.2113305,6.675368799998978,candidate-warmup,0028F1,valid,10481,0,True,
15,1,00000F,1790183200.5197227,21930.4033107,6.867349000000104,candidate-warmup,0028F1,valid,10481,0,True,
15,1,00000F,1790183200.711711,21930.5952995,7.059337800001231,candidate-measurement,0028F1,valid,10481,0,True,
15,1,00000F,1790183200.9191425,21930.8027307,7.266769000001659,candidate-measurement,0028F1,valid,10481,0,True,
15,1,00000F,1790183201.1111326,21930.994721,7.458759299999656,candidate-measurement,0028F1,valid,10481,0,True,
15,1,00000F,1790183201.3026943,21931.1862826,7.650320900000224,candidate-measurement,0028F1,valid,10481,0,True,
15,1,00000F,1790183201.5106864,21931.3942745,7.858312799999112,candidate-measurement,0028F1,valid,10481,0,True,
15,1,00000F,1790183201.7181163,21931.6017043,8.065742599999794,candidate-measurement,0028F1,valid,10481,0,True,
15,1,00000F,1790183201.9101198,21931.7937076,8.257745900002192,candidate-measurement,0028F1,valid,10481,0,True,
15,1,00000F,1790183202.1020913,21931.9856782,8.44971649999934,candidate-measurement,0028F1,valid,10481,0,True,
15,1,00000F,1790183202.2936566,21932.1772454,8.641283699998894,candidate-measurement,0028F1,valid,10481,0,True,
15,1,00000F,1790183202.4856389,21932.3692267,8.83326500000112,candidate-measurement,0028F1,valid,10481,0,True,
15,1,00000F,1790183202.6776779,21932.5612653,9.02530359999946,candidate-measurement,0028F1,valid,10481,0,True,
15,1,00000F,1790183202.8850622,21932.7686503,9.232688600000984,candidate-measurement,0028F1,valid,10481,0,True,
15,1,00000F,1790183203.0770543,21932.9606414,9.424679700001434,candidate-measurement,0028F1,valid,10481,0,True,
15,1,00000F,1790183203.2690465,21933.152635,9.616673299999093,candidate-measurement,0028F1,valid,10481,0,True,
15,1,00000F,1790183203.476649,21933.3602368,9.824275099999795,candidate-measurement,0028F1,valid,10481,0,True,
15,1,00000F,1790183203.6686091,21933.5521975,10.016235800001596,candidate-measurement,0028F1,valid,10481,0,True,
15,1,00000F,1790183203.8600137,21933.7436018,10.2076401000013,candidate-measurement,0028F1,valid,10481,0,True,
15,1,00000F,1790183204.0520175,21933.9356044,10.399642700002005,candidate-measurement,0028F1,valid,10481,0,True,
15,1,00000F,1790183204.2595901,21934.1431779,10.607216200001858,candidate-measurement,0028F1,valid,10481,0,True,
15,1,00000F,1790183204.4515972,21934.3351843,10.799222599998757,candidate-measurement,0028F1,valid,10481,0,True,
15,1,00000F,1790183204.6435857,21934.5271738,10.991212100001576,candidate-measurement,0028F1,valid,10481,0,True,
15,1,00000F,1790183204.8509917,21934.7345814,11.198619700000563,candidate-measurement,0028F1,valid,10481,0,True,
15,1,00000F,1790183205.0429943,21934.9265832,11.390621499998815,candidate-measurement,0028F1,valid,10481,0,True,
15,1,00000F,1790183205.2349894,21935.1185781,11.582616399999097,candidate-measurement,0028F1,valid,10481,0,True,
15,1,00000F,1790183205.4425867,21935.3261752,11.790213500000391,candidate-measurement,0028F1,valid,10481,0,True,
15,1,00000F,1790183205.6345763,21935.5181647,11.982202999999572,candidate-measurement,0028F1,valid,10481,0,True,
15,1,00000F,1790183205.8265436,21935.7101301,12.17416840000078,candidate-measurement,0028F1,valid,10481,0,True,
15,1,00000F,1790183206.0185626,21935.9021504,12.366188700001658,candidate-measurement,0028F1,valid,10481,0,True,
15,1,00000F,1790183206.2259545,21936.1095426,12.573580899999797,candidate-measurement,0028F1,valid,10481,0,True,
15,1,00000F,1790183206.4179413,21936.3015295,12.765567800001008,candidate-measurement,0028F1,valid,10481,0,True,
15,1,00000F,1790183206.609952,21936.4935434,12.957581700000446,candidate-measurement,0028F1,valid,10481,0,True,
15,1,00000F,1790183206.8175826,21936.7011686,13.165206900001067,candidate-measurement,0028F1,valid,10481,0,True,
15,1,00000F,1790183207.009526,21936.893114,13.357152299999143,candidate-measurement,0028F1,valid,10481,0,True,
15,1,00000F,1790183207.2015238,21937.0851118,13.549150099999679,candidate-measurement,0028F1,valid,10481,0,True,
15,1,00000F,1790183207.4089186,21937.292507,13.756545299998834,candidate-measurement,0028F1,valid,10481,0,True,
15,1,00000F,1790183207.600906,21937.4844943,13.948532599999453,candidate-measurement,0028F1,valid,10481,0,True,
15,1,00000F,1790183207.7925103,21937.6760983,14.140136599999096,candidate-measurement,0028F1,valid,10481,0,True,
15,1,00000F,1790183207.984469,21937.868057,14.33209530000022,candidate-measurement,0028F1,valid,10481,0,True,
15,1,00000F,1790183208.192467,21938.0760555,14.540093800002069,candidate-measurement,0028F1,valid,10481,0,True,
15,1,00000F,1790183208.3838909,21938.2674791,14.731517399999575,candidate-measurement,0028F1,valid,10481,0,True,
15,1,00000F,1790183208.5758789,21938.4594673,14.923505599999771,candidate-measurement,0028F1,valid,10481,0,True,
16,1,000010,1790183211.4687908,21941.3523788,0.2024076999987301,candidate-warmup,0028BC,valid,10428,-53,True,
16,1,000010,1790183211.6607983,21941.544386,0.3944149000017205,candidate-warmup,0028BC,valid,10428,0,True,
16,1,000010,1790183211.8527796,21941.7363675,0.5863964000018314,candidate-warmup,0028BC,valid,10428,0,True,
16,1,000010,1790183212.0443401,21941.9279283,0.7779571999999462,candidate-warmup,0028BC,valid,10428,0,True,
16,1,000010,1790183212.2363584,21942.1199464,0.9699752999986231,candidate-warmup,0028BC,valid,10428,0,True,
16,1,000010,1790183212.4283488,21942.3119378,1.1619667000013578,candidate-warmup,0028BC,valid,10428,0,True,
16,1,000010,1790183212.6197345,21942.503324,1.3533529000014823,candidate-warmup,0028BC,valid,10428,0,True,
16,1,000010,1790183212.8117378,21942.6953258,1.5453546999997343,candidate-warmup,0028BC,valid,10428,0,True,
16,1,000010,1790183213.0037332,21942.8873211,1.7373499999994237,candidate-warmup,0028BC,valid,10428,0,True,
16,1,000010,1790183213.1953,21943.0788884,1.928917299999739,candidate-warmup,0028BC,valid,10428,0,True,
16,1,000010,1790183213.3872955,21943.2708834,2.120912300000782,candidate-warmup,0028BC,valid,10428,0,True,
16,1,000010,1790183213.5787113,21943.4622997,2.3123286000009102,candidate-warmup,0028BC,valid,10428,0,True,
16,1,000010,1790183213.7707105,21943.6543001,2.504328999999416,candidate-warmup,0028BC,valid,10428,0,True,
16,1,000010,1790183213.962293,21943.8458814,2.6959103000008326,candidate-warmup,0028BC,valid,10428,0,True,
16,1,000010,1790183214.1542723,21944.0378604,2.887889300000097,candidate-warmup,0028BC,valid,10428,0,True,
16,1,000010,1790183214.3462684,21944.2298583,3.0798872000013944,candidate-warmup,0028BC,valid,10428,0,True,
16,1,000010,1790183214.537702,21944.4212924,3.2713212999988173,candidate-warmup,0028BC,valid,10428,0,True,
16,1,000010,1790183214.745697,21944.6292851,3.4793140000001586,candidate-warmup,0028BC,valid,10428,0,True,
16,1,000010,1790183214.9372628,21944.82084,3.6708689000006416,candidate-warmup,0028BC,valid,10428,0,True,
16,1,000010,1790183215.1292434,21945.0128317,3.8628606000020227,candidate-warmup,0028BC,valid,10428,0,True,
16,1,000010,1790183215.3372555,21945.2208456,4.070874500001082,candidate-warmup,0028BC,valid,10428,0,True,
16,1,000010,1790183215.5292554,21945.4128437,4.262872600000264,candidate-warmup,0028BC,valid,10428,0,True,
16,1,000010,1790183215.7206495,21945.6042378,4.454266699998698,candidate-warmup,0028BC,valid,10428,0,True,
16,1,000010,1790183215.912643,21945.796231,4.646259900000587,candidate-warmup,0028BC,valid,10428,0,True,
16,1,000010,1790183216.1202147,21946.0038027,4.8538316000012856,candidate-warmup,0028BC,valid,10428,0,True,
16,1,000010,1790183216.3122058,21946.1957958,5.045824699998775,candidate-warmup,0028BC,valid,10428,0,True,
16,1,000010,1790183216.5036154,21946.3872037,5.237232600000425,candidate-warmup,0028BC,valid,10428,0,True,
16,1,000010,1790183216.7116318,21946.5952203,5.445249200001854,candidate-warmup,0028BC,valid,10428,0,True,
16,1,000010,1790183216.9032223,21946.7868102,5.636839099999634,candidate-warmup,0028BC,valid,10428,0,True,
16,1,000010,1790183217.0951848,21946.9787714,5.828800300001603,candidate-warmup,0028BC,valid,10428,0,True,
16,1,000010,1790183217.3031814,21947.1867698,6.0367986999990535,candidate-warmup,0028BC,valid,10428,0,True,
16,1,000010,1790183217.4950154,21947.3785953,6.228624200000922,candidate-warmup,0028BC,valid,10428,0,True,
16,1,000010,1790183217.6865768,21947.5701646,6.420193500001915,candidate-warmup,0028BC,valid,10428,0,True,
16,1,000010,1790183217.8785763,21947.7621652,6.612194100001943,candidate-warmup,0028BC,valid,10428,0,True,
16,1,000010,1790183218.08615,21947.9697367,6.819765600001119,candidate-warmup,0028BC,valid,10428,0,True,
16,1,000010,1790183218.278143,21948.1617314,7.011760299999878,candidate-measurement,0028BC,valid,10428,0,True,
16,1,000010,1790183218.4699054,21948.353489,7.203517900001316,candidate-measurement,0028BC,valid,10428,0,True,
16,1,000010,1790183218.6775708,21948.5611587,7.4111875999988115,candidate-measurement,0028BC,valid,10428,0,True,
16,1,000010,1790183218.8692186,21948.7528049,7.602833799999644,candidate-measurement,0028BC,valid,10428,0,True,
16,1,000010,1790183219.0611176,21948.9447082,7.79473710000093,candidate-measurement,0028BC,valid,10428,0,True,
16,1,000010,1790183219.269116,21949.1527039,8.002732799999649,candidate-measurement,0028BC,valid,10428,0,True,
16,1,000010,1790183219.4605398,21949.3441299,8.194158800000878,candidate-measurement,0028BC,valid,10428,0,True,
16,1,000010,1790183219.652508,21949.5360996,8.386128500002087,candidate-measurement,0028BC,valid,10428,0,True,
16,1,000010,1790183219.8445165,21949.7281071,8.578136000000086,candidate-measurement,0028BC,valid,10428,0,True,
16,1,000010,1790183220.0520887,21949.9356771,8.785705999998754,candidate-measurement,0028BC,valid,10428,0,True,
16,1,000010,1790183220.2440972,21950.1276854,8.977714299999207,candidate-measurement,0028BC,valid,10428,0,True,
16,1,000010,1790183220.435496,21950.3190842,9.169113100000686,candidate-measurement,0028BC,valid,10428,0,True,
16,1,000010,1790183220.6435246,21950.5271122,9.377141100001609,candidate-measurement,0028BC,valid,10428,0,True,
16,1,000010,1790183220.8350556,21950.7186435,9.56867240000065,candidate-measurement,0028BC,valid,10428,0,True,
16,1,000010,1790183221.0270576,21950.9106458,9.760674699999072,candidate-measurement,0028BC,valid,10428,0,True,
16,1,000010,1790183221.2350662,21951.1186551,9.968683999999485,candidate-measurement,0028BC,valid,10428,0,True,
16,1,000010,1790183221.426454,21951.3100425,10.16007140000147,candidate-measurement,0028BC,valid,10428,0,True,
16,1,000010,1790183221.6189704,21951.5025554,10.352584299998853,candidate-measurement,0028BB,valid,10427,-1,True,
16,1,000010,1790183221.8104594,21951.6940477,10.544076599999244,candidate-measurement,0028BB,valid,10427,0,True,
16,1,000010,1790183222.0180485,21951.9016366,10.751665499999945,candidate-measurement,0028BB,valid,10427,0,True,
16,1,000010,1790183222.2100291,21952.0936166,10.943645499999548,candidate-measurement,0028BB,valid,10427,0,True,
16,1,000010,1790183222.4014359,21952.2850243,11.135053199999675,candidate-measurement,0028BB,valid,10427,0,True,
16,1,000010,1790183222.609459,21952.493047,11.343075900000258,candidate-measurement,0028BB,valid,10427,0,True,
16,1,000010,1790183222.801011,21952.6845996,11.534628500001418,candidate-measurement,0028BB,valid,10427,0,True,
16,1,000010,1790183222.9929974,21952.8765854,11.726614300001529,candidate-measurement,0028BB,valid,10427,0,True,
16,1,000010,1790183223.2009768,21953.0845649,11.934593800000584,candidate-measurement,0028BB,valid,10427,0,True,
16,1,000010,1790183223.3930018,21953.2765901,12.126618999998755,candidate-measurement,0028BB,valid,10427,0,True,
16,1,000010,1790183223.5844347,21953.4680229,12.31805180000083,candidate-measurement,0028BB,valid,10427,0,True,
16,1,000010,1790183223.7763784,21953.6599667,12.509995600001275,candidate-measurement,0028BB,valid,10427,0,True,
16,1,000010,1790183223.9839668,21953.8675526,12.71758150000096,candidate-measurement,0028BB,valid,10427,0,True,
16,1,000010,1790183224.1759484,21954.059536,12.909564900000987,candidate-measurement,0028BB,valid,10427,0,True,
16,1,000010,1790183224.3679488,21954.2515373,13.10156619999907,candidate-measurement,0028BB,valid,10427,0,True,
16,1,000010,1790183224.5753484,21954.458939,13.308967900000425,candidate-measurement,0028BB,valid,10427,0,True,
16,1,000010,1790183224.7673526,21954.6509406,13.500969500000792,candidate-measurement,0028BB,valid,10427,0,True,
16,1,000010,1790183224.959342,21954.8429299,13.692958800002089,candidate-measurement,0028BB,valid,10427,0,True,
16,1,000010,1790183225.1669207,21955.0505081,13.90053700000135,candidate-measurement,0028BB,valid,10427,0,True,
16,1,000010,1790183225.3589194,21955.242508,14.092536899999686,candidate-measurement,0028BB,valid,10427,0,True,
16,1,000010,1790183225.5509002,21955.4344883,14.284517200001574,candidate-measurement,0028BB,valid,10427,0,True,
16,1,000010,1790183225.7583296,21955.6418961,14.491925000002084,candidate-measurement,0028B9,valid,10425,-2,True,
16,1,000010,1790183225.950317,21955.8339055,14.683934399999998,candidate-measurement,0028B9,valid,10425,0,True,
16,1,000010,1790183226.1423128,21956.0259015,14.87593040000138,candidate-measurement,0028B9,valid,10425,0,True,
17,1,000011,1790183229.0827937,21958.9663825,0.20197919999918668,candidate-warmup,00288C,valid,10380,-45,True,
17,1,000011,1790183229.274799,21959.1583869,0.3939835999990464,candidate-warmup,00288C,valid,10380,0,True,
17,1,000011,1790183229.4667761,21959.3503649,0.5859616000016103,candidate-warmup,00288C,valid,10380,0,True,
17,1,000011,1790183229.6582022,21959.5417898,0.7773865000017395,candidate-warmup,00288C,valid,10380,0,True,
17,1,000011,1790183229.8501878,21959.7337769,0.9693736000008357,candidate-warmup,00288C,valid,10380,0,True,
17,1,000011,1790183230.0419428,21959.9255311,1.1611278000018501,candidate-warmup,00288C,valid,10380,0,True,
17,1,000011,1790183230.2337472,21960.117335,1.352931699999317,candidate-warmup,00288C,valid,10380,0,True,
17,1,000011,1790183230.4257464,21960.3093353,1.5449320000006992,candidate-warmup,00288C,valid,10380,0,True,
17,1,000011,1790183230.6177454,21960.5013343,1.7369309999994584,candidate-warmup,00288C,valid,10380,0,True,
17,1,000011,1790183230.8091602,21960.6927482,1.9283448999995016,candidate-warmup,00288C,valid,10380,0,True,
17,1,000011,1790183231.017147,21960.9007359,2.1363325999991503,candidate-warmup,00288C,valid,10380,0,True,
17,1,000011,1790183231.2087252,21961.092312,2.3279087000009895,candidate-warmup,00288C,valid,10380,0,True,
17,1,000011,1790183231.4007244,21961.2843127,2.5199094000017794,candidate-warmup,00288C,valid,10380,0,True,
17,1,000011,1790183231.59273,21961.4763181,2.7119148000019777,candidate-warmup,00288C,valid,10380,0,True,
17,1,000011,1790183231.8001478,21961.6837367,2.919333400001051,candidate-warmup,00288C,valid,10380,0,True,
17,1,000011,1790183231.9921157,21961.8757039,3.111300600001414,candidate-warmup,00288C,valid,10380,0,True,
17,1,000011,1790183232.1836853,21962.0672737,3.3028703999989375,candidate-warmup,00288C,valid,10380,0,True,
17,1,000011,1790183232.3916805,21962.275269,3.5108657000018866,candidate-warmup,00288C,valid,10380,0,True,
17,1,000011,1790183232.58367,21962.4672593,3.7028559999998834,candidate-warmup,00288C,valid,10380,0,True,
17,1,000011,1790183232.7756724,21962.6592624,3.894859100000758,candidate-warmup,00288C,valid,10380,0,True,
17,1,000011,1790183232.9676743,21962.8512644,4.086861100000533,candidate-warmup,00288C,valid,10380,0,True,
17,1,000011,1790183233.1750803,21963.0586684,4.294265100001212,candidate-warmup,00288C,valid,10380,0,True,
17,1,000011,1790183233.367077,21963.2506652,4.486261900001409,candidate-warmup,00288C,valid,10380,0,True,
17,1,000011,1790183233.5586426,21963.4422307,4.677827399998932,candidate-warmup,00288C,valid,10380,0,True,
17,1,000011,1790183233.766663,21963.6502501,4.885846799999854,candidate-warmup,00288C,valid,10380,0,True,
17,1,000011,1790183233.958068,21963.8416558,5.077252499999304,candidate-warmup,00288C,valid,10380,0,True,
17,1,000011,1790183234.1500485,21964.0336363,5.269232999999076,candidate-warmup,00288C,valid,10380,0,True,
17,1,000011,1790183234.357617,21964.2412067,5.47680340000079,candidate-warmup,00288C,valid,10380,0,True,
17,1,000011,1790183234.5496151,21964.4332048,5.668801499999972,candidate-warmup,00288C,valid,10380,0,True,
17,1,000011,1790183234.7416136,21964.6252023,5.860799000001862,candidate-warmup,00288C,valid,10380,0,True,
17,1,000011,1790183234.9490283,21964.832617,6.068213700000342,candidate-warmup,00288C,valid,10380,0,True,
17,1,000011,1790183235.1410131,21965.0246015,6.260198200001469,candidate-warmup,00288C,valid,10380,0,True,
17,1,000011,1790183235.3325942,21965.2161831,6.451779800001532,candidate-warmup,00288C,valid,10380,0,True,
17,1,000011,1790183235.5245914,21965.4081792,6.643775900000037,candidate-warmup,00288C,valid,10380,0,True,
17,1,000011,1790183235.7325723,21965.6161625,6.851759199998924,candidate-warmup,00288C,valid,10380,0,True,
17,1,000011,1790183235.923992,21965.8075806,7.043177300001844,candidate-measurement,00288C,valid,10380,0,True,
17,1,000011,1790183236.116009,21965.9995946,7.235191300002043,candidate-measurement,00288C,valid,10380,0,True,
17,1,000011,1790183236.3235843,21966.2071698,7.442766500000289,candidate-measurement,00288C,valid,10380,0,True,
17,1,000011,1790183236.5155554,21966.3991424,7.634739100001752,candidate-measurement,00288C,valid,10380,0,True,
17,1,000011,1790183236.7075515,21966.5911392,7.82673590000195,candidate-measurement,00288C,valid,10380,0,True,
17,1,000011,1790183236.8995473,21966.7831353,8.018732000000455,candidate-measurement,00288C,valid,10380,0,True,
17,1,000011,1790183237.106996,21966.9905824,8.2261791000019,candidate-measurement,00288C,valid,10380,0,True,
17,1,000011,1790183237.2989495,21967.1825376,8.418134300001839,candidate-measurement,00288C,valid,10380,0,True,
17,1,000011,1790183237.4905176,21967.3741056,8.609702300000208,candidate-measurement,00288C,valid,10380,0,True,
17,1,000011,1790183237.69853,21967.5821166,8.817713299999014,candidate-measurement,00288C,valid,10380,0,True,
17,1,000011,1790183237.8905182,21967.7741051,9.009701800001494,candidate-measurement,00288C,valid,10380,0,True,
17,1,000011,1790183238.0819218,21967.9655097,9.201106399999844,candidate-measurement,00288C,valid,10380,0,True,
17,1,000011,1790183238.289549,21968.1731371,9.408733799999027,candidate-measurement,00288C,valid,10380,0,True,
17,1,000011,1790183238.4814875,21968.3650761,9.600672799999302,candidate-measurement,00288C,valid,10380,0,True,
17,1,000011,1790183238.6734784,21968.5570654,9.792662100000598,candidate-measurement,00288C,valid,10380,0,True,
17,1,000011,1790183238.8654747,21968.7490631,9.984659800000372,candidate-measurement,00288C,valid,10380,0,True,
17,1,000011,1790183239.0734842,21968.9570707,10.192667399998754,candidate-measurement,00288C,valid,10380,0,True,
17,1,000011,1790183239.2654605,21969.1490487,10.384645400001318,candidate-measurement,00288C,valid,10380,0,True,
17,1,000011,1790183239.4568722,21969.3404604,10.576057099999161,candidate-measurement,00288C,valid,10380,0,True,
17,1,000011,1790183239.6648726,21969.5484612,10.784057900000334,candidate-measurement,00288C,valid,10380,0,True,
17,1,000011,1790183239.8564498,21969.7400388,10.975635499999044,candidate-measurement,00288C,valid,10380,0,True,
17,1,000011,1790183240.0484443,21969.9320322,11.167628899998817,candidate-measurement,00288C,valid,10380,0,True,
17,1,000011,1790183240.2564318,21970.1400201,11.375616799999989,candidate-measurement,00288C,valid,10380,0,True,
17,1,000011,1790183240.4478781,21970.3314656,11.567062300000543,candidate-measurement,00288C,valid,10380,0,True,
17,1,000011,1790183240.6398537,21970.5234411,11.759037799998623,candidate-measurement,00288C,valid,10380,0,True,
17,1,000011,1790183240.8474216,21970.7310093,11.966606000001775,candidate-measurement,00288C,valid,10380,0,True,
17,1,000011,1790183241.0394125,21970.923,12.15859669999918,candidate-measurement,00288B,valid,10379,-1,True,
17,1,000011,1790183241.2314017,21971.11499,12.35058669999853,candidate-measurement,00288B,valid,10379,0,True,
17,1,000011,1790183241.4228203,21971.3064074,12.542004099999758,candidate-measurement,00288B,valid,10379,0,True,
17,1,000011,1790183241.6304562,21971.5140433,12.749640000001818,candidate-measurement,00288B,valid,10379,0,True,
17,1,000011,1790183241.8223832,21971.7059712,12.941567900001246,candidate-measurement,00288B,valid,10379,0,True,
17,1,000011,1790183242.014379,21971.897967,13.133563700001105,candidate-measurement,00288B,valid,10379,0,True,
17,1,000011,1790183242.222375,21972.1059623,13.341559000000416,candidate-measurement,00288B,valid,10379,0,True,
17,1,000011,1790183242.4303563,21972.313944,13.549540700001671,candidate-measurement,00288B,valid,10379,0,True,
17,1,000011,1790183242.6217794,21972.5053672,13.74096389999977,candidate-measurement,00288B,valid,10379,0,True,
17,1,000011,1790183242.8137746,21972.6973632,13.932959900001151,candidate-measurement,00288B,valid,10379,0,True,
17,1,000011,1790183243.0057733,21972.8893617,14.124958399999741,candidate-measurement,00288B,valid,10379,0,True,
17,1,000011,1790183243.1973462,21973.0809343,14.316531000000396,candidate-measurement,00288B,valid,10379,0,True,
17,1,000011,1790183243.3893373,21973.2729265,14.508523200001946,candidate-measurement,00288B,valid,10379,0,True,
17,1,000011,1790183243.5967581,21973.4803448,14.715941499998735,candidate-measurement,00288B,valid,10379,0,True,
17,1,000011,1790183243.7887747,21973.6723607,14.90795739999885,candidate-measurement,00288B,valid,10379,0,True,
18,1,000012,1790183246.6982276,21976.5818156,0.20255899999756366,candidate-warmup,00284F,valid,10319,-60,True,
18,1,000012,1790183246.8896384,21976.7732267,0.39397009999811416,candidate-warmup,00284F,valid,10319,0,True,
18,1,000012,1790183247.081627,21976.9652144,0.5859577999981411,candidate-warmup,00284F,valid,10319,0,True,
18,1,000012,1790183247.2732224,21977.15681,0.7775533999993058,candidate-warmup,00284F,valid,10319,0,True,
18,1,000012,1790183247.48119,21977.3647775,0.9855208999979368,candidate-warmup,00284F,valid,10319,0,True,
18,1,000012,1790183247.6732094,21977.5567974,1.1775407999994059,candidate-warmup,00284F,valid,10319,0,True,
18,1,000012,1790183247.8651934,21977.7487833,1.3695267000002787,candidate-warmup,00284F,valid,10319,0,True,
18,1,000012,1790183248.057177,21977.9407656,1.5615089999992051,candidate-warmup,00284F,valid,10319,0,True,
18,1,000012,1790183248.2646053,21978.1481931,1.7689365000005637,candidate-warmup,00284F,valid,10319,0,True,
18,1,000012,1790183248.4566038,21978.3401917,1.960935099999915,candidate-warmup,00284F,valid,10319,0,True,
18,1,000012,1790183248.6481729,21978.5317606,2.1525039999978617,candidate-warmup,00284F,valid,10319,0,True,
18,1,000012,1790183248.8561625,21978.7397506,2.3604940000004717,candidate-warmup,00284F,valid,10319,0,True,
18,1,000012,1790183249.0476127,21978.9312,2.551943399997981,candidate-warmup,00284F,valid,10319,0,True,
18,1,000012,1790183249.2395582,21979.1231465,2.743889899997157,candidate-warmup,00284F,valid,10319,0,True,
18,1,000012,1790183249.447128,21979.330716,2.951459399999294,candidate-warmup,00284F,valid,10319,0,True,
18,1,000012,1790183249.639131,21979.5227191,3.143462500000169,candidate-warmup,00284F,valid,10319,0,True,
18,1,000012,1790183249.8311195,21979.7147084,3.335451799997827,candidate-warmup,00284F,valid,10319,0,True,
18,1,000012,1790183250.0225468,21979.9061349,3.5268782999992254,candidate-warmup,00284F,valid,10319,0,True,
18,1,000012,1790183250.2305372,21980.1141253,3.7348686999976053,candidate-warmup,00284F,valid,10319,0,True,
18,1,000012,1790183250.4221144,21980.305703,3.9264464000007138,candidate-warmup,00284F,valid,10319,0,True,
18,1,000012,1790183250.6141253,21980.4977127,4.118456099997275,candidate-warmup,00284F,valid,10319,0,True,
18,1,000012,1790183250.8221183,21980.705706,4.326449399999547,candidate-warmup,00284F,valid,10319,0,True,
18,1,000012,1790183251.0140874,21980.897675,4.518418399999064,candidate-warmup,00284F,valid,10319,0,True,
18,1,000012,1790183251.2055094,21981.0890975,4.709840899999108,candidate-warmup,00284F,valid,10319,0,True,
18,1,000012,1790183251.4130764,21981.2966662,4.917409599998791,candidate-warmup,00284F,valid,10319,0,True,
18,1,000012,1790183251.605071,21981.4886588,5.109402199999749,candidate-warmup,00284F,valid,10319,0,True,
18,1,000012,1790183251.7970743,21981.6806627,5.30140609999944,candidate-warmup,00284F,valid,10319,0,True,
18,1,000012,1790183251.988475,21981.8720638,5.492807200000243,candidate-warmup,00284F,valid,10319,0,True,
18,1,000012,1790183252.1964786,21982.0800664,5.70080980000057,candidate-warmup,00284F,valid,10319,0,True,
18,1,000012,1790183252.3880498,21982.2716378,5.892381199999363,candidate-warmup,00284F,valid,10319,0,True,
18,1,000012,1790183252.5834832,21982.4670677,6.087811099998362,candidate-warmup,00284F,valid,10319,0,True,
18,1,000012,1790183252.7880266,21982.671615,6.292358399998193,candidate-warmup,00284F,valid,10319,0,True,
18,1,000012,1790183252.9800284,21982.8636159,6.484359300000506,candidate-warmup,00284F,valid,10319,0,True,
18,1,000012,1790183253.171444,21983.0550312,6.675774600000295,candidate-warmup,00284F,valid,10319,0,True,
18,1,000012,1790183253.3790123,21983.2626001,6.8833434999978635,candidate-warmup,00284F,valid,10319,0,True,
18,1,000012,1790183253.5710108,21983.4545991,7.075342500000261,candidate-measurement,00284F,valid,10319,0,True,
18,1,000012,1790183253.7630136,21983.6466019,7.267345299998851,candidate-measurement,00284F,valid,10319,0,True,
18,1,000012,1790183253.95503,21983.8386174,7.459360799999558,candidate-measurement,00284F,valid,10319,0,True,
18,1,000012,1790183254.1624115,21984.0460001,7.66674349999812,candidate-measurement,00284F,valid,10319,0,True,
18,1,000012,1790183254.3543904,21984.2379788,7.858722199998738,candidate-measurement,00284F,valid,10319,0,True,
18,1,000012,1790183254.5459812,21984.4295689,8.05031229999804,candidate-measurement,00284F,valid,10319,0,True,
18,1,000012,1790183254.7559118,21984.639497,8.26024039999902,candidate-measurement,00284F,valid,10319,0,True,
18,1,000012,1790183254.9619753,21984.8455627,8.466306099999201,candidate-measurement,00284F,valid,10319,0,True,
18,1,000012,1790183255.153376,21985.0369639,8.657707299997128,candidate-measurement,00284F,valid,10319,0,True,
18,1,000012,1790183255.3453765,21985.228964,8.849707400000625,candidate-measurement,00284F,valid,10319,0,True,
18,1,000012,1790183255.5369883,21985.420576,9.041319399999338,candidate-measurement,00284F,valid,10319,0,True,
18,1,000012,1790183255.728935,21985.6125228,9.23326619999716,candidate-measurement,00284F,valid,10319,0,True,
18,1,000012,1790183255.9209275,21985.8045158,9.425259199997527,candidate-measurement,00284F,valid,10319,0,True,
18,1,000012,1790183256.1283855,21986.0119705,9.632713899998635,candidate-measurement,00284F,valid,10319,0,True,
18,1,000012,1790183256.3205776,21986.2041653,9.824908700000378,candidate-measurement,00284F,valid,10319,0,True,
18,1,000012,1790183256.5119202,21986.3955083,10.016251699998975,candidate-measurement,00284F,valid,10319,0,True,
18,1,000012,1790183256.7199368,21986.6035229,10.224266299999726,candidate-measurement,00284F,valid,10319,0,True,
18,1,000012,1790183256.9119024,21986.7954905,10.416233899999497,candidate-measurement,00284F,valid,10319,0,True,
18,1,000012,1790183257.103894,21986.9874821,10.608225500000117,candidate-measurement,00284F,valid,10319,0,True,
18,1,000012,1790183257.3113227,21987.1949095,10.815652900000714,candidate-measurement,00284F,valid,10319,0,True,
18,1,000012,1790183257.5032988,21987.3868872,11.007630599997356,candidate-measurement,00284F,valid,10319,0,True,
18,1,000012,1790183257.6952868,21987.5788747,11.199618099999498,candidate-measurement,00284F,valid,10319,0,True,
18,1,000012,1790183257.8868775,21987.7704651,11.391208499997447,candidate-measurement,00284F,valid,10319,0,True,
18,1,000012,1790183258.094858,21987.9784447,11.599188099997264,candidate-measurement,00284F,valid,10319,0,True,
18,1,000012,1790183258.286856,21988.1704442,11.79118759999983,candidate-measurement,00284F,valid,10319,0,True,
18,1,000012,1790183258.4788504,21988.3624384,11.98318179999842,candidate-measurement,00284F,valid,10319,0,True,
18,1,000012,1790183258.686289,21988.5698755,12.190618900000118,candidate-measurement,00284F,valid,10319,0,True,
18,1,000012,1790183258.8778496,21988.7614371,12.382180500000686,candidate-measurement,00284F,valid,10319,0,True,
18,1,000012,1790183259.0698328,21988.9534204,12.574163799999951,candidate-measurement,00284F,valid,10319,0,True,
18,1,000012,1790183259.2778378,21989.1614255,12.782168899997487,candidate-measurement,00284F,valid,10319,0,True,
18,1,000012,1790183259.4698188,21989.3534072,12.97415059999912,candidate-measurement,00284F,valid,10319,0,True,
18,1,000012,1790183259.6612382,21989.5448263,13.165569699998741,candidate-measurement,00284F,valid,10319,0,True,
18,1,000012,1790183259.85323,21989.736818,13.357561400000122,candidate-measurement,00284E,valid,10318,-1,True,
18,1,000012,1790183260.0608656,21989.9444535,13.565196899999137,candidate-measurement,00284D,valid,10317,-1,True,
18,1,000012,1790183260.2527933,21990.1363817,13.75712509999721,candidate-measurement,00284D,valid,10317,0,True,
18,1,000012,1790183260.444789,21990.3283767,13.949120099998254,candidate-measurement,00284D,valid,10317,0,True,
18,1,000012,1790183260.6522048,21990.5357923,14.15653569999995,candidate-measurement,00284D,valid,10317,0,True,
18,1,000012,1790183260.8442013,21990.7277896,14.348533000000316,candidate-measurement,00284D,valid,10317,0,True,
18,1,000012,1790183261.0357661,21990.9193537,14.540097099998093,candidate-measurement,00284D,valid,10317,0,True,
18,1,000012,1790183261.2437613,21991.1273495,14.748092899997573,candidate-measurement,00284D,valid,10317,0,True,
18,1,000012,1790183261.4357698,21991.3193578,14.940101199998026,candidate-measurement,00284D,valid,10317,0,True,
19,1,000013,1790183264.3126528,21994.1962408,0.20195899999816902,candidate-warmup,002829,valid,10281,-36,True,
19,1,000013,1790183264.5046542,21994.3882422,0.39396039999701316,candidate-warmup,002829,valid,10281,0,True,
19,1,000013,1790183264.6966555,21994.5802437,0.5859618999966187,candidate-warmup,002829,valid,10281,0,True,
19,1,000013,1790183264.8880677,21994.7716561,0.7773742999997921,candidate-warmup,002829,valid,10281,0,True,
19,1,000013,1790183265.0800655,21994.9636536,0.9693717999980436,candidate-warmup,002829,valid,10281,0,True,
19,1,000013,1790183265.272079,21995.1556665,1.1613846999971429,candidate-warmup,002829,valid,10281,0,True,
19,1,000013,1790183265.4636233,21995.3472113,1.352929499997117,candidate-warmup,002829,valid,10281,0,True,
19,1,000013,1790183265.6556144,21995.5392021,1.544920299998921,candidate-warmup,002829,valid,10281,0,True,
19,1,000013,1790183265.8470452,21995.7306322,1.7363503999986278,candidate-warmup,002829,valid,10281,0,True,
19,1,000013,1790183266.0390203,21995.9226089,1.9283270999985689,candidate-warmup,002829,valid,10281,0,True,
19,1,000013,1790183266.2305973,21996.1141848,2.119902999998885,candidate-warmup,002829,valid,10281,0,True,
19,1,000013,1790183266.4225914,21996.306179,2.3118971999974747,candidate-warmup,002829,valid,10281,0,True,
19,1,000013,1790183266.614597,21996.4981841,2.5039022999990266,candidate-warmup,002829,valid,10281,0,True,
19,1,000013,1790183266.8065772,21996.6901657,2.695883899999899,candidate-warmup,002829,valid,10281,0,True,
19,1,000013,1790183266.9979908,21996.8815791,2.887297299999773,candidate-warmup,002829,valid,10281,0,True,
19,1,000013,1790183267.1899805,21997.0735684,3.079286599997431,candidate-warmup,002829,valid,10281,0,True,
19,1,000013,1790183267.3815665,21997.2651545,3.2708726999990176,candidate-warmup,002829,valid,10281,0,True,
19,1,000013,1790183267.5735657,21997.4571539,3.4628720999971847,candidate-warmup,002829,valid,10281,0,True,
19,1,000013,1790183267.7655535,21997.6491421,3.654860299997381,candidate-warmup,002829,valid,10281,0,True,
19,1,000013,1790183267.9729698,21997.8565572,3.8622753999989072,candidate-warmup,002829,valid,10281,0,True,
19,1,000013,1790183268.1649804,21998.0485687,4.05428689999826,candidate-warmup,002829,valid,10281,0,True,
19,1,000013,1790183268.356531,21998.2401211,4.245839299997897,candidate-warmup,002829,valid,10281,0,True,
19,1,000013,1790183268.564572,21998.4481598,4.453877999996621,candidate-warmup,002829,valid,10281,0,True,
19,1,000013,1790183268.7565145,21998.640105,4.645823199996812,candidate-warmup,002829,valid,10281,0,True,
19,1,000013,1790183268.9485366,21998.8321249,4.837843099998281,candidate-warmup,002829,valid,10281,0,True,
19,1,000013,1790183269.1559215,21999.0395093,5.045227499998873,candidate-warmup,002829,valid,10281,0,True,
19,1,000013,1790183269.3479211,21999.2315102,5.237228399997548,candidate-warmup,002829,valid,10281,0,True,
19,1,000013,1790183269.5394993,21999.4230869,5.42880509999668,candidate-warmup,002829,valid,10281,0,True,
19,1,000013,1790183269.7314737,21999.6150648,5.620782999998482,candidate-warmup,002829,valid,10281,0,True,
19,1,000013,1790183269.93947,21999.8230605,5.828778699997201,candidate-warmup,002829,valid,10281,0,True,
19,1,000013,1790183270.1314754,22000.0150635,6.020781699997315,candidate-warmup,002829,valid,10281,0,True,
19,1,000013,1790183270.322892,22000.2064802,6.212198399996851,candidate-warmup,002829,valid,10281,0,True,
19,1,000013,1790183270.5308826,22000.4144706,6.4201887999988685,candidate-warmup,002829,valid,10281,0,True,
19,1,000013,1790183270.7224545,22000.6060427,6.611760899999354,candidate-warmup,002829,valid,10281,0,True,
19,1,000013,1790183270.9144478,22000.7980376,6.803755799999635,candidate-warmup,002829,valid,10281,0,True,
19,1,000013,1790183271.1224368,22001.0060244,7.011742599999707,candidate-measurement,002829,valid,10281,0,True,
19,1,000013,1790183271.3144395,22001.1980279,7.203746099999989,candidate-measurement,002829,valid,10281,0,True,
19,1,000013,1790183271.505881,22001.3894689,7.395187099999021,candidate-measurement,002829,valid,10281,0,True,
19,1,000013,1790183271.6978364,22001.5814258,7.587143999997352,candidate-measurement,002829,valid,10281,0,True,
19,1,000013,1790183271.905455,22001.7890458,7.794763999998395,candidate-measurement,002829,valid,10281,0,True,
19,1,000013,1790183272.0974166,22001.9810028,7.9867209999974875,candidate-measurement,002829,valid,10281,0,True,
19,1,000013,1790183272.2894082,22002.1729962,8.178714399997261,candidate-measurement,002829,valid,10281,0,True,
19,1,000013,1790183272.4968257,22002.3804164,8.386134599997604,candidate-measurement,002829,valid,10281,0,True,
19,1,000013,1790183272.688807,22002.5723971,8.578115299998899,candidate-measurement,002829,valid,10281,0,True,
19,1,000013,1790183272.8807976,22002.7643855,8.77010369999698,candidate-measurement,002829,valid,10281,0,True,
19,1,000013,1790183273.0883782,22002.9719657,8.977683899996919,candidate-measurement,002829,valid,10281,0,True,
19,1,000013,1790183273.2803743,22003.1639627,9.169680899998639,candidate-measurement,002829,valid,10281,0,True,
19,1,000013,1790183273.4723587,22003.3559498,9.361667999997735,candidate-measurement,002829,valid,10281,0,True,
19,1,000013,1790183273.663783,22003.5473722,9.553090399997018,candidate-measurement,002829,valid,10281,0,True,
19,1,000013,1790183273.871339,22003.7549283,9.760646499998984,candidate-measurement,002829,valid,10281,0,True,
19,1,000013,1790183274.0633495,22003.9469378,9.95265599999766,candidate-measurement,002829,valid,10281,0,True,
19,1,000013,1790183274.25535,22004.1389386,10.144656799999211,candidate-measurement,002829,valid,10281,0,True,
19,1,000013,1790183274.462752,22004.3463409,10.35205909999786,candidate-measurement,002829,valid,10281,0,True,
19,1,000013,1790183274.6547377,22004.5383289,10.544047099996533,candidate-measurement,002829,valid,10281,0,True,
19,1,000013,1790183274.8463209,22004.7299111,10.735629299997527,candidate-measurement,002829,valid,10281,0,True,
19,1,000013,1790183275.0543578,22004.9379442,10.943662399997265,candidate-measurement,002829,valid,10281,0,True,
19,1,000013,1790183275.2463052,22005.1298935,11.135611699999572,candidate-measurement,002829,valid,10281,0,True,
19,1,000013,1790183275.4383013,22005.3218897,11.327607899998839,candidate-measurement,002829,valid,10281,0,True,
19,1,000013,1790183275.6297083,22005.5132985,11.519016699996428,candidate-measurement,002829,valid,10281,0,True,
19,1,000013,1790183275.837293,22005.7208809,11.726599099998566,candidate-measurement,002829,valid,10281,0,True,
19,1,000013,1790183276.0292916,22005.9128801,11.918598299998848,candidate-measurement,002829,valid,10281,0,True,
19,1,000013,1790183276.2212746,22006.1048632,12.11058139999659,candidate-measurement,002829,valid,10281,0,True,
19,1,000013,1790183276.4286911,22006.3122804,12.317998599999555,candidate-measurement,002829,valid,10281,0,True,
19,1,000013,1790183276.620679,22006.5042698,12.509987999997975,candidate-measurement,002829,valid,10281,0,True,
19,1,000013,1790183276.8122444,22006.6958359,12.701554099996429,candidate-measurement,002829,valid,10281,0,True,
19,1,000013,1790183277.0202496,22006.9038377,12.90955589999794,candidate-measurement,002829,valid,10281,0,True,
19,1,000013,1790183277.212238,22007.0958262,13.101544399996783,candidate-measurement,002829,valid,10281,0,True,
19,1,000013,1790183277.4036596,22007.2872479,13.292966099998011,candidate-measurement,002829,valid,10281,0,True,
19,1,000013,1790183277.595673,22007.4792638,13.484981999998126,candidate-measurement,002829,valid,10281,0,True,
19,1,000013,1790183277.8036423,22007.6872335,13.692951699998957,candidate-measurement,002829,valid,10281,0,True,
19,1,000013,1790183277.9956386,22007.8792256,13.884943799999746,candidate-measurement,002829,valid,10281,0,True,
19,1,000013,1790183278.187219,22008.0708075,14.076525699998456,candidate-measurement,002829,valid,10281,0,True,
19,1,000013,1790183278.3952224,22008.2788124,14.284530599998106,candidate-measurement,002829,valid,10281,0,True,
19,1,000013,1790183278.58662,22008.4702096,14.475927799998317,candidate-measurement,002829,valid,10281,0,True,
19,1,000013,1790183278.7786248,22008.6622137,14.66793189999953,candidate-measurement,002829,valid,10281,0,True,
19,1,000013,1790183278.9862337,22008.8698233,14.87554149999778,candidate-measurement,002829,valid,10281,0,True,
20,1,000014,1790183281.9280894,22011.8116777,0.2025522000003548,candidate-warmup,0027E3,valid,10211,-70,True,
20,1,000014,1790183282.1195061,22012.0030927,0.393967200001498,candidate-warmup,0027E3,valid,10211,0,True,
20,1,000014,1790183282.311509,22012.1950971,0.5859716000013577,candidate-warmup,0027E3,valid,10211,0,True,
20,1,000014,1790183282.503492,22012.3870834,0.7779579000016383,candidate-warmup,0027E3,valid,10211,0,True,
20,1,000014,1790183282.6954887,22012.5790783,0.96995280000192,candidate-warmup,0027E3,valid,10211,0,True,
20,1,000014,1790183282.8870685,22012.7706565,1.1615310000015597,candidate-warmup,0027E3,valid,10211,0,True,
20,1,000014,1790183283.079067,22012.9626564,1.353530899999896,candidate-warmup,0027E3,valid,10211,0,True,
20,1,000014,1790183283.2704926,22013.154081,1.5449555000013788,candidate-warmup,0027E3,valid,10211,0,True,
20,1,000014,1790183283.462464,22013.3460542,1.736928700000135,candidate-warmup,0027E3,valid,10211,0,True,
20,1,000014,1790183283.6544569,22013.5380481,1.928922600000078,candidate-warmup,0027E3,valid,10211,0,True,
20,1,000014,1790183283.8460522,22013.7296412,2.1205157000003965,candidate-warmup,0027E3,valid,10211,0,True,
20,1,000014,1790183284.0380297,22013.9216176,2.312492100001691,candidate-warmup,0027E3,valid,10211,0,True,
20,1,000014,1790183284.2454402,22014.1290276,2.5199021000007633,candidate-warmup,0027E3,valid,10211,0,True,
20,1,000014,1790183284.4374344,22014.3210229,2.7118974000004528,candidate-warmup,0027E3,valid,10211,0,True,
20,1,000014,1790183284.6290002,22014.5125876,2.9034620999991603,candidate-warmup,0027E3,valid,10211,0,True,
20,1,000014,1790183284.8209932,22014.7045821,3.095456600000034,candidate-warmup,0027E3,valid,10211,0,True,
20,1,000014,1790183285.0290008,22014.9125904,3.303464900000108,candidate-warmup,0027E3,valid,10211,0,True,
20,1,000014,1790183285.2210073,22015.1045954,3.4954699000008986,candidate-warmup,0027E3,valid,10211,0,True,
20,1,000014,1790183285.4123986,22015.2959869,3.686861400001362,candidate-warmup,0027E3,valid,10211,0,True,
20,1,000014,1790183285.6200063,22015.5035938,3.894468300000881,candidate-warmup,0027E3,valid,10211,0,True,
20,1,000014,1790183285.8119667,22015.6955546,4.086429099999805,candidate-warmup,0027E3,valid,10211,0,True,
20,1,000014,1790183286.0039651,22015.8875533,4.278427799999918,candidate-warmup,0027E3,valid,10211,0,True,
20,1,000014,1790183286.211369,22016.0949577,4.485832200000004,candidate-warmup,0027E3,valid,10211,0,True,
20,1,000014,1790183286.4033642,22016.2869524,4.677826900002401,candidate-warmup,0027E3,valid,10211,0,True,
20,1,000014,1790183286.595358,22016.478946,4.86982050000006,candidate-warmup,0027E3,valid,10211,0,True,
20,1,000014,1790183286.7869413,22016.6705294,5.061403899999277,candidate-warmup,0027E3,valid,10211,0,True,
20,1,000014,1790183286.9949288,22016.8785175,5.269392000001972,candidate-warmup,0027E3,valid,10211,0,True,
20,1,000014,1790183287.1869237,22017.0705119,5.461386400002084,candidate-warmup,0027E3,valid,10211,0,True,
20,1,000014,1790183287.3783498,22017.2619391,5.6528136000015365,candidate-warmup,0027E3,valid,10211,0,True,
20,1,000014,1790183287.5863228,22017.4699104,5.860784899999999,candidate-warmup,0027E3,valid,10211,0,True,
20,1,000014,1790183287.778325,22017.6619152,6.052789699999266,candidate-warmup,0027E3,valid,10211,0,True,
20,1,000014,1790183287.9699044,22017.853493,6.244367499999498,candidate-warmup,0027E3,valid,10211,0,True,
20,1,000014,1790183288.1778848,22018.0614721,6.452346599999146,candidate-warmup,0027E3,valid,10211,0,True,
20,1,000014,1790183288.369893,22018.253483,6.644357500001206,candidate-warmup,0027E3,valid,10211,0,True,
20,1,000014,1790183288.5613024,22018.4448926,6.835767100001249,candidate-warmup,0027E3,valid,10211,0,True,
20,1,000014,1790183288.7532954,22018.6368833,7.027757800002291,candidate-measurement,0027E3,valid,10211,0,True,
20,1,000014,1790183288.9608681,22018.844458,7.235332500000368,candidate-measurement,0027E3,valid,10211,0,True,
20,1,000014,1790183289.1528652,22019.0364537,7.427328199999465,candidate-measurement,0027E3,valid,10211,0,True,
20,1,000014,1790183289.3448482,22019.2284366,7.619311099999322,candidate-measurement,0027E3,valid,10211,0,True,
20,1,000014,1790183289.5522704,22019.4358584,7.826732900000934,candidate-measurement,0027E3,valid,10211,0,True,
20,1,000014,1790183289.7442715,22019.6278592,8.018733700002485,candidate-measurement,0027E3,valid,10211,0,True,
20,1,000014,1790183289.9358451,22019.8194331,8.210307600002125,candidate-measurement,0027E3,valid,10211,0,True,
20,1,000014,1790183290.1438422,22020.0274293,8.418303800001013,candidate-measurement,0027E3,valid,10211,0,True,
20,1,000014,1790183290.335823,22020.2194114,8.610285900002054,candidate-measurement,0027E3,valid,10211,0,True,
20,1,000014,1790183290.527228,22020.4108168,8.80169129999922,candidate-measurement,0027E3,valid,10211,0,True,
20,1,000014,1790183290.7192216,22020.60281,8.993684500001109,candidate-measurement,0027E3,valid,10211,0,True,
20,1,000014,1790183290.9268107,22020.8104003,9.201274800001556,candidate-measurement,0027E3,valid,10211,0,True,
20,1,000014,1790183291.118794,22021.0023815,9.393255999999383,candidate-measurement,0027E3,valid,10211,0,True,
20,1,000014,1790183291.310785,22021.1943733,9.585247800001525,candidate-measurement,0027E3,valid,10211,0,True,
20,1,000014,1790183291.51879,22021.4023799,9.793254399999569,candidate-measurement,0027E3,valid,10211,0,True,
20,1,000014,1790183291.7101936,22021.5937845,9.984659000001557,candidate-measurement,0027E3,valid,10211,0,True,
20,1,000014,1790183291.9021907,22021.7857788,10.176653300000908,candidate-measurement,0027E3,valid,10211,0,True,
20,1,000014,1790183292.1097689,22021.9933557,10.384230200001184,candidate-measurement,0027E3,valid,10211,0,True,
20,1,000014,1790183292.3177521,22022.2013396,10.592214100001001,candidate-measurement,0027E3,valid,10211,0,True,
20,1,000014,1790183292.5091794,22022.3927678,10.783642300000793,candidate-measurement,0027E3,valid,10211,0,True,
20,1,000014,1790183292.7011647,22022.5847545,10.975629000000481,candidate-measurement,0027E3,valid,10211,0,True,
20,1,000014,1790183292.8927503,22022.7763398,11.167214299999614,candidate-measurement,0027E3,valid,10211,0,True,
20,1,000014,1790183293.0847561,22022.9683437,11.359218199999304,candidate-measurement,0027E3,valid,10211,0,True,
20,1,000014,1790183293.276721,22023.1603083,11.551182800001698,candidate-measurement,0027E3,valid,10211,0,True,
20,1,000014,1790183293.4841309,22023.3677187,11.758593200000178,candidate-measurement,0027E3,valid,10211,0,True,
20,1,000014,1790183293.676128,22023.5597192,11.950593699999445,candidate-measurement,0027E3,valid,10211,0,True,
20,1,000014,1790183293.8681293,22023.7517177,12.142592200001673,candidate-measurement,0027E3,valid,10211,0,True,
20,1,000014,1790183294.075707,22023.959295,12.350169500001357,candidate-measurement,0027E3,valid,10211,0,True,
20,1,000014,1790183294.2676883,22024.1512764,12.542150900000706,candidate-measurement,0027E3,valid,10211,0,True,
20,1,000014,1790183294.4596815,22024.3432691,12.734143600002426,candidate-measurement,0027E3,valid,10211,0,True,
20,1,000014,1790183294.651672,22024.5352609,12.92613540000093,candidate-measurement,0027E3,valid,10211,0,True,
20,1,000014,1790183294.8590848,22024.7426739,13.133548400001018,candidate-measurement,0027E3,valid,10211,0,True,
20,1,000014,1790183295.051091,22024.9346783,13.325552800000878,candidate-measurement,0027E3,valid,10211,0,True,
20,1,000014,1790183295.2426634,22025.1262496,13.517124100002547,candidate-measurement,0027E3,valid,10211,0,True,
20,1,000014,1790183295.4506493,22025.3342368,13.725111300002027,candidate-measurement,0027E3,valid,10211,0,True,
20,1,000014,1790183295.642641,22025.5262294,13.917103899999347,candidate-measurement,0027E3,valid,10211,0,True,
20,1,000014,1790183295.834067,22025.7176562,14.108530699999392,candidate-measurement,0027E3,valid,10211,0,True,
20,1,000014,1790183296.0420642,22025.9256523,14.316526800001157,candidate-measurement,0027E3,valid,10211,0,True,
20,1,000014,1790183296.2496343,22026.1332223,14.524096799999825,candidate-measurement,0027E3,valid,10211,0,True,
20,1,000014,1790183296.4416146,22026.3252033,14.716077799999766,candidate-measurement,0027E3,valid,10211,0,True,
20,1,000014,1790183296.633618,22026.5172076,14.908082100002503,candidate-measurement,0027E3,valid,10211,0,True,
21,1,000015,1790183299.542941,22029.4265298,0.20239369999762857,candidate-warmup,0027A7,valid,10151,-60,True,
21,1,000015,1790183299.7345226,22029.6181114,0.39397529999769176,candidate-warmup,0027A7,valid,10151,0,True,
21,1,000015,1790183299.926518,22029.8101064,0.5859702999987348,candidate-warmup,0027A7,valid,10151,0,True,
21,1,000015,1790183300.1179335,22030.0015218,0.7773856999992859,candidate-warmup,0027A7,valid,10151,0,True,
21,1,000015,1790183300.309916,22030.1935037,0.9693675999988045,candidate-warmup,0027A7,valid,10151,0,True,
21,1,000015,1790183300.5014958,22030.3850845,1.160948400000052,candidate-warmup,0027A7,valid,10151,0,True,
21,1,000015,1790183300.7094917,22030.5930794,1.3689432999999553,candidate-warmup,0027A7,valid,10151,0,True,
21,1,000015,1790183300.9014795,22030.7850678,1.5609316999980365,candidate-warmup,0027A7,valid,10151,0,True,
21,1,000015,1790183301.093487,22030.9770729,1.7529367999995884,candidate-warmup,0027A7,valid,10151,0,True,
21,1,000015,1790183301.3008928,22031.1844805,1.9603443999985757,candidate-warmup,0027A7,valid,10151,0,True,
21,1,000015,1790183301.4928813,22031.3764698,2.152333699999872,candidate-warmup,0027A7,valid,10151,0,True,
21,1,000015,1790183301.6844618,22031.5680496,2.343913499997143,candidate-warmup,0027A7,valid,10151,0,True,
21,1,000015,1790183301.8764553,22031.760043,2.5359068999969168,candidate-warmup,0027A7,valid,10151,0,True,
21,1,000015,1790183302.0844462,22031.9680342,2.7438980999977503,candidate-warmup,0027A7,valid,10151,0,True,
21,1,000015,1790183302.275865,22032.1594525,2.9353163999985554,candidate-warmup,0027A7,valid,10151,0,True,
21,1,000015,1790183302.4678495,22032.3514376,3.1273014999969746,candidate-warmup,0027A7,valid,10151,0,True,
21,1,000015,1790183302.6754968,22032.5590857,3.334949599997344,candidate-warmup,0027A7,valid,10151,0,True,
21,1,000015,1790183302.867409,22032.7509977,3.5268615999993926,candidate-warmup,0027A7,valid,10151,0,True,
21,1,000015,1790183303.0594053,22032.9429947,3.718858599997475,candidate-warmup,0027A7,valid,10151,0,True,
21,1,000015,1790183303.2674108,22033.1509996,3.9268634999971255,candidate-warmup,0027A7,valid,10151,0,True,
21,1,000015,1790183303.4593909,22033.3429793,4.118843199998082,candidate-warmup,0027A7,valid,10151,0,True,
21,1,000015,1790183303.6513922,22033.5349807,4.310844599996926,candidate-warmup,0027A7,valid,10151,0,True,
21,1,000015,1790183303.8428006,22033.7263903,4.502254199996969,candidate-warmup,0027A6,valid,10150,-1,True,
21,1,000015,1790183304.0508065,22033.9343947,4.710258600000088,candidate-warmup,0027A6,valid,10150,0,True,
21,1,000015,1790183304.2423806,22034.1259685,4.901832399998966,candidate-warmup,0027A6,valid,10150,0,True,
21,1,000015,1790183304.4343603,22034.3179488,5.0938126999972155,candidate-warmup,0027A6,valid,10150,0,True,
21,1,000015,1790183304.6423576,22034.5259476,5.3018114999977115,candidate-warmup,0027A6,valid,10150,0,True,
21,1,000015,1790183304.8337717,22034.7173617,5.493225599999278,candidate-warmup,0027A6,valid,10150,0,True,
21,1,000015,1790183305.0257652,22034.9093545,5.685218399998121,candidate-warmup,0027A6,valid,10150,0,True,
21,1,000015,1790183305.2333393,22035.1169277,5.8927915999993274,candidate-warmup,0027A6,valid,10150,0,True,
21,1,000015,1790183305.4253325,22035.3089212,6.084785099999863,candidate-warmup,0027A6,valid,10150,0,True,
21,1,000015,1790183305.6173382,22035.5009236,6.276787499999045,candidate-warmup,0027A6,valid,10150,0,True,
21,1,000015,1790183305.808783,22035.6923712,6.4682350999974005,candidate-warmup,0027A6,valid,10150,0,True,
21,1,000015,1790183306.0167272,22035.9003155,6.676179399997636,candidate-warmup,0027A6,valid,10150,0,True,
21,1,000015,1790183306.2083056,22036.0918932,6.867757099997107,candidate-warmup,0027A6,valid,10150,0,True,
21,1,000015,1790183306.4003065,22036.2838952,7.059759099996882,candidate-measurement,0027A6,valid,10150,0,True,
21,1,000015,1790183306.6082985,22036.4918876,7.2677514999995765,candidate-measurement,0027A6,valid,10150,0,True,
21,1,000015,1790183306.8002903,22036.683879,7.459742899998673,candidate-measurement,0027A5,valid,10149,-1,True,
21,1,000015,1790183306.9922905,22036.8758785,7.651742399997602,candidate-measurement,0027A5,valid,10149,0,True,
21,1,000015,1790183307.1996999,22037.0832877,7.859151599997858,candidate-measurement,0027A5,valid,10149,0,True,
21,1,000015,1790183307.3916864,22037.2752748,8.051138699996955,candidate-measurement,0027A5,valid,10149,0,True,
21,1,000015,1790183307.5836937,22037.4672818,8.243145699998422,candidate-measurement,0027A5,valid,10149,0,True,
21,1,000015,1790183307.7752738,22037.6588608,8.434724699996877,candidate-measurement,0027A5,valid,10149,0,True,
21,1,000015,1790183307.983298,22037.8668839,8.642747799996869,candidate-measurement,0027A5,valid,10149,0,True,
21,1,000015,1790183308.1746664,22038.0582537,8.834117599999445,candidate-measurement,0027A5,valid,10149,0,True,
21,1,000015,1790183308.3666792,22038.2502703,9.026134199997614,candidate-measurement,0027A5,valid,10149,0,True,
21,1,000015,1790183308.5746567,22038.4582469,9.234110800000053,candidate-measurement,0027A5,valid,10149,0,True,
21,1,000015,1790183308.7662137,22038.6498049,9.425668799998675,candidate-measurement,0027A5,valid,10149,0,True,
21,1,000015,1790183308.958224,22038.8418134,9.617677299997013,candidate-measurement,0027A5,valid,10149,0,True,
21,1,000015,1790183309.1502213,22039.0338081,9.80967199999941,candidate-measurement,0027A5,valid,10149,0,True,
21,1,000015,1790183309.3582156,22039.2418041,10.017667999996775,candidate-measurement,0027A5,valid,10149,0,True,
21,1,000015,1790183309.549626,22039.4332143,10.209078199997748,candidate-measurement,0027A5,valid,10149,0,True,
21,1,000015,1790183309.74161,22039.6251996,10.40106349999769,candidate-measurement,0027A5,valid,10149,0,True,
21,1,000015,1790183309.9491937,22039.8327819,10.608645799999067,candidate-measurement,0027A5,valid,10149,0,True,
21,1,000015,1790183310.141182,22040.0247699,10.80063379999774,candidate-measurement,0027A5,valid,10149,0,True,
21,1,000015,1790183310.3325925,22040.2161829,10.992046799998207,candidate-measurement,0027A5,valid,10149,0,True,
21,1,000015,1790183310.5405836,22040.4241718,11.200035699999717,candidate-measurement,0027A5,valid,10149,0,True,
21,1,000015,1790183310.7481658,22040.6317544,11.40761829999974,candidate-measurement,0027A5,valid,10149,0,True,
21,1,000015,1790183310.9401765,22040.8237664,11.599630299999262,candidate-measurement,0027A4,valid,10148,-1,True,
21,1,000015,1790183311.1321585,22041.015746,11.791609899999457,candidate-measurement,0027A4,valid,10148,0,True,
21,1,000015,1790183311.3241475,22041.2077338,11.983597700000246,candidate-measurement,0027A3,valid,10147,-1,True,
21,1,000015,1790183311.5155602,22041.3991485,12.175012399999105,candidate-measurement,0027A3,valid,10147,0,True,
21,1,000015,1790183311.7075534,22041.5911409,12.36700479999854,candidate-measurement,0027A2,valid,10146,-1,True,
21,1,000015,1790183311.9155462,22041.799135,12.574998899999628,candidate-measurement,0027A1,valid,10145,-1,True,
21,1,000015,1790183312.1075518,22041.9911397,12.767003599998134,candidate-measurement,0027A1,valid,10145,0,True,
21,1,000015,1790183312.2991095,22042.1826975,12.958561399998871,candidate-measurement,0027A1,valid,10145,0,True,
21,1,000015,1790183312.5071228,22042.3907093,13.16657320000013,candidate-measurement,0027A1,valid,10145,0,True,
21,1,000015,1790183312.6991117,22042.5826995,13.358563399997365,candidate-measurement,0027A1,valid,10145,0,True,
21,1,000015,1790183312.890514,22042.7741019,13.549965799997153,candidate-measurement,0027A1,valid,10145,0,True,
21,1,000015,1790183313.0825024,22042.9660897,13.741953599997942,candidate-measurement,0027A1,valid,10145,0,True,
21,1,000015,1790183313.290086,22043.1736739,13.949537799999234,candidate-measurement,00279F,valid,10143,-2,True,
21,1,000015,1790183313.4820797,22043.36567,14.14153389999774,candidate-measurement,00279F,valid,10143,0,True,
21,1,000015,1790183313.6740582,22043.5576471,14.333510999997088,candidate-measurement,00279F,valid,10143,0,True,
21,1,000015,1790183313.882069,22043.7656585,14.54152239999894,candidate-measurement,00279F,valid,10143,0,True,
21,1,000015,1790183314.073478,22043.9570664,14.732930299996951,candidate-measurement,00279E,valid,10142,-1,True,
21,1,000015,1790183314.2654757,22044.1490619,14.924925799998164,candidate-measurement,00279E,valid,10142,0,True,
22,1,000016,1790183317.1589565,22047.0425447,0.20197820000248612,candidate-warmup,002774,valid,10100,-41,True,
22,1,000016,1790183317.3509526,22047.2345433,0.39397680000183755,candidate-warmup,002774,valid,10100,0,True,
22,1,000016,1790183317.5429356,22047.426526,0.5859595000001718,candidate-warmup,002774,valid,10100,0,True,
22,1,000016,1790183317.734943,22047.618531,0.7779645000009623,candidate-warmup,002774,valid,10100,0,True,
22,1,000016,1790183317.9263484,22047.8099375,0.9693709999992279,candidate-warmup,002774,valid,10100,0,True,
22,1,000016,1790183318.1183474,22048.0019342,1.1613677000023017,candidate-warmup,002774,valid,10100,0,True,
22,1,000016,1790183318.3099303,22048.1935181,1.3529516000016883,candidate-warmup,002774,valid,10100,0,True,
22,1,000016,1790183318.5019152,22048.3855063,1.5449398000018846,candidate-warmup,002774,valid,10100,0,True,
22,1,000016,1790183318.6939054,22048.5774955,1.7369290000024193,candidate-warmup,002774,valid,10100,0,True,
22,1,000016,1790183318.8853345,22048.7689223,1.928355800002464,candidate-warmup,002774,valid,10100,0,True,
22,1,000016,1790183319.0773108,22048.9608984,2.1203319000014744,candidate-warmup,002774,valid,10100,0,True,
22,1,000016,1790183319.268893,22049.1524808,2.3119143000003533,candidate-warmup,002774,valid,10100,0,True,
22,1,000016,1790183319.4608788,22049.3444675,2.5039010000000417,candidate-warmup,002774,valid,10100,0,True,
22,1,000016,1790183319.6529098,22049.5364968,2.6959303000003274,candidate-warmup,002774,valid,10100,0,True,
22,1,000016,1790183319.8448787,22049.7284662,2.8878996999992523,candidate-warmup,002774,valid,10100,0,True,
22,1,000016,1790183320.0363142,22049.9198986,3.0793321000019205,candidate-warmup,002774,valid,10100,0,True,
22,1,000016,1790183320.2282739,22050.1118622,3.271295700000337,candidate-warmup,002774,valid,10100,0,True,
22,1,000016,1790183320.4358494,22050.3194374,3.478870900002221,candidate-warmup,002774,valid,10100,0,True,
22,1,000016,1790183320.627849,22050.5114362,3.6708696999994572,candidate-warmup,002774,valid,10100,0,True,
22,1,000016,1790183320.819839,22050.7034269,3.8628604000005,candidate-warmup,002774,valid,10100,0,True,
22,1,000016,1790183321.0118852,22050.8954734,4.054906900000788,candidate-warmup,002774,valid,10100,0,True,
22,1,000016,1790183321.2192526,22051.1028398,4.262273300002562,candidate-warmup,002774,valid,10100,0,True,
22,1,000016,1790183321.4108207,22051.2944113,4.453844800002116,candidate-warmup,002774,valid,10100,0,True,
22,1,000016,1790183321.6028187,22051.4864099,4.645843400001468,candidate-warmup,002774,valid,10100,0,True,
22,1,000016,1790183321.8108082,22051.6943969,4.853830399999424,candidate-warmup,002774,valid,10100,0,True,
22,1,000016,1790183322.002231,22051.8858188,5.045252300002176,candidate-warmup,002774,valid,10100,0,True,
22,1,000016,1790183322.194223,22052.0778109,5.237244399999327,candidate-warmup,002774,valid,10100,0,True,
22,1,000016,1790183322.4017894,22052.2853774,5.444810900000448,candidate-warmup,002774,valid,10100,0,True,
22,1,000016,1790183322.5937884,22052.4773762,5.636809700001322,candidate-warmup,002774,valid,10100,0,True,
22,1,000016,1790183322.7857823,22052.6693715,5.828805000001012,candidate-warmup,002774,valid,10100,0,True,
22,1,000016,1790183322.9777613,22052.8613509,6.020784399999684,candidate-warmup,002774,valid,10100,0,True,
22,1,000016,1790183323.1851869,22053.0687751,6.2282086000013805,candidate-warmup,002774,valid,10100,0,True,
22,1,000016,1790183323.3771858,22053.2607737,6.420207200000732,candidate-warmup,002774,valid,10100,0,True,
22,1,000016,1790183323.5687501,22053.4523412,6.61177470000257,candidate-warmup,002774,valid,10100,0,True,
22,1,000016,1790183323.776749,22053.6603367,6.819770199999766,candidate-warmup,002774,valid,10100,0,True,
22,1,000016,1790183323.9682024,22053.851788,7.011221500000829,candidate-measurement,002774,valid,10100,0,True,
22,1,000016,1790183324.1601458,22054.0437338,7.203167300001951,candidate-measurement,002774,valid,10100,0,True,
22,1,000016,1790183324.367725,22054.2513125,7.410746000001382,candidate-measurement,002774,valid,10100,0,True,
22,1,000016,1790183324.5597203,22054.4433081,7.602741599999717,candidate-measurement,002774,valid,10100,0,True,
22,1,000016,1790183324.75172,22054.635307,7.794740500001353,candidate-measurement,002774,valid,10100,0,True,
22,1,000016,1790183324.9437132,22054.827302,7.986735500002396,candidate-measurement,002774,valid,10100,0,True,
22,1,000016,1790183325.1511183,22055.0347065,8.194139999999607,candidate-measurement,002774,valid,10100,0,True,
22,1,000016,1790183325.3431108,22055.2266995,8.386132999999973,candidate-measurement,002774,valid,10100,0,True,
22,1,000016,1790183325.5346875,22055.4182778,8.577711300000374,candidate-measurement,002773,valid,10099,-1,True,
22,1,000016,1790183325.7426896,22055.6262784,8.785711900000024,candidate-measurement,002773,valid,10099,0,True,
22,1,000016,1790183325.9346752,22055.8182634,8.97769690000132,candidate-measurement,002773,valid,10099,0,True,
22,1,000016,1790183326.126676,22056.0102629,9.169696400000248,candidate-measurement,002773,valid,10099,0,True,
22,1,000016,1790183326.3340752,22056.217663,9.377096500000334,candidate-measurement,002773,valid,10099,0,True,
22,1,000016,1790183326.5420759,22056.4256644,9.585097900002438,candidate-measurement,002773,valid,10099,0,True,
22,1,000016,1790183326.7336535,22056.6172416,9.77667510000174,candidate-measurement,002771,valid,10097,-2,True,
22,1,000016,1790183326.9256496,22056.8092382,9.968671700000414,candidate-measurement,002771,valid,10097,0,True,
22,1,000016,1790183327.1176522,22057.0012385,10.160672000001796,candidate-measurement,002771,valid,10097,0,True,
22,1,000016,1790183327.3096383,22057.1932263,10.352659800002584,candidate-measurement,002771,valid,10097,0,True,
22,1,000016,1790183327.501042,22057.3846335,10.544067000002542,candidate-measurement,002771,valid,10097,0,True,
22,1,000016,1790183327.7090652,22057.5926514,10.752084899999318,candidate-measurement,002771,valid,10097,0,True,
22,1,000016,1790183327.9010534,22057.7846394,10.944072900001629,candidate-measurement,002771,valid,10097,0,True,
22,1,000016,1790183328.092603,22057.9761889,11.135622400001012,candidate-measurement,002771,valid,10097,0,True,
22,1,000016,1790183328.3006084,22058.1841963,11.343629800001509,candidate-measurement,002771,valid,10097,0,True,
22,1,000016,1790183328.4925976,22058.3761854,11.535618900001282,candidate-measurement,002771,valid,10097,0,True,
22,1,000016,1790183328.6839964,22058.5675851,11.727018600002339,candidate-measurement,002771,valid,10097,0,True,
22,1,000016,1790183328.8760026,22058.7595908,11.919024300001183,candidate-measurement,002771,valid,10097,0,True,
22,1,000016,1790183329.0835795,22058.9671676,12.126601100000698,candidate-measurement,00276F,valid,10095,-2,True,
22,1,000016,1790183329.2755692,22059.1591557,12.318589200000133,candidate-measurement,00276B,valid,10091,-4,True,
22,1,000016,1790183329.4675653,22059.3511535,12.510587000000669,candidate-measurement,00276B,valid,10091,0,True,
22,1,000016,1790183329.675543,22059.5591307,12.7185642000004,candidate-measurement,00276B,valid,10091,0,True,
22,1,000016,1790183329.8669617,22059.7505497,12.90998319999926,candidate-measurement,002769,valid,10089,-2,True,
22,1,000016,1790183330.058966,22059.9425534,13.101986900001066,candidate-measurement,002769,valid,10089,0,True,
22,1,000016,1790183330.2669606,22060.1505483,13.309981800000969,candidate-measurement,002769,valid,10089,0,True,
22,1,000016,1790183330.458539,22060.3421271,13.50156060000154,candidate-measurement,002769,valid,10089,0,True,
22,1,000016,1790183330.6505313,22060.5341194,13.693552900000213,candidate-measurement,002769,valid,10089,0,True,
22,1,000016,1790183330.8425212,22060.7261091,13.885542600000917,candidate-measurement,002768,valid,10088,-1,True,
22,1,000016,1790183331.050519,22060.9341071,14.093540600002598,candidate-measurement,002765,valid,10085,-3,True,
22,1,000016,1790183331.2419348,22061.1255225,14.28495599999951,candidate-measurement,002765,valid,10085,0,True,
22,1,000016,1790183331.4339116,22061.3174993,14.476932800000213,candidate-measurement,002765,valid,10085,0,True,
22,1,000016,1790183331.6414974,22061.5250852,14.684518699999899,candidate-measurement,002765,valid,10085,0,True,
22,1,000016,1790183331.8334973,22061.7170856,14.876519100002042,candidate-measurement,002765,valid,10085,0,True,
23,1,000017,1790183334.7743924,22064.6579802,0.20198250000248663,candidate-warmup,002730,valid,10032,-53,True,
23,1,000017,1790183334.965818,22064.8494062,0.39340850000007777,candidate-warmup,002730,valid,10032,0,True,
23,1,000017,1790183335.157792,22065.0413803,0.585382600002049,candidate-warmup,002730,valid,10032,0,True,
23,1,000017,1790183335.3493743,22065.2329624,0.7769647000022815,candidate-warmup,002730,valid,10032,0,True,
23,1,000017,1790183335.5413673,22065.4249562,0.9689585000014631,candidate-warmup,002730,valid,10032,0,True,
23,1,000017,1790183335.7493677,22065.6329567,1.1769590000003518,candidate-warmup,002730,valid,10032,0,True,
23,1,000017,1790183335.9407806,22065.8243681,1.3683703999995487,candidate-warmup,002730,valid,10032,0,True,
23,1,000017,1790183336.1327877,22066.0163752,1.5603775000017777,candidate-warmup,002730,valid,10032,0,True,
23,1,000017,1790183336.3243356,22066.2079237,1.7519260000008217,candidate-warmup,002730,valid,10032,0,True,
23,1,000017,1790183336.5163417,22066.3999289,1.943931199999497,candidate-warmup,002730,valid,10032,0,True,
23,1,000017,1790183336.708336,22066.5919244,2.1359267000007094,candidate-warmup,002730,valid,10032,0,True,
23,1,000017,1790183336.8997426,22066.7833307,2.32733300000109,candidate-warmup,002730,valid,10032,0,True,
23,1,000017,1790183337.091739,22066.9753273,2.5193295999997645,candidate-warmup,002730,valid,10032,0,True,
23,1,000017,1790183337.2833111,22067.1668994,2.7109017000002495,candidate-warmup,002730,valid,10032,0,True,
23,1,000017,1790183337.4913046,22067.3748929,2.9188952000004065,candidate-warmup,002730,valid,10032,0,True,
23,1,000017,1790183337.6833057,22067.5668933,3.11089560000255,candidate-warmup,002730,valid,10032,0,True,
23,1,000017,1790183337.8747108,22067.7582989,3.3023012000012386,candidate-warmup,002730,valid,10032,0,True,
23,1,000017,1790183338.0667224,22067.9503105,3.494312800001353,candidate-warmup,002730,valid,10032,0,True,
23,1,000017,1790183338.274278,22068.1578649,3.7018672000012884,candidate-warmup,002730,valid,10032,0,True,
23,1,000017,1790183338.466273,22068.349861,3.8938632999997935,candidate-warmup,002730,valid,10032,0,True,
23,1,000017,1790183338.6582732,22068.5418609,4.085863200001768,candidate-warmup,002730,valid,10032,0,True,
23,1,000017,1790183338.8656678,22068.7492561,4.293258400000923,candidate-warmup,002730,valid,10032,0,True,
23,1,000017,1790183339.0576873,22068.9412752,4.485277499999938,candidate-warmup,002730,valid,10032,0,True,
23,1,000017,1790183339.2492585,22069.1328467,4.676848999999493,candidate-warmup,002730,valid,10032,0,True,
23,1,000017,1790183339.4572387,22069.3408263,4.8848285999993095,candidate-warmup,002730,valid,10032,0,True,
23,1,000017,1790183339.6492314,22069.5328197,5.076822000002721,candidate-warmup,002730,valid,10032,0,True,
23,1,000017,1790183339.8406677,22069.7242551,5.268257400002767,candidate-warmup,002730,valid,10032,0,True,
23,1,000017,1790183340.0322168,22069.9158049,5.459807200000796,candidate-warmup,002730,valid,10032,0,True,
23,1,000017,1790183340.2402196,22070.1238078,5.66781009999977,candidate-warmup,002730,valid,10032,0,True,
23,1,000017,1790183340.4322133,22070.3158012,5.859803499999543,candidate-warmup,002730,valid,10032,0,True,
23,1,000017,1790183340.6242077,22070.5077954,6.051797700001771,candidate-warmup,002730,valid,10032,0,True,
23,1,000017,1790183340.8316247,22070.7152129,6.259215199999744,candidate-warmup,002730,valid,10032,0,True,
23,1,000017,1790183341.0236242,22070.9072121,6.451214400000026,candidate-warmup,002730,valid,10032,0,True,
23,1,000017,1790183341.215611,22071.0991986,6.64320090000183,candidate-warmup,00272F,valid,10031,-1,True,
23,1,000017,1790183341.4231708,22071.3067591,6.85076140000092,candidate-warmup,00272F,valid,10031,0,True,
23,1,000017,1790183341.6152,22071.4987881,7.042790400002559,candidate-measurement,00272F,valid,10031,0,True,
23,1,000017,1790183341.8071887,22071.6907763,7.234778600002755,candidate-measurement,00272F,valid,10031,0,True,
23,1,000017,1790183341.998578,22071.8821661,7.426168400001188,candidate-measurement,00272F,valid,10031,0,True,
23,1,000017,1790183342.2062025,22072.0897899,7.633792200002063,candidate-measurement,00272F,valid,10031,0,True,
23,1,000017,1790183342.3981469,22072.281734,7.825736300001154,candidate-measurement,00272F,valid,10031,0,True,
23,1,000017,1790183342.5901368,22072.4737245,8.017726800000673,candidate-measurement,00272F,valid,10031,0,True,
23,1,000017,1790183342.7981362,22072.6817245,8.225726799999393,candidate-measurement,00272F,valid,10031,0,True,
23,1,000017,1790183342.9895499,22072.8731365,8.41713879999952,candidate-measurement,00272F,valid,10031,0,True,
23,1,000017,1790183343.1815445,22073.0651324,8.60913470000014,candidate-measurement,00272F,valid,10031,0,True,
23,1,000017,1790183343.3891866,22073.2727746,8.81677689999924,candidate-measurement,00272F,valid,10031,0,True,
23,1,000017,1790183343.597131,22073.4807176,9.024719900000491,candidate-measurement,00272F,valid,10031,0,True,
23,1,000017,1790183343.789107,22073.6726957,9.216698000000179,candidate-measurement,00272F,valid,10031,0,True,
23,1,000017,1790183343.980513,22073.864101,9.40810330000022,candidate-measurement,00272F,valid,10031,0,True,
23,1,000017,1790183344.1725097,22074.0560973,9.600099600000249,candidate-measurement,00272F,valid,10031,0,True,
23,1,000017,1790183344.364513,22074.2481011,9.792103400002816,candidate-measurement,00272F,valid,10031,0,True,
23,1,000017,1790183344.5560777,22074.4396657,9.983668000000762,candidate-measurement,00272F,valid,10031,0,True,
23,1,000017,1790183344.7640746,22074.6476626,10.191664900001342,candidate-measurement,00272F,valid,10031,0,True,
23,1,000017,1790183344.956061,22074.8396488,10.383651100000861,candidate-measurement,00272F,valid,10031,0,True,
23,1,000017,1790183345.148074,22075.0316616,10.5756638999992,candidate-measurement,00272F,valid,10031,0,True,
23,1,000017,1790183345.3554602,22075.2390485,10.783050800000638,candidate-measurement,00272F,valid,10031,0,True,
23,1,000017,1790183345.5474682,22075.431054,10.975056300001597,candidate-measurement,00272F,valid,10031,0,True,
23,1,000017,1790183345.7390578,22075.6226447,11.16664700000183,candidate-measurement,00272F,valid,10031,0,True,
23,1,000017,1790183345.9310336,22075.8146219,11.358624200001941,candidate-measurement,00272F,valid,10031,0,True,
23,1,000017,1790183346.139061,22076.0226457,11.566647999999986,candidate-measurement,00272F,valid,10031,0,True,
23,1,000017,1790183346.3304513,22076.2140389,11.75804120000248,candidate-measurement,00272F,valid,10031,0,True,
23,1,000017,1790183346.5224352,22076.4060223,11.950024600002507,candidate-measurement,00272F,valid,10031,0,True,
23,1,000017,1790183346.730011,22076.6135985,12.157600800001092,candidate-measurement,00272F,valid,10031,0,True,
23,1,000017,1790183346.9219992,22076.8055869,12.34958920000281,candidate-measurement,00272F,valid,10031,0,True,
23,1,000017,1790183347.1134326,22076.9970185,12.541020799999387,candidate-measurement,00272F,valid,10031,0,True,
23,1,000017,1790183347.321405,22077.2049932,12.74899550000191,candidate-measurement,00272F,valid,10031,0,True,
23,1,000017,1790183347.5133977,22077.3969871,12.940989400001854,candidate-measurement,00272F,valid,10031,0,True,
23,1,000017,1790183347.7049787,22077.5885683,13.13257060000251,candidate-measurement,00272F,valid,10031,0,True,
23,1,000017,1790183347.896958,22077.7805482,13.32455050000135,candidate-measurement,00272F,valid,10031,0,True,
23,1,000017,1790183348.1049595,22077.9885468,13.532549100000324,candidate-measurement,00272F,valid,10031,0,True,
23,1,000017,1790183348.2963831,22078.1799715,13.723973800002568,candidate-measurement,00272F,valid,10031,0,True,
23,1,000017,1790183348.488369,22078.3719589,13.91596120000031,candidate-measurement,00272F,valid,10031,0,True,
23,1,000017,1790183348.6959445,22078.5795326,14.123534900001687,candidate-measurement,00272F,valid,10031,0,True,
23,1,000017,1790183348.8879387,22078.7715254,14.31552770000053,candidate-measurement,00272F,valid,10031,0,True,
23,1,000017,1790183349.0799258,22078.9635139,14.507516199999372,candidate-measurement,00272F,valid,10031,0,True,
23,1,000017,1790183349.2873414,22079.1709294,14.714931700000307,candidate-measurement,00272F,valid,10031,0,True,
23,1,000017,1790183349.4793344,22079.3629223,14.906924599999911,candidate-measurement,00272F,valid,10031,0,True,
24,1,000018,1790183352.4038272,22082.2874153,0.20198920000257203,candidate-warmup,00270B,valid,9995,-36,True,
24,1,000018,1790183352.5958157,22082.4794071,0.3939810000010766,candidate-warmup,00270B,valid,9995,0,True,
24,1,000018,1790183352.7878025,22082.6713913,0.5859651999999187,candidate-warmup,00270B,valid,9995,0,True,
24,1,000018,1790183352.9792223,22082.8628124,0.7773863000002166,candidate-warmup,00270B,valid,9995,0,True,
24,1,000018,1790183353.17122,22083.0548084,0.9693823000015982,candidate-warmup,00270B,valid,9995,0,True,
24,1,000018,1790183353.379218,22083.2628066,1.1773805000011635,candidate-warmup,00270B,valid,9995,0,True,
24,1,000018,1790183353.570774,22083.4543631,1.3689370000029157,candidate-warmup,00270B,valid,9995,0,True,
24,1,000018,1790183353.7627842,22083.6463724,1.5609463000000687,candidate-warmup,00270B,valid,9995,0,True,
24,1,000018,1790183353.9708166,22083.8544032,1.768977100000484,candidate-warmup,00270B,valid,9995,0,True,
24,1,000018,1790183354.1621802,22084.0457684,1.9603423000007751,candidate-warmup,00270B,valid,9995,0,True,
24,1,000018,1790183354.3541822,22084.2377701,2.1523440000019036,candidate-warmup,00270B,valid,9995,0,True,
24,1,000018,1790183354.5617595,22084.445348,2.3599219000025187,candidate-warmup,00270B,valid,9995,0,True,
24,1,000018,1790183354.75376,22084.6373513,2.5519252000012784,candidate-warmup,00270B,valid,9995,0,True,
24,1,000018,1790183354.945736,22084.8293253,2.743899200002488,candidate-warmup,00270B,valid,9995,0,True,
24,1,000018,1790183355.1377404,22085.0213272,2.9359011000015016,candidate-warmup,00270B,valid,9995,0,True,
24,1,000018,1790183355.3451586,22085.2287468,3.1433207000009133,candidate-warmup,00270B,valid,9995,0,True,
24,1,000018,1790183355.5371397,22085.4207305,3.335304400003224,candidate-warmup,00270B,valid,9995,0,True,
24,1,000018,1790183355.7291377,22085.6127291,3.5273030000025756,candidate-warmup,00270B,valid,9995,0,True,
24,1,000018,1790183355.936706,22085.820297,3.7348708999998053,candidate-warmup,00270B,valid,9995,0,True,
24,1,000018,1790183356.1286986,22086.012287,3.9268609000027936,candidate-warmup,00270B,valid,9995,0,True,
24,1,000018,1790183356.3207204,22086.2043088,4.11888270000054,candidate-warmup,00270B,valid,9995,0,True,
24,1,000018,1790183356.5281188,22086.4117076,4.326281500001642,candidate-warmup,00270B,valid,9995,0,True,
24,1,000018,1790183356.7200983,22086.6036892,4.518263100002514,candidate-warmup,00270B,valid,9995,0,True,
24,1,000018,1790183356.9120998,22086.7956889,4.710262800002965,candidate-warmup,00270B,valid,9995,0,True,
24,1,000018,1790183357.1041265,22086.9876831,4.902257000001555,candidate-warmup,00270B,valid,9995,0,True,
24,1,000018,1790183357.311729,22087.195317,5.109890900002938,candidate-warmup,00270B,valid,9995,0,True,
24,1,000018,1790183357.5036478,22087.3872367,5.301810600001772,candidate-warmup,00270B,valid,9995,0,True,
24,1,000018,1790183357.6956434,22087.5792316,5.493805500002054,candidate-warmup,00270B,valid,9995,0,True,
24,1,000018,1790183357.9036548,22087.787243,5.701816900000267,candidate-warmup,00270B,valid,9995,0,True,
24,1,000018,1790183358.0950642,22087.9786525,5.893226400003186,candidate-warmup,00270B,valid,9995,0,True,
24,1,000018,1790183358.2870438,22088.170632,6.08520590000262,candidate-warmup,00270B,valid,9995,0,True,
24,1,000018,1790183358.4946327,22088.3782208,6.29279470000256,candidate-warmup,00270B,valid,9995,0,True,
24,1,000018,1790183358.702622,22088.5862105,6.500784400002885,candidate-warmup,00270B,valid,9995,0,True,
24,1,000018,1790183358.8946123,22088.7782022,6.6927761000006285,candidate-warmup,00270B,valid,9995,0,True,
24,1,000018,1790183359.0860221,22088.9696118,6.884185700000671,candidate-warmup,00270B,valid,9995,0,True,
24,1,000018,1790183359.2780166,22089.1616049,7.076178800001799,candidate-measurement,00270B,valid,9995,0,True,
24,1,000018,1790183359.4695973,22089.3531861,7.267760000002454,candidate-measurement,00270B,valid,9995,0,True,
24,1,000018,1790183359.6615877,22089.5451769,7.45975080000062,candidate-measurement,00270B,valid,9995,0,True,
24,1,000018,1790183359.8695827,22089.7531733,7.667747200001031,candidate-measurement,00270B,valid,9995,0,True,
24,1,000018,1790183360.0615754,22089.9451636,7.859737500002666,candidate-measurement,00270B,valid,9995,0,True,
24,1,000018,1790183360.253006,22090.1365925,8.051166400000511,candidate-measurement,00270B,valid,9995,0,True,
24,1,000018,1790183360.460984,22090.3445734,8.259147300002951,candidate-measurement,00270B,valid,9995,0,True,
24,1,000018,1790183360.6685612,22090.5521496,8.466723500001535,candidate-measurement,00270B,valid,9995,0,True,
24,1,000018,1790183360.8605473,22090.7441367,8.658710600000632,candidate-measurement,00270B,valid,9995,0,True,
24,1,000018,1790183361.0525453,22090.9361339,8.850707800000237,candidate-measurement,00270B,valid,9995,0,True,
24,1,000018,1790183361.2439609,22091.1275491,9.042123000002903,candidate-measurement,00270B,valid,9995,0,True,
24,1,000018,1790183361.4359553,22091.3195441,9.234118000000308,candidate-measurement,00270B,valid,9995,0,True,
24,1,000018,1790183361.6275167,22091.5111058,9.425679700001638,candidate-measurement,00270B,valid,9995,0,True,
24,1,000018,1790183361.8355103,22091.7190987,9.633672600000864,candidate-measurement,00270B,valid,9995,0,True,
24,1,000018,1790183362.0275204,22091.9111085,9.825682400001824,candidate-measurement,002709,valid,9993,-2,True,
24,1,000018,1790183362.2189276,22092.1025157,10.017089600001782,candidate-measurement,002709,valid,9993,0,True,
24,1,000018,1790183362.4269161,22092.3105046,10.225078499999654,candidate-measurement,002709,valid,9993,0,True,
24,1,000018,1790183362.6344957,22092.5180869,10.432660800001031,candidate-measurement,002709,valid,9993,0,True,
24,1,000018,1790183362.8264854,22092.7100727,10.624646600001142,candidate-measurement,002709,valid,9993,0,True,
24,1,000018,1790183363.0184937,22092.9020807,10.816654600002948,candidate-measurement,002709,valid,9993,0,True,
24,1,000018,1790183363.209895,22093.0934833,11.008057200000621,candidate-measurement,002709,valid,9993,0,True,
24,1,000018,1790183363.4018903,22093.2854795,11.200053399999888,candidate-measurement,002709,valid,9993,0,True,
24,1,000018,1790183363.5934708,22093.4770584,11.39163230000122,candidate-measurement,002709,valid,9993,0,True,
24,1,000018,1790183363.8014596,22093.6850474,11.599621299999853,candidate-measurement,002709,valid,9993,0,True,
24,1,000018,1790183363.9934607,22093.8770315,11.791605400001572,candidate-measurement,002709,valid,9993,0,True,
24,1,000018,1790183364.1854336,22094.0690218,11.983595700003207,candidate-measurement,002709,valid,9993,0,True,
24,1,000018,1790183364.3928525,22094.276442,12.191015899999911,candidate-measurement,002709,valid,9993,0,True,
24,1,000018,1790183364.5848563,22094.4684451,12.383019000000786,candidate-measurement,002709,valid,9993,0,True,
24,1,000018,1790183364.7764149,22094.6600058,12.574579700001777,candidate-measurement,002709,valid,9993,0,True,
24,1,000018,1790183364.9684172,22094.8520082,12.76658210000096,candidate-measurement,002709,valid,9993,0,True,
24,1,000018,1790183365.1764114,22095.0599998,12.974573700001201,candidate-measurement,002708,valid,9992,-1,True,
24,1,000018,1790183365.3683999,22095.251988,13.166561900001398,candidate-measurement,002708,valid,9992,0,True,
24,1,000018,1790183365.5598276,22095.4434161,13.357990000000427,candidate-measurement,002708,valid,9992,0,True,
24,1,000018,1790183365.7678113,22095.6514026,13.565976500001852,candidate-measurement,002708,valid,9992,0,True,
24,1,000018,1790183365.959827,22095.8434167,13.757990600002813,candidate-measurement,002708,valid,9992,0,True,
24,1,000018,1790183366.1513886,22096.0349749,13.949548800002958,candidate-measurement,002707,valid,9991,-1,True,
24,1,000018,1790183366.343383,22096.2269712,14.141545100002986,candidate-measurement,002706,valid,9990,-1,True,
24,1,000018,1790183366.551903,22096.4354898,14.350063699999737,candidate-measurement,002706,valid,9990,0,True,
24,1,000018,1790183366.743371,22096.6269589,14.541532800001733,candidate-measurement,002705,valid,9989,-1,True,
24,1,000018,1790183366.9347734,22096.8183638,14.732937700002367,candidate-measurement,002705,valid,9989,0,True,
24,1,000018,1790183367.142784,22097.0263707,14.940944600002695,candidate-measurement,002704,valid,9988,-1,True,
25,1,000019,1790183370.0202575,22099.9038456,0.20198160000290954,candidate-warmup,0026D4,valid,9940,-47,True,
25,1,000019,1790183370.2116642,22100.0952522,0.39338820000193664,candidate-warmup,0026D4,valid,9940,0,True,
25,1,000019,1790183370.4036639,22100.2872519,0.585387900002388,candidate-warmup,0026D4,valid,9940,0,True,
25,1,000019,1790183370.595238,22100.4788261,0.7769621000006737,candidate-warmup,0026D4,valid,9940,0,True,
25,1,000019,1790183370.787227,22100.6708183,0.968954300002224,candidate-warmup,0026D4,valid,9940,0,True,
25,1,000019,1790183370.9792285,22100.8628167,1.1609527000000526,candidate-warmup,0026D4,valid,9940,0,True,
25,1,000019,1790183371.171214,22101.0548019,1.3529379000028712,candidate-warmup,0026D4,valid,9940,0,True,
25,1,000019,1790183371.3626294,22101.2462171,1.5443531000018993,candidate-warmup,0026D4,valid,9940,0,True,
25,1,000019,1790183371.5546212,22101.4382092,1.7363452000026882,candidate-warmup,0026D4,valid,9940,0,True,
25,1,000019,1790183371.7462015,22101.6297896,1.92792560000089,candidate-warmup,0026D4,valid,9940,0,True,
25,1,000019,1790183371.9381876,22101.8217761,2.1199121000026935,candidate-warmup,0026D4,valid,9940,0,True,
25,1,000019,1790183372.1302073,22102.0137939,2.311929900002724,candidate-warmup,0026D4,valid,9940,0,True,
25,1,000019,1790183372.3215935,22102.2051817,2.50331770000048,candidate-warmup,0026D4,valid,9940,0,True,
25,1,000019,1790183372.5135956,22102.3971835,2.6953195000023698,candidate-warmup,0026D4,valid,9940,0,True,
25,1,000019,1790183372.705171,22102.5887591,2.8868951000004017,candidate-warmup,0026D4,valid,9940,0,True,
25,1,000019,1790183372.8971698,22102.7807583,3.078894300000684,candidate-warmup,0026D4,valid,9940,0,True,
25,1,000019,1790183373.0891705,22102.9727579,3.270893900000374,candidate-warmup,0026D4,valid,9940,0,True,
25,1,000019,1790183373.2805605,22103.1641475,3.4622835000009218,candidate-warmup,0026D4,valid,9940,0,True,
25,1,000019,1790183373.4726021,22103.3561889,3.6543249000023934,candidate-warmup,0026D4,valid,9940,0,True,
25,1,000019,1790183373.6641443,22103.5477325,3.845868500000506,candidate-warmup,0026D4,valid,9940,0,True,
25,1,000019,1790183373.856148,22103.7397354,4.037871399999858,candidate-warmup,0026D4,valid,9940,0,True,
25,1,000019,1790183374.048127,22103.9317142,4.229850200001238,candidate-warmup,0026D4,valid,9940,0,True,
25,1,000019,1790183374.240125,22104.1237132,4.421849199999997,candidate-warmup,0026D4,valid,9940,0,True,
25,1,000019,1790183374.4321206,22104.3157088,4.613844800001971,candidate-warmup,0026D4,valid,9940,0,True,
25,1,000019,1790183374.6235297,22104.5071179,4.805253900001844,candidate-warmup,0026D4,valid,9940,0,True,
25,1,000019,1790183374.8155217,22104.6991097,4.997245700000349,candidate-warmup,0026D4,valid,9940,0,True,
25,1,000019,1790183375.0070934,22104.8906819,5.188817900001595,candidate-warmup,0026D4,valid,9940,0,True,
25,1,000019,1790183375.1990798,22105.082668,5.380804000000353,candidate-warmup,0026D4,valid,9940,0,True,
25,1,000019,1790183375.391082,22105.2746706,5.5728066000010585,candidate-warmup,0026D4,valid,9940,0,True,
25,1,000019,1790183375.5824912,22105.4660789,5.764214900002116,candidate-warmup,0026D4,valid,9940,0,True,
25,1,000019,1790183375.7744946,22105.6580829,5.956218900002568,candidate-warmup,0026D4,valid,9940,0,True,
25,1,000019,1790183375.9660854,22105.8496726,6.147808600002463,candidate-warmup,0026D4,valid,9940,0,True,
25,1,000019,1790183376.1580586,22106.0416469,6.339782900002319,candidate-warmup,0026D4,valid,9940,0,True,
25,1,000019,1790183376.3500493,22106.2336377,6.531773700000485,candidate-warmup,0026D4,valid,9940,0,True,
25,1,000019,1790183376.5414639,22106.4250514,6.723187400002644,candidate-warmup,0026D4,valid,9940,0,True,
25,1,000019,1790183376.7334645,22106.6170527,6.915188700000726,candidate-warmup,0026D4,valid,9940,0,True,
25,1,000019,1790183376.9254587,22106.8090478,7.107183800002531,candidate-measurement,0026D4,valid,9940,0,True,
25,1,000019,1790183377.1170454,22107.0006317,7.2987677000019175,candidate-measurement,0026D4,valid,9940,0,True,
25,1,000019,1790183377.3090262,22107.1926145,7.490750500001013,candidate-measurement,0026D4,valid,9940,0,True,
25,1,000019,1790183377.5004332,22107.3840209,7.6821569000021555,candidate-measurement,0026D4,valid,9940,0,True,
25,1,000019,1790183377.6924288,22107.5760173,7.874153300002945,candidate-measurement,0026D4,valid,9940,0,True,
25,1,000019,1790183377.8840065,22107.7675949,8.065730900001654,candidate-measurement,0026D4,valid,9940,0,True,
25,1,000019,1790183378.0759873,22107.9595759,8.257711900001595,candidate-measurement,0026D4,valid,9940,0,True,
25,1,000019,1790183378.2674024,22108.1509904,8.44912640000257,candidate-measurement,0026D4,valid,9940,0,True,
25,1,000019,1790183378.45941,22108.3429985,8.641134500001499,candidate-measurement,0026D4,valid,9940,0,True,
25,1,000019,1790183378.6509852,22108.5345734,8.832709400001477,candidate-measurement,0026D4,valid,9940,0,True,
25,1,000019,1790183378.8429735,22108.7265618,9.024697799999558,candidate-measurement,0026D4,valid,9940,0,True,
25,1,000019,1790183379.034959,22108.9185466,9.216682600002969,candidate-measurement,0026D4,valid,9940,0,True,
25,1,000019,1790183379.2263834,22109.1099717,9.408107700000983,candidate-measurement,0026D4,valid,9940,0,True,
25,1,000019,1790183379.4183831,22109.3019716,9.600107600002957,candidate-measurement,0026D4,valid,9940,0,True,
25,1,000019,1790183379.6103866,22109.4939762,9.792112200000702,candidate-measurement,0026D4,valid,9940,0,True,
25,1,000019,1790183379.801939,22109.6855272,9.983663200000592,candidate-measurement,0026D4,valid,9940,0,True,
25,1,000019,1790183379.993939,22109.877527,10.175663000001805,candidate-measurement,0026D4,valid,9940,0,True,
25,1,000019,1790183380.1859984,22110.0695839,10.367719900001248,candidate-measurement,0026D4,valid,9940,0,True,
25,1,000019,1790183380.3779252,22110.2615133,10.559649300001183,candidate-measurement,0026D4,valid,9940,0,True,
25,1,000019,1790183380.5693371,22110.4529253,10.75106130000131,candidate-measurement,0026D4,valid,9940,0,True,
25,1,000019,1790183380.7613275,22110.6449182,10.943054200000915,candidate-measurement,0026D4,valid,9940,0,True,
25,1,000019,1790183380.952918,22110.8365092,11.134645199999795,candidate-measurement,0026D4,valid,9940,0,True,
25,1,000019,1790183381.1449025,22111.0284902,11.326626199999737,candidate-measurement,0026D4,valid,9940,0,True,
25,1,000019,1790183381.33691,22111.220498,11.51863400000002,candidate-measurement,0026D4,valid,9940,0,True,
25,1,000019,1790183381.528312,22111.4119001,11.710036100001162,candidate-measurement,0026D4,valid,9940,0,True,
25,1,000019,1790183381.7203074,22111.6038967,11.902032699999836,candidate-measurement,0026D4,valid,9940,0,True,
25,1,000019,1790183381.9118707,22111.7954593,12.093595300000743,candidate-measurement,0026D4,valid,9940,0,True,
25,1,000019,1790183382.1038783,22111.9874664,12.285602400002972,candidate-measurement,0026D4,valid,9940,0,True,
25,1,000019,1790183382.295864,22112.179452,12.47758800000156,candidate-measurement,0026D4,valid,9940,0,True,
25,1,000019,1790183382.4878569,22112.3714452,12.669581199999811,candidate-measurement,0026D4,valid,9940,0,True,
25,1,000019,1790183382.679847,22112.5634356,12.861571600002208,candidate-measurement,0026D4,valid,9940,0,True,
25,1,000019,1790183382.8712668,22112.754855,13.052991000000475,candidate-measurement,0026D4,valid,9940,0,True,
25,1,000019,1790183383.062828,22112.9464165,13.244552500000282,candidate-measurement,0026D4,valid,9940,0,True,
25,1,000019,1790183383.2548213,22113.1384094,13.436545399999886,candidate-measurement,0026D4,valid,9940,0,True,
25,1,000019,1790183383.446826,22113.3304143,13.628550299999915,candidate-measurement,0026D4,valid,9940,0,True,
25,1,000019,1790183383.6382365,22113.5218244,13.819960400000127,candidate-measurement,0026D4,valid,9940,0,True,
25,1,000019,1790183383.8302534,22113.7138426,14.011978599999566,candidate-measurement,0026D4,valid,9940,0,True,
25,1,000019,1790183384.0222328,22113.9058208,14.203956800000014,candidate-measurement,0026D4,valid,9940,0,True,
25,1,000019,1790183384.2138073,22114.097396,14.395532000002277,candidate-measurement,0026D4,valid,9940,0,True,
25,1,000019,1790183384.405791,22114.2893797,14.58751570000095,candidate-measurement,0026D4,valid,9940,0,True,
25,1,000019,1790183384.5972164,22114.4808067,14.778942700002517,candidate-measurement,0026D4,valid,9940,0,True,
25,1,000019,1790183384.7892194,22114.6728056,14.970941600000515,candidate-measurement,0026D4,valid,9940,0,True,
26,1,00001A,1790183387.6506932,22117.5342815,0.20256589999917196,candidate-warmup,0026A1,valid,9889,-51,True,
26,1,00001A,1790183387.8421044,22117.7256943,0.3939786999981152,candidate-warmup,0026A1,valid,9889,0,True,
26,1,00001A,1790183388.050102,22117.9336898,0.6019741999989492,candidate-warmup,0026A1,valid,9889,0,True,
26,1,00001A,1790183388.2420843,22118.1256729,0.7939573000003293,candidate-warmup,0026A1,valid,9889,0,True,
26,1,00001A,1790183388.433659,22118.3172496,0.9855339999994612,candidate-warmup,0026A1,valid,9889,0,True,
26,1,00001A,1790183388.6256595,22118.5092472,1.1775315999984741,candidate-warmup,0026A1,valid,9889,0,True,
26,1,00001A,1790183388.8331072,22118.7166953,1.3849797000002582,candidate-warmup,0026A1,valid,9889,0,True,
26,1,00001A,1790183389.0250678,22118.9086568,1.5769411999972363,candidate-warmup,0026A1,valid,9889,0,True,
26,1,00001A,1790183389.2166429,22119.1002314,1.7685157999985677,candidate-warmup,0026A1,valid,9889,0,True,
26,1,00001A,1790183389.424635,22119.3082243,1.9765086999977939,candidate-warmup,0026A1,valid,9889,0,True,
26,1,00001A,1790183389.6166415,22119.5002327,2.1685170999990078,candidate-warmup,0026A1,valid,9889,0,True,
26,1,00001A,1790183389.808615,22119.6922062,2.3604906000000483,candidate-warmup,0026A1,valid,9889,0,True,
26,1,00001A,1790183390.0160336,22119.8996214,2.567905799998698,candidate-warmup,0026A1,valid,9889,0,True,
26,1,00001A,1790183390.223612,22120.1071997,2.775484099998721,candidate-warmup,0026A0,valid,9888,-1,True,
26,1,00001A,1790183390.415596,22120.2991857,2.967470100000355,candidate-warmup,0026A0,valid,9888,0,True,
26,1,00001A,1790183390.6075964,22120.4911842,3.159468599998945,candidate-warmup,0026A0,valid,9888,0,True,
26,1,00001A,1790183390.7990065,22120.6825952,3.350879599998734,candidate-warmup,0026A0,valid,9888,0,True,
26,1,00001A,1790183390.990999,22120.8745867,3.5428710999985924,candidate-warmup,0026A0,valid,9888,0,True,
26,1,00001A,1790183391.1825764,22121.0661644,3.734448799998063,candidate-warmup,0026A0,valid,9888,0,True,
26,1,00001A,1790183391.3905718,22121.2741618,3.9424461999988125,candidate-warmup,0026A0,valid,9888,0,True,
26,1,00001A,1790183391.5819838,22121.4655724,4.133856799999194,candidate-warmup,0026A0,valid,9888,0,True,
26,1,00001A,1790183391.7739754,22121.6575653,4.325849699998798,candidate-warmup,0026A0,valid,9888,0,True,
26,1,00001A,1790183391.9819872,22121.8655738,4.533858200000395,candidate-warmup,0026A0,valid,9888,0,True,
26,1,00001A,1790183392.1735394,22122.0571269,4.725411299998086,candidate-warmup,0026A0,valid,9888,0,True,
26,1,00001A,1790183392.3655388,22122.2491283,4.917412700000568,candidate-warmup,0026A0,valid,9888,0,True,
26,1,00001A,1790183392.5575237,22122.4411135,5.109397899999749,candidate-warmup,0026A0,valid,9888,0,True,
26,1,00001A,1790183392.7655137,22122.6491039,5.317388299998129,candidate-warmup,0026A0,valid,9888,0,True,
26,1,00001A,1790183392.9569297,22122.8405193,5.50880369999868,candidate-warmup,0026A0,valid,9888,0,True,
26,1,00001A,1790183393.1489463,22123.0325333,5.700817699998879,candidate-warmup,0026A0,valid,9888,0,True,
26,1,00001A,1790183393.3565054,22123.240094,5.908378399999492,candidate-warmup,0026A0,valid,9888,0,True,
26,1,00001A,1790183393.5484967,22123.432088,6.100372400000197,candidate-warmup,0026A0,valid,9888,0,True,
26,1,00001A,1790183393.7404988,22123.6240899,6.29237429999921,candidate-warmup,0026A0,valid,9888,0,True,
26,1,00001A,1790183393.9484816,22123.8320705,6.500354899999365,candidate-warmup,0026A0,valid,9888,0,True,
26,1,00001A,1790183394.1559021,22124.0394882,6.7077725999988616,candidate-warmup,0026A0,valid,9888,0,True,
26,1,00001A,1790183394.3478951,22124.2314845,6.8997688999988895,candidate-warmup,00269F,valid,9887,-1,True,
26,1,00001A,1790183394.5394592,22124.4230506,7.091334999997343,candidate-measurement,00269F,valid,9887,0,True,
26,1,00001A,1790183394.731457,22124.615048,7.283332399998471,candidate-measurement,00269F,valid,9887,0,True,
26,1,00001A,1790183394.9234567,22124.807045,7.4753294000001915,candidate-measurement,00269F,valid,9887,0,True,
26,1,00001A,1790183395.1154478,22124.999038,7.6673224000005575,candidate-measurement,00269F,valid,9887,0,True,
26,1,00001A,1790183395.3228788,22125.2064664,7.874750799997855,candidate-measurement,00269F,valid,9887,0,True,
26,1,00001A,1790183395.5148551,22125.3984465,8.06673089999822,candidate-measurement,00269F,valid,9887,0,True,
26,1,00001A,1790183395.7064266,22125.5900178,8.25830219999989,candidate-measurement,00269F,valid,9887,0,True,
26,1,00001A,1790183395.9144301,22125.7980179,8.46630229999937,candidate-measurement,00269F,valid,9887,0,True,
26,1,00001A,1790183396.121838,22126.0054253,8.673709700000472,candidate-measurement,00269F,valid,9887,0,True,
26,1,00001A,1790183396.3138313,22126.1974203,8.865704699997877,candidate-measurement,00269F,valid,9887,0,True,
26,1,00001A,1790183396.5058262,22126.3894141,9.05769849999706,candidate-measurement,00269F,valid,9887,0,True,
26,1,00001A,1790183396.6973994,22126.5809884,9.249272799999744,candidate-measurement,00269D,valid,9885,-2,True,
26,1,00001A,1790183396.8893929,22126.7729806,9.441264999997657,candidate-measurement,00269D,valid,9885,0,True,
26,1,00001A,1790183397.0813866,22126.9649741,9.633258499998192,candidate-measurement,00269D,valid,9885,0,True,
26,1,00001A,1790183397.2888014,22127.1723902,9.840674600000057,candidate-measurement,00269D,valid,9885,0,True,
26,1,00001A,1790183397.480796,22127.3643847,10.032669099997293,candidate-measurement,00269D,valid,9885,0,True,
26,1,00001A,1790183397.672802,22127.5563928,10.22467719999986,candidate-measurement,00269D,valid,9885,0,True,
26,1,00001A,1790183397.880359,22127.7639452,10.432229599999118,candidate-measurement,00269D,valid,9885,0,True,
26,1,00001A,1790183398.0723524,22127.9559406,10.62422499999957,candidate-measurement,00269D,valid,9885,0,True,
26,1,00001A,1790183398.2643476,22128.1479356,10.816220000000612,candidate-measurement,00269D,valid,9885,0,True,
26,1,00001A,1790183398.4557502,22128.3393387,11.007623099998455,candidate-measurement,00269D,valid,9885,0,True,
26,1,00001A,1790183398.6633973,22128.5469884,11.215272800000093,candidate-measurement,00269D,valid,9885,0,True,
26,1,00001A,1790183398.8553195,22128.7389106,11.407194999999774,candidate-measurement,00269D,valid,9885,0,True,
26,1,00001A,1790183399.047316,22128.9309041,11.59918850000031,candidate-measurement,00269D,valid,9885,0,True,
26,1,00001A,1790183399.2553222,22129.1389101,11.807194499997422,candidate-measurement,00269C,valid,9884,-1,True,
26,1,00001A,1790183399.4467275,22129.330318,11.998602399999072,candidate-measurement,00269C,valid,9884,0,True,
26,1,00001A,1790183399.6387599,22129.5223509,12.190635299997666,candidate-measurement,00269C,valid,9884,0,True,
26,1,00001A,1790183399.8307066,22129.7142978,12.382582199999888,candidate-measurement,00269C,valid,9884,0,True,
26,1,00001A,1790183400.0383053,22129.9218914,12.590175799999997,candidate-measurement,00269C,valid,9884,0,True,
26,1,00001A,1790183400.2302845,22130.1138713,12.782155699998839,candidate-measurement,00269B,valid,9883,-1,True,
26,1,00001A,1790183400.4222782,22130.3058667,12.97415109999929,candidate-measurement,00269B,valid,9883,0,True,
26,1,00001A,1790183400.6296868,22130.5132771,13.18156149999777,candidate-measurement,00269B,valid,9883,0,True,
26,1,00001A,1790183400.8217006,22130.7052884,13.373572799999238,candidate-measurement,00269B,valid,9883,0,True,
26,1,00001A,1790183401.0136943,22130.8972816,13.565565999997489,candidate-measurement,00269B,valid,9883,0,True,
26,1,00001A,1790183401.2212508,22131.1048392,13.773123599999963,candidate-measurement,00269B,valid,9883,0,True,
26,1,00001A,1790183401.413241,22131.2968296,13.96511399999872,candidate-measurement,00269B,valid,9883,0,True,
26,1,00001A,1790183401.6052434,22131.4888318,14.157116200000019,candidate-measurement,00269B,valid,9883,0,True,
26,1,00001A,1790183401.797251,22131.6808407,14.349125099997764,candidate-measurement,00269B,valid,9883,0,True,
26,1,00001A,1790183402.0046558,22131.8882435,14.55652790000022,candidate-measurement,002699,valid,9881,-2,True,
26,1,00001A,1790183402.1966352,22132.0802239,14.74850829999923,candidate-measurement,002699,valid,9881,0,True,
26,1,00001A,1790183402.3882167,22132.2718063,14.940090699998109,candidate-measurement,002699,valid,9881,0,True,
27,1,00001B,1790183405.266123,22135.1497115,0.20156369999676826,candidate-warmup,002666,valid,9830,-51,True,
27,1,00001B,1790183405.4575233,22135.3411131,0.39296529999774066,candidate-warmup,002666,valid,9830,0,True,
27,1,00001B,1790183405.6495283,22135.5331165,0.5849686999972619,candidate-warmup,002666,valid,9830,0,True,
27,1,00001B,1790183405.841526,22135.7251144,0.7769665999985591,candidate-warmup,002666,valid,9830,0,True,
27,1,00001B,1790183406.0330908,22135.9166782,0.9685303999976895,candidate-warmup,002666,valid,9830,0,True,
27,1,00001B,1790183406.225088,22136.1086759,1.1605280999974639,candidate-warmup,002666,valid,9830,0,True,
27,1,00001B,1790183406.417092,22136.3006802,1.3525324000002001,candidate-warmup,002666,valid,9830,0,True,
27,1,00001B,1790183406.6084979,22136.4920887,1.5439408999991429,candidate-warmup,002666,valid,9830,0,True,
27,1,00001B,1790183406.8005075,22136.6840979,1.7359500999991724,candidate-warmup,002666,valid,9830,0,True,
27,1,00001B,1790183406.9924748,22136.876065,1.9279171999987739,candidate-warmup,002666,valid,9830,0,True,
27,1,00001B,1790183407.1840546,22137.0676422,2.119494399998075,candidate-warmup,002666,valid,9830,0,True,
27,1,00001B,1790183407.3760586,22137.2596469,2.311499099996581,candidate-warmup,002666,valid,9830,0,True,
27,1,00001B,1790183407.5680394,22137.4516277,2.503479899998638,candidate-warmup,002666,valid,9830,0,True,
27,1,00001B,1790183407.7601025,22137.6436876,2.6955397999990964,candidate-warmup,002666,valid,9830,0,True,
27,1,00001B,1790183407.951457,22137.8350447,2.886896899999556,candidate-warmup,002666,valid,9830,0,True,
27,1,00001B,1790183408.1434517,22138.0270384,3.078890599997976,candidate-warmup,002666,valid,9830,0,True,
27,1,00001B,1790183408.3350532,22138.2186408,3.2704929999999877,candidate-warmup,002666,valid,9830,0,True,
27,1,00001B,1790183408.5430114,22138.4266006,3.4784527999981947,candidate-warmup,002666,valid,9830,0,True,
27,1,00001B,1790183408.735009,22138.6186003,3.670452499998646,candidate-warmup,002666,valid,9830,0,True,
27,1,00001B,1790183408.926416,22138.8100072,3.8618593999999575,candidate-warmup,002666,valid,9830,0,True,
27,1,00001B,1790183409.1344147,22139.0180022,4.069854399996984,candidate-warmup,002666,valid,9830,0,True,
27,1,00001B,1790183409.3259945,22139.2095829,4.26143509999747,candidate-warmup,002666,valid,9830,0,True,
27,1,00001B,1790183409.5179882,22139.4015789,4.453431099998852,candidate-warmup,002666,valid,9830,0,True,
27,1,00001B,1790183409.7099833,22139.5935714,4.645423599999049,candidate-warmup,002666,valid,9830,0,True,
27,1,00001B,1790183409.9173892,22139.8009799,4.852832099997613,candidate-warmup,002666,valid,9830,0,True,
27,1,00001B,1790183410.109392,22139.9929801,5.044832299998234,candidate-warmup,002666,valid,9830,0,True,
27,1,00001B,1790183410.3013766,22140.1849641,5.236816299999191,candidate-warmup,002666,valid,9830,0,True,
27,1,00001B,1790183410.508945,22140.3925355,5.4443876999976055,candidate-warmup,002666,valid,9830,0,True,
27,1,00001B,1790183410.70094,22140.5845281,5.636380299998564,candidate-warmup,002666,valid,9830,0,True,
27,1,00001B,1790183410.8929405,22140.7765319,5.828384099997493,candidate-warmup,002666,valid,9830,0,True,
27,1,00001B,1790183411.1003573,22140.983946,6.0357981999986805,candidate-warmup,002666,valid,9830,0,True,
27,1,00001B,1790183411.2923787,22141.1759648,6.22781699999905,candidate-warmup,002666,valid,9830,0,True,
27,1,00001B,1790183411.484356,22141.3679448,6.419796999998653,candidate-warmup,002666,valid,9830,0,True,
27,1,00001B,1790183411.675916,22141.5595025,6.611354699998628,candidate-warmup,002666,valid,9830,0,True,
27,1,00001B,1790183411.8839128,22141.7675008,6.819352999998955,candidate-warmup,002666,valid,9830,0,True,
27,1,00001B,1790183412.0758977,22141.959485,7.011337199997797,candidate-measurement,002666,valid,9830,0,True,
27,1,00001B,1790183412.2673209,22142.1509089,7.202761099997588,candidate-measurement,002666,valid,9830,0,True,
27,1,00001B,1790183412.475329,22142.3589158,7.4107679999979155,candidate-measurement,002666,valid,9830,0,True,
27,1,00001B,1790183412.6672907,22142.5508792,7.602731399998447,candidate-measurement,002666,valid,9830,0,True,
27,1,00001B,1790183412.85888,22142.7424684,7.794320599998173,candidate-measurement,002666,valid,9830,0,True,
27,1,00001B,1790183413.066864,22142.9504522,8.002304399997229,candidate-measurement,002666,valid,9830,0,True,
27,1,00001B,1790183413.258866,22143.1424549,8.194307099998696,candidate-measurement,002666,valid,9830,0,True,
27,1,00001B,1790183413.4502783,22143.3338664,8.385718599998654,candidate-measurement,002666,valid,9830,0,True,
27,1,00001B,1790183413.642271,22143.5258605,8.57771270000012,candidate-measurement,002666,valid,9830,0,True,
27,1,00001B,1790183413.8502634,22143.733854,8.785706199996639,candidate-measurement,002666,valid,9830,0,True,
27,1,00001B,1790183414.0418372,22143.925425,8.977277199999662,candidate-measurement,002666,valid,9830,0,True,
27,1,00001B,1790183414.23384,22144.1174282,9.16928039999766,candidate-measurement,002666,valid,9830,0,True,
27,1,00001B,1790183414.4412389,22144.3248266,9.376678799999354,candidate-measurement,002666,valid,9830,0,True,
27,1,00001B,1790183414.6332417,22144.51683,9.568682199998875,candidate-measurement,002666,valid,9830,0,True,
27,1,00001B,1790183414.8248756,22144.7084613,9.760313499999029,candidate-measurement,002666,valid,9830,0,True,
27,1,00001B,1790183415.032805,22144.9163913,9.968243499999517,candidate-measurement,002666,valid,9830,0,True,
27,1,00001B,1790183415.224791,22145.1083793,10.16023149999819,candidate-measurement,002666,valid,9830,0,True,
27,1,00001B,1790183415.4162161,22145.2998044,10.351656599999842,candidate-measurement,002666,valid,9830,0,True,
27,1,00001B,1790183415.6082015,22145.4917901,10.543642299999192,candidate-measurement,002666,valid,9830,0,True,
27,1,00001B,1790183415.8157756,22145.6993648,10.751216999997268,candidate-measurement,002666,valid,9830,0,True,
27,1,00001B,1790183416.0077777,22145.8913661,10.943218299998989,candidate-measurement,002666,valid,9830,0,True,
27,1,00001B,1790183416.1997654,22146.0833536,11.135205799997493,candidate-measurement,002666,valid,9830,0,True,
27,1,00001B,1790183416.4071808,22146.2907697,11.342621899999358,candidate-measurement,002666,valid,9830,0,True,
27,1,00001B,1790183416.5991726,22146.4827623,11.534614499996678,candidate-measurement,002666,valid,9830,0,True,
27,1,00001B,1790183416.7907455,22146.6743366,11.726188799999363,candidate-measurement,002666,valid,9830,0,True,
27,1,00001B,1790183416.99874,22146.8823292,11.934181399999943,candidate-measurement,002666,valid,9830,0,True,
27,1,00001B,1790183417.190732,22147.0743203,12.126172499996756,candidate-measurement,002666,valid,9830,0,True,
27,1,00001B,1790183417.382149,22147.2657371,12.317589299997053,candidate-measurement,002666,valid,9830,0,True,
27,1,00001B,1790183417.574161,22147.4577507,12.509602899997844,candidate-measurement,002666,valid,9830,0,True,
27,1,00001B,1790183417.7817867,22147.6653755,12.717227699999057,candidate-measurement,002666,valid,9830,0,True,
27,1,00001B,1790183417.9737492,22147.8573368,12.90918899999815,candidate-measurement,002666,valid,9830,0,True,
27,1,00001B,1790183418.1656983,22148.0492867,13.10113889999775,candidate-measurement,002666,valid,9830,0,True,
27,1,00001B,1790183418.373701,22148.2572901,13.309142299996893,candidate-measurement,002666,valid,9830,0,True,
27,1,00001B,1790183418.565686,22148.4492751,13.501127299998188,candidate-measurement,002666,valid,9830,0,True,
27,1,00001B,1790183418.7571204,22148.6407113,13.69256349999705,candidate-measurement,002666,valid,9830,0,True,
27,1,00001B,1790183418.965149,22148.8487401,13.900592299996788,candidate-measurement,002666,valid,9830,0,True,
27,1,00001B,1790183419.1726725,22149.0562589,14.108111099998496,candidate-measurement,002666,valid,9830,0,True,
27,1,00001B,1790183419.3646603,22149.2482483,14.300100499996915,candidate-measurement,002666,valid,9830,0,True,
27,1,00001B,1790183419.5566602,22149.4402492,14.492101399999228,candidate-measurement,002666,valid,9830,0,True,
27,1,00001B,1790183419.7486436,22149.6322333,14.684085499997309,candidate-measurement,002666,valid,9830,0,True,
27,1,00001B,1790183419.9406443,22149.8242326,14.876084799998353,candidate-measurement,002666,valid,9830,0,True,
28,1,00001C,1790183422.8816216,22152.7652081,0.20062090000283206,candidate-warmup,002620,valid,9760,-70,True,
28,1,00001C,1790183423.0735626,22152.9571499,0.39256270000259974,candidate-warmup,002620,valid,9760,0,True,
28,1,00001C,1790183423.2649596,22153.1485464,0.583959200001118,candidate-warmup,002620,valid,9760,0,True,
28,1,00001C,1790183423.4569466,22153.3405346,0.7759474000013142,candidate-warmup,002620,valid,9760,0,True,
28,1,00001C,1790183423.6489456,22153.532534,0.9679468000031193,candidate-warmup,002620,valid,9760,0,True,
28,1,00001C,1790183423.8405187,22153.7241069,1.15951970000242,candidate-warmup,002620,valid,9760,0,True,
28,1,00001C,1790183424.0325246,22153.9161111,1.3515239000007568,candidate-warmup,002620,valid,9760,0,True,
28,1,00001C,1790183424.2244933,22154.108082,1.5434948000001896,candidate-warmup,002620,valid,9760,0,True,
28,1,00001C,1790183424.4319148,22154.3155027,1.7509155000007013,candidate-warmup,002620,valid,9760,0,True,
28,1,00001C,1790183424.623912,22154.5075008,1.9429135999998834,candidate-warmup,002620,valid,9760,0,True,
28,1,00001C,1790183424.8154867,22154.6990742,2.1344870000029914,candidate-warmup,002620,valid,9760,0,True,
28,1,00001C,1790183425.0074928,22154.8910811,2.3264939000000595,candidate-warmup,002620,valid,9760,0,True,
28,1,00001C,1790183425.199486,22155.0830717,2.5184845000003406,candidate-warmup,002620,valid,9760,0,True,
28,1,00001C,1790183425.3909118,22155.2744983,2.7099111000025005,candidate-warmup,002620,valid,9760,0,True,
28,1,00001C,1790183425.5988932,22155.4824794,2.917892200002825,candidate-warmup,002620,valid,9760,0,True,
28,1,00001C,1790183425.7904742,22155.6740602,3.1094730000004347,candidate-warmup,002620,valid,9760,0,True,
28,1,00001C,1790183425.9824493,22155.8660375,3.3014503000013065,candidate-warmup,002620,valid,9760,0,True,
28,1,00001C,1790183426.1904418,22156.0740295,3.5094423000009556,candidate-warmup,002620,valid,9760,0,True,
28,1,00001C,1790183426.3824353,22156.2660229,3.7014357000007294,candidate-warmup,002620,valid,9760,0,True,
28,1,00001C,1790183426.5738502,22156.4574386,3.892851399999927,candidate-warmup,002620,valid,9760,0,True,
28,1,00001C,1790183426.7658446,22156.6494326,4.084845400000631,candidate-warmup,002620,valid,9760,0,True,
28,1,00001C,1790183426.9734666,22156.8570552,4.292467999999644,candidate-warmup,002620,valid,9760,0,True,
28,1,00001C,1790183427.1654131,22157.0490013,4.48441410000305,candidate-warmup,002620,valid,9760,0,True,
28,1,00001C,1790183427.357413,22157.2410011,4.676413900000625,candidate-warmup,002620,valid,9760,0,True,
28,1,00001C,1790183427.5648143,22157.4484025,4.883815299999696,candidate-warmup,002620,valid,9760,0,True,
28,1,00001C,1790183427.756819,22157.6404074,5.0758201999997254,candidate-warmup,002620,valid,9760,0,True,
28,1,00001C,1790183427.9487965,22157.8323849,5.26779770000212,candidate-warmup,002620,valid,9760,0,True,
28,1,00001C,1790183428.156804,22158.04039,5.475802799999656,candidate-warmup,002620,valid,9760,0,True,
28,1,00001C,1790183428.3483715,22158.2319594,5.6673722000014095,candidate-warmup,002620,valid,9760,0,True,
28,1,00001C,1790183428.5403695,22158.42396,5.859372800001438,candidate-warmup,002620,valid,9760,0,True,
28,1,00001C,1790183428.7323654,22158.6159547,6.051367500000197,candidate-warmup,002620,valid,9760,0,True,
28,1,00001C,1790183428.9397843,22158.8233726,6.258785400001216,candidate-warmup,002620,valid,9760,0,True,
28,1,00001C,1790183429.1317663,22159.0153546,6.450767400001496,candidate-warmup,002620,valid,9760,0,True,
28,1,00001C,1790183429.3233507,22159.206939,6.642351800001052,candidate-warmup,002620,valid,9760,0,True,
28,1,00001C,1790183429.5313566,22159.4149445,6.850357300001633,candidate-warmup,002620,valid,9760,0,True,
28,1,00001C,1790183429.7233326,22159.6069213,7.042334100002336,candidate-measurement,002620,valid,9760,0,True,
28,1,00001C,1790183429.9147403,22159.7983285,7.233741300002293,candidate-measurement,002620,valid,9760,0,True,
28,1,00001C,1790183430.1223166,22160.0059051,7.441317900000286,candidate-measurement,002620,valid,9760,0,True,
28,1,00001C,1790183430.314307,22160.197896,7.633308800002851,candidate-measurement,002620,valid,9760,0,True,
28,1,00001C,1790183430.5063024,22160.3898911,7.825303900001018,candidate-measurement,002620,valid,9760,0,True,
28,1,00001C,1790183430.6982899,22160.5818802,8.017293000000791,candidate-measurement,002620,valid,9760,0,True,
28,1,00001C,1790183430.9057088,22160.7892995,8.224712300001556,candidate-measurement,002620,valid,9760,0,True,
28,1,00001C,1790183431.0977225,22160.9813097,8.416722500001924,candidate-measurement,002620,valid,9760,0,True,
28,1,00001C,1790183431.2892692,22161.1728572,8.60827000000063,candidate-measurement,002620,valid,9760,0,True,
28,1,00001C,1790183431.497263,22161.3808505,8.816263300002902,candidate-measurement,002620,valid,9760,0,True,
28,1,00001C,1790183431.689275,22161.572864,9.008276800002932,candidate-measurement,002620,valid,9760,0,True,
28,1,00001C,1790183431.8812644,22161.7648549,9.20026770000186,candidate-measurement,002620,valid,9760,0,True,
28,1,00001C,1790183432.0886803,22161.9722677,9.407680500000424,candidate-measurement,002620,valid,9760,0,True,
28,1,00001C,1790183432.2806742,22162.1642628,9.599675600002229,candidate-measurement,002620,valid,9760,0,True,
28,1,00001C,1790183432.4722822,22162.3558693,9.791282100002718,candidate-measurement,002620,valid,9760,0,True,
28,1,00001C,1790183432.6642354,22162.5478261,9.983238900000288,candidate-measurement,002620,valid,9760,0,True,
28,1,00001C,1790183432.8722332,22162.7558222,10.191235000002052,candidate-measurement,002620,valid,9760,0,True,
28,1,00001C,1790183433.063652,22162.9472408,10.382653600001504,candidate-measurement,002620,valid,9760,0,True,
28,1,00001C,1790183433.25566,22163.1392485,10.574661300001026,candidate-measurement,002620,valid,9760,0,True,
28,1,00001C,1790183433.4632103,22163.3467993,10.782212100002653,candidate-measurement,002620,valid,9760,0,True,
28,1,00001C,1790183433.655208,22163.538799,10.974211800003104,candidate-measurement,002620,valid,9760,0,True,
28,1,00001C,1790183433.847199,22163.730789,11.166201800002455,candidate-measurement,002620,valid,9760,0,True,
28,1,00001C,1790183434.0546138,22163.9382019,11.37361470000178,candidate-measurement,002620,valid,9760,0,True,
28,1,00001C,1790183434.2466016,22164.1301901,11.565602900001977,candidate-measurement,002620,valid,9760,0,True,
28,1,00001C,1790183434.438182,22164.3217702,11.757183000001532,candidate-measurement,002620,valid,9760,0,True,
28,1,00001C,1790183434.630171,22164.5137601,11.949172900000121,candidate-measurement,002620,valid,9760,0,True,
28,1,00001C,1790183434.8381636,22164.7217548,12.15716760000214,candidate-measurement,002620,valid,9760,0,True,
28,1,00001C,1790183435.0301485,22164.9137377,12.349150500001997,candidate-measurement,002620,valid,9760,0,True,
28,1,00001C,1790183435.2215772,22165.1051652,12.540578000000096,candidate-measurement,002620,valid,9760,0,True,
28,1,00001C,1790183435.4295628,22165.3131513,12.748564100002113,candidate-measurement,002620,valid,9760,0,True,
28,1,00001C,1790183435.6211464,22165.5047347,12.94014750000133,candidate-measurement,002620,valid,9760,0,True,
28,1,00001C,1790183435.813135,22165.6967243,13.132137100001273,candidate-measurement,002620,valid,9760,0,True,
28,1,00001C,1790183436.005137,22165.8887251,13.324137900002825,candidate-measurement,002620,valid,9760,0,True,
28,1,00001C,1790183436.2131531,22166.0967396,13.532152400002815,candidate-measurement,002620,valid,9760,0,True,
28,1,00001C,1790183436.4045386,22166.2881269,13.723539700000401,candidate-measurement,002620,valid,9760,0,True,
28,1,00001C,1790183436.5965436,22166.4801313,13.915544100000261,candidate-measurement,002620,valid,9760,0,True,
28,1,00001C,1790183436.8041027,22166.6876935,14.123106300001382,candidate-measurement,002620,valid,9760,0,True,
28,1,00001C,1790183436.9961002,22166.8796911,14.315103900000395,candidate-measurement,002620,valid,9760,0,True,
28,1,00001C,1790183437.1880987,22167.0716867,14.507099500002369,candidate-measurement,002620,valid,9760,0,True,
28,1,00001C,1790183437.3955066,22167.2790965,14.714509299999918,candidate-measurement,002620,valid,9760,0,True,
28,1,00001C,1790183437.5874994,22167.4710891,14.906501900000876,candidate-measurement,002620,valid,9760,0,True,
29,1,00001D,1790183440.5129719,22170.3965602,0.20196199999918463,candidate-warmup,0025E9,valid,9705,-55,True,
29,1,00001D,1790183440.7049673,22170.5885575,0.39395929999955115,candidate-warmup,0025E9,valid,9705,0,True,
29,1,00001D,1790183440.8969715,22170.7805625,0.5859643000003416,candidate-warmup,0025E9,valid,9705,0,True,
29,1,00001D,1790183441.0883875,22170.9719786,0.7773803999989468,candidate-warmup,0025E9,valid,9705,0,True,
29,1,00001D,1790183441.2803876,22171.1639761,0.9693779000008362,candidate-warmup,0025E9,valid,9705,0,True,
29,1,00001D,1790183441.4879594,22171.3715481,1.1769499000001815,candidate-warmup,0025E9,valid,9705,0,True,
29,1,00001D,1790183441.6799574,22171.5635458,1.3689475999999559,candidate-warmup,0025E9,valid,9705,0,True,
29,1,00001D,1790183441.8719387,22171.7555292,1.5609309999999823,candidate-warmup,0025E9,valid,9705,0,True,
29,1,00001D,1790183442.0793588,22171.9629465,1.7683483000000706,candidate-warmup,0025E9,valid,9705,0,True,
29,1,00001D,1790183442.2713687,22172.1549571,1.9603588999998465,candidate-warmup,0025E9,valid,9705,0,True,
29,1,00001D,1790183442.4629154,22172.3465062,2.151907999999821,candidate-warmup,0025E9,valid,9705,0,True,
29,1,00001D,1790183442.6709223,22172.5545105,2.359912299998541,candidate-warmup,0025E9,valid,9705,0,True,
29,1,00001D,1790183442.8623254,22172.7459163,2.5513180999987526,candidate-warmup,0025E9,valid,9705,0,True,
29,1,00001D,1790183443.0543258,22172.9379148,2.7433166000009805,candidate-warmup,0025E9,valid,9705,0,True,
29,1,00001D,1790183443.2463148,22173.1299033,2.935305099999823,candidate-warmup,0025E9,valid,9705,0,True,
29,1,00001D,1790183443.453893,22173.3374831,3.142884900000354,candidate-warmup,0025E9,valid,9705,0,True,
29,1,00001D,1790183443.6458821,22173.5294725,3.3348742999987735,candidate-warmup,0025E9,valid,9705,0,True,
29,1,00001D,1790183443.8378649,22173.7214554,3.5268571999986307,candidate-warmup,0025E9,valid,9705,0,True,
29,1,00001D,1790183444.045289,22173.9288775,3.7342792999988887,candidate-warmup,0025E9,valid,9705,0,True,
29,1,00001D,1790183444.237291,22174.1208793,3.9262811000007787,candidate-warmup,0025E9,valid,9705,0,True,
29,1,00001D,1790183444.4288814,22174.3124723,4.117874100000336,candidate-warmup,0025E9,valid,9705,0,True,
29,1,00001D,1790183444.636895,22174.5204835,4.325885300000664,candidate-warmup,0025E9,valid,9705,0,True,
29,1,00001D,1790183444.8288476,22174.7124367,4.517838499999925,candidate-warmup,0025E9,valid,9705,0,True,
29,1,00001D,1790183445.020265,22174.9038553,4.709257099999377,candidate-warmup,0025E9,valid,9705,0,True,
29,1,00001D,1790183445.2122478,22175.0958361,4.9012379000014334,candidate-warmup,0025E9,valid,9705,0,True,
29,1,00001D,1790183445.4198272,22175.3034154,5.108817200001795,candidate-warmup,0025E9,valid,9705,0,True,
29,1,00001D,1790183445.6118162,22175.4954043,5.300806100000045,candidate-warmup,0025E9,valid,9705,0,True,
29,1,00001D,1790183445.8038166,22175.6874069,5.492808700000751,candidate-warmup,0025E9,valid,9705,0,True,
29,1,00001D,1790183446.0112226,22175.894809,5.700210800001514,candidate-warmup,0025E9,valid,9705,0,True,
29,1,00001D,1790183446.20322,22176.0868079,5.892209699999512,candidate-warmup,0025E9,valid,9705,0,True,
29,1,00001D,1790183446.394801,22176.2783897,6.083791500001098,candidate-warmup,0025E9,valid,9705,0,True,
29,1,00001D,1790183446.6027865,22176.4863753,6.291777099999308,candidate-warmup,0025E9,valid,9705,0,True,
29,1,00001D,1790183446.7947755,22176.6783637,6.483765500001027,candidate-warmup,0025E9,valid,9705,0,True,
29,1,00001D,1790183446.9867861,22176.870374,6.675775799998519,candidate-warmup,0025E9,valid,9705,0,True,
29,1,00001D,1790183447.17819,22177.0617788,6.86718060000203,candidate-warmup,0025E9,valid,9705,0,True,
29,1,00001D,1790183447.386187,22177.2697755,7.075177300001087,candidate-measurement,0025E9,valid,9705,0,True,
29,1,00001D,1790183447.5777707,22177.4613612,7.266762999999628,candidate-measurement,0025E9,valid,9705,0,True,
29,1,00001D,1790183447.7697506,22177.6533405,7.458742300001177,candidate-measurement,0025E9,valid,9705,0,True,
29,1,00001D,1790183447.9777718,22177.8613593,7.6667611000011675,candidate-measurement,0025E9,valid,9705,0,True,
29,1,00001D,1790183448.1691546,22178.0527433,7.858145099999092,candidate-measurement,0025E9,valid,9705,0,True,
29,1,00001D,1790183448.3611543,22178.2447442,8.050146000001405,candidate-measurement,0025E7,valid,9703,-2,True,
29,1,00001D,1790183448.5691483,22178.4527364,8.258138199998939,candidate-measurement,0025E7,valid,9703,0,True,
29,1,00001D,1790183448.7607331,22178.6443221,8.449723900001118,candidate-measurement,0025E7,valid,9703,0,True,
29,1,00001D,1790183448.9527156,22178.8363048,8.641706599999452,candidate-measurement,0025E7,valid,9703,0,True,
29,1,00001D,1790183449.1447136,22179.0283005,8.83370229999855,candidate-measurement,0025E7,valid,9703,0,True,
29,1,00001D,1790183449.3527,22179.2362884,9.04169019999972,candidate-measurement,0025E7,valid,9703,0,True,
29,1,00001D,1790183449.5446885,22179.4282793,9.233681099998648,candidate-measurement,0025E7,valid,9703,0,True,
29,1,00001D,1790183449.7361088,22179.6196971,9.425098899999284,candidate-measurement,0025E7,valid,9703,0,True,
29,1,00001D,1790183449.944103,22179.8276933,9.63309510000181,candidate-measurement,0025E7,valid,9703,0,True,
29,1,00001D,1790183450.1360974,22180.0196858,9.825087600002007,candidate-measurement,0025E7,valid,9703,0,True,
29,1,00001D,1790183450.3276742,22180.2112618,10.016663599999447,candidate-measurement,0025E7,valid,9703,0,True,
29,1,00001D,1790183450.5356932,22180.4192838,10.224685600001976,candidate-measurement,0025E7,valid,9703,0,True,
29,1,00001D,1790183450.7276504,22180.6112391,10.416640899999038,candidate-measurement,0025E7,valid,9703,0,True,
29,1,00001D,1790183450.9190683,22180.8026594,10.60806120000052,candidate-measurement,0025E7,valid,9703,0,True,
29,1,00001D,1790183451.11106,22180.9946483,10.80005009999877,candidate-measurement,0025E7,valid,9703,0,True,
29,1,00001D,1790183451.318659,22181.2022457,11.007647499998711,candidate-measurement,0025E7,valid,9703,0,True,
29,1,00001D,1790183451.5106354,22181.3942234,11.19962519999899,candidate-measurement,0025E7,valid,9703,0,True,
29,1,00001D,1790183451.702628,22181.5862162,11.391618000001472,candidate-measurement,0025E7,valid,9703,0,True,
29,1,00001D,1790183451.9100423,22181.793632,11.599033800001052,candidate-measurement,0025E7,valid,9703,0,True,
29,1,00001D,1790183452.1020353,22181.9856232,11.791024999998626,candidate-measurement,0025E7,valid,9703,0,True,
29,1,00001D,1790183452.2940311,22182.1776194,11.98302120000153,candidate-measurement,0025E7,valid,9703,0,True,
29,1,00001D,1790183452.501631,22182.3852215,12.19062330000088,candidate-measurement,0025E5,valid,9701,-2,True,
29,1,00001D,1790183452.709588,22182.5931788,12.398580600001878,candidate-measurement,0025E5,valid,9701,0,True,
29,1,00001D,1790183452.9010031,22182.7845925,12.589994300000399,candidate-measurement,0025E5,valid,9701,0,True,
29,1,00001D,1790183453.0930057,22182.976596,12.781997800000681,candidate-measurement,0025E5,valid,9701,0,True,
29,1,00001D,1790183453.2845736,22183.1681616,12.973563399998966,candidate-measurement,0025E5,valid,9701,0,True,
29,1,00001D,1790183453.4765692,22183.3601595,13.165561300000263,candidate-measurement,0025E5,valid,9701,0,True,
29,1,00001D,1790183453.6685631,22183.5521546,13.357556400002068,candidate-measurement,0025E5,valid,9701,0,True,
29,1,00001D,1790183453.876559,22183.7601479,13.565549700000702,candidate-measurement,0025E4,valid,9700,-1,True,
29,1,00001D,1790183454.0685425,22183.9521306,13.757532399999036,candidate-measurement,0025E4,valid,9700,0,True,
29,1,00001D,1790183454.2599673,22184.1435561,13.948957900000096,candidate-measurement,0025E3,valid,9699,-1,True,
29,1,00001D,1790183454.4679506,22184.3515389,14.156940699998813,candidate-measurement,0025E3,valid,9699,0,True,
29,1,00001D,1790183454.6755283,22184.5591181,14.364519900002051,candidate-measurement,0025E2,valid,9698,-1,True,
29,1,00001D,1790183454.8675437,22184.751132,14.556533800001489,candidate-measurement,0025E2,valid,9698,0,True,
29,1,00001D,1790183455.0595112,22184.9431011,14.748502900001768,candidate-measurement,0025E0,valid,9696,-2,True,
29,1,00001D,1790183455.2509346,22185.1345238,14.939925599999697,candidate-measurement,0025DF,valid,9695,-1,True,
30,1,00001E,1790183458.1284332,22188.0120191,0.20257089999722666,candidate-warmup,0025B3,valid,9651,-44,True,
30,1,00001E,1790183458.3204153,22188.2040037,0.39455549999911455,candidate-warmup,0025B3,valid,9651,0,True,
30,1,00001E,1790183458.5124025,22188.3959932,0.5865449999982957,candidate-warmup,0025B3,valid,9651,0,True,
30,1,00001E,1790183458.7038162,22188.5874074,0.7779591999969853,candidate-warmup,0025B3,valid,9651,0,True,
30,1,00001E,1790183458.895817,22188.7794074,0.969959199999721,candidate-warmup,0025B3,valid,9651,0,True,
30,1,00001E,1790183459.0878258,22188.9714145,1.161966299998312,candidate-warmup,0025B3,valid,9651,0,True,
30,1,00001E,1790183459.279378,22189.1629664,1.3535181999977794,candidate-warmup,0025B3,valid,9651,0,True,
30,1,00001E,1790183459.471372,22189.3549623,1.5455140999983996,candidate-warmup,0025B3,valid,9651,0,True,
30,1,00001E,1790183459.6633677,22189.5469592,1.7375109999993583,candidate-warmup,0025B3,valid,9651,0,True,
30,1,00001E,1790183459.8547695,22189.7383597,1.9289114999992307,candidate-warmup,0025B3,valid,9651,0,True,
30,1,00001E,1790183460.0467827,22189.9303708,2.120922599999176,candidate-warmup,0025B3,valid,9651,0,True,
30,1,00001E,1790183460.2383435,22190.1219317,2.312483499998052,candidate-warmup,0025B3,valid,9651,0,True,
30,1,00001E,1790183460.4303281,22190.3139179,2.5044696999975713,candidate-warmup,0025B3,valid,9651,0,True,
30,1,00001E,1790183460.6223347,22190.5059229,2.6964746999983618,candidate-warmup,0025B3,valid,9651,0,True,
30,1,00001E,1790183460.8137503,22190.6973386,2.887890399997559,candidate-warmup,0025B3,valid,9651,0,True,
30,1,00001E,1790183461.0057526,22190.8893408,3.079892599998857,candidate-warmup,0025B3,valid,9651,0,True,
30,1,00001E,1790183461.1973107,22191.0808991,3.2714508999997634,candidate-warmup,0025B3,valid,9651,0,True,
30,1,00001E,1790183461.389313,22191.2729037,3.463455499997508,candidate-warmup,0025B3,valid,9651,0,True,
30,1,00001E,1790183461.58073,22191.4643196,3.6548713999982283,candidate-warmup,0025B3,valid,9651,0,True,
30,1,00001E,1790183461.7727165,22191.6563078,3.8468595999984245,candidate-warmup,0025B3,valid,9651,0,True,
30,1,00001E,1790183461.9643338,22191.8479212,4.038472999996884,candidate-warmup,0025B3,valid,9651,0,True,
30,1,00001E,1790183462.1562848,22192.0398721,4.230423899996822,candidate-warmup,0025B3,valid,9651,0,True,
30,1,00001E,1790183462.348269,22192.2318586,4.4224103999986255,candidate-warmup,0025B3,valid,9651,0,True,
30,1,00001E,1790183462.539685,22192.4232755,4.613827299999684,candidate-warmup,0025B3,valid,9651,0,True,
30,1,00001E,1790183462.7316864,22192.6152776,4.805829400000221,candidate-warmup,0025B3,valid,9651,0,True,
30,1,00001E,1790183462.923698,22192.8072882,4.9978399999999965,candidate-warmup,0025B3,valid,9651,0,True,
30,1,00001E,1790183463.1152542,22192.9988411,5.1893928999998025,candidate-warmup,0025B3,valid,9651,0,True,
30,1,00001E,1790183463.3072517,22193.1908394,5.3813911999968695,candidate-warmup,0025B3,valid,9651,0,True,
30,1,00001E,1790183463.499247,22193.3828381,5.573389899996982,candidate-warmup,0025B3,valid,9651,0,True,
30,1,00001E,1790183463.6906595,22193.5742508,5.764802599998802,candidate-warmup,0025B3,valid,9651,0,True,
30,1,00001E,1790183463.8826394,22193.7662307,5.956782499997644,candidate-warmup,0025B3,valid,9651,0,True,
30,1,00001E,1790183464.0742266,22193.9578145,6.148366299999907,candidate-warmup,0025B3,valid,9651,0,True,
30,1,00001E,1790183464.266222,22194.1498106,6.340362399998412,candidate-warmup,0025B3,valid,9651,0,True,
30,1,00001E,1790183464.4582107,22194.3418018,6.532353599999624,candidate-warmup,0025B3,valid,9651,0,True,
30,1,00001E,1790183464.6496148,22194.5332067,6.723758500000258,candidate-warmup,0025B3,valid,9651,0,True,
30,1,00001E,1790183464.8416123,22194.7252009,6.915752699998848,candidate-warmup,0025B3,valid,9651,0,True,
30,1,00001E,1790183465.0331895,22194.9167778,7.1073295999995025,candidate-measurement,0025B3,valid,9651,0,True,
30,1,00001E,1790183465.225182,22195.1087698,7.29932159999953,candidate-measurement,0025B3,valid,9651,0,True,
30,1,00001E,1790183465.4171815,22195.3007721,7.491323899997951,candidate-measurement,0025B3,valid,9651,0,True,
30,1,00001E,1790183465.6085973,22195.4921885,7.682740299998841,candidate-measurement,0025B3,valid,9651,0,True,
30,1,00001E,1790183465.8005939,22195.6841818,7.874733599997853,candidate-measurement,0025B3,valid,9651,0,True,
30,1,00001E,1790183465.9925902,22195.8761779,8.066729699999996,candidate-measurement,0025B3,valid,9651,0,True,
30,1,00001E,1790183466.1841545,22196.0677428,8.258294600000227,candidate-measurement,0025B3,valid,9651,0,True,
30,1,00001E,1790183466.3761518,22196.2597416,8.450293399997463,candidate-measurement,0025B3,valid,9651,0,True,
30,1,00001E,1790183466.568134,22196.4517238,8.642275599999266,candidate-measurement,0025B3,valid,9651,0,True,
30,1,00001E,1790183466.7595532,22196.6431426,8.83369440000024,candidate-measurement,0025B3,valid,9651,0,True,
30,1,00001E,1790183466.951547,22196.8351354,9.025687199999084,candidate-measurement,0025B3,valid,9651,0,True,
30,1,00001E,1790183467.143549,22197.0271348,9.21768659999725,candidate-measurement,0025B3,valid,9651,0,True,
30,1,00001E,1790183467.3355434,22197.2191324,9.409684199999901,candidate-measurement,0025B3,valid,9651,0,True,
30,1,00001E,1790183467.5271099,22197.4106994,9.601251199997932,candidate-measurement,0025B3,valid,9651,0,True,
30,1,00001E,1790183467.719104,22197.6026952,9.793246999997791,candidate-measurement,0025B3,valid,9651,0,True,
30,1,00001E,1790183467.9105287,22197.7941196,9.984671399997751,candidate-measurement,0025B3,valid,9651,0,True,
30,1,00001E,1790183468.1025245,22197.9861128,10.17666459999964,candidate-measurement,0025B3,valid,9651,0,True,
30,1,00001E,1790183468.2940962,22198.1776844,10.368236199999956,candidate-measurement,0025B3,valid,9651,0,True,
30,1,00001E,1790183468.4860804,22198.3696715,10.560223299999052,candidate-measurement,0025B3,valid,9651,0,True,
30,1,00001E,1790183468.6780887,22198.5616802,10.752231999998912,candidate-measurement,0025B3,valid,9651,0,True,
30,1,00001E,1790183468.869487,22198.7530786,10.943630399997346,candidate-measurement,0025B3,valid,9651,0,True,
30,1,00001E,1790183469.0614843,22198.9450735,11.135625299997628,candidate-measurement,0025B3,valid,9651,0,True,
30,1,00001E,1790183469.2530642,22199.1366526,11.327204399996845,candidate-measurement,0025B3,valid,9651,0,True,
30,1,00001E,1790183469.44505,22199.3286409,11.519192699997802,candidate-measurement,0025B3,valid,9651,0,True,
30,1,00001E,1790183469.6370368,22199.5206282,11.711179999998421,candidate-measurement,0025B3,valid,9651,0,True,
30,1,00001E,1790183469.828465,22199.7120533,11.902605100000073,candidate-measurement,0025B3,valid,9651,0,True,
30,1,00001E,1790183470.0204523,22199.9040406,12.094592399997055,candidate-measurement,0025B3,valid,9651,0,True,
30,1,00001E,1790183470.2124426,22200.0960307,12.286582499997166,candidate-measurement,0025B3,valid,9651,0,True,
30,1,00001E,1790183470.4040174,22200.2876079,12.478159700000106,candidate-measurement,0025B3,valid,9651,0,True,
30,1,00001E,1790183470.5960145,22200.4796059,12.670157699998526,candidate-measurement,0025B3,valid,9651,0,True,
30,1,00001E,1790183470.7879953,22200.6715869,12.862138699998468,candidate-measurement,0025B3,valid,9651,0,True,
30,1,00001E,1790183470.9794319,22200.8630213,13.053573099998175,candidate-measurement,0025B3,valid,9651,0,True,
30,1,00001E,1790183471.1714172,22201.0550053,13.245557099999132,candidate-measurement,0025B3,valid,9651,0,True,
30,1,00001E,1790183471.362984,22201.2465737,13.43712549999691,candidate-measurement,0025B3,valid,9651,0,True,
30,1,00001E,1790183471.5549724,22201.4385621,13.629113899998629,candidate-measurement,0025B3,valid,9651,0,True,
30,1,00001E,1790183471.7469854,22201.6305736,13.821125399997982,candidate-measurement,0025B3,valid,9651,0,True,
30,1,00001E,1790183471.9389753,22201.8225647,14.013116499998432,candidate-measurement,0025B3,valid,9651,0,True,
30,1,00001E,1790183472.130395,22202.0139808,14.204532599997037,candidate-measurement,0025B3,valid,9651,0,True,
30,1,00001E,1790183472.3223839,22202.2059722,14.396523999999772,candidate-measurement,0025B3,valid,9651,0,True,
30,1,00001E,1790183472.5143747,22202.3979629,14.588514699997177,candidate-measurement,0025B3,valid,9651,0,True,
30,1,00001E,1790183472.7059405,22202.5895289,14.780080699998507,candidate-measurement,0025B3,valid,9651,0,True,
30,1,00001E,1790183472.89794,22202.7815283,14.972080100000312,candidate-measurement,0025B3,valid,9651,0,True,
31,1,00001F,1790183475.743264,22205.6268523,0.20239040000160458,candidate-warmup,002574,valid,9588,-63,True,
31,1,00001F,1790183475.9348452,22205.8184346,0.39397270000335993,candidate-warmup,002574,valid,9588,0,True,
31,1,00001F,1790183476.1428516,22206.0264376,0.601975700003095,candidate-warmup,002574,valid,9588,0,True,
31,1,00001F,1790183476.3348305,22206.2184194,0.7939575000018522,candidate-warmup,002574,valid,9588,0,True,
31,1,00001F,1790183476.5262432,22206.4098344,0.9853725000029954,candidate-warmup,002574,valid,9588,0,True,
31,1,00001F,1790183476.718244,22206.6018336,1.1773717000032775,candidate-warmup,002574,valid,9588,0,True,
31,1,00001F,1790183476.9258046,22206.8093963,1.3849344000009296,candidate-warmup,002574,valid,9588,0,True,
31,1,00001F,1790183477.117802,22207.0013897,1.5769278000007034,candidate-warmup,002574,valid,9588,0,True,
31,1,00001F,1790183477.309226,22207.1928145,1.768352600000071,candidate-warmup,002573,valid,9587,-1,True,
31,1,00001F,1790183477.517212,22207.4008033,1.9763414000008197,candidate-warmup,002573,valid,9587,0,True,
31,1,00001F,1790183477.7092078,22207.5927976,2.1683357000001706,candidate-warmup,002573,valid,9587,0,True,
31,1,00001F,1790183477.900771,22207.784362,2.3599001000002318,candidate-warmup,002573,valid,9587,0,True,
31,1,00001F,1790183478.1087716,22207.9923613,2.567899400000897,candidate-warmup,002573,valid,9587,0,True,
31,1,00001F,1790183478.31678,22208.2003685,2.775906600003509,candidate-warmup,002573,valid,9587,0,True,
31,1,00001F,1790183478.508243,22208.391831,2.967369100002543,candidate-warmup,002572,valid,9586,-1,True,
31,1,00001F,1790183478.7001781,22208.5837662,3.1593043000029866,candidate-warmup,002571,valid,9585,-1,True,
31,1,00001F,1790183478.8917649,22208.7753565,3.3508946000001743,candidate-warmup,002571,valid,9585,0,True,
31,1,00001F,1790183479.0837398,22208.9673291,3.5428672000016377,candidate-warmup,00256F,valid,9583,-2,True,
31,1,00001F,1790183479.2757242,22209.1593124,3.7348505000009027,candidate-warmup,00256D,valid,9581,-2,True,
31,1,00001F,1790183479.4837258,22209.3673169,3.9428550000011455,candidate-warmup,00256D,valid,9581,0,True,
31,1,00001F,1790183479.6751475,22209.5587369,4.134275000000343,candidate-warmup,00256D,valid,9581,0,True,
31,1,00001F,1790183479.8671288,22209.7507199,4.326258000000962,candidate-warmup,00256D,valid,9581,0,True,
31,1,00001F,1790183480.0747242,22209.9583104,4.533848500002932,candidate-warmup,00256B,valid,9579,-2,True,
31,1,00001F,1790183480.2667022,22210.1502903,4.725828400001774,candidate-warmup,00256B,valid,9579,0,True,
31,1,00001F,1790183480.458698,22210.3422875,4.917825600001379,candidate-warmup,00256B,valid,9579,0,True,
31,1,00001F,1790183480.6501117,22210.5337029,5.10924100000193,candidate-warmup,00256B,valid,9579,0,True,
31,1,00001F,1790183480.8581011,22210.7416926,5.317230700002256,candidate-warmup,00256B,valid,9579,0,True,
31,1,00001F,1790183481.0500941,22210.933683,5.509221100001014,candidate-warmup,00256A,valid,9578,-1,True,
31,1,00001F,1790183481.241676,22211.1252638,5.700801900002261,candidate-warmup,002565,valid,9573,-5,True,
31,1,00001F,1790183481.449669,22211.3332588,5.908796900002926,candidate-warmup,00255C,valid,9564,-9,True,
31,1,00001F,1790183481.6416461,22211.5252375,6.100775599999906,candidate-warmup,002559,valid,9561,-3,True,
31,1,00001F,1790183481.8330665,22211.7166555,6.292193600002065,candidate-warmup,002559,valid,9561,0,True,
31,1,00001F,1790183482.0410619,22211.9246512,6.500189300000784,candidate-warmup,002559,valid,9561,0,True,
31,1,00001F,1790183482.248644,22212.1322306,6.707768700001907,candidate-warmup,002559,valid,9561,0,True,
31,1,00001F,1790183482.4406326,22212.3242201,6.899758200001088,candidate-warmup,002558,valid,9560,-1,True,
31,1,00001F,1790183482.6326303,22212.5162181,7.091756200003147,candidate-measurement,002552,valid,9554,-6,True,
31,1,00001F,1790183482.8400416,22212.7236312,7.299169300000358,candidate-measurement,002542,valid,9538,-16,True,
31,1,00001F,1790183483.032047,22212.9156348,7.491172900001402,candidate-measurement,00253C,valid,9532,-6,True,
31,1,00001F,1790183483.2236073,22213.1071939,7.682732000001124,candidate-measurement,002532,valid,9522,-10,True,
31,1,00001F,1790183483.4156036,22213.2991921,7.874730200001068,candidate-measurement,00252F,valid,9519,-3,True,
31,1,00001F,1790183483.607614,22213.4912026,8.066740700000082,candidate-measurement,00252B,valid,9515,-4,True,
31,1,00001F,1790183483.7990026,22213.6825891,8.258127200002491,candidate-measurement,002524,valid,9508,-7,True,
31,1,00001F,1790183484.0070078,22213.8905953,8.466133400001127,candidate-measurement,00251B,valid,9499,-9,True,
31,1,00001F,1790183484.2145696,22214.0981578,8.673695900000894,candidate-measurement,002518,valid,9496,-3,True,
31,1,00001F,1790183484.4065652,22214.2901537,8.865691800001514,candidate-measurement,002517,valid,9495,-1,True,
31,1,00001F,1790183484.5985568,22214.4821448,9.057682900001964,candidate-measurement,002514,valid,9492,-3,True,
31,1,00001F,1790183484.7899628,22214.673554,9.2490921000026,candidate-measurement,002513,valid,9491,-1,True,
31,1,00001F,1790183484.981972,22214.86556,9.44109810000009,candidate-measurement,002513,valid,9491,0,True,
31,1,00001F,1790183485.1739655,22215.0575537,9.633091800002148,candidate-measurement,002511,valid,9489,-2,True,
31,1,00001F,1790183485.3815315,22215.2651196,9.840657700002339,candidate-measurement,002511,valid,9489,0,True,
31,1,00001F,1790183485.5735335,22215.4571239,10.032662000001437,candidate-measurement,002511,valid,9489,0,True,
31,1,00001F,1790183485.7655272,22215.6491138,10.224651900000026,candidate-measurement,002511,valid,9489,0,True,
31,1,00001F,1790183485.9729412,22215.8565284,10.432066500001383,candidate-measurement,002511,valid,9489,0,True,
31,1,00001F,1790183486.1649318,22216.0485189,10.624057000000903,candidate-measurement,002511,valid,9489,0,True,
31,1,00001F,1790183486.3565118,22216.2401008,10.81563890000325,candidate-measurement,002510,valid,9488,-1,True,
31,1,00001F,1790183486.548499,22216.4320904,11.007628500003193,candidate-measurement,00250B,valid,9483,-5,True,
31,1,00001F,1790183486.7564938,22216.6400852,11.215623300002335,candidate-measurement,002503,valid,9475,-8,True,
31,1,00001F,1790183486.9479077,22216.831496,11.407034100000601,candidate-measurement,0024FF,valid,9471,-4,True,
31,1,00001F,1790183487.1399052,22217.0234919,11.599030000001221,candidate-measurement,0024FF,valid,9471,0,True,
31,1,00001F,1790183487.3475492,22217.2311369,11.806675000003452,candidate-measurement,0024FF,valid,9471,0,True,
31,1,00001F,1790183487.539469,22217.4230597,11.998597800000425,candidate-measurement,0024FF,valid,9471,0,True,
31,1,00001F,1790183487.731466,22217.615056,12.190594100000453,candidate-measurement,0024F0,valid,9456,-15,True,
31,1,00001F,1790183487.9388633,22217.8224548,12.397992900001555,candidate-measurement,0024E7,valid,9447,-9,True,
31,1,00001F,1790183488.130881,22218.014467,12.5900051000026,candidate-measurement,0024E1,valid,9441,-6,True,
31,1,00001F,1790183488.3224392,22218.2060271,12.78156520000266,candidate-measurement,0024DB,valid,9435,-6,True,
31,1,00001F,1790183488.5144424,22218.3980307,12.973568800000066,candidate-measurement,0024D7,valid,9431,-4,True,
31,1,00001F,1790183488.7224293,22218.6060204,13.181558500000392,candidate-measurement,0024D4,valid,9428,-3,True,
31,1,00001F,1790183488.913844,22218.7974355,13.372973600002297,candidate-measurement,0024D1,valid,9425,-3,True,
31,1,00001F,1790183489.1058383,22218.9894298,13.564967900001648,candidate-measurement,0024CD,valid,9421,-4,True,
31,1,00001F,1790183489.3134139,22219.197002,13.772540100002516,candidate-measurement,0024C6,valid,9414,-7,True,
31,1,00001F,1790183489.5054047,22219.388994,13.964532100002543,candidate-measurement,0024C1,valid,9409,-5,True,
31,1,00001F,1790183489.6974034,22219.5809939,14.15653200000088,candidate-measurement,0024BF,valid,9407,-2,True,
31,1,00001F,1790183489.8893864,22219.7729779,14.348516000001837,candidate-measurement,0024BF,valid,9407,0,True,
31,1,00001F,1790183490.0968075,22219.9803986,14.555936700002349,candidate-measurement,0024BE,valid,9406,-1,True,
31,1,00001F,1790183490.2888093,22220.1723971,14.747935200000938,candidate-measurement,0024BD,valid,9405,-1,True,
31,1,00001F,1790183490.4803655,22220.3639557,14.939493800000491,candidate-measurement,0024BC,valid,9404,-1,True,
32,1,000020,1790183493.3582802,22223.2418687,0.20197899999766378,candidate-warmup,00248B,valid,9355,-49,True,
32,1,000020,1790183493.5496995,22223.4332876,0.39339789999939967,candidate-warmup,00248B,valid,9355,0,True,
32,1,000020,1790183493.741694,22223.6252835,0.5853938000000198,candidate-warmup,00248B,valid,9355,0,True,
32,1,000020,1790183493.933685,22223.8172759,0.7773861999994551,candidate-warmup,00248B,valid,9355,0,True,
32,1,000020,1790183494.1252487,22224.0088399,0.9689502000001085,candidate-warmup,00248B,valid,9355,0,True,
32,1,000020,1790183494.3172746,22224.2008626,1.1609728999974323,candidate-warmup,00248A,valid,9354,-1,True,
32,1,000020,1790183494.5092492,22224.3928381,1.3529483999991498,candidate-warmup,00248A,valid,9354,0,True,
32,1,000020,1790183494.7012613,22224.5848493,1.5449595999998564,candidate-warmup,00248A,valid,9354,0,True,
32,1,000020,1790183494.892653,22224.7762445,1.7363547999993898,candidate-warmup,002489,valid,9353,-1,True,
32,1,000020,1790183495.084642,22224.9682333,1.9283435999968788,candidate-warmup,002489,valid,9353,0,True,
32,1,000020,1790183495.2766473,22225.1602353,2.1203456000002916,candidate-warmup,002489,valid,9353,0,True,
32,1,000020,1790183495.468227,22225.351816,2.3119262999971397,candidate-warmup,002489,valid,9353,0,True,
32,1,000020,1790183495.6602035,22225.5437921,2.503902399999788,candidate-warmup,002489,valid,9353,0,True,
32,1,000020,1790183495.8521967,22225.7357879,2.6958981999996467,candidate-warmup,002489,valid,9353,0,True,
32,1,000020,1790183496.0441842,22225.9277759,2.88788619999832,candidate-warmup,002488,valid,9352,-1,True,
32,1,000020,1790183496.236194,22226.1197821,3.079892399997334,candidate-warmup,002486,valid,9350,-2,True,
32,1,000020,1790183496.427605,22226.3111952,3.2713054999985616,candidate-warmup,002483,valid,9347,-3,True,
32,1,000020,1790183496.635599,22226.5191893,3.479299599999649,candidate-warmup,002482,valid,9346,-1,True,
32,1,000020,1790183496.8271601,22226.7107512,3.670861499998864,candidate-warmup,002481,valid,9345,-1,True,
32,1,000020,1790183497.0191677,22226.9027559,3.86286619999737,candidate-warmup,002481,valid,9345,0,True,
32,1,000020,1790183497.2271557,22227.1107439,4.070854199999303,candidate-warmup,00247F,valid,9343,-2,True,
32,1,000020,1790183497.4191604,22227.3027484,4.262858699999924,candidate-warmup,00247F,valid,9343,0,True,
32,1,000020,1790183497.610563,22227.4941537,4.4542639999999665,candidate-warmup,00247F,valid,9343,0,True,
32,1,000020,1790183497.8181689,22227.7017587,4.6618689999995695,candidate-warmup,00247E,valid,9342,-1,True,
32,1,000020,1790183498.0101316,22227.8937231,4.85383340000044,candidate-warmup,00247D,valid,9341,-1,True,
32,1,000020,1790183498.2021284,22228.0857171,5.045827399997506,candidate-warmup,00247C,valid,9340,-1,True,
32,1,000020,1790183498.39412,22228.2777106,5.237820899998042,candidate-warmup,00247B,valid,9339,-1,True,
32,1,000020,1790183498.6015296,22228.485121,5.4452313000001595,candidate-warmup,00247A,valid,9338,-1,True,
32,1,000020,1790183498.7935262,22228.6771164,5.6372266999969725,candidate-warmup,002477,valid,9335,-3,True,
32,1,000020,1790183498.9851031,22228.8686945,5.828804799999489,candidate-warmup,002477,valid,9335,0,True,
32,1,000020,1790183499.1931093,22229.0766961,6.036806399999477,candidate-warmup,002474,valid,9332,-3,True,
32,1,000020,1790183499.3850868,22229.268676,6.228786299998319,candidate-warmup,002471,valid,9329,-3,True,
32,1,000020,1790183499.5765073,22229.4600971,6.420207399998617,candidate-warmup,00246F,valid,9327,-2,True,
32,1,000020,1790183499.784074,22229.6676652,6.6277754999973695,candidate-warmup,00246B,valid,9323,-4,True,
32,1,000020,1790183499.9760559,22229.8596474,6.8197576999991725,candidate-warmup,00246B,valid,9323,0,True,
32,1,000020,1790183500.168059,22230.0516474,7.01175769999827,candidate-measurement,002469,valid,9321,-2,True,
32,1,000020,1790183500.3594782,22230.2430674,7.203177699997468,candidate-measurement,002467,valid,9319,-2,True,
32,1,000020,1790183500.5674665,22230.4510574,7.411167700000078,candidate-measurement,002465,valid,9317,-2,True,
32,1,000020,1790183500.7590418,22230.6426327,7.602742999999464,candidate-measurement,002465,valid,9317,0,True,
32,1,000020,1790183500.9510372,22230.8346287,7.794738999997207,candidate-measurement,002465,valid,9317,0,True,
32,1,000020,1790183501.1590211,22231.0426102,8.00272049999694,candidate-measurement,002465,valid,9317,0,True,
32,1,000020,1790183501.3510268,22231.2346153,8.194725599998492,candidate-measurement,002465,valid,9317,0,True,
32,1,000020,1790183501.5424407,22231.426032,8.386142299998028,candidate-measurement,002463,valid,9315,-2,True,
32,1,000020,1790183501.7504296,22231.6340209,8.594131199999538,candidate-measurement,002462,valid,9314,-1,True,
32,1,000020,1790183501.9420037,22231.8255948,8.785705099999177,candidate-measurement,002462,valid,9314,0,True,
32,1,000020,1790183502.1339993,22232.0175866,8.977696899997682,candidate-measurement,00245F,valid,9311,-3,True,
32,1,000020,1790183502.3259988,22232.2095873,9.169697599998472,candidate-measurement,00245F,valid,9311,0,True,
32,1,000020,1790183502.5339901,22232.4175796,9.377689900000405,candidate-measurement,00245F,valid,9311,0,True,
32,1,000020,1790183502.7253919,22232.6089826,9.569092899997486,candidate-measurement,00245F,valid,9311,0,True,
32,1,000020,1790183502.917398,22232.8009876,9.761097899998276,candidate-measurement,00245D,valid,9309,-2,True,
32,1,000020,1790183503.1249552,22233.0085464,9.968656699998974,candidate-measurement,00245D,valid,9309,0,True,
32,1,000020,1790183503.316966,22233.2005547,10.160664999999426,candidate-measurement,00245D,valid,9309,0,True,
32,1,000020,1790183503.50895,22233.3925406,10.352650900000299,candidate-measurement,00245D,valid,9309,0,True,
32,1,000020,1790183503.7163687,22233.5999584,10.560068699996918,candidate-measurement,00245D,valid,9309,0,True,
32,1,000020,1790183503.9083643,22233.7919555,10.7520657999994,candidate-measurement,00245C,valid,9308,-1,True,
32,1,000020,1790183504.1003559,22233.9839472,10.944057499997143,candidate-measurement,002456,valid,9302,-6,True,
32,1,000020,1790183504.2919252,22234.1755137,11.135623999998643,candidate-measurement,00244E,valid,9294,-8,True,
32,1,000020,1790183504.499951,22234.3835367,11.343646999997873,candidate-measurement,00244B,valid,9291,-3,True,
32,1,000020,1790183504.6913445,22234.5749326,11.535042899999098,candidate-measurement,00244B,valid,9291,0,True,
32,1,000020,1790183504.8833313,22234.7669194,11.727029699999548,candidate-measurement,00244B,valid,9291,0,True,
32,1,000020,1790183505.0913122,22234.9749013,11.935011599998688,candidate-measurement,00244A,valid,9290,-1,True,
32,1,000020,1790183505.282902,22235.16649,12.126600299998245,candidate-measurement,00244A,valid,9290,0,True,
32,1,000020,1790183505.4748802,22235.3584685,12.31857879999734,candidate-measurement,002438,valid,9272,-18,True,
32,1,000020,1790183505.6668813,22235.5504706,12.510580899997876,candidate-measurement,002432,valid,9266,-6,True,
32,1,000020,1790183505.8742888,22235.7578781,12.71798839999974,candidate-measurement,00242E,valid,9262,-4,True,
32,1,000020,1790183506.065876,22235.9494642,12.909574499997689,candidate-measurement,002424,valid,9252,-10,True,
32,1,000020,1790183506.2578826,22236.1414694,13.101579700000002,candidate-measurement,002421,valid,9249,-3,True,
32,1,000020,1790183506.4658618,22236.3494489,13.309559199999057,candidate-measurement,00241E,valid,9246,-3,True,
32,1,000020,1790183506.6572747,22236.5408629,13.500973199999862,candidate-measurement,002416,valid,9238,-8,True,
32,1,000020,1790183506.8492637,22236.7328529,13.692963199999213,candidate-measurement,00240B,valid,9227,-11,True,
32,1,000020,1790183507.0568907,22236.9404797,13.900589999997464,candidate-measurement,002409,valid,9225,-2,True,
32,1,000020,1790183507.2488384,22237.1324267,14.092537000000448,candidate-measurement,002406,valid,9222,-3,True,
32,1,000020,1790183507.4408267,22237.3244141,14.28452439999819,candidate-measurement,002405,valid,9221,-1,True,
32,1,000020,1790183507.6482594,22237.5318482,14.491958499998873,candidate-measurement,002405,valid,9221,0,True,
32,1,000020,1790183507.840238,22237.723829,14.683939299997292,candidate-measurement,002403,valid,9219,-2,True,
32,1,000020,1790183508.031808,22237.9153978,14.875508099998115,candidate-measurement,002403,valid,9219,0,True,
