payload_index,trial_index,payload_hex,timestamp,monotonic_s,elapsed_candidate_s,phase,rx_bytes_hex,reply_kind,raw_position,delta_counts,valid,note
1,1,00001E,1790189407.3281736,28137.2117595,0.20239110000329674,candidate-warmup,00042A,valid,1066,128,True,
1,1,00001E,1790189407.5201986,28137.4037868,0.3944184000029054,candidate-warmup,00042A,valid,1066,0,True,
1,1,00001E,1790189407.7277393,28137.6113275,0.6019591000003857,candidate-warmup,00042A,valid,1066,0,True,
1,1,00001E,1790189407.9197288,28137.8033184,0.7939500000029511,candidate-warmup,00042A,valid,1066,0,True,
1,1,00001E,1790189408.1117332,28137.9953202,0.9859518000012031,candidate-warmup,00042A,valid,1066,0,True,
1,1,00001E,1790189408.3197134,28138.2033023,1.1939339000018663,candidate-warmup,00042A,valid,1066,0,True,
1,1,00001E,1790189408.5111313,28138.3947219,1.3853535000016564,candidate-warmup,00042A,valid,1066,0,True,
1,1,00001E,1790189408.703128,28138.5867159,1.577347500002361,candidate-warmup,00042A,valid,1066,0,True,
1,1,00001E,1790189408.9106982,28138.794287,1.784918600002129,candidate-warmup,00042A,valid,1066,0,True,
1,1,00001E,1790189409.1186895,28139.0022787,1.9929103000031319,candidate-warmup,00042A,valid,1066,0,True,
1,1,00001E,1790189409.3106878,28139.1942765,2.1849081000000297,candidate-warmup,00042C,valid,1068,2,True,
1,1,00001E,1790189409.5020943,28139.3856844,2.3763160000016796,candidate-warmup,00042C,valid,1068,0,True,
1,1,00001E,1790189409.694101,28139.5776894,2.56832100000247,candidate-warmup,00042C,valid,1068,0,True,
1,1,00001E,1790189409.8856661,28139.7692563,2.7598878999997396,candidate-warmup,00042D,valid,1069,1,True,
1,1,00001E,1790189410.0776627,28139.9612521,2.9518837000032363,candidate-warmup,00042D,valid,1069,0,True,
1,1,00001E,1790189410.2856572,28140.1692455,3.1598771000026318,candidate-warmup,00042F,valid,1071,2,True,
1,1,00001E,1790189410.4776545,28140.3612434,3.351875000000291,candidate-warmup,00042F,valid,1071,0,True,
1,1,00001E,1790189410.6690578,28140.5526476,3.543279200002871,candidate-warmup,00042F,valid,1071,0,True,
1,1,00001E,1790189410.8766341,28140.7602239,3.750855500002217,candidate-warmup,00042F,valid,1071,0,True,
1,1,00001E,1790189411.08463,28140.9682185,3.958850099999836,candidate-warmup,00042F,valid,1071,0,True,
1,1,00001E,1790189411.2766283,28141.1602165,4.150848100001895,candidate-warmup,00042F,valid,1071,0,True,
1,1,00001E,1790189411.4680407,28141.3516296,4.342261200003122,candidate-warmup,000431,valid,1073,2,True,
1,1,00001E,1790189411.6600266,28141.5436154,4.5342470000032336,candidate-warmup,000434,valid,1076,3,True,
1,1,00001E,1790189411.851608,28141.7351963,4.725827900001605,candidate-warmup,000434,valid,1076,0,True,
1,1,00001E,1790189412.0435922,28141.9271822,4.917813800002477,candidate-warmup,000434,valid,1076,0,True,
1,1,00001E,1790189412.251615,28142.1352018,5.125833400001284,candidate-warmup,000435,valid,1077,1,True,
1,1,00001E,1790189412.4430094,28142.3265982,5.3172298000026785,candidate-warmup,00043C,valid,1084,7,True,
1,1,00001E,1790189412.6349983,28142.5185888,5.50922040000296,candidate-warmup,000449,valid,1097,13,True,
1,1,00001E,1790189412.8425786,28142.7261671,5.7167987000029825,candidate-warmup,00044A,valid,1098,1,True,
1,1,00001E,1790189413.0345697,28142.9181578,5.908789400000387,candidate-warmup,00044C,valid,1100,2,True,
1,1,00001E,1790189413.2265594,28143.1101502,6.100781799999822,candidate-warmup,00044C,valid,1100,0,True,
1,1,00001E,1790189413.4339755,28143.3175641,6.308195700003125,candidate-warmup,00044D,valid,1101,1,True,
1,1,00001E,1790189413.6259701,28143.5095604,6.500192000003153,candidate-warmup,000450,valid,1104,3,True,
1,1,00001E,1790189413.817973,28143.701561,6.692192600003182,candidate-warmup,000456,valid,1110,6,True,
1,1,00001E,1790189414.0095403,28143.8931282,6.883759800002736,candidate-warmup,00045B,valid,1115,5,True,
1,1,00001E,1790189414.2175312,28144.1011196,7.091751200001454,candidate-warmup,00045C,valid,1116,1,True,
1,1,00001E,1790189414.4095268,28144.2931155,7.283747100002074,candidate-warmup,00045C,valid,1116,0,True,
1,1,00001E,1790189414.6009355,28144.484525,7.475156600001355,candidate-warmup,00045D,valid,1117,1,True,
1,1,00001E,1790189414.8089356,28144.6925241,7.683155700000498,candidate-warmup,00045E,valid,1118,1,True,
1,1,00001E,1790189415.0165014,28144.9000926,7.890724200002296,candidate-warmup,000461,valid,1121,3,True,
1,1,00001E,1790189415.2084966,28145.0920868,8.082718400000886,candidate-warmup,000464,valid,1124,3,True,
1,1,00001E,1790189415.3999038,28145.2834939,8.274125500000082,candidate-warmup,00046D,valid,1133,9,True,
1,1,00001E,1790189415.5919087,28145.4754975,8.466129100001126,candidate-warmup,000473,valid,1139,6,True,
1,1,00001E,1790189415.7834954,28145.6670846,8.657716200003051,candidate-warmup,000474,valid,1140,1,True,
1,1,00001E,1790189415.97549,28145.8590789,8.849710500002402,candidate-warmup,000475,valid,1141,1,True,
1,1,00001E,1790189416.183471,28146.06706,9.057691600002727,candidate-warmup,000477,valid,1143,2,True,
1,1,00001E,1790189416.3754623,28146.2590504,9.249682000001485,candidate-warmup,000477,valid,1143,0,True,
1,1,00001E,1790189416.5668724,28146.4504613,9.441092900000513,candidate-warmup,000477,valid,1143,0,True,
1,1,00001E,1790189416.7744455,28146.6580348,9.648666400000366,candidate-warmup,000477,valid,1143,0,True,
1,1,00001E,1790189416.9664354,28146.8500262,9.8406578000031,candidate-warmup,000478,valid,1144,1,True,
1,1,00001E,1790189417.1584244,28147.042015,10.03264660000059,candidate-warmup,00047A,valid,1146,2,True,
1,1,00001E,1790189417.3498504,28147.2334391,10.224070700001903,candidate-warmup,00047B,valid,1147,1,True,
1,1,00001E,1790189417.5578403,28147.4414305,10.432062100000621,candidate-warmup,00047B,valid,1147,0,True,
1,1,00001E,1790189417.7494185,28147.6330077,10.623639299999923,candidate-warmup,00047D,valid,1149,2,True,
1,1,00001E,1790189417.9414623,28147.825048,10.815679600000294,candidate-warmup,00047D,valid,1149,0,True,
1,1,00001E,1790189418.1494021,28148.0329904,11.023622000000614,candidate-warmup,000480,valid,1152,3,True,
1,1,00001E,1790189418.3408194,28148.2244077,11.21503930000108,candidate-warmup,000488,valid,1160,8,True,
1,1,00001E,1790189418.5328104,28148.4164007,11.407032300001447,candidate-warmup,000489,valid,1161,1,True,
1,1,00001E,1790189418.7408018,28148.6243913,11.61502290000135,candidate-warmup,00048B,valid,1163,2,True,
1,1,00001E,1790189418.9323788,28148.8159683,11.806599900002766,candidate-warmup,00048D,valid,1165,2,True,
1,1,00001E,1790189419.1243796,28149.0079675,11.998599100003048,candidate-warmup,00048E,valid,1166,1,True,
1,1,00001E,1790189419.3157856,28149.1993749,12.19000650000089,candidate-warmup,00048E,valid,1166,0,True,
1,1,00001E,1790189419.5233788,28149.4069671,12.397598700001254,candidate-warmup,00048E,valid,1166,0,True,
1,1,00001E,1790189419.7153566,28149.5989447,12.589576300000772,candidate-warmup,00048F,valid,1167,1,True,
1,1,00001E,1790189419.9073462,28149.7909368,12.78156840000156,candidate-warmup,000496,valid,1174,7,True,
1,1,00001E,1790189420.114759,28149.9983492,12.988980800000718,candidate-warmup,0004A2,valid,1186,12,True,
1,1,00001E,1790189420.3067553,28150.1903434,13.180975000002945,candidate-warmup,0004A4,valid,1188,2,True,
1,1,00001E,1790189420.498741,28150.3823311,13.372962700002972,candidate-warmup,0004A6,valid,1190,2,True,
1,1,00001E,1790189420.706745,28150.5903333,13.580964900000254,candidate-warmup,0004A6,valid,1190,0,True,
1,1,00001E,1790189420.8983128,28150.7819035,13.772535100000823,candidate-warmup,0004A7,valid,1191,1,True,
1,1,00001E,1790189421.0903475,28150.9739365,13.964568100000179,candidate-warmup,0004AE,valid,1198,7,True,
1,1,00001E,1790189421.2823052,28151.1658947,14.156526300001133,candidate-warmup,0004B5,valid,1205,7,True,
1,1,00001E,1790189421.4897184,28151.3733069,14.363938500002405,candidate-warmup,0004B7,valid,1207,2,True,
1,1,00001E,1790189421.6817145,28151.5653036,14.55593520000184,candidate-warmup,0004B7,valid,1207,0,True,
1,1,00001E,1790189421.8737051,28151.7572943,14.747925900002883,candidate-warmup,0004B8,valid,1208,1,True,
1,1,00001E,1790189422.0812738,28151.9648648,14.95549640000172,candidate-warmup,0004B8,valid,1208,0,True,
1,1,00001E,1790189422.273276,28152.1568641,15.147495700002764,candidate-warmup,0004BC,valid,1212,4,True,
1,1,00001E,1790189422.4652708,28152.3488603,15.339491900002031,candidate-warmup,0004CC,valid,1228,16,True,
1,1,00001E,1790189422.672677,28152.5562663,15.546897899999749,candidate-warmup,0004D1,valid,1233,5,True,
1,1,00001E,1790189422.8646693,28152.7482597,15.73889130000316,candidate-warmup,0004D1,valid,1233,0,True,
1,1,00001E,1790189423.056246,28152.9398357,15.9304673000006,candidate-warmup,0004D1,valid,1233,0,True,
1,1,00001E,1790189423.2482345,28153.1318236,16.12245520000215,candidate-warmup,0004D2,valid,1234,1,True,
1,1,00001E,1790189423.4562395,28153.3398281,16.330459700002393,candidate-warmup,0004D4,valid,1236,2,True,
1,1,00001E,1790189423.648224,28153.5318127,16.522444300000643,candidate-warmup,0004D5,valid,1237,1,True,
1,1,00001E,1790189423.8396435,28153.7232319,16.713863500001025,candidate-warmup,0004D6,valid,1238,1,True,
1,1,00001E,1790189424.0472565,28153.9308458,16.921477400002914,candidate-warmup,0004D6,valid,1238,0,True,
1,1,00001E,1790189424.23921,28154.1227997,17.11343130000023,candidate-warmup,0004DB,valid,1243,5,True,
1,1,00001E,1790189424.431201,28154.3147894,17.305421000000933,candidate-warmup,0004E2,valid,1250,7,True,
1,1,00001E,1790189424.6391926,28154.5227832,17.513414799999737,candidate-warmup,0004E4,valid,1252,2,True,
1,1,00001E,1790189424.8312054,28154.7147937,17.70542530000239,candidate-warmup,0004E6,valid,1254,2,True,
1,1,00001E,1790189425.0226018,28154.9061924,17.896824000003107,candidate-warmup,0004E7,valid,1255,1,True,
1,1,00001E,1790189425.2145936,28155.0981833,18.088814900002035,candidate-warmup,0004E7,valid,1255,0,True,
1,1,00001E,1790189425.422176,28155.305765,18.29639660000248,candidate-warmup,0004E8,valid,1256,1,True,
1,1,00001E,1790189425.6141636,28155.497753,18.488384600001154,candidate-warmup,0004EF,valid,1263,7,True,
1,1,00001E,1790189425.8061588,28155.689747,18.68037860000186,candidate-warmup,0004FF,valid,1279,16,True,
1,1,00001E,1790189426.0141475,28155.8977391,18.88837070000227,candidate-warmup,0004FF,valid,1279,0,True,
1,1,00001E,1790189426.205565,28156.0891541,19.079785699999775,candidate-warmup,0004FF,valid,1279,0,True,
1,1,00001E,1790189426.3975587,28156.2811469,19.271778500002256,candidate-warmup,000501,valid,1281,2,True,
1,1,00001E,1790189426.6055555,28156.4891435,19.479775100000552,candidate-warmup,000504,valid,1284,3,True,
1,1,00001E,1790189426.8131547,28156.6967437,19.687375299999985,candidate-warmup,00050A,valid,1290,6,True,
1,1,00001E,1790189427.005117,28156.8887071,19.879338700000517,candidate-warmup,00050E,valid,1294,4,True,
1,1,00001E,1790189427.1971078,28157.0806967,20.07132830000046,candidate-measurement,00050F,valid,1295,1,True,
1,1,00001E,1790189427.3885326,28157.2721212,20.26275280000118,candidate-measurement,00050F,valid,1295,0,True,
1,1,00001E,1790189427.5805132,28157.4641034,20.454735000002984,candidate-measurement,000511,valid,1297,2,True,
1,1,00001E,1790189427.7720938,28157.6556828,20.646314400000847,candidate-measurement,000512,valid,1298,1,True,
1,1,00001E,1790189427.980084,28157.8636745,20.85430610000185,candidate-measurement,000512,valid,1298,0,True,
1,1,00001E,1790189428.1720881,28158.0556772,21.046308800003317,candidate-measurement,000512,valid,1298,0,True,
1,1,00001E,1790189428.364079,28158.2476676,21.238299200002075,candidate-measurement,000514,valid,1300,2,True,
1,1,00001E,1790189428.571484,28158.4550743,21.445705900001485,candidate-measurement,00051A,valid,1306,6,True,
1,1,00001E,1790189428.7634804,28158.6470699,21.63770149999982,candidate-measurement,000526,valid,1318,12,True,
1,1,00001E,1790189428.955057,28158.8386477,21.829279300000053,candidate-measurement,000529,valid,1321,3,True,
1,1,00001E,1790189429.147049,28159.0306391,22.021270700002788,candidate-measurement,00052B,valid,1323,2,True,
1,1,00001E,1790189429.3550458,28159.2386355,22.2292671000032,candidate-measurement,00052B,valid,1323,0,True,
1,1,00001E,1790189429.5464506,28159.4300413,22.420672899999772,candidate-measurement,00052B,valid,1323,0,True,
1,1,00001E,1790189429.7384534,28159.6220421,22.612673700001324,candidate-measurement,00052C,valid,1324,1,True,
1,1,00001E,1790189429.9460278,28159.8296162,22.820247800002107,candidate-measurement,00052E,valid,1326,2,True,
1,1,00001E,1790189430.1380124,28160.0216034,23.012235000001965,candidate-measurement,00052F,valid,1327,1,True,
1,1,00001E,1790189430.3300116,28160.2135997,23.204231300001993,candidate-measurement,000531,valid,1329,2,True,
1,1,00001E,1790189430.5220041,28160.4055931,23.396224700001767,candidate-measurement,000531,valid,1329,0,True,
1,1,00001E,1790189430.7294235,28160.6130117,23.60364330000084,candidate-measurement,000531,valid,1329,0,True,
1,1,00001E,1790189430.9214163,28160.8050056,23.795637200000783,candidate-measurement,000532,valid,1330,1,True,
1,1,00001E,1790189431.1129892,28160.9965786,23.987210200000845,candidate-measurement,00053B,valid,1339,9,True,
1,1,00001E,1790189431.3209815,28161.2045696,24.195201200000156,candidate-measurement,00053C,valid,1340,1,True,
1,1,00001E,1790189431.5129771,28161.3965648,24.387196400002722,candidate-measurement,00053F,valid,1343,3,True,
1,1,00001E,1790189431.704397,28161.5879856,24.578617200000735,candidate-measurement,000542,valid,1346,3,True,
1,1,00001E,1790189431.912387,28161.7959764,24.78660800000216,candidate-measurement,000542,valid,1346,0,True,
1,1,00001E,1790189432.1043742,28161.9879644,24.978596000000834,candidate-measurement,000542,valid,1346,0,True,
1,1,00001E,1790189432.2959552,28162.1795438,25.170175400002336,candidate-measurement,000543,valid,1347,1,True,
1,1,00001E,1790189432.4879453,28162.3715338,25.362165400001686,candidate-measurement,00054B,valid,1355,8,True,
1,1,00001E,1790189432.695364,28162.5789526,25.569584200002282,candidate-measurement,000557,valid,1367,12,True,
1,1,00001E,1790189432.8873482,28162.7709383,25.761569900001632,candidate-measurement,000558,valid,1368,1,True,
1,1,00001E,1790189433.0793436,28162.9629339,25.953565499999968,candidate-measurement,000558,valid,1368,0,True,
1,1,00001E,1790189433.2873414,28163.1709305,26.161562100001902,candidate-measurement,00055A,valid,1370,2,True,
1,1,00001E,1790189433.4789033,28163.3624931,26.35312470000281,candidate-measurement,00055A,valid,1370,0,True,
1,1,00001E,1790189433.6709146,28163.5545027,26.545134300002246,candidate-measurement,00055D,valid,1373,3,True,
1,1,00001E,1790189433.8788967,28163.7624859,26.75311750000037,candidate-measurement,00055F,valid,1375,2,True,
1,1,00001E,1790189434.0703094,28163.9538985,26.94453010000143,candidate-measurement,000568,valid,1384,9,True,
1,1,00001E,1790189434.2623143,28164.1459023,27.13653390000036,candidate-measurement,00056A,valid,1386,2,True,
1,1,00001E,1790189434.4538815,28164.3374703,27.328101900002366,candidate-measurement,00056A,valid,1386,0,True,
1,1,00001E,1790189434.6618779,28164.5454659,27.536097500000324,candidate-measurement,00056B,valid,1387,1,True,
1,1,00001E,1790189434.8538682,28164.7374562,27.72808780000196,candidate-measurement,00056C,valid,1388,1,True,
1,1,00001E,1790189435.045862,28164.929451,27.92008260000148,candidate-measurement,00056E,valid,1390,2,True,
1,1,00001E,1790189435.2532706,28165.1368602,28.127491800001735,candidate-measurement,000572,valid,1394,4,True,
1,1,00001E,1790189435.4452682,28165.3288579,28.31948950000151,candidate-measurement,000577,valid,1399,5,True,
1,1,00001E,1790189435.6372602,28165.5208482,28.511479800003144,candidate-measurement,00057E,valid,1406,7,True,
1,1,00001E,1790189435.844837,28165.7284255,28.71905710000283,candidate-measurement,000583,valid,1411,5,True,
1,1,00001E,1790189436.0368395,28165.9204301,28.911061700000573,candidate-measurement,000583,valid,1411,0,True,
1,1,00001E,1790189436.2288191,28166.1124087,29.10304030000043,candidate-measurement,000584,valid,1412,1,True,
1,1,00001E,1790189436.436237,28166.3198253,29.310456900002464,candidate-measurement,000584,valid,1412,0,True,
1,1,00001E,1790189436.6282573,28166.5118461,29.502477699999872,candidate-measurement,000584,valid,1412,0,True,
1,1,00001E,1790189436.8198018,28166.7033901,29.69402170000103,candidate-measurement,000585,valid,1413,1,True,
1,1,00001E,1790189437.0117948,28166.8953854,29.88601700000072,candidate-measurement,000586,valid,1414,1,True,
1,1,00001E,1790189437.2192097,28167.1028003,30.093431900000724,candidate-measurement,000587,valid,1415,1,True,
1,1,00001E,1790189437.4112098,28167.2947983,30.285429900002782,candidate-measurement,000589,valid,1417,2,True,
1,1,00001E,1790189437.6027758,28167.4863662,30.47699780000039,candidate-measurement,000589,valid,1417,0,True,
1,1,00001E,1790189437.8107674,28167.6943563,30.684987900000124,candidate-measurement,00058B,valid,1419,2,True,
1,1,00001E,1790189438.0027628,28167.8863538,30.876985400002013,candidate-measurement,00058B,valid,1419,0,True,
1,1,00001E,1790189438.1941748,28168.0777655,31.068397099999856,candidate-measurement,00058B,valid,1419,0,True,
1,1,00001E,1790189438.386176,28168.2697643,31.26039590000073,candidate-measurement,000592,valid,1426,7,True,
1,1,00001E,1790189438.5937526,28168.4773414,31.46797300000253,candidate-measurement,000596,valid,1430,4,True,
1,1,00001E,1790189438.7857385,28168.6693268,31.659958400003234,candidate-measurement,000596,valid,1430,0,True,
1,1,00001E,1790189438.9777293,28168.8613204,31.851952000000892,candidate-measurement,000598,valid,1432,2,True,
1,1,00001E,1790189439.1857345,28169.0693228,32.0599543999997,candidate-measurement,00059A,valid,1434,2,True,
1,1,00001E,1790189439.3771431,28169.260731,32.25136259999999,candidate-measurement,00059C,valid,1436,2,True,
1,1,00001E,1790189439.5691328,28169.4527228,32.443354400002136,candidate-measurement,00059C,valid,1436,0,True,
1,1,00001E,1790189439.7771318,28169.6607208,32.65135240000018,candidate-measurement,00059C,valid,1436,0,True,
1,1,00001E,1790189439.9847035,28169.8682918,32.85892340000282,candidate-measurement,00059C,valid,1436,0,True,
1,1,00001E,1790189440.1766963,28170.0602844,33.05091600000014,candidate-measurement,00059D,valid,1437,1,True,
1,1,00001E,1790189440.3686936,28170.2522817,33.24291330000051,candidate-measurement,0005A0,valid,1440,3,True,
1,1,00001E,1790189440.5600924,28170.4436831,33.43431469999996,candidate-measurement,0005AF,valid,1455,15,True,
1,1,00001E,1790189440.7520986,28170.6356865,33.62631810000312,candidate-measurement,0005B2,valid,1458,3,True,
1,1,00001E,1790189440.943674,28170.8272629,33.817894499999966,candidate-measurement,0005B4,valid,1460,2,True,
1,1,00001E,1790189441.1516616,28171.0352519,34.02588350000224,candidate-measurement,0005B4,valid,1460,0,True,
1,1,00001E,1790189441.3436582,28171.2272475,34.21787910000057,candidate-measurement,0005B6,valid,1462,2,True,
1,1,00001E,1790189441.5350697,28171.4186597,34.409291300002224,candidate-measurement,0005BE,valid,1470,8,True,
1,1,00001E,1790189441.7430649,28171.6266529,34.617284500000096,candidate-measurement,0005C3,valid,1475,5,True,
1,1,00001E,1790189441.9350638,28171.8186527,34.80928430000131,candidate-measurement,0005C5,valid,1477,2,True,
1,1,00001E,1790189442.1266353,28172.0102247,35.00085630000103,candidate-measurement,0005C5,valid,1477,0,True,
1,1,00001E,1790189442.3186345,28172.2022227,35.19285430000309,candidate-measurement,0005C5,valid,1477,0,True,
1,1,00001E,1790189442.5266879,28172.410275,35.40090659999987,candidate-measurement,0005C6,valid,1478,1,True,
1,1,00001E,1790189442.7180357,28172.6016236,35.59225520000109,candidate-measurement,0005C7,valid,1479,1,True,
1,1,00001E,1790189442.910021,28172.7936116,35.784243199999764,candidate-measurement,0005CF,valid,1487,8,True,
1,1,00001E,1790189443.1176026,28173.0011933,35.99182490000021,candidate-measurement,0005DF,valid,1503,16,True,
1,1,00001E,1790189443.309587,28173.1931777,36.183809300000576,candidate-measurement,0005DF,valid,1503,0,True,
1,1,00001E,1790189443.5015886,28173.3851777,36.37580930000331,candidate-measurement,0005E1,valid,1505,2,True,
1,1,00001E,1790189443.7095847,28173.5931727,36.58380430000034,candidate-measurement,0005E3,valid,1507,2,True,
1,1,00001E,1790189443.9169946,28173.8005849,36.79121650000161,candidate-measurement,0005E3,valid,1507,0,True,
1,1,00001E,1790189444.1089935,28173.9925838,36.983215400003246,candidate-measurement,0005E5,valid,1509,2,True,
1,1,00001E,1790189444.3005614,28174.1841501,37.17478170000322,candidate-measurement,0005E5,valid,1509,0,True,
1,1,00001E,1790189444.4925535,28174.3761437,37.36677530000088,candidate-measurement,0005EC,valid,1516,7,True,
1,1,00001E,1790189444.6845634,28174.5681521,37.558783700002095,candidate-measurement,0005F0,valid,1520,4,True,
1,1,00001E,1790189444.876542,28174.7601318,37.75076340000305,candidate-measurement,0005F1,valid,1521,1,True,
1,1,00001E,1790189445.0839562,28174.9675456,37.958177200001955,candidate-measurement,0005F3,valid,1523,2,True,
1,1,00001E,1790189445.2759502,28175.1595393,38.150170900000376,candidate-measurement,0005F6,valid,1526,3,True,
1,1,00001E,1790189445.4675238,28175.3511144,38.341746000001876,candidate-measurement,0005F6,valid,1526,0,True,
1,1,00001E,1790189445.675528,28175.5591157,38.54974730000322,candidate-measurement,0005F6,valid,1526,0,True,
1,1,00001E,1790189445.8675141,28175.7511027,38.74173430000155,candidate-measurement,0005F6,valid,1526,0,True,
1,1,00001E,1790189446.0589273,28175.9425178,38.93314939999982,candidate-measurement,0005FB,valid,1531,5,True,
1,1,00001E,1790189446.2509222,28176.1345108,39.125142400000186,candidate-measurement,00060C,valid,1548,17,True,
1,1,00001E,1790189446.458491,28176.3420811,39.33271270000114,candidate-measurement,00060E,valid,1550,2,True,
1,1,00001E,1790189446.6505027,28176.5340912,39.524722800000745,candidate-measurement,00060E,valid,1550,0,True,
1,1,00001E,1790189446.8424866,28176.7260746,39.71670620000077,candidate-measurement,000611,valid,1553,3,True,
1,1,00001E,1790189447.0504773,28176.9340674,39.924699000002875,candidate-measurement,00061A,valid,1562,9,True,
1,1,00001E,1790189447.2418883,28177.1254795,40.116111100000126,candidate-measurement,00061D,valid,1565,3,True,
1,1,00001E,1790189447.4338791,28177.317469,40.308100600002945,candidate-measurement,00061F,valid,1567,2,True,
1,1,00001E,1790189447.6414542,28177.5250428,40.515674400001444,candidate-measurement,00061F,valid,1567,0,True,
1,1,00001E,1790189447.8334458,28177.7170348,40.70766640000147,candidate-measurement,00061F,valid,1567,0,True,
1,1,00001E,1790189448.0254395,28177.9090305,40.89966210000057,candidate-measurement,00061F,valid,1567,0,True,
1,1,00001E,1790189448.2168863,28178.1004756,41.091107200001716,candidate-measurement,00061F,valid,1567,0,True,
1,1,00001E,1790189448.4248486,28178.3084366,41.299068200001784,candidate-measurement,000621,valid,1569,2,True,
1,1,00001E,1790189448.6164148,28178.5000051,41.49063670000032,candidate-measurement,000628,valid,1576,7,True,
1,1,00001E,1790189448.8084168,28178.692005,41.6826366000023,candidate-measurement,000636,valid,1590,14,True,
1,1,00001E,1790189449.0164483,28178.9000365,41.89066810000077,candidate-measurement,000639,valid,1593,3,True,
1,1,00001E,1790189449.2078257,28179.0914142,42.08204580000165,candidate-measurement,000639,valid,1593,0,True,
1,1,00001E,1790189449.3998196,28179.2834074,42.2740389999999,candidate-measurement,000639,valid,1593,0,True,
1,1,00001E,1790189449.6073918,28179.490981,42.48161260000052,candidate-measurement,00063A,valid,1594,1,True,
1,1,00001E,1790189449.7993855,28179.6829747,42.673606300002575,candidate-measurement,00063B,valid,1595,1,True,
1,1,00001E,1790189449.9913802,28179.8749702,42.86560180000015,candidate-measurement,00063D,valid,1597,2,True,
1,1,00001E,1790189450.1833742,28180.0669632,43.057594800000516,candidate-measurement,00063E,valid,1598,1,True,
1,1,00001E,1790189450.390777,28180.2743661,43.264997700000094,candidate-measurement,000643,valid,1603,5,True,
1,1,00001E,1790189450.5827842,28180.4663723,43.457003900002746,candidate-measurement,00064B,valid,1611,8,True,
1,1,00001E,1790189450.774359,28180.6579472,43.648578800002724,candidate-measurement,00064B,valid,1611,0,True,
1,1,00001E,1790189450.9823468,28180.8659351,43.85656670000026,candidate-measurement,00064C,valid,1612,1,True,
1,1,00001E,1790189451.1743457,28181.0579348,44.04856640000071,candidate-measurement,00064E,valid,1614,2,True,
1,1,00001E,1790189451.3663328,28181.2499212,44.24055280000175,candidate-measurement,000650,valid,1616,2,True,
1,1,00001E,1790189451.5737362,28181.4573249,44.447956500000146,candidate-measurement,000650,valid,1616,0,True,
1,1,00001E,1790189451.7657442,28181.6493323,44.63996390000102,candidate-measurement,000650,valid,1616,0,True,
1,1,00001E,1790189451.9577343,28181.8413228,44.83195440000054,candidate-measurement,000650,valid,1616,0,True,
1,1,00001E,1790189452.1493108,28182.032899,45.02353060000314,candidate-measurement,000651,valid,1617,1,True,
1,1,00001E,1790189452.357313,28182.2409011,45.2315327000033,candidate-measurement,00065D,valid,1629,12,True,
1,1,00001E,1790189452.5492957,28182.4328851,45.42351670000062,candidate-measurement,000664,valid,1636,7,True,
1,1,00001E,1790189452.7407138,28182.624302,45.61493360000168,candidate-measurement,000666,valid,1638,2,True,
1,1,00001E,1790189452.948703,28182.8322927,45.82292430000234,candidate-measurement,000668,valid,1640,2,True,
1,1,00001E,1790189453.1402798,28183.0238693,46.01450090000071,candidate-measurement,000668,valid,1640,0,True,
1,1,00001E,1790189453.3322706,28183.2158609,46.20649250000133,candidate-measurement,000669,valid,1641,1,True,
1,1,00001E,1790189453.5242677,28183.4078567,46.39848830000119,candidate-measurement,00066E,valid,1646,5,True,
1,1,00001E,1790189453.7322652,28183.6158532,46.60648480000236,candidate-measurement,000676,valid,1654,8,True,
1,1,00001E,1790189453.9236717,28183.8072621,46.797893700000714,candidate-measurement,000679,valid,1657,3,True,
1,1,00001E,1790189454.115663,28183.9992539,46.989885500002856,candidate-measurement,000679,valid,1657,0,True,
1,1,00001E,1790189454.3232439,28184.2068321,47.19746370000212,candidate-measurement,000679,valid,1657,0,True,
1,1,00001E,1790189454.5152287,28184.3988189,47.38945050000257,candidate-measurement,00067A,valid,1658,1,True,
1,1,00001E,1790189454.7066512,28184.5902395,47.580871100002696,candidate-measurement,00067C,valid,1660,2,True,
1,1,00001E,1790189454.9146383,28184.7982287,47.78886030000285,candidate-measurement,000682,valid,1666,6,True,
1,1,00001E,1790189455.1066318,28184.9902219,47.9808535000011,candidate-measurement,00068B,valid,1675,9,True,
1,1,00001E,1790189455.2982078,28185.1817968,48.17242840000108,candidate-measurement,000690,valid,1680,5,True,
1,1,00001E,1790189455.4901998,28185.3737907,48.364422300001024,candidate-measurement,000692,valid,1682,2,True,
1,1,00001E,1790189455.6982033,28185.5817923,48.57242390000101,candidate-measurement,000693,valid,1683,1,True,
1,1,00001E,1790189455.8901975,28185.7737865,48.76441810000324,candidate-measurement,000693,valid,1683,0,True,
1,1,00001E,1790189456.0821846,28185.9657733,48.95640490000005,candidate-measurement,000693,valid,1683,0,True,
1,1,00001E,1790189456.2896862,28186.1732731,49.163904700002604,candidate-measurement,000693,valid,1683,0,True,
1,1,00001E,1790189456.4815867,28186.3651765,49.35580810000101,candidate-measurement,000696,valid,1686,3,True,
1,1,00001E,1790189456.673164,28186.5567522,49.54738379999981,candidate-measurement,000697,valid,1687,1,True,
1,1,00001E,1790189456.8811615,28186.7647492,49.75538080000115,candidate-measurement,000698,valid,1688,1,True,
1,1,00001E,1790189457.073149,28186.956739,49.947370600002614,candidate-measurement,000699,valid,1689,1,True,
1,1,00001E,1790189457.2645624,28187.1481533,50.138784900002065,candidate-measurement,000699,valid,1689,0,True,
1,1,00001E,1790189457.4565563,28187.3401468,50.3307784000026,candidate-measurement,00069E,valid,1694,5,True,
1,1,00001E,1790189457.6645498,28187.5481379,50.53876950000267,candidate-measurement,0006A5,valid,1701,7,True,
1,1,00001E,1790189457.8561275,28187.739717,50.73034860000189,candidate-measurement,0006A5,valid,1701,0,True,
1,1,00001E,1790189458.0481267,28187.9317166,50.92234820000158,candidate-measurement,0006A5,valid,1701,0,True,
1,1,00001E,1790189458.256136,28188.1397224,51.13035400000081,candidate-measurement,0006A5,valid,1701,0,True,
1,1,00001E,1790189458.4475281,28188.3311174,51.321749000002455,candidate-measurement,0006A6,valid,1702,1,True,
1,1,00001E,1790189458.639523,28188.5231122,51.513743800001976,candidate-measurement,0006A8,valid,1704,2,True,
1,1,00001E,1790189458.8475168,28188.731106,51.72173760000078,candidate-measurement,0006AA,valid,1706,2,True,
1,1,00001E,1790189459.039085,28188.9226747,51.91330630000084,candidate-measurement,0006AE,valid,1710,4,True,
1,1,00001E,1790189459.2310796,28189.1146704,52.10530199999994,candidate-measurement,0006B6,valid,1718,8,True,
1,1,00001E,1790189459.4224944,28189.3060835,52.296715100001165,candidate-measurement,0006BD,valid,1725,7,True,
1,1,00001E,1790189459.6304855,28189.5140758,52.5047074000031,candidate-measurement,0006C0,valid,1728,3,True,
1,1,00001E,1790189459.8220568,28189.7056456,52.69627720000062,candidate-measurement,0006C0,valid,1728,0,True,
1,1,00001E,1790189460.0140834,28189.897671,52.888302600000316,candidate-measurement,0006C0,valid,1728,0,True,
1,1,00001E,1790189460.2220542,28190.1056422,53.096273800001654,candidate-measurement,0006C2,valid,1730,2,True,
1,1,00001E,1790189460.4134686,28190.2970572,53.2876888000028,candidate-measurement,0006C2,valid,1730,0,True,
1,1,00001E,1790189460.6054578,28190.4890479,53.4796795000002,candidate-measurement,0006C2,valid,1730,0,True,
1,1,00001E,1790189460.813035,28190.6966237,53.68725530000302,candidate-measurement,0006C4,valid,1732,2,True,
1,1,00001E,1790189461.0050244,28190.8886127,53.87924430000203,candidate-measurement,0006CA,valid,1738,6,True,
1,1,00001E,1790189461.1970248,28191.0806135,54.07124509999994,candidate-measurement,0006D1,valid,1745,7,True,
1,1,00001E,1790189461.3890154,28191.2726053,54.263236900002084,candidate-measurement,0006D3,valid,1747,2,True,
1,1,00001E,1790189461.5964277,28191.4800178,54.470649400002,candidate-measurement,0006D3,valid,1747,0,True,
1,1,00001E,1790189461.7884202,28191.672009,54.662640600003215,candidate-measurement,0006D3,valid,1747,0,True,
1,1,00001E,1790189461.9799979,28191.8635862,54.854217800002516,candidate-measurement,0006D3,valid,1747,0,True,
1,1,00001E,1790189462.187972,28192.0715613,55.06219290000081,candidate-measurement,0006D3,valid,1747,0,True,
1,1,00001E,1790189462.3799832,28192.2635714,55.254203000000416,candidate-measurement,0006D6,valid,1750,3,True,
1,1,00001E,1790189462.5713925,28192.4549829,55.445614500000374,candidate-measurement,0006DC,valid,1756,6,True,
1,1,00001E,1790189462.7793875,28192.6629759,55.65360750000036,candidate-measurement,0006EA,valid,1770,14,True,
1,1,00001E,1790189462.970959,28192.8545493,55.84518089999983,candidate-measurement,0006ED,valid,1773,3,True,
1,1,00001E,1790189463.1629617,28193.046552,56.0371836000013,candidate-measurement,0006ED,valid,1773,0,True,
1,1,00001E,1790189463.354364,28193.2379537,56.22858530000303,candidate-measurement,0006ED,valid,1773,0,True,
1,1,00001E,1790189463.5623605,28193.4459496,56.436581200003275,candidate-measurement,0006ED,valid,1773,0,True,
1,1,00001E,1790189463.7543573,28193.6379454,56.62857700000313,candidate-measurement,0006EE,valid,1774,1,True,
1,1,00001E,1790189463.9463463,28193.8299348,56.82056640000155,candidate-measurement,0006F0,valid,1776,2,True,
1,1,00001E,1790189464.1539211,28194.0375112,57.02814280000166,candidate-measurement,0006F1,valid,1777,1,True,
1,1,00001E,1790189464.3459175,28194.2295056,57.22013720000177,candidate-measurement,0006F3,valid,1779,2,True,
1,1,00001E,1790189464.5379097,28194.4214984,57.412130000000616,candidate-measurement,0006F3,valid,1779,0,True,
1,1,00001E,1790189464.7453246,28194.6289127,57.61954429999969,candidate-measurement,0006F4,valid,1780,1,True,
1,1,00001E,1790189464.9373164,28194.8209068,57.811538400001155,candidate-measurement,0006FC,valid,1788,8,True,
1,1,00001E,1790189465.1293042,28195.0128946,58.00352620000194,candidate-measurement,0006FF,valid,1791,3,True,
1,1,00001E,1790189465.3208852,28195.2044734,58.19510500000251,candidate-measurement,0006FF,valid,1791,0,True,
1,1,00001E,1790189465.5288787,28195.4124672,58.40309880000132,candidate-measurement,0006FF,valid,1791,0,True,
1,1,00001E,1790189465.7208748,28195.6044638,58.59509539999999,candidate-measurement,000701,valid,1793,2,True,
1,1,00001E,1790189465.9122906,28195.7958801,58.78651170000012,candidate-measurement,000703,valid,1795,2,True,
1,1,00001E,1790189466.120279,28196.0038678,58.99449939999977,candidate-measurement,000703,valid,1795,0,True,
1,1,00001E,1790189466.311851,28196.1954396,59.18607120000161,candidate-measurement,000704,valid,1796,1,True,
1,1,00001E,1790189466.5038435,28196.3874333,59.37806490000003,candidate-measurement,000708,valid,1800,4,True,
1,1,00001E,1790189466.69584,28196.5794287,59.57006030000048,candidate-measurement,000715,valid,1813,13,True,
1,1,00001E,1790189466.9032607,28196.7868494,59.77748100000099,candidate-measurement,000719,valid,1817,4,True,
1,1,00001E,1790189467.0952463,28196.9788348,59.96946640000169,candidate-measurement,00071A,valid,1818,1,True,
1,1,00001E,1790189467.2872472,28197.1708357,60.16146730000037,candidate-measurement,00071A,valid,1818,0,True,
1,1,00001E,1790189467.4948268,28197.3784161,60.36904770000183,candidate-measurement,00071B,valid,1819,1,True,
1,1,00001E,1790189467.6868153,28197.5704042,60.561035800001264,candidate-measurement,00071C,valid,1820,1,True,
1,1,00001E,1790189467.8788042,28197.7623929,60.75302450000163,candidate-measurement,00071E,valid,1822,2,True,
1,1,00001E,1790189468.0862231,28197.9698121,60.96044370000163,candidate-measurement,000722,valid,1826,4,True,
1,1,00001E,1790189468.2782211,28198.1618094,61.152441000002,candidate-measurement,000729,valid,1833,7,True,
1,1,00001E,1790189468.4702044,28198.3537946,61.34442620000118,candidate-measurement,00072B,valid,1835,2,True,
1,1,00001E,1790189468.6617842,28198.5453733,61.53600490000099,candidate-measurement,00072B,valid,1835,0,True,
1,1,00001E,1790189468.8697731,28198.7533615,61.74399310000081,candidate-measurement,00072D,valid,1837,2,True,
1,1,00001E,1790189469.0617588,28198.9453489,61.93598050000219,candidate-measurement,00072D,valid,1837,0,True,
1,1,00001E,1790189469.253167,28199.136758,62.12738960000206,candidate-measurement,00072D,valid,1837,0,True,
1,1,00001E,1790189469.4611726,28199.3447613,62.33539290000044,candidate-measurement,00072F,valid,1839,2,True,
1,1,00001E,1790189469.6527457,28199.5363362,62.52696780000042,candidate-measurement,000730,valid,1840,1,True,
1,1,00001E,1790189469.84474,28199.7283291,62.718960700000025,candidate-measurement,000736,valid,1846,6,True,
1,1,00001E,1790189470.0527585,28199.9363482,62.9269798000023,candidate-measurement,000743,valid,1859,13,True,
1,1,00001E,1790189470.2441542,28200.1277411,63.11837270000251,candidate-measurement,000745,valid,1861,2,True,
1,1,00001E,1790189470.436149,28200.319737,63.31036860000313,candidate-measurement,000745,valid,1861,0,True,
1,1,00001E,1790189470.627717,28200.5113074,63.501939000001585,candidate-measurement,000746,valid,1862,1,True,
1,1,00001E,1790189470.8357213,28200.7193098,63.70994140000039,candidate-measurement,000747,valid,1863,1,True,
1,1,00001E,1790189471.0276954,28200.9112863,63.901917900002445,candidate-measurement,000749,valid,1865,2,True,
1,1,00001E,1790189471.219113,28201.1027021,64.0933337000024,candidate-measurement,00074A,valid,1866,1,True,
1,1,00001E,1790189471.4271119,28201.3107016,64.30133320000095,candidate-measurement,00074B,valid,1867,1,True,
1,1,00001E,1790189471.6190932,28201.5026834,64.49331499999971,candidate-measurement,00074B,valid,1867,0,True,
1,1,00001E,1790189471.8106823,28201.6942704,64.68490200000087,candidate-measurement,00074B,valid,1867,0,True,
1,1,00001E,1790189472.018663,28201.9022523,64.89288390000002,candidate-measurement,00074D,valid,1869,2,True,
1,1,00001E,1790189472.2266672,28202.1102564,65.10088800000085,candidate-measurement,00074D,valid,1869,0,True,
1,1,00001E,1790189472.4180982,28202.3016861,65.29231770000115,candidate-measurement,00074D,valid,1869,0,True,
1,1,00001E,1790189472.6100833,28202.4936711,65.48430270000244,candidate-measurement,000750,valid,1872,3,True,
1,1,00001E,1790189472.8016462,28202.6852349,65.67586650000158,candidate-measurement,000758,valid,1880,8,True,
1,1,00001E,1790189472.993633,28202.8772221,65.86785370000143,candidate-measurement,000759,valid,1881,1,True,
1,1,00001E,1790189473.1856258,28203.0692156,66.05984720000197,candidate-measurement,00075B,valid,1883,2,True,
1,1,00001E,1790189473.393697,28203.2772862,66.26791779999985,candidate-measurement,00075E,valid,1886,3,True,
1,1,00001E,1790189473.5850415,28203.4686302,66.45926180000242,candidate-measurement,00075E,valid,1886,0,True,
1,1,00001E,1790189473.7770393,28203.6606279,66.6512595000022,candidate-measurement,00075E,valid,1886,0,True,
1,1,00001E,1790189473.9846056,28203.8681946,66.8588262000012,candidate-measurement,00075E,valid,1886,0,True,
1,1,00001E,1790189474.1766012,28204.0601897,67.05082130000301,candidate-measurement,00075F,valid,1887,1,True,
1,1,00001E,1790189474.3686004,28204.2521884,67.24282000000312,candidate-measurement,000768,valid,1896,9,True,
1,1,00001E,1790189474.5600116,28204.4435996,67.4342312000008,candidate-measurement,000774,valid,1908,12,True,
1,1,00001E,1790189474.7679992,28204.6515882,67.64221980000002,candidate-measurement,000774,valid,1908,0,True,
1,1,00001E,1790189474.9599938,28204.8435836,67.83421520000047,candidate-measurement,000775,valid,1909,1,True,
1,1,00001E,1790189475.1515665,28205.0351567,68.0257883000013,candidate-measurement,000777,valid,1911,2,True,
1,1,00001E,1790189475.3595653,28205.2431533,68.23378490000323,candidate-measurement,00077C,valid,1916,5,True,
1,1,00001E,1790189475.5509732,28205.4345639,68.42519549999997,candidate-measurement,000784,valid,1924,8,True,
1,1,00001E,1790189475.7429717,28205.6265615,68.61719310000262,candidate-measurement,000787,valid,1927,3,True,
1,1,00001E,1790189475.9509525,28205.8345429,68.8251745000016,candidate-measurement,000787,valid,1927,0,True,
1,1,00001E,1790189476.1429586,28206.026549,69.01718059999985,candidate-measurement,000787,valid,1927,0,True,
1,1,00001E,1790189476.334535,28206.2181228,69.20875440000236,candidate-measurement,000787,valid,1927,0,True,
1,1,00001E,1790189476.5265253,28206.410115,69.40074660000028,candidate-measurement,000788,valid,1928,1,True,
1,1,00001E,1790189476.7345161,28206.6181051,69.60873670000001,candidate-measurement,000789,valid,1929,1,True,
1,1,00001E,1790189476.9259322,28206.8095223,69.80015389999971,candidate-measurement,00078C,valid,1932,3,True,
1,1,00001E,1790189477.1179235,28207.0015122,69.99214380000194,candidate-measurement,000794,valid,1940,8,True,
1,1,00001E,1790189477.325496,28207.2090851,70.19971670000086,candidate-measurement,00079F,valid,1951,11,True,
1,1,00001E,1790189477.5174963,28207.4010858,70.39171740000165,candidate-measurement,0007A1,valid,1953,2,True,
1,1,00001E,1790189477.7094858,28207.593075,70.58370660000219,candidate-measurement,0007A1,valid,1953,0,True,
1,1,00001E,1790189477.9174767,28207.8010659,70.79169750000074,candidate-measurement,0007A1,valid,1953,0,True,
1,1,00001E,1790189478.1249092,28208.008498,70.99912960000074,candidate-measurement,0007A1,valid,1953,0,True,
1,1,00001E,1790189478.3168948,28208.2004831,71.1911147000028,candidate-measurement,0007A2,valid,1954,1,True,
1,1,00001E,1790189478.5084825,28208.392073,71.38270460000058,candidate-measurement,0007A4,valid,1956,2,True,
1,1,00001E,1790189478.7004588,28208.5840465,71.57467810000162,candidate-measurement,0007A5,valid,1957,1,True,
1,1,00001E,1790189478.892448,28208.7760368,71.76666840000325,candidate-measurement,0007A5,valid,1957,0,True,
1,1,00001E,1790189479.0844398,28208.9680308,71.95866240000032,candidate-measurement,0007A7,valid,1959,2,True,
1,1,00001E,1790189479.2918575,28209.1754461,72.16607769999973,candidate-measurement,0007A8,valid,1960,1,True,
1,1,00001E,1790189479.4838474,28209.3674385,72.3580701000028,candidate-measurement,0007AE,valid,1966,6,True,
1,1,00001E,1790189479.6754289,28209.5590175,72.54964910000126,candidate-measurement,0007B3,valid,1971,5,True,
1,1,00001E,1790189479.8834183,28209.767008,72.7576396000004,candidate-measurement,0007B5,valid,1973,2,True,
1,1,00001E,1790189480.0754075,28209.9589979,72.94962950000263,candidate-measurement,0007B8,valid,1976,3,True,
1,1,00001E,1790189480.2668343,28210.1504224,73.14105399999971,candidate-measurement,0007B8,valid,1976,0,True,
1,1,00001E,1790189480.458814,28210.3424024,73.33303400000295,candidate-measurement,0007B8,valid,1976,0,True,
1,1,00001E,1790189480.6663992,28210.5499882,73.54061980000188,candidate-measurement,0007B8,valid,1976,0,True,
1,1,00001E,1790189480.8583798,28210.7419694,73.7326009999997,candidate-measurement,0007BA,valid,1978,2,True,
1,1,00001E,1790189481.050374,28210.9339627,73.92459430000235,candidate-measurement,0007CB,valid,1995,17,True,
1,1,00001E,1790189481.257789,28211.1413768,74.1320083999999,candidate-measurement,0007CE,valid,1998,3,True,
1,1,00001E,1790189481.4497852,28211.3333757,74.32400730000154,candidate-measurement,0007D0,valid,2000,2,True,
1,1,00001E,1790189481.6413577,28211.5249482,74.51557980000143,candidate-measurement,0007D1,valid,2001,1,True,
1,1,00001E,1790189481.8493502,28211.7329385,74.72357010000269,candidate-measurement,0007D3,valid,2003,2,True,
1,1,00001E,1790189482.0413451,28211.9249347,74.91556630000196,candidate-measurement,0007D7,valid,2007,4,True,
1,1,00001E,1790189482.2327666,28212.1163546,75.10698620000039,candidate-measurement,0007DC,valid,2012,5,True,
1,1,00001E,1790189482.4247546,28212.3083432,75.2989748,candidate-measurement,0007DF,valid,2015,3,True,
1,1,00001E,1790189482.632385,28212.5159755,75.50660710000011,candidate-measurement,0007E1,valid,2017,2,True,
1,1,00001E,1790189482.824317,28212.7079064,75.69853800000055,candidate-measurement,0007E1,valid,2017,0,True,
1,1,00001E,1790189483.016314,28212.8999036,75.89053520000016,candidate-measurement,0007E1,valid,2017,0,True,
1,1,00001E,1790189483.2243094,28213.107899,76.09853060000023,candidate-measurement,0007E1,valid,2017,0,True,
1,1,00001E,1790189483.4157267,28213.299316,76.28994760000205,candidate-measurement,0007E3,valid,2019,2,True,
1,1,00001E,1790189483.6077206,28213.4913087,76.48194030000013,candidate-measurement,0007E5,valid,2021,2,True,
1,1,00001E,1790189483.8152945,28213.6988827,76.68951430000016,candidate-measurement,0007EC,valid,2028,7,True,
1,1,00001E,1790189484.0072834,28213.8908721,76.88150370000221,candidate-measurement,0007F8,valid,2040,12,True,
1,1,00001E,1790189484.1992779,28214.0828682,77.07349980000072,candidate-measurement,0007F9,valid,2041,1,True,
1,1,00001E,1790189484.390697,28214.2742851,77.26491670000178,candidate-measurement,0007FB,valid,2043,2,True,
1,1,00001E,1790189484.5987341,28214.4823231,77.47295470000245,candidate-measurement,0007FB,valid,2043,0,True,
1,1,00001E,1790189484.7906804,28214.6742692,77.66490080000221,candidate-measurement,0007FB,valid,2043,0,True,
1,1,00001E,1790189484.9822533,28214.8658423,77.85647390000304,candidate-measurement,0007FB,valid,2043,0,True,
1,1,00001E,1790189485.1902454,28215.0738351,78.0644667000015,candidate-measurement,0007FD,valid,2045,2,True,
1,1,00001E,1790189485.3822386,28215.2658283,78.25645989999975,candidate-measurement,0007FF,valid,2047,2,True,
1,1,00001E,1790189485.5736544,28215.4572436,78.44787520000318,candidate-measurement,0007FF,valid,2047,0,True,
1,1,00001E,1790189485.781294,28215.6648835,78.65551510000296,candidate-measurement,000800,valid,2048,1,True,
1,1,00001E,1790189485.973231,28215.856821,78.84745260000273,candidate-measurement,000802,valid,2050,2,True,
1,1,00001E,1790189486.1652179,28216.0488066,79.03943820000131,candidate-measurement,00080A,valid,2058,8,True,
1,1,00001E,1790189486.3566318,28216.2402204,79.2308520000006,candidate-measurement,00080C,valid,2060,2,True,
1,1,00001E,1790189486.5646539,28216.4482436,79.43887520000135,candidate-measurement,00080C,valid,2060,0,True,
1,1,00001E,1790189486.7561953,28216.6397837,79.63041530000191,candidate-measurement,00080D,valid,2061,1,True,
1,1,00001E,1790189486.9481857,28216.8317745,79.82240610000008,candidate-measurement,00080F,valid,2063,2,True,
1,1,00001E,1790189487.1561859,28217.0397742,80.03040580000015,candidate-measurement,000811,valid,2065,2,True,
1,1,00001E,1790189487.347593,28217.2311809,80.22181249999994,candidate-measurement,000812,valid,2066,1,True,
1,1,00001E,1790189487.5395854,28217.4231759,80.41380750000098,candidate-measurement,000814,valid,2068,2,True,
1,1,00001E,1790189487.747163,28217.6307521,80.62138370000321,candidate-measurement,000822,valid,2082,14,True,
1,1,00001E,1790189487.939154,28217.8227442,80.81337580000036,candidate-measurement,000827,valid,2087,5,True,
1,1,00001E,1790189488.1311564,28218.0147459,81.00537750000149,candidate-measurement,000828,valid,2088,1,True,
1,1,00001E,1790189488.3225682,28218.2061567,81.19678829999975,candidate-measurement,000828,valid,2088,0,True,
1,1,00001E,1790189488.5305717,28218.4141625,81.40479410000262,candidate-measurement,00082A,valid,2090,2,True,
1,1,00001E,1790189488.7221284,28218.6057168,81.59634840000217,candidate-measurement,00082A,valid,2090,0,True,
1,1,00001E,1790189488.914125,28218.7977142,81.7883458000033,candidate-measurement,00082C,valid,2092,2,True,
1,1,00001E,1790189489.122117,28219.0057076,81.9963392000027,candidate-measurement,000830,valid,2096,4,True,
1,1,00001E,1790189489.31354,28219.1971284,82.18776000000071,candidate-measurement,000837,valid,2103,7,True,
1,1,00001E,1790189489.5055299,28219.3891202,82.37975180000285,candidate-measurement,000839,valid,2105,2,True,
1,1,00001E,1790189489.713105,28219.5966928,82.58732440000313,candidate-measurement,000839,valid,2105,0,True,
1,1,00001E,1790189489.9050899,28219.7886796,82.77931119999994,candidate-measurement,00083B,valid,2107,2,True,
1,1,00001E,1790189490.0970898,28219.9806782,82.97130980000293,candidate-measurement,00083B,valid,2107,0,True,
1,1,00001E,1790189490.2885075,28220.1720954,83.16272700000263,candidate-measurement,00083C,valid,2108,1,True,
1,1,00001E,1790189490.496515,28220.3801047,83.37073630000305,candidate-measurement,00083D,valid,2109,1,True,
1,1,00001E,1790189490.6884928,28220.5720811,83.5627127000007,candidate-measurement,00083E,valid,2110,1,True,
1,1,00001E,1790189490.8800592,28220.7636491,83.75428070000271,candidate-measurement,000845,valid,2117,7,True,
1,1,00001E,1790189491.0880544,28220.9716439,83.96227550000185,candidate-measurement,000852,valid,2130,13,True,
1,1,00001E,1790189491.2800508,28221.1636406,84.15427220000129,candidate-measurement,000853,valid,2131,1,True,
1,1,00001E,1790189491.4714649,28221.3550536,84.34568520000175,candidate-measurement,000855,valid,2133,2,True,
1,1,00001E,1790189491.6794677,28221.563057,84.5536886000009,candidate-measurement,000855,valid,2133,0,True,
1,1,00001E,1790189491.8714497,28221.7550391,84.74567070000194,candidate-measurement,000855,valid,2133,0,True,
1,1,00001E,1790189492.0630238,28221.9466125,84.93724410000141,candidate-measurement,000856,valid,2134,1,True,
1,1,00001E,1790189492.255022,28222.1386103,85.12924190000194,candidate-measurement,000859,valid,2137,3,True,
1,1,00001E,1790189492.4630165,28222.3466046,85.33723620000092,candidate-measurement,00085B,valid,2139,2,True,
1,1,00001E,1790189492.6544247,28222.5380154,85.52864700000282,candidate-measurement,00085B,valid,2139,0,True,
1,1,00001E,1790189492.8464203,28222.7300087,85.72064030000183,candidate-measurement,000860,valid,2144,5,True,
1,1,00001E,1790189493.0540032,28222.9375909,85.92822250000245,candidate-measurement,000866,valid,2150,6,True,
1,1,00001E,1790189493.2459793,28223.1295704,86.12020200000188,candidate-measurement,000866,valid,2150,0,True,
1,1,00001E,1790189493.437979,28223.3215682,86.31219980000242,candidate-measurement,000868,valid,2152,2,True,
1,1,00001E,1790189493.6453953,28223.5289861,86.5196176999998,candidate-measurement,00086A,valid,2154,2,True,
1,1,00001E,1790189493.8373837,28223.7209735,86.71160510000118,candidate-measurement,00086B,valid,2155,1,True,
1,1,00001E,1790189494.0293777,28223.9129673,86.90359890000036,candidate-measurement,00086D,valid,2157,2,True,
1,1,00001E,1790189494.220954,28224.1045438,87.09517540000161,candidate-measurement,00086E,valid,2158,1,True,
1,1,00001E,1790189494.4289448,28224.3125333,87.30316490000041,candidate-measurement,00087B,valid,2171,13,True,
1,1,00001E,1790189494.620939,28224.5045298,87.49516140000196,candidate-measurement,000882,valid,2178,7,True,
1,1,00001E,1790189494.8123577,28224.6959462,87.68657780000285,candidate-measurement,000882,valid,2178,0,True,
1,1,00001E,1790189495.0203633,28224.9039532,87.8945848000003,candidate-measurement,000884,valid,2180,2,True,
1,1,00001E,1790189495.2119215,28225.0955117,88.08614330000273,candidate-measurement,000885,valid,2181,1,True,
1,1,00001E,1790189495.403917,28225.2875069,88.27813850000166,candidate-measurement,000886,valid,2182,1,True,
1,1,00001E,1790189495.5959175,28225.4795058,88.4701374000033,candidate-measurement,00088C,valid,2188,6,True,
1,1,00001E,1790189495.8033376,28225.6869262,88.67755780000152,candidate-measurement,000893,valid,2195,7,True,
1,1,00001E,1790189495.9953063,28225.8788977,88.86952930000189,candidate-measurement,000895,valid,2197,2,True,
1,1,00001E,1790189496.1868906,28226.0704806,89.06111220000093,candidate-measurement,000895,valid,2197,0,True,
1,1,00001E,1790189496.3948913,28226.2784797,89.26911130000008,candidate-measurement,000895,valid,2197,0,True,
1,1,00001E,1790189496.5868776,28226.4704671,89.46109870000146,candidate-measurement,000897,valid,2199,2,True,
1,1,00001E,1790189496.778294,28226.6618829,89.65251450000142,candidate-measurement,00089C,valid,2204,5,True,
1,1,00001E,1790189496.9862802,28226.8698712,89.860502800002,candidate-measurement,0008A9,valid,2217,13,True,
1,1,00001E,1790189497.1782825,28227.0618719,90.05250350000279,candidate-measurement,0008AC,valid,2220,3,True,
1,1,00001E,1790189497.3698583,28227.2534468,90.24407840000276,candidate-measurement,0008AD,valid,2221,1,True,
1,1,00001E,1790189497.5618472,28227.4454358,90.43606740000178,candidate-measurement,0008AF,valid,2223,2,True,
1,1,00001E,1790189497.7698672,28227.6534558,90.64408739999999,candidate-measurement,0008AF,valid,2223,0,True,
1,1,00001E,1790189497.9612508,28227.844842,90.83547360000011,candidate-measurement,0008AF,valid,2223,0,True,
1,1,00001E,1790189498.1532454,28228.0368349,91.02746649999972,candidate-measurement,0008B0,valid,2224,1,True,
1,1,00001E,1790189498.360862,28228.2444509,91.23508250000305,candidate-measurement,0008B1,valid,2225,1,True,
1,1,00001E,1790189498.5528126,28228.4364023,91.42703390000315,candidate-measurement,0008B3,valid,2227,2,True,
1,1,00001E,1790189498.7448127,28228.6284017,91.61903330000132,candidate-measurement,0008B5,valid,2229,2,True,
1,1,00001E,1790189498.9528062,28228.836395,91.82702659999995,candidate-measurement,0008B5,valid,2229,0,True,
1,1,00001E,1790189499.1442137,28229.0278041,92.01843569999983,candidate-measurement,0008B5,valid,2229,0,True,
1,1,00001E,1790189499.3362055,28229.2197953,92.21042690000104,candidate-measurement,0008BC,valid,2236,7,True,
1,1,00001E,1790189499.527786,28229.4113762,92.40200780000305,candidate-measurement,0008C0,valid,2240,4,True,
1,1,00001E,1790189499.735877,28229.6194623,92.61009390000254,candidate-measurement,0008C2,valid,2242,2,True,
1,1,00001E,1790189499.9277747,28229.8113635,92.80199510000239,candidate-measurement,0008C4,valid,2244,2,True,
1,1,00001E,1790189500.1197658,28230.0033543,92.99398590000055,candidate-measurement,0008C5,valid,2245,1,True,
1,1,00001E,1790189500.327759,28230.211348,93.20197960000223,candidate-measurement,0008C6,valid,2246,1,True,
1,1,00001E,1790189500.519171,28230.40276,93.39339160000236,candidate-measurement,0008CA,valid,2250,4,True,
1,1,00001E,1790189500.7111738,28230.5947628,93.58539440000095,candidate-measurement,0008D6,valid,2262,12,True,
1,1,00001E,1790189500.9187403,28230.8023279,93.79295950000233,candidate-measurement,0008DC,valid,2268,6,True,
1,1,00001E,1790189501.1107318,28230.9943216,93.98495320000075,candidate-measurement,0008DD,valid,2269,1,True,
1,1,00001E,1790189501.3027306,28231.1863191,94.17695070000264,candidate-measurement,0008DD,valid,2269,0,True,
1,1,00001E,1790189501.5101438,28231.3937317,94.38436330000332,candidate-measurement,0008DE,valid,2270,1,True,
1,1,00001E,1790189501.7021294,28231.5857182,94.57634980000148,candidate-measurement,0008DE,valid,2270,0,True,
1,1,00001E,1790189501.8941493,28231.7777388,94.768370400001,candidate-measurement,0008E0,valid,2272,2,True,
1,1,00001E,1790189502.085702,28231.9692918,94.95992340000157,candidate-measurement,0008E6,valid,2278,6,True,
1,1,00001E,1790189502.2937129,28232.1773012,95.16793280000275,candidate-measurement,0008ED,valid,2285,7,True,
1,1,00001E,1790189502.4856923,28232.3692804,95.3599119999999,candidate-measurement,0008EE,valid,2286,1,True,
1,1,00001E,1790189502.6776884,28232.5612769,95.55190850000145,candidate-measurement,0008EF,valid,2287,1,True,
1,1,00001E,1790189502.8850985,28232.7686864,95.75931800000035,candidate-measurement,0008EF,valid,2287,0,True,
1,1,00001E,1790189503.0770867,28232.9606767,95.95130830000198,candidate-measurement,0008EF,valid,2287,0,True,
1,1,00001E,1790189503.268667,28233.1522562,96.14288780000061,candidate-measurement,0008F0,valid,2288,1,True,
1,1,00001E,1790189503.4606519,28233.344241,96.33487260000038,candidate-measurement,0008F0,valid,2288,0,True,
1,1,00001E,1790189503.6686494,28233.5522387,96.54287029999978,candidate-measurement,0008F4,valid,2292,4,True,
1,1,00001E,1790189503.8606417,28233.7442308,96.73486240000057,candidate-measurement,0008FC,valid,2300,8,True,
1,1,00001E,1790189504.0520658,28233.9356547,96.92628630000036,candidate-measurement,000907,valid,2311,11,True,
1,1,00001E,1790189504.2596478,28234.1432359,97.13386750000063,candidate-measurement,000909,valid,2313,2,True,
1,1,00001E,1790189504.4516273,28234.3352156,97.32584720000159,candidate-measurement,000909,valid,2313,0,True,
1,1,00001E,1790189504.6436205,28234.5272093,97.51784090000001,candidate-measurement,000909,valid,2313,0,True,
1,1,00001E,1790189504.851028,28234.7346162,97.72524780000094,candidate-measurement,00090A,valid,2314,1,True,
1,1,00001E,1790189505.0430212,28234.9266124,97.91724400000021,candidate-measurement,00090D,valid,2317,3,True,
1,1,00001E,1790189505.2346032,28235.1181925,98.10882409999977,candidate-measurement,00090D,valid,2317,0,True,
1,1,00001E,1790189505.4265888,28235.3101792,98.30081080000309,candidate-measurement,00090F,valid,2319,2,True,
1,1,00001E,1790189505.6345837,28235.5181734,98.5088050000013,candidate-measurement,00090F,valid,2319,0,True,
1,1,00001E,1790189505.826008,28235.7095964,98.70022800000152,candidate-measurement,000917,valid,2327,8,True,
1,1,00001E,1790189506.0179942,28235.9015847,98.89221630000247,candidate-measurement,00091B,valid,2331,4,True,
1,1,00001E,1790189506.2256198,28236.1092099,99.0998415000031,candidate-measurement,00091B,valid,2331,0,True,
1,1,00001E,1790189506.4175704,28236.3011587,99.2917903000016,candidate-measurement,00091B,valid,2331,0,True,
1,1,00001E,1790189506.6095583,28236.4931472,99.48377880000044,candidate-measurement,00091C,valid,2332,1,True,
1,1,00001E,1790189506.8175883,28236.7011769,99.69180849999975,candidate-measurement,00091E,valid,2334,2,True,
1,1,00001E,1790189507.0095434,28236.8931337,99.88376530000096,candidate-measurement,000920,valid,2336,2,True,
1,1,00001E,1790189507.200963,28237.0845534,100.07518500000151,candidate-measurement,000920,valid,2336,0,True,
1,1,00001E,1790189507.3929567,28237.2765456,100.26717720000306,candidate-measurement,000920,valid,2336,0,True,
1,1,00001E,1790189507.600516,28237.4841052,100.47473680000257,candidate-measurement,000920,valid,2336,0,True,
1,1,00001E,1790189507.7925146,28237.6761034,100.66673500000252,candidate-measurement,000927,valid,2343,7,True,
1,1,00001E,1790189507.9839303,28237.8675204,100.8581520000007,candidate-measurement,000936,valid,2358,15,True,
1,1,00001E,1790189508.191922,28238.0755123,101.06614390000323,candidate-measurement,000936,valid,2358,0,True,
1,1,00001E,1790189508.383515,28238.2671031,101.25773470000058,candidate-measurement,000938,valid,2360,2,True,
1,1,00001E,1790189508.5754938,28238.4590844,101.44971600000281,candidate-measurement,000939,valid,2361,1,True,
1,1,00001E,1790189508.7829092,28238.6664978,101.6571294000023,candidate-measurement,00093D,valid,2365,4,True,
1,1,00001E,1790189508.9748986,28238.8584889,101.84912050000275,candidate-measurement,000943,valid,2371,6,True,
1,1,00001E,1790189509.1664655,28239.0500557,102.0406873000029,candidate-measurement,000947,valid,2375,4,True,
1,1,00001E,1790189509.3584712,28239.2420598,102.23269140000048,candidate-measurement,000947,valid,2375,0,True,
1,1,00001E,1790189509.566454,28239.4500447,102.44067630000063,candidate-measurement,000949,valid,2377,2,True,
1,1,00001E,1790189509.757876,28239.6414645,102.63209610000195,candidate-measurement,000949,valid,2377,0,True,
1,1,00001E,1790189509.9498637,28239.833452,102.82408360000045,candidate-measurement,000949,valid,2377,0,True,
1,1,00001E,1790189510.1575027,28240.041091,103.03172260000065,candidate-measurement,00094A,valid,2378,1,True,
1,1,00001E,1790189510.3494368,28240.2330251,103.22365669999999,candidate-measurement,00094C,valid,2380,2,True,
1,1,00001E,1790189510.5414364,28240.4250245,103.4156561000018,candidate-measurement,000950,valid,2384,4,True,
1,1,00001E,1790189510.7488403,28240.6324289,103.62306050000188,candidate-measurement,000955,valid,2389,5,True,
1,1,00001E,1790189510.9408455,28240.8244345,103.81506609999997,candidate-measurement,00095D,valid,2397,8,True,
1,1,00001E,1790189511.1324136,28241.0160017,104.00663330000316,candidate-measurement,000961,valid,2401,4,True,
1,1,00001E,1790189511.324411,28241.2080006,104.19863220000116,candidate-measurement,000961,valid,2401,0,True,
1,1,00001E,1790189511.5323958,28241.4159842,104.40661580000233,candidate-measurement,000962,valid,2402,1,True,
1,1,00001E,1790189511.7238193,28241.6074072,104.59803880000254,candidate-measurement,000962,valid,2402,0,True,
1,1,00001E,1790189511.9158,28241.7993908,104.79002240000045,candidate-measurement,000962,valid,2402,0,True,
1,1,00001E,1790189512.123806,28242.0073949,104.99802650000129,candidate-measurement,000962,valid,2402,0,True,
1,1,00001E,1790189512.315377,28242.1989652,105.18959680000262,candidate-measurement,000963,valid,2403,1,True,
1,1,00001E,1790189512.5073745,28242.3909627,105.38159430000087,candidate-measurement,000965,valid,2405,2,True,
1,1,00001E,1790189512.71536,28242.5989483,105.58957990000272,candidate-measurement,000967,valid,2407,2,True,
1,1,00001E,1790189512.9233553,28242.8069457,105.79757729999983,candidate-measurement,000968,valid,2408,1,True,
1,1,00001E,1790189513.114767,28242.9983577,105.98898929999996,candidate-measurement,000968,valid,2408,0,True,
1,1,00001E,1790189513.3067665,28243.1903547,106.18098630000168,candidate-measurement,000969,valid,2409,1,True,
1,1,00001E,1790189513.4983363,28243.3819244,106.37255600000208,candidate-measurement,000969,valid,2409,0,True,
1,1,00001E,1790189513.6903305,28243.5739198,106.56455140000253,candidate-measurement,000969,valid,2409,0,True,
1,1,00001E,1790189513.8823233,28243.7659119,106.75654350000332,candidate-measurement,000973,valid,2419,10,True,
1,1,00001E,1790189514.090314,28243.9739041,106.96453570000085,candidate-measurement,000974,valid,2420,1,True,
1,1,00001E,1790189514.2817247,28244.1653129,107.15594450000208,candidate-measurement,000976,valid,2422,2,True,
1,1,00001E,1790189514.4737208,28244.3573109,107.3479425000005,candidate-measurement,000978,valid,2424,2,True,
1,1,00001E,1790189514.681732,28244.5653191,107.55595069999981,candidate-measurement,00097A,valid,2426,2,True,
1,1,00001E,1790189514.8733263,28244.7569156,107.74754720000055,candidate-measurement,00097A,valid,2426,0,True,
1,1,00001E,1790189515.0652833,28244.9488711,107.93950270000278,candidate-measurement,00097A,valid,2426,0,True,
1,1,00001E,1790189515.257281,28245.1408689,108.13150050000331,candidate-measurement,00097A,valid,2426,0,True,
1,1,00001E,1790189515.464694,28245.348284,108.3389156000012,candidate-measurement,00097A,valid,2426,0,True,
1,1,00001E,1790189515.6566777,28245.5402683,108.5308999000008,candidate-measurement,00097E,valid,2430,4,True,
1,1,00001E,1790189515.8482604,28245.7318484,108.72248000000036,candidate-measurement,00098C,valid,2444,14,True,
1,1,00001E,1790189516.0562522,28245.939841,108.93047260000094,candidate-measurement,000990,valid,2448,4,True,
1,1,00001E,1790189516.2482543,28246.1318425,109.12247410000055,candidate-measurement,000990,valid,2448,0,True,
1,1,00001E,1790189516.4396682,28246.3232567,109.31388830000287,candidate-measurement,000992,valid,2450,2,True,
1,1,00001E,1790189516.6476667,28246.5312549,109.52188650000244,candidate-measurement,000992,valid,2450,0,True,
1,1,00001E,1790189516.839222,28246.7228107,109.7134423000025,candidate-measurement,000995,valid,2453,3,True,
1,1,00001E,1790189517.0312173,28246.9148086,109.90544020000016,candidate-measurement,00099D,valid,2461,8,True,
1,1,00001E,1790189517.2232196,28247.1068096,110.09744120000323,candidate-measurement,0009A3,valid,2467,6,True,
1,1,00001E,1790189517.4312081,28247.3147986,110.30543020000187,candidate-measurement,0009A3,valid,2467,0,True,
1,1,00001E,1790189517.622614,28247.5062037,110.49683530000038,candidate-measurement,0009A4,valid,2468,1,True,
1,1,00001E,1790189517.8146214,28247.6982097,110.68884130000151,candidate-measurement,0009A4,valid,2468,0,True,
1,1,00001E,1790189518.0221856,28247.905776,110.89640760000111,candidate-measurement,0009A9,valid,2473,5,True,
1,1,00001E,1790189518.2141824,28248.0977731,111.08840469999996,candidate-measurement,0009B1,valid,2481,8,True,
1,1,00001E,1790189518.406197,28248.289785,111.28041660000235,candidate-measurement,0009BD,valid,2493,12,True,
1,1,00001E,1790189518.6135879,28248.4971783,111.4878099000016,candidate-measurement,0009BD,valid,2493,0,True,
1,1,00001E,1790189518.80516,28248.6887488,111.67938040000081,candidate-measurement,0009BE,valid,2494,1,True,
1,1,00001E,1790189518.9971778,28248.8807681,111.87139970000135,candidate-measurement,0009C0,valid,2496,2,True,
1,1,00001E,1790189519.18915,28249.0727392,112.0633708000023,candidate-measurement,0009C3,valid,2499,3,True,
1,1,00001E,1790189519.3965626,28249.2801531,112.27078470000197,candidate-measurement,0009C3,valid,2499,0,True,
1,1,00001E,1790189519.5885787,28249.4721669,112.46279850000064,candidate-measurement,0009C4,valid,2500,1,True,
1,1,00001E,1790189519.780554,28249.6641432,112.65477480000118,candidate-measurement,0009CE,valid,2510,10,True,
1,1,00001E,1790189519.9881263,28249.8717161,112.8623477000001,candidate-measurement,0009D0,valid,2512,2,True,
1,1,00001E,1790189520.1801217,28250.0637094,113.05434100000275,candidate-measurement,0009D2,valid,2514,2,True,
1,1,00001E,1790189520.3721154,28250.2557033,113.2463349000027,candidate-measurement,0009D4,valid,2516,2,True,
1,1,00001E,1790189520.5795276,28250.4631181,113.45374970000194,candidate-measurement,0009D4,valid,2516,0,True,
1,1,00001E,1790189520.771565,28250.655153,113.6457846000012,candidate-measurement,0009D5,valid,2517,1,True,
1,1,00001E,1790189520.9631054,28250.8466943,113.8373259,candidate-measurement,0009DB,valid,2523,6,True,
1,1,00001E,1790189521.1550884,28251.0386768,114.02930840000045,candidate-measurement,0009E6,valid,2534,11,True,
1,1,00001E,1790189521.3625028,28251.2460925,114.2367241000029,candidate-measurement,0009EA,valid,2538,4,True,
1,1,00001E,1790189521.5544949,28251.4380831,114.42871470000318,candidate-measurement,0009EA,valid,2538,0,True,
1,1,00001E,1790189521.7460716,28251.6296594,114.62029100000291,candidate-measurement,0009EC,valid,2540,2,True,
1,1,00001E,1790189521.9540782,28251.8376678,114.8282994000001,candidate-measurement,0009EC,valid,2540,0,True,
1,1,00001E,1790189522.1460607,28252.0296499,115.02028150000115,candidate-measurement,0009EC,valid,2540,0,True,
1,1,00001E,1790189522.337506,28252.2210924,115.21172400000069,candidate-measurement,0009F0,valid,2544,4,True,
1,1,00001E,1790189522.5450897,28252.4286781,115.41930970000249,candidate-measurement,0009F8,valid,2552,8,True,
1,1,00001E,1790189522.7370465,28252.6206349,115.61126650000006,candidate-measurement,0009FB,valid,2555,3,True,
1,1,00001E,1790189522.9290304,28252.8126192,115.8032508000033,candidate-measurement,0009FD,valid,2557,2,True,
1,1,00001E,1790189523.1210284,28253.004617,115.9952486000002,candidate-measurement,0009FD,valid,2557,0,True,
1,1,00001E,1790189523.3284464,28253.2120346,116.20266620000257,candidate-measurement,0009FD,valid,2557,0,True,
1,1,00001E,1790189523.5204358,28253.4040244,116.3946560000004,candidate-measurement,0009FE,valid,2558,1,True,
1,1,00001E,1790189523.712009,28253.5955977,116.58622930000274,candidate-measurement,0009FE,valid,2558,0,True,
1,1,00001E,1790189523.9199953,28253.803585,116.79421660000298,candidate-measurement,000A01,valid,2561,3,True,
1,1,00001E,1790189524.1119916,28253.9955816,116.98621320000166,candidate-measurement,000A05,valid,2565,4,True,
1,1,00001E,1790189524.3039944,28254.187583,117.1782146000005,candidate-measurement,000A11,valid,2577,12,True,
1,1,00001E,1790189524.5113976,28254.3949865,117.38561810000101,candidate-measurement,000A14,valid,2580,3,True,
1,1,00001E,1790189524.7033973,28254.5869865,117.57761810000011,candidate-measurement,000A16,valid,2582,2,True,
1,1,00001E,1790189524.895387,28254.7789757,117.76960730000064,candidate-measurement,000A16,valid,2582,0,True,
1,1,00001E,1790189525.0869617,28254.9705505,117.96118209999986,candidate-measurement,000A16,valid,2582,0,True,
1,1,00001E,1790189525.2949493,28255.1785392,118.16917079999985,candidate-measurement,000A16,valid,2582,0,True,
1,1,00001E,1790189525.486373,28255.3699615,118.360593100002,candidate-measurement,000A16,valid,2582,0,True,
1,1,00001E,1790189525.678366,28255.5619545,118.55258610000237,candidate-measurement,000A17,valid,2583,1,True,
1,1,00001E,1790189525.885944,28255.7695322,118.76016380000146,candidate-measurement,000A18,valid,2584,1,True,
1,1,00001E,1790189526.0779254,28255.9615137,118.95214530000158,candidate-measurement,000A1A,valid,2586,2,True,
1,1,00001E,1790189526.269941,28256.153529,119.14416060000076,candidate-measurement,000A1B,valid,2587,1,True,
1,1,00001E,1790189526.4773328,28256.3609228,119.35155440000017,candidate-measurement,000A1D,valid,2589,2,True,
1,1,00001E,1790189526.6693444,28256.5529349,119.54356650000045,candidate-measurement,000A1D,valid,2589,0,True,
1,1,00001E,1790189526.860904,28256.7444921,119.73512370000026,candidate-measurement,000A1D,valid,2589,0,True,
1,1,00001E,1790189527.052904,28256.9364938,119.92712540000139,candidate-measurement,000A22,valid,2594,5,True,
1,1,00001E,1790189527.2609065,28257.1444966,120.13512820000324,candidate-measurement,000A28,valid,2600,6,True,
1,1,00001E,1790189527.4523077,28257.3358966,120.32652820000294,candidate-measurement,000A2A,valid,2602,2,True,
1,1,00001E,1790189527.6443014,28257.5278895,120.51852110000254,candidate-measurement,000A2C,valid,2604,2,True,
1,1,00001E,1790189527.8522978,28257.7358864,120.72651800000313,candidate-measurement,000A2D,valid,2605,1,True,
1,1,00001E,1790189528.043868,28257.9274569,120.91808850000234,candidate-measurement,000A2F,valid,2607,2,True,
1,1,00001E,1790189528.236008,28258.1195868,121.11021840000103,candidate-measurement,000A30,valid,2608,1,True,
1,1,00001E,1790189528.427858,28258.3114471,121.30207870000231,candidate-measurement,000A36,valid,2614,6,True,
1,1,00001E,1790189528.6352725,28258.5188611,121.50949270000274,candidate-measurement,000A3F,valid,2623,9,True,
1,1,00001E,1790189528.8272626,28258.7108523,121.70148390000031,candidate-measurement,000A42,valid,2626,3,True,
1,1,00001E,1790189529.0188334,28258.9024227,121.8930543000024,candidate-measurement,000A44,valid,2628,2,True,
1,1,00001E,1790189529.226826,28259.110416,122.10104760000104,candidate-measurement,000A44,valid,2628,0,True,
1,1,00001E,1790189529.418243,28259.3018318,122.292463400001,candidate-measurement,000A44,valid,2628,0,True,
1,1,00001E,1790189529.610228,28259.4938188,122.48445040000297,candidate-measurement,000A46,valid,2630,2,True,
1,1,00001E,1790189529.8178065,28259.7013959,122.69202750000113,candidate-measurement,000A46,valid,2630,0,True,
1,1,00001E,1790189530.0098042,28259.8933933,122.88402490000226,candidate-measurement,000A46,valid,2630,0,True,
1,1,00001E,1790189530.2017996,28260.0853879,123.07601950000026,candidate-measurement,000A48,valid,2632,2,True,
1,1,00001E,1790189530.4097857,28260.2933743,123.28400590000092,candidate-measurement,000A4D,valid,2637,5,True,
1,1,00001E,1790189530.6012106,28260.4847989,123.4754305000024,candidate-measurement,000A53,valid,2643,6,True,
1,1,00001E,1790189530.7932022,28260.6767906,123.66742220000015,candidate-measurement,000A55,valid,2645,2,True,
1,1,00001E,1790189530.9847744,28260.8683629,123.85899450000215,candidate-measurement,000A55,valid,2645,0,True,
1,1,00001E,1790189531.1927824,28261.0763721,124.0670037000018,candidate-measurement,000A56,valid,2646,1,True,
1,1,00001E,1790189531.384757,28261.2683457,124.25897729999997,candidate-measurement,000A57,valid,2647,1,True,
1,1,00001E,1790189531.5761693,28261.4597604,124.45039200000247,candidate-measurement,000A57,valid,2647,0,True,
1,1,00001E,1790189531.7841659,28261.6677541,124.65838570000051,candidate-measurement,000A57,valid,2647,0,True,
1,1,00001E,1790189531.9757361,28261.8593245,124.8499561000026,candidate-measurement,000A57,valid,2647,0,True,
1,1,00001E,1790189532.1677356,28262.0513247,125.04195630000322,candidate-measurement,000A57,valid,2647,0,True,
1,1,00001E,1790189532.3751545,28262.2587422,125.2493738000012,candidate-measurement,000A58,valid,2648,1,True,
1,1,00001E,1790189532.5671341,28262.4507227,125.44135430000097,candidate-measurement,000A59,valid,2649,1,True,
1,1,00001E,1790189532.758718,28262.6423061,125.63293770000018,candidate-measurement,000A5F,valid,2655,6,True,
1,1,00001E,1790189532.950705,28262.8342961,125.82492770000317,candidate-measurement,000A70,valid,2672,17,True,
1,1,00001E,1790189533.1587105,28263.0422982,126.03292979999969,candidate-measurement,000A71,valid,2673,1,True,
1,1,00001E,1790189533.3501172,28263.2337058,126.2243374000027,candidate-measurement,000A71,valid,2673,0,True,
1,1,00001E,1790189533.5421076,28263.4256972,126.41632880000179,candidate-measurement,000A72,valid,2674,1,True,
1,1,00001E,1790189533.7496822,28263.6332708,126.62390240000241,candidate-measurement,000A74,valid,2676,2,True,
1,1,00001E,1790189533.9416964,28263.8252874,126.81591900000058,candidate-measurement,000A75,valid,2677,1,True,
1,1,00001E,1790189534.1336684,28264.0172576,127.00788920000196,candidate-measurement,000A77,valid,2679,2,True,
1,1,00001E,1790189534.341675,28264.2252627,127.21589430000313,candidate-measurement,000A78,valid,2680,1,True,
1,1,00001E,1790189534.5330775,28264.4166662,127.40729780000038,candidate-measurement,000A7E,valid,2686,6,True,
1,1,00001E,1790189534.7250705,28264.6086594,127.59929100000227,candidate-measurement,000A82,valid,2690,4,True,
1,1,00001E,1790189534.9166434,28264.8002341,127.79086570000072,candidate-measurement,000A82,valid,2690,0,True,
1,1,00001E,1790189535.1246448,28265.0082329,127.99886450000122,candidate-measurement,000A84,valid,2692,2,True,
1,1,00001E,1790189535.3166337,28265.2002216,128.19085320000158,candidate-measurement,000A86,valid,2694,2,True,
1,1,00001E,1790189535.5080442,28265.3916348,128.38226639999993,candidate-measurement,000A88,valid,2696,2,True,
1,1,00001E,1790189535.716043,28265.5996313,128.5902629000011,candidate-measurement,000A88,valid,2696,0,True,
1,1,00001E,1790189535.907605,28265.791196,128.78182759999981,candidate-measurement,000A88,valid,2696,0,True,
1,1,00001E,1790189536.0996106,28265.9831989,128.9738305000028,candidate-measurement,000A89,valid,2697,1,True,
1,1,00001E,1790189536.3076026,28266.1911908,129.1818224000017,candidate-measurement,000A8A,valid,2698,1,True,
1,1,00001E,1790189536.499012,28266.3826015,129.37323310000284,candidate-measurement,000A96,valid,2710,12,True,
1,1,00001E,1790189536.6910148,28266.5746033,129.5652349000011,candidate-measurement,000A9C,valid,2716,6,True,
1,1,00001E,1790189536.882584,28266.7661723,129.7568038999998,candidate-measurement,000A9E,valid,2718,2,True,
1,1,00001E,1790189537.0905774,28266.9741671,129.96479870000258,candidate-measurement,000AA0,valid,2720,2,True,
1,1,00001E,1790189537.2825718,28267.1661613,130.15679290000116,candidate-measurement,000AA0,valid,2720,0,True,
1,1,00001E,1790189537.4745617,28267.358152,130.3487836000022,candidate-measurement,000AA2,valid,2722,2,True,
1,1,00001E,1790189537.6819713,28267.5655596,130.5561912000012,candidate-measurement,000AA5,valid,2725,3,True,
1,1,00001E,1790189537.8739724,28267.7575609,130.74819250000292,candidate-measurement,000AAC,valid,2732,7,True,
1,1,00001E,1790189538.0659702,28267.949559,130.9401906000021,candidate-measurement,000AAF,valid,2735,3,True,
1,1,00001E,1790189538.273536,28268.1571244,131.14775600000212,candidate-measurement,000AAF,valid,2735,0,True,
1,1,00001E,1790189538.4655352,28268.3491245,131.33975610000198,candidate-measurement,000AB1,valid,2737,2,True,
1,1,00001E,1790189538.6569521,28268.5405408,131.5311724000021,candidate-measurement,000AB1,valid,2737,0,True,
1,1,00001E,1790189538.848938,28268.7325277,131.72315930000332,candidate-measurement,000AB1,valid,2737,0,True,
1,1,00001E,1790189539.0565066,28268.9400973,131.93072890000258,candidate-measurement,000AB1,valid,2737,0,True,
1,1,00001E,1790189539.2485056,28269.1320942,132.1227257999999,candidate-measurement,000AB2,valid,2738,1,True,
1,1,00001E,1790189539.4405,28269.3240882,132.3147198000006,candidate-measurement,000AB6,valid,2742,4,True,
1,1,00001E,1790189539.6484883,28269.5320792,132.5227107999999,candidate-measurement,000ABE,valid,2750,8,True,
1,1,00001E,1790189539.839906,28269.723495,132.71412659999987,candidate-measurement,000AC6,valid,2758,8,True,
1,1,00001E,1790189540.0318978,28269.915489,132.90612060000058,candidate-measurement,000AC8,valid,2760,2,True,
1,1,00001E,1790189540.2395275,28270.1231156,133.11374720000094,candidate-measurement,000ACA,valid,2762,2,True,
1,1,00001E,1790189540.4314685,28270.3150568,133.30568839999978,candidate-measurement,000ACA,valid,2762,0,True,
1,1,00001E,1790189540.6234562,28270.5070454,133.49767700000302,candidate-measurement,000ACA,valid,2762,0,True,
1,1,00001E,1790189540.815454,28270.6990427,133.68967429999975,candidate-measurement,000ACB,valid,2763,1,True,
1,1,00001E,1790189541.0228682,28270.9064573,133.8970889000011,candidate-measurement,000ACB,valid,2763,0,True,
1,1,00001E,1790189541.2148664,28271.0984547,134.08908630000224,candidate-measurement,000ACB,valid,2763,0,True,
1,1,00001E,1790189541.406449,28271.2900371,134.28066870000112,candidate-measurement,000ACB,valid,2763,0,True,
1,1,00001E,1790189541.61443,28271.4980201,134.48865170000136,candidate-measurement,000ACE,valid,2766,3,True,
1,1,00001E,1790189541.8064222,28271.6900108,134.6806424000024,candidate-measurement,000AD1,valid,2769,3,True,
1,1,00001E,1790189541.9978375,28271.8814266,134.87205820000236,candidate-measurement,000AD1,valid,2769,0,True,
1,1,00001E,1790189542.1898277,28272.073417,135.06404860000112,candidate-measurement,000AD6,valid,2774,5,True,
1,1,00001E,1790189542.3978255,28272.2814137,135.27204530000017,candidate-measurement,000ADC,valid,2780,6,True,
1,1,00001E,1790189542.589409,28272.472999,135.46363060000294,candidate-measurement,000ADD,valid,2781,1,True,
1,1,00001E,1790189542.7814,28272.6649882,135.65561979999984,candidate-measurement,000ADD,valid,2781,0,True,
1,1,00001E,1790189542.9893801,28272.8729697,135.8636013000032,candidate-measurement,000ADE,valid,2782,1,True,
1,1,00001E,1790189543.1808064,28273.064395,136.05502660000275,candidate-measurement,000AE2,valid,2786,4,True,
1,1,00001E,1790189543.3727963,28273.2563849,136.24701650000134,candidate-measurement,000AE2,valid,2786,0,True,
1,1,00001E,1790189543.5804105,28273.4640004,136.45463200000086,candidate-measurement,000AE7,valid,2791,5,True,
1,1,00001E,1790189543.7723594,28273.6559478,136.64657940000325,candidate-measurement,000AF7,valid,2807,16,True,
1,1,00001E,1790189543.9643514,28273.8479414,136.8385730000009,candidate-measurement,000AF8,valid,2808,1,True,
1,1,00001E,1790189544.1563451,28274.0399343,137.0305659000005,candidate-measurement,000AF9,valid,2809,1,True,
1,1,00001E,1790189544.3637602,28274.2473485,137.23798010000246,candidate-measurement,000AFB,valid,2811,2,True,
1,1,00001E,1790189544.5557535,28274.4393423,137.42997390000164,candidate-measurement,000AFC,valid,2812,1,True,
1,1,00001E,1790189544.7473333,28274.6309221,137.62155370000255,candidate-measurement,000B00,valid,2816,4,True,
1,1,00001E,1790189544.9553134,28274.838903,137.82953460000135,candidate-measurement,000B08,valid,2824,8,True,
1,1,00001E,1790189545.147314,28275.0309048,138.02153640000324,candidate-measurement,000B09,valid,2825,1,True,
1,1,00001E,1790189545.338732,28275.2223207,138.21295230000032,candidate-measurement,000B0B,valid,2827,2,True,
1,1,00001E,1790189545.5463035,28275.4298939,138.42052550000153,candidate-measurement,000B0B,valid,2827,0,True,
1,1,00001E,1790189545.7383,28275.6218897,138.6125213000014,candidate-measurement,000B0B,valid,2827,0,True,
1,1,00001E,1790189545.93029,28275.8138802,138.8045118000009,candidate-measurement,000B0B,valid,2827,0,True,
1,1,00001E,1790189546.1222773,28276.0058678,138.99649940000018,candidate-measurement,000B0D,valid,2829,2,True,
1,1,00001E,1790189546.3297193,28276.2133076,139.2039392000006,candidate-measurement,000B10,valid,2832,3,True,
1,1,00001E,1790189546.5216913,28276.4052809,139.39591250000012,candidate-measurement,000B16,valid,2838,6,True,
1,1,00001E,1790189546.7132661,28276.5968547,139.58748630000264,candidate-measurement,000B1E,valid,2846,8,True,
1,1,00001E,1790189546.9212594,28276.8048497,139.7954813000033,candidate-measurement,000B22,valid,2850,4,True,
1,1,00001E,1790189547.1126666,28276.9962562,139.98688780000157,candidate-measurement,000B24,valid,2852,2,True,
1,1,00001E,1790189547.3046691,28277.1882593,140.17889090000244,candidate-measurement,000B24,valid,2852,0,True,
1,1,00001E,1790189547.5122435,28277.3958333,140.38646490000247,candidate-measurement,000B25,valid,2853,1,True,
1,1,00001E,1790189547.7042384,28277.5878268,140.578458400003,candidate-measurement,000B25,valid,2853,0,True,
1,1,00001E,1790189547.896229,28277.7798183,140.77044990000286,candidate-measurement,000B25,valid,2853,0,True,
1,1,00001E,1790189548.0876539,28277.9712417,140.96187330000248,candidate-measurement,000B25,valid,2853,0,True,
1,1,00001E,1790189548.2956352,28278.1792231,141.16985470000145,candidate-measurement,000B26,valid,2854,1,True,
1,1,00001E,1790189548.4876318,28278.3712213,141.3618529000014,candidate-measurement,000B28,valid,2856,2,True,
1,1,00001E,1790189548.6792033,28278.5627909,141.55342250000103,candidate-measurement,000B29,valid,2857,1,True,
1,1,00001E,1790189548.8871942,28278.770784,141.76141560000178,candidate-measurement,000B2B,valid,2859,2,True,
1,1,00001E,1790189549.079186,28278.9627766,141.95340820000274,candidate-measurement,000B2B,valid,2859,0,True,
1,1,00001E,1790189549.271184,28279.1547736,142.14540520000082,candidate-measurement,000B30,valid,2864,5,True,
1,1,00001E,1790189549.479176,28279.3627641,142.35339569999996,candidate-measurement,000B36,valid,2870,6,True,
1,1,00001E,1790189549.6705964,28279.5541838,142.54481540000052,candidate-measurement,000B37,valid,2871,1,True,
1,1,00001E,1790189549.8625793,28279.746168,142.736799600003,candidate-measurement,000B38,valid,2872,1,True,
1,1,00001E,1790189550.0541434,28279.937735,142.92836660000103,candidate-measurement,000B3C,valid,2876,4,True,
1,1,00001E,1790189550.2621553,28280.1457427,143.13637430000017,candidate-measurement,000B3C,valid,2876,0,True,
1,1,00001E,1790189550.45415,28280.3377385,143.32837010000003,candidate-measurement,000B3C,valid,2876,0,True,
1,1,00001E,1790189550.6461363,28280.529726,143.52035760000217,candidate-measurement,000B3C,valid,2876,0,True,
1,1,00001E,1790189550.854135,28280.7377243,143.7283559000025,candidate-measurement,000B42,valid,2882,6,True,
1,1,00001E,1790189551.0455606,28280.9291517,143.91978329999984,candidate-measurement,000B4F,valid,2895,13,True,
1,1,00001E,1790189551.2371182,28281.1207063,144.11133790000167,candidate-measurement,000B52,valid,2898,3,True,
1,1,00001E,1790189551.4451287,28281.328718,144.31934960000217,candidate-measurement,000B54,valid,2900,2,True,
1,1,00001E,1790189551.6371083,28281.5206986,144.5113302000027,candidate-measurement,000B54,valid,2900,0,True,
1,1,00001E,1790189551.829099,28281.7126882,144.70331980000265,candidate-measurement,000B55,valid,2901,1,True,
1,1,00001E,1790189552.02052,28281.9041094,144.89474100000007,candidate-measurement,000B58,valid,2904,3,True,
1,1,00001E,1790189552.2280896,28282.1116801,145.10231170000043,candidate-measurement,000B55,valid,2901,-3,True,
1,1,00001E,1790189552.4200823,28282.3036711,145.29430270000012,candidate-measurement,000B63,valid,2915,14,True,
1,1,00001E,1790189552.6120732,28282.4956624,145.4862940000021,candidate-measurement,000B63,valid,2915,0,True,
1,1,00001E,1790189552.8200636,28282.7036535,145.69428510000216,candidate-measurement,000B65,valid,2917,2,True,
1,1,00001E,1790189553.0114834,28282.8950722,145.88570380000237,candidate-measurement,000B65,valid,2917,0,True,
1,1,00001E,1790189553.2034676,28283.0870582,146.07768980000037,candidate-measurement,000B65,valid,2917,0,True,
1,1,00001E,1790189553.4111311,28283.2947181,146.28534970000328,candidate-measurement,000B68,valid,2920,3,True,
1,1,00001E,1790189553.603036,28283.4866267,146.47725830000127,candidate-measurement,000B6B,valid,2923,3,True,
1,1,00001E,1790189553.7950428,28283.6786311,146.66926270000113,candidate-measurement,000B72,valid,2930,7,True,
1,1,00001E,1790189553.9864526,28283.8700431,146.86067470000125,candidate-measurement,000B79,valid,2937,7,True,
1,1,00001E,1790189554.1944447,28284.0780349,147.06866650000302,candidate-measurement,000B7D,valid,2941,4,True,
1,1,00001E,1790189554.3860223,28284.2696109,147.26024250000046,candidate-measurement,000B7D,valid,2941,0,True,
1,1,00001E,1790189554.5780156,28284.4616046,147.45223620000252,candidate-measurement,000B7E,valid,2942,1,True,
1,1,00001E,1790189554.7860212,28284.6696106,147.66024220000327,candidate-measurement,000B7E,valid,2942,0,True,
1,1,00001E,1790189554.9774177,28284.8610081,147.85163970000212,candidate-measurement,000B7F,valid,2943,1,True,
1,1,00001E,1790189555.1689844,28285.052574,148.0432056000027,candidate-measurement,000B7F,valid,2943,0,True,
1,1,00001E,1790189555.376985,28285.2605745,148.25120610000158,candidate-measurement,000B82,valid,2946,3,True,
1,1,00001E,1790189555.5689743,28285.4525636,148.44319520000136,candidate-measurement,000B83,valid,2947,1,True,
1,1,00001E,1790189555.7603998,28285.6439887,148.634620300003,candidate-measurement,000B85,valid,2949,2,True,
1,1,00001E,1790189555.9524179,28285.8360083,148.8266399000022,candidate-measurement,000B85,valid,2949,0,True,
1,1,00001E,1790189556.1599565,28286.0435476,149.03417919999993,candidate-measurement,000B8C,valid,2956,7,True,
1,1,00001E,1790189556.3519542,28286.2355422,149.22617380000156,candidate-measurement,000B90,valid,2960,4,True,
1,1,00001E,1790189556.5439456,28286.427536,149.41816760000074,candidate-measurement,000B90,valid,2960,0,True,
1,1,00001E,1790189556.7513595,28286.6349483,149.62557990000278,candidate-measurement,000B91,valid,2961,1,True,
1,1,00001E,1790189556.9433568,28286.8269473,149.81757890000154,candidate-measurement,000B93,valid,2963,2,True,
1,1,00001E,1790189557.1349266,28287.0185158,150.00914740000007,candidate-measurement,000B96,valid,2966,3,True,
1,1,00001E,1790189557.3429239,28287.226514,150.21714560000328,candidate-measurement,000B96,valid,2966,0,True,
1,1,00001E,1790189557.550911,28287.4345008,150.4251323999997,candidate-measurement,000B96,valid,2966,0,True,
1,1,00001E,1790189557.7423327,28287.6259207,150.61655230000179,candidate-measurement,000B96,valid,2966,0,True,
1,1,00001E,1790189557.9339051,28287.817494,150.8081256000005,candidate-measurement,000B98,valid,2968,2,True,
1,1,00001E,1790189558.1258943,28288.009485,151.00011660000018,candidate-measurement,000BA4,valid,2980,12,True,
1,1,00001E,1790189558.3178947,28288.2014834,151.19211500000165,candidate-measurement,000BAA,valid,2986,6,True,
1,1,00001E,1790189558.5093105,28288.3928991,151.38353070000085,candidate-measurement,000BAC,valid,2988,2,True,
1,1,00001E,1790189558.7173045,28288.6008929,151.5915245000033,candidate-measurement,000BAE,valid,2990,2,True,
1,1,00001E,1790189558.908874,28288.7924629,151.78309450000233,candidate-measurement,000BAE,valid,2990,0,True,
1,1,00001E,1790189559.1008818,28288.9844725,151.97510410000177,candidate-measurement,000BB0,valid,2992,2,True,
1,1,00001E,1790189559.308859,28289.1924492,152.18308080000133,candidate-measurement,000BB6,valid,2998,6,True,
1,1,00001E,1790189559.5002782,28289.3838663,152.37449790000028,candidate-measurement,000BBC,valid,3004,6,True,
1,1,00001E,1790189559.6922684,28289.5758572,152.56648880000284,candidate-measurement,000BBD,valid,3005,1,True,
1,1,00001E,1790189559.884258,28289.7678481,152.75847970000177,candidate-measurement,000BBF,valid,3007,2,True,
1,1,00001E,1790189560.0918336,28289.9754246,152.96605620000264,candidate-measurement,000BBF,valid,3007,0,True,
1,1,00001E,1790189560.2838335,28290.167422,153.15805360000013,candidate-measurement,000BBF,valid,3007,0,True,
1,1,00001E,1790189560.475822,28290.3594104,153.35004200000185,candidate-measurement,000BC0,valid,3008,1,True,
1,1,00001E,1790189560.683237,28290.5668265,153.55745810000008,candidate-measurement,000BC0,valid,3008,0,True,
1,1,00001E,1790189560.8752308,28290.7588205,153.74945210000078,candidate-measurement,000BC4,valid,3012,4,True,
1,1,00001E,1790189561.0668335,28290.9504242,153.94105580000178,candidate-measurement,000BCF,valid,3023,11,True,
1,1,00001E,1790189561.2747912,28291.1583813,154.14901290000125,candidate-measurement,000BD7,valid,3031,8,True,
1,1,00001E,1790189561.4827907,28291.3663792,154.35701080000217,candidate-measurement,000BD9,valid,3033,2,True,
1,1,00001E,1790189561.6747842,28291.5583733,154.5490049,candidate-measurement,000BD9,valid,3033,0,True,
1,1,00001E,1790189561.8661976,28291.7497868,154.74041840000064,candidate-measurement,000BD9,valid,3033,0,True,
1,1,00001E,1790189562.0581882,28291.9417791,154.93241070000295,candidate-measurement,000BDA,valid,3034,1,True,
1,1,00001E,1790189562.2497768,28292.1333645,155.12399610000284,candidate-measurement,000BDB,valid,3035,1,True,
1,1,00001E,1790189562.441764,28292.3253526,155.31598420000228,candidate-measurement,000BDD,valid,3037,2,True,
1,1,00001E,1790189562.6497557,28292.5333453,155.52397689999998,candidate-measurement,000BDF,valid,3039,2,True,
1,1,00001E,1790189562.8411613,28292.7247503,155.71538190000138,candidate-measurement,000BDF,valid,3039,0,True,
1,1,00001E,1790189563.0331557,28292.9167451,155.9073767000009,candidate-measurement,000BE3,valid,3043,4,True,
1,1,00001E,1790189563.24115,28293.1247399,156.11537150000004,candidate-measurement,000BEA,valid,3050,7,True,
1,1,00001E,1790189563.4487214,28293.3323097,156.32294130000082,candidate-measurement,000BEB,valid,3051,1,True,
1,1,00001E,1790189563.640718,28293.5243081,156.5149397000023,candidate-measurement,000BEB,valid,3051,0,True,
1,1,00001E,1790189563.8321393,28293.7157272,156.7063588000019,candidate-measurement,000BEC,valid,3052,1,True,
1,1,00001E,1790189564.02412,28293.9077107,156.8983423000027,candidate-measurement,000BEF,valid,3055,3,True,
1,1,00001E,1790189564.2157023,28294.0992927,157.08992430000217,candidate-measurement,000BF0,valid,3056,1,True,
1,1,00001E,1790189564.4076977,28294.2912858,157.2819174000033,candidate-measurement,000BF0,valid,3056,0,True,
1,1,00001E,1790189564.615694,28294.4992829,157.48991450000176,candidate-measurement,000BF2,valid,3058,2,True,
1,1,00001E,1790189564.8071053,28294.6906935,157.68132510000214,candidate-measurement,000BFA,valid,3066,8,True,
1,1,00001E,1790189564.9990947,28294.8826854,157.8733170000014,candidate-measurement,000C06,valid,3078,12,True,
1,1,00001E,1790189565.2066677,28295.0902574,158.08088900000075,candidate-measurement,000C06,valid,3078,0,True,
1,1,00001E,1790189565.3986604,28295.2822501,158.27288170000247,candidate-measurement,000C08,valid,3080,2,True,
1,1,00001E,1790189565.5906594,28295.4742474,158.46487900000284,candidate-measurement,000C08,valid,3080,0,True,
1,1,00001E,1790189565.7980776,28295.6816663,158.67229790000056,candidate-measurement,000C09,valid,3081,1,True,
1,1,00001E,1790189565.990065,28295.8736543,158.86428590000287,candidate-measurement,000C0E,valid,3086,5,True,
1,1,00001E,1790189566.1816351,28296.0652247,159.05585630000132,candidate-measurement,000C14,valid,3092,6,True,
1,1,00001E,1790189566.3736324,28296.2572207,159.2478523000027,candidate-measurement,000C17,valid,3095,3,True,
1,1,00001E,1790189566.5816295,28296.4652185,159.45585010000286,candidate-measurement,000C17,valid,3095,0,True,
1,1,00001E,1790189566.7730446,28296.6566326,159.6472642000008,candidate-measurement,000C18,valid,3096,1,True,
1,1,00001E,1790189566.9650373,28296.848625,159.83925660000023,candidate-measurement,000C18,valid,3096,0,True,
1,1,00001E,1790189567.17264,28297.0562266,160.04685820000304,candidate-measurement,000C18,valid,3096,0,True,
1,1,00001E,1790189567.3805997,28297.2641878,160.254819400001,candidate-measurement,000C1A,valid,3098,2,True,
1,1,00001E,1790189567.5720131,28297.4556013,160.44623290000163,candidate-measurement,000C1A,valid,3098,0,True,
1,1,00001E,1790189567.7640026,28297.647591,160.63822260000234,candidate-measurement,000C1D,valid,3101,3,True,
1,1,00001E,1790189567.9555836,28297.8391727,160.82980430000316,candidate-measurement,000C26,valid,3110,9,True,
1,1,00001E,1790189568.1475723,28298.0311611,161.02179270000124,candidate-measurement,000C31,valid,3121,11,True,
1,1,00001E,1790189568.3389943,28298.2225824,161.21321400000306,candidate-measurement,000C32,valid,3122,1,True,
1,1,00001E,1790189568.5469794,28298.4305683,161.42119989999992,candidate-measurement,000C34,valid,3124,2,True,
1,1,00001E,1790189568.7385614,28298.6221494,161.6127809999998,candidate-measurement,000C35,valid,3125,1,True,
1,1,00001E,1790189568.9305508,28298.8141403,161.80477190000238,candidate-measurement,000C36,valid,3126,1,True,
1,1,00001E,1790189569.1385448,28299.0221345,162.0127661000006,candidate-measurement,000C37,valid,3127,1,True,
1,1,00001E,1790189569.3305361,28299.2141258,162.20475740000256,candidate-measurement,000C37,valid,3127,0,True,
1,1,00001E,1790189569.521977,28299.4055649,162.39619650000168,candidate-measurement,000C39,valid,3129,2,True,
1,1,00001E,1790189569.7139537,28299.5975419,162.58817350000027,candidate-measurement,000C39,valid,3129,0,True,
1,1,00001E,1790189569.921937,28299.8055269,162.79615850000118,candidate-measurement,000C39,valid,3129,0,True,
1,1,00001E,1790189570.113501,28299.997092,162.98772360000294,candidate-measurement,000C3A,valid,3130,1,True,
1,1,00001E,1790189570.3055067,28300.1890949,163.1797265000023,candidate-measurement,000C45,valid,3141,11,True,
1,1,00001E,1790189570.5134962,28300.3970859,163.3877175000016,candidate-measurement,000C45,valid,3141,0,True,
1,1,00001E,1790189570.7049212,28300.5885102,163.5791418000008,candidate-measurement,000C46,valid,3142,1,True,
1,1,00001E,1790189570.896928,28300.780518,163.77114960000108,candidate-measurement,000C48,valid,3144,2,True,
1,1,00001E,1790189571.1044781,28300.9880668,163.97869840000203,candidate-measurement,000C4B,valid,3147,3,True,
1,1,00001E,1790189571.296483,28301.1800722,164.17070380000223,candidate-measurement,000C52,valid,3154,7,True,
1,1,00001E,1790189571.488471,28301.3720593,164.36269090000133,candidate-measurement,000C60,valid,3168,14,True,
1,1,00001E,1790189571.6798813,28301.5634699,164.5541015000017,candidate-measurement,000C60,valid,3168,0,True,
1,1,00001E,1790189571.8878791,28301.7714676,164.7620992000011,candidate-measurement,000C61,valid,3169,1,True,
1,1,00001E,1790189572.079445,28301.9630342,164.95366579999973,candidate-measurement,000C64,valid,3172,3,True,
1,1,00001E,1790189572.2714489,28302.1550369,165.1456685000012,candidate-measurement,000C69,valid,3177,5,True,
1,1,00001E,1790189572.4794333,28302.3630218,165.35365340000135,candidate-measurement,000C70,valid,3184,7,True,
1,1,00001E,1790189572.6708503,28302.5544389,165.5450705000003,candidate-measurement,000C72,valid,3186,2,True,
1,1,00001E,1790189572.8628483,28302.7464369,165.73706850000235,candidate-measurement,000C73,valid,3187,1,True,
1,1,00001E,1790189573.0704343,28302.9540221,165.94465370000034,candidate-measurement,000C73,valid,3187,0,True,
1,1,00001E,1790189573.2624059,28303.1459954,166.13662699999986,candidate-measurement,000C73,valid,3187,0,True,
1,1,00001E,1790189573.4544036,28303.3379941,166.32862569999998,candidate-measurement,000C76,valid,3190,3,True,
1,1,00001E,1790189573.6463957,28303.5299849,166.52061650000178,candidate-measurement,000C79,valid,3193,3,True,
1,1,00001E,1790189573.8538082,28303.7373968,166.72802840000077,candidate-measurement,000C7F,valid,3199,6,True,
1,1,00001E,1790189574.045831,28303.929415,166.9200466000002,candidate-measurement,000C86,valid,3206,7,True,
1,1,00001E,1790189574.2377956,28304.1213867,167.1120183000021,candidate-measurement,000C89,valid,3209,3,True,
1,1,00001E,1790189574.4454484,28304.329037,167.31966860000102,candidate-measurement,000C8B,valid,3211,2,True,
1,1,00001E,1790189574.6373606,28304.5209512,167.51158280000163,candidate-measurement,000C8B,valid,3211,0,True,
1,1,00001E,1790189574.829365,28304.7129532,167.7035848000014,candidate-measurement,000C8B,valid,3211,0,True,
1,1,00001E,1790189575.0373564,28304.9209472,167.91157880000173,candidate-measurement,000C8C,valid,3212,1,True,
1,1,00001E,1790189575.2293458,28305.1129349,168.10356650000176,candidate-measurement,000C8D,valid,3213,1,True,
1,1,00001E,1790189575.4207573,28305.3043476,168.29497919999994,candidate-measurement,000C8D,valid,3213,0,True,
1,1,00001E,1790189575.6127622,28305.4963509,168.48698250000234,candidate-measurement,000C8D,valid,3213,0,True,
1,1,00001E,1790189575.8203278,28305.7039158,168.6945474000022,candidate-measurement,000C8D,valid,3213,0,True,
1,1,00001E,1790189576.01232,28305.8959103,168.88654190000307,candidate-measurement,000C8E,valid,3214,1,True,
1,1,00001E,1790189576.2043104,28306.0879004,169.07853200000318,candidate-measurement,000C90,valid,3216,2,True,
1,1,00001E,1790189576.4117272,28306.2953153,169.28594690000318,candidate-measurement,000C91,valid,3217,1,True,
1,1,00001E,1790189576.6037295,28306.4873175,169.47794910000084,candidate-measurement,000C91,valid,3217,0,True,
1,1,00001E,1790189576.7952998,28306.6788883,169.66951990000234,candidate-measurement,000C92,valid,3218,1,True,
1,1,00001E,1790189577.003278,28306.8868669,169.87749850000182,candidate-measurement,000C92,valid,3218,0,True,
1,1,00001E,1790189577.1952863,28307.0788755,170.06950710000092,candidate-measurement,000C96,valid,3222,4,True,
1,1,00001E,1790189577.387271,28307.2708598,170.26149140000052,candidate-measurement,000C9E,valid,3230,8,True,
1,1,00001E,1790189577.5786867,28307.4622756,170.45290720000048,candidate-measurement,000C9E,valid,3230,0,True,
1,1,00001E,1790189577.7866874,28307.6702758,170.66090740000072,candidate-measurement,000CA1,valid,3233,3,True,
1,1,00001E,1790189577.978257,28307.8618472,170.85247880000315,candidate-measurement,000CA3,valid,3235,2,True,
1,1,00001E,1790189578.1702554,28308.0538436,171.0444752000003,candidate-measurement,000CA3,valid,3235,0,True,
1,1,00001E,1790189578.3782482,28308.2618363,171.25246790000165,candidate-measurement,000CA4,valid,3236,1,True,
1,1,00001E,1790189578.5702314,28308.4538207,171.444452300002,candidate-measurement,000CA7,valid,3239,3,True,
1,1,00001E,1790189578.7616572,28308.6452456,171.63587720000214,candidate-measurement,000CB3,valid,3251,12,True,
1,1,00001E,1790189578.9696503,28308.8532385,171.84387010000137,candidate-measurement,000CB8,valid,3256,5,True,
1,1,00001E,1790189579.1612196,28309.0448096,172.03544120000151,candidate-measurement,000CBA,valid,3258,2,True,
1,1,00001E,1790189579.3532095,28309.2367994,172.22743100000298,candidate-measurement,000CBA,valid,3258,0,True,
1,1,00001E,1790189579.5452008,28309.428792,172.4194236000003,candidate-measurement,000CBC,valid,3260,2,True,
1,1,00001E,1790189579.7526171,28309.6362062,172.62683780000225,candidate-measurement,000CBC,valid,3260,0,True,
1,1,00001E,1790189579.9446175,28309.8282062,172.81883780000135,candidate-measurement,000CBD,valid,3261,1,True,
1,1,00001E,1790189580.136606,28310.0201939,173.01082550000137,candidate-measurement,000CC0,valid,3264,3,True,
1,1,00001E,1790189580.344172,28310.227761,173.2183925999998,candidate-measurement,000CC5,valid,3269,5,True,
1,1,00001E,1790189580.536174,28310.4197647,173.4103963000016,candidate-measurement,000CC9,valid,3273,4,True,
1,1,00001E,1790189580.7281718,28310.6117601,173.60239170000204,candidate-measurement,000CCB,valid,3275,2,True,
1,1,00001E,1790189580.9195788,28310.8031687,173.79380030000175,candidate-measurement,000CCB,valid,3275,0,True,
1,1,00001E,1790189581.1275728,28311.0111613,174.00179290000233,candidate-measurement,000CCB,valid,3275,0,True,
1,1,00001E,1790189581.3195705,28311.2031616,174.19379320000007,candidate-measurement,000CCD,valid,3277,2,True,
1,1,00001E,1790189581.5111449,28311.3947347,174.3853663000009,candidate-measurement,000CCD,valid,3277,0,True,
1,1,00001E,1790189581.7191303,28311.602719,174.59335060000012,candidate-measurement,000CCD,valid,3277,0,True,
1,1,00001E,1790189581.9111338,28311.7947227,174.78535430000193,candidate-measurement,000CCD,valid,3277,0,True,
1,1,00001E,1790189582.1025507,28311.9861401,174.97677170000316,candidate-measurement,000CCE,valid,3278,1,True,
1,1,00001E,1790189582.3101156,28312.1937043,175.18433590000132,candidate-measurement,000CCF,valid,3279,1,True,
1,1,00001E,1790189582.5021107,28312.3857004,175.37633199999982,candidate-measurement,000CD3,valid,3283,4,True,
1,1,00001E,1790189582.6941059,28312.5776951,175.56832670000222,candidate-measurement,000CE2,valid,3298,15,True,
1,1,00001E,1790189582.9015114,28312.7851007,175.77573230000053,candidate-measurement,000CE5,valid,3301,3,True,
1,1,00001E,1790189583.0935268,28312.9771165,175.96774809999988,candidate-measurement,000CE7,valid,3303,2,True,
1,1,00001E,1790189583.2850885,28313.1686791,176.1593107000008,candidate-measurement,000CE7,valid,3303,0,True,
1,1,00001E,1790189583.477078,28313.3606684,176.35130000000208,candidate-measurement,000CE7,valid,3303,0,True,
1,1,00001E,1790189583.684504,28313.5680923,176.5587239000015,candidate-measurement,000CE8,valid,3304,1,True,
1,1,00001E,1790189583.8764987,28313.7600873,176.75071890000254,candidate-measurement,000CEA,valid,3306,2,True,
1,1,00001E,1790189584.068483,28313.9520721,176.9427037000023,candidate-measurement,000CEB,valid,3307,1,True,
1,1,00001E,1790189584.276074,28314.1596625,177.15029409999988,candidate-measurement,000CED,valid,3309,2,True,
1,1,00001E,1790189584.4680498,28314.3516402,177.34227180000016,candidate-measurement,000CED,valid,3309,0,True,
1,1,00001E,1790189584.6600373,28314.5436274,177.53425900000002,candidate-measurement,000CF4,valid,3316,7,True,
1,1,00001E,1790189584.8674574,28314.7510458,177.7416774000012,candidate-measurement,000CF8,valid,3320,4,True,
1,1,00001E,1790189585.0594435,28314.9430339,177.93366550000064,candidate-measurement,000CFA,valid,3322,2,True,
1,1,00001E,1790189585.2514484,28315.1350373,178.12566890000016,candidate-measurement,000CFC,valid,3324,2,True,
1,1,00001E,1790189585.4430318,28315.32662,178.31725160000133,candidate-measurement,000CFE,valid,3326,2,True,
1,1,00001E,1790189585.6510122,28315.5346007,178.52523230000224,candidate-measurement,000CFE,valid,3326,0,True,
1,1,00001E,1790189585.8430061,28315.7265943,178.7172258999999,candidate-measurement,000CFF,valid,3327,1,True,
1,1,00001E,1790189586.0349944,28315.9185845,178.90921610000078,candidate-measurement,000D09,valid,3337,10,True,
1,1,00001E,1790189586.2424715,28316.1260548,179.11668640000062,candidate-measurement,000D14,valid,3348,11,True,
1,1,00001E,1790189586.4344115,28316.318,179.3086316000008,candidate-measurement,000D15,valid,3349,1,True,
1,1,00001E,1790189586.626007,28316.5095963,179.50022790000003,candidate-measurement,000D16,valid,3350,1,True,
1,1,00001E,1790189586.8179684,28316.7015573,179.69218890000047,candidate-measurement,000D1A,valid,3354,4,True,
1,1,00001E,1790189587.0259774,28316.9095658,179.90019740000207,candidate-measurement,000D20,valid,3360,6,True,
1,1,00001E,1790189587.217967,28317.1015559,180.09218750000218,candidate-measurement,000D24,valid,3364,4,True,
1,1,00001E,1790189587.4093776,28317.2929656,180.283597200003,candidate-measurement,000D25,valid,3365,1,True,
1,1,00001E,1790189587.6173694,28317.500958,180.49158960000204,candidate-measurement,000D27,valid,3367,2,True,
1,1,00001E,1790189587.808942,28317.6925306,180.6831622000027,candidate-measurement,000D27,valid,3367,0,True,
1,1,00001E,1790189588.0009334,28317.8845235,180.8751551000023,candidate-measurement,000D27,valid,3367,0,True,
1,1,00001E,1790189588.2089303,28318.0925188,181.0831504000016,candidate-measurement,000D28,valid,3368,1,True,
1,1,00001E,1790189588.4003487,28318.2839367,181.274568300003,candidate-measurement,000D2B,valid,3371,3,True,
1,1,00001E,1790189588.5923376,28318.4759277,181.4665593000027,candidate-measurement,000D30,valid,3376,5,True,
1,1,00001E,1790189588.7839146,28318.6675035,181.65813510000226,candidate-measurement,000D39,valid,3385,9,True,
1,1,00001E,1790189588.9919033,28318.8754916,181.8661232000013,candidate-measurement,000D3E,valid,3390,5,True,
1,1,00001E,1790189589.183897,28319.0674856,182.05811720000202,candidate-measurement,000D3F,valid,3391,1,True,
1,1,00001E,1790189589.3758945,28319.2594837,182.2501153000012,candidate-measurement,000D3F,valid,3391,0,True,
1,1,00001E,1790189589.583297,28319.4668879,182.45751949999976,candidate-measurement,000D40,valid,3392,1,True,
1,1,00001E,1790189589.7752986,28319.6588875,182.6495191000031,candidate-measurement,000D40,valid,3392,0,True,
1,1,00001E,1790189589.966878,28319.8504662,182.8410978000029,candidate-measurement,000D41,valid,3393,1,True,
1,1,00001E,1790189590.174866,28320.058454,183.0490856000033,candidate-measurement,000D43,valid,3395,2,True,
1,1,00001E,1790189590.3668625,28320.2504506,183.24108220000198,candidate-measurement,000D44,valid,3396,1,True,
1,1,00001E,1790189590.5588558,28320.4424455,183.43307710000227,candidate-measurement,000D45,valid,3397,1,True,
1,1,00001E,1790189590.7662668,28320.6498556,183.6404872000021,candidate-measurement,000D45,valid,3397,0,True,
1,1,00001E,1790189590.9582605,28320.8418491,183.83248070000263,candidate-measurement,000D47,valid,3399,2,True,
1,1,00001E,1790189591.1498709,28321.0334586,184.0240902000005,candidate-measurement,000D47,valid,3399,0,True,
1,1,00001E,1790189591.3418279,28321.2254164,184.21604800000205,candidate-measurement,000D4A,valid,3402,3,True,
1,1,00001E,1790189591.5498178,28321.4334061,184.42403770000237,candidate-measurement,000D52,valid,3410,8,True,
1,1,00001E,1790189591.7412336,28321.624822,184.6154536000031,candidate-measurement,000D53,valid,3411,1,True,
1,1,00001E,1790189591.9332337,28321.8168215,184.80745310000202,candidate-measurement,000D53,valid,3411,0,True,
1,1,00001E,1790189592.1408079,28322.0243969,185.0150285000018,candidate-measurement,000D53,valid,3411,0,True,
1,1,00001E,1790189592.3327987,28322.2163873,185.20701890000055,candidate-measurement,000D55,valid,3413,2,True,
1,1,00001E,1790189592.5247872,28322.4083763,185.3990079000032,candidate-measurement,000D58,valid,3416,3,True,
1,1,00001E,1790189592.7167873,28322.6003762,185.59100780000153,candidate-measurement,000D58,valid,3416,0,True,
1,1,00001E,1790189592.924187,28322.8077768,185.7984084000018,candidate-measurement,000D59,valid,3417,1,True,
1,1,00001E,1790189593.1157687,28322.9993579,185.98998950000168,candidate-measurement,000D5B,valid,3419,2,True,
1,1,00001E,1790189593.3077707,28323.191359,186.18199060000188,candidate-measurement,000D6A,valid,3434,15,True,
1,1,00001E,1790189593.5157535,28323.3993437,186.38997530000051,candidate-measurement,000D6E,valid,3438,4,True,
1,1,00001E,1790189593.707176,28323.5907652,186.58139680000022,candidate-measurement,000D6F,valid,3439,1,True,
1,1,00001E,1790189593.8991656,28323.7827541,186.7733857000021,candidate-measurement,000D71,valid,3441,2,True,
1,1,00001E,1790189594.1071594,28323.9907493,186.98138090000066,candidate-measurement,000D75,valid,3445,4,True,
1,1,00001E,1790189594.2991698,28324.1827578,187.17338940000263,candidate-measurement,000D7B,valid,3451,6,True,
1,1,00001E,1790189594.4907253,28324.3743161,187.3649476999999,candidate-measurement,000D7E,valid,3454,3,True,
1,1,00001E,1790189594.6827302,28324.5663192,187.55695080000078,candidate-measurement,000D7F,valid,3455,1,True,
1,1,00001E,1790189594.8907158,28324.7743057,187.7649373000022,candidate-measurement,000D7F,valid,3455,0,True,
1,1,00001E,1790189595.082119,28324.9657084,187.95634000000064,candidate-measurement,000D7F,valid,3455,0,True,
1,1,00001E,1790189595.274125,28325.1577148,188.14834640000117,candidate-measurement,000D81,valid,3457,2,True,
1,1,00001E,1790189595.4816914,28325.3652817,188.3559133000017,candidate-measurement,000D81,valid,3457,0,True,
1,1,00001E,1790189595.6736887,28325.5572782,188.54790980000325,candidate-measurement,000D81,valid,3457,0,True,
1,1,00001E,1790189595.8656774,28325.7492663,188.7398979000027,candidate-measurement,000D82,valid,3458,1,True,
1,1,00001E,1790189596.0730948,28325.9566851,188.94731670000328,candidate-measurement,000D83,valid,3459,1,True,
1,1,00001E,1790189596.265122,28326.1487094,189.13934100000188,candidate-measurement,000D8A,valid,3466,7,True,
1,1,00001E,1790189596.4566636,28326.3402535,189.33088510000016,candidate-measurement,000D96,valid,3478,12,True,
1,1,00001E,1790189596.6486516,28326.5322398,189.52287140000044,candidate-measurement,000D9A,valid,3482,4,True,
1,1,00001E,1790189596.8566556,28326.7402439,189.73087550000128,candidate-measurement,000D9A,valid,3482,0,True,
1,1,00001E,1790189597.048065,28326.9316533,189.9222848999998,candidate-measurement,000D9B,valid,3483,1,True,
1,1,00001E,1790189597.2400472,28327.1236377,190.11426930000016,candidate-measurement,000D9D,valid,3485,2,True,
1,1,00001E,1790189597.4476275,28327.3312168,190.32184840000264,candidate-measurement,000D9F,valid,3487,2,True,
1,1,00001E,1790189597.6396255,28327.5232141,190.513845700003,candidate-measurement,000D9F,valid,3487,0,True,
1,1,00001E,1790189597.831618,28327.7152068,190.70583840000108,candidate-measurement,000DA1,valid,3489,2,True,
1,1,00001E,1790189598.0390458,28327.9226356,190.91326720000143,candidate-measurement,000DA1,valid,3489,0,True,
1,1,00001E,1790189598.2310247,28328.1146145,191.10524609999993,candidate-measurement,000DA2,valid,3490,1,True,
1,1,00001E,1790189598.4226062,28328.3061947,191.29682630000025,candidate-measurement,000DAA,valid,3498,8,True,
1,1,00001E,1790189598.6145868,28328.4981766,191.48880819999977,candidate-measurement,000DAC,valid,3500,2,True,
1,1,00001E,1790189598.822589,28328.7061769,191.69680850000077,candidate-measurement,000DAD,valid,3501,1,True,
1,1,00001E,1790189599.0140016,28328.8975906,191.88822220000293,candidate-measurement,000DAF,valid,3503,2,True,
1,1,00001E,1790189599.206026,28329.0896134,192.080245000001,candidate-measurement,000DB1,valid,3505,2,True,
1,1,00001E,1790189599.4135685,28329.2971571,192.28778870000315,candidate-measurement,000DB1,valid,3505,0,True,
1,1,00001E,1790189599.6055632,28329.4891513,192.47978290000174,candidate-measurement,000DB2,valid,3506,1,True,
1,1,00001E,1790189599.7975533,28329.6811435,192.6717751000033,candidate-measurement,000DB3,valid,3507,1,True,
1,1,00001E,1790189600.004967,28329.8885561,192.87918770000033,candidate-measurement,000DB8,valid,3512,5,True,
1,1,00001E,1790189600.1969674,28330.0805559,193.07118750000154,candidate-measurement,000DC4,valid,3524,12,True,
1,1,00001E,1790189600.3885717,28330.2721604,193.26279200000135,candidate-measurement,000DC9,valid,3529,5,True,
1,1,00001E,1790189600.5805275,28330.4641162,193.45474780000222,candidate-measurement,000DC9,valid,3529,0,True,
1,1,00001E,1790189600.7885253,28330.6721147,193.66274630000044,candidate-measurement,000DC9,valid,3529,0,True,
1,1,00001E,1790189600.9799442,28330.8635331,193.854164700002,candidate-measurement,000DC9,valid,3529,0,True,
1,1,00001E,1790189601.171932,28331.0555201,194.04615170000034,candidate-measurement,000DCA,valid,3530,1,True,
1,1,00001E,1790189601.3795066,28331.2630958,194.2537274000024,candidate-measurement,000DCC,valid,3532,2,True,
1,1,00001E,1790189601.571488,28331.4550787,194.44571030000225,candidate-measurement,000DD1,valid,3537,5,True,
1,1,00001E,1790189601.7635005,28331.6470886,194.63772020000033,candidate-measurement,000DD6,valid,3542,5,True,
1,1,00001E,1790189601.9709017,28331.8544914,194.8451230000028,candidate-measurement,000DD9,valid,3545,3,True,
1,1,00001E,1790189602.1629028,28332.0464914,195.03712300000188,candidate-measurement,000DD9,valid,3545,0,True,
1,1,00001E,1790189602.3544738,28332.2380623,195.2286939000005,candidate-measurement,000DD9,valid,3545,0,True,
1,1,00001E,1790189602.5464675,28332.4300582,195.42068980000113,candidate-measurement,000DDB,valid,3547,2,True,
1,1,00001E,1790189602.7544572,28332.6380454,195.6286770000006,candidate-measurement,000DDB,valid,3547,0,True,
1,1,00001E,1790189602.9458785,28332.8294665,195.8200981000009,candidate-measurement,000DDB,valid,3547,0,True,
1,1,00001E,1790189603.1378868,28333.0214748,196.01210640000136,candidate-measurement,000DDB,valid,3547,0,True,
1,1,00001E,1790189603.3454487,28333.2290381,196.21966969999994,candidate-measurement,000DDB,valid,3547,0,True,
1,1,00001E,1790189603.5374327,28333.4210205,196.41165210000327,candidate-measurement,000DDE,valid,3550,3,True,
1,1,00001E,1790189603.7294295,28333.6130182,196.60364980000304,candidate-measurement,000DE6,valid,3558,8,True,
1,1,00001E,1790189603.937418,28333.8210083,196.81163990000277,candidate-measurement,000DF5,valid,3573,15,True,
1,1,00001E,1790189604.1294076,28334.0129968,197.00362840000162,candidate-measurement,000DF5,valid,3573,0,True,
1,1,00001E,1790189604.3208349,28334.2044229,197.19505449999997,candidate-measurement,000DF6,valid,3574,1,True,
1,1,00001E,1790189604.5128264,28334.3964149,197.3870465,candidate-measurement,000DF8,valid,3576,2,True,
1,1,00001E,1790189604.7204113,28334.6039998,197.59463140000298,candidate-measurement,000DF9,valid,3577,1,True,
1,1,00001E,1790189604.9123845,28334.7959756,197.7866071999997,candidate-measurement,000DFB,valid,3579,2,True,
1,1,00001E,1790189605.1043847,28334.9879744,197.97860600000058,candidate-measurement,000DFB,valid,3579,0,True,
1,1,00001E,1790189605.3123746,28335.1959644,198.1865960000032,candidate-measurement,000E00,valid,3584,5,True,
1,1,00001E,1790189605.5043738,28335.3879624,198.3785940000016,candidate-measurement,000E06,valid,3590,6,True,
1,1,00001E,1790189605.6957803,28335.57937,198.57000160000098,candidate-measurement,000E06,valid,3590,0,True,
1,1,00001E,1790189605.8877792,28335.7713695,198.7620010999999,candidate-measurement,000E07,valid,3591,1,True,
1,1,00001E,1790189606.0953574,28335.9789459,198.9695775,candidate-measurement,000E08,valid,3592,1,True,
1,1,00001E,1790189606.2873547,28336.1709427,199.1615743000002,candidate-measurement,000E0C,valid,3596,4,True,
1,1,00001E,1790189606.4793468,28336.3629363,199.3535679000015,candidate-measurement,000E0C,valid,3596,0,True,
1,1,00001E,1790189606.6873355,28336.5709245,199.56155610000133,candidate-measurement,000E0C,valid,3596,0,True,
1,1,00001E,1790189606.8787723,28336.7623605,199.7529921000023,candidate-measurement,000E0C,valid,3596,0,True,
1,1,00001E,1790189607.0707312,28336.9543223,199.94495390000156,candidate-measurement,000E13,valid,3603,7,True,
1,1,00001E,1790189607.278309,28337.1618995,200.1525311000005,candidate-measurement,000E22,valid,3618,15,True,
1,1,00001E,1790189607.4703097,28337.3539,200.34453159999975,candidate-measurement,000E24,valid,3620,2,True,
1,1,00001E,1790189607.6623032,28337.5458923,200.53652390000207,candidate-measurement,000E24,valid,3620,0,True,
1,1,00001E,1790189607.854299,28337.7378882,200.7285198000027,candidate-measurement,000E26,valid,3622,2,True,
1,1,00001E,1790189608.061705,28337.9452959,200.93592750000244,candidate-measurement,000E2A,valid,3626,4,True,
1,1,00001E,1790189608.2537193,28338.137307,201.12793860000238,candidate-measurement,000E32,valid,3634,8,True,
1,1,00001E,1790189608.4452705,28338.3288592,201.3194908000005,candidate-measurement,000E33,valid,3635,1,True,
1,1,00001E,1790189608.653269,28338.5368582,201.5274898000025,candidate-measurement,000E35,valid,3637,2,True,
1,1,00001E,1790189608.8452625,28338.728852,201.7194836000017,candidate-measurement,000E35,valid,3637,0,True,
1,1,00001E,1790189609.0366817,28338.9202725,201.91090410000106,candidate-measurement,000E36,valid,3638,1,True,
1,1,00001E,1790189609.2446587,28339.1282474,202.11887900000147,candidate-measurement,000E36,valid,3638,0,True,
1,1,00001E,1790189609.4366672,28339.3202558,202.31088740000268,candidate-measurement,000E38,valid,3640,2,True,
1,1,00001E,1790189609.628235,28339.5118253,202.50245690000156,candidate-measurement,000E3C,valid,3644,4,True,
1,1,00001E,1790189609.8202317,28339.7038208,202.69445240000277,candidate-measurement,000E48,valid,3656,12,True,
1,1,00001E,1790189610.0282195,28339.9118079,202.9024395000015,candidate-measurement,000E4C,valid,3660,4,True,
1,1,00001E,1790189610.2196434,28340.1032315,203.09386310000264,candidate-measurement,000E4E,valid,3662,2,True,
1,1,00001E,1790189610.411636,28340.2952249,203.2858565000024,candidate-measurement,000E4E,valid,3662,0,True,
1,1,00001E,1790189610.6192033,28340.5027926,203.49342420000175,candidate-measurement,000E4F,valid,3663,1,True,
1,1,00001E,1790189610.8111951,28340.6947849,203.68541650000043,candidate-measurement,000E4F,valid,3663,0,True,
1,1,00001E,1790189611.003192,28340.8867818,203.8774134000014,candidate-measurement,000E4F,valid,3663,0,True,
1,1,00001E,1790189611.2106097,28341.0941979,204.08482950000325,candidate-measurement,000E4F,valid,3663,0,True,
1,1,00001E,1790189611.4026003,28341.2861897,204.27682130000176,candidate-measurement,000E51,valid,3665,2,True,
1,1,00001E,1790189611.5946019,28341.4781922,204.4688238000017,candidate-measurement,000E53,valid,3667,2,True,
1,1,00001E,1790189611.7861648,28341.6697532,204.66038480000134,candidate-measurement,000E53,valid,3667,0,True,
1,1,00001E,1790189611.9941592,28341.8777487,204.86838030000217,candidate-measurement,000E54,valid,3668,1,True,
1,1,00001E,1790189612.1861608,28342.0697493,205.0603809000022,candidate-measurement,000E55,valid,3669,1,True,
1,1,00001E,1790189612.3775709,28342.2611591,205.25179070000013,candidate-measurement,000E55,valid,3669,0,True,
1,1,00001E,1790189612.5855556,28342.4691464,205.45977800000037,candidate-measurement,000E56,valid,3670,1,True,
1,1,00001E,1790189612.7775598,28342.6611479,205.65177949999998,candidate-measurement,000E60,valid,3680,10,True,
1,1,00001E,1790189612.9691253,28342.8527166,205.84334820000004,candidate-measurement,000E61,valid,3681,1,True,
1,1,00001E,1790189613.1771233,28343.060713,206.05134460000045,candidate-measurement,000E63,valid,3683,2,True,
1,1,00001E,1790189613.3685386,28343.2521292,206.24276079999981,candidate-measurement,000E65,valid,3685,2,True,
1,1,00001E,1790189613.5605319,28343.4441202,206.43475180000314,candidate-measurement,000E65,valid,3685,0,True,
1,1,00001E,1790189613.7521079,28343.6356963,206.62632790000134,candidate-measurement,000E66,valid,3686,1,True,
1,1,00001E,1790189613.9600978,28343.8436882,206.83431980000023,candidate-measurement,000E67,valid,3687,1,True,
1,1,00001E,1790189614.1515024,28344.0350931,207.02572470000086,candidate-measurement,000E67,valid,3687,0,True,
1,1,00001E,1790189614.3435047,28344.2270925,207.21772410000267,candidate-measurement,000E6A,valid,3690,3,True,
1,1,00001E,1790189614.5514922,28344.4350807,207.4257123000025,candidate-measurement,000E77,valid,3703,13,True,
1,1,00001E,1790189614.7430785,28344.6266669,207.6172985000012,candidate-measurement,000E7C,valid,3708,5,True,
1,1,00001E,1790189614.9350586,28344.8186486,207.80928020000283,candidate-measurement,000E7C,valid,3708,0,True,
1,1,00001E,1790189615.1424809,28345.0260711,208.0167027000025,candidate-measurement,000E7E,valid,3710,2,True,
1,1,00001E,1790189615.334475,28345.2180637,208.20869529999982,candidate-measurement,000E7E,valid,3710,0,True,
1,1,00001E,1790189615.526467,28345.4100568,208.40068840000094,candidate-measurement,000E82,valid,3714,4,True,
1,1,00001E,1790189615.7180457,28345.601635,208.59226660000058,candidate-measurement,000E8A,valid,3722,8,True,
1,1,00001E,1790189615.9260318,28345.809622,208.80025360000218,candidate-measurement,000E8D,valid,3725,3,True,
1,1,00001E,1790189616.1180277,28346.0016173,208.99224890000187,candidate-measurement,000E8F,valid,3727,2,True,
1,1,00001E,1790189616.3094444,28346.1930326,209.18366420000166,candidate-measurement,000E8F,valid,3727,0,True,
1,1,00001E,1790189616.5174675,28346.4010574,209.39168900000004,candidate-measurement,000E8F,valid,3727,0,True,
1,1,00001E,1790189616.7090154,28346.5926039,209.58323550000205,candidate-measurement,000E8F,valid,3727,0,True,
1,1,00001E,1790189616.9010026,28346.7845915,209.7752231000013,candidate-measurement,000E8F,valid,3727,0,True,
1,1,00001E,1790189617.1084144,28346.9920051,209.98263670000233,candidate-measurement,000E91,valid,3729,2,True,
1,1,00001E,1790189617.3004117,28347.1839998,210.1746314000011,candidate-measurement,000E96,valid,3734,5,True,
1,1,00001E,1790189617.4919875,28347.3755772,210.3662088000019,candidate-measurement,000EA5,valid,3749,15,True,
1,1,00001E,1790189617.6839874,28347.5675761,210.5582076999999,candidate-measurement,000EA8,valid,3752,3,True,
1,1,00001E,1790189617.8919744,28347.7755634,210.76619500000015,candidate-measurement,000EA9,valid,3753,1,True,
1,1,00001E,1790189618.0833805,28347.9669694,210.9576010000019,candidate-measurement,000EA9,valid,3753,0,True,
1,1,00001E,1790189618.2753837,28348.1589718,211.14960340000107,candidate-measurement,000EA9,valid,3753,0,True,
1,1,00001E,1790189618.4834175,28348.3670049,211.3576365000008,candidate-measurement,000EAA,valid,3754,1,True,
1,1,00001E,1790189618.674947,28348.5585356,211.54916720000256,candidate-measurement,000EAD,valid,3757,3,True,
1,1,00001E,1790189618.86694,28348.7505297,211.74116130000039,candidate-measurement,000EAF,valid,3759,2,True,
1,1,00001E,1790189619.0749326,28348.9585233,211.9491549000013,candidate-measurement,000EAF,valid,3759,0,True,
1,1,00001E,1790189619.266352,28349.1499408,212.1405724000033,candidate-measurement,000EB2,valid,3762,3,True,
1,1,00001E,1790189619.458346,28349.3419352,212.33256679999977,candidate-measurement,000EBA,valid,3770,8,True,
1,1,00001E,1790189619.6503356,28349.5339255,212.5245571000014,candidate-measurement,000EBA,valid,3770,0,True,
1,1,00001E,1790189619.857913,28349.7415022,212.73213380000016,candidate-measurement,000EBB,valid,3771,1,True,
1,1,00001E,1790189620.0499012,28349.9334924,212.92412400000103,candidate-measurement,000EBE,valid,3774,3,True,
1,1,00001E,1790189620.2413156,28350.1249067,213.11553830000048,candidate-measurement,000EBF,valid,3775,1,True,
1,1,00001E,1790189620.4493103,28350.3328983,213.32352990000072,candidate-measurement,000EC0,valid,3776,1,True,
1,1,00001E,1790189620.641305,28350.5248956,213.5155272000011,candidate-measurement,000EC1,valid,3777,1,True,
1,1,00001E,1790189620.832881,28350.7164693,213.70710090000284,candidate-measurement,000EC1,valid,3777,0,True,
1,1,00001E,1790189621.0408678,28350.9244582,213.91508980000071,candidate-measurement,000EC7,valid,3783,6,True,
1,1,00001E,1790189621.2328663,28351.116455,214.1070866000009,candidate-measurement,000ED1,valid,3793,10,True,
1,1,00001E,1790189621.424858,28351.3084466,214.29907820000153,candidate-measurement,000ED6,valid,3798,5,True,
1,1,00001E,1790189621.616277,28351.499867,214.49049860000014,candidate-measurement,000ED6,valid,3798,0,True,
1,1,00001E,1790189621.8242855,28351.7078742,214.69850580000275,candidate-measurement,000ED7,valid,3799,1,True,
1,1,00001E,1790189622.0158427,28351.899431,214.89006260000315,candidate-measurement,000ED8,valid,3800,1,True,
1,1,00001E,1790189622.2078269,28352.0914165,215.08204810000097,candidate-measurement,000ED9,valid,3801,1,True,
1,1,00001E,1790189622.4152524,28352.2988409,215.28947250000056,candidate-measurement,000EDA,valid,3802,1,True,
1,1,00001E,1790189622.6072314,28352.4908226,215.4814542000022,candidate-measurement,000EDD,valid,3805,3,True,
1,1,00001E,1790189622.7992475,28352.6828361,215.67346770000222,candidate-measurement,000EE2,valid,3810,5,True,
1,1,00001E,1790189623.0068057,28352.890395,215.88102660000004,candidate-measurement,000EE7,valid,3815,5,True,
1,1,00001E,1790189623.198803,28353.082393,216.0730246000021,candidate-measurement,000EE9,valid,3817,2,True,
1,1,00001E,1790189623.3907893,28353.2743791,216.26501070000086,candidate-measurement,000EE9,valid,3817,0,True,
1,1,00001E,1790189623.58221,28353.4658015,216.45643310000014,candidate-measurement,000EE9,valid,3817,0,True,
1,1,00001E,1790189623.7898443,28353.673432,216.6640636000011,candidate-measurement,000EE9,valid,3817,0,True,
1,1,00001E,1790189623.9817755,28353.8653666,216.8559982000006,candidate-measurement,000EE9,valid,3817,0,True,
1,1,00001E,1790189624.1737604,28354.0573519,217.04798350000056,candidate-measurement,000EEC,valid,3820,3,True,
1,1,00001E,1790189624.3811812,28354.2647698,217.25540140000157,candidate-measurement,000EF4,valid,3828,8,True,
1,1,00001E,1790189624.573177,28354.4567654,217.4473969999999,candidate-measurement,000EFC,valid,3836,8,True,
1,1,00001E,1790189624.7651756,28354.6487647,217.63939630000095,candidate-measurement,000F00,valid,3840,4,True,
1,1,00001E,1790189624.9727354,28354.8563256,217.8469572000031,candidate-measurement,000F02,valid,3842,2,True,
1,1,00001E,1790189625.164736,28355.0483264,218.038958000001,candidate-measurement,000F03,valid,3843,1,True,
1,1,00001E,1790189625.356736,28355.240325,218.23095660000035,candidate-measurement,000F03,valid,3843,0,True,
1,1,00001E,1790189625.548133,28355.4317243,218.422355900002,candidate-measurement,000F03,valid,3843,0,True,
1,1,00001E,1790189625.7561374,28355.6397259,218.630357500002,candidate-measurement,000F03,valid,3843,0,True,
1,1,00001E,1790189625.9477117,28355.8313016,218.82193320000079,candidate-measurement,000F04,valid,3844,1,True,
1,1,00001E,1790189626.1397042,28356.0232929,219.01392450000276,candidate-measurement,000F06,valid,3846,2,True,
1,1,00001E,1790189626.3476963,28356.2312845,219.221916100003,candidate-measurement,000F07,valid,3847,1,True,
1,1,00001E,1790189626.5396926,28356.4232808,219.41391240000303,candidate-measurement,000F07,valid,3847,0,True,
1,1,00001E,1790189626.7311127,28356.6147014,219.60533300000316,candidate-measurement,000F09,valid,3849,2,True,
1,1,00001E,1790189626.9391167,28356.8227073,219.81333890000315,candidate-measurement,000F09,valid,3849,0,True,
1,1,00001E,1790189627.1466732,28357.0302621,220.0208937000025,candidate-measurement,000F0E,valid,3854,5,True,
1,1,00001E,1790189627.3386664,28357.2222569,220.212888500002,candidate-measurement,000F14,valid,3860,6,True,
1,1,00001E,1790189627.5300798,28357.4136699,220.40430150000248,candidate-measurement,000F16,valid,3862,2,True,
1,1,00001E,1790189627.7220795,28357.6056688,220.59630040000047,candidate-measurement,000F17,valid,3863,1,True,
1,1,00001E,1790189627.9136522,28357.7972424,220.78787400000147,candidate-measurement,000F19,valid,3865,2,True,
1,1,00001E,1790189628.1056404,28357.989231,220.97986260000107,candidate-measurement,000F1A,valid,3866,1,True,
1,1,00001E,1790189628.313638,28358.1972268,221.18785840000055,candidate-measurement,000F1A,valid,3866,0,True,
1,1,00001E,1790189628.5056334,28358.3892217,221.37985330000083,candidate-measurement,000F1F,valid,3871,5,True,
1,1,00001E,1790189628.697052,28358.5806407,221.5712722999997,candidate-measurement,000F2E,valid,3886,15,True,
1,1,00001E,1790189628.9050412,28358.7886295,221.77926110000044,candidate-measurement,000F30,valid,3888,2,True,
1,1,00001E,1790189629.1126387,28358.9962294,221.98686100000123,candidate-measurement,000F32,valid,3890,2,True,
1,1,00001E,1790189629.3046002,28359.188191,222.1788226000026,candidate-measurement,000F32,valid,3890,0,True,
1,1,00001E,1790189629.4966114,28359.3802006,222.37083220000204,candidate-measurement,000F33,valid,3891,1,True,
1,1,00001E,1790189629.7040143,28359.5876034,222.57823500000086,candidate-measurement,000F36,valid,3894,3,True,
1,1,00001E,1790189629.8960042,28359.7795944,222.77022600000055,candidate-measurement,000F3E,valid,3902,8,True,
1,1,00001E,1790189630.087994,28359.9715849,222.96221650000007,candidate-measurement,000F41,valid,3905,3,True,
1,1,00001E,1790189630.2795713,28360.1631593,223.15379089999988,candidate-measurement,000F42,valid,3906,1,True,
1,1,00001E,1790189630.471571,28360.3551594,223.34579099999974,candidate-measurement,000F42,valid,3906,0,True,
1,1,00001E,1790189630.663088,28360.5466746,223.53730619999988,candidate-measurement,000F42,valid,3906,0,True,
1,1,00001E,1790189630.8709733,28360.7545625,223.74519409999994,candidate-measurement,000F43,valid,3907,1,True,
1,1,00001E,1790189631.0625453,28360.9461337,223.93676530000084,candidate-measurement,000F44,valid,3908,1,True,
1,1,00001E,1790189631.2545974,28361.1381856,224.12881720000223,candidate-measurement,000F47,valid,3911,3,True,
1,1,00001E,1790189631.4465454,28361.3301336,224.32076520000192,candidate-measurement,000F4D,valid,3917,6,True,
1,1,00001E,1790189631.654539,28361.5381289,224.52876050000123,candidate-measurement,000F54,valid,3924,7,True,
1,1,00001E,1790189631.8459415,28361.7295307,224.72016230000008,candidate-measurement,000F5A,valid,3930,6,True,
1,1,00001E,1790189632.0379407,28361.9215303,224.91216189999977,candidate-measurement,000F5C,valid,3932,2,True,
1,1,00001E,1790189632.2455697,28362.1291577,225.1197893000026,candidate-measurement,000F5C,valid,3932,0,True,
1,1,00001E,1790189632.4375036,28362.3210931,225.31172470000092,candidate-measurement,000F5D,valid,3933,1,True,
1,1,00001E,1790189632.629493,28362.5130827,225.50371430000087,candidate-measurement,000F5D,valid,3933,0,True,
1,1,00001E,1790189632.83691,28362.7204989,225.71113049999985,candidate-measurement,000F5D,valid,3933,0,True,
1,1,00001E,1790189633.0449061,28362.9284951,225.91912670000238,candidate-measurement,000F5D,valid,3933,0,True,
1,1,00001E,1790189633.2364788,28363.1200692,226.1107007999999,candidate-measurement,000F60,valid,3936,3,True,
1,1,00001E,1790189633.4284685,28363.3120583,226.30268990000332,candidate-measurement,000F61,valid,3937,1,True,
1,1,00001E,1790189633.620464,28363.5040543,226.49468590000106,candidate-measurement,000F63,valid,3939,2,True,
1,1,00001E,1790189633.8124611,28363.6960496,226.68668120000075,candidate-measurement,000F63,valid,3939,0,True,
1,1,00001E,1790189634.0038724,28363.8874621,226.87809370000105,candidate-measurement,000F69,valid,3945,6,True,
1,1,00001E,1790189634.2118628,28364.0954531,227.08608470000036,candidate-measurement,000F6E,valid,3950,5,True,
1,1,00001E,1790189634.4034438,28364.2870321,227.27766370000245,candidate-measurement,000F6F,valid,3951,1,True,
1,1,00001E,1790189634.595436,28364.4790242,227.46965580000324,candidate-measurement,000F6F,valid,3951,0,True,
1,1,00001E,1790189634.8034294,28364.6870185,227.6776501000022,candidate-measurement,000F6F,valid,3951,0,True,
1,1,00001E,1790189635.0108378,28364.8944279,227.88505950000035,candidate-measurement,000F71,valid,3953,2,True,
1,1,00001E,1790189635.202844,28365.0864318,228.07706340000004,candidate-measurement,000F73,valid,3955,2,True,
1,1,00001E,1790189635.3948226,28365.2784129,228.26904450000075,candidate-measurement,000F73,valid,3955,0,True,
1,1,00001E,1790189635.5864046,28365.4699934,228.4606249999997,candidate-measurement,000F75,valid,3957,2,True,
1,1,00001E,1790189635.7784004,28365.6619897,228.65262129999974,candidate-measurement,000F75,valid,3957,0,True,
1,1,00001E,1790189635.970387,28365.8539772,228.84460880000188,candidate-measurement,000F7A,valid,3962,5,True,
1,1,00001E,1790189636.1777997,28366.0613882,229.0520198000013,candidate-measurement,000F84,valid,3972,10,True,
1,1,00001E,1790189636.3698325,28366.2534204,229.24405200000183,candidate-measurement,000F87,valid,3975,3,True,
1,1,00001E,1790189636.5617938,28366.4453827,229.43601430000126,candidate-measurement,000F8A,valid,3978,3,True,
1,1,00001E,1790189636.769364,28366.6529522,229.64358379999976,candidate-measurement,000F8A,valid,3978,0,True,
1,1,00001E,1790189636.9613578,28366.8449473,229.83557890000156,candidate-measurement,000F8A,valid,3978,0,True,
1,1,00001E,1790189637.1533573,28367.0369456,230.02757720000227,candidate-measurement,000F8A,valid,3978,0,True,
1,1,00001E,1790189637.3447664,28367.2283556,230.21898720000172,candidate-measurement,000F8C,valid,3980,2,True,
1,1,00001E,1790189637.5524049,28367.4359953,230.42662689999997,candidate-measurement,000F8C,valid,3980,0,True,
1,1,00001E,1790189637.744334,28367.6279236,230.61855520000245,candidate-measurement,000F8C,valid,3980,0,True,
1,1,00001E,1790189637.9363577,28367.8199472,230.810578800003,candidate-measurement,000F8F,valid,3983,3,True,
1,1,00001E,1790189638.1443264,28368.0279154,231.0185470000033,candidate-measurement,000F96,valid,3990,7,True,
1,1,00001E,1790189638.3357284,28368.2193165,231.20994810000047,candidate-measurement,000F9B,valid,3995,5,True,
1,1,00001E,1790189638.527726,28368.411316,231.40194760000304,candidate-measurement,000F9B,valid,3995,0,True,
1,1,00001E,1790189638.735302,28368.6188903,231.6095219000017,candidate-measurement,000F9C,valid,3996,1,True,
1,1,00001E,1790189638.927295,28368.8108837,231.80151530000148,candidate-measurement,000F9D,valid,3997,1,True,
1,1,00001E,1790189639.119304,28369.0028923,231.99352390000058,candidate-measurement,000F9D,valid,3997,0,True,
1,1,00001E,1790189639.3107076,28369.1942958,232.18492740000147,candidate-measurement,000F9D,valid,3997,0,True,
1,1,00001E,1790189639.5187137,28369.4023046,232.3929362000017,candidate-measurement,000F9D,valid,3997,0,True,
1,1,00001E,1790189639.710696,28369.5942837,232.58491530000174,candidate-measurement,000F9E,valid,3998,1,True,
1,1,00001E,1790189639.9022634,28369.7858536,232.77648520000002,candidate-measurement,000FA3,valid,4003,5,True,
1,1,00001E,1790189640.1102645,28369.9938532,232.98448480000297,candidate-measurement,000FAF,valid,4015,12,True,
1,1,00001E,1790189640.3022528,28370.1858411,233.1764727000009,candidate-measurement,000FB4,valid,4020,5,True,
1,1,00001E,1790189640.4936616,28370.3772526,233.36788420000084,candidate-measurement,000FB5,valid,4021,1,True,
1,1,00001E,1790189640.701659,28370.5852478,233.57587940000303,candidate-measurement,000FB7,valid,4023,2,True,
1,1,00001E,1790189640.893248,28370.7768358,233.7674674000009,candidate-measurement,000FB7,valid,4023,0,True,
1,1,00001E,1790189641.0852277,28370.9688162,233.9594477999999,candidate-measurement,000FB7,valid,4023,0,True,
1,1,00001E,1790189641.2926366,28371.1762265,234.16685810000126,candidate-measurement,000FB7,valid,4023,0,True,
1,1,00001E,1790189641.4846346,28371.3682232,234.3588548000007,candidate-measurement,000FBA,valid,4026,3,True,
1,1,00001E,1790189641.676631,28371.5602198,234.550851400003,candidate-measurement,000FBB,valid,4027,1,True,
1,1,00001E,1790189641.8682053,28371.7517944,234.7424260000007,candidate-measurement,000FBD,valid,4029,2,True,
1,1,00001E,1790189642.0761898,28371.9597793,234.95041090000086,candidate-measurement,000FC0,valid,4032,3,True,
1,1,00001E,1790189642.2676125,28372.1512007,235.1418322999998,candidate-measurement,000FC6,valid,4038,6,True,
1,1,00001E,1790189642.4595993,28372.343189,235.33382060000076,candidate-measurement,000FC9,valid,4041,3,True,
1,1,00001E,1790189642.6671774,28372.5507658,235.54139740000028,candidate-measurement,000FC9,valid,4041,0,True,
1,1,00001E,1790189642.8591716,28372.742761,235.73339260000284,candidate-measurement,000FC9,valid,4041,0,True,
1,1,00001E,1790189643.0511613,28372.9347503,235.9253819000005,candidate-measurement,000FCA,valid,4042,1,True,
1,1,00001E,1790189643.2425942,28373.1261838,236.11681540000063,candidate-measurement,000FCC,valid,4044,2,True,
1,1,00001E,1790189643.4502134,28373.3338026,236.3244341999998,candidate-measurement,000FCD,valid,4045,1,True,
1,1,00001E,1790189643.6421328,28373.5257232,236.51635480000186,candidate-measurement,000FCE,valid,4046,1,True,
1,1,00001E,1790189643.8341343,28373.7177232,236.70835480000096,candidate-measurement,000FD2,valid,4050,4,True,
1,1,00001E,1790189644.0421314,28373.9257212,236.91635280000264,candidate-measurement,000FE1,valid,4065,15,True,
1,1,00001E,1790189644.233541,28374.1171312,237.1077628000021,candidate-measurement,000FE4,valid,4068,3,True,
1,1,00001E,1790189644.4255412,28374.3091296,237.29976119999992,candidate-measurement,000FE4,valid,4068,0,True,
1,1,00001E,1790189644.6331186,28374.5167072,237.5073388000019,candidate-measurement,000FE6,valid,4070,2,True,
1,1,00001E,1790189644.825102,28374.7086907,237.69932230000268,candidate-measurement,000FE7,valid,4071,1,True,
1,1,00001E,1790189645.0171008,28374.9006916,237.89132320000135,candidate-measurement,000FE7,valid,4071,0,True,
1,1,00001E,1790189645.2090895,28375.0926797,238.0833113000008,candidate-measurement,000FEA,valid,4074,3,True,
1,1,00001E,1790189645.4165058,28375.3000963,238.29072790000282,candidate-measurement,000FF0,valid,4080,6,True,
1,1,00001E,1790189645.6084986,28375.4920877,238.48271930000192,candidate-measurement,000FF4,valid,4084,4,True,
1,1,00001E,1790189645.8004963,28375.6840855,238.67471710000245,candidate-measurement,000FF5,valid,4085,1,True,
1,1,00001E,1790189646.008065,28375.8916555,238.88228710000112,candidate-measurement,000FF7,valid,4087,2,True,
1,1,00001E,1790189646.2000644,28376.083654,239.0742855999997,candidate-measurement,000FF7,valid,4087,0,True,
1,1,00001E,1790189646.3920557,28376.2756446,239.2662762,candidate-measurement,000FF7,valid,4087,0,True,
1,1,00001E,1790189646.5840476,28376.4676363,239.45826790000137,candidate-measurement,000FF8,valid,4088,1,True,
1,1,00001E,1790189646.791463,28376.6750513,239.66568290000214,candidate-measurement,000FF8,valid,4088,0,True,
1,1,00001E,1790189646.9834967,28376.8670836,239.8577151999998,candidate-measurement,000FF9,valid,4089,1,True,
1,1,00001E,1790189647.175027,28377.058617,240.04924860000028,candidate-measurement,001000,valid,4096,7,True,
1,1,00001E,1790189647.383022,28377.2666108,240.25724240000272,candidate-measurement,00100E,valid,4110,14,True,
1,1,00001E,1790189647.5750062,28377.4585975,240.4492291000024,candidate-measurement,00100F,valid,4111,1,True,
1,1,00001E,1790189647.7670481,28377.650635,240.6412666000033,candidate-measurement,001010,valid,4112,1,True,
1,1,00001E,1790189647.9744203,28377.8580106,240.84864220000236,candidate-measurement,001010,valid,4112,0,True,
1,1,00001E,1790189648.1664228,28378.0500115,241.04064310000103,candidate-measurement,001011,valid,4113,1,True,
1,1,00001E,1790189648.3579917,28378.24158,241.2322116000032,candidate-measurement,001013,valid,4115,2,True,
1,1,00001E,1790189648.5499868,28378.4335768,241.42420839999977,candidate-measurement,001015,valid,4117,2,True,
1,1,00001E,1790189648.7574012,28378.64099,241.63162160000138,candidate-measurement,001016,valid,4118,1,True,
1,1,00001E,1790189648.9494007,28378.8329896,241.82362120000107,candidate-measurement,001016,valid,4118,0,True,
1,1,00001E,1790189649.1413853,28379.0249745,242.0156061000016,candidate-measurement,001017,valid,4119,1,True,
1,1,00001E,1790189649.3489568,28379.2325459,242.22317750000002,candidate-measurement,001017,valid,4119,0,True,
1,1,00001E,1790189649.5409496,28379.4245407,242.41517230000318,candidate-measurement,001017,valid,4119,0,True,
1,1,00001E,1790189649.7329528,28379.6165408,242.60717240000304,candidate-measurement,00101C,valid,4124,5,True,
1,1,00001E,1790189649.9403617,28379.8239511,242.81458270000076,candidate-measurement,001022,valid,4130,6,True,
1,1,00001E,1790189650.1323493,28380.0159386,243.0065702000029,candidate-measurement,001024,valid,4132,2,True,
1,1,00001E,1790189650.3243465,28380.2079349,243.19856650000293,candidate-measurement,001027,valid,4135,3,True,
1,1,00001E,1790189650.5159166,28380.3995064,243.39013800000248,candidate-measurement,001027,valid,4135,0,True,
1,1,00001E,1790189650.7239118,28380.6075,243.59813159999976,candidate-measurement,001029,valid,4137,2,True,
1,1,00001E,1790189650.9159038,28380.7994936,243.79012520000106,candidate-measurement,001029,valid,4137,0,True,
1,1,00001E,1790189651.1073208,28380.9909108,243.98154240000076,candidate-measurement,00102B,valid,4139,2,True,
1,1,00001E,1790189651.3153734,28381.1989631,244.18959470000118,candidate-measurement,001039,valid,4153,14,True,
1,1,00001E,1790189651.5068898,28381.3904789,244.38111050000225,candidate-measurement,00103E,valid,4158,5,True,
1,1,00001E,1790189651.698889,28381.5824776,244.57310920000236,candidate-measurement,00103E,valid,4158,0,True,
1,1,00001E,1790189651.9068682,28381.7904575,244.78108910000083,candidate-measurement,001040,valid,4160,2,True,
1,1,00001E,1790189652.098289,28381.9818786,244.97251020000112,candidate-measurement,001040,valid,4160,0,True,
1,1,00001E,1790189652.2902906,28382.1738788,245.16451040000175,candidate-measurement,001042,valid,4162,2,True,
1,1,00001E,1790189652.4978497,28382.3814391,245.37207070000295,candidate-measurement,001049,valid,4169,7,True,
1,1,00001E,1790189652.6898742,28382.5734618,245.56409340000027,candidate-measurement,00104F,valid,4175,6,True,
1,1,00001E,1790189652.881842,28382.7654304,245.75606200000038,candidate-measurement,001051,valid,4177,2,True,
1,1,00001E,1790189653.07327,28382.9568584,245.9474900000023,candidate-measurement,001051,valid,4177,0,True,
1,1,00001E,1790189653.281253,28383.1648414,246.15547300000253,candidate-measurement,001052,valid,4178,1,True,
1,1,00001E,1790189653.473248,28383.3568368,246.34746840000298,candidate-measurement,001052,valid,4178,0,True,
1,1,00001E,1790189653.6648223,28383.5484108,246.53904239999974,candidate-measurement,001055,valid,4181,3,True,
1,1,00001E,1790189653.8728185,28383.7564067,246.74703829999999,candidate-measurement,00105A,valid,4186,5,True,
1,1,00001E,1790189654.064808,28383.9483967,246.93902830000297,candidate-measurement,001064,valid,4196,10,True,
1,1,00001E,1790189654.2562237,28384.139812,247.13044360000276,candidate-measurement,001068,valid,4200,4,True,
1,1,00001E,1790189654.4482102,28384.3317998,247.3224313999999,candidate-measurement,00106A,valid,4202,2,True,
1,1,00001E,1790189654.6557946,28384.5393835,247.53001510000104,candidate-measurement,00106A,valid,4202,0,True,
1,1,00001E,1790189654.8478,28384.731388,247.72201960000166,candidate-measurement,00106B,valid,4203,1,True,
1,1,00001E,1790189655.0397758,28384.9233667,247.91399830000228,candidate-measurement,00106B,valid,4203,0,True,
1,1,00001E,1790189655.247761,28385.1313507,248.12198230000286,candidate-measurement,00106B,valid,4203,0,True,
1,1,00001E,1790189655.4391863,28385.322776,248.3134076000024,candidate-measurement,00106B,valid,4203,0,True,
1,1,00001E,1790189655.6311738,28385.5147647,248.50539630000276,candidate-measurement,00106D,valid,4205,2,True,
1,1,00001E,1790189655.8387556,28385.7223437,248.71297530000083,candidate-measurement,00106F,valid,4207,2,True,
1,1,00001E,1790189656.0307386,28385.9143282,248.90495980000196,candidate-measurement,001071,valid,4209,2,True,
1,1,00001E,1790189656.2227414,28386.1063306,249.09696220000114,candidate-measurement,001071,valid,4209,0,True,
1,1,00001E,1790189656.430161,28386.3137488,249.3043804000008,candidate-measurement,001071,valid,4209,0,True,
1,1,00001E,1790189656.6221435,28386.5057333,249.49636490000194,candidate-measurement,001076,valid,4214,5,True,
1,1,00001E,1790189656.8137167,28386.6973052,249.6879368000009,candidate-measurement,00107D,valid,4221,7,True,
1,1,00001E,1790189657.0057147,28386.8893028,249.8799343999999,candidate-measurement,00107D,valid,4221,0,True,
1,1,00001E,1790189657.2131462,28387.0967356,250.0873672000016,candidate-measurement,00107D,valid,4221,0,True,
1,1,00001E,1790189657.4051197,28387.288708,250.27933960000155,candidate-measurement,001080,valid,4224,3,True,
1,1,00001E,1790189657.5971115,28387.4807017,250.47133329999997,candidate-measurement,001081,valid,4225,1,True,
1,1,00001E,1790189657.8047476,28387.6883326,250.67896420000034,candidate-measurement,001082,valid,4226,1,True,
1,1,00001E,1790189657.9966838,28387.880272,250.87090360000002,candidate-measurement,001084,valid,4228,2,True,
1,1,00001E,1790189658.1880996,28388.0716893,251.0623209000005,candidate-measurement,00108C,valid,4236,8,True,
1,1,00001E,1790189658.3956735,28388.2792618,251.2698934,candidate-measurement,001095,valid,4245,9,True,
1,1,00001E,1790189658.587663,28388.4712513,251.46188290000282,candidate-measurement,001098,valid,4248,3,True,
1,1,00001E,1790189658.7796597,28388.6632483,251.6538799000009,candidate-measurement,001098,valid,4248,0,True,
1,1,00001E,1790189658.9710715,28388.854661,251.84529260000272,candidate-measurement,001098,valid,4248,0,True,
1,1,00001E,1790189659.1790686,28389.0626573,252.05328890000237,candidate-measurement,00109A,valid,4250,2,True,
1,1,00001E,1790189659.371055,28389.2546436,252.24527520000265,candidate-measurement,00109A,valid,4250,0,True,
1,1,00001E,1790189659.5630517,28389.4466403,252.4372719000021,candidate-measurement,00109B,valid,4251,1,True,
1,1,00001E,1790189659.770644,28389.6542327,252.64486430000034,candidate-measurement,00109C,valid,4252,1,True,
1,1,00001E,1790189659.9626248,28389.846213,252.83684460000222,candidate-measurement,0010A2,valid,4258,6,True,
1,1,00001E,1790189660.1540334,28390.0376234,253.02825500000108,candidate-measurement,0010A9,valid,4265,7,True,
1,1,00001E,1790189660.3460279,28390.2296162,253.22024779999992,candidate-measurement,0010AB,valid,4267,2,True,
1,1,00001E,1790189660.5536158,28390.4372054,253.4278370000029,candidate-measurement,0010AB,valid,4267,0,True,
1,1,00001E,1790189660.7455914,28390.6291798,253.6198113999999,candidate-measurement,0010AC,valid,4268,1,True,
1,1,00001E,1790189660.937586,28390.8211761,253.81180769999992,candidate-measurement,0010AC,valid,4268,0,True,
1,1,00001E,1790189661.145001,28391.0285897,254.01922130000094,candidate-measurement,0010AE,valid,4270,2,True,
1,1,00001E,1790189661.3369899,28391.2205804,254.21121200000198,candidate-measurement,0010B8,valid,4280,10,True,
1,1,00001E,1790189661.5289955,28391.4125836,254.40321519999998,candidate-measurement,0010C3,valid,4291,11,True,
1,1,00001E,1790189661.7365599,28391.6201487,254.61078030000135,candidate-measurement,0010C4,valid,4292,1,True,
1,1,00001E,1790189661.9285514,28391.8121413,254.8027729000023,candidate-measurement,0010C5,valid,4293,1,True,
1,1,00001E,1790189662.1205423,28392.0041316,254.9947632000003,candidate-measurement,0010C6,valid,4294,1,True,
1,1,00001E,1790189662.3119671,28392.1955555,255.1861871000001,candidate-measurement,0010C8,valid,4296,2,True,
1,1,00001E,1790189662.5199664,28392.4035493,255.39418090000254,candidate-measurement,0010C9,valid,4297,1,True,
1,1,00001E,1790189662.7119532,28392.595542,255.58617360000062,candidate-measurement,0010C9,valid,4297,0,True,
1,1,00001E,1790189662.9035282,28392.7871169,255.7777485000006,candidate-measurement,0010CB,valid,4299,2,True,
1,1,00001E,1790189663.111515,28392.9951038,255.98573540000143,candidate-measurement,0010CB,valid,4299,0,True,
1,1,00001E,1790189663.3035111,28393.1871,256.1777316000007,candidate-measurement,0010D2,valid,4306,7,True,
1,1,00001E,1790189663.4949281,28393.3785176,256.3691491999998,candidate-measurement,0010D7,valid,4311,5,True,
1,1,00001E,1790189663.702918,28393.5865064,256.57713800000056,candidate-measurement,0010D7,valid,4311,0,True,
1,1,00001E,1790189663.8944936,28393.7780839,256.76871550000214,candidate-measurement,0010DA,valid,4314,3,True,
1,1,00001E,1790189664.0864832,28393.9700728,256.9607044000004,candidate-measurement,0010DD,valid,4317,3,True,
1,1,00001E,1790189664.2784865,28394.1620743,257.1527059,candidate-measurement,0010DD,valid,4317,0,True,
1,1,00001E,1790189664.4864771,28394.3700658,257.3606974000031,candidate-measurement,0010DF,valid,4319,2,True,
1,1,00001E,1790189664.6778884,28394.5614773,257.5521089000031,candidate-measurement,0010EC,valid,4332,13,True,
1,1,00001E,1790189664.8698843,28394.7534746,257.7441061999998,candidate-measurement,0010F2,valid,4338,6,True,
1,1,00001E,1790189665.0778708,28394.9614594,257.95209100000284,candidate-measurement,0010F2,valid,4338,0,True,
1,1,00001E,1790189665.2694538,28395.1530424,258.14367400000265,candidate-measurement,0010F4,valid,4340,2,True,
1,1,00001E,1790189665.4614382,28395.3450282,258.33565980000276,candidate-measurement,0010F5,valid,4341,1,True,
1,1,00001E,1790189665.6694427,28395.5530311,258.54366270000173,candidate-measurement,0010F6,valid,4342,1,True,
1,1,00001E,1790189665.8768446,28395.760433,258.751064600001,candidate-measurement,0010FA,valid,4346,4,True,
1,1,00001E,1790189666.0688388,28395.9524287,258.94306030000007,candidate-measurement,001100,valid,4352,6,True,
1,1,00001E,1790189666.260417,28396.1440053,259.1346369000021,candidate-measurement,001103,valid,4355,3,True,
1,1,00001E,1790189666.4524007,28396.3359909,259.32662250000067,candidate-measurement,001103,valid,4355,0,True,
1,1,00001E,1790189666.6444223,28396.5280111,259.5186427000008,candidate-measurement,001105,valid,4357,2,True,
1,1,00001E,1790189666.8363976,28396.7199864,259.710618000001,candidate-measurement,001105,valid,4357,0,True,
1,1,00001E,1790189667.0438113,28396.9274015,259.9180331000025,candidate-measurement,001105,valid,4357,0,True,
1,1,00001E,1790189667.2358046,28397.119394,260.1100256000027,candidate-measurement,001105,valid,4357,0,True,
1,1,00001E,1790189667.4273689,28397.3109587,260.3015903000014,candidate-measurement,001106,valid,4358,1,True,
1,1,00001E,1790189667.63536,28397.5189494,260.5095810000021,candidate-measurement,00110A,valid,4362,4,True,
1,1,00001E,1790189667.8273616,28397.7109504,260.7015820000015,candidate-measurement,001110,valid,4368,6,True,
1,1,00001E,1790189668.0187786,28397.9023681,260.8929997000014,candidate-measurement,001118,valid,4376,8,True,
1,1,00001E,1790189668.2107668,28398.0943573,261.0849889000019,candidate-measurement,00111C,valid,4380,4,True,
1,1,00001E,1790189668.418353,28398.3019417,261.2925733000011,candidate-measurement,00111D,valid,4381,1,True,
1,1,00001E,1790189668.6103349,28398.4939247,261.4845563000017,candidate-measurement,00111E,valid,4382,1,True,
1,1,00001E,1790189668.80233,28398.6859199,261.67655150000064,candidate-measurement,00111F,valid,4383,1,True,
1,1,00001E,1790189669.009746,28398.8933363,261.88396790000115,candidate-measurement,00111F,valid,4383,0,True,
1,1,00001E,1790189669.201743,28399.0853318,262.07596340000237,candidate-measurement,00111F,valid,4383,0,True,
1,1,00001E,1790189669.3933108,28399.2769002,262.26753180000014,candidate-measurement,00111F,valid,4383,0,True,
1,1,00001E,1790189669.6013005,28399.4848906,262.47552220000216,candidate-measurement,001120,valid,4384,1,True,
1,1,00001E,1790189669.7933042,28399.6768929,262.6675245000006,candidate-measurement,001122,valid,4386,2,True,
1,1,00001E,1790189669.984713,28399.8683031,262.85893470000156,candidate-measurement,001123,valid,4387,1,True,
1,1,00001E,1790189670.1767068,28400.0602952,263.05092680000234,candidate-measurement,001125,valid,4389,2,True,
1,1,00001E,1790189670.3842852,28400.2678734,263.2585050000016,candidate-measurement,001125,valid,4389,0,True,
1,1,00001E,1790189670.5762753,28400.4598649,263.45049650000146,candidate-measurement,001127,valid,4391,2,True,
1,1,00001E,1790189670.7682695,28400.6518589,263.64249050000217,candidate-measurement,001130,valid,4400,9,True,
1,1,00001E,1790189670.975679,28400.8592687,263.8499002999997,candidate-measurement,001130,valid,4400,0,True,
1,1,00001E,1790189671.1676798,28401.0512693,264.04190089999975,candidate-measurement,001132,valid,4402,2,True,
1,1,00001E,1790189671.3596675,28401.243257,264.2338885999998,candidate-measurement,001134,valid,4404,2,True,
1,1,00001E,1790189671.5672438,28401.4508338,264.4414654000029,candidate-measurement,001137,valid,4407,3,True,
1,1,00001E,1790189671.759239,28401.6428273,264.6334588999998,candidate-measurement,001137,valid,4407,0,True,
1,1,00001E,1790189671.9506507,28401.8342399,264.8248715000009,candidate-measurement,00113B,valid,4411,4,True,
1,1,00001E,1790189672.1426363,28402.0262259,265.0168575000025,candidate-measurement,00114A,valid,4426,15,True,
1,1,00001E,1790189672.3502195,28402.2338078,265.22443940000085,candidate-measurement,00114C,valid,4428,2,True,
1,1,00001E,1790189672.5422413,28402.4258284,265.41646000000037,candidate-measurement,00114E,valid,4430,2,True,
1,1,00001E,1790189672.7342124,28402.617801,265.60843260000183,candidate-measurement,00114E,valid,4430,0,True,
1,1,00001E,1790189672.942199,28402.8257887,265.8164203000015,candidate-measurement,001150,valid,4432,2,True,
1,1,00001E,1790189673.1336236,28403.0172125,266.0078441000005,candidate-measurement,001154,valid,4436,4,True,
1,1,00001E,1790189673.325609,28403.2091992,266.1998308000002,candidate-measurement,00115C,valid,4444,8,True,
1,1,00001E,1790189673.5337892,28403.4173756,266.4080071999997,candidate-measurement,00115D,valid,4445,1,True,
1,1,00001E,1790189673.725176,28403.6087641,266.5993957000028,candidate-measurement,00115F,valid,4447,2,True,
1,1,00001E,1790189673.917168,28403.8007579,266.79138950000197,candidate-measurement,00115F,valid,4447,0,True,
1,1,00001E,1790189674.1091604,28403.9927507,266.9833823000008,candidate-measurement,001160,valid,4448,1,True,
1,1,00001E,1790189674.316573,28404.2001611,267.19079270000293,candidate-measurement,001160,valid,4448,0,True,
1,1,00001E,1790189674.5085738,28404.3921618,267.3827934000001,candidate-measurement,001162,valid,4450,2,True,
1,1,00001E,1790189674.7001472,28404.5837357,267.5743672999997,candidate-measurement,00116A,valid,4458,8,True,
1,1,00001E,1790189674.9081416,28404.7917326,267.7823642000003,candidate-measurement,001176,valid,4470,12,True,
1,1,00001E,1790189675.1001318,28404.9837204,267.9743520000011,candidate-measurement,001178,valid,4472,2,True,
1,1,00001E,1790189675.2921252,28405.1757151,268.16634669999985,candidate-measurement,001178,valid,4472,0,True,
1,1,00001E,1790189675.4995275,28405.383116,268.3737476000024,candidate-measurement,001178,valid,4472,0,True,
1,1,00001E,1790189675.6911201,28405.5747086,268.56534020000254,candidate-measurement,00117A,valid,4474,2,True,
1,1,00001E,1790189675.883104,28405.7666932,268.7573248000008,candidate-measurement,00117C,valid,4476,2,True,
1,1,00001E,1790189676.0750937,28405.9586841,268.9493156999997,candidate-measurement,00117D,valid,4477,1,True,
1,1,00001E,1790189676.2830954,28406.1666839,269.15731550000055,candidate-measurement,00117F,valid,4479,2,True,
1,1,00001E,1790189676.474511,28406.3581006,269.3487322000001,candidate-measurement,00117F,valid,4479,0,True,
1,1,00001E,1790189676.6664984,28406.5500876,269.54071920000206,candidate-measurement,001180,valid,4480,1,True,
1,1,00001E,1790189676.874075,28406.7576633,269.7482949000005,candidate-measurement,00118A,valid,4490,10,True,
1,1,00001E,1790189677.0660598,28406.9496491,269.9402807000006,candidate-measurement,00118B,valid,4491,1,True,
1,1,00001E,1790189677.2580614,28407.14165,270.1322816000029,candidate-measurement,00118B,valid,4491,0,True,
1,1,00001E,1790189677.4654725,28407.3490623,270.3396939000013,candidate-measurement,00118D,valid,4493,2,True,
1,1,00001E,1790189677.657467,28407.5410559,270.5316875000026,candidate-measurement,00118F,valid,4495,2,True,
1,1,00001E,1790189677.8490381,28407.7326264,270.7232580000018,candidate-measurement,001191,valid,4497,2,True,
1,1,00001E,1790189678.0410378,28407.9246278,270.91525940000065,candidate-measurement,001192,valid,4498,1,True,
1,1,00001E,1790189678.249061,28408.1326483,271.1232799000027,candidate-measurement,00119E,valid,4510,12,True,
1,1,00001E,1790189678.4404476,28408.3240359,271.31466750000254,candidate-measurement,0011A4,valid,4516,6,True,
1,1,00001E,1790189678.6324375,28408.516028,271.5066595999997,candidate-measurement,0011A6,valid,4518,2,True,
1,1,00001E,1790189678.840432,28408.7240202,271.71465180000087,candidate-measurement,0011A8,valid,4520,2,True,
1,1,00001E,1790189679.0319989,28408.9155897,271.90622129999974,candidate-measurement,0011A8,valid,4520,0,True,
1,1,00001E,1790189679.2239995,28409.1075885,272.0982201000006,candidate-measurement,0011A8,valid,4520,0,True,
1,1,00001E,1790189679.4159915,28409.2995799,272.2902114999997,candidate-measurement,0011AA,valid,4522,2,True,
1,1,00001E,1790189679.6234012,28409.5069919,272.4976235000031,candidate-measurement,0011B0,valid,4528,6,True,
1,1,00001E,1790189679.8154032,28409.6989917,272.6896233000007,candidate-measurement,0011B7,valid,4535,7,True,
1,1,00001E,1790189680.0073936,28409.8909846,272.8816162000003,candidate-measurement,0011B9,valid,4537,2,True,
1,1,00001E,1790189680.2149704,28410.0985588,273.0891904000018,candidate-measurement,0011B9,valid,4537,0,True,
1,1,00001E,1790189680.4069605,28410.290549,273.2811806000027,candidate-measurement,0011B9,valid,4537,0,True,
1,1,00001E,1790189680.5989487,28410.4825385,273.4731701000019,candidate-measurement,0011BA,valid,4538,1,True,
1,1,00001E,1790189680.8063657,28410.6899538,273.6805854000013,candidate-measurement,0011BE,valid,4542,4,True,
1,1,00001E,1790189680.9983606,28410.8819495,273.8725811000004,candidate-measurement,0011C2,valid,4546,4,True,
1,1,00001E,1790189681.1899447,28411.0735345,274.0641661000009,candidate-measurement,0011CB,valid,4555,9,True,
1,1,00001E,1790189681.3819294,28411.2655199,274.2561515000016,candidate-measurement,0011D0,valid,4560,5,True,
1,1,00001E,1790189681.589935,28411.473524,274.4641556000024,candidate-measurement,0011D1,valid,4561,1,True,
1,1,00001E,1790189681.781397,28411.6649851,274.6556167000017,candidate-measurement,0011D2,valid,4562,1,True,
1,1,00001E,1790189681.9733322,28411.8569204,274.8475520000029,candidate-measurement,0011D2,valid,4562,0,True,
1,1,00001E,1790189682.180905,28412.0644948,275.05512640000234,candidate-measurement,0011D2,valid,4562,0,True,
1,1,00001E,1790189682.372942,28412.2565291,275.2471607000007,candidate-measurement,0011D3,valid,4563,1,True,
1,1,00001E,1790189682.5648913,28412.4484798,275.43911140000273,candidate-measurement,0011D3,valid,4563,0,True,
1,1,00001E,1790189682.7723076,28412.6558961,275.6465277000025,candidate-measurement,0011D5,valid,4565,2,True,
1,1,00001E,1790189682.963878,28412.8474683,275.8380999000001,candidate-measurement,0011D7,valid,4567,2,True,
1,1,00001E,1790189683.1558733,28413.0394616,276.03009320000274,candidate-measurement,0011D9,valid,4569,2,True,
1,1,00001E,1790189683.363869,28413.2474572,276.2380888000007,candidate-measurement,0011D9,valid,4569,0,True,
1,1,00001E,1790189683.5552714,28413.4388604,276.42949200000294,candidate-measurement,0011D9,valid,4569,0,True,
1,1,00001E,1790189683.747263,28413.6308521,276.6214837000007,candidate-measurement,0011DB,valid,4571,2,True,
1,1,00001E,1790189683.939264,28413.8228538,276.8134854000018,candidate-measurement,0011E2,valid,4578,7,True,
1,1,00001E,1790189684.146842,28414.0304326,277.021064200002,candidate-measurement,0011E4,valid,4580,2,True,
1,1,00001E,1790189684.338835,28414.222423,277.21305460000076,candidate-measurement,0011E4,valid,4580,0,True,
1,1,00001E,1790189684.530823,28414.4144134,277.40504500000316,candidate-measurement,0011E6,valid,4582,2,True,
1,1,00001E,1790189684.7382448,28414.6218337,277.6124653000006,candidate-measurement,0011E8,valid,4584,2,True,
1,1,00001E,1790189684.9302328,28414.8138227,277.8044543000033,candidate-measurement,0011EA,valid,4586,2,True,
1,1,00001E,1790189685.1218023,28415.0053936,277.9960252000019,candidate-measurement,0011EA,valid,4586,0,True,
1,1,00001E,1790189685.329802,28415.2133904,278.2040220000017,candidate-measurement,0011EB,valid,4587,1,True,
1,1,00001E,1790189685.521785,28415.4053764,278.3960079999997,candidate-measurement,0011EB,valid,4587,0,True,
1,1,00001E,1790189685.7132108,28415.5967996,278.58743120000145,candidate-measurement,0011F0,valid,4592,5,True,
1,1,00001E,1790189685.9052022,28415.7887918,278.779423400003,candidate-measurement,0011FF,valid,4607,15,True,
1,1,00001E,1790189686.1127763,28415.9963652,278.9869968000021,candidate-measurement,001200,valid,4608,1,True,
1,1,00001E,1790189686.3047755,28416.1883638,279.17899540000144,candidate-measurement,001201,valid,4609,1,True,
1,1,00001E,1790189686.4967651,28416.3803536,279.3709852000029,candidate-measurement,001203,valid,4611,2,True,
1,1,00001E,1790189686.704192,28416.5877796,279.5784112000001,candidate-measurement,001206,valid,4614,3,True,
1,1,00001E,1790189686.8961663,28416.7797551,279.77038670000184,candidate-measurement,00120E,valid,4622,8,True,
1,1,00001E,1790189687.088162,28416.9717518,279.9623834000013,candidate-measurement,001211,valid,4625,3,True,
1,1,00001E,1790189687.279739,28417.1633278,280.15395940000235,candidate-measurement,001211,valid,4625,0,True,
1,1,00001E,1790189687.4877222,28417.3713119,280.36194350000005,candidate-measurement,001212,valid,4626,1,True,
1,1,00001E,1790189687.6797245,28417.5633136,280.5539452000012,candidate-measurement,001212,valid,4626,0,True,
1,1,00001E,1790189687.8711402,28417.7547291,280.7453607000025,candidate-measurement,001212,valid,4626,0,True,
1,1,00001E,1790189688.079135,28417.962725,280.95335660000273,candidate-measurement,001214,valid,4628,2,True,
1,1,00001E,1790189688.2711267,28418.154715,281.1453466000021,candidate-measurement,001214,valid,4628,0,True,
1,1,00001E,1790189688.4627025,28418.3462916,281.33692320000046,candidate-measurement,001216,valid,4630,2,True,
1,1,00001E,1790189688.670691,28418.5542797,281.54491130000315,candidate-measurement,00121A,valid,4634,4,True,
1,1,00001E,1790189688.8621094,28418.7456977,281.73632930000167,candidate-measurement,001220,valid,4640,6,True,
1,1,00001E,1790189689.0541015,28418.9376913,281.92832290000297,candidate-measurement,001225,valid,4645,5,True,
1,1,00001E,1790189689.246131,28419.1297214,282.12035300000207,candidate-measurement,001228,valid,4648,3,True,
1,1,00001E,1790189689.4536674,28419.3372559,282.32788750000327,candidate-measurement,001229,valid,4649,1,True,
1,1,00001E,1790189689.6456566,28419.5292473,282.51987890000237,candidate-measurement,00122A,valid,4650,1,True,
1,1,00001E,1790189689.8370838,28419.7206728,282.7113043999998,candidate-measurement,00122A,valid,4650,0,True,
1,1,00001E,1790189690.0450807,28419.9286684,282.9193000000014,candidate-measurement,00122A,valid,4650,0,True,
1,1,00001E,1790189690.2366524,28420.1202406,283.11087220000263,candidate-measurement,00122C,valid,4652,2,True,
1,1,00001E,1790189690.4286516,28420.3122403,283.3028719000031,candidate-measurement,00122C,valid,4652,0,True,
1,1,00001E,1790189690.6366212,28420.5202112,283.51084280000214,candidate-measurement,00122C,valid,4652,0,True,
1,1,00001E,1790189690.8286197,28420.7122084,283.70284000000174,candidate-measurement,00122D,valid,4653,1,True,
1,1,00001E,1790189691.0206258,28420.9042138,283.89484540000194,candidate-measurement,00122D,valid,4653,0,True,
1,1,00001E,1790189691.2120624,28421.0956487,284.0862803000018,candidate-measurement,00122D,valid,4653,0,True,
1,1,00001E,1790189691.4200253,28421.3036142,284.29424579999977,candidate-measurement,00122D,valid,4653,0,True,
1,1,00001E,1790189691.6115987,28421.4951871,284.4858187000027,candidate-measurement,00122F,valid,4655,2,True,
1,1,00001E,1790189691.8035915,28421.6871794,284.6778110000014,candidate-measurement,001231,valid,4657,2,True,
1,1,00001E,1790189692.0115778,28421.8951665,284.8857981000001,candidate-measurement,001233,valid,4659,2,True,
1,1,00001E,1790189692.2029974,28422.0865864,285.0772180000022,candidate-measurement,001233,valid,4659,0,True,
1,1,00001E,1790189692.3949919,28422.2785802,285.26921180000136,candidate-measurement,001236,valid,4662,3,True,
1,1,00001E,1790189692.6029832,28422.4865731,285.4772047000006,candidate-measurement,00123E,valid,4670,8,True,
1,1,00001E,1790189692.794559,28422.6781468,285.66877840000234,candidate-measurement,00123F,valid,4671,1,True,
1,1,00001E,1790189692.986551,28422.8701415,285.8607731000011,candidate-measurement,00123F,valid,4671,0,True,
1,1,00001E,1790189693.1779656,28423.0615546,286.0521862000023,candidate-measurement,00123F,valid,4671,0,True,
1,1,00001E,1790189693.3888855,28423.2724718,286.26310340000055,candidate-measurement,001241,valid,4673,2,True,
1,1,00001E,1790189693.5939553,28423.4775432,286.46817480000027,candidate-measurement,001243,valid,4675,2,True,
1,1,00001E,1790189693.785534,28423.6691226,286.65975420000177,candidate-measurement,001245,valid,4677,2,True,
1,1,00001E,1790189693.9775188,28423.8611094,286.8517410000022,candidate-measurement,001245,valid,4677,0,True,
1,1,00001E,1790189694.1689377,28424.0525273,287.0431589,candidate-measurement,001247,valid,4679,2,True,
1,1,00001E,1790189694.3609374,28424.2445254,287.2351570000028,candidate-measurement,001255,valid,4693,14,True,
1,1,00001E,1790189694.5684972,28424.4520874,287.4427190000024,candidate-measurement,00125A,valid,4698,5,True,
1,1,00001E,1790189694.7604964,28424.6440857,287.6347173000031,candidate-measurement,00125C,valid,4700,2,True,
1,1,00001E,1790189694.9524875,28424.8360776,287.82670920000237,candidate-measurement,00125C,valid,4700,0,True,
1,1,00001E,1790189695.144484,28425.0280748,288.018706400002,candidate-measurement,00125D,valid,4701,1,True,
1,1,00001E,1790189695.3518932,28425.2354819,288.2261135000008,candidate-measurement,001260,valid,4704,3,True,
1,1,00001E,1790189695.5438938,28425.4274823,288.41811390000294,candidate-measurement,001265,valid,4709,5,True,
1,1,00001E,1790189695.7354665,28425.6190551,288.6096867000015,candidate-measurement,00126A,valid,4714,5,True,
1,1,00001E,1790189695.9434571,28425.8270457,288.8176773000014,candidate-measurement,00126B,valid,4715,1,True,
1,1,00001E,1790189696.1354506,28426.0190394,289.0096709999998,candidate-measurement,00126B,valid,4715,0,True,
1,1,00001E,1790189696.3268678,28426.2104556,289.2010872000028,candidate-measurement,00126D,valid,4717,2,True,
1,1,00001E,1790189696.5348904,28426.4184797,289.40911130000313,candidate-measurement,00126D,valid,4717,0,True,
1,1,00001E,1790189696.7264369,28426.6100256,289.60065720000057,candidate-measurement,00126D,valid,4717,0,True,
1,1,00001E,1790189696.918435,28426.8020236,289.7926552000026,candidate-measurement,00126D,valid,4717,0,True,
1,1,00001E,1790189697.1098464,28426.9934342,289.984065800003,candidate-measurement,00126D,valid,4717,0,True,
1,1,00001E,1790189697.3178384,28427.2014266,290.19205820000207,candidate-measurement,00126F,valid,4719,2,True,
1,1,00001E,1790189697.5094075,28427.3929959,290.38362750000306,candidate-measurement,001275,valid,4725,6,True,
1,1,00001E,1790189697.7014043,28427.5849929,290.57562450000114,candidate-measurement,001283,valid,4739,14,True,
1,1,00001E,1790189697.9094038,28427.7929922,290.7836238000018,candidate-measurement,001285,valid,4741,2,True,
1,1,00001E,1790189698.1014302,28427.9850198,290.97565140000006,candidate-measurement,001286,valid,4742,1,True,
1,1,00001E,1790189698.2928305,28428.1764188,291.16705040000306,candidate-measurement,001288,valid,4744,2,True,
1,1,00001E,1790189698.500795,28428.3843839,291.3750155000016,candidate-measurement,001289,valid,4745,1,True,
1,1,00001E,1790189698.6923752,28428.5759635,291.566595100001,candidate-measurement,00128B,valid,4747,2,True,
1,1,00001E,1790189698.884365,28428.7679546,291.75858620000145,candidate-measurement,00128B,valid,4747,0,True,
1,1,00001E,1790189699.0763845,28428.9599751,291.9506067000002,candidate-measurement,00128D,valid,4749,2,True,
1,1,00001E,1790189699.2837865,28429.1673752,292.1580068000003,candidate-measurement,00128D,valid,4749,0,True,
1,1,00001E,1790189699.47577,28429.3593588,292.34999040000184,candidate-measurement,00128D,valid,4749,0,True,
1,1,00001E,1790189699.6673377,28429.5509264,292.5415580000008,candidate-measurement,001290,valid,4752,3,True,
1,1,00001E,1790189699.8753304,28429.758919,292.7495506000014,candidate-measurement,001298,valid,4760,8,True,
1,1,00001E,1790189700.0673172,28429.9509058,292.94153740000183,candidate-measurement,001299,valid,4761,1,True,
1,1,00001E,1790189700.2593248,28430.142913,293.1335446000012,candidate-measurement,001299,valid,4761,0,True,
1,1,00001E,1790189700.4667728,28430.3503605,293.34099210000204,candidate-measurement,00129A,valid,4762,1,True,
1,1,00001E,1790189700.6747196,28430.5583077,293.54893930000253,candidate-measurement,00129C,valid,4764,2,True,
1,1,00001E,1790189700.866302,28430.7498911,293.74052270000175,candidate-measurement,00129E,valid,4766,2,True,
1,1,00001E,1790189701.058295,28430.9418839,293.9325155000006,candidate-measurement,00129E,valid,4766,0,True,
1,1,00001E,1790189701.250279,28431.1338675,294.12449910000214,candidate-measurement,00129E,valid,4766,0,True,
1,1,00001E,1790189701.4417012,28431.3252913,294.31592290000117,candidate-measurement,0012A1,valid,4769,3,True,
1,1,00001E,1790189701.6336896,28431.5172788,294.5079104000033,candidate-measurement,0012AE,valid,4782,13,True,
1,1,00001E,1790189701.8412726,28431.7248611,294.71549270000105,candidate-measurement,0012B4,valid,4788,6,True,
1,1,00001E,1790189702.0332632,28431.9168515,294.9074830999998,candidate-measurement,0012B4,valid,4788,0,True,
1,1,00001E,1790189702.2252579,28432.1088471,295.0994787000018,candidate-measurement,0012B6,valid,4790,2,True,
1,1,00001E,1790189702.4326792,28432.3162675,295.3068991,candidate-measurement,0012B6,valid,4790,0,True,
1,1,00001E,1790189702.6242483,28432.5078374,295.49846900000193,candidate-measurement,0012B8,valid,4792,2,True,
1,1,00001E,1790189702.8162386,28432.6998273,295.6904589000005,candidate-measurement,0012BB,valid,4795,3,True,
1,1,00001E,1790189703.0082333,28432.8918217,295.88245330000063,candidate-measurement,0012C2,valid,4802,7,True,
1,1,00001E,1790189703.2162192,28433.0998094,296.0904410000003,candidate-measurement,0012C5,valid,4805,3,True,
1,1,00001E,1790189703.407642,28433.2912315,296.2818631000009,candidate-measurement,0012C7,valid,4807,2,True,
1,1,00001E,1790189703.599631,28433.483222,296.47385360000044,candidate-measurement,0012C7,valid,4807,0,True,
1,1,00001E,1790189703.8071995,28433.6907885,296.68142010000156,candidate-measurement,0012C7,valid,4807,0,True,
1,1,00001E,1790189703.9991977,28433.8827875,296.8734191000003,candidate-measurement,0012C8,valid,4808,1,True,
1,1,00001E,1790189704.1911855,28434.0747756,297.06540719999975,candidate-measurement,0012C8,valid,4808,0,True,
1,1,00001E,1790189704.3985984,28434.2821871,297.272818700003,candidate-measurement,0012CA,valid,4810,2,True,
1,1,00001E,1790189704.5901778,28434.4737663,297.46439790000295,candidate-measurement,0012CF,valid,4815,5,True,
1,1,00001E,1790189704.7821734,28434.6657623,297.6563939000007,candidate-measurement,0012DC,valid,4828,13,True,
1,1,00001E,1790189704.9741783,28434.8577679,297.8483995000024,candidate-measurement,0012DF,valid,4831,3,True,
1,1,00001E,1790189705.181578,28435.0651679,298.05579950000174,candidate-measurement,0012E0,valid,4832,1,True,
1,1,00001E,1790189705.3735797,28435.2571687,298.2478003000033,candidate-measurement,0012E1,valid,4833,1,True,
1,1,00001E,1790189705.5651524,28435.4487412,298.4393728000032,candidate-measurement,0012E1,valid,4833,0,True,
1,1,00001E,1790189705.7731364,28435.6567253,298.6473569000009,candidate-measurement,0012E1,valid,4833,0,True,
1,1,00001E,1790189705.9651375,28435.8487272,298.8393587999999,candidate-measurement,0012E1,valid,4833,0,True,
1,1,00001E,1790189706.156548,28436.0401381,299.03076970000257,candidate-measurement,0012E4,valid,4836,3,True,
1,1,00001E,1790189706.3645508,28436.2481391,299.2387707000016,candidate-measurement,0012E5,valid,4837,1,True,
1,1,00001E,1790189706.5561175,28436.4397072,299.43033880000075,candidate-measurement,0012E7,valid,4839,2,True,
1,1,00001E,1790189706.7481153,28436.6317043,299.62233590000324,candidate-measurement,0012E7,valid,4839,0,True,
1,1,00001E,1790189706.9401014,28436.8236914,299.81432300000233,candidate-measurement,0012ED,valid,4845,6,True,
1,1,00001E,1790189707.1475205,28437.0311093,300.0217408999997,candidate-measurement,0012F3,valid,4851,6,True,
