payload_index,trial_index,payload_hex,timestamp,monotonic_s,elapsed_candidate_s,phase,rx_bytes_hex,reply_kind,raw_position,delta_counts,valid,note
1,1,000001,1790173351.3757007,12081.2592871,0.20197860000007495,candidate-warmup,00256C,valid,9580,111,True,
1,1,000001,1790173351.5676942,12081.451282,0.3939735000003566,candidate-warmup,00256C,valid,9580,0,True,
1,1,000001,1790173351.7596884,12081.643276,0.5859675000010611,candidate-warmup,00256C,valid,9580,0,True,
1,1,000001,1790173351.951093,12081.834682,0.7773735000009765,candidate-warmup,00256C,valid,9580,0,True,
1,1,000001,1790173352.1430867,12082.026675,0.9693664999995235,candidate-warmup,00256C,valid,9580,0,True,
1,1,000001,1790173352.3346584,12082.2182487,1.1609401999994589,candidate-warmup,00256C,valid,9580,0,True,
1,1,000001,1790173352.526656,12082.4102453,1.3529367999999522,candidate-warmup,00256C,valid,9580,0,True,
1,1,000001,1790173352.7186487,12082.6022368,1.5449282999998104,candidate-warmup,00256C,valid,9580,0,True,
1,1,000001,1790173352.91063,12082.7942207,1.7369122000000061,candidate-warmup,00256C,valid,9580,0,True,
1,1,000001,1790173353.102051,12082.9856414,1.9283329000008962,candidate-warmup,00256C,valid,9580,0,True,
1,1,000001,1790173353.29404,12083.1776285,2.1203199999999924,candidate-warmup,00256C,valid,9580,0,True,
1,1,000001,1790173353.4860418,12083.3696303,2.3123218000000634,candidate-warmup,00256C,valid,9580,0,True,
1,1,000001,1790173353.6776226,12083.5612111,2.503902599999492,candidate-warmup,00256C,valid,9580,0,True,
1,1,000001,1790173353.8696094,12083.7532001,2.695891600000323,candidate-warmup,00256C,valid,9580,0,True,
1,1,000001,1790173354.0615969,12083.945188,2.8878795000000537,candidate-warmup,00256C,valid,9580,0,True,
1,1,000001,1790173354.2535944,12084.1371851,3.0798766000007163,candidate-warmup,00256C,valid,9580,0,True,
1,1,000001,1790173354.4450128,12084.3286027,3.2712941999998293,candidate-warmup,00256C,valid,9580,0,True,
1,1,000001,1790173354.6365895,12084.5201801,3.4628716000006534,candidate-warmup,00256C,valid,9580,0,True,
1,1,000001,1790173354.828581,12084.71217,3.6548615000010614,candidate-warmup,00256C,valid,9580,0,True,
1,1,000001,1790173355.0205667,12084.904158,3.8468494999997347,candidate-warmup,00256C,valid,9580,0,True,
1,1,000001,1790173355.2119858,12085.0955756,4.038267100000667,candidate-warmup,00256C,valid,9580,0,True,
1,1,000001,1790173355.419977,12085.3035671,4.2462586000001465,candidate-warmup,00256C,valid,9580,0,True,
1,1,000001,1790173355.6115496,12085.4951384,4.437829899999997,candidate-warmup,00256C,valid,9580,0,True,
1,1,000001,1790173355.8035445,12085.6871333,4.629824800000279,candidate-warmup,00256C,valid,9580,0,True,
1,1,000001,1790173356.011534,12085.8951239,4.837815400000181,candidate-warmup,00256C,valid,9580,0,True,
1,1,000001,1790173356.2035248,12086.0871166,5.029808100000082,candidate-warmup,00256C,valid,9580,0,True,
1,1,000001,1790173356.3949497,12086.2785392,5.221230700000888,candidate-warmup,00256C,valid,9580,0,True,
1,1,000001,1790173356.5869405,12086.4705309,5.41322240000045,candidate-warmup,00256C,valid,9580,0,True,
1,1,000001,1790173356.794514,12086.6781024,5.620793899999626,candidate-warmup,00256C,valid,9580,0,True,
1,1,000001,1790173356.9865088,12086.8700977,5.812789200001134,candidate-warmup,00256C,valid,9580,0,True,
1,1,000001,1790173357.178504,12087.0620926,6.004784099999597,candidate-warmup,00256C,valid,9580,0,True,
1,1,000001,1790173357.3859303,12087.2695187,6.212210200001209,candidate-warmup,00256C,valid,9580,0,True,
1,1,000001,1790173357.5779078,12087.461498,6.404189500000939,candidate-warmup,00256C,valid,9580,0,True,
1,1,000001,1790173357.7694857,12087.6530742,6.595765699999902,candidate-warmup,00256C,valid,9580,0,True,
1,1,000001,1790173357.977474,12087.8610642,6.803755700000693,candidate-warmup,00256C,valid,9580,0,True,
1,1,000001,1790173358.1694708,12088.0530586,6.995750100000805,candidate-warmup,00256C,valid,9580,0,True,
1,1,000001,1790173358.3608856,12088.2444753,7.187166800000341,candidate-measurement,00256C,valid,9580,0,True,
1,1,000001,1790173358.552876,12088.4364651,7.3791565999999875,candidate-measurement,00256C,valid,9580,0,True,
1,1,000001,1790173358.7604458,12088.6440341,7.586725600000136,candidate-measurement,00256C,valid,9580,0,True,
1,1,000001,1790173358.9524422,12088.8360329,7.7787244000010105,candidate-measurement,00256C,valid,9580,0,True,
1,1,000001,1790173359.143859,12089.027449,7.970140499999616,candidate-measurement,00256C,valid,9580,0,True,
1,1,000001,1790173359.351893,12089.2354795,8.178170999999566,candidate-measurement,00256C,valid,9580,0,True,
1,1,000001,1790173359.5434234,12089.427014,8.369705500001146,candidate-measurement,00256C,valid,9580,0,True,
1,1,000001,1790173359.7354221,12089.6190108,8.561702299999524,candidate-measurement,00256C,valid,9580,0,True,
1,1,000001,1790173359.9434044,12089.8269931,8.769684599999891,candidate-measurement,00256C,valid,9580,0,True,
1,1,000001,1790173360.1348233,12090.0184139,8.961105399999724,candidate-measurement,00256C,valid,9580,0,True,
1,1,000001,1790173360.3268237,12090.2104118,9.153103300001021,candidate-measurement,00256C,valid,9580,0,True,
1,1,000001,1790173360.5188637,12090.4024534,9.345144900000378,candidate-measurement,00256C,valid,9580,0,True,
1,1,000001,1790173360.7263858,12090.6099748,9.552666300000055,candidate-measurement,00256C,valid,9580,0,True,
1,1,000001,1790173360.9183779,12090.801969,9.744660500000464,candidate-measurement,00256C,valid,9580,0,True,
1,1,000001,1790173361.109796,12090.993385,9.936076500000127,candidate-measurement,00256C,valid,9580,0,True,
1,1,000001,1790173361.3017893,12091.1853805,10.12807199999952,candidate-measurement,00256C,valid,9580,0,True,
1,1,000001,1790173361.4933653,12091.3769549,10.319646400001147,candidate-measurement,00256C,valid,9580,0,True,
1,1,000001,1790173361.6853578,12091.5689465,10.511637999999948,candidate-measurement,00256C,valid,9580,0,True,
1,1,000001,1790173361.8773549,12091.7609438,10.703635300000315,candidate-measurement,00256C,valid,9580,0,True,
1,1,000001,1790173362.0693462,12091.9529344,10.895625900000596,candidate-measurement,00256C,valid,9580,0,True,
1,1,000001,1790173362.260758,12092.1443481,11.087039600000935,candidate-measurement,00256C,valid,9580,0,True,
1,1,000001,1790173362.452332,12092.335922,11.278613500000574,candidate-measurement,00256C,valid,9580,0,True,
1,1,000001,1790173362.6443334,12092.5279225,11.470613999999841,candidate-measurement,00256C,valid,9580,0,True,
1,1,000001,1790173362.8363194,12092.7199083,11.662599799999953,candidate-measurement,00256C,valid,9580,0,True,
1,1,000001,1790173363.0277324,12092.911323,11.85401450000063,candidate-measurement,00256C,valid,9580,0,True,
1,1,000001,1790173363.2197268,12093.1033174,12.046008900000743,candidate-measurement,00256C,valid,9580,0,True,
1,1,000001,1790173363.4117174,12093.295308,12.237999500001024,candidate-measurement,00256C,valid,9580,0,True,
1,1,000001,1790173363.603295,12093.4868843,12.429575800000748,candidate-measurement,00256C,valid,9580,0,True,
1,1,000001,1790173363.795293,12093.6788815,12.621573000000353,candidate-measurement,00256C,valid,9580,0,True,
1,1,000001,1790173363.987279,12093.8708704,12.813561900000423,candidate-measurement,00256C,valid,9580,0,True,
1,1,000001,1790173364.1787024,12094.0622922,13.004983700000594,candidate-measurement,00256C,valid,9580,0,True,
1,1,000001,1790173364.3706896,12094.25428,13.196971499999563,candidate-measurement,00256C,valid,9580,0,True,
1,1,000001,1790173364.5622594,12094.4458498,13.388541300000725,candidate-measurement,00256C,valid,9580,0,True,
1,1,000001,1790173364.7542794,12094.6378674,13.580558900001051,candidate-measurement,00256C,valid,9580,0,True,
1,1,000001,1790173364.9456694,12094.8292606,13.771952099999908,candidate-measurement,00256C,valid,9580,0,True,
1,1,000001,1790173365.1376665,12095.0212546,13.963946100000612,candidate-measurement,00256C,valid,9580,0,True,
1,1,000001,1790173365.3292427,12095.2128317,14.155523200000971,candidate-measurement,00256C,valid,9580,0,True,
1,1,000001,1790173365.5212495,12095.4048404,14.347531900000831,candidate-measurement,00256C,valid,9580,0,True,
1,1,000001,1790173365.7132306,12095.5968189,14.539510399999926,candidate-measurement,00256C,valid,9580,0,True,
1,1,000001,1790173365.9046383,12095.7882292,14.730920699999842,candidate-measurement,00256C,valid,9580,0,True,
1,1,000001,1790173366.0966327,12095.9802233,14.92291479999949,candidate-measurement,00256C,valid,9580,0,True,
2,1,000002,1790173368.9895434,12098.8731315,0.2023908000010124,candidate-warmup,0025CB,valid,9675,95,True,
2,1,000002,1790173369.181113,12099.0647044,0.3939637000003131,candidate-warmup,0025CB,valid,9675,0,True,
2,1,000002,1790173369.3731139,12099.256702,0.585961300001145,candidate-warmup,0025CB,valid,9675,0,True,
2,1,000002,1790173369.565102,12099.4486907,0.7779499999996915,candidate-warmup,0025CB,valid,9675,0,True,
2,1,000002,1790173369.757096,12099.6406845,0.9699438000006921,candidate-warmup,0025CB,valid,9675,0,True,
2,1,000002,1790173369.9485102,12099.8321005,1.1613598000003549,candidate-warmup,0025CB,valid,9675,0,True,
2,1,000002,1790173370.1405008,12100.0240922,1.353351499999917,candidate-warmup,0025CB,valid,9675,0,True,
2,1,000002,1790173370.332499,12100.2160888,1.5453481000004103,candidate-warmup,0025CB,valid,9675,0,True,
2,1,000002,1790173370.5240908,12100.4076813,1.736940599999798,candidate-warmup,0025CB,valid,9675,0,True,
2,1,000002,1790173370.7160652,12100.5996544,1.9289137000014307,candidate-warmup,0025CB,valid,9675,0,True,
2,1,000002,1790173370.9074805,12100.7910716,2.120330900001136,candidate-warmup,0025CB,valid,9675,0,True,
2,1,000002,1790173371.1154735,12100.9990612,2.3283205000007,candidate-warmup,0025CB,valid,9675,0,True,
2,1,000002,1790173371.3070529,12101.1906411,2.5199004000005516,candidate-warmup,0025CB,valid,9675,0,True,
2,1,000002,1790173371.499046,12101.3826347,2.7118940000000293,candidate-warmup,0025CB,valid,9675,0,True,
2,1,000002,1790173371.7064571,12101.5900457,2.919305000001259,candidate-warmup,0025CB,valid,9675,0,True,
2,1,000002,1790173371.8980203,12101.7816113,3.1108706000013626,candidate-warmup,0025CB,valid,9675,0,True,
2,1,000002,1790173372.090027,12101.9736151,3.3028744000002916,candidate-warmup,0025CB,valid,9675,0,True,
2,1,000002,1790173372.2820249,12102.1656152,3.494874500000151,candidate-warmup,0025CB,valid,9675,0,True,
2,1,000002,1790173372.4900136,12102.3736039,3.702863200000138,candidate-warmup,0025CB,valid,9675,0,True,
2,1,000002,1790173372.6814268,12102.5650162,3.894275500000731,candidate-warmup,0025CB,valid,9675,0,True,
2,1,000002,1790173372.8734217,12102.7570112,4.086270499999955,candidate-warmup,0025CB,valid,9675,0,True,
2,1,000002,1790173373.080986,12102.9645776,4.293836900000315,candidate-warmup,0025CB,valid,9675,0,True,
2,1,000002,1790173373.2729821,12103.1565733,4.485832600001231,candidate-warmup,0025CB,valid,9675,0,True,
2,1,000002,1790173373.4649763,12103.3485676,4.677826900000582,candidate-warmup,0025CB,valid,9675,0,True,
2,1,000002,1790173373.6724248,12103.5560122,4.885271500001181,candidate-warmup,0025CB,valid,9675,0,True,
2,1,000002,1790173373.8643801,12103.7479698,5.077229100001205,candidate-warmup,0025CB,valid,9675,0,True,
2,1,000002,1790173374.056372,12103.9399631,5.269222400000217,candidate-warmup,0025CB,valid,9675,0,True,
2,1,000002,1790173374.2479515,12104.1315428,5.460802100000365,candidate-warmup,0025CB,valid,9675,0,True,
2,1,000002,1790173374.4559445,12104.3395355,5.668794799999887,candidate-warmup,0025CB,valid,9675,0,True,
2,1,000002,1790173374.6479435,12104.5315319,5.860791200000676,candidate-warmup,0025CB,valid,9675,0,True,
2,1,000002,1790173374.839357,12104.7229457,6.052204999999958,candidate-warmup,0025CB,valid,9675,0,True,
2,1,000002,1790173375.047363,12104.9309542,6.260213499999736,candidate-warmup,0025CB,valid,9675,0,True,
2,1,000002,1790173375.2393408,12105.12293,6.4521893000001,candidate-warmup,0025CB,valid,9675,0,True,
2,1,000002,1790173375.430915,12105.3145041,6.643763400001262,candidate-warmup,0025CB,valid,9675,0,True,
2,1,000002,1790173375.6389158,12105.5225058,6.851765100000193,candidate-warmup,0025CB,valid,9675,0,True,
2,1,000002,1790173375.8309183,12105.7145079,7.04376720000073,candidate-measurement,0025CB,valid,9675,0,True,
2,1,000002,1790173376.0223117,12105.9059026,7.235161900000094,candidate-measurement,0025CB,valid,9675,0,True,
2,1,000002,1790173376.2143083,12106.0978983,7.42715760000101,candidate-measurement,0025CB,valid,9675,0,True,
2,1,000002,1790173376.4222982,12106.3058884,7.6351477000007435,candidate-measurement,0025CB,valid,9675,0,True,
2,1,000002,1790173376.613878,12106.4974674,7.826726700001018,candidate-measurement,0025CB,valid,9675,0,True,
2,1,000002,1790173376.80587,12106.6894595,8.018718799999988,candidate-measurement,0025CB,valid,9675,0,True,
2,1,000002,1790173377.0138705,12106.8974616,8.226720900000146,candidate-measurement,0025CB,valid,9675,0,True,
2,1,000002,1790173377.2052782,12107.0888687,8.418128000001161,candidate-measurement,0025CB,valid,9675,0,True,
2,1,000002,1790173377.3972685,12107.2808595,8.610118800001146,candidate-measurement,0025CB,valid,9675,0,True,
2,1,000002,1790173377.6048403,12107.4884309,8.81769020000138,candidate-measurement,0025CB,valid,9675,0,True,
2,1,000002,1790173377.796833,12107.6804229,9.009682200001407,candidate-measurement,0025CB,valid,9675,0,True,
2,1,000002,1790173377.9888327,12107.8724232,9.20168250000097,candidate-measurement,0025CB,valid,9675,0,True,
2,1,000002,1790173378.1808257,12108.064415,9.393674300001294,candidate-measurement,0025CB,valid,9675,0,True,
2,1,000002,1790173378.3882356,12108.2718261,9.601085400001466,candidate-measurement,0025CB,valid,9675,0,True,
2,1,000002,1790173378.5802329,12108.4638212,9.793080500001452,candidate-measurement,0025CB,valid,9675,0,True,
2,1,000002,1790173378.7718036,12108.6553919,9.984651200000371,candidate-measurement,0025CB,valid,9675,0,True,
2,1,000002,1790173378.9637935,12108.8473845,10.17664380000133,candidate-measurement,0025CB,valid,9675,0,True,
2,1,000002,1790173379.1557891,12109.0393803,10.368639600001188,candidate-measurement,0025CB,valid,9675,0,True,
2,1,000002,1790173379.3477888,12109.2313795,10.560638799999651,candidate-measurement,0025CB,valid,9675,0,True,
2,1,000002,1790173379.539196,12109.4227868,10.75204610000037,candidate-measurement,0025CB,valid,9675,0,True,
2,1,000002,1790173379.7311938,12109.6147822,10.944041500000822,candidate-measurement,0025CB,valid,9675,0,True,
2,1,000002,1790173379.9231894,12109.8067802,11.136039500001061,candidate-measurement,0025CB,valid,9675,0,True,
2,1,000002,1790173380.114769,12109.9983572,11.327616500000659,candidate-measurement,0025CB,valid,9675,0,True,
2,1,000002,1790173380.3067517,12110.190342,11.519601300000431,candidate-measurement,0025CB,valid,9675,0,True,
2,1,000002,1790173380.4987543,12110.3823427,11.711602000001221,candidate-measurement,0025CB,valid,9675,0,True,
2,1,000002,1790173380.690168,12110.5737558,11.90301510000063,candidate-measurement,0025CB,valid,9675,0,True,
2,1,000002,1790173380.8821607,12110.7657493,12.095008600001165,candidate-measurement,0025CB,valid,9675,0,True,
2,1,000002,1790173381.0737293,12110.9573197,12.286579000001439,candidate-measurement,0025CB,valid,9675,0,True,
2,1,000002,1790173381.265726,12111.149315,12.478574300001128,candidate-measurement,0025CB,valid,9675,0,True,
2,1,000002,1790173381.4571357,12111.3407265,12.669985800001086,candidate-measurement,0025CB,valid,9675,0,True,
2,1,000002,1790173381.6491354,12111.5327247,12.86198400000103,candidate-measurement,0025CB,valid,9675,0,True,
2,1,000002,1790173381.8407054,12111.7242952,13.053554500000246,candidate-measurement,0025CB,valid,9675,0,True,
2,1,000002,1790173382.0327032,12111.9162942,13.245553500000824,candidate-measurement,0025CB,valid,9675,0,True,
2,1,000002,1790173382.2241144,12112.1077047,13.436964000000444,candidate-measurement,0025CB,valid,9675,0,True,
2,1,000002,1790173382.4161105,12112.2997011,13.628960400001233,candidate-measurement,0025CB,valid,9675,0,True,
2,1,000002,1790173382.6076798,12112.491271,13.820530300001337,candidate-measurement,0025CB,valid,9675,0,True,
2,1,000002,1790173382.7996821,12112.6832714,14.012530699999843,candidate-measurement,0025CB,valid,9675,0,True,
2,1,000002,1790173382.9916675,12112.8752576,14.204516900001181,candidate-measurement,0025CB,valid,9675,0,True,
2,1,000002,1790173383.1836665,12113.0672579,14.396517200000744,candidate-measurement,0025CB,valid,9675,0,True,
2,1,000002,1790173383.3756578,12113.2592487,14.58850800000073,candidate-measurement,0025CB,valid,9675,0,True,
2,1,000002,1790173383.5670662,12113.4506576,14.779916900000899,candidate-measurement,0025CB,valid,9675,0,True,
2,1,000002,1790173383.7590697,12113.6426592,14.971918500001266,candidate-measurement,0025CB,valid,9675,0,True,
3,1,000003,1790173386.6045566,12116.4881448,0.20197079999888956,candidate-warmup,002654,valid,9812,137,True,
3,1,000003,1790173386.8125494,12116.6961376,0.4099635999991733,candidate-warmup,002654,valid,9812,0,True,
3,1,000003,1790173387.0039601,12116.8875506,0.6013765999996394,candidate-warmup,002654,valid,9812,0,True,
3,1,000003,1790173387.1955307,12117.0791202,0.7929461999992782,candidate-warmup,002654,valid,9812,0,True,
3,1,000003,1790173387.387525,12117.2711162,0.9849421999988408,candidate-warmup,002654,valid,9812,0,True,
3,1,000003,1790173387.5955188,12117.4791091,1.192935099999886,candidate-warmup,002654,valid,9812,0,True,
3,1,000003,1790173387.7869372,12117.6705261,1.3843520999998873,candidate-warmup,002654,valid,9812,0,True,
3,1,000003,1790173387.9789302,12117.8625212,1.5763471999998728,candidate-warmup,002654,valid,9812,0,True,
3,1,000003,1790173388.186529,12118.070119,1.7839449999992212,candidate-warmup,002654,valid,9812,0,True,
3,1,000003,1790173388.3784964,12118.2620873,1.9759132999988651,candidate-warmup,002654,valid,9812,0,True,
3,1,000003,1790173388.5704951,12118.4540865,2.1679124999991473,candidate-warmup,002654,valid,9812,0,True,
3,1,000003,1790173388.7785196,12118.6621087,2.3759346999995614,candidate-warmup,002654,valid,9812,0,True,
3,1,000003,1790173388.9699004,12118.85349,2.5673159999987547,candidate-warmup,002654,valid,9812,0,True,
3,1,000003,1790173389.1618898,12119.045481,2.7593069999984436,candidate-warmup,002654,valid,9812,0,True,
3,1,000003,1790173389.3538878,12119.2374789,2.951304899999741,candidate-warmup,002654,valid,9812,0,True,
3,1,000003,1790173389.561474,12119.4450654,3.158891399998538,candidate-warmup,002654,valid,9812,0,True,
3,1,000003,1790173389.7534528,12119.6370413,3.3508672999996634,candidate-warmup,002654,valid,9812,0,True,
3,1,000003,1790173389.9448678,12119.8284591,3.5422850999984803,candidate-warmup,002654,valid,9812,0,True,
3,1,000003,1790173390.1525192,12120.0361072,3.74993319999885,candidate-warmup,002654,valid,9812,0,True,
3,1,000003,1790173390.344434,12120.2280237,3.9418496999987838,candidate-warmup,002654,valid,9812,0,True,
3,1,000003,1790173390.5364287,12120.4200179,4.133843899999192,candidate-warmup,002654,valid,9812,0,True,
3,1,000003,1790173390.7438436,12120.6274321,4.341258099999322,candidate-warmup,002654,valid,9812,0,True,
3,1,000003,1790173390.9358344,12120.8194253,4.533251299999392,candidate-warmup,002654,valid,9812,0,True,
3,1,000003,1790173391.1274009,12121.0109923,4.724818299999242,candidate-warmup,002654,valid,9812,0,True,
3,1,000003,1790173391.3194015,12121.2029924,4.9168183999991015,candidate-warmup,002654,valid,9812,0,True,
3,1,000003,1790173391.5273972,12121.4109867,5.124812699999893,candidate-warmup,002654,valid,9812,0,True,
3,1,000003,1790173391.7188153,12121.6024044,5.3162303999997675,candidate-warmup,002654,valid,9812,0,True,
3,1,000003,1790173391.910802,12121.7943908,5.508216799998991,candidate-warmup,002654,valid,9812,0,True,
3,1,000003,1790173392.1183746,12122.0019654,5.715791399999944,candidate-warmup,002654,valid,9812,0,True,
3,1,000003,1790173392.3103728,12122.1939626,5.907788599999549,candidate-warmup,002654,valid,9812,0,True,
3,1,000003,1790173392.5023675,12122.3859584,6.0997843999994075,candidate-warmup,002654,valid,9812,0,True,
3,1,000003,1790173392.70978,12122.5933688,6.3071947999997064,candidate-warmup,002654,valid,9812,0,True,
3,1,000003,1790173392.9017644,12122.7853554,6.499181399998633,candidate-warmup,002654,valid,9812,0,True,
3,1,000003,1790173393.0933444,12122.9769342,6.690760199999204,candidate-warmup,002654,valid,9812,0,True,
3,1,000003,1790173393.2853398,12123.1689307,6.882756699998936,candidate-warmup,002654,valid,9812,0,True,
3,1,000003,1790173393.4933333,12123.3769236,7.090749599999981,candidate-measurement,002654,valid,9812,0,True,
3,1,000003,1790173393.6853306,12123.56892,7.2827459999989514,candidate-measurement,002654,valid,9812,0,True,
3,1,000003,1790173393.8767452,12123.760333,7.474158999999418,candidate-measurement,002654,valid,9812,0,True,
3,1,000003,1790173394.0847297,12123.9683215,7.682147499999701,candidate-measurement,002654,valid,9812,0,True,
3,1,000003,1790173394.2763047,12124.1598935,7.873719499999424,candidate-measurement,002654,valid,9812,0,True,
3,1,000003,1790173394.4683006,12124.3518913,8.06571729999996,candidate-measurement,002654,valid,9812,0,True,
3,1,000003,1790173394.6763005,12124.5598892,8.27371519999906,candidate-measurement,002654,valid,9812,0,True,
3,1,000003,1790173394.8677158,12124.7513043,8.465130299999146,candidate-measurement,002654,valid,9812,0,True,
3,1,000003,1790173395.0596993,12124.9432895,8.657115500000145,candidate-measurement,002654,valid,9812,0,True,
3,1,000003,1790173395.2512746,12125.1348657,8.848691699999108,candidate-measurement,002654,valid,9812,0,True,
3,1,000003,1790173395.459269,12125.3428578,9.056683799999519,candidate-measurement,002654,valid,9812,0,True,
3,1,000003,1790173395.6506822,12125.5342708,9.248096799999985,candidate-measurement,002654,valid,9812,0,True,
3,1,000003,1790173395.8426824,12125.7262706,9.440096599999379,candidate-measurement,002654,valid,9812,0,True,
3,1,000003,1790173396.0502481,12125.9338381,9.64766409999902,candidate-measurement,002654,valid,9812,0,True,
3,1,000003,1790173396.2422423,12126.1258331,9.839659100000063,candidate-measurement,002655,valid,9813,1,True,
3,1,000003,1790173396.4342353,12126.3178248,10.031650799999625,candidate-measurement,002655,valid,9813,0,True,
3,1,000003,1790173396.625652,12126.5092429,10.223068899998907,candidate-measurement,002655,valid,9813,0,True,
3,1,000003,1790173396.8176448,12126.7012337,10.415059699998892,candidate-measurement,002655,valid,9813,0,True,
3,1,000003,1790173397.0096443,12126.893234,10.607059999998455,candidate-measurement,002655,valid,9813,0,True,
3,1,000003,1790173397.2012188,12127.0848067,10.798632699999871,candidate-measurement,002655,valid,9813,0,True,
3,1,000003,1790173397.3932114,12127.2768,10.990625999998883,candidate-measurement,002655,valid,9813,0,True,
3,1,000003,1790173397.5852098,12127.4687995,11.18262549999963,candidate-measurement,002655,valid,9813,0,True,
3,1,000003,1790173397.7766194,12127.6602074,11.374033399999462,candidate-measurement,002655,valid,9813,0,True,
3,1,000003,1790173397.968184,12127.8517749,11.565600899999481,candidate-measurement,002655,valid,9813,0,True,
3,1,000003,1790173398.1601813,12128.0437709,11.757596899999044,candidate-measurement,002655,valid,9813,0,True,
3,1,000003,1790173398.352174,12128.2357653,11.949591299999156,candidate-measurement,002655,valid,9813,0,True,
3,1,000003,1790173398.5435896,12128.4271807,12.141006699999707,candidate-measurement,002655,valid,9813,0,True,
3,1,000003,1790173398.7355843,12128.6191725,12.33299850000003,candidate-measurement,002655,valid,9813,0,True,
3,1,000003,1790173398.9271662,12128.8107545,12.524580499999502,candidate-measurement,002655,valid,9813,0,True,
3,1,000003,1790173399.1191595,12129.0027499,12.716575899999953,candidate-measurement,002655,valid,9813,0,True,
3,1,000003,1790173399.3111439,12129.1947349,12.90856089999943,candidate-measurement,002655,valid,9813,0,True,
3,1,000003,1790173399.5025609,12129.3861502,13.099976199999219,candidate-measurement,002655,valid,9813,0,True,
3,1,000003,1790173399.6945617,12129.578151,13.291976999998951,candidate-measurement,002655,valid,9813,0,True,
3,1,000003,1790173399.8865688,12129.7701565,13.483982499999911,candidate-measurement,002655,valid,9813,0,True,
3,1,000003,1790173400.0781198,12129.9617104,13.675536400000055,candidate-measurement,002655,valid,9813,0,True,
3,1,000003,1790173400.270113,12130.1537045,13.867530499999702,candidate-measurement,002655,valid,9813,0,True,
3,1,000003,1790173400.4621062,12130.3456967,14.059522699999434,candidate-measurement,002655,valid,9813,0,True,
3,1,000003,1790173400.6535256,12130.5371143,14.250940299998547,candidate-measurement,002655,valid,9813,0,True,
3,1,000003,1790173400.8451009,12130.728689,14.44251499999882,candidate-measurement,002655,valid,9813,0,True,
3,1,000003,1790173401.0370893,12130.9206773,14.634503299999778,candidate-measurement,002655,valid,9813,0,True,
3,1,000003,1790173401.2290833,12131.1126749,14.826500899998791,candidate-measurement,002655,valid,9813,0,True,
4,1,000004,1790173404.2334485,12134.117035,0.20200719999957073,candidate-warmup,0026DE,valid,9950,137,True,
4,1,000004,1790173404.4253938,12134.3089855,0.3939577000001009,candidate-warmup,0026DE,valid,9950,0,True,
4,1,000004,1790173404.6329746,12134.5165638,0.6015360000001237,candidate-warmup,0026DE,valid,9950,0,True,
4,1,000004,1790173404.824985,12134.7085729,0.7935450999993918,candidate-warmup,0026DE,valid,9950,0,True,
4,1,000004,1790173405.0169644,12134.9005546,0.9855268000010255,candidate-warmup,0026DE,valid,9950,0,True,
4,1,000004,1790173405.2083712,12135.0919624,1.176934600000095,candidate-warmup,0026DE,valid,9950,0,True,
4,1,000004,1790173405.4003694,12135.2839599,1.3689321000001655,candidate-warmup,0026DE,valid,9950,0,True,
4,1,000004,1790173405.5919363,12135.4755265,1.5604987000006076,candidate-warmup,0026DE,valid,9950,0,True,
4,1,000004,1790173405.7839365,12135.6675249,1.7524971000002552,candidate-warmup,0026DE,valid,9950,0,True,
4,1,000004,1790173405.9759326,12135.8595231,1.9444953000001988,candidate-warmup,0026DE,valid,9950,0,True,
4,1,000004,1790173406.1673436,12136.0509336,2.1359057999998186,candidate-warmup,0026DE,valid,9950,0,True,
4,1,000004,1790173406.3593342,12136.2429247,2.327896900000269,candidate-warmup,0026DE,valid,9950,0,True,
4,1,000004,1790173406.550915,12136.4345044,2.5194766000004165,candidate-warmup,0026DE,valid,9950,0,True,
4,1,000004,1790173406.742908,12136.6264954,2.7114676000001054,candidate-warmup,0026DE,valid,9950,0,True,
4,1,000004,1790173406.9348981,12136.8184892,2.903461400001106,candidate-warmup,0026DE,valid,9950,0,True,
4,1,000004,1790173407.1428869,12137.0264766,3.1114488000002893,candidate-warmup,0026DE,valid,9950,0,True,
4,1,000004,1790173407.3343086,12137.2178997,3.3028718999994453,candidate-warmup,0026DE,valid,9950,0,True,
4,1,000004,1790173407.5263045,12137.4098939,3.4948660999998538,candidate-warmup,0026DE,valid,9950,0,True,
4,1,000004,1790173407.7338748,12137.6174635,3.702435700000933,candidate-warmup,0026DE,valid,9950,0,True,
4,1,000004,1790173407.9258647,12137.8094555,3.8944277000009606,candidate-warmup,0026DE,valid,9950,0,True,
4,1,000004,1790173408.1178596,12138.0014505,4.086422700000185,candidate-warmup,0026DE,valid,9950,0,True,
4,1,000004,1790173408.3092735,12138.1928619,4.277834099999382,candidate-warmup,0026DE,valid,9950,0,True,
4,1,000004,1790173408.517267,12138.4008553,4.485827500000596,candidate-warmup,0026DE,valid,9950,0,True,
4,1,000004,1790173408.708847,12138.5924351,4.677407299999686,candidate-warmup,0026DE,valid,9950,0,True,
4,1,000004,1790173408.9008496,12138.784441,4.869413200000054,candidate-warmup,0026DE,valid,9950,0,True,
4,1,000004,1790173409.108269,12138.9918584,5.076830600000903,candidate-warmup,0026DE,valid,9950,0,True,
4,1,000004,1790173409.3002412,12139.1838324,5.268804600000294,candidate-warmup,0026DE,valid,9950,0,True,
4,1,000004,1790173409.4918165,12139.3754077,5.46037989999968,candidate-warmup,0026DE,valid,9950,0,True,
4,1,000004,1790173409.6998181,12139.5834068,5.668379000000641,candidate-warmup,0026DE,valid,9950,0,True,
4,1,000004,1790173409.891808,12139.7753961,5.860368300000118,candidate-warmup,0026DE,valid,9950,0,True,
4,1,000004,1790173410.08323,12139.9668177,6.0517899000005855,candidate-warmup,0026DE,valid,9950,0,True,
4,1,000004,1790173410.2752092,12140.1587978,6.24377000000095,candidate-warmup,0026DE,valid,9950,0,True,
4,1,000004,1790173410.4827876,12140.3663761,6.451348300000973,candidate-warmup,0026DE,valid,9950,0,True,
4,1,000004,1790173410.6747782,12140.5583666,6.6433388000004925,candidate-warmup,0026DE,valid,9950,0,True,
4,1,000004,1790173410.8667743,12140.7503625,6.835334700001113,candidate-warmup,0026DE,valid,9950,0,True,
4,1,000004,1790173411.0741887,12140.9577772,7.042749399999593,candidate-measurement,0026DE,valid,9950,0,True,
4,1,000004,1790173411.2661772,12141.1497687,7.234740899999451,candidate-measurement,0026DE,valid,9950,0,True,
4,1,000004,1790173411.4577525,12141.3413435,7.426315700000487,candidate-measurement,0026DE,valid,9950,0,True,
4,1,000004,1790173411.6657517,12141.5493409,7.634313099999417,candidate-measurement,0026DE,valid,9950,0,True,
4,1,000004,1790173411.857744,12141.7413325,7.826304700000037,candidate-measurement,0026DE,valid,9950,0,True,
4,1,000004,1790173412.0491567,12141.9327453,8.0177175000008,candidate-measurement,0026DE,valid,9950,0,True,
4,1,000004,1790173412.2411492,12142.1247396,8.20971180000015,candidate-measurement,0026DE,valid,9950,0,True,
4,1,000004,1790173412.4487286,12142.3323171,8.417289299999538,candidate-measurement,0026DE,valid,9950,0,True,
4,1,000004,1790173412.6407077,12142.5242986,8.60927079999965,candidate-measurement,0026DE,valid,9950,0,True,
4,1,000004,1790173412.8321257,12142.7157153,8.800687500001004,candidate-measurement,0026DE,valid,9950,0,True,
4,1,000004,1790173413.0401216,12142.9237114,9.00868360000095,candidate-measurement,0026DE,valid,9950,0,True,
4,1,000004,1790173413.231694,12143.1152854,9.200257599999532,candidate-measurement,0026DE,valid,9950,0,True,
4,1,000004,1790173413.4236903,12143.307281,9.392253199999686,candidate-measurement,0026DE,valid,9950,0,True,
4,1,000004,1790173413.6310995,12143.5146898,9.599662000000535,candidate-measurement,0026DE,valid,9950,0,True,
4,1,000004,1790173413.8230996,12143.7066892,9.791661400000521,candidate-measurement,0026DE,valid,9950,0,True,
4,1,000004,1790173414.0150898,12143.8986809,9.983653100000083,candidate-measurement,0026DE,valid,9950,0,True,
4,1,000004,1790173414.2066634,12144.0902533,10.175225500001034,candidate-measurement,0026DE,valid,9950,0,True,
4,1,000004,1790173414.3986635,12144.2822516,10.36722379999992,candidate-measurement,0026DE,valid,9950,0,True,
4,1,000004,1790173414.5900743,12144.4736657,10.558637899999667,candidate-measurement,0026DE,valid,9950,0,True,
4,1,000004,1790173414.782063,12144.6656532,10.75062539999999,candidate-measurement,0026DE,valid,9950,0,True,
4,1,000004,1790173414.9740608,12144.8576504,10.942622599999595,candidate-measurement,0026DE,valid,9950,0,True,
4,1,000004,1790173415.165635,12145.0492234,11.134195599999657,candidate-measurement,0026DE,valid,9950,0,True,
4,1,000004,1790173415.3576267,12145.2412181,11.326190300000235,candidate-measurement,0026DE,valid,9950,0,True,
4,1,000004,1790173415.549046,12145.4326362,11.517608399999517,candidate-measurement,0026DE,valid,9950,0,True,
4,1,000004,1790173415.7410376,12145.6246264,11.70959860000039,candidate-measurement,0026DE,valid,9950,0,True,
4,1,000004,1790173415.9326096,12145.8161991,11.901171299999987,candidate-measurement,0026DE,valid,9950,0,True,
4,1,000004,1790173416.1246037,12146.0081946,12.09316679999938,candidate-measurement,0026DE,valid,9950,0,True,
4,1,000004,1790173416.3165905,12146.2001817,12.285153900000296,candidate-measurement,0026DE,valid,9950,0,True,
4,1,000004,1790173416.508592,12146.3921833,12.477155500000663,candidate-measurement,0026DE,valid,9950,0,True,
4,1,000004,1790173416.7000086,12146.5835972,12.668569400000706,candidate-measurement,0026DE,valid,9950,0,True,
4,1,000004,1790173416.8919961,12146.7755875,12.860559700000522,candidate-measurement,0026DE,valid,9950,0,True,
4,1,000004,1790173417.083577,12146.9671648,13.052137000000585,candidate-measurement,0026DE,valid,9950,0,True,
4,1,000004,1790173417.2755678,12147.1591569,13.244129099999554,candidate-measurement,0026DE,valid,9950,0,True,
4,1,000004,1790173417.4675653,12147.3511542,13.436126399999921,candidate-measurement,0026DE,valid,9950,0,True,
4,1,000004,1790173417.659561,12147.543149,13.628121199999441,candidate-measurement,0026DE,valid,9950,0,True,
4,1,000004,1790173417.8509681,12147.7345568,13.81952900000033,candidate-measurement,0026DE,valid,9950,0,True,
4,1,000004,1790173418.0429618,12147.9265531,14.011525300000358,candidate-measurement,0026DE,valid,9950,0,True,
4,1,000004,1790173418.2349536,12148.1185449,14.203517100000681,candidate-measurement,0026DE,valid,9950,0,True,
4,1,000004,1790173418.4265268,12148.3101167,14.395088900000701,candidate-measurement,0026DE,valid,9950,0,True,
4,1,000004,1790173418.6185231,12148.5021144,14.587086600000475,candidate-measurement,0026DE,valid,9950,0,True,
4,1,000004,1790173418.8099396,12148.6935287,14.778500899999926,candidate-measurement,0026DE,valid,9950,0,True,
4,1,000004,1790173419.0019245,12148.8855159,14.970488099999784,candidate-measurement,0026DE,valid,9950,0,True,
5,1,000005,1790173421.8628392,12151.7464271,0.2019694000009622,candidate-warmup,00276A,valid,10090,140,True,
5,1,000005,1790173422.0548315,12151.9384226,0.39396490000035556,candidate-warmup,00276A,valid,10090,0,True,
5,1,000005,1790173422.2628264,12152.1464162,0.6019584999994549,candidate-warmup,00276A,valid,10090,0,True,
5,1,000005,1790173422.454394,12152.3379855,0.7935278000004473,candidate-warmup,00276A,valid,10090,0,True,
5,1,000005,1790173422.6463892,12152.529979,0.9855213000009826,candidate-warmup,00276A,valid,10090,0,True,
5,1,000005,1790173422.8543882,12152.7379768,1.193519099999321,candidate-warmup,00276A,valid,10090,0,True,
5,1,000005,1790173423.0457964,12152.9293876,1.3849298999994062,candidate-warmup,00276A,valid,10090,0,True,
5,1,000005,1790173423.237784,12153.1213756,1.5769178999998985,candidate-warmup,00276A,valid,10090,0,True,
5,1,000005,1790173423.4297903,12153.3133801,1.7689224000005197,candidate-warmup,00276A,valid,10090,0,True,
5,1,000005,1790173423.6213515,12153.5049428,1.9604851000003691,candidate-warmup,00276A,valid,10090,0,True,
5,1,000005,1790173423.813358,12153.6969473,2.1524896000009903,candidate-warmup,00276A,valid,10090,0,True,
5,1,000005,1790173424.0047662,12153.8883574,2.3438996999993833,candidate-warmup,00276A,valid,10090,0,True,
5,1,000005,1790173424.196762,12154.0803536,2.535895900000469,candidate-warmup,00276A,valid,10090,0,True,
5,1,000005,1790173424.388332,12154.2719216,2.7274639000006573,candidate-warmup,00276A,valid,10090,0,True,
5,1,000005,1790173424.5803275,12154.4639187,2.919460999999501,candidate-warmup,00276A,valid,10090,0,True,
5,1,000005,1790173424.7723293,12154.6559179,3.111460199999783,candidate-warmup,00276A,valid,10090,0,True,
5,1,000005,1790173424.9637363,12154.8473263,3.3028685999997833,candidate-warmup,00276A,valid,10090,0,True,
5,1,000005,1790173425.1553078,12155.0388961,3.494438400000945,candidate-warmup,00276A,valid,10090,0,True,
5,1,000005,1790173425.3473022,12155.2308926,3.686434900000677,candidate-warmup,00276A,valid,10090,0,True,
5,1,000005,1790173425.5547168,12155.4383081,3.893850399999792,candidate-warmup,00276A,valid,10090,0,True,
5,1,000005,1790173425.74671,12155.6302982,4.085840499999904,candidate-warmup,00276A,valid,10090,0,True,
5,1,000005,1790173425.9382887,12155.8218775,4.277419800000644,candidate-warmup,00276A,valid,10090,0,True,
5,1,000005,1790173426.1302786,12156.0138697,4.469412000000375,candidate-warmup,00276A,valid,10090,0,True,
5,1,000005,1790173426.3216963,12156.2052844,4.660826700001053,candidate-warmup,00276B,valid,10091,1,True,
5,1,000005,1790173426.513689,12156.3972804,4.852822700000615,candidate-warmup,00276B,valid,10091,0,True,
5,1,000005,1790173426.7052686,12156.5888582,5.044400500000847,candidate-warmup,00276B,valid,10091,0,True,
5,1,000005,1790173426.8972604,12156.7808487,5.236391000000367,candidate-warmup,00276B,valid,10091,0,True,
5,1,000005,1790173427.0886912,12156.9722818,5.42782409999927,candidate-warmup,00276B,valid,10091,0,True,
5,1,000005,1790173427.2806664,12157.1642549,5.619797200000903,candidate-warmup,00276B,valid,10091,0,True,
5,1,000005,1790173427.472653,12157.3562439,5.811786199999915,candidate-warmup,00276B,valid,10091,0,True,
5,1,000005,1790173427.664238,12157.5478283,6.003370599999471,candidate-warmup,00276B,valid,10091,0,True,
5,1,000005,1790173427.8562214,12157.7398106,6.195352900000216,candidate-warmup,00276B,valid,10091,0,True,
5,1,000005,1790173428.0642133,12157.9478046,6.4033469000005425,candidate-warmup,00276B,valid,10091,0,True,
5,1,000005,1790173428.2556324,12158.1392239,6.594766199999867,candidate-warmup,00276B,valid,10091,0,True,
5,1,000005,1790173428.4476292,12158.3312187,6.786760999999387,candidate-warmup,00276B,valid,10091,0,True,
5,1,000005,1790173428.6551895,12158.5387809,6.994323200000508,candidate-warmup,00276B,valid,10091,0,True,
5,1,000005,1790173428.8471954,12158.7307839,7.186326200000622,candidate-measurement,00276B,valid,10091,0,True,
5,1,000005,1790173429.0391867,12158.9227771,7.3783194000006915,candidate-measurement,00276B,valid,10091,0,True,
5,1,000005,1790173429.2305973,12159.114189,7.569731300000058,candidate-measurement,00276B,valid,10091,0,True,
5,1,000005,1790173429.4385917,12159.3221816,7.7777239000006375,candidate-measurement,00276B,valid,10091,0,True,
5,1,000005,1790173429.6305861,12159.5141773,7.969719599999735,candidate-measurement,00276B,valid,10091,0,True,
5,1,000005,1790173429.8221614,12159.7057509,8.161293200000728,candidate-measurement,00276B,valid,10091,0,True,
5,1,000005,1790173430.0301573,12159.9137474,8.369289700000081,candidate-measurement,00276B,valid,10091,0,True,
5,1,000005,1790173430.2215683,12160.1051581,8.560700399999405,candidate-measurement,00276B,valid,10091,0,True,
5,1,000005,1790173430.4135573,12160.297148,8.752690299999813,candidate-measurement,00276B,valid,10091,0,True,
5,1,000005,1790173430.6211371,12160.5047276,8.96026990000064,candidate-measurement,00276B,valid,10091,0,True,
5,1,000005,1790173430.8131282,12160.6967171,9.15225939999982,candidate-measurement,00276B,valid,10091,0,True,
5,1,000005,1790173431.0045516,12160.8881395,9.343681800000923,candidate-measurement,00276B,valid,10091,0,True,
5,1,000005,1790173431.196537,12161.0801276,9.535669900000357,candidate-measurement,00276B,valid,10091,0,True,
5,1,000005,1790173431.4041176,12161.2877053,9.74324759999945,candidate-measurement,00276B,valid,10091,0,True,
5,1,000005,1790173431.596102,12161.4796914,9.935233700000026,candidate-measurement,00276B,valid,10091,0,True,
5,1,000005,1790173431.7881026,12161.6716912,10.12723349999942,candidate-measurement,00276B,valid,10091,0,True,
5,1,000005,1790173431.9955113,12161.8791006,10.33464289999938,candidate-measurement,00276B,valid,10091,0,True,
5,1,000005,1790173432.1875038,12162.0710944,10.526636700000381,candidate-measurement,00276B,valid,10091,0,True,
5,1,000005,1790173432.3790774,12162.2626672,10.71820950000074,candidate-measurement,00276B,valid,10091,0,True,
5,1,000005,1790173432.5870764,12162.4706641,10.9262063999995,candidate-measurement,00276B,valid,10091,0,True,
5,1,000005,1790173432.779095,12162.662683,11.118225300000631,candidate-measurement,00276B,valid,10091,0,True,
5,1,000005,1790173432.9704812,12162.8540724,11.309614699999656,candidate-measurement,00276B,valid,10091,0,True,
5,1,000005,1790173433.1624708,12163.0460623,11.501604600000064,candidate-measurement,00276B,valid,10091,0,True,
5,1,000005,1790173433.3700452,12163.2536361,11.709178400000383,candidate-measurement,00276B,valid,10091,0,True,
5,1,000005,1790173433.5620363,12163.4456261,11.901168399999733,candidate-measurement,00276B,valid,10091,0,True,
5,1,000005,1790173433.7540402,12163.6376286,12.093170899999677,candidate-measurement,00276B,valid,10091,0,True,
5,1,000005,1790173433.9614596,12163.8450503,12.300592600000527,candidate-measurement,00276B,valid,10091,0,True,
5,1,000005,1790173434.1534412,12164.0370329,12.49257519999992,candidate-measurement,00276B,valid,10091,0,True,
5,1,000005,1790173434.3454351,12164.2290253,12.684567599999355,candidate-measurement,00276B,valid,10091,0,True,
5,1,000005,1790173434.5530066,12164.4365976,12.892139900000984,candidate-measurement,00276B,valid,10091,0,True,
5,1,000005,1790173434.745026,12164.6286139,13.084156200000507,candidate-measurement,00276B,valid,10091,0,True,
5,1,000005,1790173434.9369967,12164.8205876,13.276129899999432,candidate-measurement,00276B,valid,10091,0,True,
5,1,000005,1790173435.1284077,12165.0119994,13.467541699999856,candidate-measurement,00276B,valid,10091,0,True,
5,1,000005,1790173435.3359816,12165.2195705,13.675112799999624,candidate-measurement,00276B,valid,10091,0,True,
5,1,000005,1790173435.527981,12165.4115692,13.867111499999737,candidate-measurement,00276B,valid,10091,0,True,
5,1,000005,1790173435.719979,12165.6035677,14.059110000000146,candidate-measurement,00276B,valid,10091,0,True,
5,1,000005,1790173435.9279659,12165.8115556,14.267097899999499,candidate-measurement,00276B,valid,10091,0,True,
5,1,000005,1790173436.11996,12166.0035501,14.459092400000372,candidate-measurement,00276B,valid,10091,0,True,
5,1,000005,1790173436.3109546,12166.1945437,14.650085999999646,candidate-measurement,00276B,valid,10091,0,True,
5,1,000005,1790173436.5189424,12166.4025325,14.858074800000395,candidate-measurement,00276B,valid,10091,0,True,
6,1,000006,1790173439.4918559,12169.3754437,0.2025297000000137,candidate-warmup,0027D7,valid,10199,108,True,
6,1,000006,1790173439.6838455,12169.5674369,0.3945229000000836,candidate-warmup,0027D7,valid,10199,0,True,
6,1,000006,1790173439.8758411,12169.7594298,0.5865157999996882,candidate-warmup,0027D7,valid,10199,0,True,
6,1,000006,1790173440.0678256,12169.9514142,0.7785002000000532,candidate-warmup,0027D7,valid,10199,0,True,
6,1,000006,1790173440.259249,12170.1428376,0.9699235999996745,candidate-warmup,0027D7,valid,10199,0,True,
6,1,000006,1790173440.4512427,12170.3348322,1.1619181999994908,candidate-warmup,0027D7,valid,10199,0,True,
6,1,000006,1790173440.64323,12170.5268185,1.3539044999997714,candidate-warmup,0027D7,valid,10199,0,True,
6,1,000006,1790173440.8348062,12170.7183944,1.5454804000000877,candidate-warmup,0027D7,valid,10199,0,True,
6,1,000006,1790173441.026811,12170.9103985,1.737484499999482,candidate-warmup,0027D7,valid,10199,0,True,
6,1,000006,1790173441.218796,12171.1023841,1.9294700999998895,candidate-warmup,0027D7,valid,10199,0,True,
6,1,000006,1790173441.4102051,12171.2937961,2.120882100000017,candidate-warmup,0027D7,valid,10199,0,True,
6,1,000006,1790173441.6021988,12171.4857894,2.3128753999990295,candidate-warmup,0027D7,valid,10199,0,True,
6,1,000006,1790173441.7937791,12171.6773672,2.5044531999992614,candidate-warmup,0027D7,valid,10199,0,True,
6,1,000006,1790173441.9857633,12171.8693526,2.696438599999965,candidate-warmup,0027D7,valid,10199,0,True,
6,1,000006,1790173442.1777592,12172.0613506,2.8884366000002046,candidate-warmup,0027D7,valid,10199,0,True,
6,1,000006,1790173442.3691711,12172.252762,3.0798479999994015,candidate-warmup,0027D7,valid,10199,0,True,
6,1,000006,1790173442.57717,12172.4607589,3.287844899999982,candidate-warmup,0027D7,valid,10199,0,True,
6,1,000006,1790173442.7691708,12172.6527593,3.4798452999984875,candidate-warmup,0027D7,valid,10199,0,True,
6,1,000006,1790173442.961159,12172.844749,3.6718349999991915,candidate-warmup,0027D7,valid,10199,0,True,
6,1,000006,1790173443.1687276,12173.0523188,3.879404799999975,candidate-warmup,0027D7,valid,10199,0,True,
6,1,000006,1790173443.360723,12173.2443143,4.071400299999368,candidate-warmup,0027D7,valid,10199,0,True,
6,1,000006,1790173443.5527167,12173.4363079,4.263393899998846,candidate-warmup,0027D7,valid,10199,0,True,
6,1,000006,1790173443.760133,12173.6437212,4.470807199999399,candidate-warmup,0027D7,valid,10199,0,True,
6,1,000006,1790173443.9521143,12173.8357048,4.662790799999129,candidate-warmup,0027D7,valid,10199,0,True,
6,1,000006,1790173444.1437004,12174.027291,4.854376999999658,candidate-warmup,0027D7,valid,10199,0,True,
6,1,000006,1790173444.335693,12174.2192836,5.046369599998798,candidate-warmup,0027D7,valid,10199,0,True,
6,1,000006,1790173444.5431104,12174.4267,5.253785999999309,candidate-warmup,0027D7,valid,10199,0,True,
6,1,000006,1790173444.7351062,12174.6186946,5.445780599999125,candidate-warmup,0027D7,valid,10199,0,True,
6,1,000006,1790173444.9270935,12174.8106835,5.6377694999991945,candidate-warmup,0027D7,valid,10199,0,True,
6,1,000006,1790173445.1346664,12175.0182574,5.845343399998455,candidate-warmup,0027D7,valid,10199,0,True,
6,1,000006,1790173445.3266659,12175.2102558,6.037341799999922,candidate-warmup,0027D7,valid,10199,0,True,
6,1,000006,1790173445.5186582,12175.4022489,6.22933489999923,candidate-warmup,0027D7,valid,10199,0,True,
6,1,000006,1790173445.7260723,12175.6096618,6.436747799998557,candidate-warmup,0027D7,valid,10199,0,True,
6,1,000006,1790173445.9180624,12175.8016532,6.6287391999994725,candidate-warmup,0027D7,valid,10199,0,True,
6,1,000006,1790173446.1100543,12175.9936456,6.820731599998908,candidate-warmup,0027D7,valid,10199,0,True,
6,1,000006,1790173446.301633,12176.1852224,7.012308399998801,candidate-measurement,0027D7,valid,10199,0,True,
6,1,000006,1790173446.5096238,12176.3932146,7.220300599999973,candidate-measurement,0027D7,valid,10199,0,True,
6,1,000006,1790173446.7016158,12176.5852058,7.412291799999366,candidate-measurement,0027D7,valid,10199,0,True,
6,1,000006,1790173446.8930318,12176.776622,7.603707999998733,candidate-measurement,0027D7,valid,10199,0,True,
6,1,000006,1790173447.100603,12176.9841931,7.811279099998501,candidate-measurement,0027D7,valid,10199,0,True,
6,1,000006,1790173447.292621,12177.1762124,8.00329839999904,candidate-measurement,0027D7,valid,10199,0,True,
6,1,000006,1790173447.4845917,12177.3681829,8.195268899999064,candidate-measurement,0027D7,valid,10199,0,True,
6,1,000006,1790173447.692016,12177.5756056,8.402691599998434,candidate-measurement,0027D7,valid,10199,0,True,
6,1,000006,1790173447.8835797,12177.7671682,8.594254199999341,candidate-measurement,0027D7,valid,10199,0,True,
6,1,000006,1790173448.075568,12177.9591588,8.786244799999622,candidate-measurement,0027D7,valid,10199,0,True,
6,1,000006,1790173448.267561,12178.1511524,8.9782383999991,candidate-measurement,0027D7,valid,10199,0,True,
6,1,000006,1790173448.47498,12178.3585711,9.185657099998934,candidate-measurement,0027D7,valid,10199,0,True,
6,1,000006,1790173448.6669755,12178.5505653,9.377651299999343,candidate-measurement,0027D7,valid,10199,0,True,
6,1,000006,1790173448.8585486,12178.7421379,9.569223899999997,candidate-measurement,0027D7,valid,10199,0,True,
6,1,000006,1790173449.0665362,12178.9501272,9.777213199999096,candidate-measurement,0027D7,valid,10199,0,True,
6,1,000006,1790173449.257949,12179.1415406,9.96862659999897,candidate-measurement,0027D7,valid,10199,0,True,
6,1,000006,1790173449.4499493,12179.3335399,10.160625900000014,candidate-measurement,0027D7,valid,10199,0,True,
6,1,000006,1790173449.6419444,12179.5255333,10.352619299999787,candidate-measurement,0027D7,valid,10199,0,True,
6,1,000006,1790173449.8335152,12179.717105,10.544190999999046,candidate-measurement,0027D7,valid,10199,0,True,
6,1,000006,1790173450.0255232,12179.9091141,10.736200100000133,candidate-measurement,0027D7,valid,10199,0,True,
6,1,000006,1790173450.2175066,12180.1010952,10.928181199999017,candidate-measurement,0027D7,valid,10199,0,True,
6,1,000006,1790173450.4089148,12180.2925039,11.119589899999482,candidate-measurement,0027D7,valid,10199,0,True,
6,1,000006,1790173450.6009157,12180.4845049,11.311590899998919,candidate-measurement,0027D7,valid,10199,0,True,
6,1,000006,1790173450.7924855,12180.6760737,11.503159699999742,candidate-measurement,0027D7,valid,10199,0,True,
6,1,000006,1790173450.9844794,12180.8680707,11.695156699999643,candidate-measurement,0027D7,valid,10199,0,True,
6,1,000006,1790173451.1764853,12181.0600767,11.887162699998953,candidate-measurement,0027D7,valid,10199,0,True,
6,1,000006,1790173451.3678865,12181.2514763,12.078562299999248,candidate-measurement,0027D7,valid,10199,0,True,
6,1,000006,1790173451.5598748,12181.4434653,12.27055130000008,candidate-measurement,0027D7,valid,10199,0,True,
6,1,000006,1790173451.7518787,12181.6354675,12.462553499999558,candidate-measurement,0027D7,valid,10199,0,True,
6,1,000006,1790173451.9434779,12181.8270688,12.65415479999865,candidate-measurement,0027D7,valid,10199,0,True,
6,1,000006,1790173452.1354392,12182.0190286,12.846114599999055,candidate-measurement,0027D7,valid,10199,0,True,
6,1,000006,1790173452.3274312,12182.2110215,13.03810749999866,candidate-measurement,0027D7,valid,10199,0,True,
6,1,000006,1790173452.5188491,12182.4024383,13.229524299998957,candidate-measurement,0027D7,valid,10199,0,True,
6,1,000006,1790173452.7108543,12182.5944427,13.421528699998817,candidate-measurement,0027D7,valid,10199,0,True,
6,1,000006,1790173452.902842,12182.7864306,13.613516599998547,candidate-measurement,0027D7,valid,10199,0,True,
6,1,000006,1790173453.0944266,12182.9780166,13.805102599999373,candidate-measurement,0027D7,valid,10199,0,True,
6,1,000006,1790173453.2864027,12183.1699937,13.997079699998721,candidate-measurement,0027D7,valid,10199,0,True,
6,1,000006,1790173453.478395,12183.3619863,14.18907229999968,candidate-measurement,0027D7,valid,10199,0,True,
6,1,000006,1790173453.6698124,12183.5534033,14.380489299999681,candidate-measurement,0027D7,valid,10199,0,True,
6,1,000006,1790173453.8618114,12183.7453994,14.572485400000005,candidate-measurement,0027D7,valid,10199,0,True,
6,1,000006,1790173454.0533805,12183.9369713,14.764057299998967,candidate-measurement,0027D7,valid,10199,0,True,
6,1,000006,1790173454.2453678,12184.1289594,14.956045400000221,candidate-measurement,0027D7,valid,10199,0,True,
7,1,000007,1790173457.1067069,12186.9902945,0.20239179999953194,candidate-warmup,002854,valid,10324,125,True,
7,1,000007,1790173457.2982678,12187.1818595,0.3939568000005238,candidate-warmup,002854,valid,10324,0,True,
7,1,000007,1790173457.4902701,12187.3738611,0.5859584000008908,candidate-warmup,002854,valid,10324,0,True,
7,1,000007,1790173457.6822608,12187.5658515,0.777948799999649,candidate-warmup,002854,valid,10324,0,True,
7,1,000007,1790173457.8736765,12187.7572662,0.9693635000003269,candidate-warmup,002854,valid,10324,0,True,
7,1,000007,1790173458.065247,12187.9488364,1.1609337000008964,candidate-warmup,002854,valid,10324,0,True,
7,1,000007,1790173458.2572422,12188.1408336,1.3529309000005014,candidate-warmup,002854,valid,10324,0,True,
7,1,000007,1790173458.4487112,12188.332299,1.5443962999997893,candidate-warmup,002854,valid,10324,0,True,
7,1,000007,1790173458.640653,12188.5242416,1.7363389000001916,candidate-warmup,002854,valid,10324,0,True,
7,1,000007,1790173458.8482459,12188.7318339,1.943931199999497,candidate-warmup,002854,valid,10324,0,True,
7,1,000007,1790173459.040217,12188.9238082,2.135905499999353,candidate-warmup,002854,valid,10324,0,True,
7,1,000007,1790173459.231626,12189.1152173,2.3273145999992266,candidate-warmup,002854,valid,10324,0,True,
7,1,000007,1790173459.4236274,12189.3072185,2.519315800000186,candidate-warmup,002854,valid,10324,0,True,
7,1,000007,1790173459.6311996,12189.5147891,2.7268863999997848,candidate-warmup,002854,valid,10324,0,True,
7,1,000007,1790173459.8231938,12189.7067834,2.9188807000009547,candidate-warmup,002854,valid,10324,0,True,
7,1,000007,1790173460.0151837,12189.8987745,3.110871799999586,candidate-warmup,002854,valid,10324,0,True,
7,1,000007,1790173460.2225995,12190.1061897,3.318287000000055,candidate-warmup,002854,valid,10324,0,True,
7,1,000007,1790173460.4146013,12190.2981895,3.5102867999994487,candidate-warmup,002854,valid,10324,0,True,
7,1,000007,1790173460.606172,12190.4897605,3.701857800000653,candidate-warmup,002854,valid,10324,0,True,
7,1,000007,1790173460.8141632,12190.6977509,3.9098482000008516,candidate-warmup,002854,valid,10324,0,True,
7,1,000007,1790173461.0061674,12190.8897555,4.101852800000415,candidate-warmup,002854,valid,10324,0,True,
7,1,000007,1790173461.1981485,12191.0817394,4.293836700000611,candidate-warmup,002854,valid,10324,0,True,
7,1,000007,1790173461.4055593,12191.2891498,4.50124710000091,candidate-warmup,002854,valid,10324,0,True,
7,1,000007,1790173461.5975606,12191.4811485,4.693245799999204,candidate-warmup,002854,valid,10324,0,True,
7,1,000007,1790173461.7891314,12191.6727195,4.884816800000408,candidate-warmup,002854,valid,10324,0,True,
7,1,000007,1790173461.9811194,12191.8647106,5.076807900000858,candidate-warmup,002854,valid,10324,0,True,
7,1,000007,1790173462.1891143,12192.0727046,5.284801899999366,candidate-warmup,002854,valid,10324,0,True,
7,1,000007,1790173462.3805344,12192.2641228,5.476220099999409,candidate-warmup,002854,valid,10324,0,True,
7,1,000007,1790173462.572522,12192.4561132,5.6682104999999865,candidate-warmup,002854,valid,10324,0,True,
7,1,000007,1790173462.7801073,12192.6636951,5.875792400000137,candidate-warmup,002854,valid,10324,0,True,
7,1,000007,1790173462.9720924,12192.8556828,6.067780100000164,candidate-warmup,002854,valid,10324,0,True,
7,1,000007,1790173463.1640885,12193.0476778,6.259775099999388,candidate-warmup,002854,valid,10324,0,True,
7,1,000007,1790173463.371516,12193.2551063,6.467203599999266,candidate-warmup,002854,valid,10324,0,True,
7,1,000007,1790173463.5634859,12193.4470771,6.659174399999756,candidate-warmup,002854,valid,10324,0,True,
7,1,000007,1790173463.7550707,12193.6386595,6.850756800000454,candidate-warmup,002854,valid,10324,0,True,
7,1,000007,1790173463.9470644,12193.8306529,7.042750200000228,candidate-measurement,002854,valid,10324,0,True,
7,1,000007,1790173464.1550682,12194.038659,7.250756299999921,candidate-measurement,002854,valid,10324,0,True,
7,1,000007,1790173464.346469,12194.2300596,7.442156900000555,candidate-measurement,002854,valid,10324,0,True,
7,1,000007,1790173464.5384595,12194.4220506,7.634147900000244,candidate-measurement,002854,valid,10324,0,True,
7,1,000007,1790173464.7460387,12194.6296273,7.841724600000816,candidate-measurement,002854,valid,10324,0,True,
7,1,000007,1790173464.9380226,12194.8216127,8.0337099999997,candidate-measurement,002854,valid,10324,0,True,
7,1,000007,1790173465.130021,12195.0136116,8.225708899999518,candidate-measurement,002854,valid,10324,0,True,
7,1,000007,1790173465.3220131,12195.2056047,8.417702000000645,candidate-measurement,002854,valid,10324,0,True,
7,1,000007,1790173465.5294344,12195.4130236,8.625120900000184,candidate-measurement,002854,valid,10324,0,True,
7,1,000007,1790173465.7214267,12195.6050174,8.817114699999365,candidate-measurement,002854,valid,10324,0,True,
7,1,000007,1790173465.9134166,12195.7970068,9.009104099999604,candidate-measurement,002854,valid,10324,0,True,
7,1,000007,1790173466.12099,12196.0045806,9.216677899999922,candidate-measurement,002854,valid,10324,0,True,
7,1,000007,1790173466.312982,12196.1965734,9.408670700000584,candidate-measurement,002854,valid,10324,0,True,
7,1,000007,1790173466.5044007,12196.387988,9.6000853000005,candidate-measurement,002854,valid,10324,0,True,
7,1,000007,1790173466.7124007,12196.5959901,9.808087400000659,candidate-measurement,002854,valid,10324,0,True,
7,1,000007,1790173466.9044063,12196.7879944,10.000091699999757,candidate-measurement,002854,valid,10324,0,True,
7,1,000007,1790173467.0959601,12196.9795478,10.191645099999732,candidate-measurement,002854,valid,10324,0,True,
7,1,000007,1790173467.287951,12197.1715412,10.383638499999506,candidate-measurement,002854,valid,10324,0,True,
7,1,000007,1790173467.4799526,12197.3635405,10.57563780000055,candidate-measurement,002854,valid,10324,0,True,
7,1,000007,1790173467.671366,12197.5549541,10.767051400000128,candidate-measurement,002854,valid,10324,0,True,
7,1,000007,1790173467.8633587,12197.7469472,10.959044499999436,candidate-measurement,002854,valid,10324,0,True,
7,1,000007,1790173468.0549302,12197.9385204,11.150617699999202,candidate-measurement,002854,valid,10324,0,True,
7,1,000007,1790173468.24692,12198.1305116,11.342608900000414,candidate-measurement,002854,valid,10324,0,True,
7,1,000007,1790173468.4389136,12198.3225047,11.534601999999722,candidate-measurement,002854,valid,10324,0,True,
7,1,000007,1790173468.63033,12198.5139215,11.72601880000002,candidate-measurement,002854,valid,10324,0,True,
7,1,000007,1790173468.822331,12198.70592,11.918017300000429,candidate-measurement,002854,valid,10324,0,True,
7,1,000007,1790173469.014319,12198.8979086,12.110005900000033,candidate-measurement,002854,valid,10324,0,True,
7,1,000007,1790173469.205889,12199.0894802,12.301577500000349,candidate-measurement,002854,valid,10324,0,True,
7,1,000007,1790173469.397885,12199.2814766,12.493573899999319,candidate-measurement,002854,valid,10324,0,True,
7,1,000007,1790173469.5898755,12199.4734659,12.685563200000615,candidate-measurement,002854,valid,10324,0,True,
7,1,000007,1790173469.7812965,12199.664885,12.876982300000236,candidate-measurement,002854,valid,10324,0,True,
7,1,000007,1790173469.9732902,12199.8568812,13.068978499999503,candidate-measurement,002854,valid,10324,0,True,
7,1,000007,1790173470.165277,12200.0488681,13.260965400000714,candidate-measurement,002854,valid,10324,0,True,
7,1,000007,1790173470.356849,12200.2404401,13.452537400000438,candidate-measurement,002854,valid,10324,0,True,
7,1,000007,1790173470.548846,12200.4324375,13.644534799999747,candidate-measurement,002854,valid,10324,0,True,
7,1,000007,1790173470.740846,12200.6244336,13.83653090000007,candidate-measurement,002854,valid,10324,0,True,
7,1,000007,1790173470.9322555,12200.8158445,14.027941800000917,candidate-measurement,002854,valid,10324,0,True,
7,1,000007,1790173471.1242507,12201.0078414,14.219938700000057,candidate-measurement,002854,valid,10324,0,True,
7,1,000007,1790173471.3158226,12201.1994123,14.4115096000005,candidate-measurement,002854,valid,10324,0,True,
7,1,000007,1790173471.5078158,12201.3914055,14.60350280000057,candidate-measurement,002854,valid,10324,0,True,
7,1,000007,1790173471.6998155,12201.5834053,14.795502599999963,candidate-measurement,002854,valid,10324,0,True,
7,1,000007,1790173471.8912218,12201.7748115,14.986908799999583,candidate-measurement,002854,valid,10324,0,True,
8,1,000008,1790173474.720719,12204.6043073,0.20255440000073577,candidate-warmup,0028BC,valid,10428,104,True,
8,1,000008,1790173474.9127028,12204.7962913,0.39453839999987395,candidate-warmup,0028BC,valid,10428,0,True,
8,1,000008,1790173475.1047006,12204.9882903,0.5865374000004522,candidate-warmup,0028BC,valid,10428,0,True,
8,1,000008,1790173475.3121111,12205.1957023,0.7939494000002014,candidate-warmup,0028BC,valid,10428,0,True,
8,1,000008,1790173475.50411,12205.3877012,0.9859483000000182,candidate-warmup,0028BC,valid,10428,0,True,
8,1,000008,1790173475.695684,12205.5792731,1.1775202000007994,candidate-warmup,0028BC,valid,10428,0,True,
8,1,000008,1790173475.903677,12205.787267,1.3855141000003641,candidate-warmup,0028BC,valid,10428,0,True,
8,1,000008,1790173476.0957,12205.9792906,1.577537700000903,candidate-warmup,0028BC,valid,10428,0,True,
8,1,000008,1790173476.2870822,12206.170673,1.7689201000011963,candidate-warmup,0028BC,valid,10428,0,True,
8,1,000008,1790173476.479081,12206.3626702,1.9609173000008013,candidate-warmup,0028BC,valid,10428,0,True,
8,1,000008,1790173476.6870725,12206.570663,2.168910100001085,candidate-warmup,0028BC,valid,10428,0,True,
8,1,000008,1790173476.8786716,12206.7622612,2.3605083000002196,candidate-warmup,0028BC,valid,10428,0,True,
8,1,000008,1790173477.0706358,12206.9542265,2.552473600000667,candidate-warmup,0028BC,valid,10428,0,True,
8,1,000008,1790173477.2780504,12207.1616417,2.7598888000011357,candidate-warmup,0028BC,valid,10428,0,True,
8,1,000008,1790173477.470044,12207.3536338,2.9518809000001056,candidate-warmup,0028BC,valid,10428,0,True,
8,1,000008,1790173477.662043,12207.545631,3.1438781000015297,candidate-warmup,0028BC,valid,10428,0,True,
8,1,000008,1790173477.8696105,12207.7532002,3.3514473000013822,candidate-warmup,0028BC,valid,10428,0,True,
8,1,000008,1790173478.061608,12207.9451977,3.5434448000014527,candidate-warmup,0028BC,valid,10428,0,True,
8,1,000008,1790173478.2536006,12208.1371884,3.7354355000006763,candidate-warmup,0028BC,valid,10428,0,True,
8,1,000008,1790173478.4450166,12208.3286045,3.9268516000011005,candidate-warmup,0028BC,valid,10428,0,True,
8,1,000008,1790173478.6530063,12208.5365978,4.1348449000015535,candidate-warmup,0028BC,valid,10428,0,True,
8,1,000008,1790173478.8445978,12208.728186,4.326433100000941,candidate-warmup,0028BC,valid,10428,0,True,
8,1,000008,1790173479.0365732,12208.9201625,4.518409600001178,candidate-warmup,0028BC,valid,10428,0,True,
8,1,000008,1790173479.244564,12209.128155,4.726402100000996,candidate-warmup,0028BC,valid,10428,0,True,
8,1,000008,1790173479.435983,12209.3195738,4.917820900000152,candidate-warmup,0028BC,valid,10428,0,True,
8,1,000008,1790173479.6279676,12209.5115594,5.109806500000559,candidate-warmup,0028BC,valid,10428,0,True,
8,1,000008,1790173479.8359718,12209.7195603,5.3178074000006745,candidate-warmup,0028BC,valid,10428,0,True,
8,1,000008,1790173480.0275412,12209.9111321,5.509379200000694,candidate-warmup,0028BC,valid,10428,0,True,
8,1,000008,1790173480.2195325,12210.1031237,5.701370800001314,candidate-warmup,0028BC,valid,10428,0,True,
8,1,000008,1790173480.4115307,12210.2951221,5.893369200000961,candidate-warmup,0028BC,valid,10428,0,True,
8,1,000008,1790173480.6189563,12210.5025477,6.100794800000585,candidate-warmup,0028BC,valid,10428,0,True,
8,1,000008,1790173480.8105206,12210.6941092,6.292356300000392,candidate-warmup,0028BC,valid,10428,0,True,
8,1,000008,1790173481.002505,12210.8860959,6.484343000000081,candidate-warmup,0028BC,valid,10428,0,True,
8,1,000008,1790173481.2105017,12211.0940929,6.692340000001423,candidate-warmup,0028BD,valid,10429,1,True,
8,1,000008,1790173481.4019098,12211.2855005,6.883747600000788,candidate-warmup,0028BD,valid,10429,0,True,
8,1,000008,1790173481.5939384,12211.4775259,7.075773000000481,candidate-measurement,0028BD,valid,10429,0,True,
8,1,000008,1790173481.8014848,12211.6850729,7.283320000000458,candidate-measurement,0028BD,valid,10429,0,True,
8,1,000008,1790173481.9934776,12211.8770681,7.475315200001205,candidate-measurement,0028BD,valid,10429,0,True,
8,1,000008,1790173482.185471,12212.0690596,7.667306700001063,candidate-measurement,0028BD,valid,10429,0,True,
8,1,000008,1790173482.3774705,12212.2610583,7.859305400001176,candidate-measurement,0028BD,valid,10429,0,True,
8,1,000008,1790173482.5848966,12212.468487,8.066734100000758,candidate-measurement,0028BD,valid,10429,0,True,
8,1,000008,1790173482.7768757,12212.6604652,8.258712300001207,candidate-measurement,0028BD,valid,10429,0,True,
8,1,000008,1790173482.968438,12212.8520293,8.450276400000803,candidate-measurement,0028BD,valid,10429,0,True,
8,1,000008,1790173483.176437,12213.0600272,8.658274299999903,candidate-measurement,0028BD,valid,10429,0,True,
8,1,000008,1790173483.367856,12213.2514441,8.849691200000962,candidate-measurement,0028BD,valid,10429,0,True,
8,1,000008,1790173483.5598493,12213.4434395,9.041686600001412,candidate-measurement,0028BD,valid,10429,0,True,
8,1,000008,1790173483.7678432,12213.6514321,9.249679200000173,candidate-measurement,0028BD,valid,10429,0,True,
8,1,000008,1790173483.9594111,12213.8430013,9.441248400000404,candidate-measurement,0028BD,valid,10429,0,True,
8,1,000008,1790173484.1514094,12214.0349982,9.633245300001363,candidate-measurement,0028BD,valid,10429,0,True,
8,1,000008,1790173484.3428218,12214.2264126,9.824659699999756,candidate-measurement,0028BD,valid,10429,0,True,
8,1,000008,1790173484.5508182,12214.4344066,10.032653700000083,candidate-measurement,0028BD,valid,10429,0,True,
8,1,000008,1790173484.742395,12214.6259831,10.22423020000133,candidate-measurement,0028BD,valid,10429,0,True,
8,1,000008,1790173484.9344037,12214.8179932,10.416240300000936,candidate-measurement,0028BD,valid,10429,0,True,
8,1,000008,1790173485.1417942,12215.0253831,10.623630200001571,candidate-measurement,0028BD,valid,10429,0,True,
8,1,000008,1790173485.333798,12215.2173861,10.815633199999866,candidate-measurement,0028BD,valid,10429,0,True,
8,1,000008,1790173485.5253613,12215.4089527,11.007199800000308,candidate-measurement,0028BD,valid,10429,0,True,
8,1,000008,1790173485.7333636,12215.6169516,11.215198700001565,candidate-measurement,0028BD,valid,10429,0,True,
8,1,000008,1790173485.9247715,12215.8083614,11.406608500001312,candidate-measurement,0028BD,valid,10429,0,True,
8,1,000008,1790173486.1167693,12216.0003573,11.598604400000113,candidate-measurement,0028BD,valid,10429,0,True,
8,1,000008,1790173486.3243465,12216.2079345,11.806181600000855,candidate-measurement,0028BD,valid,10429,0,True,
8,1,000008,1790173486.5163405,12216.3999294,11.998176500001136,candidate-measurement,0028BD,valid,10429,0,True,
8,1,000008,1790173486.7083333,12216.591921,12.190168099999937,candidate-measurement,0028BD,valid,10429,0,True,
8,1,000008,1790173486.899744,12216.7833327,12.381579800001418,candidate-measurement,0028BD,valid,10429,0,True,
8,1,000008,1790173487.1077406,12216.991329,12.589576100001068,candidate-measurement,0028BD,valid,10429,0,True,
8,1,000008,1790173487.2993088,12217.1828987,12.781145800001468,candidate-measurement,0028BD,valid,10429,0,True,
8,1,000008,1790173487.4907176,12217.3743059,12.972553000001426,candidate-measurement,0028BD,valid,10429,0,True,
8,1,000008,1790173487.6987193,12217.5823087,13.180555800001457,candidate-measurement,0028BD,valid,10429,0,True,
8,1,000008,1790173487.8907044,12217.7742947,13.372541800001272,candidate-measurement,0028BD,valid,10429,0,True,
8,1,000008,1790173488.0822878,12217.9658773,13.564124399999855,candidate-measurement,0028BD,valid,10429,0,True,
8,1,000008,1790173488.2902763,12218.1738645,13.772111600001153,candidate-measurement,0028BD,valid,10429,0,True,
8,1,000008,1790173488.4816897,12218.3652793,13.963526400000774,candidate-measurement,0028BD,valid,10429,0,True,
8,1,000008,1790173488.6736853,12218.5572736,14.155520700000125,candidate-measurement,0028BD,valid,10429,0,True,
8,1,000008,1790173488.8656821,12218.7492704,14.347517500000322,candidate-measurement,0028BD,valid,10429,0,True,
8,1,000008,1790173489.073247,12218.956838,14.555085100000724,candidate-measurement,0028BD,valid,10429,0,True,
8,1,000008,1790173489.26525,12219.1488381,14.747085200000583,candidate-measurement,0028BD,valid,10429,0,True,
8,1,000008,1790173489.4572754,12219.340866,14.939113100001123,candidate-measurement,0028BD,valid,10429,0,True,
9,1,000009,1790173492.3501492,12222.2337369,0.20254819999900064,candidate-warmup,00293E,valid,10558,129,True,
9,1,000009,1790173492.5415635,12222.4251519,0.39396320000014384,candidate-warmup,00293E,valid,10558,0,True,
9,1,000009,1790173492.7331314,12222.6167205,0.585531799999444,candidate-warmup,00293E,valid,10558,0,True,
9,1,000009,1790173492.9251218,12222.8087121,0.7775234000000637,candidate-warmup,00293E,valid,10558,0,True,
9,1,000009,1790173493.11712,12223.000711,0.9695222999998805,candidate-warmup,00293E,valid,10558,0,True,
9,1,000009,1790173493.3085349,12223.192123,1.160934300000008,candidate-warmup,00293E,valid,10558,0,True,
9,1,000009,1790173493.5005252,12223.3841142,1.352925499999401,candidate-warmup,00293E,valid,10558,0,True,
9,1,000009,1790173493.6921084,12223.5756966,1.5445079000000987,candidate-warmup,00293E,valid,10558,0,True,
9,1,000009,1790173493.884098,12223.7676877,1.7364989999987301,candidate-warmup,00293E,valid,10558,0,True,
9,1,000009,1790173494.0760896,12223.9596775,1.9284888000001956,candidate-warmup,00293E,valid,10558,0,True,
9,1,000009,1790173494.2675054,12224.1510936,2.119904899998801,candidate-warmup,00293E,valid,10558,0,True,
9,1,000009,1790173494.4590774,12224.3426678,2.3114790999989054,candidate-warmup,00293E,valid,10558,0,True,
9,1,000009,1790173494.6510696,12224.5346606,2.5034718999995675,candidate-warmup,00293E,valid,10558,0,True,
9,1,000009,1790173494.8430667,12224.7266557,2.695466999999553,candidate-warmup,00293E,valid,10558,0,True,
9,1,000009,1790173495.0344765,12224.9180672,2.8868784999995114,candidate-warmup,00293E,valid,10558,0,True,
9,1,000009,1790173495.2264824,12225.1100705,3.07888180000009,candidate-warmup,00293E,valid,10558,0,True,
9,1,000009,1790173495.418049,12225.3016385,3.2704497999984596,candidate-warmup,00293E,valid,10558,0,True,
9,1,000009,1790173495.6260376,12225.5096256,3.4784368999989965,candidate-warmup,00293E,valid,10558,0,True,
9,1,000009,1790173495.8180373,12225.7016253,3.670436599999448,candidate-warmup,00293E,valid,10558,0,True,
9,1,000009,1790173496.0100284,12225.8936178,3.8624290999996447,candidate-warmup,00293E,valid,10558,0,True,
9,1,000009,1790173496.2174432,12226.1010317,4.0698429999993095,candidate-warmup,00293E,valid,10558,0,True,
9,1,000009,1790173496.4094386,12226.2930276,4.26183889999993,candidate-warmup,00293E,valid,10558,0,True,
9,1,000009,1790173496.6010058,12226.4845942,4.453405499998553,candidate-warmup,00293E,valid,10558,0,True,
9,1,000009,1790173496.8090012,12226.6925896,4.661400899998625,candidate-warmup,00293E,valid,10558,0,True,
9,1,000009,1790173497.0009935,12226.8845843,4.853395599999203,candidate-warmup,00293E,valid,10558,0,True,
9,1,000009,1790173497.192989,12227.07658,5.045391300000119,candidate-warmup,00293E,valid,10558,0,True,
9,1,000009,1790173497.3844035,12227.2679924,5.236803699999655,candidate-warmup,00293E,valid,10558,0,True,
9,1,000009,1790173497.5924006,12227.4759893,5.444800599998416,candidate-warmup,00293E,valid,10558,0,True,
9,1,000009,1790173497.7843952,12227.667984,5.636795299998994,candidate-warmup,00293E,valid,10558,0,True,
9,1,000009,1790173497.9759653,12227.8595546,5.828365899998971,candidate-warmup,00293E,valid,10558,0,True,
9,1,000009,1790173498.1839623,12228.067551,6.036362299999382,candidate-warmup,00293E,valid,10558,0,True,
9,1,000009,1790173498.375375,12228.2589632,6.227774499999214,candidate-warmup,00293E,valid,10558,0,True,
9,1,000009,1790173498.5673654,12228.4509542,6.419765499998903,candidate-warmup,00293E,valid,10558,0,True,
9,1,000009,1790173498.7753623,12228.6589503,6.627761599998848,candidate-warmup,00293E,valid,10558,0,True,
9,1,000009,1790173498.9669244,12228.8505152,6.819326499999079,candidate-warmup,00293E,valid,10558,0,True,
9,1,000009,1790173499.1589255,12229.0425171,7.011328399999911,candidate-measurement,00293E,valid,10558,0,True,
9,1,000009,1790173499.3509212,12229.2345105,7.203321799999685,candidate-measurement,00293E,valid,10558,0,True,
9,1,000009,1790173499.5589485,12229.4425362,7.411347499999465,candidate-measurement,00293E,valid,10558,0,True,
9,1,000009,1790173499.7503295,12229.6339176,7.60272889999942,candidate-measurement,00293E,valid,10558,0,True,
9,1,000009,1790173499.941897,12229.8254879,7.794299199998932,candidate-measurement,00293E,valid,10558,0,True,
9,1,000009,1790173500.149912,12230.0335004,8.002311700000064,candidate-measurement,00293E,valid,10558,0,True,
9,1,000009,1790173500.3418841,12230.2254735,8.194284799999878,candidate-measurement,00293E,valid,10558,0,True,
9,1,000009,1790173500.5333042,12230.416893,8.385704299998906,candidate-measurement,00293E,valid,10558,0,True,
9,1,000009,1790173500.74088,12230.6244686,8.593279899998379,candidate-measurement,00293E,valid,10558,0,True,
9,1,000009,1790173500.9328718,12230.8164607,8.785271999999168,candidate-measurement,00293E,valid,10558,0,True,
9,1,000009,1790173501.124891,12231.0084795,8.977290799999537,candidate-measurement,00293E,valid,10558,0,True,
9,1,000009,1790173501.3168616,12231.2004499,9.1692611999988,candidate-measurement,00293E,valid,10558,0,True,
9,1,000009,1790173501.5242684,12231.4078563,9.376667599999564,candidate-measurement,00293E,valid,10558,0,True,
9,1,000009,1790173501.7162673,12231.5998548,9.568666099999973,candidate-measurement,00293E,valid,10558,0,True,
9,1,000009,1790173501.9078598,12231.7914492,9.760260499999276,candidate-measurement,00293E,valid,10558,0,True,
9,1,000009,1790173502.1158466,12231.9994345,9.96824579999884,candidate-measurement,00293E,valid,10558,0,True,
9,1,000009,1790173502.3078263,12232.1914171,10.160228400000051,candidate-measurement,00293E,valid,10558,0,True,
9,1,000009,1790173502.4992416,12232.3828307,10.351641999999629,candidate-measurement,00293E,valid,10558,0,True,
9,1,000009,1790173502.691244,12232.5748321,10.543643399998473,candidate-measurement,00293E,valid,10558,0,True,
9,1,000009,1790173502.8828077,12232.7663966,10.735207899999295,candidate-measurement,00293E,valid,10558,0,True,
9,1,000009,1790173503.074801,12232.9583915,10.927202799999577,candidate-measurement,00293E,valid,10558,0,True,
9,1,000009,1790173503.2662103,12233.1498018,11.118613099999493,candidate-measurement,00293E,valid,10558,0,True,
9,1,000009,1790173503.4582117,12233.3418004,11.310611699998844,candidate-measurement,00293E,valid,10558,0,True,
9,1,000009,1790173503.6502016,12233.5337916,11.502602900000056,candidate-measurement,00293E,valid,10558,0,True,
9,1,000009,1790173503.8417683,12233.7253578,11.694169099999272,candidate-measurement,00293E,valid,10558,0,True,
9,1,000009,1790173504.0337687,12233.91736,11.88617129999875,candidate-measurement,00293E,valid,10558,0,True,
9,1,000009,1790173504.2251806,12234.1087721,12.07758339999964,candidate-measurement,00293E,valid,10558,0,True,
9,1,000009,1790173504.4172125,12234.3007995,12.26961080000001,candidate-measurement,00293E,valid,10558,0,True,
9,1,000009,1790173504.609169,12234.4927601,12.46157139999923,candidate-measurement,00293E,valid,10558,0,True,
9,1,000009,1790173504.8007479,12234.6843366,12.653147899998658,candidate-measurement,00293E,valid,10558,0,True,
9,1,000009,1790173504.9927318,12234.8763221,12.845133400000122,candidate-measurement,00293E,valid,10558,0,True,
9,1,000009,1790173505.1847339,12235.0683227,13.037134000000151,candidate-measurement,00293E,valid,10558,0,True,
9,1,000009,1790173505.3761432,12235.2597337,13.22854499999994,candidate-measurement,00293E,valid,10558,0,True,
9,1,000009,1790173505.5681357,12235.4517268,13.420538099999249,candidate-measurement,00293E,valid,10558,0,True,
9,1,000009,1790173505.759716,12235.6433051,13.61211639999965,candidate-measurement,00293E,valid,10558,0,True,
9,1,000009,1790173505.9517097,12235.8352999,13.80411119999917,candidate-measurement,00293E,valid,10558,0,True,
9,1,000009,1790173506.1436973,12236.0272884,13.996099699999832,candidate-measurement,00293E,valid,10558,0,True,
9,1,000009,1790173506.3351095,12236.2186992,14.187510499999917,candidate-measurement,00293E,valid,10558,0,True,
9,1,000009,1790173506.5271115,12236.4107013,14.379512599998634,candidate-measurement,00293E,valid,10558,0,True,
9,1,000009,1790173506.719108,12236.6026972,14.571508499999254,candidate-measurement,00293E,valid,10558,0,True,
9,1,000009,1790173506.9106793,12236.7942681,14.763079399999697,candidate-measurement,00293E,valid,10558,0,True,
9,1,000009,1790173507.1026664,12236.9862578,14.955069099998582,candidate-measurement,00293E,valid,10558,0,True,
10,1,00000A,1790173509.979579,12239.8631676,0.20197170000028564,candidate-warmup,0029D7,valid,10711,153,True,
10,1,00000A,1790173510.1715794,12240.0551673,0.39397140000073705,candidate-warmup,0029D7,valid,10711,0,True,
10,1,00000A,1790173510.3629832,12240.2465743,0.585378399999172,candidate-warmup,0029D7,valid,10711,0,True,
10,1,00000A,1790173510.5545607,12240.4381504,0.7769544999991922,candidate-warmup,0029D7,valid,10711,0,True,
10,1,00000A,1790173510.7465553,12240.6301451,0.9689491999997699,candidate-warmup,0029D7,valid,10711,0,True,
10,1,00000A,1790173510.9385414,12240.8221321,1.1609361999999237,candidate-warmup,0029D7,valid,10711,0,True,
10,1,00000A,1790173511.1299624,12241.0135513,1.352355400000306,candidate-warmup,0029D7,valid,10711,0,True,
10,1,00000A,1790173511.321957,12241.2055452,1.544349300000249,candidate-warmup,0029D7,valid,10711,0,True,
10,1,00000A,1790173511.5139546,12241.3975438,1.7363478999996005,candidate-warmup,0029D7,valid,10711,0,True,
10,1,00000A,1790173511.7055297,12241.5891178,1.9279219000000012,candidate-warmup,0029D7,valid,10711,0,True,
10,1,00000A,1790173511.9135242,12241.7971114,2.1359154999991006,candidate-warmup,0029D7,valid,10711,0,True,
10,1,00000A,1790173512.1055126,12241.9891005,2.327904600000693,candidate-warmup,0029D7,valid,10711,0,True,
10,1,00000A,1790173512.2969193,12242.1805101,2.5193142000007356,candidate-warmup,0029D7,valid,10711,0,True,
10,1,00000A,1790173512.5049164,12242.3885048,2.727308899999116,candidate-warmup,0029D7,valid,10711,0,True,
10,1,00000A,1790173512.696906,12242.5804949,2.919298999999228,candidate-warmup,0029D7,valid,10711,0,True,
10,1,00000A,1790173512.8884861,12242.7720754,3.11087950000001,candidate-warmup,0029D7,valid,10711,0,True,
10,1,00000A,1790173513.0804698,12242.9640614,3.3028654999998253,candidate-warmup,0029D7,valid,10711,0,True,
10,1,00000A,1790173513.2885013,12243.1720923,3.510896399999183,candidate-warmup,0029D7,valid,10711,0,True,
10,1,00000A,1790173513.4804716,12243.3640607,3.7028647999995883,candidate-warmup,0029D7,valid,10711,0,True,
10,1,00000A,1790173513.6718798,12243.5554689,3.8942729999998846,candidate-warmup,0029D7,valid,10711,0,True,
10,1,00000A,1790173513.8799012,12243.7634896,4.102293699999791,candidate-warmup,0029D7,valid,10711,0,True,
10,1,00000A,1790173514.0714417,12243.9550329,4.293836999999257,candidate-warmup,0029D7,valid,10711,0,True,
10,1,00000A,1790173514.2634351,12244.1470265,4.485830600000554,candidate-warmup,0029D7,valid,10711,0,True,
10,1,00000A,1790173514.470853,12244.3544432,4.693247299999712,candidate-warmup,0029D7,valid,10711,0,True,
10,1,00000A,1790173514.6628418,12244.5464328,4.885236899999654,candidate-warmup,0029D7,valid,10711,0,True,
10,1,00000A,1790173514.854843,12244.7384319,5.077235999999175,candidate-warmup,0029D7,valid,10711,0,True,
10,1,00000A,1790173515.046411,12244.9300022,5.268806300000506,candidate-warmup,0029D7,valid,10711,0,True,
10,1,00000A,1790173515.2544093,12245.1379999,5.476803999999902,candidate-warmup,0029D8,valid,10712,1,True,
10,1,00000A,1790173515.4458153,12245.3294066,5.66821069999969,candidate-warmup,0029D8,valid,10712,0,True,
10,1,00000A,1790173515.6378188,12245.5214067,5.86021079999955,candidate-warmup,0029D8,valid,10712,0,True,
10,1,00000A,1790173515.845392,12245.7289811,6.06778519999898,candidate-warmup,0029D8,valid,10712,0,True,
10,1,00000A,1790173516.0374298,12245.9210205,6.259824599999774,candidate-warmup,0029D8,valid,10712,0,True,
10,1,00000A,1790173516.2287931,12246.1123812,6.451185300000361,candidate-warmup,0029D8,valid,10712,0,True,
10,1,00000A,1790173516.4367867,12246.3203776,6.659181699998953,candidate-warmup,0029D8,valid,10712,0,True,
10,1,00000A,1790173516.6283667,12246.5119552,6.850759299999481,candidate-warmup,0029D8,valid,10712,0,True,
10,1,00000A,1790173516.820357,12246.7039461,7.042750200000228,candidate-measurement,0029D8,valid,10712,0,True,
10,1,00000A,1790173517.0277889,12246.911378,7.250182100000529,candidate-measurement,0029D8,valid,10712,0,True,
10,1,00000A,1790173517.2197616,12247.1033526,7.442156699999032,candidate-measurement,0029D8,valid,10712,0,True,
10,1,00000A,1790173517.4117641,12247.2953521,7.634156199999779,candidate-measurement,0029D8,valid,10712,0,True,
10,1,00000A,1790173517.6033306,12247.4869214,7.825725499998953,candidate-measurement,0029D8,valid,10712,0,True,
10,1,00000A,1790173517.8113298,12247.6949174,8.033721499999956,candidate-measurement,0029D8,valid,10712,0,True,
10,1,00000A,1790173518.0027366,12247.886328,8.225132100000337,candidate-measurement,0029D8,valid,10712,0,True,
10,1,00000A,1790173518.194737,12248.0783247,8.417128799999773,candidate-measurement,0029D8,valid,10712,0,True,
10,1,00000A,1790173518.4027257,12248.2863165,8.625120599999718,candidate-measurement,0029D8,valid,10712,0,True,
10,1,00000A,1790173518.5943046,12248.477893,8.816697099999146,candidate-measurement,0029D8,valid,10712,0,True,
10,1,00000A,1790173518.7862976,12248.6698856,9.008689700000104,candidate-measurement,0029D8,valid,10712,0,True,
10,1,00000A,1790173518.97829,12248.8618812,9.20068530000026,candidate-measurement,0029D8,valid,10712,0,True,
10,1,00000A,1790173519.1856952,12249.0692868,9.408090900000389,candidate-measurement,0029D8,valid,10712,0,True,
10,1,00000A,1790173519.3776915,12249.2612828,9.600086899999951,candidate-measurement,0029D8,valid,10712,0,True,
10,1,00000A,1790173519.5692642,12249.4528537,9.791657800000394,candidate-measurement,0029D8,valid,10712,0,True,
10,1,00000A,1790173519.7772784,12249.6608681,9.999672199999623,candidate-measurement,0029D8,valid,10712,0,True,
10,1,00000A,1790173519.9692478,12249.8528387,10.191642800000409,candidate-measurement,0029D8,valid,10712,0,True,
10,1,00000A,1790173520.1606674,12250.044259,10.383063100000072,candidate-measurement,0029D8,valid,10712,0,True,
10,1,00000A,1790173520.368663,12250.252252,10.59105610000006,candidate-measurement,0029D8,valid,10712,0,True,
10,1,00000A,1790173520.5607095,12250.4443003,10.783104399999502,candidate-measurement,0029D8,valid,10712,0,True,
10,1,00000A,1790173520.7522428,12250.6358307,10.974634799998967,candidate-measurement,0029D8,valid,10712,0,True,
10,1,00000A,1790173520.9442139,12250.827805,11.166609100000642,candidate-measurement,0029D8,valid,10712,0,True,
10,1,00000A,1790173521.152222,12251.0358098,11.374613899999531,candidate-measurement,0029D8,valid,10712,0,True,
10,1,00000A,1790173521.34421,12251.2278011,11.566605199999685,candidate-measurement,0029D8,valid,10712,0,True,
10,1,00000A,1790173521.535615,12251.4192065,11.758010600000489,candidate-measurement,0029D8,valid,10712,0,True,
10,1,00000A,1790173521.74362,12251.6272085,11.966012599999885,candidate-measurement,0029D8,valid,10712,0,True,
10,1,00000A,1790173521.9351833,12251.8187744,12.157578500000454,candidate-measurement,0029D8,valid,10712,0,True,
10,1,00000A,1790173522.127192,12252.0107819,12.349586000000272,candidate-measurement,0029D8,valid,10712,0,True,
10,1,00000A,1790173522.3345947,12252.2181863,12.556990400000359,candidate-measurement,0029D8,valid,10712,0,True,
10,1,00000A,1790173522.5265915,12252.4101828,12.74898690000009,candidate-measurement,0029D8,valid,10712,0,True,
10,1,00000A,1790173522.7185898,12252.6021791,12.940983200000119,candidate-measurement,0029D8,valid,10712,0,True,
10,1,00000A,1790173522.910164,12252.7937525,13.132556599999589,candidate-measurement,0029D8,valid,10712,0,True,
10,1,00000A,1790173523.1181514,12253.001743,13.340547100000549,candidate-measurement,0029D8,valid,10712,0,True,
10,1,00000A,1790173523.3101482,12253.1937396,13.532543699999223,candidate-measurement,0029D8,valid,10712,0,True,
10,1,00000A,1790173523.5021312,12253.3857228,13.724526899999546,candidate-measurement,0029D8,valid,10712,0,True,
10,1,00000A,1790173523.709565,12253.5931536,13.931957700000567,candidate-measurement,0029D8,valid,10712,0,True,
10,1,00000A,1790173523.901551,12253.7851399,14.123943999999028,candidate-measurement,0029D8,valid,10712,0,True,
10,1,00000A,1790173524.0935378,12253.9771285,14.315932600000451,candidate-measurement,0029D8,valid,10712,0,True,
10,1,00000A,1790173524.3011107,12254.1847012,14.52350529999967,candidate-measurement,0029D8,valid,10712,0,True,
10,1,00000A,1790173524.4931073,12254.3766975,14.715501599999698,candidate-measurement,0029D8,valid,10712,0,True,
10,1,00000A,1790173524.684521,12254.5681111,14.906915199999276,candidate-measurement,0029D8,valid,10712,0,True,
11,1,00000B,1790173527.6100132,12257.4936013,0.2025524000000587,candidate-warmup,002A55,valid,10837,125,True,
11,1,00000B,1790173527.8020031,12257.6855921,0.3945432000000437,candidate-warmup,002A55,valid,10837,0,True,
11,1,00000B,1790173527.9934223,12257.8770117,0.5859627999998338,candidate-warmup,002A55,valid,10837,0,True,
11,1,00000B,1790173528.1854124,12258.0690003,0.7779513999994379,candidate-warmup,002A55,valid,10837,0,True,
11,1,00000B,1790173528.393404,12258.2769926,0.9859436999995523,candidate-warmup,002A55,valid,10837,0,True,
11,1,00000B,1790173528.5849802,12258.4685687,1.1775197999995726,candidate-warmup,002A55,valid,10837,0,True,
11,1,00000B,1790173528.7769663,12258.6605552,1.369506299999557,candidate-warmup,002A55,valid,10837,0,True,
11,1,00000B,1790173528.9849625,12258.8685524,1.5775034999987838,candidate-warmup,002A55,valid,10837,0,True,
11,1,00000B,1790173529.1763787,12259.0599682,1.7689192999987426,candidate-warmup,002A55,valid,10837,0,True,
11,1,00000B,1790173529.3683708,12259.2519605,1.9609115999992355,candidate-warmup,002A55,valid,10837,0,True,
11,1,00000B,1790173529.5759602,12259.4595484,2.168499499999598,candidate-warmup,002A55,valid,10837,0,True,
11,1,00000B,1790173529.767945,12259.6515327,2.3604837999992014,candidate-warmup,002A55,valid,10837,0,True,
11,1,00000B,1790173529.959929,12259.8435206,2.5524716999989323,candidate-warmup,002A55,valid,10837,0,True,
11,1,00000B,1790173530.1519232,12260.0355146,2.744465699999637,candidate-warmup,002A55,valid,10837,0,True,
11,1,00000B,1790173530.359338,12260.2429292,2.951880299999175,candidate-warmup,002A55,valid,10837,0,True,
11,1,00000B,1790173530.5513391,12260.4349265,3.1438775999995414,candidate-warmup,002A55,valid,10837,0,True,
11,1,00000B,1790173530.7429092,12260.6264972,3.33544830000028,candidate-warmup,002A55,valid,10837,0,True,
11,1,00000B,1790173530.9509149,12260.834506,3.5434570999987045,candidate-warmup,002A55,valid,10837,0,True,
11,1,00000B,1790173531.1428862,12261.0264775,3.735428599999068,candidate-warmup,002A55,valid,10837,0,True,
11,1,00000B,1790173531.3343108,12261.2179001,3.9268511999998736,candidate-warmup,002A55,valid,10837,0,True,
11,1,00000B,1790173531.542298,12261.4258876,4.134838699999818,candidate-warmup,002A55,valid,10837,0,True,
11,1,00000B,1790173531.7338817,12261.6174705,4.326421599998866,candidate-warmup,002A55,valid,10837,0,True,
11,1,00000B,1790173531.925863,12261.8094537,4.518404799999189,candidate-warmup,002A55,valid,10837,0,True,
11,1,00000B,1790173532.1178648,12262.0014555,4.71040659999926,candidate-warmup,002A55,valid,10837,0,True,
11,1,00000B,1790173532.325279,12262.2088698,4.917820900000152,candidate-warmup,002A55,valid,10837,0,True,
11,1,00000B,1790173532.5172668,12262.4008578,5.109808899998825,candidate-warmup,002A55,valid,10837,0,True,
11,1,00000B,1790173532.7088509,12262.5924405,5.301391599999988,candidate-warmup,002A55,valid,10837,0,True,
11,1,00000B,1790173532.916846,12262.8004351,5.509386199999426,candidate-warmup,002A55,valid,10837,0,True,
11,1,00000B,1790173533.1082451,12262.9918366,5.700787699999637,candidate-warmup,002A55,valid,10837,0,True,
11,1,00000B,1790173533.3002326,12263.1838243,5.892775399999664,candidate-warmup,002A55,valid,10837,0,True,
11,1,00000B,1790173533.507814,12263.3914053,6.100356400000237,candidate-warmup,002A55,valid,10837,0,True,
11,1,00000B,1790173533.6998093,12263.5833995,6.2923505999988265,candidate-warmup,002A55,valid,10837,0,True,
11,1,00000B,1790173533.891821,12263.7754094,6.484360499998729,candidate-warmup,002A55,valid,10837,0,True,
11,1,00000B,1790173534.0992165,12263.9828078,6.691758899998604,candidate-warmup,002A55,valid,10837,0,True,
11,1,00000B,1790173534.2912064,12264.1747978,6.883748899999773,candidate-warmup,002A55,valid,10837,0,True,
11,1,00000B,1790173534.4827824,12264.3663737,7.0753248000000895,candidate-measurement,002A55,valid,10837,0,True,
11,1,00000B,1790173534.6747782,12264.5583683,7.267319399999906,candidate-measurement,002A55,valid,10837,0,True,
11,1,00000B,1790173534.882775,12264.7663638,7.475314899998921,candidate-measurement,002A55,valid,10837,0,True,
11,1,00000B,1790173535.074181,12264.9577727,7.66672379999909,candidate-measurement,002A55,valid,10837,0,True,
11,1,00000B,1790173535.266179,12265.1497706,7.8587216999985685,candidate-measurement,002A55,valid,10837,0,True,
11,1,00000B,1790173535.4737475,12265.3573362,8.066287300000113,candidate-measurement,002A55,valid,10837,0,True,
11,1,00000B,1790173535.6657426,12265.549334,8.25828509999883,candidate-measurement,002A55,valid,10837,0,True,
11,1,00000B,1790173535.8577433,12265.7413312,8.450282300000254,candidate-measurement,002A55,valid,10837,0,True,
11,1,00000B,1790173536.0497296,12265.9333211,8.642272199998843,candidate-measurement,002A55,valid,10837,0,True,
11,1,00000B,1790173536.2571478,12266.1407394,8.84969049999927,candidate-measurement,002A55,valid,10837,0,True,
11,1,00000B,1790173536.4491396,12266.3327289,9.04168000000027,candidate-measurement,002A55,valid,10837,0,True,
11,1,00000B,1790173536.6407173,12266.5243076,9.233258700000079,candidate-measurement,002A55,valid,10837,0,True,
11,1,00000B,1790173536.8487244,12266.7323121,9.441263200000321,candidate-measurement,002A55,valid,10837,0,True,
11,1,00000B,1790173537.0407026,12266.9242936,9.633244699998613,candidate-measurement,002A55,valid,10837,0,True,
11,1,00000B,1790173537.2321134,12267.1157044,9.824655499998698,candidate-measurement,002A55,valid,10837,0,True,
11,1,00000B,1790173537.4396904,12267.3232806,10.032231699999102,candidate-measurement,002A55,valid,10837,0,True,
11,1,00000B,1790173537.6316826,12267.5152736,10.224224699999468,candidate-measurement,002A55,valid,10837,0,True,
11,1,00000B,1790173537.8236804,12267.7072704,10.416221499999665,candidate-measurement,002A55,valid,10837,0,True,
11,1,00000B,1790173538.031126,12267.9147146,10.623665699999037,candidate-measurement,002A55,valid,10837,0,True,
11,1,00000B,1790173538.2230797,12268.1066712,10.815622299998722,candidate-measurement,002A55,valid,10837,0,True,
11,1,00000B,1790173538.414667,12268.2982546,11.007205699999759,candidate-measurement,002A55,valid,10837,0,True,
11,1,00000B,1790173538.606652,12268.4902432,11.199194299999363,candidate-measurement,002A55,valid,10837,0,True,
11,1,00000B,1790173538.8146427,12268.6982319,11.40718299999935,candidate-measurement,002A55,valid,10837,0,True,
11,1,00000B,1790173539.0060642,12268.8896537,11.59860479999952,candidate-measurement,002A55,valid,10837,0,True,
11,1,00000B,1790173539.1980498,12269.0816411,11.790592199999082,candidate-measurement,002A55,valid,10837,0,True,
11,1,00000B,1790173539.4056284,12269.2892198,11.998170900000332,candidate-measurement,002A55,valid,10837,0,True,
11,1,00000B,1790173539.597636,12269.4812239,12.190174999999726,candidate-measurement,002A55,valid,10837,0,True,
11,1,00000B,1790173539.7890396,12269.6726281,12.381579199998669,candidate-measurement,002A55,valid,10837,0,True,
11,1,00000B,1790173539.9970245,12269.8806143,12.589565399999628,candidate-measurement,002A55,valid,10837,0,True,
11,1,00000B,1790173540.1890216,12270.0726118,12.781562899999699,candidate-measurement,002A55,valid,10837,0,True,
11,1,00000B,1790173540.3806145,12270.2642022,12.973153299999467,candidate-measurement,002A55,valid,10837,0,True,
11,1,00000B,1790173540.572588,12270.4561779,13.16512899999907,candidate-measurement,002A55,valid,10837,0,True,
11,1,00000B,1790173540.7805877,12270.6641762,13.373127299999396,candidate-measurement,002A55,valid,10837,0,True,
11,1,00000B,1790173540.9719946,12270.8555851,13.564536199999566,candidate-measurement,002A55,valid,10837,0,True,
11,1,00000B,1790173541.1635706,12271.0471617,13.756112799999755,candidate-measurement,002A55,valid,10837,0,True,
11,1,00000B,1790173541.3715692,12271.2551586,13.964109700000336,candidate-measurement,002A55,valid,10837,0,True,
11,1,00000B,1790173541.5635781,12271.4471683,14.156119399998715,candidate-measurement,002A55,valid,10837,0,True,
11,1,00000B,1790173541.7549775,12271.6385669,14.347517999998672,candidate-measurement,002A55,valid,10837,0,True,
11,1,00000B,1790173541.9629645,12271.8465549,14.555505999998786,candidate-measurement,002A55,valid,10837,0,True,
11,1,00000B,1790173542.1705372,12272.0541284,14.76307949999864,candidate-measurement,002A55,valid,10837,0,True,
11,1,00000B,1790173542.3625364,12272.2461243,14.95507539999926,candidate-measurement,002A55,valid,10837,0,True,
12,1,00000C,1790173545.2398615,12275.12345,0.2023922999997012,candidate-warmup,002AD1,valid,10961,124,True,
12,1,00000C,1790173545.4314356,12275.3150258,0.39396810000107507,candidate-warmup,002AD1,valid,10961,0,True,
12,1,00000C,1790173545.6234276,12275.5070171,0.5859594000012294,candidate-warmup,002AD1,valid,10961,0,True,
12,1,00000C,1790173545.8148403,12275.6984299,0.7773722000001726,candidate-warmup,002AD1,valid,10961,0,True,
12,1,00000C,1790173546.0068371,12275.8904269,0.9693692000000738,candidate-warmup,002AD1,valid,10961,0,True,
12,1,00000C,1790173546.1984048,12276.0819959,1.1609382000006008,candidate-warmup,002AD1,valid,10961,0,True,
12,1,00000C,1790173546.390402,12276.2739933,1.3529355999999098,candidate-warmup,002AD1,valid,10961,0,True,
12,1,00000C,1790173546.5818155,12276.4654049,1.5443472000006295,candidate-warmup,002AD1,valid,10961,0,True,
12,1,00000C,1790173546.7738163,12276.6574042,1.7363464999998541,candidate-warmup,002AD1,valid,10961,0,True,
12,1,00000C,1790173546.9653895,12276.8489796,1.9279219000000012,candidate-warmup,002AD1,valid,10961,0,True,
12,1,00000C,1790173547.1573787,12277.0409687,2.1199109999997745,candidate-warmup,002AD1,valid,10961,0,True,
12,1,00000C,1790173547.3493748,12277.2329639,2.3119062000005215,candidate-warmup,002AD1,valid,10961,0,True,
12,1,00000C,1790173547.5407906,12277.4243819,2.5033242000008613,candidate-warmup,002AD1,valid,10961,0,True,
12,1,00000C,1790173547.732362,12277.6159512,2.6948935000000347,candidate-warmup,002AD1,valid,10961,0,True,
12,1,00000C,1790173547.9243557,12277.8079463,2.8868886000000202,candidate-warmup,002AD1,valid,10961,0,True,
12,1,00000C,1790173548.116352,12277.9999398,3.0788821000005555,candidate-warmup,002AD1,valid,10961,0,True,
12,1,00000C,1790173548.307758,12278.1913491,3.270291400000133,candidate-warmup,002AD1,valid,10961,0,True,
12,1,00000C,1790173548.515752,12278.3993437,3.4782860000013898,candidate-warmup,002AD1,valid,10961,0,True,
12,1,00000C,1790173548.707328,12278.5909182,3.6698605000001407,candidate-warmup,002AD1,valid,10961,0,True,
12,1,00000C,1790173548.8993196,12278.7829101,3.8618524000012258,candidate-warmup,002AD1,valid,10961,0,True,
12,1,00000C,1790173549.0913122,12278.9749016,4.053843900001084,candidate-warmup,002AD1,valid,10961,0,True,
12,1,00000C,1790173549.298728,12279.1823186,4.261260900000707,candidate-warmup,002AD1,valid,10961,0,True,
12,1,00000C,1790173549.4907207,12279.3743123,4.453254600000946,candidate-warmup,002AD1,valid,10961,0,True,
12,1,00000C,1790173549.682303,12279.5658938,4.644836100000248,candidate-warmup,002AD1,valid,10961,0,True,
12,1,00000C,1790173549.8902824,12279.7738716,4.8528139000009105,candidate-warmup,002AD1,valid,10961,0,True,
12,1,00000C,1790173550.0822802,12279.9658708,5.044813100001193,candidate-warmup,002AD1,valid,10961,0,True,
12,1,00000C,1790173550.2736955,12280.1572866,5.2362289000011515,candidate-warmup,002AD1,valid,10961,0,True,
12,1,00000C,1790173550.4812684,12280.3648597,5.443801999999778,candidate-warmup,002AD1,valid,10961,0,True,
12,1,00000C,1790173550.6732697,12280.5568599,5.635802200000398,candidate-warmup,002AD1,valid,10961,0,True,
12,1,00000C,1790173550.8652613,12280.7488503,5.827792600000976,candidate-warmup,002AD1,valid,10961,0,True,
12,1,00000C,1790173551.0572562,12280.9408447,6.019787000001088,candidate-warmup,002AD1,valid,10961,0,True,
12,1,00000C,1790173551.2646666,12281.1482559,6.227198200000203,candidate-warmup,002AD1,valid,10961,0,True,
12,1,00000C,1790173551.4566612,12281.3402504,6.4191927000010764,candidate-warmup,002AD1,valid,10961,0,True,
12,1,00000C,1790173551.648661,12281.5322501,6.611192399999709,candidate-warmup,002AD1,valid,10961,0,True,
12,1,00000C,1790173551.8562253,12281.7398133,6.818755600001168,candidate-warmup,002AD1,valid,10961,0,True,
12,1,00000C,1790173552.0482213,12281.9318114,7.01075370000035,candidate-measurement,002AD1,valid,10961,0,True,
12,1,00000C,1790173552.2396276,12282.1232178,7.2021600999996735,candidate-measurement,002AD1,valid,10961,0,True,
12,1,00000C,1790173552.4476292,12282.3312188,7.4101611000005505,candidate-measurement,002AD1,valid,10961,0,True,
12,1,00000C,1790173552.639619,12282.5232101,7.602152400000705,candidate-measurement,002AD1,valid,10961,0,True,
12,1,00000C,1790173552.8311949,12282.7147843,7.793726600000809,candidate-measurement,002AD1,valid,10961,0,True,
12,1,00000C,1790173553.0231838,12282.9067749,7.9857172000010905,candidate-measurement,002AD1,valid,10961,0,True,
12,1,00000C,1790173553.2306035,12283.1141929,8.193135200001052,candidate-measurement,002AD1,valid,10961,0,True,
12,1,00000C,1790173553.4221716,12283.3057617,8.384704000000056,candidate-measurement,002AD1,valid,10961,0,True,
12,1,00000C,1790173553.61417,12283.4977612,8.576703500000804,candidate-measurement,002AD1,valid,10961,0,True,
12,1,00000C,1790173553.821584,12283.7051717,8.784114000000045,candidate-measurement,002AD1,valid,10961,0,True,
12,1,00000C,1790173554.0135763,12283.8971652,8.97610750000058,candidate-measurement,002AD1,valid,10961,0,True,
12,1,00000C,1790173554.205572,12284.0891618,9.168104100001074,candidate-measurement,002AD1,valid,10961,0,True,
12,1,00000C,1790173554.413147,12284.2967382,9.375680500001181,candidate-measurement,002AD1,valid,10961,0,True,
12,1,00000C,1790173554.605137,12284.4887284,9.567670700000235,candidate-measurement,002AD1,valid,10961,0,True,
12,1,00000C,1790173554.7971263,12284.6807165,9.75965879999967,candidate-measurement,002AD1,valid,10961,0,True,
12,1,00000C,1790173554.9885488,12284.8721387,9.951081000001068,candidate-measurement,002AD1,valid,10961,0,True,
12,1,00000C,1790173555.196538,12285.0801286,10.159070900001097,candidate-measurement,002AD1,valid,10961,0,True,
12,1,00000C,1790173555.3881118,12285.2717033,10.350645600001371,candidate-measurement,002AD1,valid,10961,0,True,
12,1,00000C,1790173555.580099,12285.4636902,10.542632500000764,candidate-measurement,002AD1,valid,10961,0,True,
12,1,00000C,1790173555.7881029,12285.6716919,10.750634199999695,candidate-measurement,002AD1,valid,10961,0,True,
12,1,00000C,1790173555.9800906,12285.8636814,10.942623700000695,candidate-measurement,002AD1,valid,10961,0,True,
12,1,00000C,1790173556.1715064,12286.0550977,11.134040000000823,candidate-measurement,002AD1,valid,10961,0,True,
12,1,00000C,1790173556.379489,12286.2630803,11.342022599999837,candidate-measurement,002AD1,valid,10961,0,True,
12,1,00000C,1790173556.5710807,12286.4546695,11.533611800001381,candidate-measurement,002AD1,valid,10961,0,True,
12,1,00000C,1790173556.7630649,12286.6466545,11.725596800000858,candidate-measurement,002AD1,valid,10961,0,True,
12,1,00000C,1790173556.9550602,12286.838651,11.91759330000059,candidate-measurement,002AD1,valid,10961,0,True,
12,1,00000C,1790173557.162474,12287.0460646,12.12500689999979,candidate-measurement,002AD1,valid,10961,0,True,
12,1,00000C,1790173557.354474,12287.2380616,12.31700389999969,candidate-measurement,002AD1,valid,10961,0,True,
12,1,00000C,1790173557.5464594,12287.430048,12.508990300000733,candidate-measurement,002AD1,valid,10961,0,True,
12,1,00000C,1790173557.7540526,12287.63764,12.716582300001392,candidate-measurement,002AD1,valid,10961,0,True,
12,1,00000C,1790173557.946026,12287.8296152,12.908557500000825,candidate-measurement,002AD1,valid,10961,0,True,
12,1,00000C,1790173558.1380138,12288.0216041,13.100546400000894,candidate-measurement,002AD1,valid,10961,0,True,
12,1,00000C,1790173558.34543,12288.2290185,13.307960800000728,candidate-measurement,002AD1,valid,10961,0,True,
12,1,00000C,1790173558.5374303,12288.4210209,13.499963199999911,candidate-measurement,002AD1,valid,10961,0,True,
12,1,00000C,1790173558.729008,12288.6125972,13.691539500001454,candidate-measurement,002AD1,valid,10961,0,True,
12,1,00000C,1790173558.920995,12288.8045856,13.883527900001354,candidate-measurement,002AD1,valid,10961,0,True,
12,1,00000C,1790173559.1289911,12289.0125813,14.091523600000073,candidate-measurement,002AD1,valid,10961,0,True,
12,1,00000C,1790173559.3204088,12289.2039982,14.282940500001132,candidate-measurement,002AD1,valid,10961,0,True,
12,1,00000C,1790173559.51241,12289.3959983,14.474940600000991,candidate-measurement,002AD1,valid,10961,0,True,
12,1,00000C,1790173559.719984,12289.6035725,14.682514800000718,candidate-measurement,002AD1,valid,10961,0,True,
12,1,00000C,1790173559.9119651,12289.7955532,14.874495500000194,candidate-measurement,002AD1,valid,10961,0,True,
13,1,00000D,1790173562.8688908,12292.7524789,0.20256379999955243,candidate-warmup,002B53,valid,11091,130,True,
13,1,00000D,1790173563.060867,12292.9444573,0.3945421999997052,candidate-warmup,002B53,valid,11091,0,True,
13,1,00000D,1790173563.2528653,12293.136454,0.586538899999141,candidate-warmup,002B53,valid,11091,0,True,
13,1,00000D,1790173563.4442744,12293.3278628,0.7779477000003681,candidate-warmup,002B53,valid,11091,0,True,
13,1,00000D,1790173563.6362655,12293.5198563,0.9699411999990843,candidate-warmup,002B53,valid,11091,0,True,
13,1,00000D,1790173563.8282652,12293.7118543,1.161939199999324,candidate-warmup,002B53,valid,11091,0,True,
13,1,00000D,1790173564.0198514,12293.9034417,1.3535265999998956,candidate-warmup,002B53,valid,11091,0,True,
13,1,00000D,1790173564.2118313,12294.0954209,1.545505799998864,candidate-warmup,002B53,valid,11091,0,True,
13,1,00000D,1790173564.4038193,12294.2874099,1.7374947999996948,candidate-warmup,002B53,valid,11091,0,True,
13,1,00000D,1790173564.5952344,12294.4788255,1.9289103999999497,candidate-warmup,002B53,valid,11091,0,True,
13,1,00000D,1790173564.7872343,12294.6708244,2.1209092999997665,candidate-warmup,002B53,valid,11091,0,True,
13,1,00000D,1790173564.9948025,12294.8783916,2.328476499998942,candidate-warmup,002B53,valid,11091,0,True,
13,1,00000D,1790173565.1867886,12295.07038,2.520464899998842,candidate-warmup,002B53,valid,11091,0,True,
13,1,00000D,1790173565.378786,12295.2623771,2.7124619999995048,candidate-warmup,002B53,valid,11091,0,True,
13,1,00000D,1790173565.5867798,12295.4703712,2.9204560999987734,candidate-warmup,002B53,valid,11091,0,True,
13,1,00000D,1790173565.7782068,12295.6617945,3.1118793999994523,candidate-warmup,002B53,valid,11091,0,True,
13,1,00000D,1790173565.9702024,12295.8537937,3.3038785999997344,candidate-warmup,002B53,valid,11091,0,True,
13,1,00000D,1790173566.162186,12296.0457773,3.495862199999465,candidate-warmup,002B53,valid,11091,0,True,
13,1,00000D,1790173566.3697634,12296.2533526,3.703437500000291,candidate-warmup,002B53,valid,11091,0,True,
13,1,00000D,1790173566.5617487,12296.4453399,3.895424799999091,candidate-warmup,002B53,valid,11091,0,True,
13,1,00000D,1790173566.7532036,12296.6367896,4.086874499998885,candidate-warmup,002B53,valid,11091,0,True,
13,1,00000D,1790173566.9611585,12296.8447495,4.294834399999672,candidate-warmup,002B53,valid,11091,0,True,
13,1,00000D,1790173567.153148,12297.0367392,4.486824100000376,candidate-warmup,002B53,valid,11091,0,True,
13,1,00000D,1790173567.3447251,12297.2283159,4.678400799999508,candidate-warmup,002B53,valid,11091,0,True,
13,1,00000D,1790173567.5527205,12297.4363087,4.886393599999792,candidate-warmup,002B53,valid,11091,0,True,
13,1,00000D,1790173567.7447157,12297.6283053,5.078390200000285,candidate-warmup,002B53,valid,11091,0,True,
13,1,00000D,1790173567.9367,12297.8202915,5.270376399999805,candidate-warmup,002B53,valid,11091,0,True,
13,1,00000D,1790173568.1281216,12298.0117128,5.461797699999806,candidate-warmup,002B53,valid,11091,0,True,
13,1,00000D,1790173568.3361144,12298.2197038,5.669788699999117,candidate-warmup,002B53,valid,11091,0,True,
13,1,00000D,1790173568.5281084,12298.4116999,5.861784799999441,candidate-warmup,002B53,valid,11091,0,True,
13,1,00000D,1790173568.7196934,12298.6032812,6.053366099999039,candidate-warmup,002B53,valid,11091,0,True,
13,1,00000D,1790173568.927676,12298.8112651,6.261349999998856,candidate-warmup,002B53,valid,11091,0,True,
13,1,00000D,1790173569.119685,12299.003276,6.4533608999990975,candidate-warmup,002B53,valid,11091,0,True,
13,1,00000D,1790173569.31109,12299.1946788,6.644763700000112,candidate-warmup,002B53,valid,11091,0,True,
13,1,00000D,1790173569.5190723,12299.4026632,6.852748100000099,candidate-warmup,002B53,valid,11091,0,True,
13,1,00000D,1790173569.7106562,12299.594246,7.044330900000205,candidate-measurement,002B53,valid,11091,0,True,
13,1,00000D,1790173569.9026408,12299.7862321,7.236316999998962,candidate-measurement,002B53,valid,11091,0,True,
13,1,00000D,1790173570.0946362,12299.9782268,7.42831169999954,candidate-measurement,002B53,valid,11091,0,True,
13,1,00000D,1790173570.3020546,12300.1856433,7.635728199998994,candidate-measurement,002B53,valid,11091,0,True,
13,1,00000D,1790173570.4940407,12300.3776315,7.82771639999919,candidate-measurement,002B53,valid,11091,0,True,
13,1,00000D,1790173570.6856446,12300.5692349,8.019319799999721,candidate-measurement,002B53,valid,11091,0,True,
13,1,00000D,1790173570.8936148,12300.7772034,8.22728830000051,candidate-measurement,002B53,valid,11091,0,True,
13,1,00000D,1790173571.0856044,12300.9691956,8.41928050000024,candidate-measurement,002B53,valid,11091,0,True,
13,1,00000D,1790173571.277018,12301.1606087,8.61069359999965,candidate-measurement,002B53,valid,11091,0,True,
13,1,00000D,1790173571.485014,12301.3686032,8.818688100000145,candidate-measurement,002B53,valid,11091,0,True,
13,1,00000D,1790173571.6770134,12301.5606021,9.010686999999962,candidate-measurement,002B53,valid,11091,0,True,
13,1,00000D,1790173571.8690033,12301.7525919,9.202676799999608,candidate-measurement,002B53,valid,11091,0,True,
13,1,00000D,1790173572.060608,12301.9441991,9.39428399999997,candidate-measurement,002B53,valid,11091,0,True,
13,1,00000D,1790173572.2685618,12302.1521528,9.602237699999023,candidate-measurement,002B53,valid,11091,0,True,
13,1,00000D,1790173572.4599812,12302.3435719,9.793656800000463,candidate-measurement,002B53,valid,11091,0,True,
13,1,00000D,1790173572.6519673,12302.5355574,9.985642300000109,candidate-measurement,002B53,valid,11091,0,True,
13,1,00000D,1790173572.8596282,12302.7432167,10.193301600000268,candidate-measurement,002B53,valid,11091,0,True,
13,1,00000D,1790173573.051548,12302.935136,10.385220899999695,candidate-measurement,002B53,valid,11091,0,True,
13,1,00000D,1790173573.2435398,12303.1271281,10.577213000000484,candidate-measurement,002B53,valid,11091,0,True,
13,1,00000D,1790173573.4515345,12303.3351229,10.785207799999625,candidate-measurement,002B53,valid,11091,0,True,
13,1,00000D,1790173573.6435266,12303.5271147,10.977199599999949,candidate-measurement,002B53,valid,11091,0,True,
13,1,00000D,1790173573.8349404,12303.7185295,11.16861439999957,candidate-measurement,002B53,valid,11091,0,True,
13,1,00000D,1790173574.0269475,12303.9105388,11.36062370000036,candidate-measurement,002B53,valid,11091,0,True,
13,1,00000D,1790173574.2349257,12304.1185153,11.568600200000219,candidate-measurement,002B53,valid,11091,0,True,
13,1,00000D,1790173574.4265118,12304.3101009,11.760185799999817,candidate-measurement,002B53,valid,11091,0,True,
13,1,00000D,1790173574.618493,12304.5020841,11.95216900000014,candidate-measurement,002B53,valid,11091,0,True,
13,1,00000D,1790173574.826485,12304.7100745,12.160159400000339,candidate-measurement,002B53,valid,11091,0,True,
13,1,00000D,1790173575.017898,12304.9014893,12.351574199999959,candidate-measurement,002B53,valid,11091,0,True,
13,1,00000D,1790173575.2098927,12305.0934833,12.543568199998845,candidate-measurement,002B53,valid,11091,0,True,
13,1,00000D,1790173575.401889,12305.2854782,12.735563099999126,candidate-measurement,002B53,valid,11091,0,True,
13,1,00000D,1790173575.609459,12305.4930503,12.943135199999233,candidate-measurement,002B53,valid,11091,0,True,
13,1,00000D,1790173575.801458,12305.6850461,13.135130999999092,candidate-measurement,002B53,valid,11091,0,True,
13,1,00000D,1790173575.9934478,12305.8770377,13.327122599999711,candidate-measurement,002B53,valid,11091,0,True,
13,1,00000D,1790173576.200861,12306.0844523,13.53453719999925,candidate-measurement,002B53,valid,11091,0,True,
13,1,00000D,1790173576.3928597,12306.2764501,13.726534999999785,candidate-measurement,002B53,valid,11091,0,True,
13,1,00000D,1790173576.584426,12306.4680172,13.918102100000397,candidate-measurement,002B53,valid,11091,0,True,
13,1,00000D,1790173576.7924254,12306.6760135,14.126098400000046,candidate-measurement,002B53,valid,11091,0,True,
13,1,00000D,1790173576.9844165,12306.8680069,14.31809179999982,candidate-measurement,002B53,valid,11091,0,True,
13,1,00000D,1790173577.17588,12307.0594694,14.509554299998854,candidate-measurement,002B53,valid,11091,0,True,
13,1,00000D,1790173577.3838203,12307.267409,14.717493899999681,candidate-measurement,002B53,valid,11091,0,True,
13,1,00000D,1790173577.5754063,12307.4589948,14.909079699998983,candidate-measurement,002B53,valid,11091,0,True,
14,1,00000E,1790173580.4847293,12310.3683177,0.20297609999943234,candidate-warmup,002BB3,valid,11187,96,True,
14,1,00000E,1790173580.6762938,12310.5598851,0.3945434999986901,candidate-warmup,002BB3,valid,11187,0,True,
14,1,00000E,1790173580.868293,12310.7518813,0.5865396999997756,candidate-warmup,002BB3,valid,11187,0,True,
14,1,00000E,1790173581.0602858,12310.9438742,0.7785325999993802,candidate-warmup,002BB3,valid,11187,0,True,
14,1,00000E,1790173581.251698,12311.1352887,0.9699470999985351,candidate-warmup,002BB3,valid,11187,0,True,
14,1,00000E,1790173581.4596963,12311.3432858,1.1779441999988194,candidate-warmup,002BB3,valid,11187,0,True,
14,1,00000E,1790173581.6512675,12311.534857,1.3695153999997274,candidate-warmup,002BB3,valid,11187,0,True,
14,1,00000E,1790173581.8432643,12311.7268524,1.5615107999983593,candidate-warmup,002BB3,valid,11187,0,True,
14,1,00000E,1790173582.0512707,12311.9348612,1.7695195999986026,candidate-warmup,002BB3,valid,11187,0,True,
14,1,00000E,1790173582.2426708,12312.1262591,1.9609174999986863,candidate-warmup,002BB3,valid,11187,0,True,
14,1,00000E,1790173582.4346628,12312.318253,2.1529113999986293,candidate-warmup,002BB3,valid,11187,0,True,
14,1,00000E,1790173582.6422405,12312.5258289,2.3604872999985673,candidate-warmup,002BB3,valid,11187,0,True,
14,1,00000E,1790173582.8502433,12312.7338316,2.568489999999656,candidate-warmup,002BB3,valid,11187,0,True,
14,1,00000E,1790173583.0422199,12312.9258078,2.7604661999994278,candidate-warmup,002BB3,valid,11187,0,True,
14,1,00000E,1790173583.2342098,12313.1178012,2.9524595999992016,candidate-warmup,002BB3,valid,11187,0,True,
14,1,00000E,1790173583.4256308,12313.3092214,3.1438797999999224,candidate-warmup,002BB3,valid,11187,0,True,
14,1,00000E,1790173583.6176188,12313.5012082,3.3358665999985533,candidate-warmup,002BB3,valid,11187,0,True,
14,1,00000E,1790173583.8096185,12313.6932074,3.5278657999988354,candidate-warmup,002BB3,valid,11187,0,True,
14,1,00000E,1790173584.017191,12313.9007807,3.7354390999989846,candidate-warmup,002BB3,valid,11187,0,True,
14,1,00000E,1790173584.209184,12314.092774,3.927432399999816,candidate-warmup,002BB3,valid,11187,0,True,
14,1,00000E,1790173584.4011714,12314.2847603,4.119418699998278,candidate-warmup,002BB3,valid,11187,0,True,
14,1,00000E,1790173584.6085916,12314.4921805,4.32683889999862,candidate-warmup,002BB3,valid,11187,0,True,
14,1,00000E,1790173584.8005872,12314.6841756,4.518833999998606,candidate-warmup,002BB3,valid,11187,0,True,
14,1,00000E,1790173584.9921556,12314.8757467,4.710405099998752,candidate-warmup,002BB3,valid,11187,0,True,
14,1,00000E,1790173585.1841526,12315.0677412,4.902399599999626,candidate-warmup,002BB3,valid,11187,0,True,
14,1,00000E,1790173585.392145,12315.2757356,5.11039399999936,candidate-warmup,002BB3,valid,11187,0,True,
14,1,00000E,1790173585.5835578,12315.4671483,5.301806699999361,candidate-warmup,002BB3,valid,11187,0,True,
14,1,00000E,1790173585.775557,12315.6591453,5.493803699999262,candidate-warmup,002BB3,valid,11187,0,True,
14,1,00000E,1790173585.9831595,12315.866751,5.701409399998738,candidate-warmup,002BB3,valid,11187,0,True,
14,1,00000E,1790173586.1751237,12316.0587126,5.893370999998297,candidate-warmup,002BB3,valid,11187,0,True,
14,1,00000E,1790173586.3671174,12316.2507072,6.085365599999932,candidate-warmup,002BB3,valid,11187,0,True,
14,1,00000E,1790173586.5745285,12316.4581188,6.292777199998454,candidate-warmup,002BB3,valid,11187,0,True,
14,1,00000E,1790173586.782101,12316.665689,6.500347399998645,candidate-warmup,002BB3,valid,11187,0,True,
14,1,00000E,1790173586.974092,12316.8576817,6.692340099998546,candidate-warmup,002BB3,valid,11187,0,True,
14,1,00000E,1790173587.1660874,12317.0496776,6.884335999999166,candidate-warmup,002BB3,valid,11187,0,True,
14,1,00000E,1790173587.3574953,12317.2410862,7.07574459999887,candidate-measurement,002BB3,valid,11187,0,True,
14,1,00000E,1790173587.549503,12317.4330907,7.267749099999492,candidate-measurement,002BB3,valid,11187,0,True,
14,1,00000E,1790173587.7410736,12317.6246617,7.459320099998877,candidate-measurement,002BB3,valid,11187,0,True,
14,1,00000E,1790173587.9490616,12317.8326523,7.6673106999987795,candidate-measurement,002BB3,valid,11187,0,True,
14,1,00000E,1790173588.1404724,12318.0240628,7.858721199998399,candidate-measurement,002BB3,valid,11187,0,True,
14,1,00000E,1790173588.332466,12318.2160565,8.050714899998638,candidate-measurement,002BB3,valid,11187,0,True,
14,1,00000E,1790173588.540043,12318.4236328,8.258291199999803,candidate-measurement,002BB3,valid,11187,0,True,
14,1,00000E,1790173588.7480383,12318.6316266,8.466284999998607,candidate-measurement,002BB3,valid,11187,0,True,
14,1,00000E,1790173588.940031,12318.8236213,8.658279699999184,candidate-measurement,002BB3,valid,11187,0,True,
14,1,00000E,1790173589.1314435,12319.0150349,8.849693299998762,candidate-measurement,002BB3,valid,11187,0,True,
14,1,00000E,1790173589.3234293,12319.2070213,9.041679699999804,candidate-measurement,002BB3,valid,11187,0,True,
14,1,00000E,1790173589.515435,12319.399025,9.23368339999979,candidate-measurement,002BB3,valid,11187,0,True,
14,1,00000E,1790173589.7070177,12319.5906056,9.425263999999515,candidate-measurement,002BB3,valid,11187,0,True,
14,1,00000E,1790173589.9150147,12319.7986025,9.633260899998277,candidate-measurement,002BB3,valid,11187,0,True,
14,1,00000E,1790173590.1064231,12319.9900115,9.824669899999208,candidate-measurement,002BB3,valid,11187,0,True,
14,1,00000E,1790173590.2984133,12320.1820017,10.016660099998262,candidate-measurement,002BB3,valid,11187,0,True,
14,1,00000E,1790173590.5060337,12320.3896238,10.224282199998925,candidate-measurement,002BB3,valid,11187,0,True,
14,1,00000E,1790173590.6979825,12320.5815721,10.416230499999074,candidate-measurement,002BB3,valid,11187,0,True,
14,1,00000E,1790173590.8899698,12320.7735581,10.608216499998889,candidate-measurement,002BB3,valid,11187,0,True,
14,1,00000E,1790173591.0813878,12320.9649756,10.79963399999906,candidate-measurement,002BB3,valid,11187,0,True,
14,1,00000E,1790173591.28937,12321.1729609,11.007619299998623,candidate-measurement,002BB3,valid,11187,0,True,
14,1,00000E,1790173591.4809482,12321.3645386,11.199196999999913,candidate-measurement,002BB3,valid,11187,0,True,
14,1,00000E,1790173591.673006,12321.5565909,11.39124929999889,candidate-measurement,002BB3,valid,11187,0,True,
14,1,00000E,1790173591.8809354,12321.7645237,11.59918209999887,candidate-measurement,002BB3,valid,11187,0,True,
14,1,00000E,1790173592.0729368,12321.9565252,11.791183599998476,candidate-measurement,002BB3,valid,11187,0,True,
14,1,00000E,1790173592.2649233,12322.1485127,11.983171099998799,candidate-measurement,002BB3,valid,11187,0,True,
14,1,00000E,1790173592.4723291,12322.3559201,12.190578499999901,candidate-measurement,002BB3,valid,11187,0,True,
14,1,00000E,1790173592.6643338,12322.5479238,12.382582199999888,candidate-measurement,002BB3,valid,11187,0,True,
14,1,00000E,1790173592.8559024,12322.7394905,12.574148899999273,candidate-measurement,002BB3,valid,11187,0,True,
14,1,00000E,1790173593.0478902,12322.9314809,12.76613929999985,candidate-measurement,002BB3,valid,11187,0,True,
14,1,00000E,1790173593.2558918,12323.1394801,12.974138499999754,candidate-measurement,002BB3,valid,11187,0,True,
14,1,00000E,1790173593.4473119,12323.3309005,13.16555889999836,candidate-measurement,002BB3,valid,11187,0,True,
14,1,00000E,1790173593.6393049,12323.522893,13.357551399998556,candidate-measurement,002BB3,valid,11187,0,True,
14,1,00000E,1790173593.8468747,12323.7304632,13.565121599998747,candidate-measurement,002BB3,valid,11187,0,True,
14,1,00000E,1790173594.0388658,12323.9224542,13.757112599998436,candidate-measurement,002BB3,valid,11187,0,True,
14,1,00000E,1790173594.2302806,12324.1138721,13.948530499999833,candidate-measurement,002BB3,valid,11187,0,True,
14,1,00000E,1790173594.4382725,12324.3218638,14.156522199999017,candidate-measurement,002BB3,valid,11187,0,True,
14,1,00000E,1790173594.6303074,12324.5138943,14.348552699999345,candidate-measurement,002BB3,valid,11187,0,True,
14,1,00000E,1790173594.8218489,12324.705437,14.5400953999997,candidate-measurement,002BB3,valid,11187,0,True,
14,1,00000E,1790173595.0138333,12324.8974246,14.732082999998966,candidate-measurement,002BB3,valid,11187,0,True,
14,1,00000E,1790173595.2212508,12325.104839,14.9394973999988,candidate-measurement,002BB3,valid,11187,0,True,
15,1,00000F,1790173598.0987387,12327.9823274,0.20296909999888157,candidate-warmup,002C32,valid,11314,127,True,
15,1,00000F,1790173598.290728,12328.1743197,0.3949613999993744,candidate-warmup,002C32,valid,11314,0,True,
15,1,00000F,1790173598.4821403,12328.3657318,0.5863735000002634,candidate-warmup,002C32,valid,11314,0,True,
15,1,00000F,1790173598.6741438,12328.5577342,0.7783758999994461,candidate-warmup,002C32,valid,11314,0,True,
15,1,00000F,1790173598.8661346,12328.7497234,0.9703650999999809,candidate-warmup,002C32,valid,11314,0,True,
15,1,00000F,1790173599.058128,12328.941719,1.1623607000001357,candidate-warmup,002C32,valid,11314,0,True,
15,1,00000F,1790173599.2496939,12329.1332854,1.353927099999055,candidate-warmup,002C32,valid,11314,0,True,
15,1,00000F,1790173599.4416862,12329.3252775,1.5459191999998438,candidate-warmup,002C32,valid,11314,0,True,
15,1,00000F,1790173599.6336894,12329.5172795,1.7379211999996187,candidate-warmup,002C32,valid,11314,0,True,
15,1,00000F,1790173599.8251069,12329.7086948,1.9293364999994083,candidate-warmup,002C32,valid,11314,0,True,
15,1,00000F,1790173600.0170887,12329.9006804,2.1213220999998157,candidate-warmup,002C32,valid,11314,0,True,
15,1,00000F,1790173600.209083,12330.0926745,2.3133161999994627,candidate-warmup,002C32,valid,11314,0,True,
15,1,00000F,1790173600.4006665,12330.2842548,2.504896500000541,candidate-warmup,002C32,valid,11314,0,True,
15,1,00000F,1790173600.5926557,12330.4762465,2.696888200000103,candidate-warmup,002C32,valid,11314,0,True,
15,1,00000F,1790173600.7846544,12330.6682429,2.8888845999990735,candidate-warmup,002C32,valid,11314,0,True,
15,1,00000F,1790173600.9760606,12330.8596516,3.080293299999539,candidate-warmup,002C32,valid,11314,0,True,
15,1,00000F,1790173601.168051,12331.0516427,3.2722843999999895,candidate-warmup,002C32,valid,11314,0,True,
15,1,00000F,1790173601.3596299,12331.2432204,3.46386209999946,candidate-warmup,002C32,valid,11314,0,True,
15,1,00000F,1790173601.5516293,12331.4352171,3.655858799998896,candidate-warmup,002C32,valid,11314,0,True,
15,1,00000F,1790173601.7436237,12331.6272123,3.847853999999643,candidate-warmup,002C32,valid,11314,0,True,
15,1,00000F,1790173601.9350479,12331.8186341,4.039275799999814,candidate-warmup,002C32,valid,11314,0,True,
15,1,00000F,1790173602.1270342,12332.0106219,4.231263600000602,candidate-warmup,002C32,valid,11314,0,True,
15,1,00000F,1790173602.3186042,12332.202195,4.422836699999607,candidate-warmup,002C32,valid,11314,0,True,
15,1,00000F,1790173602.5105925,12332.3941838,4.614825499998915,candidate-warmup,002C32,valid,11314,0,True,
15,1,00000F,1790173602.7025945,12332.5861836,4.806825300000128,candidate-warmup,002C32,valid,11314,0,True,
15,1,00000F,1790173602.8945954,12332.7781838,4.9988254999989294,candidate-warmup,002C32,valid,11314,0,True,
15,1,00000F,1790173603.0860002,12332.9695881,5.190229800000452,candidate-warmup,002C32,valid,11314,0,True,
15,1,00000F,1790173603.2779977,12333.1615852,5.382226899999296,candidate-warmup,002C32,valid,11314,0,True,
15,1,00000F,1790173603.4696035,12333.3531902,5.573831899999277,candidate-warmup,002C32,valid,11314,0,True,
15,1,00000F,1790173603.661556,12333.5451473,5.765788999999131,candidate-warmup,002C32,valid,11314,0,True,
15,1,00000F,1790173603.8535545,12333.7371425,5.957784199999878,candidate-warmup,002C32,valid,11314,0,True,
15,1,00000F,1790173604.0449612,12333.9285526,6.14919430000009,candidate-warmup,002C32,valid,11314,0,True,
15,1,00000F,1790173604.2369556,12334.120547,6.3411887000002025,candidate-warmup,002C32,valid,11314,0,True,
15,1,00000F,1790173604.4285295,12334.3121203,6.532761999998911,candidate-warmup,002C32,valid,11314,0,True,
15,1,00000F,1790173604.620526,12334.5041162,6.724757899999531,candidate-warmup,002C32,valid,11314,0,True,
15,1,00000F,1790173604.8125238,12334.6961126,6.916754300000321,candidate-warmup,002C32,valid,11314,0,True,
15,1,00000F,1790173605.0045161,12334.8881023,7.108743999999206,candidate-measurement,002C32,valid,11314,0,True,
15,1,00000F,1790173605.1959245,12335.079516,7.300157699999545,candidate-measurement,002C32,valid,11314,0,True,
15,1,00000F,1790173605.3879187,12335.2715089,7.49215059999915,candidate-measurement,002C32,valid,11314,0,True,
15,1,00000F,1790173605.5794964,12335.4630857,7.683727399999043,candidate-measurement,002C32,valid,11314,0,True,
15,1,00000F,1790173605.7714927,12335.6550817,7.875723400000425,candidate-measurement,002C32,valid,11314,0,True,
15,1,00000F,1790173605.9634829,12335.847073,8.067714700000579,candidate-measurement,002C32,valid,11314,0,True,
15,1,00000F,1790173606.1549084,12336.0384984,8.259140099999058,candidate-measurement,002C32,valid,11314,0,True,
15,1,00000F,1790173606.3468912,12336.230481,8.451122700000269,candidate-measurement,002C32,valid,11314,0,True,
15,1,00000F,1790173606.5388927,12336.4224837,8.643125399999917,candidate-measurement,002C32,valid,11314,0,True,
15,1,00000F,1790173606.7304578,12336.6140469,8.834688599999936,candidate-measurement,002C32,valid,11314,0,True,
15,1,00000F,1790173606.9224498,12336.8060405,9.026682199999414,candidate-measurement,002C32,valid,11314,0,True,
15,1,00000F,1790173607.1144516,12336.9980397,9.218681399999696,candidate-measurement,002C32,valid,11314,0,True,
15,1,00000F,1790173607.305867,12337.1894574,9.41009909999957,candidate-measurement,002C32,valid,11314,0,True,
15,1,00000F,1790173607.4978604,12337.3814501,9.60209179999947,candidate-measurement,002C32,valid,11314,0,True,
15,1,00000F,1790173607.6894429,12337.5730329,9.793674599999576,candidate-measurement,002C32,valid,11314,0,True,
15,1,00000F,1790173607.8814204,12337.7650086,9.985650299999179,candidate-measurement,002C32,valid,11314,0,True,
15,1,00000F,1790173608.073414,12337.9570038,10.177645499999926,candidate-measurement,002C32,valid,11314,0,True,
15,1,00000F,1790173608.2648213,12338.1484121,10.369053799999165,candidate-measurement,002C32,valid,11314,0,True,
15,1,00000F,1790173608.4563982,12338.3399884,10.560630099998889,candidate-measurement,002C32,valid,11314,0,True,
15,1,00000F,1790173608.6483939,12338.5319855,10.752627199999552,candidate-measurement,002C32,valid,11314,0,True,
15,1,00000F,1790173608.8404055,12338.7239924,10.944634100000258,candidate-measurement,002C32,valid,11314,0,True,
15,1,00000F,1790173609.03238,12338.9159712,11.136612899999818,candidate-measurement,002C32,valid,11314,0,True,
15,1,00000F,1790173609.2237957,12339.1073872,11.328028899999481,candidate-measurement,002C32,valid,11314,0,True,
15,1,00000F,1790173609.415804,12339.2993931,11.520034799999848,candidate-measurement,002C32,valid,11314,0,True,
15,1,00000F,1790173609.607361,12339.4909509,11.711592600000586,candidate-measurement,002C32,valid,11314,0,True,
15,1,00000F,1790173609.7993538,12339.6829426,11.903584300000148,candidate-measurement,002C32,valid,11314,0,True,
15,1,00000F,1790173609.9907713,12339.8743606,12.095002300000488,candidate-measurement,002C32,valid,11314,0,True,
15,1,00000F,1790173610.1827643,12340.0663555,12.28699719999895,candidate-measurement,002C32,valid,11314,0,True,
15,1,00000F,1790173610.3743384,12340.2579279,12.4785695999999,candidate-measurement,002C32,valid,11314,0,True,
15,1,00000F,1790173610.5663307,12340.4499197,12.670561400000224,candidate-measurement,002C32,valid,11314,0,True,
15,1,00000F,1790173610.758321,12340.6419107,12.862552399999913,candidate-measurement,002C32,valid,11314,0,True,
15,1,00000F,1790173610.9503255,12340.8339136,13.054555299999265,candidate-measurement,002C32,valid,11314,0,True,
15,1,00000F,1790173611.1417396,12341.0253277,13.245969399999012,candidate-measurement,002C32,valid,11314,0,True,
15,1,00000F,1790173611.3337345,12341.2173234,13.437965099999928,candidate-measurement,002C32,valid,11314,0,True,
15,1,00000F,1790173611.5257614,12341.4093123,13.629953999999998,candidate-measurement,002C32,valid,11314,0,True,
15,1,00000F,1790173611.717299,12341.6008881,13.821529799999553,candidate-measurement,002C32,valid,11314,0,True,
15,1,00000F,1790173611.9092872,12341.7928763,14.013517999999749,candidate-measurement,002C32,valid,11314,0,True,
15,1,00000F,1790173612.101279,12341.9848684,14.205510100000538,candidate-measurement,002C32,valid,11314,0,True,
15,1,00000F,1790173612.2927022,12342.1762915,14.396933199999694,candidate-measurement,002C32,valid,11314,0,True,
15,1,00000F,1790173612.4846992,12342.3682873,14.588928999999553,candidate-measurement,002C32,valid,11314,0,True,
15,1,00000F,1790173612.6762652,12342.5598566,14.780498300000545,candidate-measurement,002C32,valid,11314,0,True,
15,1,00000F,1790173612.8682618,12342.7518497,14.972491399999853,candidate-measurement,002C32,valid,11314,0,True,
16,1,000010,1790173615.7131813,12345.5967689,0.20256530000006023,candidate-warmup,002C9B,valid,11419,105,True,
16,1,000010,1790173615.904581,12345.7881722,0.39396859999942535,candidate-warmup,002C9B,valid,11419,0,True,
16,1,000010,1790173616.1125717,12345.9961624,0.6019587999999203,candidate-warmup,002C9B,valid,11419,0,True,
16,1,000010,1790173616.3045688,12346.1881601,0.7939564999996946,candidate-warmup,002C9B,valid,11419,0,True,
16,1,000010,1790173616.4961402,12346.3797295,0.9855258999996295,candidate-warmup,002C9B,valid,11419,0,True,
16,1,000010,1790173616.6881375,12346.5717285,1.1775248999983887,candidate-warmup,002C9B,valid,11419,0,True,
16,1,000010,1790173616.8955498,12346.7791388,1.3849351999997452,candidate-warmup,002C9B,valid,11419,0,True,
16,1,000010,1790173617.0875442,12346.9711343,1.5769306999991386,candidate-warmup,002C9B,valid,11419,0,True,
16,1,000010,1790173617.2791388,12347.1627275,1.7685238999983994,candidate-warmup,002C9B,valid,11419,0,True,
16,1,000010,1790173617.4871101,12347.370701,1.9764973999990616,candidate-warmup,002C9B,valid,11419,0,True,
16,1,000010,1790173617.6791039,12347.5626941,2.16849049999837,candidate-warmup,002C9B,valid,11419,0,True,
16,1,000010,1790173617.870521,12347.7541108,2.359907199999725,candidate-warmup,002C9B,valid,11419,0,True,
16,1,000010,1790173618.0781755,12347.9617645,2.56756089999908,candidate-warmup,002C9B,valid,11419,0,True,
16,1,000010,1790173618.2700853,12348.1536764,2.759472799998548,candidate-warmup,002C9B,valid,11419,0,True,
16,1,000010,1790173618.4620757,12348.3456668,2.951463199999125,candidate-warmup,002C9B,valid,11419,0,True,
16,1,000010,1790173618.6540718,12348.5376631,3.143459499999153,candidate-warmup,002C9B,valid,11419,0,True,
16,1,000010,1790173618.8614872,12348.7450761,3.350872499999241,candidate-warmup,002C9B,valid,11419,0,True,
16,1,000010,1790173619.053478,12348.9370672,3.5428635999996914,candidate-warmup,002C9B,valid,11419,0,True,
16,1,000010,1790173619.2454681,12349.1290593,3.7348556999986613,candidate-warmup,002C9B,valid,11419,0,True,
16,1,000010,1790173619.4530475,12349.3366387,3.942435099999784,candidate-warmup,002C9B,valid,11419,0,True,
16,1,000010,1790173619.645041,12349.5286318,4.134428199999093,candidate-warmup,002C9B,valid,11419,0,True,
16,1,000010,1790173619.8370402,12349.7206285,4.326424899998528,candidate-warmup,002C9B,valid,11419,0,True,
16,1,000010,1790173620.045022,12349.9286111,4.534407499999361,candidate-warmup,002C9B,valid,11419,0,True,
16,1,000010,1790173620.236442,12350.1200314,4.725827799999024,candidate-warmup,002C9B,valid,11419,0,True,
16,1,000010,1790173620.428434,12350.3120249,4.917821299999559,candidate-warmup,002C9B,valid,11419,0,True,
16,1,000010,1790173620.620009,12350.5035977,5.109394099999918,candidate-warmup,002C9B,valid,11419,0,True,
16,1,000010,1790173620.8279998,12350.7115889,5.317385299998932,candidate-warmup,002C9B,valid,11419,0,True,
16,1,000010,1790173621.0200021,12350.9035907,5.509387099999003,candidate-warmup,002C9B,valid,11419,0,True,
16,1,000010,1790173621.211409,12351.0949996,5.700795999999173,candidate-warmup,002C9B,valid,11419,0,True,
16,1,000010,1790173621.4194036,12351.3029942,5.908790599998611,candidate-warmup,002C9B,valid,11419,0,True,
16,1,000010,1790173621.6109772,12351.4945671,6.10036349999973,candidate-warmup,002C9B,valid,11419,0,True,
16,1,000010,1790173621.8029685,12351.6865571,6.292353499999081,candidate-warmup,002C9B,valid,11419,0,True,
16,1,000010,1790173622.0103815,12351.8939725,6.499768899999253,candidate-warmup,002C9B,valid,11419,0,True,
16,1,000010,1790173622.2023745,12352.0859654,6.691761799998858,candidate-warmup,002C9B,valid,11419,0,True,
16,1,000010,1790173622.3939524,12352.2775419,6.883338300000105,candidate-warmup,002C9B,valid,11419,0,True,
16,1,000010,1790173622.5859466,12352.469536,7.075332399999752,candidate-measurement,002C9B,valid,11419,0,True,
16,1,000010,1790173622.7939427,12352.6775319,7.283328299999994,candidate-measurement,002C9B,valid,11419,0,True,
16,1,000010,1790173622.9853532,12352.8689442,7.474740599998768,candidate-measurement,002C9B,valid,11419,0,True,
16,1,000010,1790173623.1773481,12353.0609376,7.6667339999985415,candidate-measurement,002C9B,valid,11419,0,True,
16,1,000010,1790173623.3849359,12353.2685269,7.87432329999865,candidate-measurement,002C9B,valid,11419,0,True,
16,1,000010,1790173623.5769103,12353.4605017,8.066298099998676,candidate-measurement,002C9B,valid,11419,0,True,
16,1,000010,1790173623.7689087,12353.6524991,8.258295499999804,candidate-measurement,002C9B,valid,11419,0,True,
16,1,000010,1790173623.9763181,12353.8599076,8.465703999998368,candidate-measurement,002C9B,valid,11419,0,True,
16,1,000010,1790173624.1683185,12354.051907,8.657703399998354,candidate-measurement,002C9B,valid,11419,0,True,
16,1,000010,1790173624.359886,12354.2434765,8.84927289999905,candidate-measurement,002C9B,valid,11419,0,True,
16,1,000010,1790173624.551876,12354.4354672,9.041263600000093,candidate-measurement,002C9B,valid,11419,0,True,
16,1,000010,1790173624.7593021,12354.6428906,9.248686999999336,candidate-measurement,002C9B,valid,11419,0,True,
16,1,000010,1790173624.9512908,12354.8348807,9.440677099999448,candidate-measurement,002C9B,valid,11419,0,True,
16,1,000010,1790173625.143285,12355.0268747,9.632671099998333,candidate-measurement,002C9B,valid,11419,0,True,
16,1,000010,1790173625.350886,12355.2344774,9.840273799998613,candidate-measurement,002C9B,valid,11419,0,True,
16,1,000010,1790173625.5428472,12355.4264381,10.032234499998594,candidate-measurement,002C9B,valid,11419,0,True,
16,1,000010,1790173625.7348526,12355.6184417,10.224238099999639,candidate-measurement,002C9B,valid,11419,0,True,
16,1,000010,1790173625.9428356,12355.8264268,10.432223199999498,candidate-measurement,002C9B,valid,11419,0,True,
16,1,000010,1790173626.134256,12356.0178469,10.623643299999458,candidate-measurement,002C9B,valid,11419,0,True,
16,1,000010,1790173626.3258274,12356.2094176,10.815213999998377,candidate-measurement,002C9B,valid,11419,0,True,
16,1,000010,1790173626.5178204,12356.4014102,11.007206599999336,candidate-measurement,002C9B,valid,11419,0,True,
16,1,000010,1790173626.7258298,12356.6094199,11.215216299999156,candidate-measurement,002C9B,valid,11419,0,True,
16,1,000010,1790173626.91723,12356.8008202,11.406616599999325,candidate-measurement,002C9B,valid,11419,0,True,
16,1,000010,1790173627.109221,12356.9928119,11.598608299998887,candidate-measurement,002C9B,valid,11419,0,True,
16,1,000010,1790173627.3167956,12357.2003866,11.806182999998782,candidate-measurement,002C9B,valid,11419,0,True,
16,1,000010,1790173627.5087895,12357.3923796,11.998175999999148,candidate-measurement,002C9B,valid,11419,0,True,
16,1,000010,1790173627.7007859,12357.5843765,12.190172900000107,candidate-measurement,002C9B,valid,11419,0,True,
16,1,000010,1790173627.9081948,12357.7917852,12.397581599998375,candidate-measurement,002C9B,valid,11419,0,True,
16,1,000010,1790173628.1001887,12357.9837801,12.589576499998657,candidate-measurement,002C9B,valid,11419,0,True,
16,1,000010,1790173628.2921903,12358.1757782,12.781574599999658,candidate-measurement,002C9B,valid,11419,0,True,
16,1,000010,1790173628.483753,12358.367344,12.973140399999465,candidate-measurement,002C9B,valid,11419,0,True,
16,1,000010,1790173628.691741,12358.5753298,13.181126199999198,candidate-measurement,002C9B,valid,11419,0,True,
16,1,000010,1790173628.883745,12358.7673342,13.373130599999058,candidate-measurement,002C9B,valid,11419,0,True,
16,1,000010,1790173629.0751586,12358.9587484,13.564544799999567,candidate-measurement,002C9B,valid,11419,0,True,
16,1,000010,1790173629.2831612,12359.1667514,13.772547799999302,candidate-measurement,002C9B,valid,11419,0,True,
16,1,000010,1790173629.4747248,12359.3583152,13.964111599998432,candidate-measurement,002C9B,valid,11419,0,True,
16,1,000010,1790173629.6667156,12359.5503068,14.156103199999052,candidate-measurement,002C9B,valid,11419,0,True,
16,1,000010,1790173629.8747191,12359.7583071,14.364103500000056,candidate-measurement,002C9B,valid,11419,0,True,
16,1,000010,1790173630.0661762,12359.9497676,14.555563999998412,candidate-measurement,002C9B,valid,11419,0,True,
16,1,000010,1790173630.2581239,12360.1417117,14.747508099999322,candidate-measurement,002C9B,valid,11419,0,True,
16,1,000010,1790173630.4496887,12360.3332784,14.939074799998707,candidate-measurement,002C9B,valid,11419,0,True,
17,1,000011,1790173633.327037,12363.2106254,0.20240539999940665,candidate-warmup,002D2C,valid,11564,145,True,
17,1,000011,1790173633.518595,12363.4021856,0.39396560000022873,candidate-warmup,002D2C,valid,11564,0,True,
17,1,000011,1790173633.7105875,12363.5941779,0.5859579000007216,candidate-warmup,002D2C,valid,11564,0,True,
17,1,000011,1790173633.9020002,12363.7855887,0.7773687000008067,candidate-warmup,002D2C,valid,11564,0,True,
17,1,000011,1790173634.0939956,12363.9775853,0.9693652999994811,candidate-warmup,002D2C,valid,11564,0,True,
17,1,000011,1790173634.2859871,12364.1695785,1.161358499999551,candidate-warmup,002D2C,valid,11564,0,True,
17,1,000011,1790173634.477605,12364.3611923,1.3529723000010563,candidate-warmup,002D2C,valid,11564,0,True,
17,1,000011,1790173634.6695564,12364.5531476,1.5449275999999372,candidate-warmup,002D2C,valid,11564,0,True,
17,1,000011,1790173634.861555,12364.7451437,1.7369237000002613,candidate-warmup,002D2C,valid,11564,0,True,
17,1,000011,1790173635.052958,12364.9365463,1.9283262999997532,candidate-warmup,002D2C,valid,11564,0,True,
17,1,000011,1790173635.244966,12365.1285575,2.12033750000046,candidate-warmup,002D2C,valid,11564,0,True,
17,1,000011,1790173635.4365373,12365.3201258,2.3119058000011137,candidate-warmup,002D2C,valid,11564,0,True,
17,1,000011,1790173635.6285212,12365.5121114,2.503891399999702,candidate-warmup,002D2C,valid,11564,0,True,
17,1,000011,1790173635.8205206,12365.7041088,2.69588880000083,candidate-warmup,002D2C,valid,11564,0,True,
17,1,000011,1790173636.0125184,12365.8961083,2.8878882999997586,candidate-warmup,002D2C,valid,11564,0,True,
17,1,000011,1790173636.2039402,12366.0875276,3.0793076000009023,candidate-warmup,002D2C,valid,11564,0,True,
17,1,000011,1790173636.4124067,12366.2959924,3.287772400000904,candidate-warmup,002D2C,valid,11564,0,True,
17,1,000011,1790173636.619496,12366.503084,3.4948640000002342,candidate-warmup,002D2C,valid,11564,0,True,
17,1,000011,1790173636.8114955,12366.6950832,3.6868632000005164,candidate-warmup,002D2C,valid,11564,0,True,
17,1,000011,1790173637.0034873,12366.8870748,3.878854800001136,candidate-warmup,002D2C,valid,11564,0,True,
17,1,000011,1790173637.1949003,12367.078488,4.070267999999487,candidate-warmup,002D2C,valid,11564,0,True,
17,1,000011,1790173637.386908,12367.2704989,4.262278899999728,candidate-warmup,002D2C,valid,11564,0,True,
17,1,000011,1790173637.57846,12367.4620493,4.453829300000507,candidate-warmup,002D2C,valid,11564,0,True,
17,1,000011,1790173637.7864566,12367.6700442,4.66182420000041,candidate-warmup,002D2C,valid,11564,0,True,
17,1,000011,1790173637.9784465,12367.8620356,4.853815599999507,candidate-warmup,002D2C,valid,11564,0,True,
17,1,000011,1790173638.1698673,12368.0534565,5.045236500000101,candidate-warmup,002D2C,valid,11564,0,True,
17,1,000011,1790173638.3778563,12368.2614451,5.253225100001146,candidate-warmup,002D2C,valid,11564,0,True,
17,1,000011,1790173638.5694344,12368.4530249,5.444804900000236,candidate-warmup,002D2C,valid,11564,0,True,
17,1,000011,1790173638.7614253,12368.6450142,5.636794199999713,candidate-warmup,002D2C,valid,11564,0,True,
17,1,000011,1790173638.9534173,12368.8370084,5.828788400000121,candidate-warmup,002D2C,valid,11564,0,True,
17,1,000011,1790173639.1614199,12369.0450082,6.036788200000956,candidate-warmup,002D2C,valid,11564,0,True,
17,1,000011,1790173639.3528266,12369.2364163,6.228196300000491,candidate-warmup,002D2C,valid,11564,0,True,
17,1,000011,1790173639.5443964,12369.427987,6.4197669999994105,candidate-warmup,002D2C,valid,11564,0,True,
17,1,000011,1790173639.7523985,12369.6359875,6.627767500000118,candidate-warmup,002D2C,valid,11564,0,True,
17,1,000011,1790173639.9438076,12369.8273964,6.819176400000288,candidate-warmup,002D2C,valid,11564,0,True,
17,1,000011,1790173640.135798,12370.0193888,7.011168799999723,candidate-measurement,002D2C,valid,11564,0,True,
17,1,000011,1790173640.3434074,12370.2269987,7.218778700000257,candidate-measurement,002D2C,valid,11564,0,True,
17,1,000011,1790173640.5353694,12370.4189584,7.4107383999999,candidate-measurement,002D2C,valid,11564,0,True,
17,1,000011,1790173640.7273638,12370.610952,7.602732000001197,candidate-measurement,002D2C,valid,11564,0,True,
17,1,000011,1790173640.9187796,12370.8023682,7.7941482000005635,candidate-measurement,002D2C,valid,11564,0,True,
17,1,000011,1790173641.1267676,12371.0103557,8.002135700000508,candidate-measurement,002D2C,valid,11564,0,True,
17,1,000011,1790173641.3187554,12371.2023466,8.194126599999436,candidate-measurement,002D2C,valid,11564,0,True,
17,1,000011,1790173641.5107603,12371.3943502,8.38613020000048,candidate-measurement,002D2C,valid,11564,0,True,
17,1,000011,1790173641.7183318,12371.6019196,8.593699600000036,candidate-measurement,002D2C,valid,11564,0,True,
17,1,000011,1790173641.9103281,12371.7939158,8.785695800001122,candidate-measurement,002D2C,valid,11564,0,True,
17,1,000011,1790173642.1023118,12371.9859029,8.977682900000218,candidate-measurement,002D2C,valid,11564,0,True,
17,1,000011,1790173642.309729,12372.1933203,9.185100300001068,candidate-measurement,002D2C,valid,11564,0,True,
17,1,000011,1790173642.5017383,12372.3853266,9.377106600000843,candidate-measurement,002D2C,valid,11564,0,True,
17,1,000011,1790173642.693316,12372.5769062,9.56868620000023,candidate-measurement,002D2C,valid,11564,0,True,
17,1,000011,1790173642.8852973,12372.7688854,9.760665400001017,candidate-measurement,002D2C,valid,11564,0,True,
17,1,000011,1790173643.0932834,12372.9768728,9.9686528000002,candidate-measurement,002D2C,valid,11564,0,True,
17,1,000011,1790173643.284696,12373.1682875,10.160067500000878,candidate-measurement,002D2C,valid,11564,0,True,
17,1,000011,1790173643.4766963,12373.3602855,10.352065500001117,candidate-measurement,002D2C,valid,11564,0,True,
17,1,000011,1790173643.6846857,12373.568276,10.560056000000259,candidate-measurement,002D2C,valid,11564,0,True,
17,1,000011,1790173643.87626,12373.7598493,10.751629300000786,candidate-measurement,002D2C,valid,11564,0,True,
17,1,000011,1790173644.0682623,12373.9518539,10.94363390000035,candidate-measurement,002D2C,valid,11564,0,True,
17,1,000011,1790173644.2762442,12374.1598349,11.151614899999913,candidate-measurement,002D2C,valid,11564,0,True,
17,1,000011,1790173644.4836764,12374.3672669,11.359046900000976,candidate-measurement,002D2C,valid,11564,0,True,
17,1,000011,1790173644.6756556,12374.5592462,11.551026200000706,candidate-measurement,002D2C,valid,11564,0,True,
17,1,000011,1790173644.8672264,12374.7508157,11.742595699999583,candidate-measurement,002D2C,valid,11564,0,True,
17,1,000011,1790173645.0592206,12374.9428101,11.934590099999696,candidate-measurement,002D2C,valid,11564,0,True,
17,1,000011,1790173645.250628,12375.1342194,12.125999400001092,candidate-measurement,002D2C,valid,11564,0,True,
17,1,000011,1790173645.4426339,12375.3262235,12.318003500000486,candidate-measurement,002D2C,valid,11564,0,True,
17,1,000011,1790173645.6506197,12375.5342095,12.525989499999923,candidate-measurement,002D2C,valid,11564,0,True,
17,1,000011,1790173645.8421981,12375.7257877,12.717567699999563,candidate-measurement,002D2C,valid,11564,0,True,
17,1,000011,1790173646.0341938,12375.9177829,12.90956290000031,candidate-measurement,002D2C,valid,11564,0,True,
17,1,000011,1790173646.2421806,12376.125772,13.117551999999705,candidate-measurement,002D2C,valid,11564,0,True,
17,1,000011,1790173646.4341862,12376.3177762,13.30955619999986,candidate-measurement,002D2C,valid,11564,0,True,
17,1,000011,1790173646.6255987,12376.5091868,13.500966800000242,candidate-measurement,002D2C,valid,11564,0,True,
17,1,000011,1790173646.8175879,12376.7011757,13.692955700000311,candidate-measurement,002D2C,valid,11564,0,True,
17,1,000011,1790173647.0255773,12376.909168,13.900948000000426,candidate-measurement,002D2C,valid,11564,0,True,
17,1,000011,1790173647.2171438,12377.1007353,14.092515300000741,candidate-measurement,002D2C,valid,11564,0,True,
17,1,000011,1790173647.409142,12377.2927336,14.284513599999627,candidate-measurement,002D2C,valid,11564,0,True,
17,1,000011,1790173647.617135,12377.5007242,14.49250419999953,candidate-measurement,002D2C,valid,11564,0,True,
17,1,000011,1790173647.8085546,12377.6921432,14.683923200000208,candidate-measurement,002D2C,valid,11564,0,True,
17,1,000011,1790173648.0005724,12377.8841597,14.875939699999435,candidate-measurement,002D2C,valid,11564,0,True,
18,1,000012,1790173650.9414585,12380.8250462,0.20240000000012515,candidate-warmup,002DA4,valid,11684,120,True,
18,1,000012,1790173651.133024,12381.016614,0.3939678000006097,candidate-warmup,002DA4,valid,11684,0,True,
18,1,000012,1790173651.3250248,12381.2086156,0.5859694000009767,candidate-warmup,002DA4,valid,11684,0,True,
18,1,000012,1790173651.5170145,12381.4006051,0.7779589000001579,candidate-warmup,002DA4,valid,11684,0,True,
18,1,000012,1790173651.725049,12381.6086375,0.9859913000000233,candidate-warmup,002DA4,valid,11684,0,True,
18,1,000012,1790173651.9164224,12381.8000109,1.1773647000009078,candidate-warmup,002DA4,valid,11684,0,True,
18,1,000012,1790173652.1084101,12381.9920013,1.369355099999666,candidate-warmup,002DA4,valid,11684,0,True,
18,1,000012,1790173652.2999911,12382.1835811,1.560934900000575,candidate-warmup,002DA4,valid,11684,0,True,
18,1,000012,1790173652.4919753,12382.3755664,1.752920200000517,candidate-warmup,002DA4,valid,11684,0,True,
18,1,000012,1790173652.683981,12382.5675687,1.9449225000007573,candidate-warmup,002DA4,valid,11684,0,True,
18,1,000012,1790173652.8759873,12382.7595748,2.1369286000008287,candidate-warmup,002DA4,valid,11684,0,True,
18,1,000012,1790173653.0673816,12382.9509722,2.328326000000743,candidate-warmup,002DA4,valid,11684,0,True,
18,1,000012,1790173653.2593725,12383.1429641,2.520317900000009,candidate-warmup,002DA4,valid,11684,0,True,
18,1,000012,1790173653.4669602,12383.3505485,2.7279023000010056,candidate-warmup,002DA4,valid,11684,0,True,
18,1,000012,1790173653.6589415,12383.5425305,2.9198843000012857,candidate-warmup,002DA4,valid,11684,0,True,
18,1,000012,1790173653.8509393,12383.7345282,3.11188200000106,candidate-warmup,002DA4,valid,11684,0,True,
18,1,000012,1790173654.0423594,12383.9259471,3.303300900000977,candidate-warmup,002DA4,valid,11684,0,True,
18,1,000012,1790173654.2503448,12384.1339361,3.5112898999996105,candidate-warmup,002DA4,valid,11684,0,True,
18,1,000012,1790173654.4419146,12384.3255047,3.7028585000007297,candidate-warmup,002DA4,valid,11684,0,True,
18,1,000012,1790173654.6339111,12384.5175017,3.894855500000631,candidate-warmup,002DA4,valid,11684,0,True,
18,1,000012,1790173654.8419073,12384.7254955,4.102849300001253,candidate-warmup,002DA4,valid,11684,0,True,
18,1,000012,1790173655.0338964,12384.9174879,4.294841700000688,candidate-warmup,002DA4,valid,11684,0,True,
18,1,000012,1790173655.2253103,12385.1089006,4.486254400000689,candidate-warmup,002DA4,valid,11684,0,True,
18,1,000012,1790173655.4333072,12385.3168981,4.694251900000381,candidate-warmup,002DA4,valid,11684,0,True,
18,1,000012,1790173655.6248994,12385.5084882,4.885841999999684,candidate-warmup,002DA4,valid,11684,0,True,
18,1,000012,1790173655.816877,12385.7004649,5.077818699999625,candidate-warmup,002DA4,valid,11684,0,True,
18,1,000012,1790173656.00887,12385.8924597,5.269813500000964,candidate-warmup,002DA4,valid,11684,0,True,
18,1,000012,1790173656.2162826,12386.0998739,5.4772277000010945,candidate-warmup,002DA4,valid,11684,0,True,
18,1,000012,1790173656.4082742,12386.2918658,5.6692196000003605,candidate-warmup,002DA4,valid,11684,0,True,
18,1,000012,1790173656.5998445,12386.4834356,5.860789399999703,candidate-warmup,002DA4,valid,11684,0,True,
18,1,000012,1790173656.8078434,12386.6914315,6.068785299999945,candidate-warmup,002DA4,valid,11684,0,True,
18,1,000012,1790173656.9998376,12386.883427,6.260780800001157,candidate-warmup,002DA4,valid,11684,0,True,
18,1,000012,1790173657.1912467,12387.0748381,6.452191899999889,candidate-warmup,002DA4,valid,11684,0,True,
18,1,000012,1790173657.399243,12387.2828344,6.6601882000013575,candidate-warmup,002DA4,valid,11684,0,True,
18,1,000012,1790173657.6068168,12387.4904075,6.867761299999984,candidate-warmup,002DA4,valid,11684,0,True,
18,1,000012,1790173657.7988162,12387.6824046,7.059758400000646,candidate-measurement,002DA4,valid,11684,0,True,
18,1,000012,1790173657.9902244,12387.8738153,7.25116909999997,candidate-measurement,002DA4,valid,11684,0,True,
18,1,000012,1790173658.1822174,12388.0658089,7.443162700001267,candidate-measurement,002DA4,valid,11684,0,True,
18,1,000012,1790173658.3737853,12388.2573767,7.634730499999932,candidate-measurement,002DA4,valid,11684,0,True,
18,1,000012,1790173658.5657892,12388.4493774,7.826731200000722,candidate-measurement,002DA4,valid,11684,0,True,
18,1,000012,1790173658.773784,12388.6573718,8.034725600000456,candidate-measurement,002DA4,valid,11684,0,True,
18,1,000012,1790173658.9651926,12388.8487826,8.226136400000541,candidate-measurement,002DA4,valid,11684,0,True,
18,1,000012,1790173659.157183,12389.0407745,8.418128299999807,candidate-measurement,002DA4,valid,11684,0,True,
18,1,000012,1790173659.3648114,12389.2484021,8.625755900000513,candidate-measurement,002DA4,valid,11684,0,True,
18,1,000012,1790173659.5567517,12389.4403427,8.817696500000238,candidate-measurement,002DA4,valid,11684,0,True,
18,1,000012,1790173659.748752,12389.6323418,9.009695599999759,candidate-measurement,002DA4,valid,11684,0,True,
18,1,000012,1790173659.9407632,12389.824353,9.201706800000466,candidate-measurement,002DA4,valid,11684,0,True,
18,1,000012,1790173660.1481655,12390.0317568,9.409110599999622,candidate-measurement,002DA4,valid,11684,0,True,
18,1,000012,1790173660.3401544,12390.2237426,9.601096399999733,candidate-measurement,002DA4,valid,11684,0,True,
18,1,000012,1790173660.5317204,12390.4153115,9.792665300001318,candidate-measurement,002DA4,valid,11684,0,True,
18,1,000012,1790173660.7397196,12390.6233076,10.000661400001263,candidate-measurement,002DA4,valid,11684,0,True,
18,1,000012,1790173660.9317067,12390.8152969,10.19265070000074,candidate-measurement,002DA4,valid,11684,0,True,
18,1,000012,1790173661.1231306,12391.0067187,10.384072500000912,candidate-measurement,002DA4,valid,11684,0,True,
18,1,000012,1790173661.3311124,12391.2147037,10.59205750000001,candidate-measurement,002DA4,valid,11684,0,True,
18,1,000012,1790173661.538692,12391.4222826,10.799636400000963,candidate-measurement,002DA4,valid,11684,0,True,
18,1,000012,1790173661.7306845,12391.6142731,10.991626900000483,candidate-measurement,002DA4,valid,11684,0,True,
18,1,000012,1790173661.922682,12391.8062706,11.183624400000554,candidate-measurement,002DA4,valid,11684,0,True,
18,1,000012,1790173662.1140926,12391.9976839,11.375037699999666,candidate-measurement,002DA4,valid,11684,0,True,
18,1,000012,1790173662.306091,12392.1896806,11.56703440000092,candidate-measurement,002DA4,valid,11684,0,True,
18,1,000012,1790173662.4976523,12392.3812432,11.758597000000009,candidate-measurement,002DA4,valid,11684,0,True,
18,1,000012,1790173662.7056608,12392.5892493,11.966603099999702,candidate-measurement,002DA4,valid,11684,0,True,
18,1,000012,1790173662.8976495,12392.7812381,12.158591900000829,candidate-measurement,002DA4,valid,11684,0,True,
18,1,000012,1790173663.08906,12392.9726514,12.350005199999941,candidate-measurement,002DA4,valid,11684,0,True,
18,1,000012,1790173663.2970543,12393.1806439,12.55799769999976,candidate-measurement,002DA4,valid,11684,0,True,
18,1,000012,1790173663.5046275,12393.3882167,12.76557049999974,candidate-measurement,002DA4,valid,11684,0,True,
18,1,000012,1790173663.6966221,12393.5802102,12.957564000000275,candidate-measurement,002DA4,valid,11684,0,True,
18,1,000012,1790173663.8886175,12393.7722062,13.149559999999838,candidate-measurement,002DA4,valid,11684,0,True,
18,1,000012,1790173664.080024,12393.9636151,13.340968900000007,candidate-measurement,002DA4,valid,11684,0,True,
18,1,000012,1790173664.2720187,12394.1556093,13.532963100000416,candidate-measurement,002DA4,valid,11684,0,True,
18,1,000012,1790173664.4635983,12394.3471877,13.72454149999976,candidate-measurement,002DA4,valid,11684,0,True,
18,1,000012,1790173664.6715894,12394.5551796,13.932533400000466,candidate-measurement,002DA4,valid,11684,0,True,
18,1,000012,1790173664.8635888,12394.7471771,14.124530900000536,candidate-measurement,002DA4,valid,11684,0,True,
18,1,000012,1790173665.0549986,12394.9385888,14.315942600000199,candidate-measurement,002DA5,valid,11685,1,True,
18,1,000012,1790173665.262998,12395.1465871,14.523940900000525,candidate-measurement,002DA5,valid,11685,0,True,
18,1,000012,1790173665.4545584,12395.3381501,14.71550390000084,candidate-measurement,002DA6,valid,11686,1,True,
18,1,000012,1790173665.646556,12395.5301473,14.907501100000445,candidate-measurement,002DA6,valid,11686,0,True,
19,1,000013,1790173668.5554829,12398.43907,0.20256789999984903,candidate-warmup,002E23,valid,11811,125,True,
19,1,000013,1790173668.747462,12398.6310506,0.3945485000003828,candidate-warmup,002E23,valid,11811,0,True,
19,1,000013,1790173668.9394507,12398.8230407,0.5865385999986756,candidate-warmup,002E23,valid,11811,0,True,
19,1,000013,1790173669.1308663,12399.0144568,0.7779546999990998,candidate-warmup,002E23,valid,11811,0,True,
19,1,000013,1790173669.3388562,12399.2224477,0.985945599999468,candidate-warmup,002E23,valid,11811,0,True,
19,1,000013,1790173669.5308566,12399.4144471,1.177944999999454,candidate-warmup,002E23,valid,11811,0,True,
19,1,000013,1790173669.7224228,12399.6060136,1.3695114999991347,candidate-warmup,002E23,valid,11811,0,True,
19,1,000013,1790173669.9304194,12399.8140082,1.5775061000003916,candidate-warmup,002E23,valid,11811,0,True,
19,1,000013,1790173670.122417,12400.0060074,1.7695052999988548,candidate-warmup,002E23,valid,11811,0,True,
19,1,000013,1790173670.31383,12400.1974214,1.9609192999996594,candidate-warmup,002E23,valid,11811,0,True,
19,1,000013,1790173670.5218196,12400.4054087,2.1689065999999,candidate-warmup,002E23,valid,11811,0,True,
19,1,000013,1790173670.713394,12400.5969836,2.360481499999878,candidate-warmup,002E23,valid,11811,0,True,
19,1,000013,1790173670.9053872,12400.7889758,2.5524736999996094,candidate-warmup,002E23,valid,11811,0,True,
19,1,000013,1790173671.097387,12400.9809749,2.74447279999913,candidate-warmup,002E23,valid,11811,0,True,
19,1,000013,1790173671.304797,12401.1883851,2.951882999999725,candidate-warmup,002E23,valid,11811,0,True,
19,1,000013,1790173671.4963694,12401.3799604,3.1434582999991107,candidate-warmup,002E23,valid,11811,0,True,
19,1,000013,1790173671.6883547,12401.5719455,3.335443399999349,candidate-warmup,002E23,valid,11811,0,True,
19,1,000013,1790173671.8963518,12401.7799405,3.5434384000000136,candidate-warmup,002E23,valid,11811,0,True,
19,1,000013,1790173672.0877733,12401.9713619,3.734859799998958,candidate-warmup,002E23,valid,11811,0,True,
19,1,000013,1790173672.2797606,12402.1633519,3.9268498000001273,candidate-warmup,002E23,valid,11811,0,True,
19,1,000013,1790173672.4873357,12402.3709271,4.134425000000192,candidate-warmup,002E23,valid,11811,0,True,
19,1,000013,1790173672.679331,12402.5629223,4.32642019999912,candidate-warmup,002E23,valid,11811,0,True,
19,1,000013,1790173672.871328,12402.7549159,4.518413799998598,candidate-warmup,002E23,valid,11811,0,True,
19,1,000013,1790173673.0627341,12402.9463253,4.709823199998937,candidate-warmup,002E23,valid,11811,0,True,
19,1,000013,1790173673.2707474,12403.1543385,4.917836399999942,candidate-warmup,002E23,valid,11811,0,True,
19,1,000013,1790173673.4623046,12403.345896,5.109393900000214,candidate-warmup,002E23,valid,11811,0,True,
19,1,000013,1790173673.6543043,12403.5378926,5.301390499998888,candidate-warmup,002E23,valid,11811,0,True,
19,1,000013,1790173673.862298,12403.7458867,5.509384599999976,candidate-warmup,002E23,valid,11811,0,True,
19,1,000013,1790173674.0542817,12403.9378703,5.701368199999706,candidate-warmup,002E23,valid,11811,0,True,
19,1,000013,1790173674.2462761,12404.1298673,5.893365199999607,candidate-warmup,002E23,valid,11811,0,True,
19,1,000013,1790173674.4536815,12404.3372727,6.100770600000033,candidate-warmup,002E23,valid,11811,0,True,
19,1,000013,1790173674.6452708,12404.5288592,6.292357099999208,candidate-warmup,002E23,valid,11811,0,True,
19,1,000013,1790173674.83727,12404.7208586,6.484356499999194,candidate-warmup,002E23,valid,11811,0,True,
19,1,000013,1790173675.0286725,12404.912263,6.675760899999659,candidate-warmup,002E23,valid,11811,0,True,
19,1,000013,1790173675.236298,12405.1198857,6.8833835999994335,candidate-warmup,002E23,valid,11811,0,True,
19,1,000013,1790173675.4282568,12405.3118432,7.075341099998695,candidate-measurement,002E23,valid,11811,0,True,
19,1,000013,1790173675.6202438,12405.5038343,7.267332199999146,candidate-measurement,002E23,valid,11811,0,True,
19,1,000013,1790173675.8276496,12405.7112377,7.474735599998894,candidate-measurement,002E23,valid,11811,0,True,
19,1,000013,1790173676.019646,12405.9032356,7.666733500000191,candidate-measurement,002E23,valid,11811,0,True,
19,1,000013,1790173676.2116442,12406.0952347,7.858732599999712,candidate-measurement,002E23,valid,11811,0,True,
19,1,000013,1790173676.41921,12406.3027983,8.06629619999876,candidate-measurement,002E23,valid,11811,0,True,
19,1,000013,1790173676.6112046,12406.4947959,8.258293799999592,candidate-measurement,002E23,valid,11811,0,True,
19,1,000013,1790173676.8032382,12406.6868245,8.450322400000005,candidate-measurement,002E23,valid,11811,0,True,
19,1,000013,1790173676.9946122,12406.8782019,8.641699799998605,candidate-measurement,002E23,valid,11811,0,True,
19,1,000013,1790173677.20261,12407.0861994,8.849697300000116,candidate-measurement,002E23,valid,11811,0,True,
19,1,000013,1790173677.3945937,12407.2781847,9.041682600000058,candidate-measurement,002E23,valid,11811,0,True,
19,1,000013,1790173677.5861712,12407.4697613,9.233259200000248,candidate-measurement,002E23,valid,11811,0,True,
19,1,000013,1790173677.794168,12407.6777574,9.441255300000194,candidate-measurement,002E23,valid,11811,0,True,
19,1,000013,1790173677.9861672,12407.8697562,9.633254099999249,candidate-measurement,002E23,valid,11811,0,True,
19,1,000013,1790173678.177567,12408.0611571,9.824655000000348,candidate-measurement,002E23,valid,11811,0,True,
19,1,000013,1790173678.3855681,12408.269159,10.032656899998983,candidate-measurement,002E23,valid,11811,0,True,
19,1,000013,1790173678.577571,12408.4611609,10.224658799999816,candidate-measurement,002E23,valid,11811,0,True,
19,1,000013,1790173678.7691398,12408.6527284,10.416226299999835,candidate-measurement,002E23,valid,11811,0,True,
19,1,000013,1790173678.9611297,12408.844719,10.608216900000116,candidate-measurement,002E23,valid,11811,0,True,
19,1,000013,1790173679.1685426,12409.0521338,10.815631699999358,candidate-measurement,002E23,valid,11811,0,True,
19,1,000013,1790173679.3605947,12409.2441856,11.007683499999985,candidate-measurement,002E23,valid,11811,0,True,
19,1,000013,1790173679.552531,12409.4361224,11.199620299999879,candidate-measurement,002E23,valid,11811,0,True,
19,1,000013,1790173679.7601066,12409.6436947,11.40719259999969,candidate-measurement,002E23,valid,11811,0,True,
19,1,000013,1790173679.9520967,12409.835687,11.599184900000182,candidate-measurement,002E23,valid,11811,0,True,
19,1,000013,1790173680.1440976,12410.0276865,11.79118439999911,candidate-measurement,002E23,valid,11811,0,True,
19,1,000013,1790173680.3515007,12410.2350916,11.99858949999907,candidate-measurement,002E23,valid,11811,0,True,
19,1,000013,1790173680.5435348,12410.4271233,12.190621199999441,candidate-measurement,002E23,valid,11811,0,True,
19,1,000013,1790173680.7355044,12410.6190924,12.38259029999972,candidate-measurement,002E23,valid,11811,0,True,
19,1,000013,1790173680.927066,12410.8106569,12.574154799998723,candidate-measurement,002E23,valid,11811,0,True,
19,1,000013,1790173681.1350698,12411.0186583,12.782156199999008,candidate-measurement,002E23,valid,11811,0,True,
19,1,000013,1790173681.3264744,12411.2100625,12.97356039999977,candidate-measurement,002E23,valid,11811,0,True,
19,1,000013,1790173681.5184672,12411.4020576,13.165555499999755,candidate-measurement,002E23,valid,11811,0,True,
19,1,000013,1790173681.726047,12411.6096357,13.373133600000074,candidate-measurement,002E23,valid,11811,0,True,
19,1,000013,1790173681.9180384,12411.8016267,13.565124599999763,candidate-measurement,002E23,valid,11811,0,True,
19,1,000013,1790173682.1100335,12411.9936222,13.757120099999156,candidate-measurement,002E23,valid,11811,0,True,
19,1,000013,1790173682.31802,12412.2016106,13.965108499998678,candidate-measurement,002E23,valid,11811,0,True,
19,1,000013,1790173682.5100167,12412.3936079,14.157105799999044,candidate-measurement,002E23,valid,11811,0,True,
19,1,000013,1790173682.7014287,12412.5850199,14.348517799999172,candidate-measurement,002E23,valid,11811,0,True,
19,1,000013,1790173682.893426,12412.7770156,14.540513500000088,candidate-measurement,002E23,valid,11811,0,True,
19,1,000013,1790173683.1009974,12412.9845863,14.74808419999863,candidate-measurement,002E23,valid,11811,0,True,
19,1,000013,1790173683.292987,12413.1765773,14.940075200000138,candidate-measurement,002E23,valid,11811,0,True,
20,1,000014,1790173686.1698987,12416.053487,0.20197489999918616,candidate-warmup,002E90,valid,11920,109,True,
20,1,000014,1790173686.3618937,12416.245482,0.39396990000022925,candidate-warmup,002E90,valid,11920,0,True,
20,1,000014,1790173686.5538793,12416.4374694,0.5859572999997908,candidate-warmup,002E90,valid,11920,0,True,
20,1,000014,1790173686.745881,12416.6294691,0.7779570000002423,candidate-warmup,002E90,valid,11920,0,True,
20,1,000014,1790173686.9373088,12416.8208995,0.9693874000004143,candidate-warmup,002E90,valid,11920,0,True,
20,1,000014,1790173687.1292853,12417.0128749,1.1613627999995515,candidate-warmup,002E90,valid,11920,0,True,
20,1,000014,1790173687.320869,12417.2044589,1.3529467999996996,candidate-warmup,002E90,valid,11920,0,True,
20,1,000014,1790173687.512854,12417.3964451,1.5449329999992187,candidate-warmup,002E90,valid,11920,0,True,
20,1,000014,1790173687.7048538,12417.5884426,1.7369304999992892,candidate-warmup,002E90,valid,11920,0,True,
20,1,000014,1790173687.8968408,12417.780431,1.9289188999991893,candidate-warmup,002E90,valid,11920,0,True,
20,1,000014,1790173688.0882614,12417.97185,2.1203378999998677,candidate-warmup,002E90,valid,11920,0,True,
20,1,000014,1790173688.2802467,12418.1638377,2.3123255999998946,candidate-warmup,002E90,valid,11920,0,True,
20,1,000014,1790173688.4718199,12418.3554106,2.5038984999991953,candidate-warmup,002E90,valid,11920,0,True,
20,1,000014,1790173688.6638176,12418.5474074,2.6958952999993926,candidate-warmup,002E90,valid,11920,0,True,
20,1,000014,1790173688.8552399,12418.7388279,2.8873158000005787,candidate-warmup,002E90,valid,11920,0,True,
20,1,000014,1790173689.0472207,12418.9308122,3.0793001000001823,candidate-warmup,002E90,valid,11920,0,True,
20,1,000014,1790173689.2392144,12419.1228058,3.27129369999966,candidate-warmup,002E90,valid,11920,0,True,
20,1,000014,1790173689.4308288,12419.3144186,3.462906500000827,candidate-warmup,002E90,valid,11920,0,True,
20,1,000014,1790173689.6387806,12419.5223716,3.670859500000006,candidate-warmup,002E90,valid,11920,0,True,
20,1,000014,1790173689.830781,12419.7143698,3.8628576999999495,candidate-warmup,002E90,valid,11920,0,True,
20,1,000014,1790173690.0222013,12419.9057917,4.054279599999063,candidate-warmup,002E90,valid,11920,0,True,
20,1,000014,1790173690.230184,12420.1137723,4.2622601999992185,candidate-warmup,002E90,valid,11920,0,True,
20,1,000014,1790173690.4221754,12420.305766,4.454253899999458,candidate-warmup,002E90,valid,11920,0,True,
20,1,000014,1790173690.613754,12420.4973439,4.645831800000451,candidate-warmup,002E90,valid,11920,0,True,
20,1,000014,1790173690.8057473,12420.6893363,4.837824199999886,candidate-warmup,002E90,valid,11920,0,True,
20,1,000014,1790173691.01316,12420.8967511,5.045238999999128,candidate-warmup,002E90,valid,11920,0,True,
20,1,000014,1790173691.205153,12421.0887409,5.237228800000594,candidate-warmup,002E90,valid,11920,0,True,
20,1,000014,1790173691.3967383,12421.2803263,5.428814200000488,candidate-warmup,002E90,valid,11920,0,True,
20,1,000014,1790173691.604723,12421.4883109,5.636798800000179,candidate-warmup,002E90,valid,11920,0,True,
20,1,000014,1790173691.7967172,12421.6803065,5.8287944000003336,candidate-warmup,002E90,valid,11920,0,True,
20,1,000014,1790173691.9881234,12421.8717148,6.020202699999572,candidate-warmup,002E90,valid,11920,0,True,
20,1,000014,1790173692.1957622,12422.0793535,6.227841399999306,candidate-warmup,002E90,valid,11920,0,True,
20,1,000014,1790173692.3876946,12422.271285,6.41977290000068,candidate-warmup,002E90,valid,11920,0,True,
20,1,000014,1790173692.5796885,12422.4632799,6.611767799999143,candidate-warmup,002E90,valid,11920,0,True,
20,1,000014,1790173692.7716908,12422.655279,6.803766900000483,candidate-warmup,002E90,valid,11920,0,True,
20,1,000014,1790173692.9790955,12422.8626867,7.011174600000231,candidate-measurement,002E90,valid,11920,0,True,
20,1,000014,1790173693.1710885,12423.0546777,7.20316559999992,candidate-measurement,002E90,valid,11920,0,True,
20,1,000014,1790173693.3630824,12423.2466733,7.395161200000075,candidate-measurement,002E90,valid,11920,0,True,
20,1,000014,1790173693.5706515,12423.4542425,7.602730399999928,candidate-measurement,002E90,valid,11920,0,True,
20,1,000014,1790173693.7626543,12423.6462436,7.794731500000125,candidate-measurement,002E90,valid,11920,0,True,
20,1,000014,1790173693.9540665,12423.8376559,7.986143800000718,candidate-measurement,002E90,valid,11920,0,True,
20,1,000014,1790173694.162054,12424.0456453,8.194133200000579,candidate-measurement,002E90,valid,11920,0,True,
20,1,000014,1790173694.3540475,12424.2376389,8.386126800000056,candidate-measurement,002E90,valid,11920,0,True,
20,1,000014,1790173694.5456264,12424.4292169,8.577704799999992,candidate-measurement,002E90,valid,11920,0,True,
20,1,000014,1790173694.7376199,12424.6212081,8.769695999999385,candidate-measurement,002E90,valid,11920,0,True,
20,1,000014,1790173694.9450352,12424.8286256,8.977113499999177,candidate-measurement,002E90,valid,11920,0,True,
20,1,000014,1790173695.1370287,12425.0206195,9.16910739999912,candidate-measurement,002E90,valid,11920,0,True,
20,1,000014,1790173695.3290186,12425.2126097,9.361097599999994,candidate-measurement,002E90,valid,11920,0,True,
20,1,000014,1790173695.536593,12425.4201833,9.568671200000608,candidate-measurement,002E90,valid,11920,0,True,
20,1,000014,1790173695.7285926,12425.6121811,9.760668999999325,candidate-measurement,002E90,valid,11920,0,True,
20,1,000014,1790173695.920579,12425.8041699,9.952657800000452,candidate-measurement,002E90,valid,11920,0,True,
20,1,000014,1790173696.1285708,12426.0121625,10.160650399999213,candidate-measurement,002E90,valid,11920,0,True,
20,1,000014,1790173696.3199883,12426.2035788,10.352066699999341,candidate-measurement,002E90,valid,11920,0,True,
20,1,000014,1790173696.5115662,12426.3951559,10.5436437999997,candidate-measurement,002E90,valid,11920,0,True,
20,1,000014,1790173696.7035596,12426.5871495,10.735637399999177,candidate-measurement,002E90,valid,11920,0,True,
20,1,000014,1790173696.9115508,12426.7951414,10.943629299999884,candidate-measurement,002E90,valid,11920,0,True,
20,1,000014,1790173697.1029637,12426.9865551,11.135043000000223,candidate-measurement,002E90,valid,11920,0,True,
20,1,000014,1790173697.294964,12427.1785523,11.327040199999828,candidate-measurement,002E90,valid,11920,0,True,
20,1,000014,1790173697.5025334,12427.3861247,11.5346126000004,candidate-measurement,002E90,valid,11920,0,True,
20,1,000014,1790173697.6945252,12427.5781152,11.72660309999992,candidate-measurement,002E90,valid,11920,0,True,
20,1,000014,1790173697.8865232,12427.7701121,11.91859999999906,candidate-measurement,002E90,valid,11920,0,True,
20,1,000014,1790173698.0939274,12427.9775189,12.126006799999232,candidate-measurement,002E90,valid,11920,0,True,
20,1,000014,1790173698.2855077,12428.1690972,12.317585099999633,candidate-measurement,002E90,valid,11920,0,True,
20,1,000014,1790173698.4774961,12428.361087,12.50957489999928,candidate-measurement,002E90,valid,11920,0,True,
20,1,000014,1790173698.6854954,12428.5690838,12.717571699999098,candidate-measurement,002E90,valid,11920,0,True,
20,1,000014,1790173698.877486,12428.7610756,12.909563499999422,candidate-measurement,002E90,valid,11920,0,True,
20,1,000014,1790173699.0688996,12428.952489,13.100976899999296,candidate-measurement,002E90,valid,11920,0,True,
20,1,000014,1790173699.2608995,12429.1444888,13.292976700000509,candidate-measurement,002E92,valid,11922,2,True,
20,1,000014,1790173699.4684722,12429.3520608,13.500548699999854,candidate-measurement,002E92,valid,11922,0,True,
20,1,000014,1790173699.660454,12429.5440452,13.692533100000219,candidate-measurement,002E92,valid,11922,0,True,
20,1,000014,1790173699.851877,12429.735465,13.883952899999713,candidate-measurement,002E92,valid,11922,0,True,
20,1,000014,1790173700.0598657,12429.9434569,14.09194480000042,candidate-measurement,002E92,valid,11922,0,True,
20,1,000014,1790173700.2518594,12430.1354508,14.283938700000363,candidate-measurement,002E92,valid,11922,0,True,
20,1,000014,1790173700.4434397,12430.3270279,14.475515800000721,candidate-measurement,002E92,valid,11922,0,True,
20,1,000014,1790173700.6514313,12430.5350202,14.683508100000836,candidate-measurement,002E92,valid,11922,0,True,
20,1,000014,1790173700.8434262,12430.7270151,14.875502999999298,candidate-measurement,002E92,valid,11922,0,True,
21,1,000015,1790173703.7997503,12433.6833385,0.2023877999999968,candidate-warmup,002EF8,valid,12024,102,True,
21,1,000015,1790173703.9917393,12433.8753304,0.3943796999992628,candidate-warmup,002EF8,valid,12024,0,True,
21,1,000015,1790173704.183314,12434.0669048,0.5859540999990713,candidate-warmup,002EF8,valid,12024,0,True,
21,1,000015,1790173704.3753545,12434.2589439,0.7779931999994005,candidate-warmup,002EF8,valid,12024,0,True,
21,1,000015,1790173704.5672991,12434.4508902,0.9699394999988726,candidate-warmup,002EF8,valid,12024,0,True,
21,1,000015,1790173704.7587237,12434.6423119,1.1613611999982822,candidate-warmup,002EF8,valid,12024,0,True,
21,1,000015,1790173704.9507077,12434.8342968,1.3533460999988165,candidate-warmup,002EF8,valid,12024,0,True,
21,1,000015,1790173705.142282,12435.0258732,1.544922499999302,candidate-warmup,002EF8,valid,12024,0,True,
21,1,000015,1790173705.3342762,12435.2178661,1.7369153999989067,candidate-warmup,002EF8,valid,12024,0,True,
21,1,000015,1790173705.526333,12435.4099225,1.9289717999999993,candidate-warmup,002EF8,valid,12024,0,True,
21,1,000015,1790173705.7182684,12435.6018568,2.120906099999047,candidate-warmup,002EF8,valid,12024,0,True,
21,1,000015,1790173705.9256785,12435.8092691,2.3283183999992616,candidate-warmup,002EF8,valid,12024,0,True,
21,1,000015,1790173706.1176863,12436.0012747,2.520323999999164,candidate-warmup,002EF8,valid,12024,0,True,
21,1,000015,1790173706.3096702,12436.1932599,2.7123091999983444,candidate-warmup,002EF8,valid,12024,0,True,
21,1,000015,1790173706.5012414,12436.3848323,2.903881599999295,candidate-warmup,002EF8,valid,12024,0,True,
21,1,000015,1790173706.7092428,12436.5928309,3.111880199998268,candidate-warmup,002EF8,valid,12024,0,True,
21,1,000015,1790173706.9012282,12436.7848181,3.3038673999999446,candidate-warmup,002EF8,valid,12024,0,True,
21,1,000015,1790173707.0926461,12436.9762374,3.4952866999992693,candidate-warmup,002EF8,valid,12024,0,True,
21,1,000015,1790173707.3006604,12437.1842501,3.7032993999982864,candidate-warmup,002EF8,valid,12024,0,True,
21,1,000015,1790173707.492629,12437.3762191,3.8952683999996225,candidate-warmup,002EF8,valid,12024,0,True,
21,1,000015,1790173707.6842012,12437.567792,4.086841299998923,candidate-warmup,002EF8,valid,12024,0,True,
21,1,000015,1790173707.892197,12437.7757868,4.294836099999884,candidate-warmup,002EF8,valid,12024,0,True,
21,1,000015,1790173708.1002042,12437.9837957,4.50284499999907,candidate-warmup,002EF8,valid,12024,0,True,
21,1,000015,1790173708.291611,12438.1751992,4.694248499999958,candidate-warmup,002EF8,valid,12024,0,True,
21,1,000015,1790173708.4835935,12438.3671835,4.886232799999561,candidate-warmup,002EF8,valid,12024,0,True,
21,1,000015,1790173708.6751692,12438.5587598,5.0778090999992855,candidate-warmup,002EF8,valid,12024,0,True,
21,1,000015,1790173708.867168,12438.7507566,5.269805899999483,candidate-warmup,002EF8,valid,12024,0,True,
21,1,000015,1790173709.0591674,12438.9427559,5.461805199998707,candidate-warmup,002EF8,valid,12024,0,True,
21,1,000015,1790173709.2665727,12439.1501641,5.669213399998625,candidate-warmup,002EF8,valid,12024,0,True,
21,1,000015,1790173709.4581478,12439.3417377,5.860786999999618,candidate-warmup,002EF8,valid,12024,0,True,
21,1,000015,1790173709.650153,12439.5337441,6.052793399998336,candidate-warmup,002EF8,valid,12024,0,True,
21,1,000015,1790173709.8581345,12439.7417233,6.260772599998745,candidate-warmup,002EF8,valid,12024,0,True,
21,1,000015,1790173710.0501642,12439.9337517,6.452800999999454,candidate-warmup,002EF9,valid,12025,1,True,
21,1,000015,1790173710.241545,12440.1251332,6.644182499998351,candidate-warmup,002EF9,valid,12025,0,True,
21,1,000015,1790173710.4331188,12440.3167071,6.835756399999809,candidate-warmup,002EF9,valid,12025,0,True,
21,1,000015,1790173710.6411092,12440.5246983,7.043747599998824,candidate-measurement,002EF9,valid,12025,0,True,
21,1,000015,1790173710.8331027,12440.7166906,7.2357398999993165,candidate-measurement,002EF9,valid,12025,0,True,
21,1,000015,1790173711.024513,12440.9081047,7.427153999999064,candidate-measurement,002EF9,valid,12025,0,True,
21,1,000015,1790173711.2325046,12441.1160958,7.635145099999136,candidate-measurement,002EF9,valid,12025,0,True,
21,1,000015,1790173711.4240928,12441.3076816,7.826730899998438,candidate-measurement,002EF9,valid,12025,0,True,
21,1,000015,1790173711.6160777,12441.4996672,8.018716499998845,candidate-measurement,002EF9,valid,12025,0,True,
21,1,000015,1790173711.8240705,12441.7076596,8.226708899999721,candidate-measurement,002EF9,valid,12025,0,True,
21,1,000015,1790173712.0154798,12441.8990708,8.418120099999214,candidate-measurement,002EF9,valid,12025,0,True,
21,1,000015,1790173712.20748,12442.0910709,8.610120199999074,candidate-measurement,002EF9,valid,12025,0,True,
21,1,000015,1790173712.3990517,12442.2826418,8.801691099999516,candidate-measurement,002EF9,valid,12025,0,True,
21,1,000015,1790173712.6070428,12442.490633,9.00968229999853,candidate-measurement,002EF9,valid,12025,0,True,
21,1,000015,1790173712.79904,12442.6826294,9.20167869999932,candidate-measurement,002EF9,valid,12025,0,True,
21,1,000015,1790173712.9904532,12442.8740433,9.393092599999363,candidate-measurement,002EF9,valid,12025,0,True,
21,1,000015,1790173713.1984441,12443.0820354,9.601084699999774,candidate-measurement,002EF9,valid,12025,0,True,
21,1,000015,1790173713.3900242,12443.2736126,9.792661899999075,candidate-measurement,002EF9,valid,12025,0,True,
21,1,000015,1790173713.5820212,12443.4656112,9.984660499998427,candidate-measurement,002EF9,valid,12025,0,True,
21,1,000015,1790173713.7900057,12443.6735943,10.192643599999428,candidate-measurement,002EFA,valid,12026,1,True,
21,1,000015,1790173713.9974174,12443.8810072,10.400056499998755,candidate-measurement,002EFA,valid,12026,0,True,
21,1,000015,1790173714.1894116,12444.0730013,10.592050599998402,candidate-measurement,002EFA,valid,12026,0,True,
21,1,000015,1790173714.3814034,12444.2649948,10.784044099998937,candidate-measurement,002EFC,valid,12028,2,True,
21,1,000015,1790173714.5729952,12444.4565829,10.975632199999382,candidate-measurement,002EFC,valid,12028,0,True,
21,1,000015,1790173714.7649806,12444.6485693,11.167618599998605,candidate-measurement,002EFE,valid,12030,2,True,
21,1,000015,1790173714.9563909,12444.8399803,11.359029599998394,candidate-measurement,002EFE,valid,12030,0,True,
21,1,000015,1790173715.1644025,12445.0479907,11.567039999999906,candidate-measurement,002EFE,valid,12030,0,True,
21,1,000015,1790173715.3559556,12445.2395437,11.758592999998655,candidate-measurement,002EFE,valid,12030,0,True,
21,1,000015,1790173715.5479548,12445.4315436,11.95059289999881,candidate-measurement,002EFE,valid,12030,0,True,
21,1,000015,1790173715.7553582,12445.638947,12.157996299998558,candidate-measurement,002EFE,valid,12030,0,True,
21,1,000015,1790173715.9473562,12445.8309462,12.34999549999884,candidate-measurement,002EFE,valid,12030,0,True,
21,1,000015,1790173716.1393456,12446.0229372,12.54198649999853,candidate-measurement,002EFE,valid,12030,0,True,
21,1,000015,1790173716.3309214,12446.2145129,12.733562199999142,candidate-measurement,002EFE,valid,12030,0,True,
21,1,000015,1790173716.5389185,12446.4225076,12.941556899999341,candidate-measurement,002EFE,valid,12030,0,True,
21,1,000015,1790173716.7309117,12446.6145007,13.13354999999865,candidate-measurement,002EFE,valid,12030,0,True,
21,1,000015,1790173716.9223273,12446.8059182,13.32496749999882,candidate-measurement,002EFE,valid,12030,0,True,
21,1,000015,1790173717.1303153,12447.0139066,13.532955899998342,candidate-measurement,002EFE,valid,12030,0,True,
21,1,000015,1790173717.322305,12447.2058966,13.724945899999511,candidate-measurement,002EFE,valid,12030,0,True,
21,1,000015,1790173717.5138898,12447.3974785,13.91652779999822,candidate-measurement,002EFE,valid,12030,0,True,
21,1,000015,1790173717.7218816,12447.6054712,14.124520499999562,candidate-measurement,002EFE,valid,12030,0,True,
21,1,000015,1790173717.9138753,12447.7974661,14.316515399999844,candidate-measurement,002EFE,valid,12030,0,True,
21,1,000015,1790173718.1052864,12447.9888778,14.507927099999506,candidate-measurement,002EFF,valid,12031,1,True,
21,1,000015,1790173718.2972825,12448.1808738,14.699923099999069,candidate-measurement,002EFF,valid,12031,0,True,
21,1,000015,1790173718.5052755,12448.3888643,14.90791359999821,candidate-measurement,002F00,valid,12032,1,True,
22,1,000016,1790173721.414184,12451.2977722,0.20297000000027765,candidate-warmup,002F5C,valid,12124,91,True,
22,1,000016,1790173721.6057594,12451.4893474,0.3945452000007208,candidate-warmup,002F5C,valid,12124,0,True,
22,1,000016,1790173721.7977483,12451.6813369,0.5865346999999019,candidate-warmup,002F5C,valid,12124,0,True,
22,1,000016,1790173721.9897408,12451.8733318,0.7785296000001836,candidate-warmup,002F5C,valid,12124,0,True,
22,1,000016,1790173722.1811533,12452.0647447,0.9699424999998882,candidate-warmup,002F5C,valid,12124,0,True,
22,1,000016,1790173722.3891501,12452.2727416,1.1779394000004686,candidate-warmup,002F5C,valid,12124,0,True,
22,1,000016,1790173722.5807247,12452.4643138,1.3695115999998961,candidate-warmup,002F5C,valid,12124,0,True,
22,1,000016,1790173722.7727182,12452.6563076,1.5615054000008968,candidate-warmup,002F5C,valid,12124,0,True,
22,1,000016,1790173722.980711,12452.8643021,1.7694999000013922,candidate-warmup,002F5C,valid,12124,0,True,
22,1,000016,1790173723.1721234,12453.0557148,1.960912600001393,candidate-warmup,002F5C,valid,12124,0,True,
22,1,000016,1790173723.3641117,12453.2477029,2.152900700000828,candidate-warmup,002F5C,valid,12124,0,True,
22,1,000016,1790173723.556106,12453.4396955,2.344893299999967,candidate-warmup,002F5C,valid,12124,0,True,
22,1,000016,1790173723.7636893,12453.6472791,2.552476900000329,candidate-warmup,002F5C,valid,12124,0,True,
22,1,000016,1790173723.955679,12453.83927,2.7444678000010754,candidate-warmup,002F5C,valid,12124,0,True,
22,1,000016,1790173724.1476712,12454.0312629,2.93646070000068,candidate-warmup,002F5C,valid,12124,0,True,
22,1,000016,1790173724.3556626,12454.2392529,3.144450700001471,candidate-warmup,002F5C,valid,12124,0,True,
22,1,000016,1790173724.5470817,12454.4306729,3.335870700000669,candidate-warmup,002F5C,valid,12124,0,True,
22,1,000016,1790173724.7386518,12454.6222413,3.527439100000265,candidate-warmup,002F5C,valid,12124,0,True,
22,1,000016,1790173724.946645,12454.8302338,3.7354316000000836,candidate-warmup,002F5C,valid,12124,0,True,
22,1,000016,1790173725.138643,12455.0222328,3.927430600000662,candidate-warmup,002F5C,valid,12124,0,True,
22,1,000016,1790173725.330632,12455.2142233,4.1194211000001815,candidate-warmup,002F5C,valid,12124,0,True,
22,1,000016,1790173725.5220473,12455.4056387,4.3108365000007325,candidate-warmup,002F5C,valid,12124,0,True,
22,1,000016,1790173725.7296758,12455.6132639,4.518461700001353,candidate-warmup,002F5C,valid,12124,0,True,
22,1,000016,1790173725.9216273,12455.8052157,4.710413500000868,candidate-warmup,002F5D,valid,12125,1,True,
22,1,000016,1790173726.113635,12455.997223,4.902420800000982,candidate-warmup,002F5D,valid,12125,0,True,
22,1,000016,1790173726.321031,12456.2046185,5.1098163000006025,candidate-warmup,002F5D,valid,12125,0,True,
22,1,000016,1790173726.5130253,12456.3966134,5.301811200000884,candidate-warmup,002F5D,valid,12125,0,True,
22,1,000016,1790173726.7045934,12456.5881824,5.493380200001411,candidate-warmup,002F5D,valid,12125,0,True,
22,1,000016,1790173726.9125805,12456.7961693,5.701367100000425,candidate-warmup,002F5D,valid,12125,0,True,
22,1,000016,1790173727.1045737,12456.9881642,5.893362000000707,candidate-warmup,002F5D,valid,12125,0,True,
22,1,000016,1790173727.2965698,12457.1801603,6.085358100001031,candidate-warmup,002F5D,valid,12125,0,True,
22,1,000016,1790173727.5039785,12457.3875704,6.2927682000008645,candidate-warmup,002F5D,valid,12125,0,True,
22,1,000016,1790173727.6959844,12457.5795717,6.484769500000766,candidate-warmup,002F5D,valid,12125,0,True,
22,1,000016,1790173727.887973,12457.7715622,6.676760000000286,candidate-warmup,002F5D,valid,12125,0,True,
22,1,000016,1790173728.0795429,12457.9631343,6.868332100000771,candidate-warmup,002F5D,valid,12125,0,True,
22,1,000016,1790173728.2875533,12458.1711447,7.0763425000004645,candidate-measurement,002F5D,valid,12125,0,True,
22,1,000016,1790173728.479538,12458.363126,7.268323800000871,candidate-measurement,002F5D,valid,12125,0,True,
22,1,000016,1790173728.6709473,12458.5545358,7.459733600000618,candidate-measurement,002F5D,valid,12125,0,True,
22,1,000016,1790173728.8789449,12458.7625332,7.667731000001368,candidate-measurement,002F5D,valid,12125,0,True,
22,1,000016,1790173729.0705066,12458.9540977,7.859295500000371,candidate-measurement,002F5D,valid,12125,0,True,
22,1,000016,1790173729.26251,12459.1460979,8.051295700000992,candidate-measurement,002F5D,valid,12125,0,True,
22,1,000016,1790173729.454504,12459.3380922,8.243290000000343,candidate-measurement,002F5D,valid,12125,0,True,
22,1,000016,1790173729.6619148,12459.5455056,8.450703399999838,candidate-measurement,002F5D,valid,12125,0,True,
22,1,000016,1790173729.853904,12459.7374942,8.642692000001261,candidate-measurement,002F5D,valid,12125,0,True,
22,1,000016,1790173730.0454803,12459.9290713,8.834269099999801,candidate-measurement,002F5D,valid,12125,0,True,
22,1,000016,1790173730.2534778,12460.1370654,9.042263200000889,candidate-measurement,002F5D,valid,12125,0,True,
22,1,000016,1790173730.4454658,12460.3290569,9.234254700000747,candidate-measurement,002F5D,valid,12125,0,True,
22,1,000016,1790173730.6369288,12460.5205165,9.425714300001346,candidate-measurement,002F5D,valid,12125,0,True,
22,1,000016,1790173730.8448813,12460.7284696,9.633667400001286,candidate-measurement,002F5D,valid,12125,0,True,
22,1,000016,1790173731.0368714,12460.9204609,9.82565870000144,candidate-measurement,002F5D,valid,12125,0,True,
22,1,000016,1790173731.2284422,12461.1120337,10.01723149999998,candidate-measurement,002F5D,valid,12125,0,True,
22,1,000016,1790173731.420428,12461.3040199,10.209217700001318,candidate-measurement,002F5D,valid,12125,0,True,
22,1,000016,1790173731.6284335,12461.512022,10.417219800001476,candidate-measurement,002F5D,valid,12125,0,True,
22,1,000016,1790173731.8198454,12461.7034335,10.608631300001434,candidate-measurement,002F5D,valid,12125,0,True,
22,1,000016,1790173732.011842,12461.8954312,10.800629000001209,candidate-measurement,002F5D,valid,12125,0,True,
22,1,000016,1790173732.2194765,12462.103068,11.008265800001027,candidate-measurement,002F5D,valid,12125,0,True,
22,1,000016,1790173732.4114034,12462.2949947,11.200192500000412,candidate-measurement,002F5D,valid,12125,0,True,
22,1,000016,1790173732.6033924,12462.4869831,11.392180900000312,candidate-measurement,002F5D,valid,12125,0,True,
22,1,000016,1790173732.811394,12462.6949827,11.600180500001443,candidate-measurement,002F5D,valid,12125,0,True,
22,1,000016,1790173733.0033867,12462.8869758,11.792173600000751,candidate-measurement,002F5D,valid,12125,0,True,
22,1,000016,1790173733.1953804,12463.0789712,11.984169000001202,candidate-measurement,002F5D,valid,12125,0,True,
22,1,000016,1790173733.3868108,12463.270401,12.175598800000444,candidate-measurement,002F5D,valid,12125,0,True,
22,1,000016,1790173733.5943706,12463.4779597,12.38315750000038,candidate-measurement,002F5D,valid,12125,0,True,
22,1,000016,1790173733.7863646,12463.6699538,12.575151600000027,candidate-measurement,002F5D,valid,12125,0,True,
22,1,000016,1790173733.9783463,12463.8619377,12.767135500000222,candidate-measurement,002F5D,valid,12125,0,True,
22,1,000016,1790173734.1857698,12464.0693607,12.974558500000057,candidate-measurement,002F5D,valid,12125,0,True,
22,1,000016,1790173734.3777635,12464.2613534,13.166551199999958,candidate-measurement,002F5D,valid,12125,0,True,
22,1,000016,1790173734.5693328,12464.4529241,13.358121900000697,candidate-measurement,002F5D,valid,12125,0,True,
22,1,000016,1790173734.7773275,12464.6609164,13.566114200000811,candidate-measurement,002F5D,valid,12125,0,True,
22,1,000016,1790173734.969323,12464.8529143,13.75811210000029,candidate-measurement,002F5D,valid,12125,0,True,
22,1,000016,1790173735.1607337,12465.0443251,13.949522900000375,candidate-measurement,002F5D,valid,12125,0,True,
22,1,000016,1790173735.3527312,12465.2363211,14.141518899999937,candidate-measurement,002F5D,valid,12125,0,True,
22,1,000016,1790173735.5603034,12465.4438946,14.34909239999979,candidate-measurement,002F5E,valid,12126,1,True,
22,1,000016,1790173735.7523043,12465.6358936,14.541091400000369,candidate-measurement,002F5E,valid,12126,0,True,
22,1,000016,1790173735.9442828,12465.8278746,14.73307240000031,candidate-measurement,002F5E,valid,12126,0,True,
22,1,000016,1790173736.152284,12466.0358745,14.941072300000087,candidate-measurement,002F5E,valid,12126,0,True,
23,1,000017,1790173739.0291975,12468.9127858,0.2025534999993397,candidate-warmup,002FD3,valid,12243,117,True,
23,1,000017,1790173739.2206118,12469.1042014,0.3939690999995946,candidate-warmup,002FD3,valid,12243,0,True,
23,1,000017,1790173739.4121947,12469.2957823,0.5855499999997846,candidate-warmup,002FD3,valid,12243,0,True,
23,1,000017,1790173739.6041718,12469.4877631,0.7775308000000223,candidate-warmup,002FD3,valid,12243,0,True,
23,1,000017,1790173739.7961729,12469.6797615,0.9695291999996698,candidate-warmup,002FD3,valid,12243,0,True,
23,1,000017,1790173739.9875827,12469.8711707,1.1609384000003047,candidate-warmup,002FD3,valid,12243,0,True,
23,1,000017,1790173740.1795835,12470.0631708,1.352938500000164,candidate-warmup,002FD3,valid,12243,0,True,
23,1,000017,1790173740.3711522,12470.2547401,1.5445077999993373,candidate-warmup,002FD3,valid,12243,0,True,
23,1,000017,1790173740.563156,12470.4467437,1.7365114000003814,candidate-warmup,002FD3,valid,12243,0,True,
23,1,000017,1790173740.7551675,12470.6387546,1.9285223000006226,candidate-warmup,002FD3,valid,12243,0,True,
23,1,000017,1790173740.9465547,12470.8301424,2.1199101000001974,candidate-warmup,002FD3,valid,12243,0,True,
23,1,000017,1790173741.1385643,12471.0221518,2.311919499999931,candidate-warmup,002FD3,valid,12243,0,True,
23,1,000017,1790173741.3301222,12471.2137099,2.5034775999993144,candidate-warmup,002FD3,valid,12243,0,True,
23,1,000017,1790173741.5221324,12471.4057203,2.6954879999993864,candidate-warmup,002FD3,valid,12243,0,True,
23,1,000017,1790173741.7141073,12471.5976952,2.8874629000001732,candidate-warmup,002FD3,valid,12243,0,True,
23,1,000017,1790173741.9061089,12471.7896968,3.0794645000005403,candidate-warmup,002FD3,valid,12243,0,True,
23,1,000017,1790173742.097518,12471.9811058,3.2708734999996523,candidate-warmup,002FD3,valid,12243,0,True,
23,1,000017,1790173742.2895157,12472.1731039,3.4628716000006534,candidate-warmup,002FD3,valid,12243,0,True,
23,1,000017,1790173742.4815094,12472.3650973,3.6548650000004272,candidate-warmup,002FD3,valid,12243,0,True,
23,1,000017,1790173742.6730812,12472.5566684,3.846436100000574,candidate-warmup,002FD3,valid,12243,0,True,
23,1,000017,1790173742.8650796,12472.7486671,4.038434800000687,candidate-warmup,002FD3,valid,12243,0,True,
23,1,000017,1790173743.0570648,12472.9406531,4.230420800000502,candidate-warmup,002FD3,valid,12243,0,True,
23,1,000017,1790173743.2484846,12473.1320725,4.421840200000588,candidate-warmup,002FD3,valid,12243,0,True,
23,1,000017,1790173743.4404716,12473.32406,4.613827700000911,candidate-warmup,002FD3,valid,12243,0,True,
23,1,000017,1790173743.632042,12473.5156314,4.805399099999704,candidate-warmup,002FD3,valid,12243,0,True,
23,1,000017,1790173743.8240428,12473.7076309,4.9973986000004516,candidate-warmup,002FD3,valid,12243,0,True,
23,1,000017,1790173744.0160375,12473.8996254,5.189393099999506,candidate-warmup,002FD3,valid,12243,0,True,
23,1,000017,1790173744.2074537,12474.0910415,5.380809199999931,candidate-warmup,002FD3,valid,12243,0,True,
23,1,000017,1790173744.3994431,12474.2830313,5.572798999999577,candidate-warmup,002FD3,valid,12243,0,True,
23,1,000017,1790173744.5914423,12474.4750302,5.764797899999394,candidate-warmup,002FD3,valid,12243,0,True,
23,1,000017,1790173744.7830143,12474.6666022,5.9563699000009365,candidate-warmup,002FD3,valid,12243,0,True,
23,1,000017,1790173744.975007,12474.8585948,6.148362500000076,candidate-warmup,002FD3,valid,12243,0,True,
23,1,000017,1790173745.1669946,12475.0505851,6.340352799999891,candidate-warmup,002FD3,valid,12243,0,True,
23,1,000017,1790173745.3590016,12475.2425892,6.532356899999286,candidate-warmup,002FD3,valid,12243,0,True,
23,1,000017,1790173745.5504684,12475.4340535,6.723821199999293,candidate-warmup,002FD3,valid,12243,0,True,
23,1,000017,1790173745.7424023,12475.6259904,6.915758099999948,candidate-warmup,002FD3,valid,12243,0,True,
23,1,000017,1790173745.9339695,12475.8175574,7.107325099999798,candidate-measurement,002FD3,valid,12243,0,True,
23,1,000017,1790173746.1259644,12476.0095532,7.299320899999657,candidate-measurement,002FD3,valid,12243,0,True,
23,1,000017,1790173746.3173845,12476.2009723,7.490739999999278,candidate-measurement,002FD3,valid,12243,0,True,
23,1,000017,1790173746.5093753,12476.3929636,7.682731299999432,candidate-measurement,002FD3,valid,12243,0,True,
23,1,000017,1790173746.7009513,12476.5845406,7.874308300000848,candidate-measurement,002FD3,valid,12243,0,True,
23,1,000017,1790173746.8929605,12476.7765469,8.066314600000624,candidate-measurement,002FD3,valid,12243,0,True,
23,1,000017,1790173747.084355,12476.9679435,8.257711199999903,candidate-measurement,002FD3,valid,12243,0,True,
23,1,000017,1790173747.2763474,12477.1599382,8.449705900000481,candidate-measurement,002FD3,valid,12243,0,True,
23,1,000017,1790173747.4679196,12477.3515087,8.641276399999697,candidate-measurement,002FD3,valid,12243,0,True,
23,1,000017,1790173747.6599143,12477.5435036,8.833271299999979,candidate-measurement,002FD3,valid,12243,0,True,
23,1,000017,1790173747.851912,12477.7354996,9.025267299999541,candidate-measurement,002FD3,valid,12243,0,True,
23,1,000017,1790173748.0439036,12477.9274914,9.217259099999865,candidate-measurement,002FD3,valid,12243,0,True,
23,1,000017,1790173748.235316,12478.118907,9.40867470000012,candidate-measurement,002FD3,valid,12243,0,True,
23,1,000017,1790173748.4273145,12478.3109029,9.60067060000074,candidate-measurement,002FD3,valid,12243,0,True,
23,1,000017,1790173748.6188838,12478.5024723,9.792240000000675,candidate-measurement,002FD3,valid,12243,0,True,
23,1,000017,1790173748.810884,12478.6944725,9.984240199999476,candidate-measurement,002FD3,valid,12243,0,True,
23,1,000017,1790173749.0028877,12478.8864756,10.176243300000351,candidate-measurement,002FD3,valid,12243,0,True,
23,1,000017,1790173749.1942818,12479.0778714,10.367639100000815,candidate-measurement,002FD3,valid,12243,0,True,
23,1,000017,1790173749.3862839,12479.2698722,10.559639900000548,candidate-measurement,002FD3,valid,12243,0,True,
23,1,000017,1790173749.5782702,12479.4618597,10.75162740000087,candidate-measurement,002FD3,valid,12243,0,True,
23,1,000017,1790173749.7698455,12479.6534332,10.943200899999283,candidate-measurement,002FD3,valid,12243,0,True,
23,1,000017,1790173749.9618425,12479.8454308,11.135198500000115,candidate-measurement,002FD3,valid,12243,0,True,
23,1,000017,1790173750.1538427,12480.0374309,11.327198599999974,candidate-measurement,002FD3,valid,12243,0,True,
23,1,000017,1790173750.3458276,12480.2294164,11.51918409999962,candidate-measurement,002FD3,valid,12243,0,True,
23,1,000017,1790173750.5372732,12480.4208613,11.710628999999244,candidate-measurement,002FD3,valid,12243,0,True,
23,1,000017,1790173750.7292433,12480.6128307,11.902598399999988,candidate-measurement,002FD3,valid,12243,0,True,
23,1,000017,1790173750.92081,12480.8043983,12.094166000000769,candidate-measurement,002FD3,valid,12243,0,True,
23,1,000017,1790173751.1128094,12480.9963981,12.286165800000163,candidate-measurement,002FD3,valid,12243,0,True,
23,1,000017,1790173751.3042188,12481.1878071,12.477574799999275,candidate-measurement,002FD3,valid,12243,0,True,
23,1,000017,1790173751.4962137,12481.3798032,12.669570899999599,candidate-measurement,002FD3,valid,12243,0,True,
23,1,000017,1790173751.6877856,12481.571375,12.861142699999618,candidate-measurement,002FD3,valid,12243,0,True,
23,1,000017,1790173751.8797822,12481.76337,13.053137700000661,candidate-measurement,002FD3,valid,12243,0,True,
23,1,000017,1790173752.0717697,12481.9553582,13.245125900000858,candidate-measurement,002FD3,valid,12243,0,True,
23,1,000017,1790173752.2631857,12482.1467736,13.43654129999959,candidate-measurement,002FD3,valid,12243,0,True,
23,1,000017,1790173752.4551764,12482.3387658,13.628533499999321,candidate-measurement,002FD3,valid,12243,0,True,
23,1,000017,1790173752.6471744,12482.5307633,13.820530999999391,candidate-measurement,002FD3,valid,12243,0,True,
23,1,000017,1790173752.8387501,12482.7223382,14.01210589999937,candidate-measurement,002FD3,valid,12243,0,True,
23,1,000017,1790173753.030747,12482.914335,14.204102699999567,candidate-measurement,002FD3,valid,12243,0,True,
23,1,000017,1790173753.2227337,12483.1063229,14.396090599999297,candidate-measurement,002FD3,valid,12243,0,True,
23,1,000017,1790173753.4141512,12483.2977406,14.58750830000099,candidate-measurement,002FD3,valid,12243,0,True,
23,1,000017,1790173753.606139,12483.4897284,14.77949609999996,candidate-measurement,002FD3,valid,12243,0,True,
23,1,000017,1790173753.7977214,12483.6813093,14.97107700000015,candidate-measurement,002FD3,valid,12243,0,True,
24,1,000018,1790173756.6590505,12486.542639,0.20239140000012412,candidate-warmup,003059,valid,12377,134,True,
24,1,000018,1790173756.8506215,12486.7342102,0.3939626000010321,candidate-warmup,003059,valid,12377,0,True,
24,1,000018,1790173757.0586264,12486.9422142,0.6019666000011057,candidate-warmup,003059,valid,12377,0,True,
24,1,000018,1790173757.2506082,12487.1341965,0.7939489000000322,candidate-warmup,003059,valid,12377,0,True,
24,1,000018,1790173757.4420242,12487.3256145,0.985366900000372,candidate-warmup,003059,valid,12377,0,True,
24,1,000018,1790173757.634011,12487.5176025,1.1773549000008643,candidate-warmup,003059,valid,12377,0,True,
24,1,000018,1790173757.8416045,12487.7251933,1.3849457000014809,candidate-warmup,003059,valid,12377,0,True,
24,1,000018,1790173758.033577,12487.917167,1.5769194000004063,candidate-warmup,003059,valid,12377,0,True,
24,1,000018,1790173758.224997,12488.108588,1.7683403999999427,candidate-warmup,003059,valid,12377,0,True,
24,1,000018,1790173758.4329884,12488.3165799,1.9763323000006494,candidate-warmup,003059,valid,12377,0,True,
24,1,000018,1790173758.6249766,12488.5085681,2.1683205000008456,candidate-warmup,003059,valid,12377,0,True,
24,1,000018,1790173758.8165581,12488.7001465,2.3598989000001893,candidate-warmup,003059,valid,12377,0,True,
24,1,000018,1790173759.0245523,12488.9081411,2.5678935000014462,candidate-warmup,003059,valid,12377,0,True,
24,1,000018,1790173759.231963,12489.1155525,2.7753049000002648,candidate-warmup,003059,valid,12377,0,True,
24,1,000018,1790173759.4239554,12489.3075467,2.967299100000673,candidate-warmup,003059,valid,12377,0,True,
24,1,000018,1790173759.6155293,12489.4991206,3.1588730000003125,candidate-warmup,003059,valid,12377,0,True,
24,1,000018,1790173759.8075278,12489.6911167,3.3508691000006365,candidate-warmup,003059,valid,12377,0,True,
24,1,000018,1790173759.999521,12489.8831103,3.5428627000001143,candidate-warmup,003059,valid,12377,0,True,
24,1,000018,1790173760.190928,12490.0745185,3.7342709000004106,candidate-warmup,003059,valid,12377,0,True,
24,1,000018,1790173760.3989236,12490.2825145,3.942266900001414,candidate-warmup,003059,valid,12377,0,True,
24,1,000018,1790173760.5904973,12490.4740858,4.133838200001264,candidate-warmup,003059,valid,12377,0,True,
24,1,000018,1790173760.7824957,12490.6660847,4.325837100001081,candidate-warmup,003059,valid,12377,0,True,
24,1,000018,1790173760.9904857,12490.874077,4.533829400001196,candidate-warmup,003059,valid,12377,0,True,
24,1,000018,1790173761.1978934,12491.0814842,4.741236600000775,candidate-warmup,003059,valid,12377,0,True,
24,1,000018,1790173761.3899007,12491.2734889,4.9332413000011,candidate-warmup,003059,valid,12377,0,True,
24,1,000018,1790173761.5814667,12491.465058,5.12481040000057,candidate-warmup,003059,valid,12377,0,True,
24,1,000018,1790173761.773466,12491.6570539,5.31680630000119,candidate-warmup,003059,valid,12377,0,True,
24,1,000018,1790173761.9654455,12491.8490363,5.508788700000878,candidate-warmup,003059,valid,12377,0,True,
24,1,000018,1790173762.1568687,12492.0404585,5.700210900000457,candidate-warmup,003059,valid,12377,0,True,
24,1,000018,1790173762.3648598,12492.2484494,5.908201800000825,candidate-warmup,003059,valid,12377,0,True,
24,1,000018,1790173762.55643,12492.4400215,6.09977390000131,candidate-warmup,003059,valid,12377,0,True,
24,1,000018,1790173762.7484548,12492.6320442,6.291796600000453,candidate-warmup,003059,valid,12377,0,True,
24,1,000018,1790173762.956425,12492.8400145,6.499766900000395,candidate-warmup,003059,valid,12377,0,True,
24,1,000018,1790173763.1484225,12493.0320112,6.69176360000165,candidate-warmup,003059,valid,12377,0,True,
24,1,000018,1790173763.3398335,12493.2234242,6.883176600000297,candidate-warmup,003058,valid,12376,-1,True,
24,1,000018,1790173763.5318217,12493.4154133,7.0751657000000705,candidate-measurement,003058,valid,12376,0,True,
24,1,000018,1790173763.7394633,12493.6230521,7.282804500000566,candidate-measurement,003058,valid,12376,0,True,
24,1,000018,1790173763.9313967,12493.8149858,7.474738200000502,candidate-measurement,003058,valid,12376,0,True,
24,1,000018,1790173764.1233847,12494.0069752,7.6667276000007405,candidate-measurement,003058,valid,12376,0,True,
24,1,000018,1790173764.3314116,12494.2150021,7.874754500000563,candidate-measurement,003058,valid,12376,0,True,
24,1,000018,1790173764.5227911,12494.406381,8.06613340000149,candidate-measurement,003058,valid,12376,0,True,
24,1,000018,1790173764.7148,12494.5983882,8.258140600000843,candidate-measurement,003058,valid,12376,0,True,
24,1,000018,1790173764.9223604,12494.8059486,8.46570100000099,candidate-measurement,003058,valid,12376,0,True,
24,1,000018,1790173765.1143496,12494.9979407,8.65769309999996,candidate-measurement,003058,valid,12376,0,True,
24,1,000018,1790173765.3063438,12495.1899345,8.849686900000961,candidate-measurement,003058,valid,12376,0,True,
24,1,000018,1790173765.498338,12495.3819292,9.041681600001539,candidate-measurement,003058,valid,12376,0,True,
24,1,000018,1790173765.7057595,12495.5893491,9.249101500001416,candidate-measurement,003058,valid,12376,0,True,
24,1,000018,1790173765.8973267,12495.7809169,9.440669300000081,candidate-measurement,003058,valid,12376,0,True,
24,1,000018,1790173766.0893257,12495.9729153,9.632667700001548,candidate-measurement,003058,valid,12376,0,True,
24,1,000018,1790173766.2973068,12496.1808975,9.840649900001154,candidate-measurement,003058,valid,12376,0,True,
24,1,000018,1790173766.4893136,12496.3729029,10.032655300001352,candidate-measurement,003058,valid,12376,0,True,
24,1,000018,1790173766.6813169,12496.5649081,10.224660500000027,candidate-measurement,003058,valid,12376,0,True,
24,1,000018,1790173766.8887153,12496.7723043,10.43205670000134,candidate-measurement,003058,valid,12376,0,True,
24,1,000018,1790173767.0802875,12496.9638786,10.623631000000387,candidate-measurement,003058,valid,12376,0,True,
24,1,000018,1790173767.2722821,12497.1558726,10.815625000001091,candidate-measurement,003058,valid,12376,0,True,
24,1,000018,1790173767.464278,12497.347869,11.007621400000062,candidate-measurement,003058,valid,12376,0,True,
24,1,000018,1790173767.67227,12497.5558611,11.215613500000472,candidate-measurement,003058,valid,12376,0,True,
24,1,000018,1790173767.8636878,12497.7472763,11.40702870000132,candidate-measurement,003058,valid,12376,0,True,
24,1,000018,1790173768.0556746,12497.9392658,11.5990182000005,candidate-measurement,003058,valid,12376,0,True,
24,1,000018,1790173768.2632537,12498.1468443,11.806596700000227,candidate-measurement,003058,valid,12376,0,True,
24,1,000018,1790173768.4552445,12498.3388359,11.998588300000847,candidate-measurement,003058,valid,12376,0,True,
24,1,000018,1790173768.6472366,12498.5308279,12.190580300000875,candidate-measurement,003058,valid,12376,0,True,
24,1,000018,1790173768.839236,12498.7228254,12.382577800000945,candidate-measurement,003058,valid,12376,0,True,
24,1,000018,1790173769.0466523,12498.9302406,12.589993000001414,candidate-measurement,003058,valid,12376,0,True,
24,1,000018,1790173769.2386432,12499.1222334,12.781985800000257,candidate-measurement,003058,valid,12376,0,True,
24,1,000018,1790173769.4302077,12499.3137988,12.973551200000657,candidate-measurement,003058,valid,12376,0,True,
24,1,000018,1790173769.6382065,12499.5217976,13.181550000001153,candidate-measurement,003058,valid,12376,0,True,
24,1,000018,1790173769.8302083,12499.7137965,13.37354890000097,candidate-measurement,003058,valid,12376,0,True,
24,1,000018,1790173770.0216148,12499.9052059,13.564958300001308,candidate-measurement,003059,valid,12377,1,True,
24,1,000018,1790173770.229609,12500.1131996,13.772952000001169,candidate-measurement,003059,valid,12377,0,True,
24,1,000018,1790173770.42118,12500.3047698,13.96452219999992,candidate-measurement,003059,valid,12377,0,True,
24,1,000018,1790173770.6131747,12500.4967662,14.156518600000709,candidate-measurement,00305C,valid,12380,3,True,
24,1,000018,1790173770.8051744,12500.6887626,14.348515000001498,candidate-measurement,003061,valid,12385,5,True,
24,1,000018,1790173771.013164,12500.8967544,14.556506800001443,candidate-measurement,003063,valid,12387,2,True,
24,1,000018,1790173771.2045796,12501.0881711,14.74792350000098,candidate-measurement,003064,valid,12388,1,True,
24,1,000018,1790173771.3965695,12501.2801606,14.93991300000016,candidate-measurement,003064,valid,12388,0,True,
25,1,000019,1790173774.2734873,12504.1570754,0.20239790000050562,candidate-warmup,0030DC,valid,12508,120,True,
25,1,000019,1790173774.4654775,12504.349067,0.3943894999993063,candidate-warmup,0030DC,valid,12508,0,True,
25,1,000019,1790173774.6570413,12504.5406315,0.5859540000001289,candidate-warmup,0030DC,valid,12508,0,True,
25,1,000019,1790173774.849044,12504.7326322,0.7779547000009188,candidate-warmup,0030DC,valid,12508,0,True,
25,1,000019,1790173775.041034,12504.924623,0.9699455000009038,candidate-warmup,0030DC,valid,12508,0,True,
25,1,000019,1790173775.2324622,12505.1160536,1.1613761000007798,candidate-warmup,0030DC,valid,12508,0,True,
25,1,000019,1790173775.4244523,12505.3080428,1.3533652999994956,candidate-warmup,0030DC,valid,12508,0,True,
25,1,000019,1790173775.6160166,12505.4996067,1.5449291999993875,candidate-warmup,0030DC,valid,12508,0,True,
25,1,000019,1790173775.8080106,12505.6915985,1.736920999999711,candidate-warmup,0030DC,valid,12508,0,True,
25,1,000019,1790173776.000007,12505.8835969,1.9289193999993586,candidate-warmup,0030DC,valid,12508,0,True,
25,1,000019,1790173776.1914108,12506.0750022,2.1203246999994008,candidate-warmup,0030DC,valid,12508,0,True,
25,1,000019,1790173776.3834083,12506.2669993,2.3123218000000634,candidate-warmup,0030DC,valid,12508,0,True,
25,1,000019,1790173776.5749867,12506.458576,2.5038985000010143,candidate-warmup,0030DC,valid,12508,0,True,
25,1,000019,1790173776.7669806,12506.6505706,2.6958931000008306,candidate-warmup,0030DC,valid,12508,0,True,
25,1,000019,1790173776.9589736,12506.8425638,2.8878863000009005,candidate-warmup,0030DC,valid,12508,0,True,
25,1,000019,1790173777.1503882,12507.0339787,3.0793011999994633,candidate-warmup,0030DC,valid,12508,0,True,
25,1,000019,1790173777.3423834,12507.2259728,3.2712953000009293,candidate-warmup,0030DC,valid,12508,0,True,
25,1,000019,1790173777.5499575,12507.433548,3.478870500000994,candidate-warmup,0030DC,valid,12508,0,True,
25,1,000019,1790173777.74195,12507.6255397,3.670862200000556,candidate-warmup,0030DC,valid,12508,0,True,
25,1,000019,1790173777.9339423,12507.8175329,3.862855400000626,candidate-warmup,0030DC,valid,12508,0,True,
25,1,000019,1790173778.1419294,12508.0255207,4.070843199999217,candidate-warmup,0030DC,valid,12508,0,True,
25,1,000019,1790173778.33335,12508.2169402,4.262262700000065,candidate-warmup,0030DC,valid,12508,0,True,
25,1,000019,1790173778.5249114,12508.4085028,4.453825300000972,candidate-warmup,0030DC,valid,12508,0,True,
25,1,000019,1790173778.732919,12508.6165088,4.661831299999903,candidate-warmup,0030DC,valid,12508,0,True,
25,1,000019,1790173778.9249074,12508.8084985,4.8538210000006075,candidate-warmup,0030DC,valid,12508,0,True,
25,1,000019,1790173779.116903,12509.0004935,5.0458159999998315,candidate-warmup,0030DC,valid,12508,0,True,
25,1,000019,1790173779.3088913,12509.1924825,5.237805000000662,candidate-warmup,0030DC,valid,12508,0,True,
25,1,000019,1790173779.5163105,12509.3999017,5.445224200000666,candidate-warmup,0030DC,valid,12508,0,True,
25,1,000019,1790173779.7083113,12509.5919026,5.637225099999341,candidate-warmup,0030DC,valid,12508,0,True,
25,1,000019,1790173779.899879,12509.7834688,5.8287913000003755,candidate-warmup,0030DC,valid,12508,0,True,
25,1,000019,1790173780.107871,12509.9914588,6.0367812999993475,candidate-warmup,0030DC,valid,12508,0,True,
25,1,000019,1790173780.299865,12510.1834563,6.228778799999418,candidate-warmup,0030DC,valid,12508,0,True,
25,1,000019,1790173780.4912732,12510.3748636,6.420186100000137,candidate-warmup,0030DC,valid,12508,0,True,
25,1,000019,1790173780.6992786,12510.5828692,6.628191699999661,candidate-warmup,0030DC,valid,12508,0,True,
25,1,000019,1790173780.8908503,12510.7744382,6.819760700000188,candidate-warmup,0030DC,valid,12508,0,True,
25,1,000019,1790173781.082841,12510.9664307,7.011753200000385,candidate-measurement,0030DC,valid,12508,0,True,
25,1,000019,1790173781.2748318,12511.1584224,7.203744899999947,candidate-measurement,0030DC,valid,12508,0,True,
25,1,000019,1790173781.4822488,12511.3658384,7.411160899999231,candidate-measurement,0030DC,valid,12508,0,True,
25,1,000019,1790173781.6742446,12511.5578329,7.603155400000105,candidate-measurement,0030DC,valid,12508,0,True,
25,1,000019,1790173781.8658175,12511.7494056,7.794728099999702,candidate-measurement,0030DC,valid,12508,0,True,
25,1,000019,1790173782.0738487,12511.9574119,8.002734400000918,candidate-measurement,0030DC,valid,12508,0,True,
25,1,000019,1790173782.2657979,12512.1493893,8.194711800000732,candidate-measurement,0030DC,valid,12508,0,True,
25,1,000019,1790173782.4578066,12512.3413945,8.386716999999408,candidate-measurement,0030DC,valid,12508,0,True,
25,1,000019,1790173782.665211,12512.5488015,8.594123999999283,candidate-measurement,0030DC,valid,12508,0,True,
25,1,000019,1790173782.8572068,12512.740796,8.786118500000157,candidate-measurement,0030DC,valid,12508,0,True,
25,1,000019,1790173783.049191,12512.9327817,8.978104199999507,candidate-measurement,0030DC,valid,12508,0,True,
25,1,000019,1790173783.240765,12513.1243566,9.169679099999485,candidate-measurement,0030DC,valid,12508,0,True,
25,1,000019,1790173783.4487655,12513.3323548,9.377677300000869,candidate-measurement,0030DC,valid,12508,0,True,
25,1,000019,1790173783.6407573,12513.5243485,9.569670999999289,candidate-measurement,0030DC,valid,12508,0,True,
25,1,000019,1790173783.832752,12513.7163423,9.76166480000029,candidate-measurement,0030DC,valid,12508,0,True,
25,1,000019,1790173784.0401633,12513.9237542,9.969076699999277,candidate-measurement,0030DC,valid,12508,0,True,
25,1,000019,1790173784.2321534,12514.1157444,10.16106690000015,candidate-measurement,0030DC,valid,12508,0,True,
25,1,000019,1790173784.423736,12514.3073256,10.352648100000806,candidate-measurement,0030DC,valid,12508,0,True,
25,1,000019,1790173784.6317232,12514.5153134,10.560635899999397,candidate-measurement,0030DC,valid,12508,0,True,
25,1,000019,1790173784.8237202,12514.7073088,10.752631299999848,candidate-measurement,0030DC,valid,12508,0,True,
25,1,000019,1790173785.0151298,12514.898719,10.944041500000822,candidate-measurement,0030DC,valid,12508,0,True,
25,1,000019,1790173785.20713,12515.0907198,11.136042300000554,candidate-measurement,0030DC,valid,12508,0,True,
25,1,000019,1790173785.414699,12515.2982882,11.343610699999772,candidate-measurement,0030DC,valid,12508,0,True,
25,1,000019,1790173785.6066961,12515.4902862,11.535608700000012,candidate-measurement,0030DC,valid,12508,0,True,
25,1,000019,1790173785.7986884,12515.6822765,11.727598999999827,candidate-measurement,0030DC,valid,12508,0,True,
25,1,000019,1790173786.0061002,12515.889689,11.935011499999746,candidate-measurement,0030DC,valid,12508,0,True,
25,1,000019,1790173786.1980934,12516.0816847,12.127007200000662,candidate-measurement,0030DC,valid,12508,0,True,
25,1,000019,1790173786.3900912,12516.2736823,12.319004799999675,candidate-measurement,0030DC,valid,12508,0,True,
25,1,000019,1790173786.5977206,12516.4813113,12.526633800000127,candidate-measurement,0030DC,valid,12508,0,True,
25,1,000019,1790173786.7896616,12516.6732498,12.718572300000233,candidate-measurement,0030DC,valid,12508,0,True,
25,1,000019,1790173786.981069,12516.8646597,12.90998220000074,candidate-measurement,0030DC,valid,12508,0,True,
25,1,000019,1790173787.1730638,12517.0566549,13.101977399999669,candidate-measurement,0030DE,valid,12510,2,True,
25,1,000019,1790173787.380635,12517.2642266,13.309549100000368,candidate-measurement,0030DE,valid,12510,0,True,
25,1,000019,1790173787.5726438,12517.4562322,13.50155470000027,candidate-measurement,0030DE,valid,12510,0,True,
25,1,000019,1790173787.7646282,12517.6482169,13.693539399999281,candidate-measurement,0030DE,valid,12510,0,True,
25,1,000019,1790173787.9720376,12517.8556285,13.900950999999623,candidate-measurement,0030E2,valid,12514,4,True,
25,1,000019,1790173788.164025,12518.047616,14.092938499999946,candidate-measurement,0030E4,valid,12516,2,True,
25,1,000019,1790173788.3560247,12518.2396162,14.284938700000566,candidate-measurement,0030E5,valid,12517,1,True,
25,1,000019,1790173788.5635984,12518.447188,14.492510500000208,candidate-measurement,0030E5,valid,12517,0,True,
25,1,000019,1790173788.7555933,12518.6391824,14.68450490000032,candidate-measurement,0030E5,valid,12517,0,True,
25,1,000019,1790173788.9470067,12518.8305974,14.875919899999644,candidate-measurement,0030E5,valid,12517,0,True,
26,1,00001A,1790173791.8889205,12521.7725083,0.20297449999998207,candidate-warmup,003154,valid,12628,108,True,
26,1,00001A,1790173792.0809035,12521.9644936,0.39495979999992414,candidate-warmup,003154,valid,12628,0,True,
26,1,00001A,1790173792.2724771,12522.1560681,0.5865342999986751,candidate-warmup,003154,valid,12628,0,True,
26,1,00001A,1790173792.4644794,12522.3480698,0.7785359999998036,candidate-warmup,003154,valid,12628,0,True,
26,1,00001A,1790173792.6558888,12522.5394773,0.9699435000002268,candidate-warmup,003154,valid,12628,0,True,
26,1,00001A,1790173792.8478835,12522.7314733,1.1619394999997894,candidate-warmup,003154,valid,12628,0,True,
26,1,00001A,1790173793.0398738,12522.9234644,1.3539306000002398,candidate-warmup,003154,valid,12628,0,True,
26,1,00001A,1790173793.2474942,12523.1310857,1.5615519000002678,candidate-warmup,003154,valid,12628,0,True,
26,1,00001A,1790173793.4394414,12523.3230315,1.7534976999995706,candidate-warmup,003154,valid,12628,0,True,
26,1,00001A,1790173793.6308527,12523.5144429,1.9449090999987675,candidate-warmup,003154,valid,12628,0,True,
26,1,00001A,1790173793.8388667,12523.7224561,2.152922299999773,candidate-warmup,003154,valid,12628,0,True,
26,1,00001A,1790173794.03084,12523.9144309,2.3448970999997982,candidate-warmup,003154,valid,12628,0,True,
26,1,00001A,1790173794.2224157,12524.1060069,2.536473099999057,candidate-warmup,003154,valid,12628,0,True,
26,1,00001A,1790173794.4144127,12524.298003,2.728469199999381,candidate-warmup,003154,valid,12628,0,True,
26,1,00001A,1790173794.622399,12524.5059902,2.9364563999988604,candidate-warmup,003154,valid,12628,0,True,
26,1,00001A,1790173794.813822,12524.6974105,3.1278767000003427,candidate-warmup,003154,valid,12628,0,True,
26,1,00001A,1790173795.0058048,12524.8893961,3.319862299998931,candidate-warmup,003154,valid,12628,0,True,
26,1,00001A,1790173795.2133856,12525.0969758,3.5274419999987003,candidate-warmup,003154,valid,12628,0,True,
26,1,00001A,1790173795.4053879,12525.2889761,3.7194423000000825,candidate-warmup,003154,valid,12628,0,True,
26,1,00001A,1790173795.5973709,12525.4809623,3.9114284999996016,candidate-warmup,003154,valid,12628,0,True,
26,1,00001A,1790173795.8053818,12525.6889711,4.119437299999845,candidate-warmup,003154,valid,12628,0,True,
26,1,00001A,1790173795.9967778,12525.8803673,4.310833499999717,candidate-warmup,003154,valid,12628,0,True,
26,1,00001A,1790173796.188774,12526.072364,4.502830199999153,candidate-warmup,003154,valid,12628,0,True,
26,1,00001A,1790173796.3807676,12526.2643582,4.694824399999561,candidate-warmup,003154,valid,12628,0,True,
26,1,00001A,1790173796.5883405,12526.4719283,4.902394499998991,candidate-warmup,003154,valid,12628,0,True,
26,1,00001A,1790173796.7803383,12526.663927,5.094393199999104,candidate-warmup,003154,valid,12628,0,True,
26,1,00001A,1790173796.9723296,12526.8559185,5.286384699998962,candidate-warmup,003154,valid,12628,0,True,
26,1,00001A,1790173797.1803193,12527.0639103,5.494376499998907,candidate-warmup,003154,valid,12628,0,True,
26,1,00001A,1790173797.372319,12527.2559072,5.686373399999866,candidate-warmup,003154,valid,12628,0,True,
26,1,00001A,1790173797.563739,12527.447327,5.87779319999936,candidate-warmup,003154,valid,12628,0,True,
26,1,00001A,1790173797.7557294,12527.6393172,6.069783400000233,candidate-warmup,003154,valid,12628,0,True,
26,1,00001A,1790173797.9637165,12527.8473074,6.277773599998909,candidate-warmup,003154,valid,12628,0,True,
26,1,00001A,1790173798.1552877,12528.0388791,6.469345299999986,candidate-warmup,003154,valid,12628,0,True,
26,1,00001A,1790173798.347284,12528.2308751,6.661341299999549,candidate-warmup,003154,valid,12628,0,True,
26,1,00001A,1790173798.555273,12528.438861,6.869327200000043,candidate-warmup,003154,valid,12628,0,True,
26,1,00001A,1790173798.7466955,12528.6302848,7.0607509999990725,candidate-measurement,003154,valid,12628,0,True,
26,1,00001A,1790173798.9386866,12528.8222758,7.2527419999987615,candidate-measurement,003154,valid,12628,0,True,
26,1,00001A,1790173799.1462529,12529.0298411,7.46030729999984,candidate-measurement,003154,valid,12628,0,True,
26,1,00001A,1790173799.3382566,12529.2218446,7.652310800000123,candidate-measurement,003154,valid,12628,0,True,
26,1,00001A,1790173799.5302422,12529.413834,7.844300200000362,candidate-measurement,003154,valid,12628,0,True,
26,1,00001A,1790173799.7376635,12529.6212526,8.051718799999435,candidate-measurement,003154,valid,12628,0,True,
26,1,00001A,1790173799.9296553,12529.8132449,8.243711099999928,candidate-measurement,003154,valid,12628,0,True,
26,1,00001A,1790173800.1216557,12530.0052439,8.435710099998687,candidate-measurement,003154,valid,12628,0,True,
26,1,00001A,1790173800.3132248,12530.1968133,8.627279499998622,candidate-measurement,003154,valid,12628,0,True,
26,1,00001A,1790173800.5212178,12530.4048064,8.83527259999937,candidate-measurement,003154,valid,12628,0,True,
26,1,00001A,1790173800.7132213,12530.5968092,9.02727539999978,candidate-measurement,003154,valid,12628,0,True,
26,1,00001A,1790173800.9052093,12530.7887971,9.219263299999511,candidate-measurement,003154,valid,12628,0,True,
26,1,00001A,1790173801.112609,12530.9961968,9.42666300000019,candidate-measurement,003154,valid,12628,0,True,
26,1,00001A,1790173801.3041916,12531.1877794,9.618245599998772,candidate-measurement,003154,valid,12628,0,True,
26,1,00001A,1790173801.4961925,12531.379775,9.810241199998927,candidate-measurement,003154,valid,12628,0,True,
26,1,00001A,1790173801.6881793,12531.5717672,10.002233399998659,candidate-measurement,003154,valid,12628,0,True,
26,1,00001A,1790173801.8955996,12531.7791873,10.209653500000059,candidate-measurement,003154,valid,12628,0,True,
26,1,00001A,1790173802.0871677,12531.9707555,10.401221699999951,candidate-measurement,003154,valid,12628,0,True,
26,1,00001A,1790173802.279164,12532.1627516,10.593217800000275,candidate-measurement,003154,valid,12628,0,True,
26,1,00001A,1790173802.4871612,12532.3707486,10.801214799999798,candidate-measurement,003154,valid,12628,0,True,
26,1,00001A,1790173802.67857,12532.5621578,10.992623999998614,candidate-measurement,003156,valid,12630,2,True,
26,1,00001A,1790173802.870139,12532.7537271,11.184193299999606,candidate-measurement,003157,valid,12631,1,True,
26,1,00001A,1790173803.0781357,12532.9617241,11.392190299999129,candidate-measurement,003159,valid,12633,2,True,
26,1,00001A,1790173803.270131,12533.1537193,11.584185499999876,candidate-measurement,003159,valid,12633,0,True,
26,1,00001A,1790173803.462125,12533.3457146,11.776180799999565,candidate-measurement,00315A,valid,12634,1,True,
26,1,00001A,1790173803.6535392,12533.5371276,11.967593800000031,candidate-measurement,00315A,valid,12634,0,True,
26,1,00001A,1790173803.8611376,12533.7447261,12.175192299999253,candidate-measurement,00315A,valid,12634,0,True,
26,1,00001A,1790173804.0531027,12533.9366909,12.367157099999531,candidate-measurement,00315A,valid,12634,0,True,
26,1,00001A,1790173804.2451108,12534.1286991,12.559165299999222,candidate-measurement,00315A,valid,12634,0,True,
26,1,00001A,1790173804.4525094,12534.3360976,12.766563799999858,candidate-measurement,00315A,valid,12634,0,True,
26,1,00001A,1790173804.6445074,12534.5280953,12.958561499999632,candidate-measurement,00315A,valid,12634,0,True,
26,1,00001A,1790173804.836077,12534.7196656,13.150131799999144,candidate-measurement,00315A,valid,12634,0,True,
26,1,00001A,1790173805.044071,12534.9276599,13.358126099999936,candidate-measurement,00315A,valid,12634,0,True,
26,1,00001A,1790173805.2354803,12535.1190696,13.549535799998921,candidate-measurement,00315A,valid,12634,0,True,
26,1,00001A,1790173805.4274786,12535.3110669,13.741533099999288,candidate-measurement,00315A,valid,12634,0,True,
26,1,00001A,1790173805.6194727,12535.5030626,13.933528800000204,candidate-measurement,00315A,valid,12634,0,True,
26,1,00001A,1790173805.8270473,12535.7106354,14.141101600000184,candidate-measurement,00315A,valid,12634,0,True,
26,1,00001A,1790173806.0190356,12535.902625,14.333091200000126,candidate-measurement,00315C,valid,12636,2,True,
26,1,00001A,1790173806.2110326,12536.094621,14.525087199999689,candidate-measurement,00315C,valid,12636,0,True,
26,1,00001A,1790173806.4184453,12536.3020338,14.732500000000073,candidate-measurement,00315C,valid,12636,0,True,
26,1,00001A,1790173806.610438,12536.4940268,14.92449299999862,candidate-measurement,00315C,valid,12636,0,True,
27,1,00001B,1790173809.5033925,12539.3869781,0.2024308000000019,candidate-warmup,0031AC,valid,12716,80,True,
27,1,00001B,1790173809.7109387,12539.5945263,0.4099790000000212,candidate-warmup,0031AC,valid,12716,0,True,
27,1,00001B,1790173809.902915,12539.7865035,0.6019562000001315,candidate-warmup,0031AC,valid,12716,0,True,
27,1,00001B,1790173810.0949044,12539.9784943,0.7939470000001165,candidate-warmup,0031AC,valid,12716,0,True,
27,1,00001B,1790173810.3023286,12540.1859168,1.0013694999997824,candidate-warmup,0031AC,valid,12716,0,True,
27,1,00001B,1790173810.494314,12540.3779022,1.193354900000486,candidate-warmup,0031AC,valid,12716,0,True,
27,1,00001B,1790173810.6858923,12540.5694812,1.3849339000007603,candidate-warmup,0031AC,valid,12716,0,True,
27,1,00001B,1790173810.893878,12540.7774656,1.592918300000747,candidate-warmup,0031AC,valid,12716,0,True,
27,1,00001B,1790173811.101291,12540.9848797,1.8003324000001157,candidate-warmup,0031AC,valid,12716,0,True,
27,1,00001B,1790173811.293293,12541.1768812,1.9923338999997213,candidate-warmup,0031AC,valid,12716,0,True,
27,1,00001B,1790173811.485281,12541.36887,2.1843227000008483,candidate-warmup,0031AC,valid,12716,0,True,
27,1,00001B,1790173811.676858,12541.560447,2.3758997000004456,candidate-warmup,0031AC,valid,12716,0,True,
27,1,00001B,1790173811.868849,12541.7524375,2.5678901999999653,candidate-warmup,0031AC,valid,12716,0,True,
27,1,00001B,1790173812.060963,12541.9445508,2.760003500001403,candidate-warmup,0031AC,valid,12716,0,True,
27,1,00001B,1790173812.2688324,12542.1524229,2.967875600001207,candidate-warmup,0031AC,valid,12716,0,True,
27,1,00001B,1790173812.4602528,12542.3438423,3.1592950000012934,candidate-warmup,0031AC,valid,12716,0,True,
27,1,00001B,1790173812.652239,12542.5358291,3.3512817999999243,candidate-warmup,0031AC,valid,12716,0,True,
27,1,00001B,1790173812.8598282,12542.7434158,3.5588685000002442,candidate-warmup,0031AC,valid,12716,0,True,
27,1,00001B,1790173813.0518155,12542.9354031,3.7508558000008634,candidate-warmup,0031AC,valid,12716,0,True,
27,1,00001B,1790173813.2438014,12543.1273912,3.942843900000298,candidate-warmup,0031AC,valid,12716,0,True,
27,1,00001B,1790173813.4352202,12543.318809,4.134261700000934,candidate-warmup,0031AC,valid,12716,0,True,
27,1,00001B,1790173813.6432133,12543.5268024,4.3422551000003295,candidate-warmup,0031AC,valid,12716,0,True,
27,1,00001B,1790173813.8347902,12543.7183782,4.533830899999884,candidate-warmup,0031AC,valid,12716,0,True,
27,1,00001B,1790173814.0267894,12543.9103777,4.725830400000632,candidate-warmup,0031AC,valid,12716,0,True,
27,1,00001B,1790173814.2347786,12544.1183669,4.933819600000788,candidate-warmup,0031AC,valid,12716,0,True,
27,1,00001B,1790173814.4262106,12544.3097983,5.125251000001299,candidate-warmup,0031AC,valid,12716,0,True,
27,1,00001B,1790173814.61819,12544.501778,5.317230700000437,candidate-warmup,0031AC,valid,12716,0,True,
27,1,00001B,1790173814.8257606,12544.7093485,5.524801200001093,candidate-warmup,0031AC,valid,12716,0,True,
27,1,00001B,1790173815.0177476,12544.9013371,5.716789800000697,candidate-warmup,0031AC,valid,12716,0,True,
27,1,00001B,1790173815.2091715,12545.0927593,5.908212000000276,candidate-warmup,0031AC,valid,12716,0,True,
27,1,00001B,1790173815.4011793,12545.284767,6.100219699999798,candidate-warmup,0031AC,valid,12716,0,True,
27,1,00001B,1790173815.6087337,12545.4923218,6.30777450000096,candidate-warmup,0031AC,valid,12716,0,True,
27,1,00001B,1790173815.800726,12545.6843141,6.499766800001453,candidate-warmup,0031AC,valid,12716,0,True,
27,1,00001B,1790173815.992718,12545.8763069,6.691759600000296,candidate-warmup,0031AC,valid,12716,0,True,
27,1,00001B,1790173816.2001345,12546.0837229,6.899175600001399,candidate-warmup,0031AC,valid,12716,0,True,
27,1,00001B,1790173816.3921347,12546.2757234,7.091176100000666,candidate-measurement,0031AC,valid,12716,0,True,
27,1,00001B,1790173816.5841198,12546.4677091,7.283161800000016,candidate-measurement,0031AC,valid,12716,0,True,
27,1,00001B,1790173816.7916946,12546.675283,7.490735700001096,candidate-measurement,0031AC,valid,12716,0,True,
27,1,00001B,1790173816.9836855,12546.867275,7.682727700001124,candidate-measurement,0031AC,valid,12716,0,True,
27,1,00001B,1790173817.175105,12547.0586941,7.874146800000744,candidate-measurement,0031AC,valid,12716,0,True,
27,1,00001B,1790173817.3671002,12547.2506898,8.066142499999842,candidate-measurement,0031AC,valid,12716,0,True,
27,1,00001B,1790173817.57468,12547.4582707,8.273723400001472,candidate-measurement,0031AC,valid,12716,0,True,
27,1,00001B,1790173817.7666695,12547.6502574,8.46571010000116,candidate-measurement,0031AC,valid,12716,0,True,
27,1,00001B,1790173817.9586573,12547.8422459,8.657698600000003,candidate-measurement,0031AC,valid,12716,0,True,
27,1,00001B,1790173818.1660695,12548.0496587,8.865111400000387,candidate-measurement,0031AC,valid,12716,0,True,
27,1,00001B,1790173818.3580575,12548.2416475,9.057100200001514,candidate-measurement,0031AC,valid,12716,0,True,
27,1,00001B,1790173818.5500607,12548.4336499,9.249102600000697,candidate-measurement,0031AC,valid,12716,0,True,
27,1,00001B,1790173818.7576294,12548.6412181,9.45667080000021,candidate-measurement,0031AC,valid,12716,0,True,
27,1,00001B,1790173818.9496236,12548.8332124,9.64866510000138,candidate-measurement,0031AC,valid,12716,0,True,
27,1,00001B,1790173819.1416135,12549.0252046,9.840657300001112,candidate-measurement,0031AC,valid,12716,0,True,
27,1,00001B,1790173819.3330307,12549.2166213,10.032074000000648,candidate-measurement,0031AC,valid,12716,0,True,
27,1,00001B,1790173819.541023,12549.424614,10.24006670000017,candidate-measurement,0031AC,valid,12716,0,True,
27,1,00001B,1790173819.7326043,12549.6161928,10.43164550000074,candidate-measurement,0031AC,valid,12716,0,True,
27,1,00001B,1790173819.9245906,12549.8081795,10.62363220000043,candidate-measurement,0031AC,valid,12716,0,True,
27,1,00001B,1790173820.1325843,12550.0161743,10.83162700000139,candidate-measurement,0031AC,valid,12716,0,True,
27,1,00001B,1790173820.3239927,12550.207584,11.023036700000375,candidate-measurement,0031AC,valid,12716,0,True,
27,1,00001B,1790173820.5159996,12550.399588,11.215040700000827,candidate-measurement,0031AC,valid,12716,0,True,
27,1,00001B,1790173820.723569,12550.6071581,11.422610800000257,candidate-measurement,0031AC,valid,12716,0,True,
27,1,00001B,1790173820.9155588,12550.7991495,11.614602200001173,candidate-measurement,0031AC,valid,12716,0,True,
27,1,00001B,1790173821.107559,12550.9911472,11.806599900000947,candidate-measurement,0031AC,valid,12716,0,True,
27,1,00001B,1790173821.2995503,12551.1831398,11.998592500000086,candidate-measurement,0031AC,valid,12716,0,True,
27,1,00001B,1790173821.5069616,12551.3905523,12.206005000000005,candidate-measurement,0031AC,valid,12716,0,True,
27,1,00001B,1790173821.6989646,12551.5825545,12.398007200001302,candidate-measurement,0031AC,valid,12716,0,True,
27,1,00001B,1790173821.8905296,12551.7741195,12.589572200000475,candidate-measurement,0031AC,valid,12716,0,True,
27,1,00001B,1790173822.0985181,12551.9821093,12.797561999999743,candidate-measurement,0031AC,valid,12716,0,True,
27,1,00001B,1790173822.290514,12552.1741034,12.98955610000121,candidate-measurement,0031AC,valid,12716,0,True,
27,1,00001B,1790173822.4819217,12552.3655136,13.180966300000364,candidate-measurement,0031AC,valid,12716,0,True,
27,1,00001B,1790173822.6899352,12552.5735262,13.388978900000438,candidate-measurement,0031AC,valid,12716,0,True,
27,1,00001B,1790173822.8975284,12552.7811174,13.596570100000463,candidate-measurement,0031AC,valid,12716,0,True,
27,1,00001B,1790173823.0894852,12552.9730742,13.788526899999852,candidate-measurement,0031AC,valid,12716,0,True,
27,1,00001B,1790173823.2814808,12553.165072,13.980524700000387,candidate-measurement,0031AC,valid,12716,0,True,
27,1,00001B,1790173823.4734757,12553.3570667,14.172519400000965,candidate-measurement,0031AC,valid,12716,0,True,
27,1,00001B,1790173823.6648917,12553.5484829,14.363935600000332,candidate-measurement,0031AB,valid,12715,-1,True,
27,1,00001B,1790173823.8568854,12553.740474,14.555926700000782,candidate-measurement,0031AB,valid,12715,0,True,
27,1,00001B,1790173824.064474,12553.9480653,14.763517999999749,candidate-measurement,0031AB,valid,12715,0,True,
27,1,00001B,1790173824.256452,12554.1400434,14.955496100001255,candidate-measurement,0031AB,valid,12715,0,True,
28,1,00001C,1790173827.1167984,12557.0003864,0.2024065999994491,candidate-warmup,003224,valid,12836,121,True,
28,1,00001C,1790173827.3087819,12557.1923698,0.39438999999947555,candidate-warmup,003224,valid,12836,0,True,
28,1,00001C,1790173827.5007818,12557.3843717,0.5863919000003079,candidate-warmup,003224,valid,12836,0,True,
28,1,00001C,1790173827.69234,12557.5759312,0.7779513999994379,candidate-warmup,003224,valid,12836,0,True,
28,1,00001C,1790173827.8843343,12557.7679244,0.9699445999995078,candidate-warmup,003224,valid,12836,0,True,
28,1,00001C,1790173828.0763304,12557.9599205,1.1619406999998318,candidate-warmup,003224,valid,12836,0,True,
28,1,00001C,1790173828.2677338,12558.1513243,1.3533445000011852,candidate-warmup,003224,valid,12836,0,True,
28,1,00001C,1790173828.459737,12558.3433275,1.5453477000010025,candidate-warmup,003224,valid,12836,0,True,
28,1,00001C,1790173828.6513038,12558.534895,1.7369152000010217,candidate-warmup,003224,valid,12836,0,True,
28,1,00001C,1790173828.8433082,12558.7268964,1.9289165999998659,candidate-warmup,003224,valid,12836,0,True,
28,1,00001C,1790173829.0353045,12558.9188938,2.120914000000994,candidate-warmup,003224,valid,12836,0,True,
28,1,00001C,1790173829.2267156,12559.1103049,2.3123250999997254,candidate-warmup,003224,valid,12836,0,True,
28,1,00001C,1790173829.4187055,12559.3022957,2.5043158999997104,candidate-warmup,003224,valid,12836,0,True,
28,1,00001C,1790173829.6102834,12559.4938714,2.695891600000323,candidate-warmup,003224,valid,12836,0,True,
28,1,00001C,1790173829.8022742,12559.6858621,2.8878822999995464,candidate-warmup,003224,valid,12836,0,True,
28,1,00001C,1790173830.0096834,12559.8932747,3.0952949000002263,candidate-warmup,003224,valid,12836,0,True,
28,1,00001C,1790173830.2016764,12560.0852676,3.287287799999831,candidate-warmup,003224,valid,12836,0,True,
28,1,00001C,1790173830.3932588,12560.2768468,3.478866999999809,candidate-warmup,003224,valid,12836,0,True,
28,1,00001C,1790173830.6012638,12560.4848526,3.686872800000856,candidate-warmup,003224,valid,12836,0,True,
28,1,00001C,1790173830.7932355,12560.6768241,3.8788443000012194,candidate-warmup,003224,valid,12836,0,True,
28,1,00001C,1790173830.9846556,12560.8682469,4.07026709999991,candidate-warmup,003224,valid,12836,0,True,
28,1,00001C,1790173831.19265,12561.0762392,4.2782594000000245,candidate-warmup,003224,valid,12836,0,True,
28,1,00001C,1790173831.3846486,12561.2682361,4.470256300000983,candidate-warmup,003224,valid,12836,0,True,
28,1,00001C,1790173831.5762212,12561.459811,4.661831200000961,candidate-warmup,003224,valid,12836,0,True,
28,1,00001C,1790173831.7682228,12561.6518112,4.853831399999763,candidate-warmup,003224,valid,12836,0,True,
28,1,00001C,1790173831.976206,12561.8597946,5.06181480000123,candidate-warmup,003224,valid,12836,0,True,
28,1,00001C,1790173832.1676445,12562.0512297,5.25324990000081,candidate-warmup,003224,valid,12836,0,True,
28,1,00001C,1790173832.3596144,12562.2432026,5.44522280000092,candidate-warmup,003224,valid,12836,0,True,
28,1,00001C,1790173832.5671985,12562.4507892,5.6528094000004785,candidate-warmup,003224,valid,12836,0,True,
28,1,00001C,1790173832.7591815,12562.6427702,5.84479040000042,candidate-warmup,003224,valid,12836,0,True,
28,1,00001C,1790173832.9511666,12562.8347579,6.036778100000447,candidate-warmup,003224,valid,12836,0,True,
28,1,00001C,1790173833.1585817,12563.042171,6.244191199999477,candidate-warmup,003224,valid,12836,0,True,
28,1,00001C,1790173833.3506024,12563.234191,6.436211199999889,candidate-warmup,003224,valid,12836,0,True,
28,1,00001C,1790173833.5421515,12563.4257421,6.627762300000541,candidate-warmup,003224,valid,12836,0,True,
28,1,00001C,1790173833.7341466,12563.6177362,6.819756400000188,candidate-warmup,003224,valid,12836,0,True,
28,1,00001C,1790173833.9421427,12563.8257331,7.027753300000768,candidate-measurement,003224,valid,12836,0,True,
28,1,00001C,1790173834.1335542,12564.0171446,7.219164800000726,candidate-measurement,003224,valid,12836,0,True,
28,1,00001C,1790173834.3255477,12564.2091382,7.411158400000204,candidate-measurement,003224,valid,12836,0,True,
28,1,00001C,1790173834.533121,12564.4167123,7.618732500000988,candidate-measurement,003224,valid,12836,0,True,
28,1,00001C,1790173834.7251155,12564.6087048,7.8107250000011845,candidate-measurement,003224,valid,12836,0,True,
28,1,00001C,1790173834.9171162,12564.8007054,8.002725600001213,candidate-measurement,003224,valid,12836,0,True,
28,1,00001C,1790173835.125096,12565.0086881,8.210708300000988,candidate-measurement,003224,valid,12836,0,True,
28,1,00001C,1790173835.3165174,12565.2001067,8.40212690000044,candidate-measurement,003225,valid,12837,1,True,
28,1,00001C,1790173835.5085087,12565.3920997,8.594119900000806,candidate-measurement,003226,valid,12838,1,True,
28,1,00001C,1790173835.700085,12565.5836749,8.78569509999943,candidate-measurement,003226,valid,12838,0,True,
28,1,00001C,1790173835.9080844,12565.7916731,8.993693300000814,candidate-measurement,003226,valid,12838,0,True,
28,1,00001C,1790173836.100068,12565.9836594,9.185679600001095,candidate-measurement,003226,valid,12838,0,True,
28,1,00001C,1790173836.291496,12566.1750838,9.377104000001054,candidate-measurement,003226,valid,12838,0,True,
28,1,00001C,1790173836.4991047,12566.3826931,9.584713300000658,candidate-measurement,003226,valid,12838,0,True,
28,1,00001C,1790173836.691046,12566.5746374,9.776657599999453,candidate-measurement,003226,valid,12838,0,True,
28,1,00001C,1790173836.8830462,12566.7666359,9.968656099999862,candidate-measurement,003226,valid,12838,0,True,
28,1,00001C,1790173837.0910358,12566.9746269,10.176647100000991,candidate-measurement,003226,valid,12838,0,True,
28,1,00001C,1790173837.2984524,12567.1820437,10.38406390000091,candidate-measurement,003228,valid,12840,2,True,
28,1,00001C,1790173837.4904454,12567.3740357,10.576055900000938,candidate-measurement,003228,valid,12840,0,True,
28,1,00001C,1790173837.682016,12567.5656075,10.767627700000958,candidate-measurement,003228,valid,12840,0,True,
28,1,00001C,1790173837.874021,12567.7576093,10.959629500001029,candidate-measurement,003228,valid,12840,0,True,
28,1,00001C,1790173838.0660071,12567.9495978,11.151617999999871,candidate-measurement,003228,valid,12840,0,True,
28,1,00001C,1790173838.2580044,12568.141593,11.343613200000618,candidate-measurement,003228,valid,12840,0,True,
28,1,00001C,1790173838.4654176,12568.3490086,11.551028800000495,candidate-measurement,003228,valid,12840,0,True,
28,1,00001C,1790173838.6574144,12568.5410024,11.743022599999676,candidate-measurement,003228,valid,12840,0,True,
28,1,00001C,1790173838.8489842,12568.732573,11.934593199999654,candidate-measurement,003228,valid,12840,0,True,
28,1,00001C,1790173839.056983,12568.9405713,12.14259149999998,candidate-measurement,003228,valid,12840,0,True,
28,1,00001C,1790173839.2489686,12569.1325599,12.334580099999584,candidate-measurement,003228,valid,12840,0,True,
28,1,00001C,1790173839.4403787,12569.3239697,12.52598990000115,candidate-measurement,003228,valid,12840,0,True,
28,1,00001C,1790173839.6319554,12569.5155467,12.717566900000747,candidate-measurement,003228,valid,12840,0,True,
28,1,00001C,1790173839.839951,12569.723541,12.92556119999972,candidate-measurement,003228,valid,12840,0,True,
28,1,00001C,1790173840.0319452,12569.9155355,13.117555700000594,candidate-measurement,003228,valid,12840,0,True,
28,1,00001C,1790173840.223362,12570.10695,13.308970199999749,candidate-measurement,003228,valid,12840,0,True,
28,1,00001C,1790173840.4313507,12570.3149398,13.516960000000836,candidate-measurement,003228,valid,12840,0,True,
28,1,00001C,1790173840.6229262,12570.5065149,13.708535100000518,candidate-measurement,003228,valid,12840,0,True,
28,1,00001C,1790173840.8149226,12570.6985104,13.900530599999911,candidate-measurement,003229,valid,12841,1,True,
28,1,00001C,1790173841.0229096,12570.9065007,14.108520900001167,candidate-measurement,003229,valid,12841,0,True,
28,1,00001C,1790173841.2143242,12571.0979154,14.299935600000026,candidate-measurement,003229,valid,12841,0,True,
28,1,00001C,1790173841.4063194,12571.2899102,14.491930399999546,candidate-measurement,00322A,valid,12842,1,True,
28,1,00001C,1790173841.5979009,12571.4814888,14.683509000000413,candidate-measurement,00322B,valid,12843,1,True,
28,1,00001C,1790173841.8058927,12571.6894808,14.891501000000062,candidate-measurement,00322B,valid,12843,0,True,
29,1,00001D,1790173844.7302272,12574.6138153,0.20198189999973692,candidate-warmup,003292,valid,12946,103,True,
29,1,00001D,1790173844.922217,12574.8058059,0.39397250000001804,candidate-warmup,003292,valid,12946,0,True,
29,1,00001D,1790173845.1141987,12574.9977895,0.5859560999997484,candidate-warmup,003292,valid,12946,0,True,
29,1,00001D,1790173845.305776,12575.1893668,0.7775333999998111,candidate-warmup,003292,valid,12946,0,True,
29,1,00001D,1790173845.4977703,12575.381361,0.9695276000002195,candidate-warmup,003292,valid,12946,0,True,
29,1,00001D,1790173845.689762,12575.5733534,1.1615199999996548,candidate-warmup,003292,valid,12946,0,True,
29,1,00001D,1790173845.8811765,12575.7647653,1.35293190000084,candidate-warmup,003292,valid,12946,0,True,
29,1,00001D,1790173846.0731637,12575.9567551,1.5449217000004865,candidate-warmup,003292,valid,12946,0,True,
29,1,00001D,1790173846.2807324,12576.1643239,1.7524905000009312,candidate-warmup,003292,valid,12946,0,True,
29,1,00001D,1790173846.4727368,12576.3563278,1.9444944000006217,candidate-warmup,003292,valid,12946,0,True,
29,1,00001D,1790173846.6641486,12576.5477385,2.1359050999999454,candidate-warmup,003292,valid,12946,0,True,
29,1,00001D,1790173846.8561506,12576.7397402,2.327906800001074,candidate-warmup,003292,valid,12946,0,True,
29,1,00001D,1790173847.0637105,12576.9473006,2.5354672000012215,candidate-warmup,003292,valid,12946,0,True,
29,1,00001D,1790173847.2557137,12577.1393034,2.727469999999812,candidate-warmup,003292,valid,12946,0,True,
29,1,00001D,1790173847.4477541,12577.3313416,2.919508200000564,candidate-warmup,003292,valid,12946,0,True,
29,1,00001D,1790173847.6551204,12577.5387112,3.126877800001239,candidate-warmup,003292,valid,12946,0,True,
29,1,00001D,1790173847.847133,12577.7307218,3.318888400001015,candidate-warmup,003292,valid,12946,0,True,
29,1,00001D,1790173848.0391095,12577.9226999,3.510866500000702,candidate-warmup,003292,valid,12946,0,True,
29,1,00001D,1790173848.2466774,12578.1302655,3.7184321000004275,candidate-warmup,003292,valid,12946,0,True,
29,1,00001D,1790173848.4386795,12578.3222682,3.9104348000000755,candidate-warmup,003292,valid,12946,0,True,
29,1,00001D,1790173848.6306858,12578.5142764,4.1024429999997665,candidate-warmup,003292,valid,12946,0,True,
29,1,00001D,1790173848.822082,12578.7056698,4.293836400000146,candidate-warmup,003292,valid,12946,0,True,
29,1,00001D,1790173849.0300763,12578.9136649,4.501831499999753,candidate-warmup,003292,valid,12946,0,True,
29,1,00001D,1790173849.221649,12579.1052368,4.693403400000534,candidate-warmup,003292,valid,12946,0,True,
29,1,00001D,1790173849.4136622,12579.2972499,4.885416500001156,candidate-warmup,003292,valid,12946,0,True,
29,1,00001D,1790173849.6216397,12579.505228,5.093394600000465,candidate-warmup,003292,valid,12946,0,True,
29,1,00001D,1790173849.813639,12579.6972269,5.285393500000282,candidate-warmup,003292,valid,12946,0,True,
29,1,00001D,1790173850.0050676,12579.8886551,5.476821700000073,candidate-warmup,003292,valid,12946,0,True,
29,1,00001D,1790173850.213039,12580.0966266,5.684793200000058,candidate-warmup,003292,valid,12946,0,True,
29,1,00001D,1790173850.4046109,12580.2881987,5.876365300000543,candidate-warmup,003292,valid,12946,0,True,
29,1,00001D,1790173850.5966113,12580.4801994,6.068366000001333,candidate-warmup,003292,valid,12946,0,True,
29,1,00001D,1790173850.7880216,12580.6716093,6.259775900000022,candidate-warmup,003292,valid,12946,0,True,
29,1,00001D,1790173850.996018,12580.8796057,6.4677723000004335,candidate-warmup,003292,valid,12946,0,True,
29,1,00001D,1790173851.1880033,12581.0715917,6.659758300000249,candidate-warmup,003292,valid,12946,0,True,
29,1,00001D,1790173851.379578,12581.2631659,6.851332500000353,candidate-warmup,003292,valid,12946,0,True,
29,1,00001D,1790173851.5875728,12581.471161,7.0593275999999605,candidate-measurement,003292,valid,12946,0,True,
29,1,00001D,1790173851.7789986,12581.6625862,7.250752800000555,candidate-measurement,003292,valid,12946,0,True,
29,1,00001D,1790173851.970987,12581.8545749,7.4427415000009205,candidate-measurement,003292,valid,12946,0,True,
29,1,00001D,1790173852.1789758,12582.0625641,7.650730700001077,candidate-measurement,003292,valid,12946,0,True,
29,1,00001D,1790173852.3705444,12582.2541332,7.842299800000546,candidate-measurement,003292,valid,12946,0,True,
29,1,00001D,1790173852.562543,12582.4461309,8.03429750000032,candidate-measurement,003292,valid,12946,0,True,
29,1,00001D,1790173852.7539606,12582.6375485,8.225715100001253,candidate-measurement,003292,valid,12946,0,True,
29,1,00001D,1790173852.9619503,12582.8455382,8.43370479999976,candidate-measurement,003292,valid,12946,0,True,
29,1,00001D,1790173853.1535246,12583.0371127,8.62527930000033,candidate-measurement,003292,valid,12946,0,True,
29,1,00001D,1790173853.3455215,12583.2291094,8.817275999999765,candidate-measurement,003292,valid,12946,0,True,
29,1,00001D,1790173853.553512,12583.4371007,9.02526730000136,candidate-measurement,003292,valid,12946,0,True,
29,1,00001D,1790173853.7449372,12583.6285255,9.216692100000728,candidate-measurement,003292,valid,12946,0,True,
29,1,00001D,1790173853.936917,12583.8205063,9.408672900000965,candidate-measurement,003292,valid,12946,0,True,
29,1,00001D,1790173854.1444902,12584.0280794,9.616245999999592,candidate-measurement,003294,valid,12948,2,True,
29,1,00001D,1790173854.3364935,12584.2200816,9.80824820000089,candidate-measurement,003294,valid,12948,0,True,
29,1,00001D,1790173854.5279036,12584.4114916,9.99965820000034,candidate-measurement,003294,valid,12948,0,True,
29,1,00001D,1790173854.7359135,12584.6195021,10.207668700000795,candidate-measurement,003294,valid,12948,0,True,
29,1,00001D,1790173854.9278908,12584.8114785,10.39964510000027,candidate-measurement,003294,valid,12948,0,True,
29,1,00001D,1790173855.1194596,12585.0030483,10.591214899999613,candidate-measurement,003294,valid,12948,0,True,
29,1,00001D,1790173855.311451,12585.1950411,10.783207700000276,candidate-measurement,003294,valid,12948,0,True,
29,1,00001D,1790173855.518873,12585.4024613,10.990627900000618,candidate-measurement,003294,valid,12948,0,True,
29,1,00001D,1790173855.7108767,12585.5944647,11.18263130000014,candidate-measurement,003294,valid,12948,0,True,
29,1,00001D,1790173855.9028573,12585.786445,11.374611600000208,candidate-measurement,003294,valid,12948,0,True,
29,1,00001D,1790173856.1104314,12585.9940194,11.582185999999638,candidate-measurement,003295,valid,12949,1,True,
29,1,00001D,1790173856.3024204,12586.1860105,11.774177100000088,candidate-measurement,003295,valid,12949,0,True,
29,1,00001D,1790173856.4938407,12586.3774296,11.965596199999709,candidate-measurement,003296,valid,12950,1,True,
29,1,00001D,1790173856.7018323,12586.5854208,12.173587400000542,candidate-measurement,003296,valid,12950,0,True,
29,1,00001D,1790173856.8934023,12586.7769905,12.365157100000943,candidate-measurement,003298,valid,12952,2,True,
29,1,00001D,1790173857.0853999,12586.9689879,12.557154500000252,candidate-measurement,003298,valid,12952,0,True,
29,1,00001D,1790173857.2773945,12587.1609828,12.749149400000533,candidate-measurement,003298,valid,12952,0,True,
29,1,00001D,1790173857.484808,12587.3683955,12.956562100000156,candidate-measurement,003298,valid,12952,0,True,
29,1,00001D,1790173857.6767962,12587.5603849,13.148551500000394,candidate-measurement,003298,valid,12952,0,True,
29,1,00001D,1790173857.8683763,12587.7519648,13.340131400000246,candidate-measurement,003298,valid,12952,0,True,
29,1,00001D,1790173858.0763614,12587.9599517,13.548118300001079,candidate-measurement,003298,valid,12952,0,True,
29,1,00001D,1790173858.2683609,12588.1519492,13.74011580000115,candidate-measurement,003298,valid,12952,0,True,
29,1,00001D,1790173858.4603586,12588.3439467,13.93211330000122,candidate-measurement,003298,valid,12952,0,True,
29,1,00001D,1790173858.6677754,12588.5513636,14.139530200000081,candidate-measurement,003298,valid,12952,0,True,
29,1,00001D,1790173858.8597634,12588.7433518,14.331518400000277,candidate-measurement,003298,valid,12952,0,True,
29,1,00001D,1790173859.0513332,12588.9349237,14.523090300001058,candidate-measurement,003298,valid,12952,0,True,
29,1,00001D,1790173859.2433286,12589.1269188,14.715085400001044,candidate-measurement,003298,valid,12952,0,True,
29,1,00001D,1790173859.4513216,12589.3349103,14.923076900000524,candidate-measurement,003298,valid,12952,0,True,
