payload_index,trial_index,payload_hex,timestamp,monotonic_s,elapsed_candidate_s,phase,rx_bytes_hex,reply_kind,raw_position,delta_counts,valid,note
1,1,00001E,1790201803.379715,40533.2633018,0.2019778999965638,candidate-warmup,100A12,valid,1051154,30,True,
1,1,00001E,1790201803.5711155,40533.4547043,0.3933803999971133,candidate-warmup,100A12,valid,1051154,0,True,
1,1,00001E,1790201803.7631207,40533.6467015,0.5853776000003563,candidate-warmup,100A12,valid,1051154,0,True,
1,1,00001E,1790201803.954691,40533.8382791,0.7769551999954274,candidate-warmup,100A12,valid,1051154,0,True,
1,1,00001E,1790201804.1466818,40534.03027,0.9689461000016308,candidate-warmup,100A12,valid,1051154,0,True,
1,1,00001E,1790201804.338674,40534.2222627,1.1609387999997125,candidate-warmup,100A12,valid,1051154,0,True,
1,1,00001E,1790201804.5300953,40534.4136834,1.3523595000006026,candidate-warmup,100A12,valid,1051154,0,True,
1,1,00001E,1790201804.7220743,40534.6056649,1.5443410000007134,candidate-warmup,100A12,valid,1051154,0,True,
1,1,00001E,1790201804.9136522,40534.797242,1.7359180999992532,candidate-warmup,100A13,valid,1051155,1,True,
1,1,00001E,1790201805.1216688,40535.0052568,1.9439329000015277,candidate-warmup,100A13,valid,1051155,0,True,
1,1,00001E,1790201805.313645,40535.1972326,2.1359087000018917,candidate-warmup,100A13,valid,1051155,0,True,
1,1,00001E,1790201805.5050616,40535.3886498,2.327325899997959,candidate-warmup,100A15,valid,1051157,2,True,
1,1,00001E,1790201805.7130518,40535.5966398,2.535315900000569,candidate-warmup,100A16,valid,1051158,1,True,
1,1,00001E,1790201805.9050505,40535.7886396,2.727315700001782,candidate-warmup,100A1A,valid,1051162,4,True,
1,1,00001E,1790201806.096622,40535.9802103,2.9188863999952446,candidate-warmup,100A1B,valid,1051163,1,True,
1,1,00001E,1790201806.2886643,40536.1722516,3.1109276999995927,candidate-warmup,100A1C,valid,1051164,1,True,
1,1,00001E,1790201806.4966223,40536.3802106,3.318886699998984,candidate-warmup,100A1E,valid,1051166,2,True,
1,1,00001E,1790201806.688018,40536.5716065,3.5102826000002096,candidate-warmup,100A1E,valid,1051166,0,True,
1,1,00001E,1790201806.8800168,40536.7636059,3.7022819999983767,candidate-warmup,100A1E,valid,1051166,0,True,
1,1,00001E,1790201807.0875971,40536.9711855,3.9098615999973845,candidate-warmup,100A20,valid,1051168,2,True,
1,1,00001E,1790201807.279577,40537.1631662,4.10184229999868,candidate-warmup,100A21,valid,1051169,1,True,
1,1,00001E,1790201807.4715714,40537.35516,4.293836099997861,candidate-warmup,100A23,valid,1051171,2,True,
1,1,00001E,1790201807.6795695,40537.563158,4.501834099995904,candidate-warmup,100A23,valid,1051171,0,True,
1,1,00001E,1790201807.886978,40537.7705665,4.709242600001744,candidate-warmup,100A23,valid,1051171,0,True,
1,1,00001E,1790201808.0789757,40537.9625653,4.901241399995342,candidate-warmup,100A24,valid,1051172,1,True,
1,1,00001E,1790201808.2709687,40538.1545574,5.093233499996131,candidate-warmup,100A24,valid,1051172,0,True,
1,1,00001E,1790201808.4625525,40538.3461404,5.284816499995941,candidate-warmup,100A25,valid,1051173,1,True,
1,1,00001E,1790201808.654546,40538.5381336,5.47680969999783,candidate-warmup,100A25,valid,1051173,0,True,
1,1,00001E,1790201808.8465257,40538.7301148,5.668790899995656,candidate-warmup,100A29,valid,1051177,4,True,
1,1,00001E,1790201809.0539513,40538.9375214,5.876197500001581,candidate-warmup,100A2F,valid,1051183,6,True,
1,1,00001E,1790201809.2459493,40539.1295378,6.068213899998227,candidate-warmup,100A33,valid,1051187,4,True,
1,1,00001E,1790201809.4375122,40539.3211009,6.259776999999303,candidate-warmup,100A35,valid,1051189,2,True,
1,1,00001E,1790201809.6455054,40539.5290937,6.467769800001406,candidate-warmup,100A35,valid,1051189,0,True,
1,1,00001E,1790201809.8374958,40539.7210851,6.659761199996865,candidate-warmup,100A35,valid,1051189,0,True,
1,1,00001E,1790201810.0289118,40539.9125007,6.851176799995301,candidate-warmup,100A36,valid,1051190,1,True,
1,1,00001E,1790201810.2209077,40540.1044964,7.043172500001674,candidate-warmup,100A37,valid,1051191,1,True,
1,1,00001E,1790201810.4284697,40540.3120586,7.250734699999157,candidate-warmup,100A39,valid,1051193,2,True,
1,1,00001E,1790201810.6204689,40540.5040571,7.442733199997747,candidate-warmup,100A3E,valid,1051198,5,True,
1,1,00001E,1790201810.8124638,40540.6960541,7.634730199999467,candidate-warmup,100A47,valid,1051207,9,True,
1,1,00001E,1790201811.0198803,40540.9034686,7.842144700000063,candidate-warmup,100A4D,valid,1051213,6,True,
1,1,00001E,1790201811.2118807,40541.0954687,8.034144799996284,candidate-warmup,100A4D,valid,1051213,0,True,
1,1,00001E,1790201811.4034474,40541.287036,8.225712100000237,candidate-warmup,100A4F,valid,1051215,2,True,
1,1,00001E,1790201811.6114354,40541.4950239,8.433700000001409,candidate-warmup,100A4F,valid,1051215,0,True,
1,1,00001E,1790201811.8034322,40541.6870229,8.62569899999653,candidate-warmup,100A4F,valid,1051215,0,True,
1,1,00001E,1790201811.9954286,40541.8790169,8.817692999997234,candidate-warmup,100A4F,valid,1051215,0,True,
1,1,00001E,1790201812.2028432,40542.0864313,9.025107399997069,candidate-warmup,100A50,valid,1051216,1,True,
1,1,00001E,1790201812.3948474,40542.2784364,9.217112500002258,candidate-warmup,100A52,valid,1051218,2,True,
1,1,00001E,1790201812.5868359,40542.4704241,9.409100199998647,candidate-warmup,100A53,valid,1051219,1,True,
1,1,00001E,1790201812.7788157,40542.6624048,9.601080899999943,candidate-warmup,100A55,valid,1051221,2,True,
1,1,00001E,1790201812.9863997,40542.8699881,9.80866419999802,candidate-warmup,100A55,valid,1051221,0,True,
1,1,00001E,1790201813.178395,40543.0619839,10.000659999997879,candidate-warmup,100A59,valid,1051225,4,True,
1,1,00001E,1790201813.3704026,40543.2539903,10.192666399998416,candidate-warmup,100A5F,valid,1051231,6,True,
1,1,00001E,1790201813.5777934,40543.461382,10.400058100000024,candidate-warmup,100A60,valid,1051232,1,True,
1,1,00001E,1790201813.7697957,40543.6533843,10.592060399998445,candidate-warmup,100A60,valid,1051232,0,True,
1,1,00001E,1790201813.9617903,40543.8453795,10.784055600001011,candidate-warmup,100A62,valid,1051234,2,True,
1,1,00001E,1790201814.1533663,40544.0369554,10.97563149999769,candidate-warmup,100A64,valid,1051236,2,True,
1,1,00001E,1790201814.3613622,40544.2449504,11.183626500001992,candidate-warmup,100A65,valid,1051237,1,True,
1,1,00001E,1790201814.5533438,40544.4369322,11.375608299997111,candidate-warmup,100A66,valid,1051238,1,True,
1,1,00001E,1790201814.745337,40544.6289264,11.567602499999339,candidate-warmup,100A66,valid,1051238,0,True,
1,1,00001E,1790201814.9527557,40544.8363451,11.775021199995535,candidate-warmup,100A6A,valid,1051242,4,True,
1,1,00001E,1790201815.1447442,40545.0283337,11.967009799998777,candidate-warmup,100A74,valid,1051252,10,True,
1,1,00001E,1790201815.336747,40545.2203352,12.159011299998383,candidate-warmup,100A7A,valid,1051258,6,True,
1,1,00001E,1790201815.54433,40545.4279183,12.366594400002214,candidate-warmup,100A7C,valid,1051260,2,True,
1,1,00001E,1790201815.7363071,40545.6198962,12.55857229999674,candidate-warmup,100A7D,valid,1051261,1,True,
1,1,00001E,1790201815.927718,40545.8113075,12.749983599998814,candidate-warmup,100A7E,valid,1051262,1,True,
1,1,00001E,1790201816.1197236,40546.0033124,12.941988499995205,candidate-warmup,100A7E,valid,1051262,0,True,
1,1,00001E,1790201816.327704,40546.2112929,13.149968999998237,candidate-warmup,100A80,valid,1051264,2,True,
1,1,00001E,1790201816.5192845,40546.4028725,13.34154860000126,candidate-warmup,100A85,valid,1051269,5,True,
1,1,00001E,1790201816.7112732,40546.5948627,13.533538800002134,candidate-warmup,100A8D,valid,1051277,8,True,
1,1,00001E,1790201816.919265,40546.8028531,13.741529200000514,candidate-warmup,100A8F,valid,1051279,2,True,
1,1,00001E,1790201817.111266,40546.9948537,13.933529800000542,candidate-warmup,100A8F,valid,1051279,0,True,
1,1,00001E,1790201817.3027217,40547.1863088,14.124984900001436,candidate-warmup,100A8F,valid,1051279,0,True,
1,1,00001E,1790201817.4946687,40547.3782575,14.316933599999174,candidate-warmup,100A8F,valid,1051279,0,True,
1,1,00001E,1790201817.7022612,40547.5858491,14.524525200002245,candidate-warmup,100A91,valid,1051281,2,True,
1,1,00001E,1790201817.8942327,40547.7778221,14.71649819999584,candidate-warmup,100A92,valid,1051282,1,True,
1,1,00001E,1790201818.0862334,40547.9698217,14.90849779999553,candidate-warmup,100A98,valid,1051288,6,True,
1,1,00001E,1790201818.2942204,40548.1778096,15.116485699996701,candidate-warmup,100AA4,valid,1051300,12,True,
1,1,00001E,1790201818.4856606,40548.369249,15.30792510000174,candidate-warmup,100AA7,valid,1051303,3,True,
1,1,00001E,1790201818.6776404,40548.5612289,15.499904999996943,candidate-warmup,100AA9,valid,1051305,2,True,
1,1,00001E,1790201818.8852105,40548.7687994,15.707475499999418,candidate-warmup,100AA9,valid,1051305,0,True,
1,1,00001E,1790201819.0771968,40548.9607852,15.899461299995892,candidate-warmup,100AA9,valid,1051305,0,True,
1,1,00001E,1790201819.2692056,40549.1527936,16.091469699997106,candidate-warmup,100AAA,valid,1051306,1,True,
1,1,00001E,1790201819.4611907,40549.3447783,16.283454399999755,candidate-warmup,100AAC,valid,1051308,2,True,
1,1,00001E,1790201819.6686027,40549.5521907,16.490866799998912,candidate-warmup,100AAD,valid,1051309,1,True,
1,1,00001E,1790201819.8601837,40549.7437716,16.682447699997283,candidate-warmup,100AAE,valid,1051310,1,True,
1,1,00001E,1790201820.0521731,40549.9357611,16.874437200000102,candidate-warmup,100AAF,valid,1051311,1,True,
1,1,00001E,1790201820.26016,40550.1437479,17.082424000000174,candidate-warmup,100AB2,valid,1051314,3,True,
1,1,00001E,1790201820.4515817,40550.3351696,17.273845700001402,candidate-warmup,100AB8,valid,1051320,6,True,
1,1,00001E,1790201820.6435914,40550.5271781,17.4658541999961,candidate-warmup,100ABB,valid,1051323,3,True,
1,1,00001E,1790201820.8512058,40550.7347939,17.673470000001544,candidate-warmup,100ABB,valid,1051323,0,True,
1,1,00001E,1790201821.0431383,40550.9267264,17.865402499999618,candidate-warmup,100ABB,valid,1051323,0,True,
1,1,00001E,1790201821.2351716,40551.1187566,18.05743269999948,candidate-warmup,100ABB,valid,1051323,0,True,
1,1,00001E,1790201821.4265633,40551.3101506,18.24882670000079,candidate-warmup,100ABC,valid,1051324,1,True,
1,1,00001E,1790201821.6345417,40551.5181298,18.4568059000012,candidate-warmup,100ABE,valid,1051326,2,True,
1,1,00001E,1790201821.8261085,40551.7096975,18.648373600000923,candidate-warmup,100AC0,valid,1051328,2,True,
1,1,00001E,1790201822.0181036,40551.9016917,18.840367799995875,candidate-warmup,100AC0,valid,1051328,0,True,
1,1,00001E,1790201822.2261043,40552.109693,19.048369099997217,candidate-warmup,100AC1,valid,1051329,1,True,
1,1,00001E,1790201822.4180968,40552.3016848,19.24036089999572,candidate-warmup,100AC1,valid,1051329,0,True,
1,1,00001E,1790201822.6095116,40552.4930992,19.431775299999572,candidate-warmup,100AC1,valid,1051329,0,True,
1,1,00001E,1790201822.8175035,40552.7010924,19.639768499997444,candidate-warmup,100AC8,valid,1051336,7,True,
1,1,00001E,1790201823.00953,40552.8931169,19.83179299999756,candidate-warmup,100AD1,valid,1051345,9,True,
1,1,00001E,1790201823.201091,40553.0846784,20.023354500001005,candidate-measurement,100AD7,valid,1051351,6,True,
1,1,00001E,1790201823.3930733,40553.2766611,20.2153371999957,candidate-measurement,100AD7,valid,1051351,0,True,
1,1,00001E,1790201823.6010585,40553.4846468,20.42332290000195,candidate-measurement,100AD7,valid,1051351,0,True,
1,1,00001E,1790201823.7924807,40553.6760679,20.61474399999861,candidate-measurement,100AD8,valid,1051352,1,True,
1,1,00001E,1790201823.9844687,40553.8680558,20.80673189999652,candidate-measurement,100ADA,valid,1051354,2,True,
1,1,00001E,1790201824.1920369,40554.0756253,21.014301399998658,candidate-measurement,100ADE,valid,1051358,4,True,
1,1,00001E,1790201824.3840268,40554.2676157,21.206291800001054,candidate-measurement,100AE4,valid,1051364,6,True,
1,1,00001E,1790201824.5754454,40554.4590334,21.39770950000093,candidate-measurement,100AE7,valid,1051367,3,True,
1,1,00001E,1790201824.7834308,40554.6670191,21.6056951999999,candidate-measurement,100AE9,valid,1051369,2,True,
1,1,00001E,1790201824.991054,40554.8746422,21.813318299995444,candidate-measurement,100AE9,valid,1051369,0,True,
1,1,00001E,1790201825.183005,40555.0665937,22.00526979999995,candidate-measurement,100AE9,valid,1051369,0,True,
1,1,00001E,1790201825.3750546,40555.2586424,22.197318499995163,candidate-measurement,100AE9,valid,1051369,0,True,
1,1,00001E,1790201825.5824025,40555.4659912,22.404667299997527,candidate-measurement,100AEA,valid,1051370,1,True,
1,1,00001E,1790201825.7744062,40555.6579947,22.59667079999781,candidate-measurement,100AEA,valid,1051370,0,True,
1,1,00001E,1790201825.9664059,40555.8499947,22.788670800000546,candidate-measurement,100AEE,valid,1051374,4,True,
1,1,00001E,1790201826.1579678,40556.0415563,22.980232399997476,candidate-measurement,100AF6,valid,1051382,8,True,
1,1,00001E,1790201826.3499866,40556.2335722,23.17224829999759,candidate-measurement,100B00,valid,1051392,10,True,
1,1,00001E,1790201826.5419605,40556.4255488,23.36422489999677,candidate-measurement,100B02,valid,1051394,2,True,
1,1,00001E,1790201826.7493734,40556.6329621,23.571638199995505,candidate-measurement,100B02,valid,1051394,0,True,
1,1,00001E,1790201826.941371,40556.8249594,23.76363549999951,candidate-measurement,100B03,valid,1051395,1,True,
1,1,00001E,1790201827.1333609,40557.0169486,23.955624700000044,candidate-measurement,100B03,valid,1051395,0,True,
1,1,00001E,1790201827.3249388,40557.2085264,24.147202499996638,candidate-measurement,100B04,valid,1051396,1,True,
1,1,00001E,1790201827.5329313,40557.4165194,24.355195500000264,candidate-measurement,100B04,valid,1051396,0,True,
1,1,00001E,1790201827.7243338,40557.6079241,24.546600199995737,candidate-measurement,100B06,valid,1051398,2,True,
1,1,00001E,1790201827.916338,40557.7999263,24.738602400000673,candidate-measurement,100B07,valid,1051399,1,True,
1,1,00001E,1790201828.1243494,40558.0079367,24.946612799998547,candidate-measurement,100B09,valid,1051401,2,True,
1,1,00001E,1790201828.3159277,40558.1995143,25.138190400000894,candidate-measurement,100B09,valid,1051401,0,True,
1,1,00001E,1790201828.5079224,40558.3915081,25.330184200000076,candidate-measurement,100B0B,valid,1051403,2,True,
1,1,00001E,1790201828.715897,40558.5994854,25.53816150000057,candidate-measurement,100B12,valid,1051410,7,True,
1,1,00001E,1790201828.9233077,40558.8068962,25.745572300002095,candidate-measurement,100B14,valid,1051412,2,True,
1,1,00001E,1790201829.1153102,40558.9988983,25.937574399998994,candidate-measurement,100B16,valid,1051414,2,True,
1,1,00001E,1790201829.3068786,40559.1904664,26.129142500001763,candidate-measurement,100B16,valid,1051414,0,True,
1,1,00001E,1790201829.4988956,40559.3824838,26.321159899998747,candidate-measurement,100B19,valid,1051417,3,True,
1,1,00001E,1790201829.6908574,40559.574446,26.513122099997418,candidate-measurement,100B1B,valid,1051419,2,True,
1,1,00001E,1790201829.882278,40559.7658653,26.7045414000022,candidate-measurement,100B1C,valid,1051420,1,True,
1,1,00001E,1790201830.0902898,40559.9738767,26.912552800000412,candidate-measurement,100B24,valid,1051428,8,True,
1,1,00001E,1790201830.282257,40560.1658455,27.104521599998407,candidate-measurement,100B2E,valid,1051438,10,True,
1,1,00001E,1790201830.4738379,40560.3574259,27.296102000000246,candidate-measurement,100B30,valid,1051440,2,True,
1,1,00001E,1790201830.6818385,40560.5654266,27.50410269999702,candidate-measurement,100B32,valid,1051442,2,True,
1,1,00001E,1790201830.8732526,40560.7568388,27.69551489999867,candidate-measurement,100B33,valid,1051443,1,True,
1,1,00001E,1790201831.0652392,40560.9488273,27.88750340000115,candidate-measurement,100B33,valid,1051443,0,True,
1,1,00001E,1790201831.2572324,40561.1408207,28.079496799997287,candidate-measurement,100B38,valid,1051448,5,True,
1,1,00001E,1790201831.4648123,40561.3483992,28.287075299995195,candidate-measurement,100B41,valid,1051457,9,True,
1,1,00001E,1790201831.6568046,40561.5403917,28.47906779999903,candidate-measurement,100B43,valid,1051459,2,True,
1,1,00001E,1790201831.8487926,40561.7323794,28.67105549999542,candidate-measurement,100B43,valid,1051459,0,True,
1,1,00001E,1790201832.056207,40561.9397945,28.878470600000583,candidate-measurement,100B43,valid,1051459,0,True,
1,1,00001E,1790201832.2482083,40562.1317961,29.07047220000095,candidate-measurement,100B43,valid,1051459,0,True,
1,1,00001E,1790201832.440199,40562.3237863,29.262462400001823,candidate-measurement,100B44,valid,1051460,1,True,
1,1,00001E,1790201832.6477704,40562.531358,29.470034099998884,candidate-measurement,100B48,valid,1051464,4,True,
1,1,00001E,1790201832.8398018,40562.7233884,29.66206450000027,candidate-measurement,100B4F,valid,1051471,7,True,
1,1,00001E,1790201833.0317833,40562.9153701,29.854046200001903,candidate-measurement,100B56,valid,1051478,7,True,
1,1,00001E,1790201833.2237482,40563.1073366,30.046012699996936,candidate-measurement,100B5A,valid,1051482,4,True,
1,1,00001E,1790201833.4317474,40563.315335,30.254011099998024,candidate-measurement,100B5C,valid,1051484,2,True,
1,1,00001E,1790201833.6231494,40563.5067374,30.445413499997812,candidate-measurement,100B5C,valid,1051484,0,True,
1,1,00001E,1790201833.8151495,40563.6987377,30.637413799995556,candidate-measurement,100B5D,valid,1051485,1,True,
1,1,00001E,1790201834.0231369,40563.9067245,30.845400599995628,candidate-measurement,100B5D,valid,1051485,0,True,
1,1,00001E,1790201834.2151592,40564.0987479,31.03742400000192,candidate-measurement,100B5D,valid,1051485,0,True,
1,1,00001E,1790201834.4067125,40564.2903002,31.228976300000795,candidate-measurement,100B5D,valid,1051485,0,True,
1,1,00001E,1790201834.5987072,40564.4822946,31.42097069999727,candidate-measurement,100B5E,valid,1051486,1,True,
1,1,00001E,1790201834.8067143,40564.690302,31.628978100001405,candidate-measurement,100B60,valid,1051488,2,True,
1,1,00001E,1790201834.9981165,40564.8817047,31.8203807999962,candidate-measurement,100B61,valid,1051489,1,True,
1,1,00001E,1790201835.1901073,40565.0736957,32.01237179999589,candidate-measurement,100B63,valid,1051491,2,True,
1,1,00001E,1790201835.3977013,40565.2812889,32.21996499999659,candidate-measurement,100B64,valid,1051492,1,True,
1,1,00001E,1790201835.589679,40565.4732665,32.41194259999611,candidate-measurement,100B66,valid,1051494,2,True,
1,1,00001E,1790201835.7816627,40565.665251,32.603927099997236,candidate-measurement,100B6D,valid,1051501,7,True,
1,1,00001E,1790201835.9891155,40565.8727015,32.81137759999547,candidate-measurement,100B6E,valid,1051502,1,True,
1,1,00001E,1790201836.181069,40566.0646572,33.003333299995575,candidate-measurement,100B6E,valid,1051502,0,True,
1,1,00001E,1790201836.373093,40566.256678,33.19535409999662,candidate-measurement,100B6F,valid,1051503,1,True,
1,1,00001E,1790201836.5646486,40566.4482353,33.38691139999719,candidate-measurement,100B70,valid,1051504,1,True,
1,1,00001E,1790201836.772632,40566.6562193,33.59489539999777,candidate-measurement,100B72,valid,1051506,2,True,
1,1,00001E,1790201836.9646668,40566.8482522,33.78692829999636,candidate-measurement,100B73,valid,1051507,1,True,
1,1,00001E,1790201837.1566238,40567.0402118,33.97888789999706,candidate-measurement,100B75,valid,1051509,2,True,
1,1,00001E,1790201837.3640442,40567.2476304,34.18630649999977,candidate-measurement,100B75,valid,1051509,0,True,
1,1,00001E,1790201837.5560317,40567.4396195,34.37829559999955,candidate-measurement,100B77,valid,1051511,2,True,
1,1,00001E,1790201837.7476137,40567.6312016,34.56987769999978,candidate-measurement,100B80,valid,1051520,9,True,
1,1,00001E,1790201837.9556031,40567.839191,34.77786709999782,candidate-measurement,100B86,valid,1051526,6,True,
1,1,00001E,1790201838.163584,40568.0471721,34.985848199998145,candidate-measurement,100B8A,valid,1051530,4,True,
1,1,00001E,1790201838.3555984,40568.2391853,35.17786139999953,candidate-measurement,100B8A,valid,1051530,0,True,
1,1,00001E,1790201838.54699,40568.4305778,35.36925389999669,candidate-measurement,100B8B,valid,1051531,1,True,
1,1,00001E,1790201838.7390037,40568.6225897,35.561265799995454,candidate-measurement,100B8B,valid,1051531,0,True,
1,1,00001E,1790201838.931002,40568.8145894,35.753265499995905,candidate-measurement,100B8B,valid,1051531,0,True,
1,1,00001E,1790201839.1225617,40569.0061496,35.94482569999673,candidate-measurement,100B8D,valid,1051533,2,True,
1,1,00001E,1790201839.3305573,40569.2141443,36.152820399998745,candidate-measurement,100B90,valid,1051536,3,True,
1,1,00001E,1790201839.5225444,40569.4061327,36.344808800000465,candidate-measurement,100B97,valid,1051543,7,True,
1,1,00001E,1790201839.7139573,40569.5975454,36.536221499998646,candidate-measurement,100B9B,valid,1051547,4,True,
1,1,00001E,1790201839.9220119,40569.8055984,36.744274500000756,candidate-measurement,100B9B,valid,1051547,0,True,
1,1,00001E,1790201840.1295214,40570.0131089,36.95178499999747,candidate-measurement,100B9D,valid,1051549,2,True,
1,1,00001E,1790201840.3215194,40570.2051069,37.14378299999953,candidate-measurement,100B9D,valid,1051549,0,True,
1,1,00001E,1790201840.5135074,40570.3970959,37.33577199999854,candidate-measurement,100B9D,valid,1051549,0,True,
1,1,00001E,1790201840.704923,40570.5885119,37.527188000000024,candidate-measurement,100B9D,valid,1051549,0,True,
1,1,00001E,1790201840.89692,40570.7805085,37.7191845999987,candidate-measurement,100B9E,valid,1051550,1,True,
1,1,00001E,1790201841.0889213,40570.9725093,37.91118540000025,candidate-measurement,100B9E,valid,1051550,0,True,
1,1,00001E,1790201841.2964783,40571.1800665,38.11874259999604,candidate-measurement,100BA2,valid,1051554,4,True,
1,1,00001E,1790201841.48852,40571.372104,38.31078010000056,candidate-measurement,100BAB,valid,1051563,9,True,
1,1,00001E,1790201841.6804824,40571.5640705,38.50274659999559,candidate-measurement,100BB5,valid,1051573,10,True,
1,1,00001E,1790201841.8879378,40571.7715271,38.71020319999661,candidate-measurement,100BB6,valid,1051574,1,True,
1,1,00001E,1790201842.079882,40571.9634705,38.90214659999765,candidate-measurement,100BB7,valid,1051575,1,True,
1,1,00001E,1790201842.271879,40572.1554673,39.09414339999785,candidate-measurement,100BB7,valid,1051575,0,True,
1,1,00001E,1790201842.4634612,40572.3470492,39.28572529999656,candidate-measurement,100BB8,valid,1051576,1,True,
1,1,00001E,1790201842.6714811,40572.5550676,39.49374369999714,candidate-measurement,100BBA,valid,1051578,2,True,
1,1,00001E,1790201842.8634331,40572.7470214,39.68569749999733,candidate-measurement,100BBB,valid,1051579,1,True,
1,1,00001E,1790201843.054854,40572.938442,39.87711809999746,candidate-measurement,100BBD,valid,1051581,2,True,
1,1,00001E,1790201843.2628386,40573.1464271,40.08510319999914,candidate-measurement,100BBD,valid,1051581,0,True,
1,1,00001E,1790201843.4544153,40573.3380038,40.27667990000191,candidate-measurement,100BBE,valid,1051582,1,True,
1,1,00001E,1790201843.646413,40573.5300013,40.46867740000016,candidate-measurement,100BC4,valid,1051588,6,True,
1,1,00001E,1790201843.854399,40573.7379874,40.67666350000218,candidate-measurement,100BC9,valid,1051593,5,True,
1,1,00001E,1790201844.0458307,40573.9294182,40.86809429999994,candidate-measurement,100BC9,valid,1051593,0,True,
1,1,00001E,1790201844.237809,40574.1213966,41.06007269999827,candidate-measurement,100BC9,valid,1051593,0,True,
1,1,00001E,1790201844.4298036,40574.313392,41.252068099995086,candidate-measurement,100BCA,valid,1051594,1,True,
1,1,00001E,1790201844.6373746,40574.520964,41.45964010000171,candidate-measurement,100BCC,valid,1051596,2,True,
1,1,00001E,1790201844.8293772,40574.7129657,41.65164179999556,candidate-measurement,100BCE,valid,1051598,2,True,
1,1,00001E,1790201845.0207837,40574.9043737,41.84304980000161,candidate-measurement,100BCE,valid,1051598,0,True,
1,1,00001E,1790201845.2283568,40575.1119454,42.05062149999867,candidate-measurement,100BCF,valid,1051599,1,True,
1,1,00001E,1790201845.4203737,40575.3039617,42.24263780000183,candidate-measurement,100BCF,valid,1051599,0,True,
1,1,00001E,1790201845.6123493,40575.4959387,42.43461479999678,candidate-measurement,100BD4,valid,1051604,5,True,
1,1,00001E,1790201845.8203552,40575.7039435,42.64261959999567,candidate-measurement,100BDF,valid,1051615,11,True,
1,1,00001E,1790201846.0277662,40575.9113559,42.8500320000021,candidate-measurement,100BE4,valid,1051620,5,True,
1,1,00001E,1790201846.2197454,40576.1033337,43.04200979999587,candidate-measurement,100BE5,valid,1051621,1,True,
1,1,00001E,1790201846.411336,40576.2949242,43.233600300001854,candidate-measurement,100BE6,valid,1051622,1,True,
1,1,00001E,1790201846.6033146,40576.486903,43.42557909999596,candidate-measurement,100BE6,valid,1051622,0,True,
1,1,00001E,1790201846.7953033,40576.6788936,43.617569699999876,candidate-measurement,100BE7,valid,1051623,1,True,
1,1,00001E,1790201846.9872887,40576.8708796,43.80955569999787,candidate-measurement,100BE7,valid,1051623,0,True,
1,1,00001E,1790201847.1947143,40577.0783039,44.01698000000033,candidate-measurement,100BEA,valid,1051626,3,True,
1,1,00001E,1790201847.3867154,40577.2703022,44.2089782999974,candidate-measurement,100BF2,valid,1051634,8,True,
1,1,00001E,1790201847.5782852,40577.4618726,44.40054869999585,candidate-measurement,100BF5,valid,1051637,3,True,
1,1,00001E,1790201847.7862706,40577.6698618,44.60853789999965,candidate-measurement,100BF7,valid,1051639,2,True,
1,1,00001E,1790201847.9782674,40577.8618566,44.80053269999917,candidate-measurement,100BF7,valid,1051639,0,True,
1,1,00001E,1790201848.1702607,40578.0538491,44.992525199995725,candidate-measurement,100BF7,valid,1051639,0,True,
1,1,00001E,1790201848.3776836,40578.2612697,45.199945799999114,candidate-measurement,100BF7,valid,1051639,0,True,
1,1,00001E,1790201848.5696673,40578.4532559,45.39193199999863,candidate-measurement,100BF8,valid,1051640,1,True,
1,1,00001E,1790201848.7612412,40578.6448318,45.58350789999531,candidate-measurement,100BF8,valid,1051640,0,True,
1,1,00001E,1790201848.9532323,40578.8368209,45.775496999995084,candidate-measurement,100BFD,valid,1051645,5,True,
1,1,00001E,1790201849.1612372,40579.0448247,45.98350080000091,candidate-measurement,100C03,valid,1051651,6,True,
1,1,00001E,1790201849.3526468,40579.2362342,46.174910299996554,candidate-measurement,100C0C,valid,1051660,9,True,
1,1,00001E,1790201849.5446405,40579.4282291,46.366905199996836,candidate-measurement,100C10,valid,1051664,4,True,
1,1,00001E,1790201849.7366319,40579.6202195,46.55889559999923,candidate-measurement,100C10,valid,1051664,0,True,
1,1,00001E,1790201849.9442053,40579.8277937,46.76646980000078,candidate-measurement,100C10,valid,1051664,0,True,
1,1,00001E,1790201850.1361907,40580.0197795,46.95845559999725,candidate-measurement,100C11,valid,1051665,1,True,
1,1,00001E,1790201850.3281932,40580.2117832,47.150459299999056,candidate-measurement,100C11,valid,1051665,0,True,
1,1,00001E,1790201850.5361874,40580.4197761,47.35845220000192,candidate-measurement,100C13,valid,1051667,2,True,
1,1,00001E,1790201850.7276003,40580.6111889,47.549865000000864,candidate-measurement,100C14,valid,1051668,1,True,
1,1,00001E,1790201850.9195945,40580.8031859,47.74186199999531,candidate-measurement,100C15,valid,1051669,1,True,
1,1,00001E,1790201851.1271625,40581.0107533,47.949429399996006,candidate-measurement,100C17,valid,1051671,2,True,
1,1,00001E,1790201851.3191774,40581.202766,48.14144210000086,candidate-measurement,100C17,valid,1051671,0,True,
1,1,00001E,1790201851.5111597,40581.3947477,48.33342379999522,candidate-measurement,100C1A,valid,1051674,3,True,
1,1,00001E,1790201851.7185814,40581.602169,48.54084509999666,candidate-measurement,100C21,valid,1051681,7,True,
1,1,00001E,1790201851.9105613,40581.7941516,48.73282769999787,candidate-measurement,100C23,valid,1051683,2,True,
1,1,00001E,1790201852.1021266,40581.985717,48.92439310000191,candidate-measurement,100C23,valid,1051683,0,True,
1,1,00001E,1790201852.2941322,40582.1777208,49.1163968999972,candidate-measurement,100C23,valid,1051683,0,True,
1,1,00001E,1790201852.5021203,40582.3857085,49.32438459999685,candidate-measurement,100C24,valid,1051684,1,True,
1,1,00001E,1790201852.6935308,40582.577121,49.51579710000078,candidate-measurement,100C26,valid,1051686,2,True,
1,1,00001E,1790201852.8855286,40582.7691185,49.70779459999903,candidate-measurement,100C27,valid,1051687,1,True,
1,1,00001E,1790201853.0931356,40582.9767266,49.915402699996775,candidate-measurement,100C29,valid,1051689,2,True,
1,1,00001E,1790201853.28513,40583.1687167,50.10739279999689,candidate-measurement,100C29,valid,1051689,0,True,
1,1,00001E,1790201853.4770935,40583.3606819,50.29935799999657,candidate-measurement,100C2E,valid,1051694,5,True,
1,1,00001E,1790201853.669081,40583.5526718,50.49134789999516,candidate-measurement,100C39,valid,1051705,11,True,
1,1,00001E,1790201853.8765182,40583.7601084,50.69878449999669,candidate-measurement,100C3F,valid,1051711,6,True,
1,1,00001E,1790201854.068485,40583.9520766,50.89075269999739,candidate-measurement,100C3F,valid,1051711,0,True,
1,1,00001E,1790201854.2600667,40584.1436557,51.08233179999661,candidate-measurement,100C3F,valid,1051711,0,True,
1,1,00001E,1790201854.4680545,40584.3516428,51.290318899998965,candidate-measurement,100C3F,valid,1051711,0,True,
1,1,00001E,1790201854.6600652,40584.5436546,51.482330699996965,candidate-measurement,100C41,valid,1051713,2,True,
1,1,00001E,1790201854.851468,40584.7350587,51.673734799995145,candidate-measurement,100C45,valid,1051717,4,True,
1,1,00001E,1790201855.0594618,40584.9430493,51.881725400002324,candidate-measurement,100C4E,valid,1051726,9,True,
1,1,00001E,1790201855.2514746,40585.1350646,52.07374069999787,candidate-measurement,100C4F,valid,1051727,1,True,
1,1,00001E,1790201855.443023,40585.3266118,52.26528790000157,candidate-measurement,100C51,valid,1051729,2,True,
1,1,00001E,1790201855.635019,40585.5186087,52.45728479999525,candidate-measurement,100C51,valid,1051729,0,True,
1,1,00001E,1790201855.843014,40585.7266038,52.665279900000314,candidate-measurement,100C51,valid,1051729,0,True,
1,1,00001E,1790201856.0344312,40585.9180212,52.856697299997904,candidate-measurement,100C51,valid,1051729,0,True,
1,1,00001E,1790201856.2264252,40586.1100146,53.048690700001316,candidate-measurement,100C51,valid,1051729,0,True,
1,1,00001E,1790201856.4340534,40586.3176417,53.256317799998214,candidate-measurement,100C52,valid,1051730,1,True,
1,1,00001E,1790201856.6259847,40586.5095729,53.44824900000094,candidate-measurement,100C55,valid,1051733,3,True,
1,1,00001E,1790201856.8179786,40586.7015695,53.640245599999616,candidate-measurement,100C5D,valid,1051741,8,True,
1,1,00001E,1790201857.0259976,40586.9095865,53.848262599996815,candidate-measurement,100C69,valid,1051753,12,True,
1,1,00001E,1790201857.2333794,40587.1169699,54.055646000000706,candidate-measurement,100C6A,valid,1051754,1,True,
1,1,00001E,1790201857.4253848,40587.3089739,54.24764999999752,candidate-measurement,100C6A,valid,1051754,0,True,
1,1,00001E,1790201857.6173806,40587.500969,54.439645099999325,candidate-measurement,100C6A,valid,1051754,0,True,
1,1,00001E,1790201857.8089452,40587.6925357,54.63121179999871,candidate-measurement,100C6C,valid,1051756,2,True,
1,1,00001E,1790201858.000932,40587.8845235,54.82319959999586,candidate-measurement,100C6D,valid,1051757,1,True,
1,1,00001E,1790201858.1929588,40588.0765488,55.01522490000207,candidate-measurement,100C6F,valid,1051759,2,True,
1,1,00001E,1790201858.4003675,40588.2839552,55.22263129999919,candidate-measurement,100C71,valid,1051761,2,True,
1,1,00001E,1790201858.5923502,40588.4759395,55.4146155999988,candidate-measurement,100C71,valid,1051761,0,True,
1,1,00001E,1790201858.783936,40588.6675267,55.60620280000148,candidate-measurement,100C73,valid,1051763,2,True,
1,1,00001E,1790201858.9919136,40588.875503,55.81417910000164,candidate-measurement,100C7A,valid,1051770,7,True,
1,1,00001E,1790201859.183321,40589.0669096,56.00558569999703,candidate-measurement,100C7D,valid,1051773,3,True,
1,1,00001E,1790201859.3753316,40589.2589199,56.19759599999816,candidate-measurement,100C7D,valid,1051773,0,True,
1,1,00001E,1790201859.5673125,40589.4509026,56.38957870000013,candidate-measurement,100C7D,valid,1051773,0,True,
1,1,00001E,1790201859.7748852,40589.658474,56.59715010000218,candidate-measurement,100C7E,valid,1051774,1,True,
1,1,00001E,1790201859.9668694,40589.8504608,56.789136899998994,candidate-measurement,100C80,valid,1051776,2,True,
1,1,00001E,1790201860.1588724,40590.0424618,56.98113790000207,candidate-measurement,100C81,valid,1051777,1,True,
1,1,00001E,1790201860.366305,40590.2498921,57.18856819999928,candidate-measurement,100C83,valid,1051779,2,True,
1,1,00001E,1790201860.55828,40590.4418688,57.38054489999922,candidate-measurement,100C83,valid,1051779,0,True,
1,1,00001E,1790201860.7498565,40590.6334465,57.57212260000233,candidate-measurement,100C86,valid,1051782,3,True,
1,1,00001E,1790201860.9578497,40590.8414381,57.780114199995296,candidate-measurement,100C90,valid,1051792,10,True,
1,1,00001E,1790201861.1498454,40591.0334331,57.97210919999634,candidate-measurement,100C95,valid,1051797,5,True,
1,1,00001E,1790201861.3412633,40591.2248509,58.163526999996975,candidate-measurement,100C99,valid,1051801,4,True,
1,1,00001E,1790201861.5332658,40591.4168542,58.355530299995735,candidate-measurement,100C99,valid,1051801,0,True,
1,1,00001E,1790201861.741237,40591.6248256,58.563501700002234,candidate-measurement,100C99,valid,1051801,0,True,
1,1,00001E,1790201861.9328175,40591.8164066,58.75508270000137,candidate-measurement,100C9A,valid,1051802,1,True,
1,1,00001E,1790201862.1248095,40592.0084002,58.947076299999026,candidate-measurement,100C9B,valid,1051803,1,True,
1,1,00001E,1790201862.3328042,40592.2163903,59.15506639999512,candidate-measurement,100C9B,valid,1051803,0,True,
1,1,00001E,1790201862.5248036,40592.4083921,59.34706819999701,candidate-measurement,100C9E,valid,1051806,3,True,
1,1,00001E,1790201862.7162101,40592.5998015,59.53847759999917,candidate-measurement,100CA3,valid,1051811,5,True,
1,1,00001E,1790201862.9241984,40592.8077866,59.74646270000085,candidate-measurement,100CA9,valid,1051817,6,True,
1,1,00001E,1790201863.1161995,40592.9997904,59.93846649999614,candidate-measurement,100CAB,valid,1051819,2,True,
1,1,00001E,1790201863.3077793,40593.1913675,60.130043600001954,candidate-measurement,100CAB,valid,1051819,0,True,
1,1,00001E,1790201863.4997683,40593.3833568,60.322032899995975,candidate-measurement,100CAB,valid,1051819,0,True,
1,1,00001E,1790201863.7077594,40593.5913497,60.53002579999884,candidate-measurement,100CAB,valid,1051819,0,True,
1,1,00001E,1790201863.899751,40593.7833415,60.72201759999734,candidate-measurement,100CAB,valid,1051819,0,True,
1,1,00001E,1790201864.091171,40593.9747597,60.913435800001025,candidate-measurement,100CAB,valid,1051819,0,True,
1,1,00001E,1790201864.299164,40594.1827527,61.121428799997375,candidate-measurement,100CAC,valid,1051820,1,True,
1,1,00001E,1790201864.4911566,40594.374745,61.31342109999969,candidate-measurement,100CAF,valid,1051823,3,True,
1,1,00001E,1790201864.6827254,40594.5663166,61.5049927,candidate-measurement,100CB7,valid,1051831,8,True,
1,1,00001E,1790201864.8907342,40594.774325,61.7130010999972,candidate-measurement,100CC2,valid,1051842,11,True,
1,1,00001E,1790201865.0827193,40594.9663077,61.90498379999917,candidate-measurement,100CC4,valid,1051844,2,True,
1,1,00001E,1790201865.2747264,40595.1583159,62.09699199999886,candidate-measurement,100CC5,valid,1051845,1,True,
1,1,00001E,1790201865.4661283,40595.3497166,62.28839270000026,candidate-measurement,100CC5,valid,1051845,0,True,
1,1,00001E,1790201865.674118,40595.5577062,62.49638229999982,candidate-measurement,100CC5,valid,1051845,0,True,
1,1,00001E,1790201865.865685,40595.7492759,62.68795200000022,candidate-measurement,100CC7,valid,1051847,2,True,
1,1,00001E,1790201866.0576828,40595.941272,62.87994809999509,candidate-measurement,100CC9,valid,1051849,2,True,
1,1,00001E,1790201866.265676,40596.1492654,63.08794150000176,candidate-measurement,100CCB,valid,1051851,2,True,
1,1,00001E,1790201866.4576755,40596.341264,63.27994010000111,candidate-measurement,100CCE,valid,1051854,3,True,
1,1,00001E,1790201866.6490822,40596.5326708,63.471346899998025,candidate-measurement,100CD4,valid,1051860,6,True,
1,1,00001E,1790201866.8410804,40596.7246689,63.663345000000845,candidate-measurement,100CD7,valid,1051863,3,True,
1,1,00001E,1790201867.0490901,40596.932679,63.871355099996435,candidate-measurement,100CD7,valid,1051863,0,True,
1,1,00001E,1790201867.2406492,40597.1242371,64.06291319999582,candidate-measurement,100CD8,valid,1051864,1,True,
1,1,00001E,1790201867.4326417,40597.3162303,64.25490639999771,candidate-measurement,100CDA,valid,1051866,2,True,
1,1,00001E,1790201867.640636,40597.5242241,64.46290020000015,candidate-measurement,100CDC,valid,1051868,2,True,
1,1,00001E,1790201867.832038,40597.7156292,64.65430529999867,candidate-measurement,100CDC,valid,1051868,0,True,
1,1,00001E,1790201868.0240364,40597.9076267,64.84630279999692,candidate-measurement,100CDD,valid,1051869,1,True,
1,1,00001E,1790201868.2316158,40598.115205,65.05388110000058,candidate-measurement,100CE0,valid,1051872,3,True,
1,1,00001E,1790201868.4236143,40598.3072026,65.2458786999996,candidate-measurement,100CEA,valid,1051882,10,True,
1,1,00001E,1790201868.6156042,40598.4991947,65.43787080000038,candidate-measurement,100CF0,valid,1051888,6,True,
1,1,00001E,1790201868.807594,40598.6911843,65.62986039999669,candidate-measurement,100CF3,valid,1051891,3,True,
1,1,00001E,1790201869.0150104,40598.8986004,65.83727650000219,candidate-measurement,100CF3,valid,1051891,0,True,
1,1,00001E,1790201869.2070057,40599.0905943,66.02927040000213,candidate-measurement,100CF4,valid,1051892,1,True,
1,1,00001E,1790201869.3990004,40599.2825887,66.22126479999861,candidate-measurement,100CF4,valid,1051892,0,True,
1,1,00001E,1790201869.6066146,40599.4902027,66.42887879999762,candidate-measurement,100CF5,valid,1051893,1,True,
1,1,00001E,1790201869.7985651,40599.6821547,66.62083079999866,candidate-measurement,100CF8,valid,1051896,3,True,
1,1,00001E,1790201869.990569,40599.8741589,66.812834999997,candidate-measurement,100D00,valid,1051904,8,True,
1,1,00001E,1790201870.1979744,40600.081563,67.02023909999843,candidate-measurement,100D03,valid,1051907,3,True,
1,1,00001E,1790201870.3899648,40600.2735535,67.21222960000159,candidate-measurement,100D05,valid,1051909,2,True,
1,1,00001E,1790201870.5815299,40600.465121,67.40379709999979,candidate-measurement,100D05,valid,1051909,0,True,
1,1,00001E,1790201870.7735298,40600.6571195,67.59579559999838,candidate-measurement,100D05,valid,1051909,0,True,
1,1,00001E,1790201870.981545,40600.8651325,67.8038086000015,candidate-measurement,100D05,valid,1051909,0,True,
1,1,00001E,1790201871.173515,40601.0571056,67.99578169999586,candidate-measurement,100D08,valid,1051912,3,True,
1,1,00001E,1790201871.3649423,40601.2485297,68.18720580000081,candidate-measurement,100D0D,valid,1051917,5,True,
1,1,00001E,1790201871.5729384,40601.4565272,68.39520330000232,candidate-measurement,100D18,valid,1051928,11,True,
1,1,00001E,1790201871.764506,40601.6480955,68.58677159999934,candidate-measurement,100D1C,valid,1051932,4,True,
1,1,00001E,1790201871.956499,40601.8400874,68.7787634999986,candidate-measurement,100D1E,valid,1051934,2,True,
1,1,00001E,1790201872.1644914,40602.0480806,68.98675669999648,candidate-measurement,100D1F,valid,1051935,1,True,
1,1,00001E,1790201872.356486,40602.2400751,69.17875120000099,candidate-measurement,100D1F,valid,1051935,0,True,
1,1,00001E,1790201872.547901,40602.431488,69.3701641000007,candidate-measurement,100D1F,valid,1051935,0,True,
1,1,00001E,1790201872.7398906,40602.6234784,69.56215449999581,candidate-measurement,100D1F,valid,1051935,0,True,
1,1,00001E,1790201872.9474626,40602.8310513,69.76972740000201,candidate-measurement,100D1F,valid,1051935,0,True,
1,1,00001E,1790201873.1394556,40603.023046,69.96172210000077,candidate-measurement,100D1F,valid,1051935,0,True,
1,1,00001E,1790201873.3314524,40603.2150414,70.15371749999758,candidate-measurement,100D21,valid,1051937,2,True,
1,1,00001E,1790201873.539502,40603.4230886,70.36176469999918,candidate-measurement,100D23,valid,1051939,2,True,
1,1,00001E,1790201873.7308514,40603.6144418,70.55311789999541,candidate-measurement,100D24,valid,1051940,1,True,
1,1,00001E,1790201873.9228535,40603.8064446,70.74512069999764,candidate-measurement,100D27,valid,1051943,3,True,
1,1,00001E,1790201874.1304255,40604.0140146,70.95269069999631,candidate-measurement,100D2F,valid,1051951,8,True,
1,1,00001E,1790201874.3224144,40604.2060031,71.14467919999879,candidate-measurement,100D31,valid,1051953,2,True,
1,1,00001E,1790201874.5144193,40604.3980076,71.33668369999941,candidate-measurement,100D31,valid,1051953,0,True,
1,1,00001E,1790201874.7218447,40604.6054336,71.54410970000026,candidate-measurement,100D31,valid,1051953,0,True,
1,1,00001E,1790201874.9138348,40604.7974243,71.73610039999767,candidate-measurement,100D32,valid,1051954,1,True,
1,1,00001E,1790201875.1053944,40604.9889834,71.92765949999739,candidate-measurement,100D34,valid,1051956,2,True,
1,1,00001E,1790201875.2973907,40605.180979,72.11965509999573,candidate-measurement,100D35,valid,1051957,1,True,
1,1,00001E,1790201875.5053813,40605.388969,72.32764509999834,candidate-measurement,100D36,valid,1051958,1,True,
1,1,00001E,1790201875.6967964,40605.5803853,72.5190614000021,candidate-measurement,100D39,valid,1051961,3,True,
1,1,00001E,1790201875.8887897,40605.772381,72.7110571000012,candidate-measurement,100D3D,valid,1051965,4,True,
1,1,00001E,1790201876.0964127,40605.980001,72.91867710000224,candidate-measurement,100D47,valid,1051975,10,True,
1,1,00001E,1790201876.28835,40606.1719413,73.1106174000015,candidate-measurement,100D4A,valid,1051978,3,True,
1,1,00001E,1790201876.480347,40606.3639366,73.30261269999755,candidate-measurement,100D4D,valid,1051981,3,True,
1,1,00001E,1790201876.672338,40606.555926,73.49460209999961,candidate-measurement,100D4D,valid,1051981,0,True,
1,1,00001E,1790201876.8797581,40606.763347,73.70202309999877,candidate-measurement,100D4D,valid,1051981,0,True,
1,1,00001E,1790201877.071747,40606.9553376,73.89401369999541,candidate-measurement,100D4D,valid,1051981,0,True,
1,1,00001E,1790201877.263747,40607.1473353,74.08601139999519,candidate-measurement,100D4F,valid,1051983,2,True,
1,1,00001E,1790201877.471317,40607.3549063,74.29358240000147,candidate-measurement,100D51,valid,1051985,2,True,
1,1,00001E,1790201877.6633096,40607.5468984,74.48557450000226,candidate-measurement,100D53,valid,1051987,2,True,
1,1,00001E,1790201877.855303,40607.7388929,74.6775689999995,candidate-measurement,100D5B,valid,1051995,8,True,
1,1,00001E,1790201878.0472937,40607.9308839,74.86955999999918,candidate-measurement,100D5F,valid,1051999,4,True,
1,1,00001E,1790201878.254716,40608.138304,75.07698009999876,candidate-measurement,100D5F,valid,1051999,0,True,
1,1,00001E,1790201878.4467137,40608.3303016,75.26897769999778,candidate-measurement,100D5F,valid,1051999,0,True,
1,1,00001E,1790201878.638281,40608.52187,75.46054609999555,candidate-measurement,100D5F,valid,1051999,0,True,
1,1,00001E,1790201878.8462715,40608.7298599,75.6685359999974,candidate-measurement,100D5F,valid,1051999,0,True,
1,1,00001E,1790201879.038263,40608.9218537,75.86052979999658,candidate-measurement,100D60,valid,1052000,1,True,
1,1,00001E,1790201879.2296758,40609.1132645,76.05194060000213,candidate-measurement,100D61,valid,1052001,1,True,
1,1,00001E,1790201879.4376712,40609.3212599,76.2599360000022,candidate-measurement,100D68,valid,1052008,7,True,
1,1,00001E,1790201879.6292455,40609.5128352,76.45151130000158,candidate-measurement,100D76,valid,1052022,14,True,
1,1,00001E,1790201879.8212464,40609.7048351,76.64351119999628,candidate-measurement,100D78,valid,1052024,2,True,
1,1,00001E,1790201880.0132427,40609.896829,76.83550509999623,candidate-measurement,100D79,valid,1052025,1,True,
1,1,00001E,1790201880.2212248,40610.1048126,77.04348870000103,candidate-measurement,100D7A,valid,1052026,1,True,
1,1,00001E,1790201880.4126406,40610.296229,77.23490509999829,candidate-measurement,100D7C,valid,1052028,2,True,
1,1,00001E,1790201880.6046364,40610.4882256,77.42690169999696,candidate-measurement,100D7D,valid,1052029,1,True,
1,1,00001E,1790201880.8122053,40610.6957964,77.63447250000172,candidate-measurement,100D7F,valid,1052031,2,True,
1,1,00001E,1790201881.004201,40610.8877894,77.82646550000209,candidate-measurement,100D7F,valid,1052031,0,True,
1,1,00001E,1790201881.1961966,40611.0797849,78.01846099999966,candidate-measurement,100D82,valid,1052034,3,True,
1,1,00001E,1790201881.4036148,40611.287203,78.22587909999856,candidate-measurement,100D8B,valid,1052043,9,True,
1,1,00001E,1790201881.595625,40611.4792129,78.41788899999665,candidate-measurement,100D8B,valid,1052043,0,True,
1,1,00001E,1790201881.7875967,40611.6711861,78.60986219999904,candidate-measurement,100D8C,valid,1052044,1,True,
1,1,00001E,1790201881.9951708,40611.8787587,78.81743479999568,candidate-measurement,100D8E,valid,1052046,2,True,
1,1,00001E,1790201882.1871653,40612.0707537,79.00942979999672,candidate-measurement,100D8F,valid,1052047,1,True,
1,1,00001E,1790201882.3791625,40612.2627503,79.2014263999954,candidate-measurement,100D91,valid,1052049,2,True,
1,1,00001E,1790201882.5705862,40612.4541744,79.39285050000035,candidate-measurement,100D93,valid,1052051,2,True,
1,1,00001E,1790201882.7785697,40612.6621575,79.60083360000135,candidate-measurement,100D9E,valid,1052062,11,True,
1,1,00001E,1790201882.9705553,40612.8541456,79.79282170000079,candidate-measurement,100DA5,valid,1052069,7,True,
1,1,00001E,1790201883.162135,40613.0457238,79.98439990000043,candidate-measurement,100DA7,valid,1052071,2,True,
1,1,00001E,1790201883.3701408,40613.2537276,80.19240369999898,candidate-measurement,100DA7,valid,1052071,0,True,
1,1,00001E,1790201883.5621252,40613.4457139,80.38438999999926,candidate-measurement,100DA7,valid,1052071,0,True,
1,1,00001E,1790201883.753535,40613.6371249,80.57580099999905,candidate-measurement,100DA8,valid,1052072,1,True,
1,1,00001E,1790201883.9455245,40613.829116,80.7677920999995,candidate-measurement,100DAB,valid,1052075,3,True,
1,1,00001E,1790201884.15311,40614.0366994,80.97537549999834,candidate-measurement,100DB0,valid,1052080,5,True,
1,1,00001E,1790201884.3450983,40614.2286852,81.16736130000209,candidate-measurement,100DB6,valid,1052086,6,True,
1,1,00001E,1790201884.5370882,40614.4206769,81.35935299999983,candidate-measurement,100DB7,valid,1052087,1,True,
1,1,00001E,1790201884.7445028,40614.628092,81.56676809999772,candidate-measurement,100DB9,valid,1052089,2,True,
1,1,00001E,1790201884.936492,40614.8200828,81.75875889999588,candidate-measurement,100DB9,valid,1052089,0,True,
1,1,00001E,1790201885.1284869,40615.0120766,81.95075269999506,candidate-measurement,100DB9,valid,1052089,0,True,
1,1,00001E,1790201885.3360739,40615.2196631,82.15833919999568,candidate-measurement,100DB9,valid,1052089,0,True,
1,1,00001E,1790201885.5440574,40615.4276463,82.36632239999744,candidate-measurement,100DBA,valid,1052090,1,True,
1,1,00001E,1790201885.73605,40615.619639,82.55831509999553,candidate-measurement,100DBA,valid,1052090,0,True,
1,1,00001E,1790201885.928042,40615.8116331,82.75030919999699,candidate-measurement,100DBC,valid,1052092,2,True,
1,1,00001E,1790201886.119459,40616.0030477,82.94172379999509,candidate-measurement,100DBF,valid,1052095,3,True,
1,1,00001E,1790201886.3114574,40616.1950459,83.13372199999867,candidate-measurement,100DC6,valid,1052102,7,True,
1,1,00001E,1790201886.5034468,40616.3870359,83.32571199999802,candidate-measurement,100DCF,valid,1052111,9,True,
1,1,00001E,1790201886.7110224,40616.5946107,83.53328679999686,candidate-measurement,100DD2,valid,1052114,3,True,
1,1,00001E,1790201886.903042,40616.7866328,83.72530890000053,candidate-measurement,100DD3,valid,1052115,1,True,
1,1,00001E,1790201887.094428,40616.9780176,83.91669369999727,candidate-measurement,100DD3,valid,1052115,0,True,
1,1,00001E,1790201887.3024209,40617.186009,84.12468509999599,candidate-measurement,100DD3,valid,1052115,0,True,
1,1,00001E,1790201887.5099936,40617.3935824,84.33225849999872,candidate-measurement,100DD3,valid,1052115,0,True,
1,1,00001E,1790201887.7020023,40617.5855923,84.5242683999968,candidate-measurement,100DD3,valid,1052115,0,True,
1,1,00001E,1790201887.8939812,40617.7775696,84.71624570000131,candidate-measurement,100DD5,valid,1052117,2,True,
1,1,00001E,1790201888.085971,40617.9695617,84.9082378000021,candidate-measurement,100DD7,valid,1052119,2,True,
1,1,00001E,1790201888.277396,40618.1609845,85.09966059999715,candidate-measurement,100DD9,valid,1052121,2,True,
1,1,00001E,1790201888.4693973,40618.3529858,85.29166189999523,candidate-measurement,100DDA,valid,1052122,1,True,
1,1,00001E,1790201888.6769543,40618.5605432,85.49921929999982,candidate-measurement,100DE1,valid,1052129,7,True,
1,1,00001E,1790201888.8689513,40618.7525399,85.69121599999926,candidate-measurement,100DE4,valid,1052132,3,True,
1,1,00001E,1790201889.0609725,40618.9445632,85.88323929999751,candidate-measurement,100DE4,valid,1052132,0,True,
1,1,00001E,1790201889.2529366,40619.1365257,86.07520179999847,candidate-measurement,100DE5,valid,1052133,1,True,
1,1,00001E,1790201889.4609432,40619.3445312,86.28320729999541,candidate-measurement,100DE6,valid,1052134,1,True,
1,1,00001E,1790201889.6529205,40619.5365091,86.47518519999721,candidate-measurement,100DE8,valid,1052136,2,True,
1,1,00001E,1790201889.8443341,40619.7279244,86.66660050000064,candidate-measurement,100DE9,valid,1052137,1,True,
1,1,00001E,1790201890.051962,40619.9355514,86.87422749999678,candidate-measurement,100DEB,valid,1052139,2,True,
1,1,00001E,1790201890.2439091,40620.1274975,87.06617359999655,candidate-measurement,100DEC,valid,1052140,1,True,
1,1,00001E,1790201890.4359007,40620.3194889,87.25816499999928,candidate-measurement,100DF1,valid,1052145,5,True,
1,1,00001E,1790201890.6438885,40620.5274792,87.4661552999969,candidate-measurement,100DFC,valid,1052156,11,True,
1,1,00001E,1790201890.851307,40620.7348963,87.67357239999546,candidate-measurement,100E00,valid,1052160,4,True,
1,1,00001E,1790201891.0433,40620.9268891,87.86556520000158,candidate-measurement,100E01,valid,1052161,1,True,
1,1,00001E,1790201891.235297,40621.1188853,88.05756139999721,candidate-measurement,100E02,valid,1052162,1,True,
1,1,00001E,1790201891.4268658,40621.3104546,88.24913070000184,candidate-measurement,100E03,valid,1052163,1,True,
1,1,00001E,1790201891.618866,40621.5024548,88.44113089999883,candidate-measurement,100E03,valid,1052163,0,True,
1,1,00001E,1790201891.810855,40621.6944443,88.63312040000164,candidate-measurement,100E07,valid,1052167,4,True,
1,1,00001E,1790201892.0182848,40621.9018735,88.84054959999776,candidate-measurement,100E0E,valid,1052174,7,True,
1,1,00001E,1790201892.2102635,40622.0938516,89.03252770000108,candidate-measurement,100E11,valid,1052177,3,True,
1,1,00001E,1790201892.4022536,40622.2858426,89.22451870000077,candidate-measurement,100E11,valid,1052177,0,True,
1,1,00001E,1790201892.6098273,40622.4934169,89.4320929999958,candidate-measurement,100E13,valid,1052179,2,True,
1,1,00001E,1790201892.8178215,40622.7014101,89.64008620000095,candidate-measurement,100E13,valid,1052179,0,True,
1,1,00001E,1790201893.0098069,40622.8933976,89.83207369999582,candidate-measurement,100E13,valid,1052179,0,True,
1,1,00001E,1790201893.2012272,40623.084817,90.02349310000136,candidate-measurement,100E13,valid,1052179,0,True,
1,1,00001E,1790201893.393226,40623.2768151,90.2154911999969,candidate-measurement,100E13,valid,1052179,0,True,
1,1,00001E,1790201893.5852132,40623.4688019,90.40747800000099,candidate-measurement,100E13,valid,1052179,0,True,
1,1,00001E,1790201893.7767954,40623.6603846,90.59906069999852,candidate-measurement,100E15,valid,1052181,2,True,
1,1,00001E,1790201893.9847827,40623.8683733,90.8070493999985,candidate-measurement,100E1A,valid,1052186,5,True,
1,1,00001E,1790201894.176785,40624.0603748,90.99905089999811,candidate-measurement,100E27,valid,1052199,13,True,
1,1,00001E,1790201894.3682022,40624.2517891,91.1904652000012,candidate-measurement,100E2B,valid,1052203,4,True,
1,1,00001E,1790201894.5761857,40624.4597746,91.39845069999865,candidate-measurement,100E2D,valid,1052205,2,True,
1,1,00001E,1790201894.7677596,40624.6513487,91.59002479999617,candidate-measurement,100E2D,valid,1052205,0,True,
1,1,00001E,1790201894.9597569,40624.8433449,91.78202099999908,candidate-measurement,100E2D,valid,1052205,0,True,
1,1,00001E,1790201895.1517465,40625.0353376,91.97401369999716,candidate-measurement,100E2D,valid,1052205,0,True,
1,1,00001E,1790201895.3591719,40625.2427586,92.18143469999632,candidate-measurement,100E30,valid,1052208,3,True,
1,1,00001E,1790201895.5511563,40625.4347448,92.37342089999584,candidate-measurement,100E32,valid,1052210,2,True,
1,1,00001E,1790201895.7431438,40625.626732,92.5654080999957,candidate-measurement,100E33,valid,1052211,1,True,
1,1,00001E,1790201895.9507165,40625.8343071,92.77298319999682,candidate-measurement,100E33,valid,1052211,0,True,
1,1,00001E,1790201896.1427288,40626.0263194,92.96499549999862,candidate-measurement,100E33,valid,1052211,0,True,
1,1,00001E,1790201896.3347175,40626.2183062,93.15698229999543,candidate-measurement,100E3A,valid,1052218,7,True,
1,1,00001E,1790201896.5421321,40626.4257203,93.36439640000026,candidate-measurement,100E3F,valid,1052223,5,True,
1,1,00001E,1790201896.73413,40626.6177205,93.55639659999724,candidate-measurement,100E3F,valid,1052223,0,True,
1,1,00001E,1790201896.9261281,40626.8097166,93.74839269999939,candidate-measurement,100E40,valid,1052224,1,True,
1,1,00001E,1790201897.1176877,40627.0012761,93.93995220000215,candidate-measurement,100E42,valid,1052226,2,True,
1,1,00001E,1790201897.3256762,40627.2092648,94.14794090000214,candidate-measurement,100E43,valid,1052227,1,True,
1,1,00001E,1790201897.5176713,40627.4012602,94.33993629999895,candidate-measurement,100E44,valid,1052228,1,True,
1,1,00001E,1790201897.7090857,40627.5926738,94.53134989999671,candidate-measurement,100E47,valid,1052231,3,True,
1,1,00001E,1790201897.9166577,40627.8002458,94.73892189999606,candidate-measurement,100E51,valid,1052241,10,True,
1,1,00001E,1790201898.108666,40627.9922562,94.93093229999795,candidate-measurement,100E56,valid,1052246,5,True,
1,1,00001E,1790201898.3006473,40628.1842357,95.12291179999738,candidate-measurement,100E5B,valid,1052251,5,True,
1,1,00001E,1790201898.5080574,40628.3916451,95.33032119999552,candidate-measurement,100E5B,valid,1052251,0,True,
1,1,00001E,1790201898.716052,40628.5996407,95.53831679999712,candidate-measurement,100E5B,valid,1052251,0,True,
1,1,00001E,1790201898.9080498,40628.7916384,95.7303144999969,candidate-measurement,100E5C,valid,1052252,1,True,
1,1,00001E,1790201899.0996158,40628.9832064,95.9218824999989,candidate-measurement,100E5C,valid,1052252,0,True,
1,1,00001E,1790201899.2916074,40629.1751978,96.11387390000164,candidate-measurement,100E5C,valid,1052252,0,True,
1,1,00001E,1790201899.4836085,40629.3671963,96.30587240000023,candidate-measurement,100E5F,valid,1052255,3,True,
1,1,00001E,1790201899.6750226,40629.5586113,96.49728740000137,candidate-measurement,100E64,valid,1052260,5,True,
1,1,00001E,1790201899.883011,40629.766602,96.70527810000203,candidate-measurement,100E6B,valid,1052267,7,True,
1,1,00001E,1790201900.0750067,40629.9585949,96.89727100000164,candidate-measurement,100E6D,valid,1052269,2,True,
1,1,00001E,1790201900.2670054,40630.1505931,97.08926919999794,candidate-measurement,100E6D,valid,1052269,0,True,
1,1,00001E,1790201900.4745781,40630.3581663,97.29684239999915,candidate-measurement,100E6D,valid,1052269,0,True,
1,1,00001E,1790201900.666563,40630.5501539,97.48883000000205,candidate-measurement,100E6F,valid,1052271,2,True,
1,1,00001E,1790201900.8585637,40630.742152,97.6808280999976,candidate-measurement,100E6F,valid,1052271,0,True,
1,1,00001E,1790201901.0505505,40630.9341392,97.87281529999746,candidate-measurement,100E74,valid,1052276,5,True,
1,1,00001E,1790201901.2579756,40631.1415637,98.08023980000144,candidate-measurement,100E7F,valid,1052287,11,True,
1,1,00001E,1790201901.4499662,40631.3335544,98.27223049999884,candidate-measurement,100E84,valid,1052292,5,True,
1,1,00001E,1790201901.6415334,40631.525122,98.4637980999978,candidate-measurement,100E85,valid,1052293,1,True,
1,1,00001E,1790201901.849522,40631.7331116,98.67178769999737,candidate-measurement,100E86,valid,1052294,1,True,
1,1,00001E,1790201902.0415254,40631.9251138,98.8637899000023,candidate-measurement,100E87,valid,1052295,1,True,
1,1,00001E,1790201902.2335236,40632.1171121,99.05578819999937,candidate-measurement,100E87,valid,1052295,0,True,
1,1,00001E,1790201902.4255161,40632.3091043,99.24778040000092,candidate-measurement,100E88,valid,1052296,1,True,
1,1,00001E,1790201902.6329262,40632.5165143,99.45519039999635,candidate-measurement,100E88,valid,1052296,0,True,
1,1,00001E,1790201902.8249383,40632.7085259,99.6472020000001,candidate-measurement,100E8A,valid,1052298,2,True,
1,1,00001E,1790201903.0164936,40632.9000822,99.83875830000034,candidate-measurement,100E8D,valid,1052301,3,True,
1,1,00001E,1790201903.224489,40633.1080772,100.04675329999736,candidate-measurement,100E8D,valid,1052301,0,True,
1,1,00001E,1790201903.416485,40633.3000733,100.2387493999995,candidate-measurement,100E8F,valid,1052303,2,True,
1,1,00001E,1790201903.6078928,40633.491482,100.43015809999633,candidate-measurement,100E96,valid,1052310,7,True,
1,1,00001E,1790201903.815875,40633.699464,100.63814009999624,candidate-measurement,100E99,valid,1052313,3,True,
1,1,00001E,1790201904.0074618,40633.8910514,100.82972750000044,candidate-measurement,100E99,valid,1052313,0,True,
1,1,00001E,1790201904.1994514,40634.0830416,101.02171770000132,candidate-measurement,100E99,valid,1052313,0,True,
1,1,00001E,1790201904.391456,40634.275043,101.21371910000016,candidate-measurement,100E9A,valid,1052314,1,True,
1,1,00001E,1790201904.598861,40634.4824506,101.42112669999915,candidate-measurement,100E9C,valid,1052316,2,True,
1,1,00001E,1790201904.7908587,40634.6744471,101.61312319999706,candidate-measurement,100E9E,valid,1052318,2,True,
1,1,00001E,1790201904.982425,40634.8660145,101.80469060000178,candidate-measurement,100E9E,valid,1052318,0,True,
1,1,00001E,1790201905.1904216,40635.0740105,102.01268659999914,candidate-measurement,100E9E,valid,1052318,0,True,
1,1,00001E,1790201905.382421,40635.266008,102.2046840999974,candidate-measurement,100EA1,valid,1052321,3,True,
1,1,00001E,1790201905.5744133,40635.4580018,102.39667789999658,candidate-measurement,100EA8,valid,1052328,7,True,
1,1,00001E,1790201905.7824183,40635.6660075,102.60468360000232,candidate-measurement,100EB2,valid,1052338,10,True,
1,1,00001E,1790201905.9738162,40635.8574055,102.7960815999977,candidate-measurement,100EB4,valid,1052340,2,True,
1,1,00001E,1790201906.1658072,40636.049398,102.98807410000154,candidate-measurement,100EB4,valid,1052340,0,True,
1,1,00001E,1790201906.3574038,40636.240992,103.1796680999978,candidate-measurement,100EB6,valid,1052342,2,True,
1,1,00001E,1790201906.5653741,40636.4489621,103.38763820000167,candidate-measurement,100EB6,valid,1052342,0,True,
1,1,00001E,1790201906.757386,40636.6409735,103.57964959999663,candidate-measurement,100EB6,valid,1052342,0,True,
1,1,00001E,1790201906.9487913,40636.8323792,103.77105529999972,candidate-measurement,100EB9,valid,1052345,3,True,
1,1,00001E,1790201907.1567822,40637.04037,103.97904610000114,candidate-measurement,100EBE,valid,1052350,5,True,
1,1,00001E,1790201907.3483446,40637.2319359,104.17061200000171,candidate-measurement,100EC4,valid,1052356,6,True,
1,1,00001E,1790201907.5403492,40637.4239379,104.36261399999785,candidate-measurement,100EC6,valid,1052358,2,True,
1,1,00001E,1790201907.748341,40637.6319309,104.57060700000147,candidate-measurement,100EC6,valid,1052358,0,True,
1,1,00001E,1790201907.9397507,40637.8233407,104.7620167999994,candidate-measurement,100EC7,valid,1052359,1,True,
1,1,00001E,1790201908.131747,40638.0153348,104.95401090000087,candidate-measurement,100EC7,valid,1052359,0,True,
1,1,00001E,1790201908.32332,40638.2069103,105.14558640000178,candidate-measurement,100EC7,valid,1052359,0,True,
1,1,00001E,1790201908.5313158,40638.4149038,105.35357990000193,candidate-measurement,100EC7,valid,1052359,0,True,
1,1,00001E,1790201908.7233062,40638.6068966,105.54557270000078,candidate-measurement,100EC8,valid,1052360,1,True,
1,1,00001E,1790201908.914737,40638.7983269,105.737003000002,candidate-measurement,100EC8,valid,1052360,0,True,
1,1,00001E,1790201909.1227238,40639.0063129,105.94498899999599,candidate-measurement,100ECB,valid,1052363,3,True,
1,1,00001E,1790201909.314309,40639.1979,106.13657609999791,candidate-measurement,100ED1,valid,1052369,6,True,
1,1,00001E,1790201909.5062866,40639.389875,106.32855109999946,candidate-measurement,100EDA,valid,1052378,9,True,
1,1,00001E,1790201909.7142763,40639.5978648,106.53654090000055,candidate-measurement,100EDE,valid,1052382,4,True,
1,1,00001E,1790201909.9056845,40639.7892759,106.7279520000011,candidate-measurement,100EDF,valid,1052383,1,True,
1,1,00001E,1790201910.0976837,40639.9812726,106.91994870000053,candidate-measurement,100EDF,valid,1052383,0,True,
1,1,00001E,1790201910.2896762,40640.173266,107.11194209999667,candidate-measurement,100EE0,valid,1052384,1,True,
1,1,00001E,1790201910.497254,40640.3808425,107.31951860000117,candidate-measurement,100EE0,valid,1052384,0,True,
1,1,00001E,1790201910.6892438,40640.5728323,107.511508399999,candidate-measurement,100EE0,valid,1052384,0,True,
1,1,00001E,1790201910.8812368,40640.7648278,107.70350389999658,candidate-measurement,100EE1,valid,1052385,1,True,
1,1,00001E,1790201911.0892458,40640.9728347,107.9115107999969,candidate-measurement,100EE2,valid,1052386,1,True,
1,1,00001E,1790201911.2806442,40641.1642329,108.10290900000109,candidate-measurement,100EE4,valid,1052388,2,True,
1,1,00001E,1790201911.4726377,40641.3562261,108.2949021999957,candidate-measurement,100EE5,valid,1052389,1,True,
1,1,00001E,1790201911.6802502,40641.5638379,108.50251399999979,candidate-measurement,100EE7,valid,1052391,2,True,
1,1,00001E,1790201911.8882198,40641.7718079,108.71048399999563,candidate-measurement,100EE8,valid,1052392,1,True,
1,1,00001E,1790201912.0802028,40641.9637919,108.90246800000023,candidate-measurement,100EEC,valid,1052396,4,True,
1,1,00001E,1790201912.271612,40642.1552,109.09387609999976,candidate-measurement,100EF2,valid,1052402,6,True,
1,1,00001E,1790201912.4636126,40642.3472013,109.28587739999784,candidate-measurement,100EF2,valid,1052402,0,True,
1,1,00001E,1790201912.6556022,40642.5391923,109.47786839999753,candidate-measurement,100EF3,valid,1052403,1,True,
1,1,00001E,1790201912.8471704,40642.7307609,109.66943699999683,candidate-measurement,100EF5,valid,1052405,2,True,
1,1,00001E,1790201913.0551643,40642.9387525,109.87742859999707,candidate-measurement,100EF7,valid,1052407,2,True,
1,1,00001E,1790201913.246581,40643.1301704,110.06884649999847,candidate-measurement,100EF9,valid,1052409,2,True,
1,1,00001E,1790201913.4385774,40643.3221661,110.26084219999757,candidate-measurement,100EFA,valid,1052410,1,True,
1,1,00001E,1790201913.6465666,40643.5301572,110.46883330000128,candidate-measurement,100F02,valid,1052418,8,True,
1,1,00001E,1790201913.8541386,40643.7377285,110.6764045999953,candidate-measurement,100F0B,valid,1052427,9,True,
1,1,00001E,1790201914.046137,40643.9297258,110.8684018999993,candidate-measurement,100F0E,valid,1052430,3,True,
1,1,00001E,1790201914.2381427,40644.1217315,111.06040760000178,candidate-measurement,100F10,valid,1052432,2,True,
1,1,00001E,1790201914.4301188,40644.3137077,111.25238379999792,candidate-measurement,100F10,valid,1052432,0,True,
1,1,00001E,1790201914.6215353,40644.505126,111.44380209999508,candidate-measurement,100F10,valid,1052432,0,True,
1,1,00001E,1790201914.8135338,40644.6971229,111.63579899999604,candidate-measurement,100F14,valid,1052436,4,True,
1,1,00001E,1790201915.0215387,40644.9051286,111.84380470000178,candidate-measurement,100F1A,valid,1052442,6,True,
1,1,00001E,1790201915.213093,40645.0966837,112.03535980000015,candidate-measurement,100F1F,valid,1052447,5,True,
1,1,00001E,1790201915.4051049,40645.2886929,112.22736900000018,candidate-measurement,100F21,valid,1052449,2,True,
1,1,00001E,1790201915.6130853,40645.4966731,112.43534920000093,candidate-measurement,100F21,valid,1052449,0,True,
1,1,00001E,1790201915.804499,40645.6880883,112.62676439999632,candidate-measurement,100F21,valid,1052449,0,True,
1,1,00001E,1790201915.9964871,40645.8800763,112.81875240000227,candidate-measurement,100F21,valid,1052449,0,True,
1,1,00001E,1790201916.188063,40646.0716527,113.01032879999548,candidate-measurement,100F21,valid,1052449,0,True,
1,1,00001E,1790201916.3960738,40646.2796621,113.21833820000029,candidate-measurement,100F23,valid,1052451,2,True,
1,1,00001E,1790201916.5880585,40646.4716464,113.4103224999999,candidate-measurement,100F24,valid,1052452,1,True,
1,1,00001E,1790201916.780047,40646.663637,113.60231309999654,candidate-measurement,100F2A,valid,1052458,6,True,
1,1,00001E,1790201916.9874582,40646.871048,113.80972409999958,candidate-measurement,100F37,valid,1052471,13,True,
1,1,00001E,1790201917.1794538,40647.0630425,114.00171859999682,candidate-measurement,100F39,valid,1052473,2,True,
1,1,00001E,1790201917.3714497,40647.2550373,114.19371339999634,candidate-measurement,100F3B,valid,1052475,2,True,
1,1,00001E,1790201917.5790243,40647.4626127,114.40128879999975,candidate-measurement,100F3B,valid,1052475,0,True,
1,1,00001E,1790201917.771014,40647.6546044,114.59328049999749,candidate-measurement,100F3B,valid,1052475,0,True,
1,1,00001E,1790201917.9630048,40647.8465945,114.7852705999976,candidate-measurement,100F3C,valid,1052476,1,True,
1,1,00001E,1790201918.1544297,40648.0380183,114.97669440000027,candidate-measurement,100F3E,valid,1052478,2,True,
1,1,00001E,1790201918.362411,40648.2459997,115.1846757999956,candidate-measurement,100F3F,valid,1052479,1,True,
1,1,00001E,1790201918.5544114,40648.4379996,115.37667569999758,candidate-measurement,100F41,valid,1052481,2,True,
1,1,00001E,1790201918.7460043,40648.6295922,115.56826829999773,candidate-measurement,100F47,valid,1052487,6,True,
1,1,00001E,1790201918.9539866,40648.8375757,115.77625180000177,candidate-measurement,100F4D,valid,1052493,6,True,
1,1,00001E,1790201919.1459925,40649.0295807,115.96825679999893,candidate-measurement,100F4D,valid,1052493,0,True,
1,1,00001E,1790201919.3379612,40649.2215523,116.16022839999641,candidate-measurement,100F4D,valid,1052493,0,True,
1,1,00001E,1790201919.5299628,40649.4135512,116.35222729999805,candidate-measurement,100F4D,valid,1052493,0,True,
1,1,00001E,1790201919.7373726,40649.6209622,116.5596383000011,candidate-measurement,100F4F,valid,1052495,2,True,
1,1,00001E,1790201919.9293785,40649.8129681,116.75164419999783,candidate-measurement,100F51,valid,1052497,2,True,
1,1,00001E,1790201920.121355,40650.004944,116.94362009999895,candidate-measurement,100F53,valid,1052499,2,True,
1,1,00001E,1790201920.3289275,40650.2125168,117.15119289999711,candidate-measurement,100F55,valid,1052501,2,True,
1,1,00001E,1790201920.5209305,40650.4045187,117.34319479999976,candidate-measurement,100F5C,valid,1052508,7,True,
1,1,00001E,1790201920.7129147,40650.5965031,117.53517920000013,candidate-measurement,100F65,valid,1052517,9,True,
1,1,00001E,1790201920.9203343,40650.803924,117.74260009999853,candidate-measurement,100F69,valid,1052521,4,True,
1,1,00001E,1790201921.1283398,40651.01193,117.95060609999928,candidate-measurement,100F69,valid,1052521,0,True,
1,1,00001E,1790201921.3198986,40651.2034876,118.14216370000213,candidate-measurement,100F69,valid,1052521,0,True,
1,1,00001E,1790201921.5118973,40651.3954857,118.33416179999767,candidate-measurement,100F69,valid,1052521,0,True,
1,1,00001E,1790201921.7038863,40651.5874766,118.5261526999966,candidate-measurement,100F6A,valid,1052522,1,True,
1,1,00001E,1790201921.8953164,40651.7789049,118.71758099999715,candidate-measurement,100F6B,valid,1052523,1,True,
1,1,00001E,1790201922.0868728,40651.9704633,118.90913939999882,candidate-measurement,100F6F,valid,1052527,4,True,
1,1,00001E,1790201922.2948716,40652.1784598,119.1171359,candidate-measurement,100F76,valid,1052534,7,True,
1,1,00001E,1790201922.4868672,40652.3704553,119.30913139999757,candidate-measurement,100F79,valid,1052537,3,True,
1,1,00001E,1790201922.6782768,40652.5618668,119.50054290000116,candidate-measurement,100F79,valid,1052537,0,True,
1,1,00001E,1790201922.8862848,40652.7698733,119.70854939999845,candidate-measurement,100F7B,valid,1052539,2,True,
1,1,00001E,1790201923.07787,40652.9614572,119.90013329999783,candidate-measurement,100F7B,valid,1052539,0,True,
1,1,00001E,1790201923.2698421,40653.1534304,120.09210650000023,candidate-measurement,100F7B,valid,1052539,0,True,
1,1,00001E,1790201923.4618313,40653.3454196,120.28409570000076,candidate-measurement,100F7B,valid,1052539,0,True,
1,1,00001E,1790201923.669259,40653.5528497,120.49152579999645,candidate-measurement,100F7B,valid,1052539,0,True,
1,1,00001E,1790201923.861238,40653.744828,120.6835041000013,candidate-measurement,100F7C,valid,1052540,1,True,
1,1,00001E,1790201924.053236,40653.9368236,120.87549969999964,candidate-measurement,100F7F,valid,1052543,3,True,
1,1,00001E,1790201924.2608094,40654.1443983,121.08307439999771,candidate-measurement,100F87,valid,1052551,8,True,
1,1,00001E,1790201924.4528005,40654.3363894,121.27506549999816,candidate-measurement,100F91,valid,1052561,10,True,
1,1,00001E,1790201924.644793,40654.5283843,121.46706039999845,candidate-measurement,100F94,valid,1052564,3,True,
1,1,00001E,1790201924.8522253,40654.7358134,121.67448950000107,candidate-measurement,100F95,valid,1052565,1,True,
1,1,00001E,1790201925.0441957,40654.9277865,121.86646259999543,candidate-measurement,100F95,valid,1052565,0,True,
1,1,00001E,1790201925.2361915,40655.1197824,122.05845849999605,candidate-measurement,100F95,valid,1052565,0,True,
1,1,00001E,1790201925.4277709,40655.3113594,122.2500355000011,candidate-measurement,100F96,valid,1052566,1,True,
1,1,00001E,1790201925.6357582,40655.5193493,122.45802539999568,candidate-measurement,100F97,valid,1052567,1,True,
1,1,00001E,1790201925.8271754,40655.7107653,122.64944139999716,candidate-measurement,100F99,valid,1052569,2,True,
1,1,00001E,1790201926.0191696,40655.9027593,122.84143539999786,candidate-measurement,100F9A,valid,1052570,1,True,
1,1,00001E,1790201926.226749,40656.1103361,123.04901219999738,candidate-measurement,100F9E,valid,1052574,4,True,
1,1,00001E,1790201926.4187412,40656.3023297,123.24100580000231,candidate-measurement,100FA4,valid,1052580,6,True,
1,1,00001E,1790201926.6107306,40656.4943192,123.43299529999786,candidate-measurement,100FA7,valid,1052583,3,True,
1,1,00001E,1790201926.8181596,40656.7017502,123.6404263000004,candidate-measurement,100FA7,valid,1052583,0,True,
1,1,00001E,1790201927.010138,40656.893726,123.83240210000076,candidate-measurement,100FA7,valid,1052583,0,True,
1,1,00001E,1790201927.2017143,40657.085302,124.0239780999982,candidate-measurement,100FA8,valid,1052584,1,True,
1,1,00001E,1790201927.3937104,40657.2772985,124.21597459999612,candidate-measurement,100FAB,valid,1052587,3,True,
1,1,00001E,1790201927.6020823,40657.4856685,124.4243445999964,candidate-measurement,100FAC,valid,1052588,1,True,
1,1,00001E,1790201927.793113,40657.6767018,124.61537790000148,candidate-measurement,100FAD,valid,1052589,1,True,
1,1,00001E,1790201927.9851093,40657.8686974,124.80737349999981,candidate-measurement,100FAD,valid,1052589,0,True,
1,1,00001E,1790201928.1926794,40658.0762694,125.01494549999916,candidate-measurement,100FB3,valid,1052595,6,True,
1,1,00001E,1790201928.384671,40658.2682588,125.20693490000122,candidate-measurement,100FBD,valid,1052605,10,True,
1,1,00001E,1790201928.576665,40658.4602535,125.39892959999997,candidate-measurement,100FC1,valid,1052609,4,True,
1,1,00001E,1790201928.7840843,40658.667673,125.60634910000226,candidate-measurement,100FC3,valid,1052611,2,True,
1,1,00001E,1790201928.9760752,40658.8596639,125.79834000000119,candidate-measurement,100FC3,valid,1052611,0,True,
1,1,00001E,1790201929.168074,40659.0516623,125.99033839999902,candidate-measurement,100FC4,valid,1052612,1,True,
1,1,00001E,1790201929.3596494,40659.2432387,126.1819147999995,candidate-measurement,100FC4,valid,1052612,0,True,
1,1,00001E,1790201929.567633,40659.4512215,126.38989759999822,candidate-measurement,100FC4,valid,1052612,0,True,
1,1,00001E,1790201929.7596278,40659.643218,126.58189409999613,candidate-measurement,100FC7,valid,1052615,3,True,
1,1,00001E,1790201929.9510415,40659.8346303,126.77330639999855,candidate-measurement,100FCD,valid,1052621,6,True,
1,1,00001E,1790201930.1590781,40660.0426674,126.981343499996,candidate-measurement,100FD2,valid,1052626,5,True,
1,1,00001E,1790201930.3510265,40660.2346158,127.17329189999873,candidate-measurement,100FD3,valid,1052627,1,True,
1,1,00001E,1790201930.5426059,40660.4261945,127.36487060000218,candidate-measurement,100FD5,valid,1052629,2,True,
1,1,00001E,1790201930.7506065,40660.6341951,127.57287119999819,candidate-measurement,100FD5,valid,1052629,0,True,
1,1,00001E,1790201930.9580493,40660.8416365,127.78031259999989,candidate-measurement,100FD5,valid,1052629,0,True,
1,1,00001E,1790201931.1500056,40661.0335936,127.9722696999961,candidate-measurement,100FD5,valid,1052629,0,True,
1,1,00001E,1790201931.3419986,40661.2255877,128.16426379999757,candidate-measurement,100FD5,valid,1052629,0,True,
1,1,00001E,1790201931.533571,40661.4171601,128.3558361999967,candidate-measurement,100FD6,valid,1052630,1,True,
1,1,00001E,1790201931.7255695,40661.6091584,128.54783450000104,candidate-measurement,100FD6,valid,1052630,0,True,
1,1,00001E,1790201931.9175742,40661.8011639,128.739840000002,candidate-measurement,100FD8,valid,1052632,2,True,
1,1,00001E,1790201932.1249735,40662.0085628,128.94723890000023,candidate-measurement,100FDE,valid,1052638,6,True,
1,1,00001E,1790201932.3169677,40662.2005555,129.1392315999983,candidate-measurement,100FE9,valid,1052649,11,True,
1,1,00001E,1790201932.5085416,40662.3921303,129.33080640000117,candidate-measurement,100FED,valid,1052653,4,True,
1,1,00001E,1790201932.7165368,40662.6001231,129.538799199996,candidate-measurement,100FEF,valid,1052655,2,True,
1,1,00001E,1790201932.9085302,40662.7921192,129.73079529999814,candidate-measurement,100FEF,valid,1052655,0,True,
1,1,00001E,1790201933.100527,40662.9841171,129.92279319999943,candidate-measurement,100FEF,valid,1052655,0,True,
1,1,00001E,1790201933.2919393,40663.1755281,130.11420419999922,candidate-measurement,100FF0,valid,1052656,1,True,
1,1,00001E,1790201933.4999273,40663.3835157,130.3221917999981,candidate-measurement,100FF3,valid,1052659,3,True,
1,1,00001E,1790201933.6915014,40663.5750914,130.51376750000054,candidate-measurement,100FF5,valid,1052661,2,True,
1,1,00001E,1790201933.8835013,40663.7670909,130.70576699999947,candidate-measurement,100FF5,valid,1052661,0,True,
1,1,00001E,1790201934.0915143,40663.9751048,130.91378090000217,candidate-measurement,100FF8,valid,1052664,3,True,
1,1,00001E,1790201934.2828996,40664.1664889,131.10516500000085,candidate-measurement,100FFE,valid,1052670,6,True,
1,1,00001E,1790201934.474899,40664.3584872,131.29716329999792,candidate-measurement,101000,valid,1052672,2,True,
1,1,00001E,1790201934.682465,40664.5660561,131.5047321999955,candidate-measurement,101000,valid,1052672,0,True,
1,1,00001E,1790201934.874455,40664.7580466,131.69672269999865,candidate-measurement,101002,valid,1052674,2,True,
1,1,00001E,1790201935.066457,40664.9500458,131.8887218999953,candidate-measurement,101004,valid,1052676,2,True,
1,1,00001E,1790201935.2584472,40665.1420377,132.08071380000183,candidate-measurement,101005,valid,1052677,1,True,
1,1,00001E,1790201935.466448,40665.3500365,132.2887125999987,candidate-measurement,101007,valid,1052679,2,True,
1,1,00001E,1790201935.6578677,40665.5414567,132.48013279999577,candidate-measurement,101008,valid,1052680,1,True,
1,1,00001E,1790201935.849854,40665.733443,132.67211909999605,candidate-measurement,10100E,valid,1052686,6,True,
1,1,00001E,1790201936.0574243,40665.9410136,132.8796896999993,candidate-measurement,101017,valid,1052695,9,True,
1,1,00001E,1790201936.2494369,40666.133025,133.07170110000152,candidate-measurement,10101C,valid,1052700,5,True,
1,1,00001E,1790201936.441415,40666.3250037,133.26367980000214,candidate-measurement,10101D,valid,1052701,1,True,
1,1,00001E,1790201936.6488261,40666.532415,133.4710911000002,candidate-measurement,10101D,valid,1052701,0,True,
1,1,00001E,1790201936.8408208,40666.7244077,133.66308379999828,candidate-measurement,10101E,valid,1052702,1,True,
1,1,00001E,1790201937.0323908,40666.9159816,133.85465770000155,candidate-measurement,10101E,valid,1052702,0,True,
1,1,00001E,1790201937.2243817,40667.1079717,134.04664780000167,candidate-measurement,10101F,valid,1052703,1,True,
1,1,00001E,1790201937.4323812,40667.3159693,134.25464539999666,candidate-measurement,10101F,valid,1052703,0,True,
1,1,00001E,1790201937.62381,40667.5073985,134.4460745999968,candidate-measurement,101021,valid,1052705,2,True,
1,1,00001E,1790201937.815788,40667.6993789,134.6380549999958,candidate-measurement,101028,valid,1052712,7,True,
1,1,00001E,1790201938.0237823,40667.9073695,134.8460455999957,candidate-measurement,10102D,valid,1052717,5,True,
1,1,00001E,1790201938.2153575,40668.0989475,135.0376236000011,candidate-measurement,10102F,valid,1052719,2,True,
1,1,00001E,1790201938.407346,40668.2909343,135.2296103999979,candidate-measurement,10102F,valid,1052719,0,True,
1,1,00001E,1790201938.5993426,40668.4829331,135.42160919999878,candidate-measurement,10102F,valid,1052719,0,True,
1,1,00001E,1790201938.8073533,40668.6909435,135.62961959999666,candidate-measurement,10102F,valid,1052719,0,True,
1,1,00001E,1790201938.9993322,40668.8829208,135.82159690000117,candidate-measurement,10102F,valid,1052719,0,True,
1,1,00001E,1790201939.190747,40669.074335,136.01301109999622,candidate-measurement,101031,valid,1052721,2,True,
1,1,00001E,1790201939.3983731,40669.2819619,136.22063799999887,candidate-measurement,101036,valid,1052726,5,True,
1,1,00001E,1790201939.590326,40669.4739166,136.41259269999864,candidate-measurement,10103E,valid,1052734,8,True,
1,1,00001E,1790201939.7823055,40669.6658956,136.60457170000154,candidate-measurement,101044,valid,1052740,6,True,
1,1,00001E,1790201939.9903116,40669.8739031,136.81257919999916,candidate-measurement,101046,valid,1052742,2,True,
1,1,00001E,1790201940.197818,40670.0814048,137.02008090000163,candidate-measurement,101047,valid,1052743,1,True,
1,1,00001E,1790201940.3897057,40670.2732933,137.21196939999936,candidate-measurement,101048,valid,1052744,1,True,
1,1,00001E,1790201940.5816994,40670.4652891,137.40396519999922,candidate-measurement,101048,valid,1052744,0,True,
1,1,00001E,1790201940.7736912,40670.6572808,137.59595689999696,candidate-measurement,101048,valid,1052744,0,True,
1,1,00001E,1790201940.9652746,40670.8488628,137.78753889999643,candidate-measurement,10104A,valid,1052746,2,True,
1,1,00001E,1790201941.1572635,40671.0408513,137.97952739999891,candidate-measurement,10104B,valid,1052747,1,True,
1,1,00001E,1790201941.365262,40671.2488489,138.1875250000012,candidate-measurement,10104D,valid,1052749,2,True,
1,1,00001E,1790201941.5572448,40671.4408333,138.37950940000155,candidate-measurement,101050,valid,1052752,3,True,
1,1,00001E,1790201941.7486672,40671.6322558,138.5709319000016,candidate-measurement,101054,valid,1052756,4,True,
1,1,00001E,1790201941.9562829,40671.8398717,138.77854780000052,candidate-measurement,10105B,valid,1052763,7,True,
1,1,00001E,1790201942.1482246,40672.0318125,138.97048859999632,candidate-measurement,10105B,valid,1052763,0,True,
1,1,00001E,1790201942.340221,40672.2238098,139.16248590000032,candidate-measurement,10105B,valid,1052763,0,True,
1,1,00001E,1790201942.5476356,40672.4312234,139.36989950000134,candidate-measurement,10105C,valid,1052764,1,True,
1,1,00001E,1790201942.7396283,40672.6232191,139.56189520000044,candidate-measurement,10105E,valid,1052766,2,True,
1,1,00001E,1790201942.9316232,40672.8152114,139.75388749999547,candidate-measurement,10105F,valid,1052767,1,True,
1,1,00001E,1790201943.123199,40673.0067873,139.94546339999943,candidate-measurement,101060,valid,1052768,1,True,
1,1,00001E,1790201943.3311925,40673.2147804,140.15345649999654,candidate-measurement,101062,valid,1052770,2,True,
1,1,00001E,1790201943.5231888,40673.4067766,140.34545269999944,candidate-measurement,101067,valid,1052775,5,True,
1,1,00001E,1790201943.715204,40673.5987916,140.53746769999998,candidate-measurement,101070,valid,1052784,9,True,
1,1,00001E,1790201943.922592,40673.8061829,140.74485899999854,candidate-measurement,101074,valid,1052788,4,True,
1,1,00001E,1790201944.1301591,40674.0137485,140.95242460000009,candidate-measurement,101077,valid,1052791,3,True,
1,1,00001E,1790201944.3221612,40674.2057498,141.14442589999817,candidate-measurement,101077,valid,1052791,0,True,
1,1,00001E,1790201944.5141678,40674.3977539,141.33642999999574,candidate-measurement,101077,valid,1052791,0,True,
1,1,00001E,1790201944.7061489,40674.5897374,141.52841349999653,candidate-measurement,101078,valid,1052792,1,True,
1,1,00001E,1790201944.8981347,40674.781725,141.72040109999944,candidate-measurement,101078,valid,1052792,0,True,
1,1,00001E,1790201945.0895598,40674.9731481,141.91182419999677,candidate-measurement,101079,valid,1052793,1,True,
1,1,00001E,1790201945.2971218,40675.1807126,142.11938869999722,candidate-measurement,10107A,valid,1052794,1,True,
1,1,00001E,1790201945.489124,40675.3727124,142.31138849999843,candidate-measurement,10107E,valid,1052798,4,True,
1,1,00001E,1790201945.68113,40675.564719,142.5033951000005,candidate-measurement,101086,valid,1052806,8,True,
1,1,00001E,1790201945.8885243,40675.7721158,142.71079189999728,candidate-measurement,101087,valid,1052807,1,True,
1,1,00001E,1790201946.080522,40675.96411,142.9027860999995,candidate-measurement,101089,valid,1052809,2,True,
1,1,00001E,1790201946.272517,40676.1561054,143.09478149999632,candidate-measurement,101089,valid,1052809,0,True,
1,1,00001E,1790201946.4645107,40676.3480991,143.286775200002,candidate-measurement,101089,valid,1052809,0,True,
1,1,00001E,1790201946.6720982,40676.5556868,143.4943628999972,candidate-measurement,101089,valid,1052809,0,True,
1,1,00001E,1790201946.8640788,40676.7476669,143.68634300000122,candidate-measurement,10108A,valid,1052810,1,True,
1,1,00001E,1790201947.0560682,40676.9396562,143.87833229999524,candidate-measurement,10108B,valid,1052811,1,True,
1,1,00001E,1790201947.2640643,40677.1476531,144.08632919999945,candidate-measurement,10108E,valid,1052814,3,True,
1,1,00001E,1790201947.4554791,40677.3390675,144.27774359999603,candidate-measurement,101095,valid,1052821,7,True,
1,1,00001E,1790201947.6474762,40677.5310643,144.46974039999623,candidate-measurement,10109D,valid,1052829,8,True,
1,1,00001E,1790201947.8394666,40677.723055,144.6617311000009,candidate-measurement,1010A0,valid,1052832,3,True,
1,1,00001E,1790201948.0470374,40677.930628,144.8693041000006,candidate-measurement,1010A2,valid,1052834,2,True,
1,1,00001E,1790201948.2390347,40678.1226233,145.06129939999664,candidate-measurement,1010A2,valid,1052834,0,True,
1,1,00001E,1790201948.4304392,40678.3140281,145.25270420000015,candidate-measurement,1010A2,valid,1052834,0,True,
1,1,00001E,1790201948.638438,40678.5220275,145.46070360000158,candidate-measurement,1010A2,valid,1052834,0,True,
1,1,00001E,1790201948.830449,40678.7140384,145.6527145,candidate-measurement,1010A3,valid,1052835,1,True,
1,1,00001E,1790201949.0220013,40678.905591,145.84426710000116,candidate-measurement,1010A3,valid,1052835,0,True,
1,1,00001E,1790201949.2299984,40679.1135871,146.0522631999993,candidate-measurement,1010A3,valid,1052835,0,True,
1,1,00001E,1790201949.4219995,40679.3055875,146.2442635999978,candidate-measurement,1010A4,valid,1052836,1,True,
1,1,00001E,1790201949.613989,40679.4975794,146.43625549999706,candidate-measurement,1010A6,valid,1052838,2,True,
1,1,00001E,1790201949.8059814,40679.6895711,146.62824720000208,candidate-measurement,1010A7,valid,1052839,1,True,
1,1,00001E,1790201950.0133944,40679.8969849,146.83566099999734,candidate-measurement,1010A9,valid,1052841,2,True,
1,1,00001E,1790201950.2053933,40680.0889814,147.02765749999526,candidate-measurement,1010A9,valid,1052841,0,True,
1,1,00001E,1790201950.396967,40680.2805556,147.21923170000082,candidate-measurement,1010A9,valid,1052841,0,True,
1,1,00001E,1790201950.6049721,40680.4885617,147.42723780000233,candidate-measurement,1010AC,valid,1052844,3,True,
1,1,00001E,1790201950.7969468,40680.6805366,147.61921269999584,candidate-measurement,1010B5,valid,1052853,9,True,
1,1,00001E,1790201950.988366,40680.8719537,147.81062979999842,candidate-measurement,1010B5,valid,1052853,0,True,
1,1,00001E,1790201951.1963594,40681.0799482,148.01862429999892,candidate-measurement,1010B5,valid,1052853,0,True,
1,1,00001E,1790201951.3879268,40681.2715155,148.2101915999956,candidate-measurement,1010B8,valid,1052856,3,True,
1,1,00001E,1790201951.579922,40681.4635119,148.40218800000002,candidate-measurement,1010BB,valid,1052859,3,True,
1,1,00001E,1790201951.7713344,40681.6549244,148.59360049999668,candidate-measurement,1010BC,valid,1052860,1,True,
1,1,00001E,1790201951.9793308,40681.8629198,148.80159589999676,candidate-measurement,1010C4,valid,1052868,8,True,
1,1,00001E,1790201952.1709023,40682.0544928,148.99316890000046,candidate-measurement,1010CF,valid,1052879,11,True,
1,1,00001E,1790201952.3629062,40682.2464938,149.18516989999625,candidate-measurement,1010D0,valid,1052880,1,True,
1,1,00001E,1790201952.5708928,40682.4544808,149.39315689999785,candidate-measurement,1010D3,valid,1052883,3,True,
1,1,00001E,1790201952.7628903,40682.6464785,149.58515459999762,candidate-measurement,1010D4,valid,1052884,1,True,
1,1,00001E,1790201952.954301,40682.8378913,149.77656739999657,candidate-measurement,1010DA,valid,1052890,6,True,
1,1,00001E,1790201953.1622894,40683.0458794,149.98455549999926,candidate-measurement,1010E3,valid,1052899,9,True,
1,1,00001E,1790201953.353866,40683.2374556,150.17613169999822,candidate-measurement,1010E3,valid,1052899,0,True,
1,1,00001E,1790201953.545862,40683.4294502,150.36812629999622,candidate-measurement,1010E3,valid,1052899,0,True,
1,1,00001E,1790201953.737854,40683.621442,150.560118100002,candidate-measurement,1010E4,valid,1052900,1,True,
1,1,00001E,1790201953.945269,40683.82886,150.76753610000014,candidate-measurement,1010E5,valid,1052901,1,True,
1,1,00001E,1790201954.1372614,40684.0208498,150.95952589999797,candidate-measurement,1010EA,valid,1052906,5,True,
1,1,00001E,1790201954.328839,40684.2124269,151.1511029999965,candidate-measurement,1010F6,valid,1052918,12,True,
1,1,00001E,1790201954.5368345,40684.4204226,151.35909869999887,candidate-measurement,1010FB,valid,1052923,5,True,
1,1,00001E,1790201954.728839,40684.6124278,151.55110389999754,candidate-measurement,1010FD,valid,1052925,2,True,
1,1,00001E,1790201954.9202292,40684.803819,151.74249509999936,candidate-measurement,1010FD,valid,1052925,0,True,
1,1,00001E,1790201955.1282434,40685.0118312,151.9505072999964,candidate-measurement,1010FD,valid,1052925,0,True,
1,1,00001E,1790201955.3202262,40685.203815,152.14249109999946,candidate-measurement,1010FD,valid,1052925,0,True,
1,1,00001E,1790201955.5118,40685.3953891,152.33406519999699,candidate-measurement,1010FE,valid,1052926,1,True,
1,1,00001E,1790201955.703791,40685.5873794,152.52605549999862,candidate-measurement,101100,valid,1052928,2,True,
1,1,00001E,1790201955.9112089,40685.7947971,152.73347320000175,candidate-measurement,101101,valid,1052929,1,True,
1,1,00001E,1790201956.103204,40685.9867922,152.92546829999628,candidate-measurement,101103,valid,1052931,2,True,
1,1,00001E,1790201956.2947743,40686.1783627,153.1170387999955,candidate-measurement,101104,valid,1052932,1,True,
1,1,00001E,1790201956.5027695,40686.3863582,153.32503429999633,candidate-measurement,101108,valid,1052936,4,True,
1,1,00001E,1790201956.694758,40686.5783475,153.51702359999763,candidate-measurement,10110F,valid,1052943,7,True,
1,1,00001E,1790201956.8861756,40686.7697634,153.70843949999835,candidate-measurement,10110F,valid,1052943,0,True,
1,1,00001E,1790201957.0941606,40686.9777491,153.91642519999732,candidate-measurement,101110,valid,1052944,1,True,
1,1,00001E,1790201957.2857397,40687.169329,154.10800509999535,candidate-measurement,101112,valid,1052946,2,True,
1,1,00001E,1790201957.4777348,40687.3613237,154.2999998000014,candidate-measurement,101113,valid,1052947,1,True,
1,1,00001E,1790201957.6697195,40687.5533107,154.49198679999972,candidate-measurement,101114,valid,1052948,1,True,
1,1,00001E,1790201957.8771417,40687.7607297,154.6994057999982,candidate-measurement,101115,valid,1052949,1,True,
1,1,00001E,1790201958.0691328,40687.9527213,154.89139739999518,candidate-measurement,10111A,valid,1052954,5,True,
1,1,00001E,1790201958.2611282,40688.1447163,155.08339239999623,candidate-measurement,101124,valid,1052964,10,True,
1,1,00001E,1790201958.4687052,40688.3522933,155.29096939999727,candidate-measurement,101128,valid,1052968,4,True,
1,1,00001E,1790201958.6606936,40688.5442837,155.48295979999966,candidate-measurement,10112B,valid,1052971,3,True,
1,1,00001E,1790201958.852693,40688.7362816,155.67495770000096,candidate-measurement,10112B,valid,1052971,0,True,
1,1,00001E,1790201959.06009,40688.943681,155.88235709999572,candidate-measurement,10112C,valid,1052972,1,True,
1,1,00001E,1790201959.2520905,40689.1356815,156.07435760000226,candidate-measurement,10112D,valid,1052973,1,True,
1,1,00001E,1790201959.4440918,40689.3276803,156.26635639999586,candidate-measurement,10112D,valid,1052973,0,True,
1,1,00001E,1790201959.6356587,40689.51925,156.45792609999626,candidate-measurement,101132,valid,1052978,5,True,
1,1,00001E,1790201959.8436592,40689.7272487,156.66592479999963,candidate-measurement,10113B,valid,1052987,9,True,
1,1,00001E,1790201960.035649,40689.9192371,156.85791320000135,candidate-measurement,10113D,valid,1052989,2,True,
1,1,00001E,1790201960.2270734,40690.1106617,157.04933779999556,candidate-measurement,10113D,valid,1052989,0,True,
1,1,00001E,1790201960.4350631,40690.3186514,157.25732749999588,candidate-measurement,10113D,valid,1052989,0,True,
1,1,00001E,1790201960.627027,40690.5106135,157.44928960000107,candidate-measurement,10113E,valid,1052990,1,True,
1,1,00001E,1790201960.8186395,40690.7022273,157.6409033999953,candidate-measurement,10113E,valid,1052990,0,True,
1,1,00001E,1790201961.0266163,40690.9102045,157.8488806000023,candidate-measurement,101143,valid,1052995,5,True,
1,1,00001E,1790201961.218036,40691.101625,158.04030110000167,candidate-measurement,10114E,valid,1053006,11,True,
1,1,00001E,1790201961.410041,40691.2936288,158.23230489999696,candidate-measurement,101156,valid,1053014,8,True,
1,1,00001E,1790201961.601601,40691.4851908,158.42386689999694,candidate-measurement,101156,valid,1053014,0,True,
1,1,00001E,1790201961.8095937,40691.6931832,158.631859299996,candidate-measurement,101157,valid,1053015,1,True,
1,1,00001E,1790201962.001588,40691.885177,158.82385309999518,candidate-measurement,101158,valid,1053016,1,True,
1,1,00001E,1790201962.192997,40692.0765857,159.01526179999928,candidate-measurement,10115A,valid,1053018,2,True,
1,1,00001E,1790201962.4006288,40692.2842175,159.2228935999956,candidate-measurement,10115B,valid,1053019,1,True,
1,1,00001E,1790201962.5925715,40692.4761601,159.4148361999978,candidate-measurement,10115B,valid,1053019,0,True,
1,1,00001E,1790201962.784561,40692.6681502,159.60682629999792,candidate-measurement,10115D,valid,1053021,2,True,
1,1,00001E,1790201962.9925537,40692.8761431,159.81481920000078,candidate-measurement,10115D,valid,1053021,0,True,
1,1,00001E,1790201963.1839657,40693.0675547,160.00623079999787,candidate-measurement,101160,valid,1053024,3,True,
1,1,00001E,1790201963.375965,40693.2595537,160.19822980000026,candidate-measurement,101167,valid,1053031,7,True,
1,1,00001E,1790201963.5675364,40693.4511252,160.38980129999982,candidate-measurement,101168,valid,1053032,1,True,
1,1,00001E,1790201963.775532,40693.6591214,160.5977974999987,candidate-measurement,101169,valid,1053033,1,True,
1,1,00001E,1790201963.9675193,40693.8511089,160.78978500000085,candidate-measurement,101169,valid,1053033,0,True,
1,1,00001E,1790201964.158938,40694.042528,160.98120409999683,candidate-measurement,10116A,valid,1053034,1,True,
1,1,00001E,1790201964.3669345,40694.2505229,161.18919900000037,candidate-measurement,10116B,valid,1053035,1,True,
1,1,00001E,1790201964.5585124,40694.4421008,161.38077689999773,candidate-measurement,10116D,valid,1053037,2,True,
1,1,00001E,1790201964.750495,40694.6340849,161.5727609999958,candidate-measurement,10116D,valid,1053037,0,True,
1,1,00001E,1790201964.95849,40694.8420799,161.7807560000001,candidate-measurement,10116F,valid,1053039,2,True,
1,1,00001E,1790201965.1659346,40695.0495247,161.9882007999986,candidate-measurement,10116F,valid,1053039,0,True,
1,1,00001E,1790201965.3579073,40695.2414943,162.1801703999954,candidate-measurement,101173,valid,1053043,4,True,
1,1,00001E,1790201965.5494745,40695.4330634,162.3717394999985,candidate-measurement,10117F,valid,1053055,12,True,
1,1,00001E,1790201965.7414677,40695.625056,162.56373209999583,candidate-measurement,101183,valid,1053059,4,True,
1,1,00001E,1790201965.9334548,40695.8170448,162.7557209000006,candidate-measurement,101184,valid,1053060,1,True,
1,1,00001E,1790201966.1248834,40696.0084722,162.94714830000157,candidate-measurement,101184,valid,1053060,0,True,
1,1,00001E,1790201966.3325093,40696.2160959,163.15477200000169,candidate-measurement,101185,valid,1053061,1,True,
1,1,00001E,1790201966.5244417,40696.40803,163.3467060999974,candidate-measurement,101187,valid,1053063,2,True,
1,1,00001E,1790201966.7164323,40696.6000217,163.53869779999513,candidate-measurement,101187,valid,1053063,0,True,
1,1,00001E,1790201966.923849,40696.807438,163.74611410000216,candidate-measurement,101188,valid,1053064,1,True,
1,1,00001E,1790201967.1158493,40696.9994374,163.93811350000033,candidate-measurement,10118E,valid,1053070,6,True,
1,1,00001E,1790201967.3078322,40697.1914221,164.1300981999957,candidate-measurement,101195,valid,1053077,7,True,
1,1,00001E,1790201967.5154264,40697.3990157,164.33769179999945,candidate-measurement,101197,valid,1053079,2,True,
1,1,00001E,1790201967.7074037,40697.5909938,164.5296698999955,candidate-measurement,101197,valid,1053079,0,True,
1,1,00001E,1790201967.8993971,40697.7829855,164.72166160000052,candidate-measurement,101197,valid,1053079,0,True,
1,1,00001E,1790201968.0908122,40697.9744024,164.91307850000157,candidate-measurement,101197,valid,1053079,0,True,
1,1,00001E,1790201968.298797,40698.1823856,165.12106169999606,candidate-measurement,101198,valid,1053080,1,True,
1,1,00001E,1790201968.4903817,40698.3739701,165.31264620000002,candidate-measurement,10119A,valid,1053082,2,True,
1,1,00001E,1790201968.6823754,40698.5659645,165.5046405999965,candidate-measurement,10119E,valid,1053086,4,True,
1,1,00001E,1790201968.8903732,40698.7739606,165.7126367000019,candidate-measurement,1011AA,valid,1053098,12,True,
1,1,00001E,1790201969.0817788,40698.9653682,165.90404429999762,candidate-measurement,1011AE,valid,1053102,4,True,
1,1,00001E,1790201969.2737703,40699.1573612,166.096037299998,candidate-measurement,1011B0,valid,1053104,2,True,
1,1,00001E,1790201969.465345,40699.3489336,166.28760969999712,candidate-measurement,1011B0,valid,1053104,0,True,
1,1,00001E,1790201969.673344,40699.5569305,166.49560660000134,candidate-measurement,1011B0,valid,1053104,0,True,
1,1,00001E,1790201969.8653336,40699.7489221,166.68759819999832,candidate-measurement,1011B1,valid,1053105,1,True,
1,1,00001E,1790201970.0573256,40699.9409151,166.87959119999869,candidate-measurement,1011B2,valid,1053106,1,True,
1,1,00001E,1790201970.2647862,40700.1483751,167.0870511999965,candidate-measurement,1011B4,valid,1053108,2,True,
1,1,00001E,1790201970.4567394,40700.3403279,167.27900399999635,candidate-measurement,1011B5,valid,1053109,1,True,
1,1,00001E,1790201970.6483245,40700.5319134,167.47058950000064,candidate-measurement,1011B7,valid,1053111,2,True,
1,1,00001E,1790201970.8562927,40700.7398834,167.67855949999648,candidate-measurement,1011B7,valid,1053111,0,True,
1,1,00001E,1790201971.0482953,40700.9318843,167.8705603999988,candidate-measurement,1011B7,valid,1053111,0,True,
1,1,00001E,1790201971.2397127,40701.1233004,168.06197650000104,candidate-measurement,1011BC,valid,1053116,5,True,
1,1,00001E,1790201971.4317057,40701.3152944,168.25397050000174,candidate-measurement,1011C3,valid,1053123,7,True,
1,1,00001E,1790201971.6396947,40701.5232835,168.4619595999975,candidate-measurement,1011C3,valid,1053123,0,True,
1,1,00001E,1790201971.8312688,40701.7148591,168.65353519999917,candidate-measurement,1011C3,valid,1053123,0,True,
1,1,00001E,1790201972.0232697,40701.906858,168.8455341000008,candidate-measurement,1011C4,valid,1053124,1,True,
1,1,00001E,1790201972.231273,40702.1148633,169.05353939999623,candidate-measurement,1011C6,valid,1053126,2,True,
1,1,00001E,1790201972.4232526,40702.3068413,169.2455173999988,candidate-measurement,1011C7,valid,1053127,1,True,
1,1,00001E,1790201972.614667,40702.4982559,169.4369319999969,candidate-measurement,1011C9,valid,1053129,2,True,
1,1,00001E,1790201972.8226573,40702.7062475,169.64492359999713,candidate-measurement,1011CF,valid,1053135,6,True,
1,1,00001E,1790201973.014228,40702.8978171,169.83649319999677,candidate-measurement,1011D8,valid,1053144,9,True,
1,1,00001E,1790201973.206222,40703.0898118,170.02848789999553,candidate-measurement,1011DD,valid,1053149,5,True,
1,1,00001E,1790201973.3982267,40703.2818154,170.22049149999657,candidate-measurement,1011DE,valid,1053150,1,True,
1,1,00001E,1790201973.6062098,40703.489798,170.42847410000104,candidate-measurement,1011DE,valid,1053150,0,True,
1,1,00001E,1790201973.7976255,40703.6812152,170.6198912999971,candidate-measurement,1011DF,valid,1053151,1,True,
1,1,00001E,1790201973.9896173,40703.8732081,170.8118841999967,candidate-measurement,1011E1,valid,1053153,2,True,
1,1,00001E,1790201974.1971946,40704.0807843,171.01946039999893,candidate-measurement,1011E1,valid,1053153,0,True,
1,1,00001E,1790201974.389187,40704.2727754,171.21145149999938,candidate-measurement,1011E2,valid,1053154,1,True,
1,1,00001E,1790201974.5811965,40704.4647857,171.4034618000005,candidate-measurement,1011E5,valid,1053157,3,True,
1,1,00001E,1790201974.788597,40704.6721854,171.61086149999755,candidate-measurement,1011ED,valid,1053165,8,True,
1,1,00001E,1790201974.9805877,40704.8641767,171.80285279999953,candidate-measurement,1011EF,valid,1053167,2,True,
1,1,00001E,1790201975.172704,40705.0562887,171.99496479999652,candidate-measurement,1011F1,valid,1053169,2,True,
1,1,00001E,1790201975.3645737,40705.248162,172.1868381000022,candidate-measurement,1011F1,valid,1053169,0,True,
1,1,00001E,1790201975.572157,40705.4557448,172.39442089999648,candidate-measurement,1011F1,valid,1053169,0,True,
1,1,00001E,1790201975.7641556,40705.6477439,172.58641999999963,candidate-measurement,1011F1,valid,1053169,0,True,
1,1,00001E,1790201975.9561334,40705.8397242,172.77840029999788,candidate-measurement,1011F1,valid,1053169,0,True,
1,1,00001E,1790201976.163548,40706.0471366,172.98581269999704,candidate-measurement,1011F3,valid,1053171,2,True,
1,1,00001E,1790201976.355546,40706.2391336,173.17780969999876,candidate-measurement,1011F6,valid,1053174,3,True,
1,1,00001E,1790201976.5471182,40706.4307063,173.36938240000018,candidate-measurement,1011FF,valid,1053183,9,True,
1,1,00001E,1790201976.755127,40706.6387173,173.57739339999534,candidate-measurement,101209,valid,1053193,10,True,
1,1,00001E,1790201976.947107,40706.8306961,173.76937219999672,candidate-measurement,101209,valid,1053193,0,True,
1,1,00001E,1790201977.1385343,40707.0221228,173.96079889999965,candidate-measurement,10120A,valid,1053194,1,True,
1,1,00001E,1790201977.3305142,40707.2141023,174.15277839999908,candidate-measurement,10120A,valid,1053194,0,True,
1,1,00001E,1790201977.538501,40707.4220899,174.36076599999797,candidate-measurement,10120A,valid,1053194,0,True,
1,1,00001E,1790201977.7304978,40707.6140873,174.55276339999546,candidate-measurement,10120C,valid,1053196,2,True,
1,1,00001E,1790201977.922076,40707.8056642,174.74434029999975,candidate-measurement,10120D,valid,1053197,1,True,
1,1,00001E,1790201978.1300666,40708.0136558,174.9523319,candidate-measurement,10120F,valid,1053199,2,True,
1,1,00001E,1790201978.3220806,40708.2056684,175.1443444999968,candidate-measurement,101211,valid,1053201,2,True,
1,1,00001E,1790201978.5134773,40708.3970657,175.33574180000141,candidate-measurement,101211,valid,1053201,0,True,
1,1,00001E,1790201978.7214823,40708.605073,175.5437490999975,candidate-measurement,101216,valid,1053206,5,True,
1,1,00001E,1790201978.9134607,40708.7970502,175.73572630000126,candidate-measurement,10121A,valid,1053210,4,True,
1,1,00001E,1790201979.1050348,40708.9886228,175.92729890000192,candidate-measurement,10121D,valid,1053213,3,True,
1,1,00001E,1790201979.2970235,40709.1806147,176.11929080000118,candidate-measurement,10121D,valid,1053213,0,True,
1,1,00001E,1790201979.5050287,40709.3886164,176.3272924999983,candidate-measurement,10121D,valid,1053213,0,True,
1,1,00001E,1790201979.6964352,40709.5800245,176.51870059999783,candidate-measurement,10121E,valid,1053214,1,True,
1,1,00001E,1790201979.8884265,40709.7720166,176.71069269999862,candidate-measurement,10121F,valid,1053215,1,True,
1,1,00001E,1790201980.0965238,40709.9801099,176.918786000002,candidate-measurement,101221,valid,1053217,2,True,
1,1,00001E,1790201980.2879996,40710.1715882,177.11026429999765,candidate-measurement,101222,valid,1053218,1,True,
1,1,00001E,1790201980.479997,40710.3635853,177.30226140000013,candidate-measurement,101222,valid,1053218,0,True,
1,1,00001E,1790201980.6719851,40710.5555746,177.49425070000143,candidate-measurement,101223,valid,1053219,1,True,
1,1,00001E,1790201980.8794348,40710.7630215,177.70169760000135,candidate-measurement,101224,valid,1053220,1,True,
1,1,00001E,1790201981.07139,40710.9549788,177.8936548999991,candidate-measurement,101228,valid,1053224,4,True,
1,1,00001E,1790201981.2629616,40711.1465515,178.0852276000005,candidate-measurement,101231,valid,1053233,9,True,
1,1,00001E,1790201981.4709568,40711.3545446,178.29322069999762,candidate-measurement,101235,valid,1053237,4,True,
1,1,00001E,1790201981.6629543,40711.5465438,178.48521990000154,candidate-measurement,101238,valid,1053240,3,True,
1,1,00001E,1790201981.8543668,40711.7379561,178.67663219999667,candidate-measurement,101238,valid,1053240,0,True,
1,1,00001E,1790201982.0623577,40711.9459464,178.88462250000157,candidate-measurement,101238,valid,1053240,0,True,
1,1,00001E,1790201982.2539375,40712.1375256,179.07620170000155,candidate-measurement,10123A,valid,1053242,2,True,
1,1,00001E,1790201982.4459453,40712.3295337,179.26820980000048,candidate-measurement,10123A,valid,1053242,0,True,
1,1,00001E,1790201982.637929,40712.5215184,179.46019449999585,candidate-measurement,10123B,valid,1053243,1,True,
1,1,00001E,1790201982.8453357,40712.7289252,179.66760129999602,candidate-measurement,10123B,valid,1053243,0,True,
1,1,00001E,1790201983.037324,40712.9209133,179.85958939999546,candidate-measurement,10123E,valid,1053246,3,True,
1,1,00001E,1790201983.229324,40713.1129124,180.05158849999862,candidate-measurement,101246,valid,1053254,8,True,
1,1,00001E,1790201983.4368963,40713.320484,180.2591601000022,candidate-measurement,101249,valid,1053257,3,True,
1,1,00001E,1790201983.628888,40713.5124779,180.45115400000213,candidate-measurement,10124B,valid,1053259,2,True,
1,1,00001E,1790201983.8208869,40713.7044752,180.64315129999886,candidate-measurement,10124B,valid,1053259,0,True,
1,1,00001E,1790201984.0283113,40713.9118991,180.85057519999827,candidate-measurement,10124B,valid,1053259,0,True,
1,1,00001E,1790201984.2202895,40714.1038787,181.04255479999847,candidate-measurement,10124B,valid,1053259,0,True,
1,1,00001E,1790201984.4122872,40714.2958756,181.23455169999943,candidate-measurement,10124B,valid,1053259,0,True,
1,1,00001E,1790201984.6038556,40714.4874458,181.42612189999636,candidate-measurement,10124D,valid,1053261,2,True,
1,1,00001E,1790201984.811854,40714.6954418,181.634117900001,candidate-measurement,101252,valid,1053266,5,True,
1,1,00001E,1790201985.003838,40714.8874292,181.8261052999951,candidate-measurement,10125E,valid,1053278,12,True,
1,1,00001E,1790201985.195255,40715.0788452,182.0175212999966,candidate-measurement,101263,valid,1053283,5,True,
1,1,00001E,1790201985.4032524,40715.286841,182.2255170999997,candidate-measurement,101264,valid,1053284,1,True,
1,1,00001E,1790201985.5952518,40715.4788399,182.41751600000134,candidate-measurement,101264,valid,1053284,0,True,
1,1,00001E,1790201985.7868118,40715.6704014,182.6090774999975,candidate-measurement,101266,valid,1053286,2,True,
1,1,00001E,1790201985.994828,40715.8784162,182.81709229999979,candidate-measurement,101268,valid,1053288,2,True,
1,1,00001E,1790201986.1868045,40716.0703959,183.00907200000074,candidate-measurement,101269,valid,1053289,1,True,
1,1,00001E,1790201986.3782256,40716.2618126,183.20048870000028,candidate-measurement,10126B,valid,1053291,2,True,
1,1,00001E,1790201986.5702136,40716.4538019,183.39247800000157,candidate-measurement,10126B,valid,1053291,0,True,
1,1,00001E,1790201986.7778356,40716.6614236,183.600099700001,candidate-measurement,10126E,valid,1053294,3,True,
1,1,00001E,1790201986.9697752,40716.853364,183.79204010000103,candidate-measurement,101274,valid,1053300,6,True,
1,1,00001E,1790201987.161767,40717.0453575,183.98403359999793,candidate-measurement,101276,valid,1053302,2,True,
1,1,00001E,1790201987.3691905,40717.2527784,184.19145449999633,candidate-measurement,101277,valid,1053303,1,True,
1,1,00001E,1790201987.561178,40717.4447662,184.38344230000075,candidate-measurement,101278,valid,1053304,1,True,
1,1,00001E,1790201987.753174,40717.6367647,184.57544079999934,candidate-measurement,10127A,valid,1053306,2,True,
1,1,00001E,1790201987.9607453,40717.8443349,184.78301099999953,candidate-measurement,10127C,valid,1053308,2,True,
1,1,00001E,1790201988.168746,40718.0523339,184.9910099999979,candidate-measurement,10127C,valid,1053308,0,True,
1,1,00001E,1790201988.3601608,40718.243749,185.18242509999982,candidate-measurement,10127C,valid,1053308,0,True,
1,1,00001E,1790201988.5521667,40718.4357544,185.37443050000002,candidate-measurement,10127D,valid,1053309,1,True,
1,1,00001E,1790201988.7441409,40718.6277309,185.56640699999843,candidate-measurement,101280,valid,1053312,3,True,
1,1,00001E,1790201988.9357142,40718.8193039,185.75798000000214,candidate-measurement,10128A,valid,1053322,10,True,
1,1,00001E,1790201989.1277094,40719.0112993,185.94997539999895,candidate-measurement,10128E,valid,1053326,4,True,
1,1,00001E,1790201989.335711,40719.2192998,186.15797590000147,candidate-measurement,101292,valid,1053330,4,True,
1,1,00001E,1790201989.5271218,40719.4107099,186.3493860000017,candidate-measurement,101293,valid,1053331,1,True,
1,1,00001E,1790201989.7191384,40719.6027267,186.54140280000138,candidate-measurement,101293,valid,1053331,0,True,
1,1,00001E,1790201989.9271154,40719.8107067,186.7493828000006,candidate-measurement,101293,valid,1053331,0,True,
1,1,00001E,1790201990.1346765,40720.0182647,186.9569407999952,candidate-measurement,101294,valid,1053332,1,True,
1,1,00001E,1790201990.3266714,40720.2102603,187.14893640000082,candidate-measurement,101295,valid,1053333,1,True,
1,1,00001E,1790201990.5186813,40720.40227,187.34094609999738,candidate-measurement,101298,valid,1053336,3,True,
1,1,00001E,1790201990.7100823,40720.5936712,187.5323472999953,candidate-measurement,10129D,valid,1053341,5,True,
1,1,00001E,1790201990.9020765,40720.7856647,187.72434079999948,candidate-measurement,1012A2,valid,1053346,5,True,
1,1,00001E,1790201991.0936542,40720.9772423,187.91591840000183,candidate-measurement,1012A3,valid,1053347,1,True,
1,1,00001E,1790201991.301641,40721.1852296,188.12390569999843,candidate-measurement,1012A3,valid,1053347,0,True,
1,1,00001E,1790201991.4936342,40721.3772232,188.3158992999961,candidate-measurement,1012A5,valid,1053349,2,True,
1,1,00001E,1790201991.6850467,40721.5686369,188.5073130000019,candidate-measurement,1012A5,valid,1053349,0,True,
1,1,00001E,1790201991.8930423,40721.7766309,188.71530699999857,candidate-measurement,1012A5,valid,1053349,0,True,
1,1,00001E,1790201992.0850368,40721.9686255,188.90730159999657,candidate-measurement,1012A5,valid,1053349,0,True,
1,1,00001E,1790201992.276614,40722.1602019,189.09887799999706,candidate-measurement,1012A6,valid,1053350,1,True,
1,1,00001E,1790201992.468608,40722.352197,189.29087309999886,candidate-measurement,1012A6,valid,1053350,0,True,
1,1,00001E,1790201992.6765933,40722.5601846,189.49886069999775,candidate-measurement,1012A9,valid,1053353,3,True,
1,1,00001E,1790201992.8680053,40722.7515937,189.69026979999762,candidate-measurement,1012B0,valid,1053360,7,True,
1,1,00001E,1790201993.060002,40722.94359,189.8822661000013,candidate-measurement,1012B9,valid,1053369,9,True,
1,1,00001E,1790201993.2675788,40723.151167,190.08984310000233,candidate-measurement,1012BE,valid,1053374,5,True,
1,1,00001E,1790201993.4595728,40723.3431617,190.28183780000109,candidate-measurement,1012BE,valid,1053374,0,True,
1,1,00001E,1790201993.6515603,40723.5351514,190.47382749999815,candidate-measurement,1012BE,valid,1053374,0,True,
1,1,00001E,1790201993.8435583,40723.7271486,190.6658247000014,candidate-measurement,1012BE,valid,1053374,0,True,
1,1,00001E,1790201994.0509753,40723.9345646,190.87324069999886,candidate-measurement,1012BF,valid,1053375,1,True,
1,1,00001E,1790201994.2429566,40724.126547,191.06522309999855,candidate-measurement,1012C1,valid,1053377,2,True,
1,1,00001E,1790201994.4349592,40724.3185476,191.25722369999858,candidate-measurement,1012C3,valid,1053379,2,True,
1,1,00001E,1790201994.6425958,40724.5261863,191.4648623999965,candidate-measurement,1012C5,valid,1053381,2,True,
1,1,00001E,1790201994.834531,40724.7181195,191.6567955999999,candidate-measurement,1012C5,valid,1053381,0,True,
1,1,00001E,1790201995.0265193,40724.9101093,191.84878539999772,candidate-measurement,1012C8,valid,1053384,3,True,
1,1,00001E,1790201995.2345264,40725.1181172,192.0567932999984,candidate-measurement,1012D1,valid,1053393,9,True,
1,1,00001E,1790201995.42593,40725.3095185,192.24819459999708,candidate-measurement,1012D1,valid,1053393,0,True,
1,1,00001E,1790201995.617928,40725.5015163,192.4401923999976,candidate-measurement,1012D2,valid,1053394,1,True,
1,1,00001E,1790201995.8099077,40725.6934984,192.6321745000023,candidate-measurement,1012D3,valid,1053395,1,True,
1,1,00001E,1790201996.0174875,40725.9010761,192.83975220000139,candidate-measurement,1012D6,valid,1053398,3,True,
1,1,00001E,1790201996.2094877,40726.093077,193.03175309999642,candidate-measurement,1012D7,valid,1053399,1,True,
1,1,00001E,1790201996.401479,40726.2850673,193.22374339999806,candidate-measurement,1012D7,valid,1053399,0,True,
1,1,00001E,1790201996.6094842,40726.4930735,193.43174960000033,candidate-measurement,1012DC,valid,1053404,5,True,
1,1,00001E,1790201996.8008845,40726.6844729,193.6231489999991,candidate-measurement,1012E7,valid,1053415,11,True,
1,1,00001E,1790201996.992896,40726.8764856,193.81516169999668,candidate-measurement,1012EC,valid,1053420,5,True,
1,1,00001E,1790201997.2005103,40727.0841005,194.02277659999527,candidate-measurement,1012EC,valid,1053420,0,True,
1,1,00001E,1790201997.4084423,40727.2920304,194.23070649999863,candidate-measurement,1012EE,valid,1053422,2,True,
1,1,00001E,1790201997.6004372,40727.4840262,194.4227022999985,candidate-measurement,1012EE,valid,1053422,0,True,
1,1,00001E,1790201997.7924502,40727.6760382,194.614714299998,candidate-measurement,1012EE,valid,1053422,0,True,
1,1,00001E,1790201997.9844275,40727.8680154,194.80669150000176,candidate-measurement,1012F2,valid,1053426,4,True,
1,1,00001E,1790201998.1764178,40728.060006,194.9986820999984,candidate-measurement,1012F8,valid,1053432,6,True,
1,1,00001E,1790201998.3678422,40728.2514286,195.1901046999992,candidate-measurement,1012FD,valid,1053437,5,True,
1,1,00001E,1790201998.5758603,40728.4594484,195.3981244999959,candidate-measurement,1012FE,valid,1053438,1,True,
1,1,00001E,1790201998.767817,40728.6514076,195.59008370000083,candidate-measurement,1012FF,valid,1053439,1,True,
1,1,00001E,1790201998.9593866,40728.8429779,195.78165399999853,candidate-measurement,1012FF,valid,1053439,0,True,
1,1,00001E,1790201999.16739,40729.0509785,195.9896546000018,candidate-measurement,1012FF,valid,1053439,0,True,
1,1,00001E,1790201999.3593764,40729.2429664,196.18164249999973,candidate-measurement,101300,valid,1053440,1,True,
1,1,00001E,1790201999.5513742,40729.434963,196.3736390999984,candidate-measurement,101300,valid,1053440,0,True,
1,1,00001E,1790201999.7428043,40729.6263936,196.5650697000019,candidate-measurement,101303,valid,1053443,3,True,
1,1,00001E,1790201999.9507968,40729.8343857,196.7730617999987,candidate-measurement,10130B,valid,1053451,8,True,
1,1,00001E,1790202000.142786,40730.0263731,196.96504920000007,candidate-measurement,101316,valid,1053462,11,True,
1,1,00001E,1790202000.334353,40730.2179398,197.15661589999945,candidate-measurement,101317,valid,1053463,1,True,
1,1,00001E,1790202000.5423427,40730.4259312,197.36460729999817,candidate-measurement,101318,valid,1053464,1,True,
1,1,00001E,1790202000.7343404,40730.6179282,197.5566042999999,candidate-measurement,101319,valid,1053465,1,True,
1,1,00001E,1790202000.9257786,40730.8093687,197.74804479999875,candidate-measurement,10131A,valid,1053466,1,True,
1,1,00001E,1790202001.1177478,40731.0013358,197.94001189999835,candidate-measurement,10131C,valid,1053468,2,True,
1,1,00001E,1790202001.3253834,40731.2089714,198.14764750000177,candidate-measurement,10131D,valid,1053469,1,True,
1,1,00001E,1790202001.5173128,40731.4009008,198.33957689999806,candidate-measurement,10131D,valid,1053469,0,True,
1,1,00001E,1790202001.7093048,40731.5928932,198.53156930000114,candidate-measurement,10131F,valid,1053471,2,True,
1,1,00001E,1790202001.9172955,40731.8008852,198.73956129999715,candidate-measurement,10131F,valid,1053471,0,True,
1,1,00001E,1790202002.1087081,40731.9922978,198.93097390000185,candidate-measurement,101322,valid,1053474,3,True,
1,1,00001E,1790202002.300708,40732.1842965,199.12297260000196,candidate-measurement,101328,valid,1053480,6,True,
1,1,00001E,1790202002.5082786,40732.391867,199.33054309999716,candidate-measurement,10132A,valid,1053482,2,True,
1,1,00001E,1790202002.7002919,40732.5838823,199.52255839999998,candidate-measurement,10132A,valid,1053482,0,True,
1,1,00001E,1790202002.8916845,40732.7752742,199.71395029999985,candidate-measurement,10132C,valid,1053484,2,True,
1,1,00001E,1790202003.09931,40732.9829004,199.92157649999717,candidate-measurement,10132D,valid,1053485,1,True,
1,1,00001E,1790202003.2912536,40733.1748419,200.1135179999983,candidate-measurement,101330,valid,1053488,3,True,
1,1,00001E,1790202003.483252,40733.3668402,200.30551629999536,candidate-measurement,101330,valid,1053488,0,True,
1,1,00001E,1790202003.675236,40733.5588267,200.49750279999716,candidate-measurement,101330,valid,1053488,0,True,
1,1,00001E,1790202003.8826547,40733.7662451,200.70492119999835,candidate-measurement,101333,valid,1053491,3,True,
1,1,00001E,1790202004.0746443,40733.9582324,200.89690849999897,candidate-measurement,101339,valid,1053497,6,True,
1,1,00001E,1790202004.2662215,40734.1498103,201.08848639999633,candidate-measurement,101343,valid,1053507,10,True,
1,1,00001E,1790202004.4742308,40734.3578194,201.29649549999885,candidate-measurement,101347,valid,1053511,4,True,
1,1,00001E,1790202004.6662002,40734.5497911,201.4884671999971,candidate-measurement,101347,valid,1053511,0,True,
1,1,00001E,1790202004.8576307,40734.7412188,201.67989490000036,candidate-measurement,101347,valid,1053511,0,True,
1,1,00001E,1790202005.0656142,40734.9492028,201.88787890000094,candidate-measurement,101347,valid,1053511,0,True,
1,1,00001E,1790202005.25761,40735.141199,202.07987509999657,candidate-measurement,101349,valid,1053513,2,True,
1,1,00001E,1790202005.4491818,40735.3327698,202.27144589999807,candidate-measurement,10134B,valid,1053515,2,True,
1,1,00001E,1790202005.6411715,40735.524763,202.46343909999996,candidate-measurement,101350,valid,1053520,5,True,
1,1,00001E,1790202005.849201,40735.7327911,202.67146720000164,candidate-measurement,101355,valid,1053525,5,True,
1,1,00001E,1790202006.0406263,40735.9242143,202.86289039999974,candidate-measurement,101358,valid,1053528,3,True,
1,1,00001E,1790202006.2325928,40736.1161835,203.05485960000078,candidate-measurement,101358,valid,1053528,0,True,
1,1,00001E,1790202006.4401536,40736.3237419,203.26241799999843,candidate-measurement,101359,valid,1053529,1,True,
1,1,00001E,1790202006.6321445,40736.5157326,203.45440869999584,candidate-measurement,101359,valid,1053529,0,True,
1,1,00001E,1790202006.8241415,40736.70773,203.6464061000006,candidate-measurement,101359,valid,1053529,0,True,
1,1,00001E,1790202007.0161333,40736.8997221,203.8383982000014,candidate-measurement,101359,valid,1053529,0,True,
1,1,00001E,1790202007.2235415,40737.1071328,204.04580890000216,candidate-measurement,101359,valid,1053529,0,True,
1,1,00001E,1790202007.4155397,40737.2991278,204.23780389999592,candidate-measurement,101359,valid,1053529,0,True,
1,1,00001E,1790202007.6071112,40737.4906995,204.429375599997,candidate-measurement,10135A,valid,1053530,1,True,
1,1,00001E,1790202007.8151083,40737.6986961,204.63737219999894,candidate-measurement,10135B,valid,1053531,1,True,
1,1,00001E,1790202008.0070934,40737.8906842,204.82936029999837,candidate-measurement,101360,valid,1053536,5,True,
1,1,00001E,1790202008.1990895,40738.0826796,205.02135569999518,candidate-measurement,10136B,valid,1053547,11,True,
1,1,00001E,1790202008.406514,40738.2901016,205.22877770000196,candidate-measurement,101371,valid,1053553,6,True,
1,1,00001E,1790202008.5985055,40738.4820933,205.4207693999997,candidate-measurement,101373,valid,1053555,2,True,
1,1,00001E,1790202008.7900717,40738.6736627,205.61233879999781,candidate-measurement,101373,valid,1053555,0,True,
1,1,00001E,1790202008.9820662,40738.8656553,205.80433139999514,candidate-measurement,101373,valid,1053555,0,True,
1,1,00001E,1790202009.190068,40739.0736564,206.01233250000223,candidate-measurement,101373,valid,1053555,0,True,
1,1,00001E,1790202009.381484,40739.2650703,206.20374640000227,candidate-measurement,101374,valid,1053556,1,True,
1,1,00001E,1790202009.573474,40739.4570638,206.39573989999917,candidate-measurement,101377,valid,1053559,3,True,
1,1,00001E,1790202009.781083,40739.6646716,206.6033477000019,candidate-measurement,101377,valid,1053559,0,True,
1,1,00001E,1790202009.9730377,40739.8566259,206.79530199999863,candidate-measurement,101379,valid,1053561,2,True,
1,1,00001E,1790202010.1650338,40740.0486221,206.98729820000153,candidate-measurement,10137A,valid,1053562,1,True,
1,1,00001E,1790202010.3724403,40740.2560283,207.19470439999714,candidate-measurement,101381,valid,1053569,7,True,
1,1,00001E,1790202010.5644403,40740.4480295,207.38670560000173,candidate-measurement,101385,valid,1053573,4,True,
1,1,00001E,1790202010.7560122,40740.6396007,207.578276799999,candidate-measurement,101385,valid,1053573,0,True,
1,1,00001E,1790202010.9480057,40740.8315951,207.77027119999548,candidate-measurement,101385,valid,1053573,0,True,
1,1,00001E,1790202011.1560202,40741.0396087,207.9782847999959,candidate-measurement,101386,valid,1053574,1,True,
1,1,00001E,1790202011.3480072,40741.2315955,208.17027159999998,candidate-measurement,101388,valid,1053576,2,True,
1,1,00001E,1790202011.5394094,40741.4229983,208.36167439999554,candidate-measurement,10138B,valid,1053579,3,True,
1,1,00001E,1790202011.7473972,40741.6309864,208.56966249999823,candidate-measurement,10138B,valid,1053579,0,True,
1,1,00001E,1790202011.9393947,40741.8229838,208.76165989999572,candidate-measurement,101392,valid,1053586,7,True,
1,1,00001E,1790202012.1309624,40742.0145509,208.95322699999815,candidate-measurement,10139F,valid,1053599,13,True,
1,1,00001E,1790202012.3389578,40742.2225456,209.16122170000017,candidate-measurement,1013A0,valid,1053600,1,True,
1,1,00001E,1790202012.5469568,40742.4305454,209.36922149999737,candidate-measurement,1013A2,valid,1053602,2,True,
1,1,00001E,1790202012.7389753,40742.6225635,209.56123959999968,candidate-measurement,1013A2,valid,1053602,0,True,
1,1,00001E,1790202012.930359,40742.8139487,209.75262479999947,candidate-measurement,1013A5,valid,1053605,3,True,
1,1,00001E,1790202013.1223526,40743.0059431,209.94461919999594,candidate-measurement,1013A9,valid,1053609,4,True,
1,1,00001E,1790202013.3139305,40743.1975189,210.13619499999913,candidate-measurement,1013B1,valid,1053617,8,True,
1,1,00001E,1790202013.505926,40743.3895137,210.32818979999865,candidate-measurement,1013B3,valid,1053619,2,True,
1,1,00001E,1790202013.7139332,40743.5975233,210.5361993999977,candidate-measurement,1013B3,valid,1053619,0,True,
1,1,00001E,1790202013.905327,40743.7889176,210.7275937000013,candidate-measurement,1013B4,valid,1053620,1,True,
1,1,00001E,1790202014.0973234,40743.9809134,210.91958950000117,candidate-measurement,1013B4,valid,1053620,0,True,
1,1,00001E,1790202014.3049014,40744.1884889,211.12716499999806,candidate-measurement,1013B8,valid,1053624,4,True,
1,1,00001E,1790202014.512893,40744.3964811,211.3351571999956,candidate-measurement,1013C0,valid,1053632,8,True,
1,1,00001E,1790202014.704881,40744.5884709,211.5271470000007,candidate-measurement,1013CA,valid,1053642,10,True,
1,1,00001E,1790202014.8962953,40744.7798867,211.71856280000065,candidate-measurement,1013CC,valid,1053644,2,True,
1,1,00001E,1790202015.0882947,40744.9718828,211.91055889999552,candidate-measurement,1013CD,valid,1053645,1,True,
1,1,00001E,1790202015.2798672,40745.1634554,212.10213149999618,candidate-measurement,1013CD,valid,1053645,0,True,
1,1,00001E,1790202015.4718587,40745.3554471,212.2941232000012,candidate-measurement,1013CD,valid,1053645,0,True,
1,1,00001E,1790202015.6798666,40745.5634552,212.5021312999961,candidate-measurement,1013CD,valid,1053645,0,True,
1,1,00001E,1790202015.8712664,40745.7548545,212.6935306000014,candidate-measurement,1013CE,valid,1053646,1,True,
1,1,00001E,1790202016.0632596,40745.9468482,212.88552429999982,candidate-measurement,1013D0,valid,1053648,2,True,
1,1,00001E,1790202016.2708302,40746.15442,213.09309609999764,candidate-measurement,1013D1,valid,1053649,1,True,
1,1,00001E,1790202016.4628322,40746.3464205,213.2850965999969,candidate-measurement,1013D3,valid,1053651,2,True,
1,1,00001E,1790202016.6548183,40746.538408,213.47708409999905,candidate-measurement,1013D3,valid,1053651,0,True,
1,1,00001E,1790202016.8462257,40746.7298158,213.6684918999963,candidate-measurement,1013D6,valid,1053654,3,True,
1,1,00001E,1790202017.054227,40746.9378164,213.87649249999959,candidate-measurement,1013DC,valid,1053660,6,True,
1,1,00001E,1790202017.2462337,40747.1298197,214.06849579999835,candidate-measurement,1013DE,valid,1053662,2,True,
1,1,00001E,1790202017.4377935,40747.3213822,214.26005830000213,candidate-measurement,1013DF,valid,1053663,1,True,
1,1,00001E,1790202017.6457918,40747.52938,214.46805609999865,candidate-measurement,1013E0,valid,1053664,1,True,
1,1,00001E,1790202017.837778,40747.7213691,214.66004519999842,candidate-measurement,1013E2,valid,1053666,2,True,
1,1,00001E,1790202018.0292084,40747.9127992,214.85147529999813,candidate-measurement,1013E3,valid,1053667,1,True,
1,1,00001E,1790202018.2371852,40748.1207751,215.05945119999524,candidate-measurement,1013E5,valid,1053669,2,True,
1,1,00001E,1790202018.4447668,40748.328355,215.26703109999653,candidate-measurement,1013E6,valid,1053670,1,True,
1,1,00001E,1790202018.636757,40748.5203459,215.45902199999546,candidate-measurement,1013EC,valid,1053676,6,True,
1,1,00001E,1790202018.8287547,40748.7123433,215.65101940000022,candidate-measurement,1013F6,valid,1053686,10,True,
1,1,00001E,1790202019.020745,40748.9043335,215.8430096000011,candidate-measurement,1013FB,valid,1053691,5,True,
1,1,00001E,1790202019.2127402,40749.0963281,216.0350041999991,candidate-measurement,1013FB,valid,1053691,0,True,
1,1,00001E,1790202019.404156,40749.2877448,216.22642089999863,candidate-measurement,1013FB,valid,1053691,0,True,
1,1,00001E,1790202019.6117601,40749.4953505,216.43402659999992,candidate-measurement,1013FB,valid,1053691,0,True,
1,1,00001E,1790202019.8037188,40749.6873084,216.62598450000223,candidate-measurement,1013FD,valid,1053693,2,True,
1,1,00001E,1790202019.995722,40749.8793123,216.81798839999828,candidate-measurement,101400,valid,1053696,3,True,
1,1,00001E,1790202020.2037017,40750.0872914,217.02596749999793,candidate-measurement,101404,valid,1053700,4,True,
1,1,00001E,1790202020.3951237,40750.2787112,217.21738729999925,candidate-measurement,101409,valid,1053705,5,True,
1,1,00001E,1790202020.587112,40750.4707017,217.40937779999513,candidate-measurement,10140C,valid,1053708,3,True,
1,1,00001E,1790202020.779111,40750.6627005,217.601376599996,candidate-measurement,10140C,valid,1053708,0,True,
1,1,00001E,1790202020.9866843,40750.8702705,217.80894660000195,candidate-measurement,10140D,valid,1053709,1,True,
1,1,00001E,1790202021.1786761,40751.0622647,218.0009407999969,candidate-measurement,10140D,valid,1053709,0,True,
1,1,00001E,1790202021.3706777,40751.254265,218.19294110000192,candidate-measurement,10140D,valid,1053709,0,True,
1,1,00001E,1790202021.5786555,40751.4622442,218.40092030000233,candidate-measurement,10140D,valid,1053709,0,True,
1,1,00001E,1790202021.7700768,40751.6536651,218.59234119999746,candidate-measurement,10140D,valid,1053709,0,True,
1,1,00001E,1790202021.9620647,40751.8456546,218.78433070000028,candidate-measurement,10140F,valid,1053711,2,True,
1,1,00001E,1790202022.169646,40752.0532342,218.9919102999993,candidate-measurement,101411,valid,1053713,2,True,
1,1,00001E,1790202022.3616657,40752.2452521,219.18392820000008,candidate-measurement,101418,valid,1053720,7,True,
1,1,00001E,1790202022.5536382,40752.4372256,219.37590169999748,candidate-measurement,101423,valid,1053731,11,True,
1,1,00001E,1790202022.7610443,40752.6446325,219.58330859999842,candidate-measurement,101425,valid,1053733,2,True,
1,1,00001E,1790202022.953036,40752.8366254,219.77530149999802,candidate-measurement,101426,valid,1053734,1,True,
1,1,00001E,1790202023.145034,40753.0286221,219.96729819999746,candidate-measurement,101426,valid,1053734,0,True,
1,1,00001E,1790202023.3366027,40753.2201939,220.1588699999993,candidate-measurement,101428,valid,1053736,2,True,
1,1,00001E,1790202023.5446162,40753.4282047,220.36688080000022,candidate-measurement,10142A,valid,1053738,2,True,
1,1,00001E,1790202023.736606,40753.6201957,220.5588717999999,candidate-measurement,10142B,valid,1053739,1,True,
1,1,00001E,1790202023.928005,40753.811593,220.75026909999724,candidate-measurement,10142D,valid,1053741,2,True,
1,1,00001E,1790202024.1200027,40754.0035923,220.94226840000192,candidate-measurement,10142D,valid,1053741,0,True,
1,1,00001E,1790202024.3280108,40754.2115991,221.1502752000015,candidate-measurement,10142D,valid,1053741,0,True,
1,1,00001E,1790202024.5199919,40754.4035794,221.34225549999974,candidate-measurement,101432,valid,1053746,5,True,
1,1,00001E,1790202024.7115684,40754.5951556,221.5338316999987,candidate-measurement,101439,valid,1053753,7,True,
1,1,00001E,1790202024.9195535,40754.8031437,221.7418198000014,candidate-measurement,101439,valid,1053753,0,True,
1,1,00001E,1790202025.1115482,40754.9951377,221.9338138000021,candidate-measurement,101439,valid,1053753,0,True,
1,1,00001E,1790202025.303541,40755.1871302,222.12580629999866,candidate-measurement,10143A,valid,1053754,1,True,
1,1,00001E,1790202025.5109527,40755.3945412,222.3332173000017,candidate-measurement,10143E,valid,1053758,4,True,
1,1,00001E,1790202025.7029486,40755.5865375,222.5252135999981,candidate-measurement,10143E,valid,1053758,0,True,
1,1,00001E,1790202025.8945355,40755.7781261,222.7168021999969,candidate-measurement,101440,valid,1053760,2,True,
1,1,00001E,1790202026.0865185,40755.970107,222.9087830999997,candidate-measurement,101445,valid,1053765,5,True,
1,1,00001E,1790202026.2945087,40756.1780993,223.116775399998,candidate-measurement,10144F,valid,1053775,10,True,
1,1,00001E,1790202026.4859228,40756.3695123,223.30818839999847,candidate-measurement,101453,valid,1053779,4,True,
1,1,00001E,1790202026.6779122,40756.5615018,223.5001779000013,candidate-measurement,101454,valid,1053780,1,True,
1,1,00001E,1790202026.88555,40756.7691382,223.70781429999624,candidate-measurement,101454,valid,1053780,0,True,
1,1,00001E,1790202027.0774784,40756.9610693,223.8997453999982,candidate-measurement,101455,valid,1053781,1,True,
1,1,00001E,1790202027.26948,40757.1530696,224.09174569999595,candidate-measurement,101456,valid,1053782,1,True,
1,1,00001E,1790202027.4774697,40757.3610581,224.2997342000017,candidate-measurement,101456,valid,1053782,0,True,
1,1,00001E,1790202027.669473,40757.5530612,224.49173729999893,candidate-measurement,101459,valid,1053785,3,True,
1,1,00001E,1790202027.8608782,40757.7444662,224.6831422999967,candidate-measurement,10145C,valid,1053788,3,True,
1,1,00001E,1790202028.0528677,40757.936456,224.8751321000018,candidate-measurement,101462,valid,1053794,6,True,
1,1,00001E,1790202028.2604482,40758.1440369,225.08271299999615,candidate-measurement,101465,valid,1053797,3,True,
1,1,00001E,1790202028.4524398,40758.336029,225.27470509999694,candidate-measurement,101465,valid,1053797,0,True,
1,1,00001E,1790202028.6444328,40758.5280209,225.4666969999962,candidate-measurement,101467,valid,1053799,2,True,
1,1,00001E,1790202028.8524463,40758.7360346,225.67471069999738,candidate-measurement,101467,valid,1053799,0,True,
1,1,00001E,1790202029.0444202,40758.928009,225.86668510000163,candidate-measurement,101467,valid,1053799,0,True,
1,1,00001E,1790202029.2358346,40759.1194225,226.05809859999863,candidate-measurement,101467,valid,1053799,0,True,
1,1,00001E,1790202029.427832,40759.3114203,226.25009639999917,candidate-measurement,101467,valid,1053799,0,True,
1,1,00001E,1790202029.6354437,40759.5190317,226.4577078000002,candidate-measurement,101468,valid,1053800,1,True,
1,1,00001E,1790202029.827398,40759.7109865,226.64966260000074,candidate-measurement,101468,valid,1053800,0,True,
1,1,00001E,1790202030.019384,40759.9029744,226.84165049999865,candidate-measurement,10146B,valid,1053803,3,True,
1,1,00001E,1790202030.2268007,40760.1103892,227.04906530000153,candidate-measurement,10146E,valid,1053806,3,True,
1,1,00001E,1790202030.4188006,40760.3023893,227.24106539999775,candidate-measurement,10147A,valid,1053818,12,True,
1,1,00001E,1790202030.610369,40760.4939591,227.4326351999989,candidate-measurement,10147F,valid,1053823,5,True,
1,1,00001E,1790202030.8183637,40760.7019521,227.64062819999526,candidate-measurement,101480,valid,1053824,1,True,
1,1,00001E,1790202031.0103602,40760.8939486,227.83262470000045,candidate-measurement,101481,valid,1053825,1,True,
1,1,00001E,1790202031.2017717,40761.0853602,228.02403629999753,candidate-measurement,101481,valid,1053825,0,True,
1,1,00001E,1790202031.409764,40761.2933525,228.23202859999583,candidate-measurement,101481,valid,1053825,0,True,
1,1,00001E,1790202031.6017635,40761.4853507,228.4240267999994,candidate-measurement,101482,valid,1053826,1,True,
1,1,00001E,1790202031.793331,40761.6769213,228.6155973999994,candidate-measurement,101485,valid,1053829,3,True,
1,1,00001E,1790202031.9853277,40761.8689159,228.80759199999738,candidate-measurement,101485,valid,1053829,0,True,
1,1,00001E,1790202032.1933222,40762.0769108,229.01558690000093,candidate-measurement,101487,valid,1053831,2,True,
1,1,00001E,1790202032.3853202,40762.2689072,229.20758329999808,candidate-measurement,101487,valid,1053831,0,True,
1,1,00001E,1790202032.5773072,40762.4608958,229.39957190000132,candidate-measurement,10148A,valid,1053834,3,True,
1,1,00001E,1790202032.784717,40762.6683056,229.60698169999523,candidate-measurement,101493,valid,1053843,9,True,
1,1,00001E,1790202032.9767122,40762.8603011,229.79897720000008,candidate-measurement,101493,valid,1053843,0,True,
1,1,00001E,1790202033.1682858,40763.051876,229.99055209999642,candidate-measurement,101493,valid,1053843,0,True,
1,1,00001E,1790202033.360292,40763.2438797,230.18255579999823,candidate-measurement,101494,valid,1053844,1,True,
1,1,00001E,1790202033.5682728,40763.4518613,230.39053739999508,candidate-measurement,101496,valid,1053846,2,True,
1,1,00001E,1790202033.7602665,40763.643857,230.58253310000146,candidate-measurement,101498,valid,1053848,2,True,
1,1,00001E,1790202033.9517062,40763.8352936,230.77396969999972,candidate-measurement,10149F,valid,1053855,7,True,
1,1,00001E,1790202034.1596818,40764.0432718,230.9819478999998,candidate-measurement,1014AC,valid,1053868,13,True,
1,1,00001E,1790202034.351247,40764.2348377,231.17351380000036,candidate-measurement,1014AE,valid,1053870,2,True,
1,1,00001E,1790202034.5432909,40764.4268791,231.3655551999982,candidate-measurement,1014AF,valid,1053871,1,True,
1,1,00001E,1790202034.751235,40764.6348234,231.57349950000207,candidate-measurement,1014B0,valid,1053872,1,True,
1,1,00001E,1790202034.9432266,40764.8268152,231.76549130000058,candidate-measurement,1014B3,valid,1053875,3,True,
1,1,00001E,1790202035.1352227,40765.0188129,231.95748900000035,candidate-measurement,1014B9,valid,1053881,6,True,
1,1,00001E,1790202035.326638,40765.2102264,232.14890249999735,candidate-measurement,1014BE,valid,1053886,5,True,
1,1,00001E,1790202035.5342395,40765.4178291,232.35650519999763,candidate-measurement,1014BF,valid,1053887,1,True,
1,1,00001E,1790202035.7262151,40765.6098045,232.54848060000222,candidate-measurement,1014BF,valid,1053887,0,True,
1,1,00001E,1790202035.9181933,40765.8017845,232.7404605999982,candidate-measurement,1014C1,valid,1053889,2,True,
1,1,00001E,1790202036.1261902,40766.0097792,232.9484553000002,candidate-measurement,1014C1,valid,1053889,0,True,
1,1,00001E,1790202036.3176062,40766.201196,233.1398721000005,candidate-measurement,1014C1,valid,1053889,0,True,
1,1,00001E,1790202036.5096023,40766.3931908,233.33186690000002,candidate-measurement,1014C1,valid,1053889,0,True,
1,1,00001E,1790202036.717189,40766.6007791,233.5394551999998,candidate-measurement,1014C2,valid,1053890,1,True,
1,1,00001E,1790202036.909169,40766.7927575,233.73143359999813,candidate-measurement,1014C4,valid,1053892,2,True,
1,1,00001E,1790202037.1011586,40766.984749,233.92342510000162,candidate-measurement,1014C8,valid,1053896,4,True,
1,1,00001E,1790202037.3086042,40767.1921941,234.13087019999512,candidate-measurement,1014D4,valid,1053908,12,True,
1,1,00001E,1790202037.5005689,40767.3841574,234.32283350000216,candidate-measurement,1014DA,valid,1053914,6,True,
1,1,00001E,1790202037.6921344,40767.5757257,234.51440179999918,candidate-measurement,1014DA,valid,1053914,0,True,
1,1,00001E,1790202037.8841383,40767.7677265,234.70640260000073,candidate-measurement,1014DB,valid,1053915,1,True,
1,1,00001E,1790202038.092137,40767.9757271,234.91440319999674,candidate-measurement,1014DB,valid,1053915,0,True,
1,1,00001E,1790202038.2835445,40768.1671336,235.10580969999864,candidate-measurement,1014DB,valid,1053915,0,True,
1,1,00001E,1790202038.4755354,40768.3591243,235.29780039999605,candidate-measurement,1014DC,valid,1053916,1,True,
1,1,00001E,1790202038.6831052,40768.5666951,235.5053712000008,candidate-measurement,1014E0,valid,1053920,4,True,
1,1,00001E,1790202038.8751025,40768.7586923,235.69736839999678,candidate-measurement,1014E0,valid,1053920,0,True,
1,1,00001E,1790202039.067094,40768.9506833,235.88935939999647,candidate-measurement,1014E1,valid,1053921,1,True,
1,1,00001E,1790202039.2591045,40769.1426934,236.08136949999607,candidate-measurement,1014E2,valid,1053922,1,True,
1,1,00001E,1790202039.4665217,40769.35011,236.2887860999981,candidate-measurement,1014E9,valid,1053929,7,True,
1,1,00001E,1790202039.658494,40769.5420853,236.48076140000194,candidate-measurement,1014EC,valid,1053932,3,True,
1,1,00001E,1790202039.8504946,40769.7340846,236.67276069999934,candidate-measurement,1014EC,valid,1053932,0,True,
1,1,00001E,1790202040.0580595,40769.941647,236.88032309999835,candidate-measurement,1014EE,valid,1053934,2,True,
1,1,00001E,1790202040.2500634,40770.1336517,237.0723278000005,candidate-measurement,1014EF,valid,1053935,1,True,
1,1,00001E,1790202040.4414709,40770.3250596,237.2637356999985,candidate-measurement,1014F1,valid,1053937,2,True,
1,1,00001E,1790202040.6494544,40770.5330452,237.47172129999672,candidate-measurement,1014F3,valid,1053939,2,True,
1,1,00001E,1790202040.8570337,40770.7406221,237.679298199997,candidate-measurement,1014F3,valid,1053939,0,True,
1,1,00001E,1790202041.0490327,40770.9326215,237.87129759999516,candidate-measurement,1014F6,valid,1053942,3,True,
1,1,00001E,1790202041.241045,40771.1246343,238.06331040000077,candidate-measurement,101500,valid,1053952,10,True,
1,1,00001E,1790202041.4324434,40771.3160319,238.2547080000004,candidate-measurement,101505,valid,1053957,5,True,
1,1,00001E,1790202041.6244442,40771.5080351,238.4467111999984,candidate-measurement,101508,valid,1053960,3,True,
1,1,00001E,1790202041.8164303,40771.7000197,238.63869580000028,candidate-measurement,101508,valid,1053960,0,True,
1,1,00001E,1790202042.023999,40771.9075867,238.84626279999793,candidate-measurement,10150A,valid,1053962,2,True,
1,1,00001E,1790202042.2160544,40772.0996404,239.0383165000021,candidate-measurement,10150A,valid,1053962,0,True,
1,1,00001E,1790202042.407989,40772.2915774,239.23025349999807,candidate-measurement,10150B,valid,1053963,1,True,
1,1,00001E,1790202042.6154113,40772.498999,239.4376751000018,candidate-measurement,10150B,valid,1053963,0,True,
1,1,00001E,1790202042.8073974,40772.690986,239.62966210000013,candidate-measurement,10150E,valid,1053966,3,True,
1,1,00001E,1790202042.998966,40772.8825558,239.8212319000013,candidate-measurement,101512,valid,1053970,4,True,
1,1,00001E,1790202043.1909556,40773.0745442,240.01322029999574,candidate-measurement,101518,valid,1053976,6,True,
1,1,00001E,1790202043.398383,40773.2819706,240.22064669999963,candidate-measurement,101519,valid,1053977,1,True,
1,1,00001E,1790202043.5903754,40773.4739646,240.41264070000034,candidate-measurement,10151B,valid,1053979,2,True,
1,1,00001E,1790202043.7824142,40773.665999,240.6046750999958,candidate-measurement,10151B,valid,1053979,0,True,
1,1,00001E,1790202043.9903617,40773.8739488,240.8126248999979,candidate-measurement,10151B,valid,1053979,0,True,
1,1,00001E,1790202044.1819432,40774.0655294,241.00420550000126,candidate-measurement,10151B,valid,1053979,0,True,
1,1,00001E,1790202044.373939,40774.2575253,241.19620140000188,candidate-measurement,10151B,valid,1053979,0,True,
1,1,00001E,1790202044.5819242,40774.4655125,241.40418859999772,candidate-measurement,10151C,valid,1053980,1,True,
1,1,00001E,1790202044.7733495,40774.6569378,241.59561389999726,candidate-measurement,10151C,valid,1053980,0,True,
1,1,00001E,1790202044.965324,40774.8489126,241.7875886999973,candidate-measurement,101520,valid,1053984,4,True,
1,1,00001E,1790202045.1569045,40775.0404931,241.9791691999999,candidate-measurement,10152C,valid,1053996,12,True,
1,1,00001E,1790202045.3648968,40775.2484826,242.1871586999987,candidate-measurement,101533,valid,1054003,7,True,
1,1,00001E,1790202045.5568886,40775.4404778,242.37915390000126,candidate-measurement,101534,valid,1054004,1,True,
1,1,00001E,1790202045.7483003,40775.6318897,242.57056580000062,candidate-measurement,101534,valid,1054004,0,True,
1,1,00001E,1790202045.956288,40775.839878,242.77855409999756,candidate-measurement,101536,valid,1054006,2,True,
1,1,00001E,1790202046.147865,40776.0314555,242.97013159999915,candidate-measurement,101538,valid,1054008,2,True,
1,1,00001E,1790202046.339865,40776.2234537,243.16212979999545,candidate-measurement,10153B,valid,1054011,3,True,
1,1,00001E,1790202046.5478668,40776.4314559,243.37013199999637,candidate-measurement,10153B,valid,1054011,0,True,
1,1,00001E,1790202046.7392638,40776.6228545,243.56153059999633,candidate-measurement,10153E,valid,1054014,3,True,
1,1,00001E,1790202046.9312663,40776.8148542,243.75353029999678,candidate-measurement,101544,valid,1054020,6,True,
1,1,00001E,1790202047.1228383,40777.0064264,243.94510250000167,candidate-measurement,101547,valid,1054023,3,True,
1,1,00001E,1790202047.3308256,40777.2144151,244.15309120000165,candidate-measurement,101547,valid,1054023,0,True,
1,1,00001E,1790202047.5228267,40777.4064152,244.34509129999788,candidate-measurement,101547,valid,1054023,0,True,
1,1,00001E,1790202047.7148228,40777.5984108,244.5370868999962,candidate-measurement,101548,valid,1054024,1,True,
1,1,00001E,1790202047.9222236,40777.8058122,244.74448829999892,candidate-measurement,10154A,valid,1054026,2,True,
1,1,00001E,1790202048.1142225,40777.9978128,244.93648889999895,candidate-measurement,10154C,valid,1054028,2,True,
1,1,00001E,1790202048.305797,40778.1893873,245.12806339999952,candidate-measurement,10154C,valid,1054028,0,True,
1,1,00001E,1790202048.5138545,40778.3974419,245.33611799999926,candidate-measurement,10154D,valid,1054029,1,True,
1,1,00001E,1790202048.7058022,40778.5893917,245.5280677999981,candidate-measurement,10154E,valid,1054030,1,True,
1,1,00001E,1790202048.8971932,40778.7807833,245.71945939999569,candidate-measurement,101554,valid,1054036,6,True,
1,1,00001E,1790202049.0891984,40778.9727868,245.91146289999597,candidate-measurement,10155D,valid,1054045,9,True,
1,1,00001E,1790202049.2971818,40779.1807725,246.11944860000222,candidate-measurement,101561,valid,1054049,4,True,
1,1,00001E,1790202049.4891803,40779.372769,246.31144510000013,candidate-measurement,101562,valid,1054050,1,True,
1,1,00001E,1790202049.680752,40779.5643409,246.50301699999545,candidate-measurement,101562,valid,1054050,0,True,
1,1,00001E,1790202049.8887584,40779.7723464,246.71102249999967,candidate-measurement,101564,valid,1054052,2,True,
1,1,00001E,1790202050.080748,40779.9643353,246.90301139999792,candidate-measurement,101564,valid,1054052,0,True,
1,1,00001E,1790202050.2721553,40780.155745,247.0944210999951,candidate-measurement,101564,valid,1054052,0,True,
1,1,00001E,1790202050.4641497,40780.347738,247.28641409999545,candidate-measurement,101565,valid,1054053,1,True,
1,1,00001E,1790202050.6717172,40780.5553082,247.49398429999565,candidate-measurement,101568,valid,1054056,3,True,
1,1,00001E,1790202050.863729,40780.7473202,247.68599629999517,candidate-measurement,10156D,valid,1054061,5,True,
1,1,00001E,1790202051.0557108,40780.9392988,247.8779749000023,candidate-measurement,101571,valid,1054065,4,True,
1,1,00001E,1790202051.2637002,40781.1472884,248.08596450000186,candidate-measurement,101574,valid,1054068,3,True,
1,1,00001E,1790202051.45512,40781.3387086,248.27738469999895,candidate-measurement,101574,valid,1054068,0,True,
1,1,00001E,1790202051.647115,40781.5307026,248.46937869999965,candidate-measurement,101574,valid,1054068,0,True,
1,1,00001E,1790202051.8546743,40781.738265,248.67694109999866,candidate-measurement,101575,valid,1054069,1,True,
1,1,00001E,1790202052.046683,40781.930271,248.86894709999615,candidate-measurement,101575,valid,1054069,0,True,
1,1,00001E,1790202052.2386737,40782.1222621,249.0609381999966,candidate-measurement,101575,valid,1054069,0,True,
1,1,00001E,1790202052.4306817,40782.3142694,249.2529454999967,candidate-measurement,101575,valid,1054069,0,True,
1,1,00001E,1790202052.6380813,40782.5216696,249.46034569999756,candidate-measurement,101575,valid,1054069,0,True,
1,1,00001E,1790202052.8296554,40782.7132437,249.65191979999508,candidate-measurement,101576,valid,1054070,1,True,
1,1,00001E,1790202053.0216465,40782.9052353,249.84391139999934,candidate-measurement,101576,valid,1054070,0,True,
1,1,00001E,1790202053.229642,40783.1132308,250.05190690000018,candidate-measurement,10157A,valid,1054074,4,True,
1,1,00001E,1790202053.4216359,40783.3052251,250.2439011999959,candidate-measurement,101581,valid,1054081,7,True,
1,1,00001E,1790202053.613047,40783.4966372,250.43531329999678,candidate-measurement,101589,valid,1054089,8,True,
1,1,00001E,1790202053.8210592,40783.7046475,250.64332360000117,candidate-measurement,10158D,valid,1054093,4,True,
1,1,00001E,1790202054.0126152,40783.8962032,250.83487929999683,candidate-measurement,10158E,valid,1054094,1,True,
1,1,00001E,1790202054.204601,40784.0881892,251.0268653000021,candidate-measurement,10158F,valid,1054095,1,True,
1,1,00001E,1790202054.3966064,40784.2801948,251.21887089999655,candidate-measurement,10158F,valid,1054095,0,True,
1,1,00001E,1790202054.6040225,40784.4876115,251.42628759999934,candidate-measurement,10158F,valid,1054095,0,True,
1,1,00001E,1790202054.796006,40784.679595,251.61827110000013,candidate-measurement,10158F,valid,1054095,0,True,
1,1,00001E,1790202054.9879987,40784.8715898,251.81026589999965,candidate-measurement,101591,valid,1054097,2,True,
1,1,00001E,1790202055.1955707,40785.0791613,252.0178373999952,candidate-measurement,101593,valid,1054099,2,True,
1,1,00001E,1790202055.387574,40785.271162,252.20983809999598,candidate-measurement,101594,valid,1054100,1,True,
1,1,00001E,1790202055.5795624,40785.4631514,252.40182749999803,candidate-measurement,101597,valid,1054103,3,True,
1,1,00001E,1790202055.7875557,40785.6711438,252.6098198999971,candidate-measurement,10159C,valid,1054108,5,True,
1,1,00001E,1790202055.9789715,40785.8625612,252.80123730000196,candidate-measurement,10159F,valid,1054111,3,True,
1,1,00001E,1790202056.1709614,40786.0545519,252.99322799999936,candidate-measurement,1015A1,valid,1054113,2,True,
1,1,00001E,1790202056.362541,40786.2461288,253.18480489999638,candidate-measurement,1015A1,valid,1054113,0,True,
1,1,00001E,1790202056.570524,40786.4541125,253.39278860000195,candidate-measurement,1015A1,valid,1054113,0,True,
1,1,00001E,1790202056.7625408,40786.6461319,253.5848079999996,candidate-measurement,1015A1,valid,1054113,0,True,
1,1,00001E,1790202056.9545233,40786.8381114,253.77678749999905,candidate-measurement,1015A2,valid,1054114,1,True,
1,1,00001E,1790202057.1619272,40787.045516,253.98419209999702,candidate-measurement,1015A4,valid,1054116,2,True,
1,1,00001E,1790202057.3539314,40787.2375194,254.17619549999654,candidate-measurement,1015A6,valid,1054118,2,True,
1,1,00001E,1790202057.5459223,40787.4295112,254.36818730000232,candidate-measurement,1015A7,valid,1054119,1,True,
1,1,00001E,1790202057.75349,40787.6370782,254.57575429999997,candidate-measurement,1015A8,valid,1054120,1,True,
1,1,00001E,1790202057.9454799,40787.8290712,254.76774730000034,candidate-measurement,1015AE,valid,1054126,6,True,
1,1,00001E,1790202058.1374843,40788.0210724,254.95974849999766,candidate-measurement,1015B8,valid,1054136,10,True,
1,1,00001E,1790202058.3294754,40788.2130647,255.15174079999997,candidate-measurement,1015BC,valid,1054140,4,True,
1,1,00001E,1790202058.5368865,40788.4204746,255.35915070000192,candidate-measurement,1015BC,valid,1054140,0,True,
1,1,00001E,1790202058.7288969,40788.6124871,255.55116319999797,candidate-measurement,1015BD,valid,1054141,1,True,
1,1,00001E,1790202058.920474,40788.8040625,255.74273859999812,candidate-measurement,1015BE,valid,1054142,1,True,
1,1,00001E,1790202059.1284456,40789.0120339,255.95070999999734,candidate-measurement,1015BF,valid,1054143,1,True,
1,1,00001E,1790202059.320458,40789.2040475,256.1427236000018,candidate-measurement,1015C1,valid,1054145,2,True,
1,1,00001E,1790202059.5118582,40789.3954461,256.33412220000173,candidate-measurement,1015C7,valid,1054151,6,True,
1,1,00001E,1790202059.719849,40789.6034389,256.54211499999656,candidate-measurement,1015CD,valid,1054157,6,True,
1,1,00001E,1790202059.91142,40789.7950116,256.733687699998,candidate-measurement,1015CF,valid,1054159,2,True,
1,1,00001E,1790202060.1034193,40789.9870076,256.92568369999935,candidate-measurement,1015CF,valid,1054159,0,True,
1,1,00001E,1790202060.2954104,40790.178999,257.1176751000021,candidate-measurement,1015CF,valid,1054159,0,True,
1,1,00001E,1790202060.5034163,40790.3870036,257.32567969999945,candidate-measurement,1015D0,valid,1054160,1,True,
1,1,00001E,1790202060.6948283,40790.5784174,257.51709349999874,candidate-measurement,1015D0,valid,1054160,0,True,
1,1,00001E,1790202060.886823,40790.770414,257.7090900999974,candidate-measurement,1015D3,valid,1054163,3,True,
1,1,00001E,1790202061.0943794,40790.977968,257.91664409999794,candidate-measurement,1015DB,valid,1054171,8,True,
1,1,00001E,1790202061.2863827,40791.1699709,258.10864700000093,candidate-measurement,1015E6,valid,1054182,11,True,
1,1,00001E,1790202061.4783876,40791.3619761,258.3006521999996,candidate-measurement,1015E7,valid,1054183,1,True,
1,1,00001E,1790202061.670367,40791.5539557,258.4926317999998,candidate-measurement,1015E8,valid,1054184,1,True,
1,1,00001E,1790202061.877774,40791.7613645,258.70004060000065,candidate-measurement,1015E8,valid,1054184,0,True,
1,1,00001E,1790202062.0697696,40791.9533592,258.8920352999994,candidate-measurement,1015EB,valid,1054187,3,True,
1,1,00001E,1790202062.2613516,40792.1449392,259.0836152999982,candidate-measurement,1015ED,valid,1054189,2,True,
1,1,00001E,1790202062.469358,40792.3529464,259.2916225000008,candidate-measurement,1015ED,valid,1054189,0,True,
1,1,00001E,1790202062.661331,40792.5449206,259.48359669999627,candidate-measurement,1015EF,valid,1054191,2,True,
1,1,00001E,1790202062.852759,40792.7363497,259.67502579999564,candidate-measurement,1015F2,valid,1054194,3,True,
1,1,00001E,1790202063.0607371,40792.9443267,259.8830028000011,candidate-measurement,1015F9,valid,1054201,7,True,
1,1,00001E,1790202063.252315,40793.1359047,260.07458079999924,candidate-measurement,1015FA,valid,1054202,1,True,
1,1,00001E,1790202063.444308,40793.3278971,260.2665732000023,candidate-measurement,1015FA,valid,1054202,0,True,
1,1,00001E,1790202063.6363034,40793.5198942,260.4585702999975,candidate-measurement,1015FC,valid,1054204,2,True,
1,1,00001E,1790202063.8442976,40793.7278861,260.66656220000004,candidate-measurement,1015FD,valid,1054205,1,True,
1,1,00001E,1790202064.0361333,40793.9197182,260.8583942999976,candidate-measurement,101600,valid,1054208,3,True,
1,1,00001E,1790202064.2277253,40794.1113135,261.0499895999965,candidate-measurement,101600,valid,1054208,0,True,
1,1,00001E,1790202064.435279,40794.3188671,261.25754320000124,candidate-measurement,101601,valid,1054209,1,True,
1,1,00001E,1790202064.6272824,40794.510873,261.44954909999797,candidate-measurement,101602,valid,1054210,1,True,
1,1,00001E,1790202064.8186808,40794.7022694,261.6409454999957,candidate-measurement,101608,valid,1054216,6,True,
1,1,00001E,1790202065.0266728,40794.9102629,261.8489389999959,candidate-measurement,101615,valid,1054229,13,True,
1,1,00001E,1790202065.218671,40795.1022604,262.0409365000014,candidate-measurement,101616,valid,1054230,1,True,
1,1,00001E,1790202065.4102457,40795.2938339,262.23251000000164,candidate-measurement,101618,valid,1054232,2,True,
1,1,00001E,1790202065.6022365,40795.4858256,262.4245016999994,candidate-measurement,101618,valid,1054232,0,True,
1,1,00001E,1790202065.8102267,40795.6938175,262.6324936000019,candidate-measurement,101619,valid,1054233,1,True,
1,1,00001E,1790202066.0022259,40795.8858153,262.82449139999517,candidate-measurement,10161C,valid,1054236,3,True,
1,1,00001E,1790202066.1936908,40796.0772823,263.01595839999936,candidate-measurement,101622,valid,1054242,6,True,
1,1,00001E,1790202066.4012194,40796.2848058,263.2234819000005,candidate-measurement,101627,valid,1054247,5,True,
1,1,00001E,1790202066.5932083,40796.4767973,263.4154733999967,candidate-measurement,101629,valid,1054249,2,True,
1,1,00001E,1790202066.7852068,40796.6687981,263.60747419999825,candidate-measurement,101629,valid,1054249,0,True,
1,1,00001E,1790202066.9926095,40796.8761993,263.81487539999944,candidate-measurement,101629,valid,1054249,0,True,
1,1,00001E,1790202067.184603,40797.0681929,264.0068689999971,candidate-measurement,101629,valid,1054249,0,True,
1,1,00001E,1790202067.3761942,40797.2597806,264.1984566999963,candidate-measurement,10162A,valid,1054250,1,True,
1,1,00001E,1790202067.5681913,40797.45178,264.39045610000176,candidate-measurement,10162A,valid,1054250,0,True,
1,1,00001E,1790202067.776169,40797.659757,264.59843309999997,candidate-measurement,10162E,valid,1054254,4,True,
1,1,00001E,1790202067.9681687,40797.8517574,264.79043349999847,candidate-measurement,10163B,valid,1054267,13,True,
1,1,00001E,1790202068.1595793,40798.0431676,264.98184369999944,candidate-measurement,101641,valid,1054273,6,True,
1,1,00001E,1790202068.3675644,40798.2511537,265.18982980000146,candidate-measurement,101642,valid,1054274,1,True,
1,1,00001E,1790202068.5595677,40798.4431561,265.38183220000064,candidate-measurement,101643,valid,1054275,1,True,
1,1,00001E,1790202068.751137,40798.6347247,265.57340079999994,candidate-measurement,101643,valid,1054275,0,True,
1,1,00001E,1790202068.9591308,40798.8427192,265.78139530000044,candidate-measurement,101645,valid,1054277,2,True,
1,1,00001E,1790202069.1511245,40799.0347139,265.9733899999992,candidate-measurement,101647,valid,1054279,2,True,
1,1,00001E,1790202069.3425398,40799.2261301,266.1648062000022,candidate-measurement,101647,valid,1054279,0,True,
1,1,00001E,1790202069.5345342,40799.4181226,266.35679869999876,candidate-measurement,101649,valid,1054281,2,True,
1,1,00001E,1790202069.742104,40799.6256937,266.56436979999853,candidate-measurement,101649,valid,1054281,0,True,
1,1,00001E,1790202069.9341173,40799.817707,266.7563831000007,candidate-measurement,101649,valid,1054281,0,True,
1,1,00001E,1790202070.1261246,40800.0097128,266.94838889999664,candidate-measurement,10164C,valid,1054284,3,True,
1,1,00001E,1790202070.333508,40800.2170965,267.15577259999554,candidate-measurement,101652,valid,1054290,6,True,
1,1,00001E,1790202070.5254982,40800.4090867,267.3477627999964,candidate-measurement,101655,valid,1054293,3,True,
1,1,00001E,1790202070.717496,40800.6010845,267.53976059999695,candidate-measurement,101655,valid,1054293,0,True,
1,1,00001E,1790202070.9250634,40800.8086548,267.7473308999979,candidate-measurement,101655,valid,1054293,0,True,
1,1,00001E,1790202071.1170533,40801.0006439,267.9393199999977,candidate-measurement,101656,valid,1054294,1,True,
1,1,00001E,1790202071.3090553,40801.1926435,268.13131959999737,candidate-measurement,101658,valid,1054296,2,True,
1,1,00001E,1790202071.5004835,40801.3840717,268.32274779999716,candidate-measurement,10165B,valid,1054299,3,True,
1,1,00001E,1790202071.7084625,40801.5920519,268.5307279999979,candidate-measurement,10165B,valid,1054299,0,True,
1,1,00001E,1790202071.9004505,40801.7840417,268.72271779999573,candidate-measurement,10165E,valid,1054302,3,True,
1,1,00001E,1790202072.092029,40801.9756203,268.9142963999984,candidate-measurement,101669,valid,1054313,11,True,
1,1,00001E,1790202072.300081,40802.1836668,269.12234290000197,candidate-measurement,10166F,valid,1054319,6,True,
1,1,00001E,1790202072.4920166,40802.3756049,269.314280999999,candidate-measurement,101670,valid,1054320,1,True,
1,1,00001E,1790202072.6834273,40802.5670187,269.5056947999983,candidate-measurement,101671,valid,1054321,1,True,
1,1,00001E,1790202072.8914216,40802.775012,269.71368809999694,candidate-measurement,101671,valid,1054321,0,True,
1,1,00001E,1790202073.0834181,40802.9670067,269.9056827999957,candidate-measurement,101673,valid,1054323,2,True,
1,1,00001E,1790202073.2749941,40803.158583,270.0972590999954,candidate-measurement,101675,valid,1054325,2,True,
1,1,00001E,1790202073.466986,40803.3505747,270.28925080000045,candidate-measurement,10167A,valid,1054330,5,True,
1,1,00001E,1790202073.6749697,40803.558558,270.4972340999957,candidate-measurement,10167E,valid,1054334,4,True,
1,1,00001E,1790202073.8663957,40803.7499837,270.6886597999983,candidate-measurement,101681,valid,1054337,3,True,
1,1,00001E,1790202074.0583885,40803.9419766,270.8806526999979,candidate-measurement,101681,valid,1054337,0,True,
1,1,00001E,1790202074.2659605,40804.1495489,271.0882249999995,candidate-measurement,101681,valid,1054337,0,True,
1,1,00001E,1790202074.4579606,40804.3415488,271.2802249000015,candidate-measurement,101683,valid,1054339,2,True,
1,1,00001E,1790202074.6499455,40804.5335362,271.4722122999956,candidate-measurement,101683,valid,1054339,0,True,
1,1,00001E,1790202074.8573637,40804.7409527,271.67962879999686,candidate-measurement,101683,valid,1054339,0,True,
1,1,00001E,1790202075.0493562,40804.9329449,271.8716209999984,candidate-measurement,101683,valid,1054339,0,True,
1,1,00001E,1790202075.2413437,40805.1249349,272.06361099999776,candidate-measurement,101683,valid,1054339,0,True,
1,1,00001E,1790202075.4329247,40805.3165131,272.2551891999974,candidate-measurement,101684,valid,1054340,1,True,
1,1,00001E,1790202075.6409137,40805.5245035,272.4631795999958,candidate-measurement,101684,valid,1054340,0,True,
1,1,00001E,1790202075.832912,40805.7165004,272.65517649999674,candidate-measurement,101688,valid,1054344,4,True,
1,1,00001E,1790202076.0249002,40805.9084885,272.8471645999962,candidate-measurement,101690,valid,1054352,8,True,
1,1,00001E,1790202076.2323205,40806.1159092,273.0545853000003,candidate-measurement,101697,valid,1054359,7,True,
1,1,00001E,1790202076.4243524,40806.3079408,273.2466168999963,candidate-measurement,10169B,valid,1054363,4,True,
1,1,00001E,1790202076.6158879,40806.4994764,273.438152499999,candidate-measurement,10169B,valid,1054363,0,True,
1,1,00001E,1790202076.8238776,40806.7074659,273.6461419999978,candidate-measurement,10169C,valid,1054364,1,True,
1,1,00001E,1790202077.0312884,40806.9148775,273.8535535999981,candidate-measurement,10169D,valid,1054365,1,True,
1,1,00001E,1790202077.2232895,40807.1068765,274.0455526000005,candidate-measurement,10169D,valid,1054365,0,True,
1,1,00001E,1790202077.415282,40807.2988705,274.2375466000012,candidate-measurement,10169D,valid,1054365,0,True,
1,1,00001E,1790202077.606853,40807.4904413,274.42911739999545,candidate-measurement,10169E,valid,1054366,1,True,
1,1,00001E,1790202077.7988486,40807.6824366,274.6211126999988,candidate-measurement,1016A0,valid,1054368,2,True,
1,1,00001E,1790202077.9908416,40807.8744298,274.81310590000066,candidate-measurement,1016A1,valid,1054369,1,True,
1,1,00001E,1790202078.198253,40808.0818409,275.0205169999972,candidate-measurement,1016A3,valid,1054371,2,True,
1,1,00001E,1790202078.390261,40808.2738479,275.2125240000023,candidate-measurement,1016A4,valid,1054372,1,True,
1,1,00001E,1790202078.5818374,40808.4654255,275.4041015999974,candidate-measurement,1016A8,valid,1054376,4,True,
1,1,00001E,1790202078.7898042,40808.6733924,275.6120684999987,candidate-measurement,1016AD,valid,1054381,5,True,
1,1,00001E,1790202078.9818008,40808.8653922,275.8040682999999,candidate-measurement,1016AE,valid,1054382,1,True,
1,1,00001E,1790202079.1737978,40809.0573866,275.9960626999964,candidate-measurement,1016AE,valid,1054382,0,True,
1,1,00001E,1790202079.3652275,40809.2488169,276.18749299999763,candidate-measurement,1016AE,valid,1054382,0,True,
1,1,00001E,1790202079.5732255,40809.4568132,276.3954892999973,candidate-measurement,1016B0,valid,1054384,2,True,
1,1,00001E,1790202079.7647858,40809.6483739,276.5870500000019,candidate-measurement,1016B2,valid,1054386,2,True,
1,1,00001E,1790202079.9567797,40809.8403681,276.77904419999686,candidate-measurement,1016B3,valid,1054387,1,True,
1,1,00001E,1790202080.1647677,40810.0483568,276.98703289999685,candidate-measurement,1016B4,valid,1054388,1,True,
1,1,00001E,1790202080.3567684,40810.2403576,277.1790336999984,candidate-measurement,1016B5,valid,1054389,1,True,
1,1,00001E,1790202080.5481796,40810.4317674,277.3704434999963,candidate-measurement,1016B9,valid,1054393,4,True,
1,1,00001E,1790202080.7561684,40810.6397567,277.5784328000009,candidate-measurement,1016C2,valid,1054402,9,True,
1,1,00001E,1790202080.9477403,40810.83133,277.7700060999996,candidate-measurement,1016C6,valid,1054406,4,True,
1,1,00001E,1790202081.1397338,40811.0233227,277.9619987999977,candidate-measurement,1016C8,valid,1054408,2,True,
1,1,00001E,1790202081.331729,40811.2153186,278.1539946999983,candidate-measurement,1016CB,valid,1054411,3,True,
1,1,00001E,1790202081.5391452,40811.4227334,278.3614095000012,candidate-measurement,1016CB,valid,1054411,0,True,
1,1,00001E,1790202081.7311409,40811.6147289,278.55340499999875,candidate-measurement,1016CB,valid,1054411,0,True,
1,1,00001E,1790202081.923154,40811.8067431,278.74541920000047,candidate-measurement,1016CB,valid,1054411,0,True,
1,1,00001E,1790202082.1307042,40812.0142924,278.9529685000016,candidate-measurement,1016CC,valid,1054412,1,True,
1,1,00001E,1790202082.322703,40812.206291,279.14496710000094,candidate-measurement,1016CC,valid,1054412,0,True,
1,1,00001E,1790202082.5146964,40812.3982843,279.3369603999963,candidate-measurement,1016CD,valid,1054413,1,True,
1,1,00001E,1790202082.7221026,40812.6056921,279.5443681999968,candidate-measurement,1016CE,valid,1054414,1,True,
1,1,00001E,1790202082.9141042,40812.7976938,279.73636989999795,candidate-measurement,1016CF,valid,1054415,1,True,
1,1,00001E,1790202083.1056778,40812.9892658,279.9279419000013,candidate-measurement,1016D3,valid,1054419,4,True,
1,1,00001E,1790202083.2976675,40813.1812558,280.11993190000067,candidate-measurement,1016D9,valid,1054425,6,True,
1,1,00001E,1790202083.5056663,40813.3892546,280.3279306999975,candidate-measurement,1016DB,valid,1054427,2,True,
1,1,00001E,1790202083.6970735,40813.580664,280.5193400999997,candidate-measurement,1016DB,valid,1054427,0,True,
1,1,00001E,1790202083.8890722,40813.7726607,280.7113367999991,candidate-measurement,1016DD,valid,1054429,2,True,
1,1,00001E,1790202084.096644,40813.980232,280.9189081000004,candidate-measurement,1016DD,valid,1054429,0,True,
1,1,00001E,1790202084.2886353,40814.1722248,281.11090089999925,candidate-measurement,1016DD,valid,1054429,0,True,
1,1,00001E,1790202084.4806194,40814.3642084,281.3028845000008,candidate-measurement,1016DE,valid,1054430,1,True,
1,1,00001E,1790202084.6880395,40814.5716283,281.51030439999886,candidate-measurement,1016DF,valid,1054431,1,True,
1,1,00001E,1790202084.8800378,40814.7636262,281.70230230000016,candidate-measurement,1016E0,valid,1054432,1,True,
1,1,00001E,1790202085.0716116,40814.9552002,281.8938762999969,candidate-measurement,1016E6,valid,1054438,6,True,
1,1,00001E,1790202085.2635977,40815.1471885,282.0858645999979,candidate-measurement,1016F5,valid,1054453,15,True,
1,1,00001E,1790202085.4710147,40815.3546031,282.29327919999923,candidate-measurement,1016F6,valid,1054454,1,True,
1,1,00001E,1790202085.6630123,40815.5466009,282.48527699999977,candidate-measurement,1016F7,valid,1054455,1,True,
1,1,00001E,1790202085.8550174,40815.7386057,282.6772817999954,candidate-measurement,1016F9,valid,1054457,2,True,
1,1,00001E,1790202086.0625763,40815.9461655,282.88484159999643,candidate-measurement,1016FB,valid,1054459,2,True,
1,1,00001E,1790202086.2545757,40816.1381636,283.07683969999925,candidate-measurement,1016FC,valid,1054460,1,True,
1,1,00001E,1790202086.4465654,40816.3301535,283.26882959999784,candidate-measurement,1016FE,valid,1054462,2,True,
1,1,00001E,1790202086.6539774,40816.5375661,283.4762421999985,candidate-measurement,101704,valid,1054468,6,True,
1,1,00001E,1790202086.845985,40816.7295762,283.66825229999813,candidate-measurement,101707,valid,1054471,3,True,
1,1,00001E,1790202087.0379713,40816.9215599,283.86023600000044,candidate-measurement,101709,valid,1054473,2,True,
1,1,00001E,1790202087.2295604,40817.1131488,284.0518249000015,candidate-measurement,101709,valid,1054473,0,True,
1,1,00001E,1790202087.4375372,40817.3211256,284.2598016999982,candidate-measurement,101709,valid,1054473,0,True,
1,1,00001E,1790202087.6295266,40817.5131146,284.4517906999972,candidate-measurement,101709,valid,1054473,0,True,
1,1,00001E,1790202087.8209445,40817.7045341,284.64321019999625,candidate-measurement,10170A,valid,1054474,1,True,
1,1,00001E,1790202088.0289316,40817.9125222,284.85119829999894,candidate-measurement,10170C,valid,1054476,2,True,
1,1,00001E,1790202088.220506,40818.1040962,285.0427722999957,candidate-measurement,10170D,valid,1054477,1,True,
1,1,00001E,1790202088.4125054,40818.2960938,285.234769900002,candidate-measurement,10170F,valid,1054479,2,True,
1,1,00001E,1790202088.6044972,40818.4880868,285.4267628999951,candidate-measurement,10170F,valid,1054479,0,True,
1,1,00001E,1790202088.811913,40818.6955026,285.6341786999983,candidate-measurement,101713,valid,1054483,4,True,
1,1,00001E,1790202089.0038908,40818.8874815,285.82615760000044,candidate-measurement,101721,valid,1054497,14,True,
1,1,00001E,1790202089.1958985,40819.0794876,286.0181636999987,candidate-measurement,101724,valid,1054500,3,True,
1,1,00001E,1790202089.4034743,40819.287063,286.2257391000021,candidate-measurement,101725,valid,1054501,1,True,
1,1,00001E,1790202089.5954652,40819.4790547,286.41773079999984,candidate-measurement,101726,valid,1054502,1,True,
1,1,00001E,1790202089.787458,40819.6710465,286.60972259999835,candidate-measurement,101728,valid,1054504,2,True,
1,1,00001E,1790202089.994873,40819.8784618,286.81713789999776,candidate-measurement,10172C,valid,1054508,4,True,
1,1,00001E,1790202090.1868577,40820.0704487,287.00912479999533,candidate-measurement,101733,valid,1054515,7,True,
1,1,00001E,1790202090.3788607,40820.2624491,287.2011252000011,candidate-measurement,101735,valid,1054517,2,True,
1,1,00001E,1790202090.5704465,40820.4540368,287.39271290000033,candidate-measurement,101737,valid,1054519,2,True,
1,1,00001E,1790202090.7784452,40820.662034,287.60071009999956,candidate-measurement,101737,valid,1054519,0,True,
1,1,00001E,1790202090.970421,40820.854009,287.7926851000011,candidate-measurement,101737,valid,1054519,0,True,
1,1,00001E,1790202091.1618419,40821.0454301,287.98410619999777,candidate-measurement,101737,valid,1054519,0,True,
1,1,00001E,1790202091.3698404,40821.2534268,288.19210290000046,candidate-measurement,101738,valid,1054520,1,True,
1,1,00001E,1790202091.5614026,40821.4449916,288.38366769999993,candidate-measurement,101739,valid,1054521,1,True,
1,1,00001E,1790202091.753421,40821.6370089,288.57568499999616,candidate-measurement,10173F,valid,1054527,6,True,
1,1,00001E,1790202091.9613876,40821.8449774,288.7836534999951,candidate-measurement,10174F,valid,1054543,16,True,
1,1,00001E,1790202092.1688592,40822.0524454,288.99112149999564,candidate-measurement,101751,valid,1054545,2,True,
1,1,00001E,1790202092.360804,40822.2443913,289.18306740000116,candidate-measurement,101751,valid,1054545,0,True,
1,1,00001E,1790202092.5527887,40822.4363768,289.37505289999535,candidate-measurement,101752,valid,1054546,1,True,
1,1,00001E,1790202092.7443643,40822.6279533,289.5666293999966,candidate-measurement,101755,valid,1054549,3,True,
1,1,00001E,1790202092.9363616,40822.8199495,289.7586255999995,candidate-measurement,101757,valid,1054551,2,True,
1,1,00001E,1790202093.1283479,40823.0119383,289.950614399997,candidate-measurement,101757,valid,1054551,0,True,
1,1,00001E,1790202093.3363416,40823.2199317,290.1586077999964,candidate-measurement,10175A,valid,1054554,3,True,
1,1,00001E,1790202093.527767,40823.4113535,290.3500295999984,candidate-measurement,101763,valid,1054563,9,True,
1,1,00001E,1790202093.719755,40823.6033424,290.54201849999663,candidate-measurement,101763,valid,1054563,0,True,
1,1,00001E,1790202093.9273732,40823.8109621,290.7496381999954,candidate-measurement,101764,valid,1054564,1,True,
1,1,00001E,1790202094.119328,40824.002919,290.94159509999736,candidate-measurement,101766,valid,1054566,2,True,
1,1,00001E,1790202094.3113124,40824.1949023,291.1335783999966,candidate-measurement,101768,valid,1054568,2,True,
1,1,00001E,1790202094.5033035,40824.3868921,291.3255682000017,candidate-measurement,10176A,valid,1054570,2,True,
1,1,00001E,1790202094.710717,40824.5943062,291.5329822999993,candidate-measurement,10176F,valid,1054575,5,True,
1,1,00001E,1790202094.9027143,40824.7863032,291.724979300001,candidate-measurement,101779,valid,1054585,10,True,
1,1,00001E,1790202095.0942938,40824.9778818,291.9165578999964,candidate-measurement,10177E,valid,1054590,5,True,
1,1,00001E,1790202095.3022904,40825.1858782,292.1245542999968,candidate-measurement,10177E,valid,1054590,0,True,
1,1,00001E,1790202095.4942746,40825.3778626,292.3165386999972,candidate-measurement,10177F,valid,1054591,1,True,
1,1,00001E,1790202095.6856885,40825.569277,292.50795310000103,candidate-measurement,10177F,valid,1054591,0,True,
1,1,00001E,1790202095.8936856,40825.7772734,292.71594950000144,candidate-measurement,101781,valid,1054593,2,True,
1,1,00001E,1790202096.1012716,40825.9848601,292.9235361999963,candidate-measurement,101784,valid,1054596,3,True,
1,1,00001E,1790202096.293252,40826.1768409,293.11551699999836,candidate-measurement,101789,valid,1054601,5,True,
1,1,00001E,1790202096.485242,40826.3688307,293.3075067999962,candidate-measurement,10178F,valid,1054607,6,True,
1,1,00001E,1790202096.692655,40826.5762447,293.51492080000025,candidate-measurement,101790,valid,1054608,1,True,
1,1,00001E,1790202096.8846526,40826.7682405,293.7069166000001,candidate-measurement,101791,valid,1054609,1,True,
1,1,00001E,1790202097.076226,40826.9598171,293.8984932000021,candidate-measurement,101791,valid,1054609,0,True,
1,1,00001E,1790202097.2682128,40827.1518029,294.0904789999986,candidate-measurement,101791,valid,1054609,0,True,
1,1,00001E,1790202097.4602132,40827.3438014,294.2824774999972,candidate-measurement,101792,valid,1054610,1,True,
1,1,00001E,1790202097.652207,40827.5357953,294.4744713999971,candidate-measurement,101792,valid,1054610,0,True,
1,1,00001E,1790202097.8596103,40827.7432001,294.6818761999966,candidate-measurement,101795,valid,1054613,3,True,
1,1,00001E,1790202098.0516121,40827.9352025,294.8738785999958,candidate-measurement,10179C,valid,1054620,7,True,
1,1,00001E,1790202098.2431934,40828.1267825,295.0654586000019,candidate-measurement,1017A4,valid,1054628,8,True,
1,1,00001E,1790202098.4351819,40828.31877,295.25744609999674,candidate-measurement,1017AA,valid,1054634,6,True,
1,1,00001E,1790202098.6431725,40828.526762,295.46543810000003,candidate-measurement,1017AA,valid,1054634,0,True,
1,1,00001E,1790202098.8345888,40828.7181776,295.65685369999846,candidate-measurement,1017AB,valid,1054635,1,True,
1,1,00001E,1790202099.026572,40828.9101629,295.8488389999984,candidate-measurement,1017AB,valid,1054635,0,True,
1,1,00001E,1790202099.2346058,40829.1181929,296.056869,candidate-measurement,1017AB,valid,1054635,0,True,
1,1,00001E,1790202099.426144,40829.3097325,296.24840859999676,candidate-measurement,1017AB,valid,1054635,0,True,
1,1,00001E,1790202099.6181364,40829.5017271,296.44040320000204,candidate-measurement,1017AD,valid,1054637,2,True,
1,1,00001E,1790202099.8261576,40829.7097458,296.64842189999763,candidate-measurement,1017AF,valid,1054639,2,True,
1,1,00001E,1790202100.0335574,40829.9171476,296.8558236999961,candidate-measurement,1017B0,valid,1054640,1,True,
1,1,00001E,1790202100.2256098,40830.1091912,297.04786729999614,candidate-measurement,1017B2,valid,1054642,2,True,
1,1,00001E,1790202100.417543,40830.3011305,297.23980660000234,candidate-measurement,1017B6,valid,1054646,4,True,
1,1,00001E,1790202100.6091022,40830.4926928,297.4313688999973,candidate-measurement,1017BD,valid,1054653,7,True,
1,1,00001E,1790202100.8011093,40830.6847,297.6233760999967,candidate-measurement,1017BD,valid,1054653,0,True,
1,1,00001E,1790202100.9930935,40830.8766817,297.8153577999983,candidate-measurement,1017BE,valid,1054654,1,True,
1,1,00001E,1790202101.2010841,40831.084675,298.02335109999694,candidate-measurement,1017C0,valid,1054656,2,True,
1,1,00001E,1790202101.392505,40831.2760925,298.2147685999953,candidate-measurement,1017C3,valid,1054659,3,True,
1,1,00001E,1790202101.5845113,40831.4681017,298.4067777999953,candidate-measurement,1017C3,valid,1054659,0,True,
1,1,00001E,1790202101.7920659,40831.6756544,298.6143305000005,candidate-measurement,1017C6,valid,1054662,3,True,
1,1,00001E,1790202101.984064,40831.8676526,298.8063286999968,candidate-measurement,1017D0,valid,1054672,10,True,
1,1,00001E,1790202102.1760504,40832.0596413,298.9983174000008,candidate-measurement,1017D5,valid,1054677,5,True,
1,1,00001E,1790202102.3674674,40832.2510583,299.18973439999536,candidate-measurement,1017D9,valid,1054681,4,True,
1,1,00001E,1790202102.5750408,40832.4586295,299.3973055999959,candidate-measurement,1017D9,valid,1054681,0,True,
1,1,00001E,1790202102.7670374,40832.6506275,299.58930359999795,candidate-measurement,1017D9,valid,1054681,0,True,
1,1,00001E,1790202102.9584563,40832.8420453,299.7807213999986,candidate-measurement,1017DA,valid,1054682,1,True,
1,1,00001E,1790202103.1660256,40833.0496157,299.9882918000003,candidate-measurement,1017DC,valid,1054684,2,True,
