payload_index,trial_index,payload_hex,timestamp,monotonic_s,elapsed_candidate_s,phase,rx_bytes_hex,reply_kind,raw_position,delta_counts,valid,note
1,1,000020,1790192826.73264,31556.6162267,0.2020249999986845,candidate-warmup,10282B,valid,1058859,-165,True,
1,1,000020,1790192826.9405813,31556.8241713,0.40996959999756655,candidate-warmup,10282B,valid,1058859,0,True,
1,1,000020,1790192827.1325727,31557.0161619,0.6019601999978477,candidate-warmup,10282B,valid,1058859,0,True,
1,1,000020,1790192827.324569,31557.2081593,0.7939575999989756,candidate-warmup,10282B,valid,1058859,0,True,
1,1,000020,1790192827.5319877,31557.4155761,1.0013743999988947,candidate-warmup,10282B,valid,1058859,0,True,
1,1,000020,1790192827.72397,31557.6075589,1.1933571999979904,candidate-warmup,10282B,valid,1058859,0,True,
1,1,000020,1790192827.9159644,31557.799554,1.385352299999795,candidate-warmup,10282B,valid,1058859,0,True,
1,1,000020,1790192828.1235414,31558.0071297,1.59292799999821,candidate-warmup,10282B,valid,1058859,0,True,
1,1,000020,1790192828.3155391,31558.1991281,1.7849263999996765,candidate-warmup,10282A,valid,1058858,-1,True,
1,1,000020,1790192828.5075293,31558.3911178,1.9769161000003805,candidate-warmup,102828,valid,1058856,-2,True,
1,1,000020,1790192828.6995573,31558.5831452,2.1689434999971127,candidate-warmup,102826,valid,1058854,-2,True,
1,1,000020,1790192828.9069345,31558.7905238,2.3763220999971963,candidate-warmup,102824,valid,1058852,-2,True,
1,1,000020,1790192829.098514,31558.9821026,2.567900899997767,candidate-warmup,102824,valid,1058852,0,True,
1,1,000020,1790192829.2905343,31559.1741213,2.7599195999973745,candidate-warmup,102824,valid,1058852,0,True,
1,1,000020,1790192829.4985046,31559.3820929,2.967891199998121,candidate-warmup,102822,valid,1058850,-2,True,
1,1,000020,1790192829.6905298,31559.5741168,3.1599150999973062,candidate-warmup,102822,valid,1058850,0,True,
1,1,000020,1790192829.881909,31559.7654967,3.351295000000391,candidate-warmup,102822,valid,1058850,0,True,
1,1,000020,1790192830.0898938,31559.9734825,3.559280800000124,candidate-warmup,10281F,valid,1058847,-3,True,
1,1,000020,1790192830.2814784,31560.1650669,3.75086519999968,candidate-warmup,10281E,valid,1058846,-1,True,
1,1,000020,1790192830.4734569,31560.3570467,3.94284499999776,candidate-warmup,10281C,valid,1058844,-2,True,
1,1,000020,1790192830.6654599,31560.5490502,4.134848499998043,candidate-warmup,10281C,valid,1058844,0,True,
1,1,000020,1790192830.8734689,31560.7570574,4.342855699997017,candidate-warmup,10281C,valid,1058844,0,True,
1,1,000020,1790192831.0648704,31560.9484591,4.534257399998751,candidate-warmup,10281C,valid,1058844,0,True,
1,1,000020,1790192831.2568607,31561.14045,4.726248299997678,candidate-warmup,102819,valid,1058841,-3,True,
1,1,000020,1790192831.4644368,31561.3480257,4.933823999999731,candidate-warmup,102818,valid,1058840,-1,True,
1,1,000020,1790192831.6564283,31561.5400169,5.125815199997305,candidate-warmup,102816,valid,1058838,-2,True,
1,1,000020,1790192831.8484316,31561.7320206,5.317818899999111,candidate-warmup,102816,valid,1058838,0,True,
1,1,000020,1790192832.0564098,31561.9399981,5.525796399997489,candidate-warmup,102814,valid,1058836,-2,True,
1,1,000020,1790192832.2478313,31562.131421,5.717219299996941,candidate-warmup,102812,valid,1058834,-2,True,
1,1,000020,1790192832.439821,31562.32341,5.909208299999591,candidate-warmup,102811,valid,1058833,-1,True,
1,1,000020,1790192832.631397,31562.5149877,6.1007859999990615,candidate-warmup,10280E,valid,1058830,-3,True,
1,1,000020,1790192832.8393886,31562.7229793,6.308777599999303,candidate-warmup,10280B,valid,1058827,-3,True,
1,1,000020,1790192833.0313826,31562.9149715,6.500769799997215,candidate-warmup,10280A,valid,1058826,-1,True,
1,1,000020,1790192833.2233825,31563.1069709,6.69276919999902,candidate-warmup,102809,valid,1058825,-1,True,
1,1,000020,1790192833.4307928,31563.3143808,6.900179099997331,candidate-warmup,102808,valid,1058824,-1,True,
1,1,000020,1790192833.6227798,31563.5063703,7.09216860000015,candidate-warmup,102808,valid,1058824,0,True,
1,1,000020,1790192833.8143666,31563.6979541,7.283752399998775,candidate-warmup,102808,valid,1058824,0,True,
1,1,000020,1790192834.0223627,31563.9059514,7.491749699998763,candidate-warmup,102807,valid,1058823,-1,True,
1,1,000020,1790192834.2143428,31564.0979314,7.683729699998366,candidate-warmup,102805,valid,1058821,-2,True,
1,1,000020,1790192834.4057686,31564.289357,7.875155300000188,candidate-warmup,102804,valid,1058820,-1,True,
1,1,000020,1790192834.597758,31564.4813471,8.0671454000003,candidate-warmup,102802,valid,1058818,-2,True,
1,1,000020,1790192834.8053846,31564.6889745,8.274772799999482,candidate-warmup,102800,valid,1058816,-2,True,
1,1,000020,1790192834.997323,31564.8809095,8.466707799998403,candidate-warmup,102800,valid,1058816,0,True,
1,1,000020,1790192835.1893206,31565.0729084,8.658706700000039,candidate-warmup,1027FE,valid,1058814,-2,True,
1,1,000020,1790192835.3975325,31565.2811185,8.866916799997853,candidate-warmup,1027FA,valid,1058810,-4,True,
1,1,000020,1790192835.5893033,31565.4728913,9.058689599998615,candidate-warmup,1027F6,valid,1058806,-4,True,
1,1,000020,1790192835.7807217,31565.6643102,9.250108500000351,candidate-warmup,1027F4,valid,1058804,-2,True,
1,1,000020,1790192835.9887085,31565.8722996,9.458097899998393,candidate-warmup,1027F2,valid,1058802,-2,True,
1,1,000020,1790192836.1962748,31566.0798634,9.665661699997145,candidate-warmup,1027F0,valid,1058800,-2,True,
1,1,000020,1790192836.388274,31566.2718646,9.857662899998104,candidate-warmup,1027EE,valid,1058798,-2,True,
1,1,000020,1790192836.5802827,31566.4638736,10.049671900000249,candidate-warmup,1027EE,valid,1058798,0,True,
1,1,000020,1790192836.771687,31566.6552752,10.241073499997583,candidate-warmup,1027EE,valid,1058798,0,True,
1,1,000020,1790192836.963684,31566.8472721,10.433070399998542,candidate-warmup,1027EC,valid,1058796,-2,True,
1,1,000020,1790192837.1556745,31567.0392631,10.62506139999823,candidate-warmup,1027EC,valid,1058796,0,True,
1,1,000020,1790192837.363324,31567.24691,10.832708300000377,candidate-warmup,1027EC,valid,1058796,0,True,
1,1,000020,1790192837.5552378,31567.4388262,11.024624499998026,candidate-warmup,1027EA,valid,1058794,-2,True,
1,1,000020,1790192837.7466476,31567.6302371,11.216035399997054,candidate-warmup,1027E8,valid,1058792,-2,True,
1,1,000020,1790192837.9546428,31567.838234,11.424032299997634,candidate-warmup,1027E8,valid,1058792,0,True,
1,1,000020,1790192838.1622338,31568.045823,11.631621299999097,candidate-warmup,1027E7,valid,1058791,-1,True,
1,1,000020,1790192838.3542078,31568.237797,11.823595300000306,candidate-warmup,1027E7,valid,1058791,0,True,
1,1,000020,1790192838.5462058,31568.429796,12.015594299999066,candidate-warmup,1027E7,valid,1058791,0,True,
1,1,000020,1790192838.7381964,31568.6217874,12.207585699998162,candidate-warmup,1027E7,valid,1058791,0,True,
1,1,000020,1790192838.929628,31568.8132159,12.399014200000238,candidate-warmup,1027E7,valid,1058791,0,True,
1,1,000020,1790192839.1216278,31569.0052172,12.59101549999832,candidate-warmup,1027E6,valid,1058790,-1,True,
1,1,000020,1790192839.329184,31569.2127722,12.798570499999187,candidate-warmup,1027E1,valid,1058785,-5,True,
1,1,000020,1790192839.5211763,31569.4047665,12.990564799998538,candidate-warmup,1027DA,valid,1058778,-7,True,
1,1,000020,1790192839.7131717,31569.5967601,13.182558399999834,candidate-warmup,1027D7,valid,1058775,-3,True,
1,1,000020,1790192839.9211633,31569.8047532,13.390551499996945,candidate-warmup,1027D6,valid,1058774,-1,True,
1,1,000020,1790192840.1285763,31570.0121648,13.597963099997287,candidate-warmup,1027D5,valid,1058773,-1,True,
1,1,000020,1790192840.3205655,31570.2041565,13.789954799998668,candidate-warmup,1027D5,valid,1058773,0,True,
1,1,000020,1790192840.5121396,31570.3957287,13.981526999999915,candidate-warmup,1027D5,valid,1058773,0,True,
1,1,000020,1790192840.7041366,31570.5877274,14.173525700000027,candidate-warmup,1027D5,valid,1058773,0,True,
1,1,000020,1790192840.8961403,31570.7797272,14.365525499997602,candidate-warmup,1027D4,valid,1058772,-1,True,
1,1,000020,1790192841.0875604,31570.9711489,14.556947199998831,candidate-warmup,1027D1,valid,1058769,-3,True,
1,1,000020,1790192841.295541,31571.1791295,14.764927799998986,candidate-warmup,1027C2,valid,1058754,-15,True,
1,1,000020,1790192841.4871242,31571.3707149,14.95651319999888,candidate-warmup,1027BD,valid,1058749,-5,True,
1,1,000020,1790192841.6791053,31571.5626944,15.148492699998314,candidate-warmup,1027BB,valid,1058747,-2,True,
1,1,000020,1790192841.8871012,31571.77069,15.35648829999991,candidate-warmup,1027B6,valid,1058742,-5,True,
1,1,000020,1790192842.0945134,31571.9781021,15.56390040000042,candidate-warmup,1027B1,valid,1058737,-5,True,
1,1,000020,1790192842.2865088,31572.1700973,15.755895599999349,candidate-warmup,1027AE,valid,1058734,-3,True,
1,1,000020,1790192842.4780717,31572.3616613,15.947459600000002,candidate-warmup,1027AD,valid,1058733,-1,True,
1,1,000020,1790192842.6700773,31572.5536658,16.139464099996985,candidate-warmup,1027AC,valid,1058732,-1,True,
1,1,000020,1790192842.862074,31572.7456626,16.331460899997182,candidate-warmup,1027AA,valid,1058730,-2,True,
1,1,000020,1790192843.053501,31572.9370888,16.522887099999934,candidate-warmup,1027A9,valid,1058729,-1,True,
1,1,000020,1790192843.2614715,31573.1450608,16.73085910000009,candidate-warmup,1027A5,valid,1058725,-4,True,
1,1,000020,1790192843.4530432,31573.3366325,16.922430799997528,candidate-warmup,1027A5,valid,1058725,0,True,
1,1,000020,1790192843.6450372,31573.5286265,17.114424799998233,candidate-warmup,1027A4,valid,1058724,-1,True,
1,1,000020,1790192843.8524508,31573.7360412,17.32183950000035,candidate-warmup,1027A0,valid,1058720,-4,True,
1,1,000020,1790192844.0444558,31573.9280446,17.513842899999872,candidate-warmup,10279B,valid,1058715,-5,True,
1,1,000020,1790192844.2364457,31574.1200341,17.705832399999053,candidate-warmup,102798,valid,1058712,-3,True,
1,1,000020,1790192844.4280155,31574.3116058,17.89740410000013,candidate-warmup,102794,valid,1058708,-4,True,
1,1,000020,1790192844.6360114,31574.5195993,18.105397600000288,candidate-warmup,102794,valid,1058708,0,True,
1,1,000020,1790192844.8280187,31574.7116075,18.29740579999998,candidate-warmup,102793,valid,1058707,-1,True,
1,1,000020,1790192845.01942,31574.9030092,18.488807499998074,candidate-warmup,102792,valid,1058706,-1,True,
1,1,000020,1790192845.2274137,31575.1110024,18.696800699999585,candidate-warmup,102791,valid,1058705,-1,True,
1,1,000020,1790192845.4194138,31575.3030036,18.888801899996906,candidate-warmup,10278F,valid,1058703,-2,True,
1,1,000020,1790192845.6109805,31575.4945692,19.08036749999883,candidate-warmup,10278E,valid,1058702,-1,True,
1,1,000020,1790192845.8189704,31575.7025589,19.288357199999155,candidate-warmup,10278E,valid,1058702,0,True,
1,1,000020,1790192846.010967,31575.894556,19.480354299997998,candidate-warmup,10278D,valid,1058701,-1,True,
1,1,000020,1790192846.2023752,31576.0859642,19.671762499998295,candidate-warmup,10278D,valid,1058701,0,True,
1,1,000020,1790192846.3943691,31576.27796,19.863758299998153,candidate-warmup,10278D,valid,1058701,0,True,
1,1,000020,1790192846.6019433,31576.4855315,20.07132979999733,candidate-measurement,10278D,valid,1058701,0,True,
1,1,000020,1790192846.7939422,31576.6775314,20.263329699999304,candidate-measurement,10278D,valid,1058701,0,True,
1,1,000020,1790192846.9859276,31576.8695175,20.45531579999806,candidate-measurement,10278C,valid,1058700,-1,True,
1,1,000020,1790192847.1933522,31577.0769407,20.66273899999942,candidate-measurement,102782,valid,1058690,-10,True,
1,1,000020,1790192847.3853421,31577.2689308,20.85472909999953,candidate-measurement,10277E,valid,1058686,-4,True,
1,1,000020,1790192847.5773423,31577.4609318,21.046730099998967,candidate-measurement,10277C,valid,1058684,-2,True,
1,1,000020,1790192847.7849095,31577.6684999,21.25429819999772,candidate-measurement,10277B,valid,1058683,-1,True,
1,1,000020,1790192847.9769037,31577.8604942,21.44629249999707,candidate-measurement,10277B,valid,1058683,0,True,
1,1,000020,1790192848.1688964,31578.0524857,21.63828399999693,candidate-measurement,10277B,valid,1058683,0,True,
1,1,000020,1790192848.3603094,31578.2438996,21.829697899996972,candidate-measurement,10277A,valid,1058682,-1,True,
1,1,000020,1790192848.5683131,31578.4519023,22.03770059999806,candidate-measurement,102777,valid,1058679,-3,True,
1,1,000020,1790192848.7598746,31578.6434654,22.229263699999137,candidate-measurement,10276B,valid,1058667,-12,True,
1,1,000020,1790192848.951872,31578.8354605,22.421258799997304,candidate-measurement,102766,valid,1058662,-5,True,
1,1,000020,1790192849.1598644,31579.0434535,22.62925179999729,candidate-measurement,102763,valid,1058659,-3,True,
1,1,000020,1790192849.3512805,31579.2348694,22.820667699998012,candidate-measurement,102761,valid,1058657,-2,True,
1,1,000020,1790192849.543278,31579.4268694,23.01266769999711,candidate-measurement,10275E,valid,1058654,-3,True,
1,1,000020,1790192849.750839,31579.6344298,23.220228099999076,candidate-measurement,10275C,valid,1058652,-2,True,
1,1,000020,1790192849.942837,31579.8264278,23.412226099997497,candidate-measurement,102757,valid,1058647,-5,True,
1,1,000020,1790192850.1348279,31580.018417,23.60421529999803,candidate-measurement,102755,valid,1058645,-2,True,
1,1,000020,1790192850.3268232,31580.2104146,23.796212899997045,candidate-measurement,102754,valid,1058644,-1,True,
1,1,000020,1790192850.5342405,31580.4178311,24.003629399998317,candidate-measurement,102753,valid,1058643,-1,True,
1,1,000020,1790192850.7262309,31580.609821,24.195619299996906,candidate-measurement,102752,valid,1058642,-1,True,
1,1,000020,1790192850.918229,31580.8018202,24.38761849999719,candidate-measurement,102750,valid,1058640,-2,True,
1,1,000020,1790192851.1257997,31581.0093879,24.59518620000017,candidate-measurement,10274F,valid,1058639,-1,True,
1,1,000020,1790192851.3177917,31581.2013827,24.78718099999969,candidate-measurement,10274C,valid,1058636,-3,True,
1,1,000020,1790192851.5102198,31581.3938057,24.97960400000011,candidate-measurement,10274C,valid,1058636,0,True,
1,1,000020,1790192851.7017846,31581.5853725,25.171170800000255,candidate-measurement,102748,valid,1058632,-4,True,
1,1,000020,1790192851.9091916,31581.7927807,25.378579000000173,candidate-measurement,102745,valid,1058629,-3,True,
1,1,000020,1790192852.101195,31581.9847833,25.57058159999724,candidate-measurement,102742,valid,1058626,-3,True,
1,1,000020,1790192852.2927542,31582.1763448,25.762143099997047,candidate-measurement,102740,valid,1058624,-2,True,
1,1,000020,1790192852.5007565,31582.3843473,25.97014560000025,candidate-measurement,102740,valid,1058624,0,True,
1,1,000020,1790192852.6927633,31582.5763528,26.162151099997573,candidate-measurement,10273E,valid,1058622,-2,True,
1,1,000020,1790192852.8841643,31582.7677555,26.353553799999645,candidate-measurement,10273C,valid,1058620,-2,True,
1,1,000020,1790192853.0917413,31582.9753301,26.56112839999696,candidate-measurement,10273A,valid,1058618,-2,True,
1,1,000020,1790192853.2837343,31583.1673246,26.753122899997834,candidate-measurement,10273A,valid,1058618,0,True,
1,1,000020,1790192853.4757235,31583.3593147,26.945112999997946,candidate-measurement,10273A,valid,1058618,0,True,
1,1,000020,1790192853.6831367,31583.5667261,27.152524400000402,candidate-measurement,10273A,valid,1058618,0,True,
1,1,000020,1790192853.875148,31583.7587378,27.34453609999764,candidate-measurement,102738,valid,1058616,-2,True,
1,1,000020,1790192854.0667043,31583.9502935,27.53609179999694,candidate-measurement,102738,valid,1058616,0,True,
1,1,000020,1790192854.2586923,31584.1422823,27.728080599998066,candidate-measurement,102738,valid,1058616,0,True,
1,1,000020,1790192854.4666834,31584.3502728,27.936071099997207,candidate-measurement,102737,valid,1058615,-1,True,
1,1,000020,1790192854.6581066,31584.5416979,28.12749619999886,candidate-measurement,102735,valid,1058613,-2,True,
1,1,000020,1790192854.8501012,31584.7336917,28.31948999999804,candidate-measurement,102734,valid,1058612,-1,True,
1,1,000020,1790192855.0576758,31584.9412648,28.527063099998486,candidate-measurement,102734,valid,1058612,0,True,
1,1,000020,1790192855.2496657,31585.1332541,28.719052399999782,candidate-measurement,102734,valid,1058612,0,True,
1,1,000020,1790192855.4416556,31585.3252466,28.91104489999998,candidate-measurement,102733,valid,1058611,-1,True,
1,1,000020,1790192855.6330748,31585.516666,29.102464299998246,candidate-measurement,102733,valid,1058611,0,True,
1,1,000020,1790192855.8410716,31585.7246606,29.310458899999503,candidate-measurement,102733,valid,1058611,0,True,
1,1,000020,1790192856.0330868,31585.916674,29.50247229999877,candidate-measurement,102733,valid,1058611,0,True,
1,1,000020,1790192856.2246377,31586.1082264,29.69402469999841,candidate-measurement,102733,valid,1058611,0,True,
1,1,000020,1790192856.4326468,31586.3162347,29.902032999998482,candidate-measurement,102731,valid,1058609,-2,True,
1,1,000020,1790192856.624618,31586.5082096,30.09400789999927,candidate-measurement,102731,valid,1058609,0,True,
1,1,000020,1790192856.8160348,31586.6996252,30.285423499997705,candidate-measurement,102728,valid,1058600,-9,True,
1,1,000020,1790192857.024026,31586.9076145,30.493412799998623,candidate-measurement,102723,valid,1058595,-5,True,
1,1,000020,1790192857.2156055,31587.099194,30.684992299997248,candidate-measurement,102720,valid,1058592,-3,True,
1,1,000020,1790192857.4076006,31587.2911906,30.87698889999956,candidate-measurement,102720,valid,1058592,0,True,
1,1,000020,1790192857.5995903,31587.4831817,31.06898000000001,candidate-measurement,102720,valid,1058592,0,True,
1,1,000020,1790192857.8070028,31587.6905915,31.27638979999756,candidate-measurement,10271D,valid,1058589,-3,True,
1,1,000020,1790192857.998999,31587.8825891,31.46838740000021,candidate-measurement,10270C,valid,1058572,-17,True,
1,1,000020,1790192858.1905792,31588.0741674,31.659965699996974,candidate-measurement,102708,valid,1058568,-4,True,
1,1,000020,1790192858.3990526,31588.2826396,31.868437899996934,candidate-measurement,102704,valid,1058564,-4,True,
1,1,000020,1790192858.590566,31588.4741537,32.05995199999961,candidate-measurement,1026FE,valid,1058558,-6,True,
1,1,000020,1790192858.7819653,31588.6655568,32.251355099997454,candidate-measurement,1026FA,valid,1058554,-4,True,
1,1,000020,1790192858.9899693,31588.87356,32.45935829999871,candidate-measurement,1026F8,valid,1058552,-2,True,
1,1,000020,1790192859.1819549,31589.0655438,32.651342099998146,candidate-measurement,1026F6,valid,1058550,-2,True,
1,1,000020,1790192859.3735325,31589.2571235,32.842921799998294,candidate-measurement,1026F5,valid,1058549,-1,True,
1,1,000020,1790192859.5655255,31589.4491153,33.034913600000436,candidate-measurement,1026F2,valid,1058546,-3,True,
1,1,000020,1790192859.773533,31589.6571244,33.242922699999326,candidate-measurement,1026F2,valid,1058546,0,True,
1,1,000020,1790192859.9655147,31589.8491055,33.43490380000003,candidate-measurement,1026F0,valid,1058544,-2,True,
1,1,000020,1790192860.1575146,31590.0411029,33.62690119999752,candidate-measurement,1026EC,valid,1058540,-4,True,
1,1,000020,1790192860.364939,31590.2485278,33.83432609999727,candidate-measurement,1026E8,valid,1058536,-4,True,
1,1,000020,1790192860.556916,31590.4405055,34.02630379999755,candidate-measurement,1026E6,valid,1058534,-2,True,
1,1,000020,1790192860.7489116,31590.6325,34.21829829999842,candidate-measurement,1026E4,valid,1058532,-2,True,
1,1,000020,1790192860.956483,31590.8400737,34.4258719999998,candidate-measurement,1026E2,valid,1058530,-2,True,
1,1,000020,1790192861.1644819,31591.0480699,34.63386819999869,candidate-measurement,1026E0,valid,1058528,-2,True,
1,1,000020,1790192861.3564622,31591.2400535,34.82585180000024,candidate-measurement,1026E0,valid,1058528,0,True,
1,1,000020,1790192861.5478797,31591.4314708,35.017269099997065,candidate-measurement,1026E0,valid,1058528,0,True,
1,1,000020,1790192861.7398844,31591.6234729,35.2092711999976,candidate-measurement,1026DF,valid,1058527,-1,True,
1,1,000020,1790192861.9314508,31591.8150393,35.40083759999834,candidate-measurement,1026DE,valid,1058526,-1,True,
1,1,000020,1790192862.1234531,31592.0070416,35.5928399000004,candidate-measurement,1026DE,valid,1058526,0,True,
1,1,000020,1790192862.3314447,31592.2150333,35.800831599997764,candidate-measurement,1026DD,valid,1058525,-1,True,
1,1,000020,1790192862.5234284,31592.4070198,35.99281809999957,candidate-measurement,1026DB,valid,1058523,-2,True,
1,1,000020,1790192862.714862,31592.5984507,36.18424899999809,candidate-measurement,1026DA,valid,1058522,-1,True,
1,1,000020,1790192862.9228427,31592.8064314,36.39222969999901,candidate-measurement,1026DA,valid,1058522,0,True,
1,1,000020,1790192863.1148376,31592.9984262,36.58422449999853,candidate-measurement,1026DA,valid,1058522,0,True,
1,1,000020,1790192863.306412,31593.1900008,36.77579909999986,candidate-measurement,1026D9,valid,1058521,-1,True,
1,1,000020,1790192863.4983993,31593.3819898,36.96778809999887,candidate-measurement,1026D9,valid,1058521,0,True,
1,1,000020,1790192863.706398,31593.5899875,37.175785799998266,candidate-measurement,1026D9,valid,1058521,0,True,
1,1,000020,1790192863.8978088,31593.7814003,37.36719859999721,candidate-measurement,1026D9,valid,1058521,0,True,
1,1,000020,1790192864.0898073,31593.9733965,37.559194800000114,candidate-measurement,1026D8,valid,1058520,-1,True,
1,1,000020,1790192864.297371,31594.1809607,37.766758999998274,candidate-measurement,1026D4,valid,1058516,-4,True,
1,1,000020,1790192864.4893732,31594.372962,37.958760299999994,candidate-measurement,1026CC,valid,1058508,-8,True,
1,1,000020,1790192864.6813586,31594.5649502,38.15074850000019,candidate-measurement,1026C9,valid,1058505,-3,True,
1,1,000020,1790192864.8887813,31594.7723723,38.35817060000045,candidate-measurement,1026C8,valid,1058504,-1,True,
1,1,000020,1790192865.0807726,31594.9643615,38.550159799997346,candidate-measurement,1026C7,valid,1058503,-1,True,
1,1,000020,1790192865.2727695,31595.1563588,38.74215709999771,candidate-measurement,1026C7,valid,1058503,0,True,
1,1,000020,1790192865.4643357,31595.3479249,38.933723199999804,candidate-measurement,1026C7,valid,1058503,0,True,
1,1,000020,1790192865.6723313,31595.5559222,39.14172049999979,candidate-measurement,1026C6,valid,1058502,-1,True,
1,1,000020,1790192865.864323,31595.7479144,39.333712699997704,candidate-measurement,1026C5,valid,1058501,-1,True,
1,1,000020,1790192866.0557382,31595.9393268,39.52512509999724,candidate-measurement,1026BF,valid,1058495,-6,True,
1,1,000020,1790192866.2637372,31596.1473257,39.7331239999985,candidate-measurement,1026B3,valid,1058483,-12,True,
1,1,000020,1790192866.4557352,31596.3393246,39.92512290000013,candidate-measurement,1026AF,valid,1058479,-4,True,
1,1,000020,1790192866.6472976,31596.5308888,40.11668709999867,candidate-measurement,1026AE,valid,1058478,-1,True,
1,1,000020,1790192866.8392906,31596.7228809,40.30867919999946,candidate-measurement,1026AB,valid,1058475,-3,True,
1,1,000020,1790192867.047292,31596.9308803,40.51667859999725,candidate-measurement,1026A8,valid,1058472,-3,True,
1,1,000020,1790192867.2386963,31597.1222847,40.708082999997714,candidate-measurement,1026A4,valid,1058468,-4,True,
1,1,000020,1790192867.4306965,31597.3142861,40.900084400000196,candidate-measurement,1026A2,valid,1058466,-2,True,
1,1,000020,1790192867.6383257,31597.5219141,41.10771240000031,candidate-measurement,1026A0,valid,1058464,-2,True,
1,1,000020,1790192867.8302681,31597.7138563,41.299654599999485,candidate-measurement,1026A0,valid,1058464,0,True,
1,1,000020,1790192868.0223,31597.9058861,41.49168439999994,candidate-measurement,10269F,valid,1058463,-1,True,
1,1,000020,1790192868.2302551,31598.1138432,41.699641499999416,candidate-measurement,10269E,valid,1058462,-1,True,
1,1,000020,1790192868.42166,31598.30525,41.891048299999966,candidate-measurement,10269D,valid,1058461,-1,True,
1,1,000020,1790192868.6132333,31598.4968247,42.08262299999842,candidate-measurement,10269C,valid,1058460,-1,True,
1,1,000020,1790192868.821231,31598.704819,42.29061729999739,candidate-measurement,10269A,valid,1058458,-2,True,
1,1,000020,1790192869.0132241,31598.8968153,42.48261359999742,candidate-measurement,102698,valid,1058456,-2,True,
1,1,000020,1790192869.2052164,31599.0888049,42.674603199997364,candidate-measurement,102698,valid,1058456,0,True,
1,1,000020,1790192869.3966362,31599.2802248,42.86602309999944,candidate-measurement,102698,valid,1058456,0,True,
1,1,000020,1790192869.6042018,31599.48779,43.07358829999794,candidate-measurement,102695,valid,1058453,-3,True,
1,1,000020,1790192869.7961984,31599.6797892,43.26558749999822,candidate-measurement,102692,valid,1058450,-3,True,
1,1,000020,1790192869.9881938,31599.8717828,43.457581099999516,candidate-measurement,10268E,valid,1058446,-4,True,
1,1,000020,1790192870.1956096,31600.0791979,43.664996199997404,candidate-measurement,10268D,valid,1058445,-1,True,
1,1,000020,1790192870.3876128,31600.2712015,43.85699979999845,candidate-measurement,10268B,valid,1058443,-2,True,
1,1,000020,1790192870.5791774,31600.4627667,44.048564999997325,candidate-measurement,102689,valid,1058441,-2,True,
1,1,000020,1790192870.7871614,31600.6707524,44.256550699999934,candidate-measurement,102688,valid,1058440,-1,True,
1,1,000020,1790192870.9945853,31600.8781737,44.46397199999774,candidate-measurement,102686,valid,1058438,-2,True,
1,1,000020,1790192871.1865776,31601.070166,44.65596430000005,candidate-measurement,102686,valid,1058438,0,True,
1,1,000020,1790192871.3781433,31601.2617326,44.847530899998674,candidate-measurement,102686,valid,1058438,0,True,
1,1,000020,1790192871.5701323,31601.453723,45.03952129999743,candidate-measurement,102686,valid,1058438,0,True,
1,1,000020,1790192871.7621348,31601.645726,45.231524299997545,candidate-measurement,102684,valid,1058436,-2,True,
1,1,000020,1790192871.9541323,31601.8377203,45.423518599996896,candidate-measurement,102684,valid,1058436,0,True,
1,1,000020,1790192872.1615415,31602.04513,45.63092829999732,candidate-measurement,102684,valid,1058436,0,True,
1,1,000020,1790192872.353536,31602.2371252,45.82292349999989,candidate-measurement,102683,valid,1058435,-1,True,
1,1,000020,1790192872.5455308,31602.4291214,46.014919699999155,candidate-measurement,102681,valid,1058433,-2,True,
1,1,000020,1790192872.7531378,31602.6367279,46.222526199999265,candidate-measurement,102680,valid,1058432,-1,True,
1,1,000020,1790192872.9450984,31602.8286879,46.414486199999374,candidate-measurement,10267F,valid,1058431,-1,True,
1,1,000020,1790192873.1370943,31603.0206824,46.60648070000025,candidate-measurement,10267F,valid,1058431,0,True,
1,1,000020,1790192873.3285043,31603.2120938,46.797892099999444,candidate-measurement,10267F,valid,1058431,0,True,
1,1,000020,1790192873.5364997,31603.4200882,47.00588649999918,candidate-measurement,10267F,valid,1058431,0,True,
1,1,000020,1790192873.7280672,31603.6116583,47.197456599998986,candidate-measurement,10267F,valid,1058431,0,True,
1,1,000020,1790192873.920071,31603.8036593,47.38945759999842,candidate-measurement,10267E,valid,1058430,-1,True,
1,1,000020,1790192874.1280563,31604.0116446,47.597442899997986,candidate-measurement,102674,valid,1058420,-10,True,
1,1,000020,1790192874.3194788,31604.2030672,47.78886549999879,candidate-measurement,102670,valid,1058416,-4,True,
1,1,000020,1790192874.5114944,31604.3950824,47.980880699997215,candidate-measurement,10266E,valid,1058414,-2,True,
1,1,000020,1790192874.719039,31604.6026278,48.18842609999774,candidate-measurement,10266D,valid,1058413,-1,True,
1,1,000020,1790192874.911041,31604.7946316,48.38042990000031,candidate-measurement,10266D,valid,1058413,0,True,
1,1,000020,1790192875.1030269,31604.9866152,48.57241349999822,candidate-measurement,10266D,valid,1058413,0,True,
1,1,000020,1790192875.2950342,31605.1786234,48.76442169999791,candidate-measurement,10266C,valid,1058412,-1,True,
1,1,000020,1790192875.5024362,31605.3860245,48.971822799998336,candidate-measurement,102669,valid,1058409,-3,True,
1,1,000020,1790192875.6944242,31605.5780145,49.163812799997686,candidate-measurement,10265C,valid,1058396,-13,True,
1,1,000020,1790192875.886001,31605.7695925,49.35539079999944,candidate-measurement,102658,valid,1058392,-4,True,
1,1,000020,1790192876.0939922,31605.9775809,49.563379199997144,candidate-measurement,102655,valid,1058389,-3,True,
1,1,000020,1790192876.2859926,31606.1695817,49.755379999998695,candidate-measurement,102653,valid,1058387,-2,True,
1,1,000020,1790192876.4779744,31606.3615646,49.94736289999855,candidate-measurement,102650,valid,1058384,-3,True,
1,1,000020,1790192876.6693938,31606.552985,50.13878329999716,candidate-measurement,10264D,valid,1058381,-3,True,
1,1,000020,1790192876.877385,31606.7609764,50.346774699999514,candidate-measurement,102649,valid,1058377,-4,True,
1,1,000020,1790192877.0689733,31606.9525621,50.538360399998055,candidate-measurement,102648,valid,1058376,-1,True,
1,1,000020,1790192877.2609587,31607.1445473,50.730345599997236,candidate-measurement,102646,valid,1058374,-2,True,
1,1,000020,1790192877.4689498,31607.352539,50.93833729999824,candidate-measurement,102645,valid,1058373,-1,True,
1,1,000020,1790192877.6603594,31607.5439494,51.1297476999971,candidate-measurement,102644,valid,1058372,-1,True,
1,1,000020,1790192877.8523579,31607.7359476,51.32174589999704,candidate-measurement,102643,valid,1058371,-1,True,
1,1,000020,1790192878.0603566,31607.9439448,51.529743099999905,candidate-measurement,102642,valid,1058370,-1,True,
1,1,000020,1790192878.251928,31608.1355174,51.72131569999692,candidate-measurement,102640,valid,1058368,-2,True,
1,1,000020,1790192878.4439354,31608.327525,51.91332329999932,candidate-measurement,10263E,valid,1058366,-2,True,
1,1,000020,1790192878.6359115,31608.5195019,52.105300199997146,candidate-measurement,10263E,valid,1058366,0,True,
1,1,000020,1790192878.843909,31608.7274983,52.31329659999756,candidate-measurement,10263E,valid,1058366,0,True,
1,1,000020,1790192879.035904,31608.919494,52.50529230000029,candidate-measurement,10263C,valid,1058364,-2,True,
1,1,000020,1790192879.2273147,31609.1109034,52.69670169999881,candidate-measurement,102639,valid,1058361,-3,True,
1,1,000020,1790192879.43531,31609.3188997,52.90469799999846,candidate-measurement,102637,valid,1058359,-2,True,
1,1,000020,1790192879.626911,31609.5104994,53.096297699998104,candidate-measurement,102635,valid,1058357,-2,True,
1,1,000020,1790192879.818878,31609.7024661,53.2882643999983,candidate-measurement,102633,valid,1058355,-2,True,
1,1,000020,1790192880.0268953,31609.9104822,53.49628049999956,candidate-measurement,102632,valid,1058354,-1,True,
1,1,000020,1790192880.2342827,31610.1178714,53.70366970000032,candidate-measurement,102630,valid,1058352,-2,True,
1,1,000020,1790192880.4262726,31610.3098624,53.89566070000001,candidate-measurement,10262E,valid,1058350,-2,True,
1,1,000020,1790192880.6178503,31610.5014393,54.087237599997025,candidate-measurement,10262D,valid,1058349,-1,True,
1,1,000020,1790192880.8098426,31610.6934323,54.27923059999739,candidate-measurement,10262C,valid,1058348,-1,True,
1,1,000020,1790192881.001837,31610.8854261,54.47122440000021,candidate-measurement,10262C,valid,1058348,0,True,
1,1,000020,1790192881.1932566,31611.0768449,54.66264319999755,candidate-measurement,10262C,valid,1058348,0,True,
1,1,000020,1790192881.4012368,31611.2848258,54.870624099999986,candidate-measurement,10262C,valid,1058348,0,True,
1,1,000020,1790192881.5928156,31611.4764064,55.06220469999971,candidate-measurement,10262A,valid,1058346,-2,True,
1,1,000020,1790192881.7848408,31611.6684315,55.25422979999712,candidate-measurement,10262A,valid,1058346,0,True,
1,1,000020,1790192881.9928532,31611.8764443,55.46224259999872,candidate-measurement,10262A,valid,1058346,0,True,
1,1,000020,1790192882.2002156,31612.0838038,55.66960209999888,candidate-measurement,102628,valid,1058344,-2,True,
1,1,000020,1790192882.392212,31612.2758021,55.86160039999959,candidate-measurement,102626,valid,1058342,-2,True,
1,1,000020,1790192882.5837991,31612.467388,56.05318629999965,candidate-measurement,102626,valid,1058342,0,True,
1,1,000020,1790192882.7757773,31612.6593675,56.245165799999086,candidate-measurement,102625,valid,1058341,-1,True,
1,1,000020,1790192882.9671917,31612.8507832,56.43658149999828,candidate-measurement,102625,valid,1058341,0,True,
1,1,000020,1790192883.1591904,31613.042779,56.62857729999814,candidate-measurement,102625,valid,1058341,0,True,
1,1,000020,1790192883.3671753,31613.2507644,56.83656269999847,candidate-measurement,102625,valid,1058341,0,True,
1,1,000020,1790192883.558755,31613.4423448,57.02814310000031,candidate-measurement,102625,valid,1058341,0,True,
1,1,000020,1790192883.7507474,31613.6343355,57.22013379999771,candidate-measurement,102624,valid,1058340,-1,True,
1,1,000020,1790192883.958743,31613.8423319,57.42813019999812,candidate-measurement,102620,valid,1058336,-4,True,
1,1,000020,1790192884.1661556,31614.0497438,57.63554209999711,candidate-measurement,102618,valid,1058328,-8,True,
1,1,000020,1790192884.358182,31614.2417697,57.82756799999697,candidate-measurement,102616,valid,1058326,-2,True,
1,1,000020,1790192884.5501432,31614.433733,58.01953130000038,candidate-measurement,102614,valid,1058324,-2,True,
1,1,000020,1790192884.7421412,31614.6257292,58.21152749999965,candidate-measurement,102613,valid,1058323,-1,True,
1,1,000020,1790192884.9337091,31614.8172996,58.4030978999981,candidate-measurement,102613,valid,1058323,0,True,
1,1,000020,1790192885.1257021,31615.0092913,58.59508959999948,candidate-measurement,102613,valid,1058323,0,True,
1,1,000020,1790192885.3331137,31615.2167037,58.80250199999864,candidate-measurement,102612,valid,1058322,-1,True,
1,1,000020,1790192885.525117,31615.4087053,58.99450359999901,candidate-measurement,10260A,valid,1058314,-8,True,
1,1,000020,1790192885.7171066,31615.6006974,59.186495699999796,candidate-measurement,1025FE,valid,1058302,-12,True,
1,1,000020,1790192885.924711,31615.8082978,59.394096099997114,candidate-measurement,1025FA,valid,1058298,-4,True,
1,1,000020,1790192886.1166732,31616.0002619,59.58606019999934,candidate-measurement,1025F8,valid,1058296,-2,True,
1,1,000020,1790192886.308667,31616.1922563,59.77805459999945,candidate-measurement,1025F2,valid,1058290,-6,True,
1,1,000020,1790192886.5000992,31616.3836875,59.96948580000026,candidate-measurement,1025ED,valid,1058285,-5,True,
1,1,000020,1790192886.708076,31616.5916649,60.177463199997874,candidate-measurement,1025EC,valid,1058284,-1,True,
1,1,000020,1790192886.8996496,31616.7832378,60.369036099997174,candidate-measurement,1025EA,valid,1058282,-2,True,
1,1,000020,1790192887.0916417,31616.9752298,60.5610280999972,candidate-measurement,1025E8,valid,1058280,-2,True,
1,1,000020,1790192887.2996333,31617.1832218,60.76902010000049,candidate-measurement,1025E7,valid,1058279,-1,True,
1,1,000020,1790192887.4910398,31617.3746301,60.96042839999791,candidate-measurement,1025E4,valid,1058276,-3,True,
1,1,000020,1790192887.6830418,31617.5666301,61.15242839999701,candidate-measurement,1025E2,valid,1058274,-2,True,
1,1,000020,1790192887.89061,31617.774201,61.35999929999889,candidate-measurement,1025DE,valid,1058270,-4,True,
1,1,000020,1790192888.0826101,31617.9661986,61.5519968999979,candidate-measurement,1025DA,valid,1058266,-4,True,
1,1,000020,1790192888.2746072,31618.1581957,61.743994000000384,candidate-measurement,1025D8,valid,1058264,-2,True,
1,1,000020,1790192888.4665997,31618.3501877,61.93598600000041,candidate-measurement,1025D6,valid,1058262,-2,True,
1,1,000020,1790192888.674012,31618.5576013,62.14339959999779,candidate-measurement,1025D4,valid,1058260,-2,True,
1,1,000020,1790192888.8660045,31618.7495957,62.335393999997905,candidate-measurement,1025D2,valid,1058258,-2,True,
1,1,000020,1790192889.057579,31618.9411676,62.526965900000505,candidate-measurement,1025D2,valid,1058258,0,True,
1,1,000020,1790192889.2655723,31619.1491614,62.73495969999931,candidate-measurement,1025D2,valid,1058258,0,True,
1,1,000020,1790192889.457559,31619.34115,62.92694829999891,candidate-measurement,1025D2,valid,1058258,0,True,
1,1,000020,1790192889.649558,31619.5331463,63.11894459999894,candidate-measurement,1025D0,valid,1058256,-2,True,
1,1,000020,1790192889.8569717,31619.74056,63.32635829999708,candidate-measurement,1025D0,valid,1058256,0,True,
1,1,000020,1790192890.0489662,31619.9325551,63.51835339999889,candidate-measurement,1025D0,valid,1058256,0,True,
1,1,000020,1790192890.240958,31620.1245466,63.710344899998745,candidate-measurement,1025CE,valid,1058254,-2,True,
1,1,000020,1790192890.432532,31620.3161216,63.901919899999484,candidate-measurement,1025CD,valid,1058253,-1,True,
1,1,000020,1790192890.6405394,31620.5241284,64.10992669999905,candidate-measurement,1025CC,valid,1058252,-1,True,
1,1,000020,1790192890.8325117,31620.7161022,64.30190049999874,candidate-measurement,1025CC,valid,1058252,0,True,
1,1,000020,1790192891.0239542,31620.9075444,64.49334269999963,candidate-measurement,1025CB,valid,1058251,-1,True,
1,1,000020,1790192891.2319312,31621.1155197,64.70131799999945,candidate-measurement,1025CB,valid,1058251,0,True,
1,1,000020,1790192891.4239814,31621.3075671,64.89336539999931,candidate-measurement,1025CB,valid,1058251,0,True,
1,1,000020,1790192891.6154966,31621.4990866,65.08488489999945,candidate-measurement,1025CB,valid,1058251,0,True,
1,1,000020,1790192891.8074887,31621.6910775,65.27687579999838,candidate-measurement,1025CB,valid,1058251,0,True,
1,1,000020,1790192892.0149074,31621.8984961,65.48429439999745,candidate-measurement,1025CA,valid,1058250,-1,True,
1,1,000020,1790192892.2068932,31622.0904815,65.67627979999816,candidate-measurement,1025C2,valid,1058242,-8,True,
1,1,000020,1790192892.3988924,31622.2824803,65.86827859999903,candidate-measurement,1025BE,valid,1058238,-4,True,
1,1,000020,1790192892.6064982,31622.4900874,66.07588570000007,candidate-measurement,1025BA,valid,1058234,-4,True,
1,1,000020,1790192892.7984557,31622.6820451,66.26784339999722,candidate-measurement,1025B9,valid,1058233,-1,True,
1,1,000020,1790192892.9904466,31622.8740367,66.45983499999784,candidate-measurement,1025B9,valid,1058233,0,True,
1,1,000020,1790192893.1978676,31623.0814557,66.66725399999996,candidate-measurement,1025B9,valid,1058233,0,True,
1,1,000020,1790192893.3898494,31623.273438,66.85923629999888,candidate-measurement,1025B8,valid,1058232,-1,True,
1,1,000020,1790192893.5818512,31623.465442,67.05124029999934,candidate-measurement,1025B1,valid,1058225,-7,True,
1,1,000020,1790192893.7734222,31623.6570133,67.24281159999737,candidate-measurement,1025A7,valid,1058215,-10,True,
1,1,000020,1790192893.9814217,31623.8650104,67.45080869999947,candidate-measurement,1025A3,valid,1058211,-4,True,
1,1,000020,1790192894.173412,31624.0570014,67.64279969999916,candidate-measurement,1025A0,valid,1058208,-3,True,
1,1,000020,1790192894.3648236,31624.248414,67.83421230000022,candidate-measurement,10259F,valid,1058207,-1,True,
1,1,000020,1790192894.572816,31624.4564057,68.04220399999758,candidate-measurement,10259C,valid,1058204,-3,True,
1,1,000020,1790192894.7643912,31624.647982,68.2337802999973,candidate-measurement,102598,valid,1058200,-4,True,
1,1,000020,1790192894.9563882,31624.8399768,68.42577510000046,candidate-measurement,102595,valid,1058197,-3,True,
1,1,000020,1790192895.164384,31625.047972,68.63377029999901,candidate-measurement,102594,valid,1058196,-1,True,
1,1,000020,1790192895.3563704,31625.2399614,68.82575969999743,candidate-measurement,102592,valid,1058194,-2,True,
1,1,000020,1790192895.5477746,31625.4313658,69.0171640999979,candidate-measurement,102592,valid,1058194,0,True,
1,1,000020,1790192895.7397847,31625.6233737,69.20917199999894,candidate-measurement,102592,valid,1058194,0,True,
1,1,000020,1790192895.9477673,31625.8313587,69.41715699999986,candidate-measurement,102591,valid,1058193,-1,True,
1,1,000020,1790192896.1393495,31626.0229383,69.60873659999925,candidate-measurement,102590,valid,1058192,-1,True,
1,1,000020,1790192896.3313437,31626.2149339,69.80073219999758,candidate-measurement,10258F,valid,1058191,-1,True,
1,1,000020,1790192896.5393329,31626.4229219,70.00872019999952,candidate-measurement,10258E,valid,1058190,-1,True,
1,1,000020,1790192896.7307496,31626.6143399,70.20013819999804,candidate-measurement,10258C,valid,1058188,-2,True,
1,1,000020,1790192896.9227402,31626.8063282,70.392126499999,candidate-measurement,10258A,valid,1058186,-2,True,
1,1,000020,1790192897.130315,31627.0139031,70.5997013999986,candidate-measurement,10258A,valid,1058186,0,True,
1,1,000020,1790192897.3223166,31627.2059051,70.79170339999837,candidate-measurement,102589,valid,1058185,-1,True,
1,1,000020,1790192897.5143044,31627.3978952,70.98369349999848,candidate-measurement,102587,valid,1058183,-2,True,
1,1,000020,1790192897.7057173,31627.5893063,71.17510459999903,candidate-measurement,102584,valid,1058180,-3,True,
1,1,000020,1790192897.913732,31627.7973202,71.38311849999809,candidate-measurement,102583,valid,1058179,-1,True,
1,1,000020,1790192898.10529,31627.9888782,71.57467650000035,candidate-measurement,102582,valid,1058178,-1,True,
1,1,000020,1790192898.297294,31628.1808819,71.76668019999852,candidate-measurement,102580,valid,1058176,-2,True,
1,1,000020,1790192898.5052671,31628.3888555,71.97465379999994,candidate-measurement,10257F,valid,1058175,-1,True,
1,1,000020,1790192898.6972654,31628.5808546,72.16665289999946,candidate-measurement,10257F,valid,1058175,0,True,
1,1,000020,1790192898.8886786,31628.7722701,72.35806839999714,candidate-measurement,10257E,valid,1058174,-1,True,
1,1,000020,1790192899.0966697,31628.9802582,72.56605649999983,candidate-measurement,10257C,valid,1058172,-2,True,
1,1,000020,1790192899.3042495,31629.1878382,72.77363649999825,candidate-measurement,10257A,valid,1058170,-2,True,
1,1,000020,1790192899.496234,31629.3798244,72.96562269999777,candidate-measurement,102579,valid,1058169,-1,True,
1,1,000020,1790192899.6882362,31629.5718261,73.1576243999989,candidate-measurement,102578,valid,1058168,-1,True,
1,1,000020,1790192899.8796434,31629.7632335,73.34903180000038,candidate-measurement,102578,valid,1058168,0,True,
1,1,000020,1790192900.0716488,31629.9552372,73.54103549999854,candidate-measurement,102578,valid,1058168,0,True,
1,1,000020,1790192900.263638,31630.1472267,73.73302499999772,candidate-measurement,102578,valid,1058168,0,True,
1,1,000020,1790192900.4712079,31630.3547987,73.94059699999707,candidate-measurement,102576,valid,1058166,-2,True,
1,1,000020,1790192900.663197,31630.5467879,74.1325861999976,candidate-measurement,102576,valid,1058166,0,True,
1,1,000020,1790192900.855196,31630.7387857,74.32458399999814,candidate-measurement,102576,valid,1058166,0,True,
1,1,000020,1790192901.062598,31630.9461865,74.53198479999992,candidate-measurement,102574,valid,1058164,-2,True,
1,1,000020,1790192901.2705996,31631.1541884,74.73998669999855,candidate-measurement,102572,valid,1058162,-2,True,
1,1,000020,1790192901.4621732,31631.345762,74.93156029999955,candidate-measurement,102572,valid,1058162,0,True,
1,1,000020,1790192901.6541789,31631.5377667,75.12356499999805,candidate-measurement,102571,valid,1058161,-1,True,
1,1,000020,1790192901.846169,31631.7297575,75.31555579999986,candidate-measurement,102571,valid,1058161,0,True,
1,1,000020,1790192902.037583,31631.9211717,75.50696999999855,candidate-measurement,102571,valid,1058161,0,True,
1,1,000020,1790192902.2296176,31632.1132062,75.69900449999841,candidate-measurement,102571,valid,1058161,0,True,
1,1,000020,1790192902.4375675,31632.3211555,75.90695380000034,candidate-measurement,102571,valid,1058161,0,True,
1,1,000020,1790192902.6291533,31632.5127438,76.09854210000049,candidate-measurement,102570,valid,1058160,-1,True,
1,1,000020,1790192902.821133,31632.7047222,76.29052049999882,candidate-measurement,10256C,valid,1058156,-4,True,
1,1,000020,1790192903.0291264,31632.9127166,76.49851489999855,candidate-measurement,102564,valid,1058148,-8,True,
1,1,000020,1790192903.2365506,31633.1201383,76.7059365999994,candidate-measurement,102560,valid,1058144,-4,True,
1,1,000020,1790192903.4285343,31633.3121247,76.89792300000045,candidate-measurement,10255F,valid,1058143,-1,True,
1,1,000020,1790192903.6201055,31633.5036968,77.0894950999973,candidate-measurement,10255F,valid,1058143,0,True,
1,1,000020,1790192903.812114,31633.6957052,77.28150349999851,candidate-measurement,10255F,valid,1058143,0,True,
1,1,000020,1790192904.0040925,31633.887683,77.47348129999955,candidate-measurement,10255E,valid,1058142,-1,True,
1,1,000020,1790192904.1960907,31634.0796786,77.66547689999788,candidate-measurement,10255B,valid,1058139,-3,True,
1,1,000020,1790192904.4035032,31634.2870941,77.87289239999882,candidate-measurement,10254D,valid,1058125,-14,True,
1,1,000020,1790192904.595497,31634.4790879,78.064886199998,candidate-measurement,102549,valid,1058121,-4,True,
1,1,000020,1790192904.7870708,31634.6706616,78.25645989999975,candidate-measurement,102546,valid,1058118,-3,True,
1,1,000020,1790192904.995058,31634.8786475,78.46444580000025,candidate-measurement,102544,valid,1058116,-2,True,
1,1,000020,1790192905.187056,31635.070645,78.6564432999985,candidate-measurement,10253F,valid,1058111,-5,True,
1,1,000020,1790192905.3784733,31635.2620613,78.84785959999863,candidate-measurement,10253B,valid,1058107,-4,True,
1,1,000020,1790192905.5704567,31635.4540462,79.03984449999916,candidate-measurement,102538,valid,1058104,-3,True,
1,1,000020,1790192905.7780259,31635.661615,79.24741329999961,candidate-measurement,102538,valid,1058104,0,True,
1,1,000020,1790192905.9700313,31635.8536196,79.43941789999735,candidate-measurement,102537,valid,1058103,-1,True,
1,1,000020,1790192906.1620288,31636.0456173,79.63141559999713,candidate-measurement,102535,valid,1058101,-2,True,
1,1,000020,1790192906.370048,31636.2536378,79.83943609999915,candidate-measurement,102534,valid,1058100,-1,True,
1,1,000020,1790192906.5614355,31636.4450255,80.03082379999978,candidate-measurement,102532,valid,1058098,-2,True,
1,1,000020,1790192906.75342,31636.6370102,80.22280849999879,candidate-measurement,102530,valid,1058096,-2,True,
1,1,000020,1790192906.9454162,31636.829007,80.41480529999899,candidate-measurement,102530,valid,1058096,0,True,
1,1,000020,1790192907.1529944,31637.036583,80.62238129999969,candidate-measurement,10252E,valid,1058094,-2,True,
1,1,000020,1790192907.344984,31637.2285751,80.81437340000048,candidate-measurement,10252C,valid,1058092,-2,True,
1,1,000020,1790192907.536991,31637.4205809,81.00637920000008,candidate-measurement,102529,valid,1058089,-3,True,
1,1,000020,1790192907.7444055,31637.6279964,81.21379469999738,candidate-measurement,102526,valid,1058086,-3,True,
1,1,000020,1790192907.9363868,31637.8199748,81.40577309999935,candidate-measurement,102525,valid,1058085,-1,True,
1,1,000020,1790192908.1283817,31638.0119701,81.59776839999904,candidate-measurement,102525,valid,1058085,0,True,
1,1,000020,1790192908.3359683,31638.2195569,81.8053551999983,candidate-measurement,102522,valid,1058082,-3,True,
1,1,000020,1790192908.5279458,31638.4115366,81.99733489999926,candidate-measurement,102520,valid,1058080,-2,True,
1,1,000020,1790192908.7199364,31638.6035271,82.18932539999878,candidate-measurement,10251E,valid,1058078,-2,True,
1,1,000020,1790192908.9113529,31638.7949434,82.38074169999891,candidate-measurement,10251E,valid,1058078,0,True,
1,1,000020,1790192909.1193597,31639.0029472,82.58874549999746,candidate-measurement,10251E,valid,1058078,0,True,
1,1,000020,1790192909.3113441,31639.194935,82.78073329999825,candidate-measurement,10251E,valid,1058078,0,True,
1,1,000020,1790192909.5029626,31639.3865483,82.97234659999958,candidate-measurement,10251C,valid,1058076,-2,True,
1,1,000020,1790192909.7109087,31639.5945002,83.18029849999948,candidate-measurement,10251C,valid,1058076,0,True,
1,1,000020,1790192909.9029007,31639.7864918,83.3722901000001,candidate-measurement,10251C,valid,1058076,0,True,
1,1,000020,1790192910.094903,31639.9784913,83.56428959999903,candidate-measurement,10251A,valid,1058074,-2,True,
1,1,000020,1790192910.3023102,31640.1858989,83.77169719999802,candidate-measurement,102518,valid,1058072,-2,True,
1,1,000020,1790192910.493886,31640.377476,83.9632743000002,candidate-measurement,102518,valid,1058072,0,True,
1,1,000020,1790192910.6858788,31640.5694687,84.15526699999828,candidate-measurement,102518,valid,1058072,0,True,
1,1,000020,1790192910.8778768,31640.7614653,84.34726359999695,candidate-measurement,102517,valid,1058071,-1,True,
1,1,000020,1790192911.085289,31640.9688772,84.55467549999958,candidate-measurement,102517,valid,1058071,0,True,
1,1,000020,1790192911.2772806,31641.1608712,84.74666950000028,candidate-measurement,102517,valid,1058071,0,True,
1,1,000020,1790192911.469265,31641.352856,84.93865430000005,candidate-measurement,102517,valid,1058071,0,True,
1,1,000020,1790192911.676872,31641.5604624,85.1462606999994,candidate-measurement,102517,valid,1058071,0,True,
1,1,000020,1790192911.868839,31641.7524298,85.33822809999765,candidate-measurement,102517,valid,1058071,0,True,
1,1,000020,1790192912.0608308,31641.94442,85.53021829999852,candidate-measurement,102513,valid,1058067,-4,True,
1,1,000020,1790192912.2682438,31642.1518337,85.7376320000003,candidate-measurement,10250C,valid,1058060,-7,True,
1,1,000020,1790192912.4602437,31642.3438334,85.92963169999712,candidate-measurement,102508,valid,1058056,-4,True,
1,1,000020,1790192912.6518168,31642.5354053,86.12120359999972,candidate-measurement,102506,valid,1058054,-2,True,
1,1,000020,1790192912.8438065,31642.727395,86.31319330000042,candidate-measurement,102505,valid,1058053,-1,True,
1,1,000020,1790192913.051807,31642.9353956,86.52119390000007,candidate-measurement,102505,valid,1058053,0,True,
1,1,000020,1790192913.2432504,31643.1268393,86.71263759999783,candidate-measurement,102505,valid,1058053,0,True,
1,1,000020,1790192913.4352093,31643.3187976,86.90459589999955,candidate-measurement,102504,valid,1058052,-1,True,
1,1,000020,1790192913.6427782,31643.5263686,87.11216689999856,candidate-measurement,102502,valid,1058050,-2,True,
1,1,000020,1790192913.83478,31643.7183682,87.30416649999825,candidate-measurement,1024F5,valid,1058037,-13,True,
1,1,000020,1790192914.026784,31643.9103725,87.49617079999734,candidate-measurement,1024F0,valid,1058032,-5,True,
1,1,000020,1790192914.2341814,31644.11777,87.70356829999946,candidate-measurement,1024ED,valid,1058029,-3,True,
1,1,000020,1790192914.4261885,31644.3097792,87.89557749999949,candidate-measurement,1024EB,valid,1058027,-2,True,
1,1,000020,1790192914.6177495,31644.5013402,88.08713849999913,candidate-measurement,1024E8,valid,1058024,-3,True,
1,1,000020,1790192914.809741,31644.6933323,88.27913059999992,candidate-measurement,1024E2,valid,1058018,-6,True,
1,1,000020,1790192915.0177467,31644.9013351,88.48713339999813,candidate-measurement,1024E0,valid,1058016,-2,True,
1,1,000020,1790192915.2091515,31645.09274,88.67853829999876,candidate-measurement,1024DE,valid,1058014,-2,True,
1,1,000020,1790192915.40116,31645.2847514,88.87054969999735,candidate-measurement,1024DE,valid,1058014,0,True,
1,1,000020,1790192915.6087182,31645.4923081,89.07810640000025,candidate-measurement,1024DD,valid,1058013,-1,True,
1,1,000020,1790192915.8007126,31645.684304,89.27010229999723,candidate-measurement,1024DC,valid,1058012,-1,True,
1,1,000020,1790192915.9927032,31645.876293,89.46209129999988,candidate-measurement,1024DA,valid,1058010,-2,True,
1,1,000020,1790192916.2006981,31646.0842864,89.67008469999928,candidate-measurement,1024D9,valid,1058009,-1,True,
1,1,000020,1790192916.3921092,31646.2757006,89.86149889999797,candidate-measurement,1024D6,valid,1058006,-3,True,
1,1,000020,1790192916.5841079,31646.467699,90.05349729999944,candidate-measurement,1024D6,valid,1058006,0,True,
1,1,000020,1790192916.7756953,31646.6592846,90.24508289999721,candidate-measurement,1024D4,valid,1058004,-2,True,
1,1,000020,1790192916.983664,31646.8672549,90.45305319999898,candidate-measurement,1024D1,valid,1058001,-3,True,
1,1,000020,1790192917.1756756,31647.0592636,90.64506189999884,candidate-measurement,1024D0,valid,1058000,-1,True,
1,1,000020,1790192917.3676598,31647.2512509,90.83704919999946,candidate-measurement,1024CC,valid,1057996,-4,True,
1,1,000020,1790192917.5750806,31647.4586688,91.04446710000047,candidate-measurement,1024CB,valid,1057995,-1,True,
1,1,000020,1790192917.7670693,31647.6506606,91.23645889999898,candidate-measurement,1024CA,valid,1057994,-1,True,
1,1,000020,1790192917.9590657,31647.8426541,91.42845239999951,candidate-measurement,1024C8,valid,1057992,-2,True,
1,1,000020,1790192918.1666408,31648.0502291,91.63602739999988,candidate-measurement,1024C7,valid,1057991,-1,True,
1,1,000020,1790192918.3586302,31648.2422205,91.82801879999897,candidate-measurement,1024C5,valid,1057989,-2,True,
1,1,000020,1790192918.5506315,31648.4342192,92.02001749999908,candidate-measurement,1024C4,valid,1057988,-1,True,
1,1,000020,1790192918.742051,31648.6256404,92.21143870000014,candidate-measurement,1024C4,valid,1057988,0,True,
1,1,000020,1790192918.9500346,31648.8336232,92.41942149999886,candidate-measurement,1024C4,valid,1057988,0,True,
1,1,000020,1790192919.1416123,31649.0252008,92.61099909999757,candidate-measurement,1024C4,valid,1057988,0,True,
1,1,000020,1790192919.3336,31649.2171887,92.80298699999912,candidate-measurement,1024C3,valid,1057987,-1,True,
1,1,000020,1790192919.5410118,31649.4246028,93.01040110000031,candidate-measurement,1024C3,valid,1057987,0,True,
1,1,000020,1790192919.7330036,31649.6165946,93.20239289999881,candidate-measurement,1024C2,valid,1057986,-1,True,
1,1,000020,1790192919.9245787,31649.8081695,93.39396779999879,candidate-measurement,1024C0,valid,1057984,-2,True,
1,1,000020,1790192920.132619,31650.0162069,93.60200519999853,candidate-measurement,1024BF,valid,1057983,-1,True,
1,1,000020,1790192920.324564,31650.2081547,93.79395300000033,candidate-measurement,1024BE,valid,1057982,-1,True,
1,1,000020,1790192920.5165615,31650.4001521,93.98595039999782,candidate-measurement,1024BE,valid,1057982,0,True,
1,1,000020,1790192920.7079809,31650.5915693,94.17736759999752,candidate-measurement,1024BE,valid,1057982,0,True,
1,1,000020,1790192920.9159703,31650.7995596,94.38535789999878,candidate-measurement,1024BE,valid,1057982,0,True,
1,1,000020,1790192921.1079674,31650.9915559,94.57735419999881,candidate-measurement,1024BD,valid,1057981,-1,True,
1,1,000020,1790192921.299548,31651.1831366,94.7689348999993,candidate-measurement,1024BD,valid,1057981,0,True,
1,1,000020,1790192921.5075274,31651.3911155,94.97691379999742,candidate-measurement,1024BD,valid,1057981,0,True,
1,1,000020,1790192921.6995158,31651.583107,95.16890529999728,candidate-measurement,1024BD,valid,1057981,0,True,
1,1,000020,1790192921.8913326,31651.7749192,95.36071749999974,candidate-measurement,1024BD,valid,1057981,0,True,
1,1,000020,1790192922.098974,31651.9825619,95.568360199999,candidate-measurement,1024BC,valid,1057980,-1,True,
1,1,000020,1790192922.3065047,31652.1900941,95.77589239999725,candidate-measurement,1024B6,valid,1057974,-6,True,
1,1,000020,1790192922.49849,31652.3820801,95.96787839999888,candidate-measurement,1024B0,valid,1057968,-6,True,
1,1,000020,1790192922.6899135,31652.573503,96.15930129999833,candidate-measurement,1024AC,valid,1057964,-4,True,
1,1,000020,1790192922.8819005,31652.7654913,96.35128959999929,candidate-measurement,1024AB,valid,1057963,-1,True,
1,1,000020,1790192923.0734806,31652.9570691,96.54286739999952,candidate-measurement,1024AB,valid,1057963,0,True,
1,1,000020,1790192923.265471,31653.1490607,96.73485900000014,candidate-measurement,1024AB,valid,1057963,0,True,
1,1,000020,1790192923.4734614,31653.3570506,96.94284889999835,candidate-measurement,1024AA,valid,1057962,-1,True,
1,1,000020,1790192923.6648777,31653.5484688,97.1342670999984,candidate-measurement,1024A6,valid,1057958,-4,True,
1,1,000020,1790192923.85687,31653.7404612,97.32625949999783,candidate-measurement,10249B,valid,1057947,-11,True,
1,1,000020,1790192924.0644567,31653.9480454,97.53384369999912,candidate-measurement,102496,valid,1057942,-5,True,
1,1,000020,1790192924.2724407,31654.15603,97.741828299997,candidate-measurement,102493,valid,1057939,-3,True,
1,1,000020,1790192924.464436,31654.3480248,97.93382310000015,candidate-measurement,102491,valid,1057937,-2,True,
1,1,000020,1790192924.6558504,31654.5394395,98.12523779999901,candidate-measurement,10248E,valid,1057934,-3,True,
1,1,000020,1790192924.8478367,31654.7314275,98.31722579999769,candidate-measurement,10248B,valid,1057931,-3,True,
1,1,000020,1790192925.0398366,31654.9234268,98.50922509999873,candidate-measurement,102488,valid,1057928,-3,True,
1,1,000020,1790192925.2314286,31655.115017,98.7008152999988,candidate-measurement,102486,valid,1057926,-2,True,
1,1,000020,1790192925.4393954,31655.3229863,98.90878460000022,candidate-measurement,102484,valid,1057924,-2,True,
1,1,000020,1790192925.6313944,31655.5149858,99.10078409999915,candidate-measurement,102484,valid,1057924,0,True,
1,1,000020,1790192925.822809,31655.7064004,99.29219869999724,candidate-measurement,102483,valid,1057923,-1,True,
1,1,000020,1790192926.0308146,31655.9144035,99.50020179999774,candidate-measurement,102482,valid,1057922,-1,True,
1,1,000020,1790192926.2383769,31656.1219656,99.7077638999981,candidate-measurement,102480,valid,1057920,-2,True,
1,1,000020,1790192926.430364,31656.3139546,99.89975289999711,candidate-measurement,10247F,valid,1057919,-1,True,
1,1,000020,1790192926.6223638,31656.5059552,100.09175349999714,candidate-measurement,10247D,valid,1057917,-2,True,
1,1,000020,1790192926.8137891,31656.6973778,100.28317609999795,candidate-measurement,10247C,valid,1057916,-1,True,
1,1,000020,1790192927.0057683,31656.8893588,100.47515709999789,candidate-measurement,10247A,valid,1057914,-2,True,
1,1,000020,1790192927.1973515,31657.0809398,100.66673809999702,candidate-measurement,102476,valid,1057910,-4,True,
1,1,000020,1790192927.4053466,31657.2889366,100.87473490000048,candidate-measurement,102472,valid,1057906,-4,True,
1,1,000020,1790192927.597334,31657.4809223,101.06672059999983,candidate-measurement,102470,valid,1057904,-2,True,
1,1,000020,1790192927.7893298,31657.672919,101.25871729999926,candidate-measurement,10246E,valid,1057902,-2,True,
1,1,000020,1790192927.9967437,31657.8803323,101.466130599998,candidate-measurement,10246B,valid,1057899,-3,True,
1,1,000020,1790192928.188732,31658.0723208,101.65811910000048,candidate-measurement,10246A,valid,1057898,-1,True,
1,1,000020,1790192928.3803024,31658.2638928,101.8496911000002,candidate-measurement,10246A,valid,1057898,0,True,
1,1,000020,1790192928.5722966,31658.4558859,102.04168419999769,candidate-measurement,10246A,valid,1057898,0,True,
1,1,000020,1790192928.7802944,31658.6638854,102.24968369999988,candidate-measurement,10246A,valid,1057898,0,True,
1,1,000020,1790192928.971712,31658.8553,102.44109829999798,candidate-measurement,102468,valid,1057896,-2,True,
1,1,000020,1790192929.1637046,31659.0472934,102.63309169999775,candidate-measurement,102468,valid,1057896,0,True,
1,1,000020,1790192929.3717015,31659.2552897,102.8410879999974,candidate-measurement,102468,valid,1057896,0,True,
1,1,000020,1790192929.5632768,31659.4468681,103.03266639999856,candidate-measurement,102465,valid,1057893,-3,True,
1,1,000020,1790192929.7552652,31659.6388535,103.22465179999926,candidate-measurement,102464,valid,1057892,-1,True,
1,1,000020,1790192929.9632602,31659.846849,103.4326473000001,candidate-measurement,102464,valid,1057892,0,True,
1,1,000020,1790192930.1706727,31660.0542613,103.6400595999985,candidate-measurement,102463,valid,1057891,-1,True,
1,1,000020,1790192930.362667,31660.2462562,103.83205449999878,candidate-measurement,102463,valid,1057891,0,True,
1,1,000020,1790192930.5542374,31660.4378264,104.02362469999935,candidate-measurement,102463,valid,1057891,0,True,
1,1,000020,1790192930.7462313,31660.6298223,104.21562059999997,candidate-measurement,102463,valid,1057891,0,True,
1,1,000020,1790192930.9382267,31660.8218151,104.40761339999881,candidate-measurement,102463,valid,1057891,0,True,
1,1,000020,1790192931.1302192,31661.0138075,104.59960579999824,candidate-measurement,102463,valid,1057891,0,True,
1,1,000020,1790192931.3376298,31661.2212192,104.80701749999935,candidate-measurement,102462,valid,1057890,-1,True,
1,1,000020,1790192931.5296235,31661.413214,104.99901229999887,candidate-measurement,10245C,valid,1057884,-6,True,
1,1,000020,1790192931.721215,31661.6048044,105.19060270000045,candidate-measurement,102456,valid,1057878,-6,True,
1,1,000020,1790192931.929191,31661.8127806,105.39857889999985,candidate-measurement,102453,valid,1057875,-3,True,
1,1,000020,1790192932.1211917,31662.00478,105.59057829999801,candidate-measurement,102450,valid,1057872,-3,True,
1,1,000020,1790192932.3131816,31662.1967708,105.78256909999982,candidate-measurement,102450,valid,1057872,0,True,
1,1,000020,1790192932.504595,31662.3881844,105.97398269999758,candidate-measurement,102450,valid,1057872,0,True,
1,1,000020,1790192932.71259,31662.5961795,106.181977799999,candidate-measurement,10244F,valid,1057871,-1,True,
1,1,000020,1790192932.9041572,31662.7877475,106.37354579999737,candidate-measurement,10244C,valid,1057868,-3,True,
1,1,000020,1790192933.0961628,31662.9797513,106.56554959999994,candidate-measurement,10243E,valid,1057854,-14,True,
1,1,000020,1790192933.3035657,31663.1871547,106.77295299999969,candidate-measurement,102439,valid,1057849,-5,True,
1,1,000020,1790192933.4955668,31663.3791569,106.96495519999735,candidate-measurement,102436,valid,1057846,-3,True,
1,1,000020,1790192933.6871386,31663.570728,107.1565262999975,candidate-measurement,102432,valid,1057842,-4,True,
1,1,000020,1790192933.8951283,31663.7787183,107.36451659999875,candidate-measurement,10242B,valid,1057835,-7,True,
1,1,000020,1790192934.0871253,31663.9707132,107.55651149999903,candidate-measurement,102429,valid,1057833,-2,True,
1,1,000020,1790192934.2791173,31664.1627067,107.74850499999957,candidate-measurement,102427,valid,1057831,-2,True,
1,1,000020,1790192934.4705338,31664.3541217,107.93991999999707,candidate-measurement,102426,valid,1057830,-1,True,
1,1,000020,1790192934.6785219,31664.5621123,108.14791059999698,candidate-measurement,102421,valid,1057825,-5,True,
1,1,000020,1790192934.8701005,31664.7536885,108.33948679999958,candidate-measurement,102420,valid,1057824,-1,True,
1,1,000020,1790192935.0620923,31664.9456814,108.53147969999918,candidate-measurement,10241C,valid,1057820,-4,True,
1,1,000020,1790192935.2701075,31665.1536953,108.73949359999824,candidate-measurement,102415,valid,1057813,-7,True,
1,1,000020,1790192935.4620795,31665.3456694,108.93146770000021,candidate-measurement,102411,valid,1057809,-4,True,
1,1,000020,1790192935.6540697,31665.5376612,109.12345949999872,candidate-measurement,102410,valid,1057808,-1,True,
1,1,000020,1790192935.86198,31665.7455659,109.33136419999937,candidate-measurement,10240E,valid,1057806,-2,True,
1,1,000020,1790192936.0694764,31665.9530646,109.53886289999718,candidate-measurement,10240E,valid,1057806,0,True,
1,1,000020,1790192936.261474,31666.1450627,109.730861,candidate-measurement,10240E,valid,1057806,0,True,
1,1,000020,1790192936.4530501,31666.3366388,109.9224370999982,candidate-measurement,10240C,valid,1057804,-2,True,
1,1,000020,1790192936.6450346,31666.5286258,110.11442410000018,candidate-measurement,10240A,valid,1057802,-2,True,
1,1,000020,1790192936.8370335,31666.7206247,110.30642299999818,candidate-measurement,10240A,valid,1057802,0,True,
1,1,000020,1790192937.029022,31666.9126115,110.49840979999863,candidate-measurement,10240A,valid,1057802,0,True,
1,1,000020,1790192937.236438,31667.1200264,110.70582469999863,candidate-measurement,102409,valid,1057801,-1,True,
1,1,000020,1790192937.4284313,31667.3120218,110.89782009999908,candidate-measurement,102409,valid,1057801,0,True,
1,1,000020,1790192937.6200223,31667.5036127,111.0894109999972,candidate-measurement,102409,valid,1057801,0,True,
1,1,000020,1790192937.8120153,31667.6956043,111.28140259999782,candidate-measurement,102409,valid,1057801,0,True,
1,1,000020,1790192938.0194225,31667.9030134,111.48881169999731,candidate-measurement,102409,valid,1057801,0,True,
1,1,000020,1790192938.2114098,31668.0949987,111.68079699999726,candidate-measurement,102408,valid,1057800,-1,True,
1,1,000020,1790192938.4029863,31668.286575,111.87237329999698,candidate-measurement,1023FE,valid,1057790,-10,True,
1,1,000020,1790192938.610976,31668.494567,112.08036530000027,candidate-measurement,1023FB,valid,1057787,-3,True,
1,1,000020,1790192938.8023915,31668.6859819,112.27178019999701,candidate-measurement,1023F8,valid,1057784,-3,True,
1,1,000020,1790192938.9943802,31668.8779716,112.46376989999771,candidate-measurement,1023F7,valid,1057783,-1,True,
1,1,000020,1790192939.202382,31669.0859708,112.67176909999762,candidate-measurement,1023F7,valid,1057783,0,True,
1,1,000020,1790192939.393947,31669.2775379,112.86333620000005,candidate-measurement,1023F7,valid,1057783,0,True,
1,1,000020,1790192939.5859468,31669.4695357,113.05533399999695,candidate-measurement,1023F7,valid,1057783,0,True,
1,1,000020,1790192939.7779317,31669.6615232,113.24732149999909,candidate-measurement,1023F6,valid,1057782,-1,True,
1,1,000020,1790192939.9853501,31669.8689413,113.45473959999799,candidate-measurement,1023F0,valid,1057776,-6,True,
1,1,000020,1790192940.1773481,31670.060936,113.64673430000039,candidate-measurement,1023E4,valid,1057764,-12,True,
1,1,000020,1790192940.3689249,31670.2525135,113.83831179999834,candidate-measurement,1023E0,valid,1057760,-4,True,
1,1,000020,1790192940.5769274,31670.4605168,114.04631510000036,candidate-measurement,1023DE,valid,1057758,-2,True,
1,1,000020,1790192940.7689085,31670.652499,114.23829729999852,candidate-measurement,1023DC,valid,1057756,-2,True,
1,1,000020,1790192940.9603138,31670.8439052,114.42970349999814,candidate-measurement,1023D8,valid,1057752,-4,True,
1,1,000020,1790192941.1683397,31671.0519274,114.63772569999855,candidate-measurement,1023D6,valid,1057750,-2,True,
1,1,000020,1790192941.3603027,31671.2438929,114.82969120000052,candidate-measurement,1023D3,valid,1057747,-3,True,
1,1,000020,1790192941.5518835,31671.4354738,115.0212720999989,candidate-measurement,1023D0,valid,1057744,-3,True,
1,1,000020,1790192941.7438715,31671.6274628,115.21326109999791,candidate-measurement,1023D0,valid,1057744,0,True,
1,1,000020,1790192941.951866,31671.8354573,115.4212555999984,candidate-measurement,1023CF,valid,1057743,-1,True,
1,1,000020,1790192942.1432886,31672.0268771,115.61267539999972,candidate-measurement,1023CD,valid,1057741,-2,True,
1,1,000020,1790192942.3352754,31672.2188659,115.8046641999972,candidate-measurement,1023CC,valid,1057740,-1,True,
1,1,000020,1790192942.5432675,31672.4268566,116.01265489999787,candidate-measurement,1023CA,valid,1057738,-2,True,
1,1,000020,1790192942.7348485,31672.6184372,116.2042354999976,candidate-measurement,1023C8,valid,1057736,-2,True,
1,1,000020,1790192942.9268336,31672.8104231,116.39622139999847,candidate-measurement,1023C8,valid,1057736,0,True,
1,1,000020,1790192943.134835,31673.0184228,116.60422109999854,candidate-measurement,1023C6,valid,1057734,-2,True,
1,1,000020,1790192943.3262434,31673.2098333,116.79563159999816,candidate-measurement,1023C3,valid,1057731,-3,True,
1,1,000020,1790192943.5182772,31673.4018659,116.98766419999811,candidate-measurement,1023C1,valid,1057729,-2,True,
1,1,000020,1790192943.7102387,31673.5938273,117.17962559999796,candidate-measurement,1023BD,valid,1057725,-4,True,
1,1,000020,1790192943.9178,31673.8013907,117.3871889999973,candidate-measurement,1023BC,valid,1057724,-1,True,
1,1,000020,1790192944.109804,31673.9933933,117.57919159999801,candidate-measurement,1023BA,valid,1057722,-2,True,
1,1,000020,1790192944.3018038,31674.1853928,117.77119109999694,candidate-measurement,1023B8,valid,1057720,-2,True,
1,1,000020,1790192944.509196,31674.3927851,117.97858339999948,candidate-measurement,1023B6,valid,1057718,-2,True,
1,1,000020,1790192944.7012043,31674.5847924,118.1705906999996,candidate-measurement,1023B6,valid,1057718,0,True,
1,1,000020,1790192944.8931947,31674.7767857,118.3625839999986,candidate-measurement,1023B6,valid,1057718,0,True,
1,1,000020,1790192945.1007807,31674.9843698,118.57016809999914,candidate-measurement,1023B6,valid,1057718,0,True,
1,1,000020,1790192945.292765,31675.1763539,118.76215219999722,candidate-measurement,1023B4,valid,1057716,-2,True,
1,1,000020,1790192945.4847522,31675.3683404,118.95413869999902,candidate-measurement,1023B4,valid,1057716,0,True,
1,1,000020,1790192945.676185,31675.5597744,119.14557269999932,candidate-measurement,1023B4,valid,1057716,0,True,
1,1,000020,1790192945.884156,31675.7677469,119.35354519999964,candidate-measurement,1023B2,valid,1057714,-2,True,
1,1,000020,1790192946.076158,31675.9597464,119.54554469999857,candidate-measurement,1023B0,valid,1057712,-2,True,
1,1,000020,1790192946.2677264,31676.1513148,119.73711309999999,candidate-measurement,1023B0,valid,1057712,0,True,
1,1,000020,1790192946.4757395,31676.3593286,119.94512689999829,candidate-measurement,1023B0,valid,1057712,0,True,
1,1,000020,1790192946.6677122,31676.5513029,120.13710119999814,candidate-measurement,1023AF,valid,1057711,-1,True,
1,1,000020,1790192946.859134,31676.7427246,120.32852289999937,candidate-measurement,1023AF,valid,1057711,0,True,
1,1,000020,1790192947.0671186,31676.9507071,120.53650539999944,candidate-measurement,1023AF,valid,1057711,0,True,
1,1,000020,1790192947.2591147,31677.1427054,120.72850370000015,candidate-measurement,1023AF,valid,1057711,0,True,
1,1,000020,1790192947.450687,31677.3342775,120.920075799997,candidate-measurement,1023AF,valid,1057711,0,True,
1,1,000020,1790192947.6426854,31677.5262764,121.11207469999863,candidate-measurement,1023AE,valid,1057710,-1,True,
1,1,000020,1790192947.8506744,31677.7342654,121.32006369999726,candidate-measurement,1023A4,valid,1057700,-10,True,
1,1,000020,1790192948.042099,31677.9256884,121.51148669999748,candidate-measurement,1023A0,valid,1057696,-4,True,
1,1,000020,1790192948.2340891,31678.1176776,121.70347589999801,candidate-measurement,10239E,valid,1057694,-2,True,
1,1,000020,1790192948.4416761,31678.3252643,121.91106260000015,candidate-measurement,10239D,valid,1057693,-1,True,
1,1,000020,1790192948.6336508,31678.5172413,122.10303959999874,candidate-measurement,10239D,valid,1057693,0,True,
1,1,000020,1790192948.825085,31678.708674,122.29447230000005,candidate-measurement,10239D,valid,1057693,0,True,
1,1,000020,1790192949.0330572,31678.9166456,122.50244389999716,candidate-measurement,10239D,valid,1057693,0,True,
1,1,000020,1790192949.2250543,31679.1086437,122.69444199999998,candidate-measurement,10239C,valid,1057692,-1,True,
1,1,000020,1790192949.4166272,31679.3002184,122.88601669999844,candidate-measurement,10239C,valid,1057692,0,True,
1,1,000020,1790192949.608627,31679.4922164,123.0780147000005,candidate-measurement,10238F,valid,1057679,-13,True,
1,1,000020,1790192949.816618,31679.7002062,123.28600449999794,candidate-measurement,102388,valid,1057672,-7,True,
1,1,000020,1790192950.008612,31679.8922,123.47799829999713,candidate-measurement,102385,valid,1057669,-3,True,
1,1,000020,1790192950.2000287,31680.083617,123.66941529999895,candidate-measurement,102383,valid,1057667,-2,True,
1,1,000020,1790192950.4080167,31680.291607,123.87740529999792,candidate-measurement,102380,valid,1057664,-3,True,
1,1,000020,1790192950.5995927,31680.4831811,124.06897939999908,candidate-measurement,10237B,valid,1057659,-5,True,
1,1,000020,1790192950.7915862,31680.6751759,124.2609741999986,candidate-measurement,102378,valid,1057656,-3,True,
1,1,000020,1790192950.9835765,31680.8671675,124.45296579999922,candidate-measurement,102376,valid,1057654,-2,True,
1,1,000020,1790192951.1910102,31681.0745988,124.66039710000041,candidate-measurement,102375,valid,1057653,-1,True,
1,1,000020,1790192951.3829846,31681.2665734,124.85237169999891,candidate-measurement,102374,valid,1057652,-1,True,
1,1,000020,1790192951.5749786,31681.4585688,125.04436709999936,candidate-measurement,102373,valid,1057651,-1,True,
1,1,000020,1790192951.7825525,31681.6661425,125.2519407999971,candidate-measurement,102372,valid,1057650,-1,True,
1,1,000020,1790192951.9745526,31681.858144,125.44394230000034,candidate-measurement,102370,valid,1057648,-2,True,
1,1,000020,1790192952.1665404,31682.0501283,125.63592659999995,candidate-measurement,10236E,valid,1057646,-2,True,
1,1,000020,1790192952.3739624,31682.2575525,125.843350799998,candidate-measurement,10236C,valid,1057644,-2,True,
1,1,000020,1790192952.5659463,31682.4495357,126.03533400000015,candidate-measurement,10236A,valid,1057642,-2,True,
1,1,000020,1790192952.7579381,31682.641527,126.22732529999848,candidate-measurement,102366,valid,1057638,-4,True,
1,1,000020,1790192952.9495115,31682.833102,126.41890029999922,candidate-measurement,102362,valid,1057634,-4,True,
1,1,000020,1790192953.157522,31683.0411098,126.62690809999913,candidate-measurement,102360,valid,1057632,-2,True,
1,1,000020,1790192953.3495023,31683.2330904,126.81888869999966,candidate-measurement,10235E,valid,1057630,-2,True,
1,1,000020,1790192953.5409136,31683.4245028,127.0103010999992,candidate-measurement,10235C,valid,1057628,-2,True,
1,1,000020,1790192953.7489161,31683.6325044,127.21830269999919,candidate-measurement,10235C,valid,1057628,0,True,
1,1,000020,1790192953.9409003,31683.8244896,127.41028789999837,candidate-measurement,10235C,valid,1057628,0,True,
1,1,000020,1790192954.1324832,31684.0160715,127.60186979999708,candidate-measurement,10235C,valid,1057628,0,True,
1,1,000020,1790192954.340466,31684.2240551,127.80985339999825,candidate-measurement,10235A,valid,1057626,-2,True,
1,1,000020,1790192954.5324647,31684.4160547,128.00185299999794,candidate-measurement,10235A,valid,1057626,0,True,
1,1,000020,1790192954.7238755,31684.6074641,128.1932624000001,candidate-measurement,10235A,valid,1057626,0,True,
1,1,000020,1790192954.9158714,31684.7994619,128.385260199997,candidate-measurement,102358,valid,1057624,-2,True,
1,1,000020,1790192955.123444,31685.0070329,128.59283119999964,candidate-measurement,102356,valid,1057622,-2,True,
1,1,000020,1790192955.315439,31685.1990289,128.78482719999738,candidate-measurement,102356,valid,1057622,0,True,
1,1,000020,1790192955.507439,31685.3910268,128.97682509999868,candidate-measurement,102356,valid,1057622,0,True,
1,1,000020,1790192955.7148457,31685.5984348,129.18423309999707,candidate-measurement,102355,valid,1057621,-1,True,
1,1,000020,1790192955.9068365,31685.7904254,129.37622369999735,candidate-measurement,102355,valid,1057621,0,True,
1,1,000020,1790192956.0988245,31685.9824135,129.56821180000043,candidate-measurement,102355,valid,1057621,0,True,
1,1,000020,1790192956.3063993,31686.1899899,129.7757881999969,candidate-measurement,102355,valid,1057621,0,True,
1,1,000020,1790192956.498451,31686.3820391,129.96783739999955,candidate-measurement,102355,valid,1057621,0,True,
1,1,000020,1790192956.6903913,31686.57398,130.15977829999974,candidate-measurement,102353,valid,1057619,-2,True,
1,1,000020,1790192956.8818126,31686.7654005,130.3511987999991,candidate-measurement,10234A,valid,1057610,-9,True,
1,1,000020,1790192957.089806,31686.9733946,130.5591929000002,candidate-measurement,102347,valid,1057607,-3,True,
1,1,000020,1790192957.281377,31687.1649655,130.75076379999882,candidate-measurement,102344,valid,1057604,-3,True,
1,1,000020,1790192957.4733706,31687.3569591,130.94275740000012,candidate-measurement,102343,valid,1057603,-1,True,
1,1,000020,1790192957.6813586,31687.5649501,131.15074839999943,candidate-measurement,102343,valid,1057603,0,True,
1,1,000020,1790192957.8727891,31687.75638,131.3421782999976,candidate-measurement,102343,valid,1057603,0,True,
1,1,000020,1790192958.0647724,31687.9483603,131.5341585999995,candidate-measurement,102343,valid,1057603,0,True,
1,1,000020,1790192958.2723417,31688.1559322,131.74173049999808,candidate-measurement,102340,valid,1057600,-3,True,
1,1,000020,1790192958.4643397,31688.3479286,131.93372689999887,candidate-measurement,102334,valid,1057588,-12,True,
1,1,000020,1790192958.6563487,31688.5399373,132.12573559999873,candidate-measurement,10232E,valid,1057582,-6,True,
1,1,000020,1790192958.848329,31688.7319172,132.31771549999758,candidate-measurement,10232C,valid,1057580,-2,True,
1,1,000020,1790192959.0557394,31688.9393279,132.52512619999834,candidate-measurement,10232A,valid,1057578,-2,True,
1,1,000020,1790192959.2477357,31689.1313246,132.71712289999778,candidate-measurement,102326,valid,1057574,-4,True,
1,1,000020,1790192959.4397242,31689.3233158,132.909114099999,candidate-measurement,102324,valid,1057572,-2,True,
1,1,000020,1790192959.6473787,31689.5309691,133.11676739999893,candidate-measurement,10231F,valid,1057567,-5,True,
1,1,000020,1790192959.839297,31689.7228855,133.3086837999981,candidate-measurement,10231D,valid,1057565,-2,True,
1,1,000020,1790192960.031283,31689.9148742,133.50067249999847,candidate-measurement,10231C,valid,1057564,-1,True,
1,1,000020,1790192960.2387025,31690.1222913,133.70808959999704,candidate-measurement,10231C,valid,1057564,0,True,
1,1,000020,1790192960.4307082,31690.3142968,133.900095099998,candidate-measurement,10231B,valid,1057563,-1,True,
1,1,000020,1790192960.6222725,31690.5058619,134.09166019999975,candidate-measurement,10231A,valid,1057562,-1,True,
1,1,000020,1790192960.8142695,31690.6978586,134.2836568999992,candidate-measurement,102318,valid,1057560,-2,True,
1,1,000020,1790192961.0222597,31690.905848,134.49164629999723,candidate-measurement,102317,valid,1057559,-1,True,
1,1,000020,1790192961.2136698,31691.0972588,134.68305709999913,candidate-measurement,102315,valid,1057557,-2,True,
1,1,000020,1790192961.4056594,31691.2892491,134.87504739999713,candidate-measurement,102314,valid,1057556,-1,True,
1,1,000020,1790192961.6132636,31691.4968544,135.08265269999902,candidate-measurement,102314,valid,1057556,0,True,
1,1,000020,1790192961.805225,31691.6888146,135.274612899997,candidate-measurement,102312,valid,1057554,-2,True,
1,1,000020,1790192961.9972196,31691.8808101,135.46660839999822,candidate-measurement,10230F,valid,1057551,-3,True,
1,1,000020,1790192962.2046394,31692.0882284,135.67402669999865,candidate-measurement,10230D,valid,1057549,-2,True,
1,1,000020,1790192962.4126275,31692.2962168,135.8820151,candidate-measurement,10230A,valid,1057546,-3,True,
1,1,000020,1790192962.604202,31692.4877933,136.0735915999976,candidate-measurement,102308,valid,1057544,-2,True,
1,1,000020,1790192962.796205,31692.679795,136.26559329999873,candidate-measurement,102308,valid,1057544,0,True,
1,1,000020,1790192962.9876158,31692.8712046,136.45700289999877,candidate-measurement,102307,valid,1057543,-1,True,
1,1,000020,1790192963.1796048,31693.0631928,136.64899109999897,candidate-measurement,102305,valid,1057541,-2,True,
1,1,000020,1790192963.3711767,31693.2547674,136.8405657000003,candidate-measurement,102304,valid,1057540,-1,True,
1,1,000020,1790192963.5791671,31693.4627586,137.0485568999975,candidate-measurement,102302,valid,1057538,-2,True,
1,1,000020,1790192963.7711666,31693.6547561,137.24055439999938,candidate-measurement,102302,valid,1057538,0,True,
1,1,000020,1790192963.9631581,31693.8467458,137.4325441000001,candidate-measurement,102302,valid,1057538,0,True,
1,1,000020,1790192964.170572,31694.0541608,137.6399590999972,candidate-measurement,102302,valid,1057538,0,True,
1,1,000020,1790192964.3625612,31694.2461524,137.83195069999783,candidate-measurement,102300,valid,1057536,-2,True,
1,1,000020,1790192964.5541387,31694.4377299,138.02352819999942,candidate-measurement,102300,valid,1057536,0,True,
1,1,000020,1790192964.746139,31694.6297273,138.2155255999969,candidate-measurement,102300,valid,1057536,0,True,
1,1,000020,1790192964.9541256,31694.8377142,138.42351249999774,candidate-measurement,102300,valid,1057536,0,True,
1,1,000020,1790192965.145542,31695.02913,138.6149282999977,candidate-measurement,1022FE,valid,1057534,-2,True,
1,1,000020,1790192965.3375342,31695.221125,138.80692329999874,candidate-measurement,1022FC,valid,1057532,-2,True,
1,1,000020,1790192965.5451083,31695.4286981,139.0144963999992,candidate-measurement,1022FC,valid,1057532,0,True,
1,1,000020,1790192965.7371023,31695.6206914,139.2064896999982,candidate-measurement,1022FC,valid,1057532,0,True,
1,1,000020,1790192965.9285178,31695.8121079,139.39790619999985,candidate-measurement,1022FC,valid,1057532,0,True,
1,1,000020,1790192966.136509,31696.0200976,139.60589590000018,candidate-measurement,1022FB,valid,1057531,-1,True,
1,1,000020,1790192966.32808,31696.21167,139.7974682999993,candidate-measurement,1022FB,valid,1057531,0,True,
1,1,000020,1790192966.5200765,31696.4036654,139.98946369999976,candidate-measurement,1022FB,valid,1057531,0,True,
1,1,000020,1790192966.712076,31696.595664,140.1814622999991,candidate-measurement,1022FB,valid,1057531,0,True,
1,1,000020,1790192966.9195025,31696.8030929,140.38889120000022,candidate-measurement,1022FA,valid,1057530,-1,True,
1,1,000020,1790192967.1114736,31696.9950621,140.58086039999762,candidate-measurement,1022F9,valid,1057529,-1,True,
1,1,000020,1790192967.3030663,31697.1866569,140.77245519999997,candidate-measurement,1022F0,valid,1057520,-9,True,
1,1,000020,1790192967.5110455,31697.3946349,140.98043319999852,candidate-measurement,1022EC,valid,1057516,-4,True,
1,1,000020,1790192967.703058,31697.5866463,141.1724445999971,candidate-measurement,1022EA,valid,1057514,-2,True,
1,1,000020,1790192967.894454,31697.778044,141.3638422999975,candidate-measurement,1022E9,valid,1057513,-1,True,
1,1,000020,1790192968.1024432,31697.9860319,141.57183019999866,candidate-measurement,1022E9,valid,1057513,0,True,
1,1,000020,1790192968.2944403,31698.1780293,141.7638275999998,candidate-measurement,1022E9,valid,1057513,0,True,
1,1,000020,1790192968.4860399,31698.3696279,141.95542619999833,candidate-measurement,1022E9,valid,1057513,0,True,
1,1,000020,1790192968.6780112,31698.5615998,142.1473980999981,candidate-measurement,1022E8,valid,1057512,-1,True,
1,1,000020,1790192968.885999,31698.7695884,142.35538669999733,candidate-measurement,1022E5,valid,1057509,-3,True,
1,1,000020,1790192969.0774174,31698.9610061,142.5468043999972,candidate-measurement,1022D7,valid,1057495,-14,True,
1,1,000020,1790192969.26941,31699.1529986,142.7387968999974,candidate-measurement,1022D2,valid,1057490,-5,True,
1,1,000020,1790192969.4769847,31699.360573,142.94637130000046,candidate-measurement,1022D0,valid,1057488,-2,True,
1,1,000020,1790192969.6689668,31699.552558,143.13835629999812,candidate-measurement,1022CC,valid,1057484,-4,True,
1,1,000020,1790192969.8609781,31699.7445673,143.3303655999989,candidate-measurement,1022C8,valid,1057480,-4,True,
1,1,000020,1790192970.068382,31699.9519707,143.53776899999866,candidate-measurement,1022C5,valid,1057477,-3,True,
1,1,000020,1790192970.2603743,31700.1439634,143.72976170000038,candidate-measurement,1022C2,valid,1057474,-3,True,
1,1,000020,1790192970.4523838,31700.3359748,143.92177309999897,candidate-measurement,1022C2,valid,1057474,0,True,
1,1,000020,1790192970.6439562,31700.5275477,144.11334599999827,candidate-measurement,1022C1,valid,1057473,-1,True,
1,1,000020,1790192970.8519337,31700.7355226,144.32132089999868,candidate-measurement,1022C0,valid,1057472,-1,True,
1,1,000020,1790192971.043356,31700.9269437,144.51274199999898,candidate-measurement,1022BF,valid,1057471,-1,True,
1,1,000020,1790192971.2353497,31701.1189381,144.7047363999991,candidate-measurement,1022BE,valid,1057470,-1,True,
1,1,000020,1790192971.4433331,31701.3269241,144.91272240000035,candidate-measurement,1022BC,valid,1057468,-2,True,
1,1,000020,1790192971.6349037,31701.5184939,145.10429219999787,candidate-measurement,1022BA,valid,1057466,-2,True,
1,1,000020,1790192971.8269055,31701.7104964,145.29629469999782,candidate-measurement,1022BA,valid,1057466,0,True,
1,1,000020,1790192972.034907,31701.9184969,145.50429520000034,candidate-measurement,1022B8,valid,1057464,-2,True,
1,1,000020,1790192972.2268922,31702.110481,145.69627929999842,candidate-measurement,1022B5,valid,1057461,-3,True,
1,1,000020,1790192972.4188874,31702.3024763,145.8882745999981,candidate-measurement,1022B3,valid,1057459,-2,True,
1,1,000020,1790192972.6102986,31702.4938899,146.0796881999995,candidate-measurement,1022B0,valid,1057456,-3,True,
1,1,000020,1790192972.8183384,31702.7019297,146.28772799999933,candidate-measurement,1022AF,valid,1057455,-1,True,
1,1,000020,1790192973.009866,31702.8934558,146.4792540999988,candidate-measurement,1022AE,valid,1057454,-1,True,
1,1,000020,1790192973.2018638,31703.0854518,146.67125010000018,candidate-measurement,1022AC,valid,1057452,-2,True,
1,1,000020,1790192973.409856,31703.293445,146.87924329999805,candidate-measurement,1022AA,valid,1057450,-2,True,
1,1,000020,1790192973.6018615,31703.4854524,147.07125069999893,candidate-measurement,1022A8,valid,1057448,-2,True,
1,1,000020,1790192973.7932706,31703.6768617,147.26266000000032,candidate-measurement,1022A8,valid,1057448,0,True,
1,1,000020,1790192974.0012565,31703.8848455,147.47064379999938,candidate-measurement,1022A8,valid,1057448,0,True,
1,1,000020,1790192974.192825,31704.0764141,147.66221239999868,candidate-measurement,1022A8,valid,1057448,0,True,
1,1,000020,1790192974.3848164,31704.2684078,147.8542060999971,candidate-measurement,1022A6,valid,1057446,-2,True,
1,1,000020,1790192974.5762272,31704.4598183,148.04561660000036,candidate-measurement,1022A6,valid,1057446,0,True,
1,1,000020,1790192974.7842286,31704.6678198,148.25361809999958,candidate-measurement,1022A6,valid,1057446,0,True,
1,1,000020,1790192974.9762213,31704.8598104,148.44560869999987,candidate-measurement,1022A4,valid,1057444,-2,True,
1,1,000020,1790192975.1677983,31705.0513872,148.63718549999976,candidate-measurement,1022A2,valid,1057442,-2,True,
1,1,000020,1790192975.375805,31705.2593954,148.84519369999907,candidate-measurement,1022A2,valid,1057442,0,True,
1,1,000020,1790192975.5672019,31705.4507928,149.03659109999717,candidate-measurement,1022A2,valid,1057442,0,True,
1,1,000020,1790192975.7592063,31705.6427949,149.2285931999977,candidate-measurement,1022A1,valid,1057441,-1,True,
1,1,000020,1790192975.96683,31705.8504183,149.43621659999917,candidate-measurement,1022A1,valid,1057441,0,True,
1,1,000020,1790192976.1587787,31706.0423667,149.62816499999826,candidate-measurement,1022A1,valid,1057441,0,True,
1,1,000020,1790192976.3507557,31706.2343463,149.82014459999846,candidate-measurement,1022A1,valid,1057441,0,True,
1,1,000020,1790192976.5427458,31706.4263362,150.01213449999705,candidate-measurement,1022A0,valid,1057440,-1,True,
1,1,000020,1790192976.7501643,31706.6337529,150.21955119999984,candidate-measurement,10229C,valid,1057436,-4,True,
1,1,000020,1790192976.9421573,31706.8257468,150.41154509999978,candidate-measurement,102295,valid,1057429,-7,True,
1,1,000020,1790192977.1337383,31707.0173263,150.6031245999984,candidate-measurement,102292,valid,1057426,-3,True,
1,1,000020,1790192977.341724,31707.2253119,150.81111020000026,candidate-measurement,102290,valid,1057424,-2,True,
1,1,000020,1790192977.5337205,31707.4173111,151.0031093999969,candidate-measurement,10228F,valid,1057423,-1,True,
1,1,000020,1790192977.7251453,31707.6087369,151.19453520000025,candidate-measurement,10228F,valid,1057423,0,True,
1,1,000020,1790192977.9331155,31707.8167061,151.40250439999727,candidate-measurement,10228F,valid,1057423,0,True,
1,1,000020,1790192978.125131,31708.0087194,151.59451769999941,candidate-measurement,10228F,valid,1057423,0,True,
1,1,000020,1790192978.3166978,31708.2002872,151.7860854999999,candidate-measurement,10228F,valid,1057423,0,True,
1,1,000020,1790192978.508688,31708.392276,151.9780742999974,candidate-measurement,10228C,valid,1057420,-3,True,
1,1,000020,1790192978.716681,31708.6002719,152.18607019999763,candidate-measurement,102281,valid,1057409,-11,True,
1,1,000020,1790192978.9080915,31708.791683,152.37748129999818,candidate-measurement,10227C,valid,1057404,-5,True,
1,1,000020,1790192979.1000931,31708.983681,152.56947930000024,candidate-measurement,102278,valid,1057400,-4,True,
1,1,000020,1790192979.3080802,31709.1916688,152.777467099997,candidate-measurement,102276,valid,1057398,-2,True,
1,1,000020,1790192979.4996576,31709.383248,152.969046299997,candidate-measurement,102275,valid,1057397,-1,True,
1,1,000020,1790192979.6916668,31709.5752551,153.16105339999922,candidate-measurement,102272,valid,1057394,-3,True,
1,1,000020,1790192979.8836415,31709.7672328,153.3530310999995,candidate-measurement,102270,valid,1057392,-2,True,
1,1,000020,1790192980.0916488,31709.9752363,153.5610345999994,candidate-measurement,10226D,valid,1057389,-3,True,
1,1,000020,1790192980.28305,31710.1666393,153.75243760000012,candidate-measurement,10226B,valid,1057387,-2,True,
1,1,000020,1790192980.4750464,31710.3586348,153.9444330999977,candidate-measurement,10226A,valid,1057386,-1,True,
1,1,000020,1790192980.6826165,31710.566208,154.1520062999989,candidate-measurement,102269,valid,1057385,-1,True,
1,1,000020,1790192980.8746135,31710.7582031,154.34400139999707,candidate-measurement,102268,valid,1057384,-1,True,
1,1,000020,1790192981.0666096,31710.9501983,154.53599659999963,candidate-measurement,102268,valid,1057384,0,True,
1,1,000020,1790192981.2746172,31711.1582064,154.7440046999982,candidate-measurement,102266,valid,1057382,-2,True,
1,1,000020,1790192981.4660132,31711.3496029,154.93540120000034,candidate-measurement,102266,valid,1057382,0,True,
1,1,000020,1790192981.6580098,31711.5415981,155.12739639999927,candidate-measurement,102266,valid,1057382,0,True,
1,1,000020,1790192981.8495755,31711.7331668,155.31896509999933,candidate-measurement,102264,valid,1057380,-2,True,
1,1,000020,1790192982.0575802,31711.9411682,155.5269664999978,candidate-measurement,102263,valid,1057379,-1,True,
1,1,000020,1790192982.2495759,31712.1331639,155.71896220000053,candidate-measurement,102261,valid,1057377,-2,True,
1,1,000020,1790192982.440979,31712.3245682,155.91036650000024,candidate-measurement,102260,valid,1057376,-1,True,
1,1,000020,1790192982.6489923,31712.5325815,156.11837979999837,candidate-measurement,10225E,valid,1057374,-2,True,
1,1,000020,1790192982.8409684,31712.7245589,156.3103572,candidate-measurement,10225D,valid,1057373,-1,True,
1,1,000020,1790192983.0325673,31712.9161557,156.5019539999994,candidate-measurement,10225A,valid,1057370,-3,True,
1,1,000020,1790192983.2405393,31713.1241275,156.70992579999802,candidate-measurement,102256,valid,1057366,-4,True,
1,1,000020,1790192983.4479833,31713.3315721,156.91737039999862,candidate-measurement,102254,valid,1057364,-2,True,
1,1,000020,1790192983.6399467,31713.5235349,157.10933319999822,candidate-measurement,102252,valid,1057362,-2,True,
1,1,000020,1790192983.8319366,31713.7155262,157.3013245000002,candidate-measurement,102250,valid,1057360,-2,True,
1,1,000020,1790192984.0239365,31713.9075245,157.49332279999726,candidate-measurement,10224E,valid,1057358,-2,True,
1,1,000020,1790192984.215505,31714.0990931,157.6848914000002,candidate-measurement,10224E,valid,1057358,0,True,
1,1,000020,1790192984.4075027,31714.2910928,157.876891099997,candidate-measurement,10224E,valid,1057358,0,True,
1,1,000020,1790192984.6154897,31714.4990795,158.08487779999996,candidate-measurement,10224C,valid,1057356,-2,True,
1,1,000020,1790192984.8068957,31714.6904874,158.27628569999797,candidate-measurement,10224C,valid,1057356,0,True,
1,1,000020,1790192984.9989018,31714.8824925,158.46829079999952,candidate-measurement,10224C,valid,1057356,0,True,
1,1,000020,1790192985.2064757,31715.0900646,158.67586289999963,candidate-measurement,10224C,valid,1057356,0,True,
1,1,000020,1790192985.398459,31715.2820498,158.8678480999988,candidate-measurement,102249,valid,1057353,-3,True,
1,1,000020,1790192985.5904565,31715.474048,159.05984629999875,candidate-measurement,102248,valid,1057352,-1,True,
1,1,000020,1790192985.7824495,31715.6660407,159.25183900000047,candidate-measurement,102248,valid,1057352,0,True,
1,1,000020,1790192985.9898686,31715.8734581,159.45925639999768,candidate-measurement,102247,valid,1057351,-1,True,
1,1,000020,1790192986.1818655,31716.0654538,159.65125210000042,candidate-measurement,102247,valid,1057351,0,True,
1,1,000020,1790192986.3734326,31716.2570237,159.8428219999987,candidate-measurement,102247,valid,1057351,0,True,
1,1,000020,1790192986.5814245,31716.465015,160.0508133000003,candidate-measurement,102247,valid,1057351,0,True,
1,1,000020,1790192986.7734263,31716.6570151,160.24281340000016,candidate-measurement,102247,valid,1057351,0,True,
1,1,000020,1790192986.964836,31716.848426,160.4342242999992,candidate-measurement,102246,valid,1057350,-1,True,
1,1,000020,1790192987.172835,31717.0564224,160.6422206999996,candidate-measurement,102242,valid,1057346,-4,True,
1,1,000020,1790192987.3644044,31717.2479937,160.83379199999763,candidate-measurement,10223C,valid,1057340,-6,True,
1,1,000020,1790192987.5564034,31717.4399918,161.02579010000045,candidate-measurement,10223A,valid,1057338,-2,True,
1,1,000020,1790192987.7483876,31717.6319759,161.21777419999853,candidate-measurement,102238,valid,1057336,-2,True,
1,1,000020,1790192987.9558015,31717.8393927,161.42519099999845,candidate-measurement,102236,valid,1057334,-2,True,
1,1,000020,1790192988.1478012,31718.0313892,161.6171875,candidate-measurement,102236,valid,1057334,0,True,
1,1,000020,1790192988.339374,31718.2229643,161.80876259999786,candidate-measurement,102235,valid,1057333,-1,True,
1,1,000020,1790192988.547371,31718.4309591,162.016757399997,candidate-measurement,102235,valid,1057333,0,True,
1,1,000020,1790192988.7393546,31718.6229451,162.20874339999864,candidate-measurement,102235,valid,1057333,0,True,
1,1,000020,1790192988.9307714,31718.814363,162.40016130000004,candidate-measurement,102235,valid,1057333,0,True,
1,1,000020,1790192989.1387703,31719.0223584,162.6081567000001,candidate-measurement,102235,valid,1057333,0,True,
1,1,000020,1790192989.3303418,31719.2139306,162.79972889999772,candidate-measurement,102234,valid,1057332,-1,True,
1,1,000020,1790192989.5223372,31719.4059254,162.99172369999724,candidate-measurement,10222E,valid,1057326,-6,True,
1,1,000020,1790192989.7143257,31719.5979173,163.18371560000014,candidate-measurement,102223,valid,1057315,-11,True,
1,1,000020,1790192989.9217424,31719.8053308,163.3911291000004,candidate-measurement,10221F,valid,1057311,-4,True,
1,1,000020,1790192990.113734,31719.9973233,163.58312159999696,candidate-measurement,10221C,valid,1057308,-3,True,
1,1,000020,1790192990.3053124,31720.1889015,163.77469980000023,candidate-measurement,10221B,valid,1057307,-1,True,
1,1,000020,1790192990.5133004,31720.3968905,163.98268879999887,candidate-measurement,102218,valid,1057304,-3,True,
1,1,000020,1790192990.7053554,31720.5889421,164.17474039999797,candidate-measurement,102213,valid,1057299,-5,True,
1,1,000020,1790192990.8967018,31720.7802933,164.36609159999716,candidate-measurement,102211,valid,1057297,-2,True,
1,1,000020,1790192991.1047087,31720.9882965,164.57409479999842,candidate-measurement,10220F,valid,1057295,-2,True,
1,1,000020,1790192991.2962816,31721.1798699,164.7656681999979,candidate-measurement,10220E,valid,1057294,-1,True,
1,1,000020,1790192991.4882686,31721.3718593,164.95765759999995,candidate-measurement,10220E,valid,1057294,0,True,
1,1,000020,1790192991.6802602,31721.5638515,165.14964979999786,candidate-measurement,10220D,valid,1057293,-1,True,
1,1,000020,1790192991.8876917,31721.7712815,165.35707980000007,candidate-measurement,10220C,valid,1057292,-1,True,
1,1,000020,1790192992.0796714,31721.9632596,165.54905789999975,candidate-measurement,10220A,valid,1057290,-2,True,
1,1,000020,1790192992.2712412,31722.15483,165.7406282999982,candidate-measurement,10220A,valid,1057290,0,True,
1,1,000020,1790192992.4792426,31722.3628313,165.94862959999955,candidate-measurement,102208,valid,1057288,-2,True,
1,1,000020,1790192992.6712456,31722.5548341,166.14063239999814,candidate-measurement,102206,valid,1057286,-2,True,
1,1,000020,1790192992.8626416,31722.7462329,166.33203119999962,candidate-measurement,102206,valid,1057286,0,True,
1,1,000020,1790192993.0706537,31722.9542415,166.54003979999834,candidate-measurement,102203,valid,1057283,-3,True,
1,1,000020,1790192993.2782133,31723.1618018,166.74760009999954,candidate-measurement,102200,valid,1057280,-3,True,
1,1,000020,1790192993.47021,31723.3537989,166.9395971999984,candidate-measurement,1021FE,valid,1057278,-2,True,
1,1,000020,1790192993.6621993,31723.5457904,167.13158869999825,candidate-measurement,1021FB,valid,1057275,-3,True,
1,1,000020,1790192993.8546247,31723.738211,167.32400929999858,candidate-measurement,1021F9,valid,1057273,-2,True,
1,1,000020,1790192994.0456238,31723.92921,167.51500829999713,candidate-measurement,1021F7,valid,1057271,-2,True,
1,1,000020,1790192994.2375984,31724.1211868,167.70698509999784,candidate-measurement,1021F5,valid,1057269,-2,True,
1,1,000020,1790192994.4451773,31724.3287655,167.91456379999727,candidate-measurement,1021F4,valid,1057268,-1,True,
1,1,000020,1790192994.6371665,31724.5207571,168.1065553999979,candidate-measurement,1021F4,valid,1057268,0,True,
1,1,000020,1790192994.8291502,31724.7127417,168.29853999999978,candidate-measurement,1021F4,valid,1057268,0,True,
1,1,000020,1790192995.0371623,31724.9207504,168.50654869999926,candidate-measurement,1021F2,valid,1057266,-2,True,
1,1,000020,1790192995.244573,31725.1281615,168.71395979999943,candidate-measurement,1021F2,valid,1057266,0,True,
1,1,000020,1790192995.4365802,31725.3201686,168.90596689999802,candidate-measurement,1021F2,valid,1057266,0,True,
1,1,000020,1790192995.6281314,31725.5117215,169.09751979999783,candidate-measurement,1021F1,valid,1057265,-1,True,
1,1,000020,1790192995.8201342,31725.7037228,169.28952109999955,candidate-measurement,1021EF,valid,1057263,-2,True,
1,1,000020,1790192996.0121229,31725.8957114,169.48150969999915,candidate-measurement,1021EE,valid,1057262,-1,True,
1,1,000020,1790192996.2041323,31726.0877211,169.67351939999935,candidate-measurement,1021EE,valid,1057262,0,True,
1,1,000020,1790192996.4115314,31726.2951212,169.88091949999944,candidate-measurement,1021ED,valid,1057261,-1,True,
1,1,000020,1790192996.6035247,31726.4871145,170.07291279999845,candidate-measurement,1021ED,valid,1057261,0,True,
1,1,000020,1790192996.7950952,31726.6786865,170.26448479999817,candidate-measurement,1021ED,valid,1057261,0,True,
1,1,000020,1790192997.003091,31726.8866804,170.47247869999774,candidate-measurement,1021ED,valid,1057261,0,True,
1,1,000020,1790192997.1951203,31727.0787083,170.66450659999828,candidate-measurement,1021ED,valid,1057261,0,True,
1,1,000020,1790192997.3870797,31727.2706696,170.85646789999737,candidate-measurement,1021EC,valid,1057260,-1,True,
1,1,000020,1790192997.5790708,31727.4626618,171.04846009999892,candidate-measurement,1021E7,valid,1057255,-5,True,
1,1,000020,1790192997.7864888,31727.6700785,171.25587679999808,candidate-measurement,1021E0,valid,1057248,-7,True,
1,1,000020,1790192997.9784741,31727.8620651,171.447863399997,candidate-measurement,1021DD,valid,1057245,-3,True,
1,1,000020,1790192998.1704712,31728.0540597,171.63985799999864,candidate-measurement,1021DC,valid,1057244,-1,True,
1,1,000020,1790192998.3780456,31728.2616346,171.84743289999824,candidate-measurement,1021DB,valid,1057243,-1,True,
1,1,000020,1790192998.5700328,31728.4536218,172.0394200999981,candidate-measurement,1021DB,valid,1057243,0,True,
1,1,000020,1790192998.7620265,31728.6456175,172.2314157999972,candidate-measurement,1021DB,valid,1057243,0,True,
1,1,000020,1790192998.969446,31728.8530347,172.43883300000016,candidate-measurement,1021DA,valid,1057242,-1,True,
1,1,000020,1790192999.1614428,31729.0450309,172.63082919999943,candidate-measurement,1021D7,valid,1057239,-3,True,
1,1,000020,1790192999.3530169,31729.2366058,172.8224040999994,candidate-measurement,1021CC,valid,1057228,-11,True,
1,1,000020,1790192999.5450034,31729.4285921,173.01439039999968,candidate-measurement,1021C7,valid,1057223,-5,True,
1,1,000020,1790192999.7530189,31729.6366093,173.2224075999984,candidate-measurement,1021C3,valid,1057219,-4,True,
1,1,000020,1790192999.9444072,31729.8279982,173.41379649999726,candidate-measurement,1021C1,valid,1057217,-2,True,
1,1,000020,1790193000.1364055,31730.0199936,173.6057918999977,candidate-measurement,1021BE,valid,1057214,-3,True,
1,1,000020,1790193000.3440049,31730.2275931,173.8133913999991,candidate-measurement,1021B8,valid,1057208,-6,True,
1,1,000020,1790193000.535971,31730.41956,174.00535829999717,candidate-measurement,1021B5,valid,1057205,-3,True,
1,1,000020,1790193000.7279706,31730.6115592,174.19735749999745,candidate-measurement,1021B4,valid,1057204,-1,True,
1,1,000020,1790193000.9353817,31730.8189707,174.40476899999703,candidate-measurement,1021B3,valid,1057203,-1,True,
1,1,000020,1790193001.1273844,31731.010972,174.59677029999875,candidate-measurement,1021B1,valid,1057201,-2,True,
1,1,000020,1790193001.3193731,31731.2029615,174.78875979999793,candidate-measurement,1021B0,valid,1057200,-1,True,
1,1,000020,1790193001.511366,31731.3949549,174.9807531999977,candidate-measurement,1021AE,valid,1057198,-2,True,
1,1,000020,1790193001.7189546,31731.6025446,175.18834289999722,candidate-measurement,1021AC,valid,1057196,-2,True,
1,1,000020,1790193001.9109364,31731.7945248,175.38032309999835,candidate-measurement,1021AB,valid,1057195,-1,True,
1,1,000020,1790193002.102933,31731.9865209,175.5723192000005,candidate-measurement,1021A9,valid,1057193,-2,True,
1,1,000020,1790193002.3109202,31732.194509,175.78030729999955,candidate-measurement,1021A6,valid,1057190,-3,True,
1,1,000020,1790193002.5023434,31732.3859322,175.97173049999765,candidate-measurement,1021A4,valid,1057188,-2,True,
1,1,000020,1790193002.6943243,31732.5779155,176.1637137999969,candidate-measurement,1021A0,valid,1057184,-4,True,
1,1,000020,1790193002.8858995,31732.7694894,176.3552877000002,candidate-measurement,1021A0,valid,1057184,0,True,
1,1,000020,1790193003.0938995,31732.9774884,176.56328669999857,candidate-measurement,10219E,valid,1057182,-2,True,
1,1,000020,1790193003.2858942,31733.1694832,176.7552814999981,candidate-measurement,10219B,valid,1057179,-3,True,
1,1,000020,1790193003.477303,31733.3608937,176.9466919999977,candidate-measurement,10219A,valid,1057178,-1,True,
1,1,000020,1790193003.6852963,31733.5688854,177.1546836999987,candidate-measurement,10219A,valid,1057178,0,True,
1,1,000020,1790193003.876856,31733.7604477,177.34624599999734,candidate-measurement,10219A,valid,1057178,0,True,
1,1,000020,1790193004.0688636,31733.9524541,177.53825239999787,candidate-measurement,102199,valid,1057177,-1,True,
1,1,000020,1790193004.2768586,31734.1604472,177.74624549999862,candidate-measurement,102199,valid,1057177,0,True,
1,1,000020,1790193004.4688559,31734.352444,177.93824229999882,candidate-measurement,102198,valid,1057176,-1,True,
1,1,000020,1790193004.6602685,31734.5438572,178.12965549999717,candidate-measurement,102196,valid,1057174,-2,True,
1,1,000020,1790193004.8522573,31734.7358478,178.32164609999745,candidate-measurement,102195,valid,1057173,-1,True,
1,1,000020,1790193005.0598698,31734.9434592,178.5292574999985,candidate-measurement,102194,valid,1057172,-1,True,
1,1,000020,1790193005.2518275,31735.135416,178.7212142999997,candidate-measurement,102194,valid,1057172,0,True,
1,1,000020,1790193005.443821,31735.3274104,178.9132086999998,candidate-measurement,102194,valid,1057172,0,True,
1,1,000020,1790193005.6518223,31735.5354137,179.1212119999982,candidate-measurement,102193,valid,1057171,-1,True,
1,1,000020,1790193005.8432262,31735.7268176,179.3126158999985,candidate-measurement,102193,valid,1057171,0,True,
1,1,000020,1790193006.0352235,31735.9188149,179.50461319999886,candidate-measurement,102193,valid,1057171,0,True,
1,1,000020,1790193006.242802,31736.12639,179.71218829999998,candidate-measurement,102193,valid,1057171,0,True,
1,1,000020,1790193006.4347847,31736.3183739,179.90417220000018,candidate-measurement,102193,valid,1057171,0,True,
1,1,000020,1790193006.6267793,31736.5103708,180.0961690999975,candidate-measurement,102192,valid,1057170,-1,True,
1,1,000020,1790193006.8187742,31736.7023651,180.28816340000049,candidate-measurement,102189,valid,1057161,-9,True,
1,1,000020,1790193007.0267668,31736.9103568,180.49615509999785,candidate-measurement,102186,valid,1057158,-3,True,
1,1,000020,1790193007.2181787,31737.1017679,180.6875661999984,candidate-measurement,102184,valid,1057156,-2,True,
1,1,000020,1790193007.410177,31737.2937664,180.879564699997,candidate-measurement,102182,valid,1057154,-2,True,
1,1,000020,1790193007.6177473,31737.5013358,181.08713409999837,candidate-measurement,102181,valid,1057153,-1,True,
1,1,000020,1790193007.809744,31737.693333,181.27913129999797,candidate-measurement,102181,valid,1057153,0,True,
1,1,000020,1790193008.0017343,31737.8853244,181.47112269999707,candidate-measurement,102181,valid,1057153,0,True,
1,1,000020,1790193008.2091537,31738.0927422,181.67854049999733,candidate-measurement,102180,valid,1057152,-1,True,
1,1,000020,1790193008.4011436,31738.2847322,181.8705305000003,candidate-measurement,10217C,valid,1057148,-4,True,
1,1,000020,1790193008.5931354,31738.4767238,182.0625220999973,candidate-measurement,102170,valid,1057136,-12,True,
1,1,000020,1790193008.7847104,31738.6682988,182.25409709999803,candidate-measurement,10216B,valid,1057131,-5,True,
1,1,000020,1790193008.9927099,31738.8762987,182.46209699999963,candidate-measurement,102168,valid,1057128,-3,True,
1,1,000020,1790193009.1841207,31739.0677091,182.6535073999985,candidate-measurement,102166,valid,1057126,-2,True,
1,1,000020,1790193009.3761177,31739.2597058,182.84550409999792,candidate-measurement,102163,valid,1057123,-3,True,
1,1,000020,1790193009.5841024,31739.4676912,183.05348949999825,candidate-measurement,10215F,valid,1057119,-4,True,
1,1,000020,1790193009.775694,31739.6592851,183.24508339999738,candidate-measurement,10215C,valid,1057116,-3,True,
1,1,000020,1790193009.9676695,31739.8512598,183.43705810000029,candidate-measurement,10215A,valid,1057114,-2,True,
1,1,000020,1790193010.159673,31740.0432616,183.62905989999854,candidate-measurement,10215A,valid,1057114,0,True,
1,1,000020,1790193010.3670824,31740.2506706,183.83646889999727,candidate-measurement,102159,valid,1057113,-1,True,
1,1,000020,1790193010.559077,31740.4426666,184.02846489999865,candidate-measurement,102157,valid,1057111,-2,True,
1,1,000020,1790193010.7506433,31740.6342344,184.22003269999914,candidate-measurement,102156,valid,1057110,-1,True,
1,1,000020,1790193010.9586413,31740.8422323,184.42803060000006,candidate-measurement,102154,valid,1057108,-2,True,
1,1,000020,1790193011.1506422,31741.0342301,184.62002839999695,candidate-measurement,102152,valid,1057106,-2,True,
1,1,000020,1790193011.3420491,31741.225639,184.81143729999894,candidate-measurement,102152,valid,1057106,0,True,
1,1,000020,1790193011.550037,31741.4336274,185.01942570000028,candidate-measurement,102151,valid,1057105,-1,True,
1,1,000020,1790193011.742035,31741.6256264,185.21142469999904,candidate-measurement,10214E,valid,1057102,-3,True,
1,1,000020,1790193011.933604,31741.8171955,185.4029937999985,candidate-measurement,10214C,valid,1057100,-2,True,
1,1,000020,1790193012.1416042,31742.0251928,185.6109910999985,candidate-measurement,10214A,valid,1057098,-2,True,
1,1,000020,1790193012.3335986,31742.2171881,185.8029863999982,candidate-measurement,102148,valid,1057096,-2,True,
1,1,000020,1790193012.5250094,31742.4085989,185.9943972000001,candidate-measurement,102146,valid,1057094,-2,True,
1,1,000020,1790193012.7170022,31742.6005928,186.18639110000004,candidate-measurement,102144,valid,1057092,-2,True,
1,1,000020,1790193012.9246464,31742.8082354,186.39403369999854,candidate-measurement,102143,valid,1057091,-1,True,
1,1,000020,1790193013.116574,31743.0001625,186.58596079999916,candidate-measurement,102141,valid,1057089,-2,True,
1,1,000020,1790193013.308567,31743.1921573,186.77795559999868,candidate-measurement,102140,valid,1057088,-1,True,
1,1,000020,1790193013.5165603,31743.4001499,186.98594819999926,candidate-measurement,102140,valid,1057088,0,True,
1,1,000020,1790193013.7079673,31743.5915568,187.17735509999693,candidate-measurement,102140,valid,1057088,0,True,
1,1,000020,1790193013.8999624,31743.7835537,187.3693519999979,candidate-measurement,10213E,valid,1057086,-2,True,
1,1,000020,1790193014.107538,31743.9911269,187.5769251999991,candidate-measurement,10213E,valid,1057086,0,True,
1,1,000020,1790193014.2995346,31744.1831249,187.76892319999752,candidate-measurement,10213D,valid,1057085,-1,True,
1,1,000020,1790193014.4915228,31744.3751112,187.9609094999978,candidate-measurement,10213D,valid,1057085,0,True,
1,1,000020,1790193014.682949,31744.5665375,188.15233579999767,candidate-measurement,10213B,valid,1057083,-2,True,
1,1,000020,1790193014.8909485,31744.7745396,188.36033789999783,candidate-measurement,10213A,valid,1057082,-1,True,
1,1,000020,1790193015.08294,31744.9665284,188.55232669999896,candidate-measurement,10213A,valid,1057082,0,True,
1,1,000020,1790193015.2744982,31745.1580876,188.74388589999944,candidate-measurement,102139,valid,1057081,-1,True,
1,1,000020,1790193015.4824996,31745.3660883,188.95188659999985,candidate-measurement,102139,valid,1057081,0,True,
1,1,000020,1790193015.674893,31745.5584791,189.14427739999883,candidate-measurement,102139,valid,1057081,0,True,
1,1,000020,1790193015.866479,31745.750067,189.33586529999957,candidate-measurement,102139,valid,1057081,0,True,
1,1,000020,1790193016.0738947,31745.9574844,189.54328270000042,candidate-measurement,102139,valid,1057081,0,True,
1,1,000020,1790193016.2658935,31746.1494815,189.73527979999926,candidate-measurement,102137,valid,1057079,-2,True,
1,1,000020,1790193016.457464,31746.3410523,189.92685059999712,candidate-measurement,102137,valid,1057079,0,True,
1,1,000020,1790193016.6494615,31746.5330497,190.11884799999825,candidate-measurement,10212E,valid,1057070,-9,True,
1,1,000020,1790193016.8574448,31746.7410363,190.32683460000044,candidate-measurement,10212A,valid,1057066,-4,True,
1,1,000020,1790193017.0488703,31746.9324585,190.5182567999982,candidate-measurement,102128,valid,1057064,-2,True,
1,1,000020,1790193017.2408602,31747.1244485,190.71024679999755,candidate-measurement,102126,valid,1057062,-2,True,
1,1,000020,1790193017.4484677,31747.3320577,190.91785600000003,candidate-measurement,102126,valid,1057062,0,True,
1,1,000020,1790193017.6404216,31747.5240115,191.10980980000022,candidate-measurement,102126,valid,1057062,0,True,
1,1,000020,1790193017.8324306,31747.7160218,191.3018200999977,candidate-measurement,102126,valid,1057062,0,True,
1,1,000020,1790193018.0244343,31747.9080227,191.49382100000003,candidate-measurement,102126,valid,1057062,0,True,
1,1,000020,1790193018.2318308,31748.1154188,191.70121709999876,candidate-measurement,10211A,valid,1057050,-12,True,
1,1,000020,1790193018.4238174,31748.3074076,191.89320589999988,candidate-measurement,102112,valid,1057042,-8,True,
1,1,000020,1790193018.6153998,31748.4989883,192.08478660000037,candidate-measurement,10210E,valid,1057038,-4,True,
1,1,000020,1790193018.8233862,31748.7069738,192.29277209999782,candidate-measurement,10210A,valid,1057034,-4,True,
1,1,000020,1790193019.015382,31748.8989721,192.48477039999852,candidate-measurement,102104,valid,1057028,-6,True,
1,1,000020,1790193019.2067971,31749.0903855,192.6761837999984,candidate-measurement,102100,valid,1057024,-4,True,
1,1,000020,1790193019.4148254,31749.298416,192.88421430000017,candidate-measurement,1020FF,valid,1057023,-1,True,
1,1,000020,1790193019.6063626,31749.4899505,193.0757487999981,candidate-measurement,1020FD,valid,1057021,-2,True,
1,1,000020,1790193019.798354,31749.6819444,193.26774269999805,candidate-measurement,1020FC,valid,1057020,-1,True,
1,1,000020,1790193019.9903462,31749.8739374,193.45973569999842,candidate-measurement,1020FA,valid,1057018,-2,True,
1,1,000020,1790193020.198345,31750.0819334,193.66773169999942,candidate-measurement,1020F8,valid,1057016,-2,True,
1,1,000020,1790193020.3897576,31750.2733484,193.85914669999693,candidate-measurement,1020F8,valid,1057016,0,True,
1,1,000020,1790193020.5817444,31750.4653327,194.05113100000017,candidate-measurement,1020F7,valid,1057015,-1,True,
1,1,000020,1790193020.7893374,31750.6729282,194.2587265000002,candidate-measurement,1020F4,valid,1057012,-3,True,
1,1,000020,1790193020.9813163,31750.8649072,194.45070549999946,candidate-measurement,1020F2,valid,1057010,-2,True,
1,1,000020,1790193021.1733112,31751.0569001,194.64269839999906,candidate-measurement,1020EF,valid,1057007,-3,True,
1,1,000020,1790193021.380741,31751.2643302,194.8501284999984,candidate-measurement,1020EC,valid,1057004,-3,True,
1,1,000020,1790193021.5727215,31751.4563098,195.0421080999986,candidate-measurement,1020EC,valid,1057004,0,True,
1,1,000020,1790193021.7642853,31751.6478758,195.23367409999992,candidate-measurement,1020EC,valid,1057004,0,True,
1,1,000020,1790193021.9562857,31751.8398753,195.42567359999885,candidate-measurement,1020EA,valid,1057002,-2,True,
1,1,000020,1790193022.1642814,31752.0478692,195.6336674999984,candidate-measurement,1020E8,valid,1057000,-2,True,
1,1,000020,1790193022.3556938,31752.2392833,195.82508159999998,candidate-measurement,1020E6,valid,1056998,-2,True,
1,1,000020,1790193022.547695,31752.4312832,196.0170814999983,candidate-measurement,1020E6,valid,1056998,0,True,
1,1,000020,1790193022.755261,31752.6388513,196.22464959999706,candidate-measurement,1020E4,valid,1056996,-2,True,
1,1,000020,1790193022.9472566,31752.8308451,196.41664339999988,candidate-measurement,1020E4,valid,1056996,0,True,
1,1,000020,1790193023.1392484,31753.0228372,196.60863549999704,candidate-measurement,1020E4,valid,1056996,0,True,
1,1,000020,1790193023.3466566,31753.2302465,196.81604479999805,candidate-measurement,1020E3,valid,1056995,-1,True,
1,1,000020,1790193023.554652,31753.4382421,197.02404039999965,candidate-measurement,1020E1,valid,1056993,-2,True,
1,1,000020,1790193023.7466426,31753.6302315,197.21602979999807,candidate-measurement,1020E0,valid,1056992,-1,True,
1,1,000020,1790193023.938222,31753.8218123,197.40761059999932,candidate-measurement,1020E0,valid,1056992,0,True,
1,1,000020,1790193024.130215,31754.013803,197.59960130000036,candidate-measurement,1020DF,valid,1056991,-1,True,
1,1,000020,1790193024.3222218,31754.2058118,197.79161009999734,candidate-measurement,1020DF,valid,1056991,0,True,
1,1,000020,1790193024.5142083,31754.3977965,197.9835948,candidate-measurement,1020DF,valid,1056991,0,True,
1,1,000020,1790193024.7221994,31754.605788,198.19158629999947,candidate-measurement,1020DF,valid,1056991,0,True,
1,1,000020,1790193024.9136024,31754.7971929,198.3829912000001,candidate-measurement,1020DF,valid,1056991,0,True,
1,1,000020,1790193025.1056063,31754.9891952,198.57499349999853,candidate-measurement,1020DE,valid,1056990,-1,True,
1,1,000020,1790193025.3131766,31755.1967667,198.7825649999977,candidate-measurement,1020D6,valid,1056982,-8,True,
1,1,000020,1790193025.505176,31755.3887641,198.97456239999883,candidate-measurement,1020D2,valid,1056978,-4,True,
1,1,000020,1790193025.697157,31755.5807476,199.16654589999962,candidate-measurement,1020CF,valid,1056975,-3,True,
1,1,000020,1790193025.8885772,31755.7721686,199.35796689999916,candidate-measurement,1020CE,valid,1056974,-1,True,
1,1,000020,1790193026.0965753,31755.9801638,199.5659620999977,candidate-measurement,1020CD,valid,1056973,-1,True,
1,1,000020,1790193026.2881668,31756.1717554,199.75755369999752,candidate-measurement,1020CD,valid,1056973,0,True,
1,1,000020,1790193026.4801385,31756.363728,199.94952629999898,candidate-measurement,1020CD,valid,1056973,0,True,
1,1,000020,1790193026.6881373,31756.5717256,200.1575238999976,candidate-measurement,1020CD,valid,1056973,0,True,
1,1,000020,1790193026.8801308,31756.7637216,200.349519899999,candidate-measurement,1020CC,valid,1056972,-1,True,
1,1,000020,1790193027.0715415,31756.9551313,200.5409295999998,candidate-measurement,1020C6,valid,1056966,-6,True,
1,1,000020,1790193027.2791452,31757.1627337,200.7485319999978,candidate-measurement,1020B9,valid,1056953,-13,True,
1,1,000020,1790193027.4711082,31757.3546983,200.9404966000002,candidate-measurement,1020B7,valid,1056951,-2,True,
1,1,000020,1790193027.6631048,31757.5466933,201.1324915999976,candidate-measurement,1020B4,valid,1056948,-3,True,
1,1,000020,1790193027.8550956,31757.7386863,201.32448459999796,candidate-measurement,1020B2,valid,1056946,-2,True,
1,1,000020,1790193028.0625296,31757.9461182,201.53191650000008,candidate-measurement,1020AF,valid,1056943,-3,True,
1,1,000020,1790193028.2540863,31758.1376752,201.72347349999836,candidate-measurement,1020AA,valid,1056938,-5,True,
1,1,000020,1790193028.4460795,31758.3296677,201.91546599999856,candidate-measurement,1020A8,valid,1056936,-2,True,
1,1,000020,1790193028.6540675,31758.5376571,202.12345540000024,candidate-measurement,1020A6,valid,1056934,-2,True,
1,1,000020,1790193028.8454878,31758.7290762,202.31487449999986,candidate-measurement,1020A5,valid,1056933,-1,True,
1,1,000020,1790193029.037484,31758.9210744,202.5068726999998,candidate-measurement,1020A3,valid,1056931,-2,True,
1,1,000020,1790193029.2451208,31759.1287096,202.71450790000017,candidate-measurement,1020A2,valid,1056930,-1,True,
1,1,000020,1790193029.437037,31759.3206277,202.90642599999774,candidate-measurement,1020A0,valid,1056928,-2,True,
1,1,000020,1790193029.6290357,31759.5126265,203.0984247999986,candidate-measurement,10209E,valid,1056926,-2,True,
1,1,000020,1790193029.821036,31759.7046246,203.2904228999978,candidate-measurement,10209E,valid,1056926,0,True,
1,1,000020,1790193030.0284543,31759.9120424,203.49784069999805,candidate-measurement,10209D,valid,1056925,-1,True,
1,1,000020,1790193030.2204366,31760.104025,203.68982329999926,candidate-measurement,10209B,valid,1056923,-2,True,
1,1,000020,1790193030.4124343,31760.296025,203.88182329999836,candidate-measurement,102098,valid,1056920,-3,True,
1,1,000020,1790193030.6200032,31760.5035921,204.0893904000004,candidate-measurement,102094,valid,1056916,-4,True,
1,1,000020,1790193030.812,31760.6955898,204.28138810000019,candidate-measurement,102092,valid,1056914,-2,True,
1,1,000020,1790193031.0039873,31760.8875779,204.47337619999962,candidate-measurement,102090,valid,1056912,-2,True,
1,1,000020,1790193031.2114077,31761.094996,204.68079429999852,candidate-measurement,10208E,valid,1056910,-2,True,
1,1,000020,1790193031.4034023,31761.2869914,204.87278969999898,candidate-measurement,10208C,valid,1056908,-2,True,
1,1,000020,1790193031.5949783,31761.4785689,205.06436719999692,candidate-measurement,10208C,valid,1056908,0,True,
1,1,000020,1790193031.7869794,31761.67057,205.25636829999712,candidate-measurement,10208C,valid,1056908,0,True,
1,1,000020,1790193031.9949617,31761.8785526,205.46435089999795,candidate-measurement,10208A,valid,1056906,-2,True,
1,1,000020,1790193032.1869583,31762.0705477,205.65634599999976,candidate-measurement,10208A,valid,1056906,0,True,
1,1,000020,1790193032.3783703,31762.2619591,205.84775739999895,candidate-measurement,10208A,valid,1056906,0,True,
1,1,000020,1790193032.5859947,31762.4695832,206.05538149999848,candidate-measurement,102089,valid,1056905,-1,True,
1,1,000020,1790193032.7779346,31762.6615253,206.24732360000053,candidate-measurement,102087,valid,1056903,-2,True,
1,1,000020,1790193032.96993,31762.853521,206.43931929999962,candidate-measurement,102086,valid,1056902,-1,True,
1,1,000020,1790193033.161928,31763.0455161,206.6313143999978,candidate-measurement,102086,valid,1056902,0,True,
1,1,000020,1790193033.3699183,31763.2535068,206.83930509999846,candidate-measurement,102086,valid,1056902,0,True,
1,1,000020,1790193033.5613353,31763.4449233,207.0307216000001,candidate-measurement,102085,valid,1056901,-1,True,
1,1,000020,1790193033.7533262,31763.6369171,207.2227153999993,candidate-measurement,102085,valid,1056901,0,True,
1,1,000020,1790193033.9608982,31763.8444873,207.43028559999948,candidate-measurement,102085,valid,1056901,0,True,
1,1,000020,1790193034.1528974,31764.0364854,207.62228369999866,candidate-measurement,102085,valid,1056901,0,True,
1,1,000020,1790193034.344883,31764.2284713,207.81426959999953,candidate-measurement,102085,valid,1056901,0,True,
1,1,000020,1790193034.5522928,31764.4358816,208.02167989999725,candidate-measurement,102084,valid,1056900,-1,True,
1,1,000020,1790193034.7443087,31764.6278971,208.21369539999796,candidate-measurement,102080,valid,1056896,-4,True,
1,1,000020,1790193034.9363103,31764.8198982,208.40569649999816,candidate-measurement,102078,valid,1056888,-8,True,
1,1,000020,1790193035.1278536,31765.0114434,208.59724169999754,candidate-measurement,102074,valid,1056884,-4,True,
1,1,000020,1790193035.3358502,31765.2194405,208.80523879999964,candidate-measurement,102073,valid,1056883,-1,True,
1,1,000020,1790193035.52727,31765.4108588,208.99665710000045,candidate-measurement,102073,valid,1056883,0,True,
1,1,000020,1790193035.719261,31765.6028493,209.18864759999997,candidate-measurement,102073,valid,1056883,0,True,
1,1,000020,1790193035.9268987,31765.810487,209.39628529999754,candidate-measurement,102072,valid,1056882,-1,True,
1,1,000020,1790193036.1188536,31766.002437,209.5882352999979,candidate-measurement,102070,valid,1056880,-2,True,
1,1,000020,1790193036.3108366,31766.1944247,209.78022299999793,candidate-measurement,102064,valid,1056868,-12,True,
1,1,000020,1790193036.5188286,31766.4024165,209.9882147999997,candidate-measurement,10205F,valid,1056863,-5,True,
1,1,000020,1790193036.7102375,31766.5938256,210.17962389999957,candidate-measurement,10205C,valid,1056860,-3,True,
1,1,000020,1790193036.9022226,31766.7858107,210.371608999998,candidate-measurement,10205A,valid,1056858,-2,True,
1,1,000020,1790193037.0938013,31766.9773894,210.5631876999978,candidate-measurement,102058,valid,1056856,-2,True,
1,1,000020,1790193037.3017972,31767.1853862,210.77118449999762,candidate-measurement,102056,valid,1056854,-2,True,
1,1,000020,1790193037.4938042,31767.3773924,210.96319070000027,candidate-measurement,102053,valid,1056851,-3,True,
1,1,000020,1790193037.6857738,31767.5693651,211.15516339999886,candidate-measurement,102050,valid,1056848,-3,True,
1,1,000020,1790193037.893207,31767.7767977,211.36259599999903,candidate-measurement,10204E,valid,1056846,-2,True,
1,1,000020,1790193038.0851903,31767.9687792,211.55457749999914,candidate-measurement,10204E,valid,1056846,0,True,
1,1,000020,1790193038.2771757,31768.1607645,211.74656279999908,candidate-measurement,10204C,valid,1056844,-2,True,
1,1,000020,1790193038.4847524,31768.3683425,211.95414080000046,candidate-measurement,10204C,valid,1056844,0,True,
1,1,000020,1790193038.676756,31768.5603469,212.14614520000032,candidate-measurement,10204C,valid,1056844,0,True,
1,1,000020,1790193038.8687394,31768.7523302,212.33812849999958,candidate-measurement,10204B,valid,1056843,-1,True,
1,1,000020,1790193039.060154,31768.9437431,212.5295413999993,candidate-measurement,10204A,valid,1056842,-1,True,
1,1,000020,1790193039.2681677,31769.1517564,212.73755469999742,candidate-measurement,102048,valid,1056840,-2,True,
1,1,000020,1790193039.4601617,31769.3437501,212.92954839999948,candidate-measurement,102048,valid,1056840,0,True,
1,1,000020,1790193039.6517148,31769.5353061,213.12110439999742,candidate-measurement,102046,valid,1056838,-2,True,
1,1,000020,1790193039.8597093,31769.7432976,213.3290958999969,candidate-measurement,102044,valid,1056836,-2,True,
1,1,000020,1790193040.0517156,31769.9353055,213.52110379999795,candidate-measurement,102044,valid,1056836,0,True,
1,1,000020,1790193040.2431169,31770.1267056,213.7125038999984,candidate-measurement,102043,valid,1056835,-1,True,
1,1,000020,1790193040.451109,31770.3346999,213.92049819999738,candidate-measurement,102040,valid,1056832,-3,True,
1,1,000020,1790193040.642676,31770.5262671,214.11206539999694,candidate-measurement,10203E,valid,1056830,-2,True,
1,1,000020,1790193040.8346803,31770.7182691,214.30406740000035,candidate-measurement,10203B,valid,1056827,-3,True,
1,1,000020,1790193041.0260916,31770.9096798,214.49547809999785,candidate-measurement,10203A,valid,1056826,-1,True,
1,1,000020,1790193041.234088,31771.1176759,214.70347419999962,candidate-measurement,102039,valid,1056825,-1,True,
1,1,000020,1790193041.4260714,31771.3096623,214.89546059999702,candidate-measurement,102037,valid,1056823,-2,True,
1,1,000020,1790193041.6176503,31771.5012399,215.08703819999937,candidate-measurement,102036,valid,1056822,-1,True,
1,1,000020,1790193041.8256419,31771.7092327,215.29503099999783,candidate-measurement,102034,valid,1056820,-2,True,
1,1,000020,1790193042.0176454,31771.9012334,215.48703169999862,candidate-measurement,102033,valid,1056819,-1,True,
1,1,000020,1790193042.2090542,31772.0926423,215.67844059999697,candidate-measurement,102032,valid,1056818,-1,True,
1,1,000020,1790193042.417048,31772.3006366,215.88643489999959,candidate-measurement,102032,valid,1056818,0,True,
1,1,000020,1790193042.6090379,31772.4926265,216.07842479999817,candidate-measurement,102032,valid,1056818,0,True,
1,1,000020,1790193042.8006177,31772.6842074,216.27000570000018,candidate-measurement,102032,valid,1056818,0,True,
1,1,000020,1790193042.9926014,31772.8761909,216.46198919999733,candidate-measurement,102032,valid,1056818,0,True,
1,1,000020,1790193043.2006009,31773.0841888,216.66998709999825,candidate-measurement,102030,valid,1056816,-2,True,
1,1,000020,1790193043.3925958,31773.276186,216.86198429999786,candidate-measurement,102030,valid,1056816,0,True,
1,1,000020,1790193043.5840087,31773.4675993,217.05339759999697,candidate-measurement,102030,valid,1056816,0,True,
1,1,000020,1790193043.791998,31773.6755894,217.26138770000034,candidate-measurement,10202E,valid,1056814,-2,True,
1,1,000020,1790193043.9835727,31773.8671626,217.4529608999983,candidate-measurement,10202C,valid,1056812,-2,True,
1,1,000020,1790193044.175571,31774.0591598,217.6449580999979,candidate-measurement,10202C,valid,1056812,0,True,
1,1,000020,1790193044.3835795,31774.2671688,217.85296709999966,candidate-measurement,10202C,valid,1056812,0,True,
1,1,000020,1790193044.5909736,31774.4745623,218.06036060000042,candidate-measurement,10202B,valid,1056811,-1,True,
1,1,000020,1790193044.7829683,31774.6665591,218.25235739999698,candidate-measurement,10202B,valid,1056811,0,True,
1,1,000020,1790193044.9749691,31774.8585572,218.4443554999998,candidate-measurement,10202B,valid,1056811,0,True,
1,1,000020,1790193045.1665416,31775.0501306,218.63592889999927,candidate-measurement,10202B,valid,1056811,0,True,
1,1,000020,1790193045.3585322,31775.2421228,218.82792109999718,candidate-measurement,10202A,valid,1056810,-1,True,
1,1,000020,1790193045.5505338,31775.4341253,219.01992359999713,candidate-measurement,102027,valid,1056807,-3,True,
1,1,000020,1790193045.758506,31775.6420945,219.2278927999978,candidate-measurement,10201F,valid,1056799,-8,True,
1,1,000020,1790193045.9499276,31775.8335183,219.41931660000046,candidate-measurement,10201C,valid,1056796,-3,True,
1,1,000020,1790193046.1419318,31776.0255198,219.61131810000006,candidate-measurement,10201A,valid,1056794,-2,True,
1,1,000020,1790193046.349488,31776.2330787,219.81887699999788,candidate-measurement,102019,valid,1056793,-1,True,
1,1,000020,1790193046.5414903,31776.4250802,220.0108784999975,candidate-measurement,102019,valid,1056793,0,True,
1,1,000020,1790193046.7334828,31776.6170725,220.2028707999998,candidate-measurement,102019,valid,1056793,0,True,
1,1,000020,1790193046.9254785,31776.8090696,220.39486789999864,candidate-measurement,102019,valid,1056793,0,True,
1,1,000020,1790193047.132911,31777.0164998,220.60229809999873,candidate-measurement,102019,valid,1056793,0,True,
1,1,000020,1790193047.324885,31777.2084753,220.79427360000045,candidate-measurement,102015,valid,1056789,-4,True,
1,1,000020,1790193047.516461,31777.4000506,220.98584889999984,candidate-measurement,102008,valid,1056776,-13,True,
1,1,000020,1790193047.7244694,31777.6080597,221.19385799999873,candidate-measurement,102003,valid,1056771,-5,True,
1,1,000020,1790193047.9164426,31777.8000339,221.38583219999782,candidate-measurement,102000,valid,1056768,-3,True,
1,1,000020,1790193048.1078672,31777.9914552,221.57725349999964,candidate-measurement,101FFE,valid,1056766,-2,True,
1,1,000020,1790193048.3154886,31778.199078,221.78487630000018,candidate-measurement,101FFA,valid,1056762,-4,True,
1,1,000020,1790193048.5074306,31778.3910204,221.97681869999724,candidate-measurement,101FF6,valid,1056758,-4,True,
1,1,000020,1790193048.6994355,31778.5830257,222.1688240000003,candidate-measurement,101FF4,valid,1056756,-2,True,
1,1,000020,1790193048.890834,31778.7744257,222.36022400000002,candidate-measurement,101FF2,valid,1056754,-2,True,
1,1,000020,1790193049.0984714,31778.9820589,222.5678571999997,candidate-measurement,101FF2,valid,1056754,0,True,
1,1,000020,1790193049.290404,31779.1739949,222.75979319999897,candidate-measurement,101FF0,valid,1056752,-2,True,
1,1,000020,1790193049.4823925,31779.3659814,222.95177969999713,candidate-measurement,101FF0,valid,1056752,0,True,
1,1,000020,1790193049.6903849,31779.5739763,223.15977459999704,candidate-measurement,101FEF,valid,1056751,-1,True,
1,1,000020,1790193049.8823843,31779.7659758,223.3517740999996,candidate-measurement,101FEE,valid,1056750,-1,True,
1,1,000020,1790193050.0738018,31779.95739,223.5431882999983,candidate-measurement,101FEB,valid,1056747,-3,True,
1,1,000020,1790193050.281399,31780.1649882,223.75078649999705,candidate-measurement,101FEA,valid,1056746,-1,True,
1,1,000020,1790193050.4733627,31780.356954,223.94275229999766,candidate-measurement,101FE9,valid,1056745,-1,True,
1,1,000020,1790193050.6653554,31780.548947,224.13474529999803,candidate-measurement,101FE6,valid,1056742,-3,True,
1,1,000020,1790193050.8567774,31780.7403669,224.3261652000001,candidate-measurement,101FE4,valid,1056740,-2,True,
1,1,000020,1790193051.0647697,31780.9483583,224.53415659999882,candidate-measurement,101FE2,valid,1056738,-2,True,
1,1,000020,1790193051.2563443,31781.1399333,224.72573159999956,candidate-measurement,101FDE,valid,1056734,-4,True,
1,1,000020,1790193051.448333,31781.3319214,224.917719699999,candidate-measurement,101FDE,valid,1056734,0,True,
1,1,000020,1790193051.6563287,31781.539918,225.1257162999973,candidate-measurement,101FDC,valid,1056732,-2,True,
1,1,000020,1790193051.8477468,31781.7313352,225.317133499997,candidate-measurement,101FDA,valid,1056730,-2,True,
1,1,000020,1790193052.0397384,31781.9233263,225.50912459999745,candidate-measurement,101FD8,valid,1056728,-2,True,
1,1,000020,1790193052.24737,31782.1309583,225.71675659999892,candidate-measurement,101FD8,valid,1056728,0,True,
1,1,000020,1790193052.4393005,31782.3228906,225.9086888999991,candidate-measurement,101FD8,valid,1056728,0,True,
1,1,000020,1790193052.631298,31782.5148875,226.10068580000006,candidate-measurement,101FD8,valid,1056728,0,True,
1,1,000020,1790193052.823282,31782.7068731,226.29267139999865,candidate-measurement,101FD6,valid,1056726,-2,True,
1,1,000020,1790193053.0307047,31782.9142949,226.50009320000026,candidate-measurement,101FD6,valid,1056726,0,True,
1,1,000020,1790193053.2226968,31783.1062849,226.69208319999962,candidate-measurement,101FD6,valid,1056726,0,True,
1,1,000020,1790193053.4146929,31783.2982818,226.88408009999694,candidate-measurement,101FD5,valid,1056725,-1,True,
1,1,000020,1790193053.622258,31783.5058484,227.09164669999882,candidate-measurement,101FD3,valid,1056723,-2,True,
1,1,000020,1790193053.8142538,31783.6978445,227.28364279999732,candidate-measurement,101FD2,valid,1056722,-1,True,
1,1,000020,1790193054.0062478,31783.8898387,227.47563699999955,candidate-measurement,101FD2,valid,1056722,0,True,
1,1,000020,1790193054.2136683,31784.0972567,227.6830549999977,candidate-measurement,101FD1,valid,1056721,-1,True,
1,1,000020,1790193054.4056518,31784.2892424,227.87504069999704,candidate-measurement,101FD1,valid,1056721,0,True,
1,1,000020,1790193054.5976841,31784.4812707,228.067068999997,candidate-measurement,101FD1,valid,1056721,0,True,
1,1,000020,1790193054.7892296,31784.6728192,228.25861749999967,candidate-measurement,101FD1,valid,1056721,0,True,
1,1,000020,1790193054.9972253,31784.880814,228.46661229999881,candidate-measurement,101FD1,valid,1056721,0,True,
1,1,000020,1790193055.1892107,31785.0727984,228.65859669999918,candidate-measurement,101FD0,valid,1056720,-1,True,
1,1,000020,1790193055.381207,31785.2647977,228.85059600000022,candidate-measurement,101FCD,valid,1056717,-3,True,
1,1,000020,1790193055.5886183,31785.4722093,229.05800759999693,candidate-measurement,101FC5,valid,1056709,-8,True,
1,1,000020,1790193055.7806153,31785.6642063,229.25000459999865,candidate-measurement,101FC2,valid,1056706,-3,True,
1,1,000020,1790193055.9721835,31785.8557736,229.44157189999896,candidate-measurement,101FC0,valid,1056704,-2,True,
1,1,000020,1790193056.1641798,31786.0477687,229.63356699999713,candidate-measurement,101FBF,valid,1056703,-1,True,
1,1,000020,1790193056.3715935,31786.2551838,229.84098209999866,candidate-measurement,101FBF,valid,1056703,0,True,
1,1,000020,1790193056.5635898,31786.4471806,230.03297889999885,candidate-measurement,101FBF,valid,1056703,0,True,
1,1,000020,1790193056.7551854,31786.6387747,230.2245729999995,candidate-measurement,101FBD,valid,1056701,-2,True,
1,1,000020,1790193056.9631553,31786.846746,230.43254429999797,candidate-measurement,101FBC,valid,1056700,-1,True,
1,1,000020,1790193057.155154,31787.0387426,230.62454090000028,candidate-measurement,101FB1,valid,1056689,-11,True,
1,1,000020,1790193057.347141,31787.2307316,230.8165298999993,candidate-measurement,101FAC,valid,1056684,-5,True,
1,1,000020,1790193057.5545533,31787.438143,231.0239412999981,candidate-measurement,101FA9,valid,1056681,-3,True,
1,1,000020,1790193057.7465506,31787.6301418,231.215940099999,candidate-measurement,101FA7,valid,1056679,-2,True,
1,1,000020,1790193057.9381216,31787.8217129,231.40751119999913,candidate-measurement,101FA5,valid,1056677,-2,True,
1,1,000020,1790193058.1301208,31788.0137093,231.59950759999992,candidate-measurement,101FA3,valid,1056675,-2,True,
1,1,000020,1790193058.3381102,31788.2216995,231.80749780000042,candidate-measurement,101FA0,valid,1056672,-3,True,
1,1,000020,1790193058.5295281,31788.4131169,231.998915199998,candidate-measurement,101F9C,valid,1056668,-4,True,
1,1,000020,1790193058.7215204,31788.6051102,232.19090849999702,candidate-measurement,101F9A,valid,1056666,-2,True,
1,1,000020,1790193058.9290917,31788.8126822,232.3984805,candidate-measurement,101F99,valid,1056665,-1,True,
1,1,000020,1790193059.1210916,31789.0046802,232.59047849999843,candidate-measurement,101F98,valid,1056664,-1,True,
1,1,000020,1790193059.3130844,31789.196673,232.78247129999727,candidate-measurement,101F98,valid,1056664,0,True,
1,1,000020,1790193059.5204885,31789.4040793,232.98987759999727,candidate-measurement,101F97,valid,1056663,-1,True,
1,1,000020,1790193059.7125003,31789.5960901,233.18188839999857,candidate-measurement,101F96,valid,1056662,-1,True,
1,1,000020,1790193059.9044855,31789.7880753,233.37387359999775,candidate-measurement,101F94,valid,1056660,-2,True,
1,1,000020,1790193060.0960598,31789.9796479,233.5654461999984,candidate-measurement,101F93,valid,1056659,-1,True,
1,1,000020,1790193060.3040493,31790.1876376,233.77343589999873,candidate-measurement,101F92,valid,1056658,-1,True,
1,1,000020,1790193060.496039,31790.3796302,233.9654284999997,candidate-measurement,101F90,valid,1056656,-2,True,
1,1,000020,1790193060.687458,31790.571049,234.15684729999703,candidate-measurement,101F90,valid,1056656,0,True,
1,1,000020,1790193060.8961368,31790.779724,234.3655222999987,candidate-measurement,101F90,valid,1056656,0,True,
1,1,000020,1790193061.0874426,31790.9710313,234.5568295999983,candidate-measurement,101F8E,valid,1056654,-2,True,
1,1,000020,1790193061.2790322,31791.1626211,234.74841939999897,candidate-measurement,101F8D,valid,1056653,-1,True,
1,1,000020,1790193061.4870045,31791.3705946,234.95639289999963,candidate-measurement,101F8A,valid,1056650,-3,True,
1,1,000020,1790193061.6950016,31791.5785899,235.16438819999894,candidate-measurement,101F89,valid,1056649,-1,True,
1,1,000020,1790193061.8864145,31791.7700045,235.35580279999704,candidate-measurement,101F88,valid,1056648,-1,True,
1,1,000020,1790193062.0784144,31791.9620034,235.54780169999867,candidate-measurement,101F84,valid,1056644,-4,True,
1,1,000020,1790193062.2699864,31792.1535751,235.73937339999975,candidate-measurement,101F84,valid,1056644,0,True,
1,1,000020,1790193062.4619725,31792.345563,235.93136129999766,candidate-measurement,101F83,valid,1056643,-1,True,
1,1,000020,1790193062.6539757,31792.5375655,236.1233637999976,candidate-measurement,101F81,valid,1056641,-2,True,
1,1,000020,1790193062.8613834,31792.744974,236.3307722999998,candidate-measurement,101F7F,valid,1056639,-2,True,
1,1,000020,1790193063.053379,31792.9369696,236.52276789999814,candidate-measurement,101F7E,valid,1056638,-1,True,
1,1,000020,1790193063.2449481,31793.1285372,236.7143354999971,candidate-measurement,101F7E,valid,1056638,0,True,
1,1,000020,1790193063.4529521,31793.3365404,236.92233869999836,candidate-measurement,101F7E,valid,1056638,0,True,
1,1,000020,1790193063.644938,31793.5285295,237.11432779999814,candidate-measurement,101F7C,valid,1056636,-2,True,
1,1,000020,1790193063.8363523,31793.7199437,237.30574200000046,candidate-measurement,101F7C,valid,1056636,0,True,
1,1,000020,1790193064.02835,31793.9119388,237.49773709999863,candidate-measurement,101F7C,valid,1056636,0,True,
1,1,000020,1790193064.2359266,31794.119515,237.70531329999721,candidate-measurement,101F7B,valid,1056635,-1,True,
1,1,000020,1790193064.427917,31794.3115058,237.89730409999902,candidate-measurement,101F79,valid,1056633,-2,True,
1,1,000020,1790193064.6193273,31794.5029177,238.08871599999839,candidate-measurement,101F78,valid,1056632,-1,True,
1,1,000020,1790193064.827343,31794.7109312,238.29672949999804,candidate-measurement,101F78,valid,1056632,0,True,
1,1,000020,1790193065.0188959,31794.9024865,238.48828479999793,candidate-measurement,101F77,valid,1056631,-1,True,
1,1,000020,1790193065.210897,31795.0944849,238.6802831999994,candidate-measurement,101F77,valid,1056631,0,True,
1,1,000020,1790193065.4188921,31795.3024796,238.88827789999777,candidate-measurement,101F77,valid,1056631,0,True,
1,1,000020,1790193065.6108856,31795.4944724,239.08027070000026,candidate-measurement,101F77,valid,1056631,0,True,
1,1,000020,1790193065.802871,31795.6864593,239.27225759999783,candidate-measurement,101F77,valid,1056631,0,True,
1,1,000020,1790193065.9942887,31795.8778774,239.4636756999971,candidate-measurement,101F75,valid,1056629,-2,True,
1,1,000020,1790193066.202283,31796.0858711,239.6716693999988,candidate-measurement,101F6E,valid,1056622,-7,True,
1,1,000020,1790193066.3938541,31796.2774432,239.86324149999928,candidate-measurement,101F6B,valid,1056619,-3,True,
1,1,000020,1790193066.5858507,31796.4694395,240.0552377999993,candidate-measurement,101F68,valid,1056616,-3,True,
1,1,000020,1790193066.7938542,31796.6774432,240.2632414999971,candidate-measurement,101F66,valid,1056614,-2,True,
1,1,000020,1790193066.9858303,31796.8694192,240.45521749999898,candidate-measurement,101F66,valid,1056614,0,True,
1,1,000020,1790193067.1772547,31797.0608431,240.64664139999877,candidate-measurement,101F65,valid,1056613,-1,True,
1,1,000020,1790193067.3852377,31797.2688269,240.85462519999783,candidate-measurement,101F65,valid,1056613,0,True,
1,1,000020,1790193067.5768118,31797.4604006,241.04619889999958,candidate-measurement,101F65,valid,1056613,0,True,
1,1,000020,1790193067.7688072,31797.6523966,241.23819489999732,candidate-measurement,101F65,valid,1056613,0,True,
1,1,000020,1790193067.9602213,31797.8438116,241.42960989999847,candidate-measurement,101F64,valid,1056612,-1,True,
1,1,000020,1790193068.168233,31798.0518217,241.6376199999977,candidate-measurement,101F61,valid,1056609,-3,True,
1,1,000020,1790193068.359787,31798.2433766,241.82917489999818,candidate-measurement,101F55,valid,1056597,-12,True,
1,1,000020,1790193068.551782,31798.435371,242.0211692999983,candidate-measurement,101F50,valid,1056592,-5,True,
1,1,000020,1790193068.7597785,31798.6433697,242.22916799999803,candidate-measurement,101F4C,valid,1056588,-4,True,
1,1,000020,1790193068.9517627,31798.8353543,242.4211525999999,candidate-measurement,101F4A,valid,1056586,-2,True,
1,1,000020,1790193069.143185,31799.0267737,242.61257199999818,candidate-measurement,101F46,valid,1056582,-4,True,
1,1,000020,1790193069.3511837,31799.2347716,242.8205698999991,candidate-measurement,101F41,valid,1056577,-5,True,
1,1,000020,1790193069.5427501,31799.4263415,243.01213979999739,candidate-measurement,101F3F,valid,1056575,-2,True,
1,1,000020,1790193069.7347393,31799.6183306,243.20412889999716,candidate-measurement,101F3E,valid,1056574,-1,True,
1,1,000020,1790193069.926746,31799.8103339,243.39613219999956,candidate-measurement,101F3D,valid,1056573,-1,True,
1,1,000020,1790193070.1341772,31800.0177652,243.6035634999971,candidate-measurement,101F3C,valid,1056572,-1,True,
1,1,000020,1790193070.3261478,31800.2097364,243.79553469999883,candidate-measurement,101F3A,valid,1056570,-2,True,
1,1,000020,1790193070.517721,31800.4013097,243.98710799999753,candidate-measurement,101F39,valid,1056569,-1,True,
1,1,000020,1790193070.7257104,31800.6093017,244.19509999999718,candidate-measurement,101F36,valid,1056566,-3,True,
1,1,000020,1790193070.9177003,31800.8012913,244.38708959999713,candidate-measurement,101F36,valid,1056566,0,True,
1,1,000020,1790193071.1097007,31800.9932894,244.57908769999995,candidate-measurement,101F35,valid,1056565,-1,True,
1,1,000020,1790193071.3171084,31801.2006979,244.7864961999985,candidate-measurement,101F33,valid,1056563,-2,True,
1,1,000020,1790193071.5251212,31801.4087103,244.99450859999706,candidate-measurement,101F30,valid,1056560,-3,True,
1,1,000020,1790193071.7166734,31801.6002625,245.1860607999988,candidate-measurement,101F2E,valid,1056558,-2,True,
1,1,000020,1790193071.908674,31801.7922643,245.37806259999707,candidate-measurement,101F2B,valid,1056555,-3,True,
1,1,000020,1790193072.100673,31801.9842612,245.57005949999802,candidate-measurement,101F2B,valid,1056555,0,True,
1,1,000020,1790193072.292078,31802.1756668,245.76146510000035,candidate-measurement,101F2A,valid,1056554,-1,True,
1,1,000020,1790193072.4840827,31802.3676714,245.9534696999981,candidate-measurement,101F28,valid,1056552,-2,True,
1,1,000020,1790193072.691648,31802.5752391,246.16103739999744,candidate-measurement,101F26,valid,1056550,-2,True,
1,1,000020,1790193072.883647,31802.7672355,246.35303379999823,candidate-measurement,101F24,valid,1056548,-2,True,
1,1,000020,1790193073.0756433,31802.959233,246.54503130000012,candidate-measurement,101F24,valid,1056548,0,True,
1,1,000020,1790193073.2830546,31803.166643,246.7524412999992,candidate-measurement,101F24,valid,1056548,0,True,
1,1,000020,1790193073.491042,31803.3746317,246.96042999999918,candidate-measurement,101F22,valid,1056546,-2,True,
1,1,000020,1790193073.6826146,31803.5662035,247.15200179999738,candidate-measurement,101F22,valid,1056546,0,True,
1,1,000020,1790193073.8746116,31803.7582022,247.3440004999975,candidate-measurement,101F22,valid,1056546,0,True,
1,1,000020,1790193074.0666194,31803.9502093,247.53600759999972,candidate-measurement,101F21,valid,1056545,-1,True,
1,1,000020,1790193074.258608,31804.1421968,247.72799509999822,candidate-measurement,101F1F,valid,1056543,-2,True,
1,1,000020,1790193074.450015,31804.3336031,247.9194013999986,candidate-measurement,101F1E,valid,1056542,-1,True,
1,1,000020,1790193074.6580076,31804.5415989,248.1273971999981,candidate-measurement,101F1E,valid,1056542,0,True,
1,1,000020,1790193074.850004,31804.7335927,248.31939099999727,candidate-measurement,101F1D,valid,1056541,-1,True,
1,1,000020,1790193075.041594,31804.9251822,248.51098049999928,candidate-measurement,101F1D,valid,1056541,0,True,
1,1,000020,1790193075.2495725,31805.1331603,248.7189585999986,candidate-measurement,101F1D,valid,1056541,0,True,
1,1,000020,1790193075.4415758,31805.3251649,248.91096319999997,candidate-measurement,101F1D,valid,1056541,0,True,
1,1,000020,1790193075.633567,31805.5171554,249.1029536999995,candidate-measurement,101F1C,valid,1056540,-1,True,
1,1,000020,1790193075.8249667,31805.7085569,249.2943551999997,candidate-measurement,101F19,valid,1056537,-3,True,
1,1,000020,1790193076.0329654,31805.9165533,249.5023516000001,candidate-measurement,101F12,valid,1056530,-7,True,
1,1,000020,1790193076.2245343,31806.1081224,249.69392069999958,candidate-measurement,101F0E,valid,1056526,-4,True,
1,1,000020,1790193076.4165318,31806.3001207,249.88591900000029,candidate-measurement,101F0C,valid,1056524,-2,True,
1,1,000020,1790193076.624536,31806.5081245,250.09392279999884,candidate-measurement,101F0B,valid,1056523,-1,True,
1,1,000020,1790193076.815937,31806.6995284,250.28532669999913,candidate-measurement,101F0B,valid,1056523,0,True,
1,1,000020,1790193077.0079286,31806.891518,250.47731629999907,candidate-measurement,101F0B,valid,1056523,0,True,
1,1,000020,1790193077.2155395,31807.0991282,250.68492649999826,candidate-measurement,101F09,valid,1056521,-2,True,
1,1,000020,1790193077.407515,31807.2911035,250.87690179999845,candidate-measurement,101F09,valid,1056521,0,True,
1,1,000020,1790193077.5994947,31807.4830839,251.06888219999746,candidate-measurement,101F06,valid,1056518,-3,True,
1,1,000020,1790193077.790906,31807.6744951,251.26029339999877,candidate-measurement,101EF8,valid,1056504,-14,True,
1,1,000020,1790193077.9988997,31807.8824884,251.4682866999974,candidate-measurement,101EF3,valid,1056499,-5,True,
1,1,000020,1790193078.1904743,31808.0740635,251.6598617999989,candidate-measurement,101EF0,valid,1056496,-3,True,
1,1,000020,1790193078.3824651,31808.266055,251.85185329999877,candidate-measurement,101EEC,valid,1056492,-4,True,
1,1,000020,1790193078.5904598,31808.4740486,252.05984689999968,candidate-measurement,101EE5,valid,1056485,-7,True,
1,1,000020,1790193078.7818868,31808.6654757,252.25127399999838,candidate-measurement,101EE4,valid,1056484,-1,True,
1,1,000020,1790193078.973866,31808.857454,252.44325229999959,candidate-measurement,101EE3,valid,1056483,-1,True,
1,1,000020,1790193079.1818604,31809.0654495,252.65124780000042,candidate-measurement,101EE1,valid,1056481,-2,True,
1,1,000020,1790193079.3894298,31809.2730197,252.85881799999697,candidate-measurement,101EE0,valid,1056480,-1,True,
1,1,000020,1790193079.5814314,31809.46502,253.05081829999835,candidate-measurement,101EDD,valid,1056477,-3,True,
1,1,000020,1790193079.7734258,31809.6570145,253.24281279999923,candidate-measurement,101EDC,valid,1056476,-1,True,
1,1,000020,1790193079.9648325,31809.8484238,253.434222099997,candidate-measurement,101EDA,valid,1056474,-2,True,
1,1,000020,1790193080.1568289,31810.0404183,253.62621659999786,candidate-measurement,101ED8,valid,1056472,-2,True,
1,1,000020,1790193080.3488379,31810.2324265,253.81822479999755,candidate-measurement,101ED6,valid,1056470,-2,True,
1,1,000020,1790193080.556399,31810.439988,254.02578629999698,candidate-measurement,101ED3,valid,1056467,-3,True,
1,1,000020,1790193080.7483885,31810.6319801,254.21777839999777,candidate-measurement,101ED3,valid,1056467,0,True,
1,1,000020,1790193080.9403813,31810.8239727,254.40977099999873,candidate-measurement,101ED0,valid,1056464,-3,True,
1,1,000020,1790193081.1477997,31811.0313883,254.61718660000042,candidate-measurement,101ED0,valid,1056464,0,True,
1,1,000020,1790193081.339791,31811.2233804,254.80917869999757,candidate-measurement,101ECF,valid,1056463,-1,True,
1,1,000020,1790193081.5317852,31811.4153748,255.0011730999977,candidate-measurement,101ECC,valid,1056460,-3,True,
1,1,000020,1790193081.7233584,31811.6069479,255.1927461999985,candidate-measurement,101ECA,valid,1056458,-2,True,
1,1,000020,1790193081.9313517,31811.8149418,255.40074009999807,candidate-measurement,101ECA,valid,1056458,0,True,
1,1,000020,1790193082.123351,31812.0069394,255.5927376999971,candidate-measurement,101ECA,valid,1056458,0,True,
1,1,000020,1790193082.3147602,31812.1983493,255.78414759999941,candidate-measurement,101EC9,valid,1056457,-1,True,
1,1,000020,1790193082.5224035,31812.4059923,255.99179059999733,candidate-measurement,101EC9,valid,1056457,0,True,
1,1,000020,1790193082.7143223,31812.5979129,256.1837111999994,candidate-measurement,101EC8,valid,1056456,-1,True,
1,1,000020,1790193082.906322,31812.7899105,256.3757087999984,candidate-measurement,101EC6,valid,1056454,-2,True,
1,1,000020,1790193083.0983205,31812.9819083,256.5677065999989,candidate-measurement,101EC4,valid,1056452,-2,True,
1,1,000020,1790193083.305724,31813.1893132,256.7751114999992,candidate-measurement,101EC4,valid,1056452,0,True,
1,1,000020,1790193083.4977148,31813.381304,256.96710229999735,candidate-measurement,101EC4,valid,1056452,0,True,
1,1,000020,1790193083.6897166,31813.5733052,257.1591034999983,candidate-measurement,101EC4,valid,1056452,0,True,
1,1,000020,1790193083.8972924,31813.7808806,257.3666788999981,candidate-measurement,101EC3,valid,1056451,-1,True,
1,1,000020,1790193084.0892804,31813.9728688,257.5586670999983,candidate-measurement,101EC3,valid,1056451,0,True,
1,1,000020,1790193084.2807055,31814.1642948,257.7500930999995,candidate-measurement,101EC3,valid,1056451,0,True,
1,1,000020,1790193084.488689,31814.3722785,257.9580767999978,candidate-measurement,101EC3,valid,1056451,0,True,
1,1,000020,1790193084.6806798,31814.5642686,258.1500668999979,candidate-measurement,101EC3,valid,1056451,0,True,
1,1,000020,1790193084.8722644,31814.7558536,258.3416518999984,candidate-measurement,101EC1,valid,1056449,-2,True,
1,1,000020,1790193085.0642495,31814.9478379,258.533636199998,candidate-measurement,101EBE,valid,1056446,-3,True,
1,1,000020,1790193085.2716684,31815.1552569,258.7410552000001,candidate-measurement,101EB6,valid,1056438,-8,True,
1,1,000020,1790193085.463653,31815.3472418,258.933040099997,candidate-measurement,101EB3,valid,1056435,-3,True,
1,1,000020,1790193085.6552298,31815.538819,259.12461729999995,candidate-measurement,101EB2,valid,1056434,-1,True,
1,1,000020,1790193085.8632207,31815.7468113,259.33260959999825,candidate-measurement,101EB1,valid,1056433,-1,True,
1,1,000020,1790193086.05523,31815.9388183,259.5246165999997,candidate-measurement,101EB1,valid,1056433,0,True,
1,1,000020,1790193086.2466319,31816.1302204,259.7160186999972,candidate-measurement,101EB1,valid,1056433,0,True,
1,1,000020,1790193086.4546256,31816.3382154,259.9240136999979,candidate-measurement,101EB1,valid,1056433,0,True,
1,1,000020,1790193086.6462162,31816.5298057,260.1156039999987,candidate-measurement,101EB0,valid,1056432,-1,True,
1,1,000020,1790193086.8381994,31816.7217873,260.3075855999996,candidate-measurement,101EA8,valid,1056424,-8,True,
1,1,000020,1790193087.03019,31816.913779,260.4995772999973,candidate-measurement,101E9C,valid,1056412,-12,True,
1,1,000020,1790193087.2376077,31817.1211958,260.70699409999725,candidate-measurement,101E98,valid,1056408,-4,True,
1,1,000020,1790193087.4296007,31817.3131889,260.8989871999984,candidate-measurement,101E96,valid,1056406,-2,True,
1,1,000020,1790193087.6212077,31817.5047951,261.0905934000002,candidate-measurement,101E91,valid,1056401,-5,True,
1,1,000020,1790193087.8291671,31817.7127553,261.29855359999783,candidate-measurement,101E8C,valid,1056396,-5,True,
1,1,000020,1790193088.0211518,31817.9047404,261.4905386999999,candidate-measurement,101E8A,valid,1056394,-2,True,
1,1,000020,1790193088.2125723,31818.0961606,261.68195889999697,candidate-measurement,101E88,valid,1056392,-2,True,
1,1,000020,1790193088.4205515,31818.3041408,261.8899390999977,candidate-measurement,101E86,valid,1056390,-2,True,
1,1,000020,1790193088.6121495,31818.4957377,262.08153599999787,candidate-measurement,101E85,valid,1056389,-1,True,
1,1,000020,1790193088.8041308,31818.6877198,262.2735180999989,candidate-measurement,101E83,valid,1056387,-2,True,
1,1,000020,1790193088.9961226,31818.8797132,262.4655114999987,candidate-measurement,101E82,valid,1056386,-1,True,
1,1,000020,1790193089.2035377,31819.0871263,262.67292459999953,candidate-measurement,101E81,valid,1056385,-1,True,
1,1,000020,1790193089.3955278,31819.2791185,262.86491679999745,candidate-measurement,101E7F,valid,1056383,-2,True,
1,1,000020,1790193089.5871317,31819.4707206,263.0565188999972,candidate-measurement,101E7C,valid,1056380,-3,True,
1,1,000020,1790193089.7950964,31819.6786859,263.26448419999724,candidate-measurement,101E79,valid,1056377,-3,True,
1,1,000020,1790193089.9870956,31819.8706825,263.45648079999955,candidate-measurement,101E77,valid,1056375,-2,True,
1,1,000020,1790193090.1790962,31820.0626846,263.6484829000001,candidate-measurement,101E76,valid,1056374,-1,True,
1,1,000020,1790193090.3870745,31820.2706648,263.8564630999972,candidate-measurement,101E75,valid,1056373,-1,True,
1,1,000020,1790193090.5784948,31820.4620836,264.0478818999982,candidate-measurement,101E73,valid,1056371,-2,True,
1,1,000020,1790193090.7704868,31820.6540764,264.239874699997,candidate-measurement,101E72,valid,1056370,-1,True,
1,1,000020,1790193090.9620557,31820.8456473,264.4314455999993,candidate-measurement,101E70,valid,1056368,-2,True,
1,1,000020,1790193091.1700678,31821.0536562,264.6394545000003,candidate-measurement,101E70,valid,1056368,0,True,
1,1,000020,1790193091.362051,31821.2456398,264.8314380999982,candidate-measurement,101E70,valid,1056368,0,True,
1,1,000020,1790193091.5534556,31821.437047,265.02284529999815,candidate-measurement,101E70,valid,1056368,0,True,
1,1,000020,1790193091.7614558,31821.6450458,265.23084409999865,candidate-measurement,101E6E,valid,1056366,-2,True,
1,1,000020,1790193091.953019,31821.8366106,265.4224088999981,candidate-measurement,101E6E,valid,1056366,0,True,
1,1,000020,1790193092.1450195,31822.0286083,265.6144065999979,candidate-measurement,101E6E,valid,1056366,0,True,
1,1,000020,1790193092.3530107,31822.2366015,265.8223997999994,candidate-measurement,101E6E,valid,1056366,0,True,
1,1,000020,1790193092.5444295,31822.4280206,266.013818899999,candidate-measurement,101E6C,valid,1056364,-2,True,
1,1,000020,1790193092.7364361,31822.6200266,266.20582490000015,candidate-measurement,101E6A,valid,1056362,-2,True,
1,1,000020,1790193092.927999,31822.8115878,266.3973860999977,candidate-measurement,101E6A,valid,1056362,0,True,
1,1,000020,1790193093.135996,31823.0195841,266.6053823999973,candidate-measurement,101E6A,valid,1056362,0,True,
1,1,000020,1790193093.3279967,31823.2115862,266.79738449999786,candidate-measurement,101E69,valid,1056361,-1,True,
1,1,000020,1790193093.5193982,31823.4029866,266.988784899997,candidate-measurement,101E69,valid,1056361,0,True,
1,1,000020,1790193093.7273908,31823.6109816,267.19677989999764,candidate-measurement,101E69,valid,1056361,0,True,
1,1,000020,1790193093.9189656,31823.8025544,267.3883526999998,candidate-measurement,101E69,valid,1056361,0,True,
1,1,000020,1790193094.1109629,31823.9945516,267.5803498999994,candidate-measurement,101E68,valid,1056360,-1,True,
1,1,000020,1790193094.3189685,31824.2025569,267.7883551999985,candidate-measurement,101E64,valid,1056356,-4,True,
1,1,000020,1790193094.5109417,31824.3945332,267.980331499999,candidate-measurement,101E5C,valid,1056348,-8,True,
1,1,000020,1790193094.7023635,31824.5859516,268.17174989999694,candidate-measurement,101E59,valid,1056345,-3,True,
1,1,000020,1790193094.894357,31824.777947,268.3637452999974,candidate-measurement,101E58,valid,1056344,-1,True,
1,1,000020,1790193095.1019278,31824.985516,268.57131429999936,candidate-measurement,101E57,valid,1056343,-1,True,
1,1,000020,1790193095.293923,31825.1775111,268.7633093999975,candidate-measurement,101E57,valid,1056343,0,True,
1,1,000020,1790193095.4859233,31825.3695144,268.9553126999999,candidate-measurement,101E57,valid,1056343,0,True,
1,1,000020,1790193095.6933324,31825.5769207,269.1627189999999,candidate-measurement,101E54,valid,1056340,-3,True,
1,1,000020,1790193095.885326,31825.7689142,269.35471250000046,candidate-measurement,101E46,valid,1056326,-14,True,
1,1,000020,1790193096.077321,31825.9609092,269.54670749999786,candidate-measurement,101E41,valid,1056321,-5,True,
1,1,000020,1790193096.2848883,31826.1684772,269.7542754999995,candidate-measurement,101E3E,valid,1056318,-3,True,
1,1,000020,1790193096.4768858,31826.360475,269.94627330000003,candidate-measurement,101E3A,valid,1056314,-4,True,
1,1,000020,1790193096.6683004,31826.5518914,270.1376896999973,candidate-measurement,101E37,valid,1056311,-3,True,
1,1,000020,1790193096.860282,31826.7438721,270.3296703999986,candidate-measurement,101E32,valid,1056306,-5,True,
1,1,000020,1790193097.0682852,31826.9518762,270.5376744999994,candidate-measurement,101E30,valid,1056304,-2,True,
1,1,000020,1790193097.2598588,31827.1434475,270.72924579999744,candidate-measurement,101E30,valid,1056304,0,True,
1,1,000020,1790193097.4518445,31827.3354352,270.92123349999747,candidate-measurement,101E2F,valid,1056303,-1,True,
1,1,000020,1790193097.6598406,31827.5434311,271.1292293999977,candidate-measurement,101E2D,valid,1056301,-2,True,
1,1,000020,1790193097.8512597,31827.7348501,271.3206484000002,candidate-measurement,101E2C,valid,1056300,-1,True,
1,1,000020,1790193098.0432544,31827.9268427,271.51264099999753,candidate-measurement,101E2A,valid,1056298,-2,True,
1,1,000020,1790193098.250831,31828.1344193,271.72021759999916,candidate-measurement,101E28,valid,1056296,-2,True,
1,1,000020,1790193098.4428096,31828.3263999,271.9121981999997,candidate-measurement,101E27,valid,1056295,-1,True,
1,1,000020,1790193098.6348152,31828.5184038,272.1042020999994,candidate-measurement,101E25,valid,1056293,-2,True,
1,1,000020,1790193098.8262281,31828.7098174,272.29561569999714,candidate-measurement,101E22,valid,1056290,-3,True,
1,1,000020,1790193099.0342236,31828.917812,272.5036102999984,candidate-measurement,101E21,valid,1056289,-1,True,
1,1,000020,1790193099.2262106,31829.1097992,272.69559749999826,candidate-measurement,101E20,valid,1056288,-1,True,
1,1,000020,1790193099.4177973,31829.3013884,272.887186699998,candidate-measurement,101E1D,valid,1056285,-3,True,
1,1,000020,1790193099.6257877,31829.5093763,273.09517459999915,candidate-measurement,101E1C,valid,1056284,-1,True,
1,1,000020,1790193099.8177707,31829.7013597,273.2871579999992,candidate-measurement,101E1C,valid,1056284,0,True,
1,1,000020,1790193100.0091856,31829.892775,273.47857329999897,candidate-measurement,101E1A,valid,1056282,-2,True,
1,1,000020,1790193100.217185,31830.100773,273.686571299997,candidate-measurement,101E18,valid,1056280,-2,True,
1,1,000020,1790193100.4087594,31830.2923481,273.8781463999985,candidate-measurement,101E16,valid,1056278,-2,True,
1,1,000020,1790193100.600753,31830.4843423,274.0701405999971,candidate-measurement,101E16,valid,1056278,0,True,
1,1,000020,1790193100.792745,31830.676334,274.2621322999985,candidate-measurement,101E16,valid,1056278,0,True,
1,1,000020,1790193101.0002089,31830.8837994,274.4695976999974,candidate-measurement,101E16,valid,1056278,0,True,
1,1,000020,1790193101.192155,31831.0757434,274.66154169999936,candidate-measurement,101E14,valid,1056276,-2,True,
1,1,000020,1790193101.3837297,31831.2673179,274.85311619999993,candidate-measurement,101E14,valid,1056276,0,True,
1,1,000020,1790193101.5917182,31831.4753085,275.06110679999983,candidate-measurement,101E14,valid,1056276,0,True,
1,1,000020,1790193101.7837064,31831.6672966,275.25309489999927,candidate-measurement,101E13,valid,1056275,-1,True,
1,1,000020,1790193101.975125,31831.8587159,275.4445142000004,candidate-measurement,101E11,valid,1056273,-2,True,
1,1,000020,1790193102.1831234,31832.0667119,275.6525101999978,candidate-measurement,101E10,valid,1056272,-1,True,
1,1,000020,1790193102.3746927,31832.2582817,275.84407999999894,candidate-measurement,101E10,valid,1056272,0,True,
1,1,000020,1790193102.5666828,31832.4502737,276.03607199999897,candidate-measurement,101E10,valid,1056272,0,True,
1,1,000020,1790193102.758676,31832.6422672,276.2280654999995,candidate-measurement,101E0F,valid,1056271,-1,True,
1,1,000020,1790193102.9666736,31832.8502633,276.43606159999763,candidate-measurement,101E0F,valid,1056271,0,True,
1,1,000020,1790193103.1586716,31833.0422596,276.62805789999766,candidate-measurement,101E0F,valid,1056271,0,True,
1,1,000020,1790193103.3500786,31833.2336695,276.8194678,candidate-measurement,101E0F,valid,1056271,0,True,
1,1,000020,1790193103.55766,31833.4412481,277.02704639999865,candidate-measurement,101E0F,valid,1056271,0,True,
1,1,000020,1790193103.7496371,31833.6332287,277.2190269999992,candidate-measurement,101E0D,valid,1056269,-2,True,
1,1,000020,1790193103.9416578,31833.8252451,277.41104339999947,candidate-measurement,101E07,valid,1056263,-6,True,
1,1,000020,1790193104.1490602,31834.0326485,277.6184467999992,candidate-measurement,101E03,valid,1056259,-4,True,
1,1,000020,1790193104.3570483,31834.2406371,277.82643539999845,candidate-measurement,101E00,valid,1056256,-3,True,
1,1,000020,1790193104.5490468,31834.432636,278.0184343000001,candidate-measurement,101DFE,valid,1056254,-2,True,
1,1,000020,1790193104.740617,31834.6242064,278.21000469999854,candidate-measurement,101DFD,valid,1056253,-1,True,
1,1,000020,1790193104.9326165,31834.8162047,278.40200299999924,candidate-measurement,101DFD,valid,1056253,0,True,
1,1,000020,1790193105.124606,31835.0081943,278.5939925999992,candidate-measurement,101DFD,valid,1056253,0,True,
1,1,000020,1790193105.3160212,31835.1996111,278.7854093999995,candidate-measurement,101DFB,valid,1056251,-2,True,
1,1,000020,1790193105.5240214,31835.4076129,278.99341119999735,candidate-measurement,101DF9,valid,1056249,-2,True,
1,1,000020,1790193105.7160082,31835.5995971,279.18539539999983,candidate-measurement,101DEC,valid,1056236,-13,True,
1,1,000020,1790193105.9075818,31835.7911697,279.3769680000005,candidate-measurement,101DE8,valid,1056232,-4,True,
1,1,000020,1790193106.1155791,31835.9991676,279.58496589999777,candidate-measurement,101DE5,valid,1056229,-3,True,
1,1,000020,1790193106.3075655,31836.1911552,279.77695349999703,candidate-measurement,101DE3,valid,1056227,-2,True,
1,1,000020,1790193106.4989893,31836.3825777,279.9683759999971,candidate-measurement,101DE0,valid,1056224,-3,True,
1,1,000020,1790193106.6909792,31836.5745672,280.1603654999999,candidate-measurement,101DDE,valid,1056222,-2,True,
1,1,000020,1790193106.8989613,31836.7825482,280.36834649999946,candidate-measurement,101DDA,valid,1056218,-4,True,
1,1,000020,1790193107.090537,31836.9741255,280.5599237999995,candidate-measurement,101DD8,valid,1056216,-2,True,
1,1,000020,1790193107.2825346,31837.1661229,280.751921199997,candidate-measurement,101DD8,valid,1056216,0,True,
1,1,000020,1790193107.4905272,31837.3741167,280.95991499999946,candidate-measurement,101DD6,valid,1056214,-2,True,
1,1,000020,1790193107.681935,31837.5655258,281.15132409999933,candidate-measurement,101DD6,valid,1056214,0,True,
1,1,000020,1790193107.8739324,31837.7575228,281.3433210999974,candidate-measurement,101DD6,valid,1056214,0,True,
1,1,000020,1790193108.0659275,31837.9495168,281.5353150999981,candidate-measurement,101DD5,valid,1056213,-1,True,
1,1,000020,1790193108.2735193,31838.1571078,281.74290610000025,candidate-measurement,101DD3,valid,1056211,-2,True,
1,1,000020,1790193108.4654987,31838.3490888,281.9348871000002,candidate-measurement,101DD2,valid,1056210,-1,True,
1,1,000020,1790193108.6574843,31838.5410746,282.1268729000003,candidate-measurement,101DD1,valid,1056209,-1,True,
1,1,000020,1790193108.8649042,31838.7484952,282.33429350000006,candidate-measurement,101DCF,valid,1056207,-2,True,
1,1,000020,1790193109.0568955,31838.9404837,282.5262819999989,candidate-measurement,101DCE,valid,1056206,-1,True,
1,1,000020,1790193109.2488918,31839.1324803,282.7182785999976,candidate-measurement,101DCE,valid,1056206,0,True,
1,1,000020,1790193109.4564655,31839.3400545,282.9258527999991,candidate-measurement,101DCC,valid,1056204,-2,True,
1,1,000020,1790193109.648456,31839.5320447,283.117843,candidate-measurement,101DCB,valid,1056203,-1,True,
1,1,000020,1790193109.8404481,31839.7240379,283.30983619999824,candidate-measurement,101DC8,valid,1056200,-3,True,
1,1,000020,1790193110.0478652,31839.9314548,283.5172530999989,candidate-measurement,101DC6,valid,1056198,-2,True,
1,1,000020,1790193110.2398634,31840.1234516,283.7092498999991,candidate-measurement,101DC3,valid,1056195,-3,True,
1,1,000020,1790193110.4314325,31840.3150216,283.90081989999817,candidate-measurement,101DC2,valid,1056194,-1,True,
1,1,000020,1790193110.6234236,31840.5070145,284.0928127999978,candidate-measurement,101DC0,valid,1056192,-2,True,
1,1,000020,1790193110.8314762,31840.715063,284.30086129999836,candidate-measurement,101DBE,valid,1056190,-2,True,
1,1,000020,1790193111.0234177,31840.907006,284.4928043,candidate-measurement,101DBD,valid,1056189,-1,True,
1,1,000020,1790193111.2154124,31841.0990008,284.6847990999995,candidate-measurement,101DBC,valid,1056188,-1,True,
1,1,000020,1790193111.4228241,31841.3064127,284.8922109999985,candidate-measurement,101DBC,valid,1056188,0,True,
1,1,000020,1790193111.6148193,31841.4984075,285.084205799998,candidate-measurement,101DBC,valid,1056188,0,True,
1,1,000020,1790193111.8063867,31841.6899775,285.27577579999706,candidate-measurement,101DBC,valid,1056188,0,True,
1,1,000020,1790193111.998386,31841.8819747,285.4677730000003,candidate-measurement,101DBA,valid,1056186,-2,True,
1,1,000020,1790193112.2058008,31842.0893891,285.67518740000014,candidate-measurement,101DBA,valid,1056186,0,True,
1,1,000020,1790193112.3977926,31842.2813806,285.8671789,candidate-measurement,101DBA,valid,1056186,0,True,
1,1,000020,1790193112.5893636,31842.4729535,286.0587517999993,candidate-measurement,101DB9,valid,1056185,-1,True,
1,1,000020,1790193112.7973547,31842.6809459,286.26674419999836,candidate-measurement,101DB8,valid,1056184,-1,True,
1,1,000020,1790193112.9893515,31842.8729416,286.45873989999745,candidate-measurement,101DB6,valid,1056182,-2,True,
1,1,000020,1790193113.1807659,31843.0643545,286.65015279999716,candidate-measurement,101DB6,valid,1056182,0,True,
1,1,000020,1790193113.3887558,31843.2723443,286.85814259999825,candidate-measurement,101DB6,valid,1056182,0,True,
1,1,000020,1790193113.5803313,31843.4639224,287.0497206999971,candidate-measurement,101DB5,valid,1056181,-1,True,
1,1,000020,1790193113.7723145,31843.6559063,287.2417045999973,candidate-measurement,101DB5,valid,1056181,0,True,
1,1,000020,1790193113.964318,31843.8479087,287.43370700000014,candidate-measurement,101DB5,valid,1056181,0,True,
1,1,000020,1790193114.1723137,31844.0559014,287.64169969999784,candidate-measurement,101DB5,valid,1056181,0,True,
1,1,000020,1790193114.3637269,31844.2473165,287.83311479999975,candidate-measurement,101DB5,valid,1056181,0,True,
1,1,000020,1790193114.555728,31844.4393191,288.02511740000045,candidate-measurement,101DB4,valid,1056180,-1,True,
1,1,000020,1790193114.763291,31844.6468825,288.2326807999998,candidate-measurement,101DAC,valid,1056172,-8,True,
1,1,000020,1790193114.955285,31844.8388733,288.42467159999796,candidate-measurement,101DA8,valid,1056168,-4,True,
1,1,000020,1790193115.147282,31845.0308706,288.61666889999833,candidate-measurement,101DA6,valid,1056166,-2,True,
1,1,000020,1790193115.35469,31845.2382807,288.82407899999816,candidate-measurement,101DA4,valid,1056164,-2,True,
1,1,000020,1790193115.546268,31845.4298584,289.01565669999763,candidate-measurement,101DA2,valid,1056162,-2,True,
1,1,000020,1790193115.7382607,31845.6218492,289.20764749999944,candidate-measurement,101DA2,valid,1056162,0,True,
1,1,000020,1790193115.930253,31845.8138433,289.39964159999727,candidate-measurement,101DA2,valid,1056162,0,True,
1,1,000020,1790193116.137677,31846.0212648,289.60706310000023,candidate-measurement,101DA2,valid,1056162,0,True,
1,1,000020,1790193116.329665,31846.213254,289.79905229999713,candidate-measurement,101DA2,valid,1056162,0,True,
1,1,000020,1790193116.5216572,31846.4052456,289.99104389999775,candidate-measurement,101DA2,valid,1056162,0,True,
1,1,000020,1790193116.7292283,31846.6128191,290.1986173999976,candidate-measurement,101D9E,valid,1056158,-4,True,
1,1,000020,1790193116.9212239,31846.804815,290.3906132999982,candidate-measurement,101D8F,valid,1056143,-15,True,
1,1,000020,1790193117.1132238,31846.9968124,290.58261069999935,candidate-measurement,101D8A,valid,1056138,-5,True,
1,1,000020,1790193117.3212051,31847.2047941,290.79059239999697,candidate-measurement,101D87,valid,1056135,-3,True,
1,1,000020,1790193117.5126235,31847.3962128,290.9820110999972,candidate-measurement,101D82,valid,1056130,-5,True,
1,1,000020,1790193117.704611,31847.5882025,291.1740007999979,candidate-measurement,101D7D,valid,1056125,-5,True,
1,1,000020,1790193117.8962026,31847.779794,291.36559229999693,candidate-measurement,101D7B,valid,1056123,-2,True,
1,1,000020,1790193118.1041825,31847.9877708,291.57356909999726,candidate-measurement,101D79,valid,1056121,-2,True,
1,1,000020,1790193118.2961862,31848.1797745,291.76557279999906,candidate-measurement,101D78,valid,1056120,-1,True,
1,1,000020,1790193118.4881701,31848.371761,291.95755929999723,candidate-measurement,101D76,valid,1056118,-2,True,
1,1,000020,1790193118.695585,31848.5791752,292.1649734999992,candidate-measurement,101D74,valid,1056116,-2,True,
1,1,000020,1790193118.887157,31848.7707455,292.3565438000005,candidate-measurement,101D74,valid,1056116,0,True,
1,1,000020,1790193119.0791533,31848.9627421,292.5485403999992,candidate-measurement,101D73,valid,1056115,-1,True,
1,1,000020,1790193119.2871497,31849.1707377,292.75653599999714,candidate-measurement,101D70,valid,1056112,-3,True,
1,1,000020,1790193119.4785967,31849.3621825,292.94798079999964,candidate-measurement,101D6E,valid,1056110,-2,True,
1,1,000020,1790193119.6705527,31849.5541408,293.1399390999977,candidate-measurement,101D6A,valid,1056106,-4,True,
1,1,000020,1790193119.862127,31849.7457185,293.3315167999972,candidate-measurement,101D68,valid,1056104,-2,True,
1,1,000020,1790193120.0701325,31849.9537204,293.53951869999946,candidate-measurement,101D66,valid,1056102,-2,True,
1,1,000020,1790193120.2615547,31850.1451436,293.73094189999756,candidate-measurement,101D64,valid,1056100,-2,True,
1,1,000020,1790193120.4535327,31850.3371206,293.9229188999998,candidate-measurement,101D62,valid,1056098,-2,True,
1,1,000020,1790193120.6610975,31850.5446886,294.1304868999978,candidate-measurement,101D62,valid,1056098,0,True,
1,1,000020,1790193120.8530989,31850.7366863,294.32248459999755,candidate-measurement,101D62,valid,1056098,0,True,
1,1,000020,1790193121.0450914,31850.9286795,294.51447779999944,candidate-measurement,101D60,valid,1056096,-2,True,
1,1,000020,1790193121.252506,31851.1360943,294.7218925999987,candidate-measurement,101D60,valid,1056096,0,True,
1,1,000020,1790193121.4444869,31851.3280779,294.91387620000023,candidate-measurement,101D60,valid,1056096,0,True,
1,1,000020,1790193121.6360648,31851.5196563,295.10545459999776,candidate-measurement,101D5E,valid,1056094,-2,True,
1,1,000020,1790193121.8280563,31851.7116467,295.29744500000015,candidate-measurement,101D5C,valid,1056092,-2,True,
1,1,000020,1790193122.0360558,31851.9196472,295.50544549999904,candidate-measurement,101D5C,valid,1056092,0,True,
1,1,000020,1790193122.228052,31852.1116407,295.6974389999996,candidate-measurement,101D5B,valid,1056091,-1,True,
1,1,000020,1790193122.4194605,31852.3030504,295.8888487000004,candidate-measurement,101D5B,valid,1056091,0,True,
1,1,000020,1790193122.627116,31852.5107049,296.09650319999855,candidate-measurement,101D5B,valid,1056091,0,True,
1,1,000020,1790193122.8190305,31852.7026214,296.2884196999985,candidate-measurement,101D5B,valid,1056091,0,True,
1,1,000020,1790193123.0110261,31852.8946177,296.4804159999985,candidate-measurement,101D5A,valid,1056090,-1,True,
1,1,000020,1790193123.2190177,31853.1026063,296.68840459999774,candidate-measurement,101D56,valid,1056086,-4,True,
1,1,000020,1790193123.426429,31853.3100177,296.8958160000002,candidate-measurement,101D50,valid,1056080,-6,True,
1,1,000020,1790193123.618415,31853.502007,297.08780529999785,candidate-measurement,101D4D,valid,1056077,-3,True,
1,1,000020,1790193123.809996,31853.6935873,297.27938559999893,candidate-measurement,101D4B,valid,1056075,-2,True,
1,1,000020,1790193124.001992,31853.8855825,297.47138079999786,candidate-measurement,101D4A,valid,1056074,-1,True,
1,1,000020,1790193124.1939924,31854.0775811,297.6633793999972,candidate-measurement,101D49,valid,1056073,-1,True,
1,1,000020,1790193124.3859818,31854.2695714,297.85536969999885,candidate-measurement,101D49,valid,1056073,0,True,
1,1,000020,1790193124.5933917,31854.4769828,298.06278109999766,candidate-measurement,101D49,valid,1056073,0,True,
1,1,000020,1790193124.7853878,31854.6689792,298.25477749999845,candidate-measurement,101D49,valid,1056073,0,True,
1,1,000020,1790193124.9769564,31854.8605476,298.44634589999987,candidate-measurement,101D47,valid,1056071,-2,True,
1,1,000020,1790193125.1849587,31855.0685465,298.6543447999975,candidate-measurement,101D45,valid,1056069,-2,True,
1,1,000020,1790193125.3769474,31855.2605366,298.8463348999976,candidate-measurement,101D39,valid,1056057,-12,True,
1,1,000020,1790193125.568363,31855.4519533,299.03775159999714,candidate-measurement,101D34,valid,1056052,-5,True,
1,1,000020,1790193125.7603607,31855.6439489,299.2297471999991,candidate-measurement,101D32,valid,1056050,-2,True,
1,1,000020,1790193125.968353,31855.8519423,299.4377405999985,candidate-measurement,101D30,valid,1056048,-2,True,
1,1,000020,1790193126.160377,31856.0439628,299.62976109999727,candidate-measurement,101D2E,valid,1056046,-2,True,
1,1,000020,1790193126.351922,31856.2355109,299.8213091999969,candidate-measurement,101D2C,valid,1056044,-2,True,
