payload_index,trial_index,payload_hex,timestamp,monotonic_s,elapsed_candidate_s,phase,rx_bytes_hex,reply_kind,raw_position,delta_counts,valid,note
1,1,00001F,1790195573.6280255,34303.5116123,0.20296629999938887,candidate-warmup,0FDA58,valid,1038936,-144,True,
1,1,00001F,1790195573.8200073,34303.7035955,0.3949495000051684,candidate-warmup,0FDA58,valid,1038936,0,True,
1,1,00001F,1790195574.0114272,34303.8950158,0.5863698000030126,candidate-warmup,0FDA58,valid,1038936,0,True,
1,1,00001F,1790195574.2034748,34304.0870636,0.7784176000059233,candidate-warmup,0FDA58,valid,1038936,0,True,
1,1,00001F,1790195574.3949893,34304.2785781,0.969932100000733,candidate-warmup,0FDA58,valid,1038936,0,True,
1,1,00001F,1790195574.5869844,34304.4705732,1.1619272000025376,candidate-warmup,0FDA58,valid,1038936,0,True,
1,1,00001F,1790195574.7789805,34304.6625689,1.3539229000016348,candidate-warmup,0FDA58,valid,1038936,0,True,
1,1,00001F,1790195574.9869697,34304.8705588,1.5619128000034834,candidate-warmup,0FDA57,valid,1038935,-1,True,
1,1,00001F,1790195575.1783943,34305.0619824,1.7533364000046276,candidate-warmup,0FDA57,valid,1038935,0,True,
1,1,00001F,1790195575.37041,34305.2539979,1.9453519000016968,candidate-warmup,0FDA56,valid,1038934,-1,True,
1,1,00001F,1790195575.5779521,34305.4615406,2.152894600003492,candidate-warmup,0FDA56,valid,1038934,0,True,
1,1,00001F,1790195575.76996,34305.6535485,2.3449025000008987,candidate-warmup,0FDA56,valid,1038934,0,True,
1,1,00001F,1790195575.9619355,34305.8455256,2.5368796000038856,candidate-warmup,0FDA56,valid,1038934,0,True,
1,1,00001F,1790195576.1533742,34306.0369624,2.7283164000036777,candidate-warmup,0FDA55,valid,1038933,-1,True,
1,1,00001F,1790195576.3609366,34306.2445248,2.9358788000026834,candidate-warmup,0FDA53,valid,1038931,-2,True,
1,1,00001F,1790195576.5529206,34306.4365098,3.127863800000341,candidate-warmup,0FDA52,valid,1038930,-1,True,
1,1,00001F,1790195576.7449214,34306.6285096,3.319863600001554,candidate-warmup,0FDA51,valid,1038929,-1,True,
1,1,00001F,1790195576.952911,34306.8365002,3.5278542000014568,candidate-warmup,0FDA4F,valid,1038927,-2,True,
1,1,00001F,1790195577.1443386,34307.0279263,3.7192802999998094,candidate-warmup,0FDA4E,valid,1038926,-1,True,
1,1,00001F,1790195577.3363261,34307.2199138,3.9112678000019514,candidate-warmup,0FDA4E,valid,1038926,0,True,
1,1,00001F,1790195577.5439112,34307.4274981,4.1188521000003675,candidate-warmup,0FDA4C,valid,1038924,-2,True,
1,1,00001F,1790195577.7358775,34307.6194664,4.31082040000183,candidate-warmup,0FDA4C,valid,1038924,0,True,
1,1,00001F,1790195577.9273028,34307.8108912,4.502245200004836,candidate-warmup,0FDA4A,valid,1038922,-2,True,
1,1,00001F,1790195578.1192932,34308.0028814,4.694235400005709,candidate-warmup,0FDA47,valid,1038919,-3,True,
1,1,00001F,1790195578.3272777,34308.2108659,4.9022199000028195,candidate-warmup,0FDA44,valid,1038916,-3,True,
1,1,00001F,1790195578.5188603,34308.4024486,5.093802600000345,candidate-warmup,0FDA42,valid,1038914,-2,True,
1,1,00001F,1790195578.710856,34308.5944447,5.285798700002488,candidate-warmup,0FDA40,valid,1038912,-2,True,
1,1,00001F,1790195578.918849,34308.8024369,5.493790900000022,candidate-warmup,0FDA3E,valid,1038910,-2,True,
1,1,00001F,1790195579.1102662,34308.9938546,5.685208599999896,candidate-warmup,0FDA3C,valid,1038908,-2,True,
1,1,00001F,1790195579.3022535,34309.1858417,5.8771956999989925,candidate-warmup,0FDA3C,valid,1038908,0,True,
1,1,00001F,1790195579.5098221,34309.3934113,6.084765300001891,candidate-warmup,0FDA3C,valid,1038908,0,True,
1,1,00001F,1790195579.7018237,34309.5854121,6.276766100003442,candidate-warmup,0FDA3A,valid,1038906,-2,True,
1,1,00001F,1790195579.8932364,34309.776826,6.4681800000034855,candidate-warmup,0FDA3A,valid,1038906,0,True,
1,1,00001F,1790195580.0852258,34309.9688139,6.660167900001397,candidate-warmup,0FDA3A,valid,1038906,0,True,
1,1,00001F,1790195580.293225,34310.1768132,6.868167200002063,candidate-warmup,0FDA3A,valid,1038906,0,True,
1,1,00001F,1790195580.4847877,34310.3683767,7.059730699998909,candidate-warmup,0FDA38,valid,1038904,-2,True,
1,1,00001F,1790195580.6767955,34310.5603835,7.251737500002491,candidate-warmup,0FDA36,valid,1038902,-2,True,
1,1,00001F,1790195580.8847852,34310.7683733,7.459727300003578,candidate-warmup,0FDA36,valid,1038902,0,True,
1,1,00001F,1790195581.0762005,34310.9597886,7.65114259999973,candidate-warmup,0FDA36,valid,1038902,0,True,
1,1,00001F,1790195581.2681973,34311.1517857,7.843139700002212,candidate-warmup,0FDA35,valid,1038901,-1,True,
1,1,00001F,1790195581.476178,34311.3597667,8.051120700001775,candidate-warmup,0FDA35,valid,1038901,0,True,
1,1,00001F,1790195581.6681814,34311.5517696,8.243123600004765,candidate-warmup,0FDA35,valid,1038901,0,True,
1,1,00001F,1790195581.8597465,34311.7433354,8.434689400004572,candidate-warmup,0FDA35,valid,1038901,0,True,
1,1,00001F,1790195582.051744,34311.9353329,8.626686900002824,candidate-warmup,0FDA35,valid,1038901,0,True,
1,1,00001F,1790195582.259737,34312.1433255,8.834679500003404,candidate-warmup,0FDA34,valid,1038900,-1,True,
1,1,00001F,1790195582.451155,34312.3347445,9.0260985000059,candidate-warmup,0FDA30,valid,1038896,-4,True,
1,1,00001F,1790195582.643143,34312.5267317,9.218085700005759,candidate-warmup,0FDA2A,valid,1038890,-6,True,
1,1,00001F,1790195582.8507214,34312.7343104,9.42566440000519,candidate-warmup,0FDA28,valid,1038888,-2,True,
1,1,00001F,1790195583.0427155,34312.9263043,9.617658300005132,candidate-warmup,0FDA25,valid,1038885,-3,True,
1,1,00001F,1790195583.2347136,34313.1183019,9.809655900004145,candidate-warmup,0FDA24,valid,1038884,-1,True,
1,1,00001F,1790195583.4267218,34313.3103112,10.001665200004936,candidate-warmup,0FDA24,valid,1038884,0,True,
1,1,00001F,1790195583.6341252,34313.5177143,10.209068299998762,candidate-warmup,0FDA23,valid,1038883,-1,True,
1,1,00001F,1790195583.8261056,34313.7096943,10.401048300002003,candidate-warmup,0FDA23,valid,1038883,0,True,
1,1,00001F,1790195584.0176854,34313.9012735,10.592627500001981,candidate-warmup,0FDA23,valid,1038883,0,True,
1,1,00001F,1790195584.225677,34314.1092652,10.800619200002984,candidate-warmup,0FDA23,valid,1038883,0,True,
1,1,00001F,1790195584.4176645,34314.3012534,10.99260740000318,candidate-warmup,0FDA23,valid,1038883,0,True,
1,1,00001F,1790195584.6090803,34314.4926703,11.18402430000424,candidate-warmup,0FDA22,valid,1038882,-1,True,
1,1,00001F,1790195584.8170807,34314.7006689,11.392022899999574,candidate-warmup,0FDA1B,valid,1038875,-7,True,
1,1,00001F,1790195585.008654,34314.8922435,11.583597500000906,candidate-warmup,0FDA11,valid,1038865,-10,True,
1,1,00001F,1790195585.2006512,34315.0842398,11.775593800004572,candidate-warmup,0FDA0D,valid,1038861,-4,True,
1,1,00001F,1790195585.3926349,34315.2762234,11.967577399998845,candidate-warmup,0FDA0A,valid,1038858,-3,True,
1,1,00001F,1790195585.6000519,34315.4836403,12.174994300003164,candidate-warmup,0FDA08,valid,1038856,-2,True,
1,1,00001F,1790195585.7920475,34315.6756365,12.366990499998792,candidate-warmup,0FDA06,valid,1038854,-2,True,
1,1,00001F,1790195585.9840422,34315.8676316,12.558985600000597,candidate-warmup,0FDA03,valid,1038851,-3,True,
1,1,00001F,1790195586.191616,34316.0752043,12.766558300005272,candidate-warmup,0FDA00,valid,1038848,-3,True,
1,1,00001F,1790195586.383609,34316.2671977,12.958551700001408,candidate-warmup,0FD9FE,valid,1038846,-2,True,
1,1,00001F,1790195586.5756028,34316.459191,13.150545000004058,candidate-warmup,0FD9FD,valid,1038845,-1,True,
1,1,00001F,1790195586.7835941,34316.6671829,13.358536899999308,candidate-warmup,0FD9FC,valid,1038844,-1,True,
1,1,00001F,1790195586.975008,34316.8585968,13.549950799999351,candidate-warmup,0FD9FC,valid,1038844,0,True,
1,1,00001F,1790195587.1670096,34317.0505973,13.741951300005894,candidate-warmup,0FD9FA,valid,1038842,-2,True,
1,1,00001F,1790195587.358579,34317.242167,13.933520999999018,candidate-warmup,0FD9FA,valid,1038842,0,True,
1,1,00001F,1790195587.5665705,34317.4501596,14.141513599999598,candidate-warmup,0FD9F9,valid,1038841,-1,True,
1,1,00001F,1790195587.7585616,34317.6421494,14.333503400004702,candidate-warmup,0FD9F8,valid,1038840,-1,True,
1,1,00001F,1790195587.949974,34317.8335643,14.524918300005083,candidate-warmup,0FD9F7,valid,1038839,-1,True,
1,1,00001F,1790195588.1579986,34318.0415858,14.732939800000167,candidate-warmup,0FD9F4,valid,1038836,-3,True,
1,1,00001F,1790195588.3495471,34318.2331358,14.924489800003357,candidate-warmup,0FD9F4,valid,1038836,0,True,
1,1,00001F,1790195588.5415368,34318.4251257,15.116479700001946,candidate-warmup,0FD9F2,valid,1038834,-2,True,
1,1,00001F,1790195588.7495325,34318.633121,15.324475000001257,candidate-warmup,0FD9F0,valid,1038832,-2,True,
1,1,00001F,1790195588.941527,34318.8251152,15.516469200003485,candidate-warmup,0FD9EE,valid,1038830,-2,True,
1,1,00001F,1790195589.1329532,34319.0165411,15.707895100000314,candidate-warmup,0FD9EB,valid,1038827,-3,True,
1,1,00001F,1790195589.3249328,34319.2085214,15.89987540000584,candidate-warmup,0FD9EB,valid,1038827,0,True,
1,1,00001F,1790195589.532501,34319.4160908,16.10744479999994,candidate-warmup,0FD9E9,valid,1038825,-2,True,
1,1,00001F,1790195589.724493,34319.6080819,16.29943590000039,candidate-warmup,0FD9E9,valid,1038825,0,True,
1,1,00001F,1790195589.9164975,34319.8000863,16.49144030000025,candidate-warmup,0FD9E8,valid,1038824,-1,True,
1,1,00001F,1790195590.1245055,34320.008094,16.699447999999393,candidate-warmup,0FD9E6,valid,1038822,-2,True,
1,1,00001F,1790195590.3159277,34320.1995148,16.890868800001044,candidate-warmup,0FD9E4,valid,1038820,-2,True,
1,1,00001F,1790195590.5078955,34320.391484,17.082838000002084,candidate-warmup,0FD9E2,valid,1038818,-2,True,
1,1,00001F,1790195590.7154863,34320.5990721,17.29042610000033,candidate-warmup,0FD9E2,valid,1038818,0,True,
1,1,00001F,1790195590.9074583,34320.7910478,17.482401799999934,candidate-warmup,0FD9E2,valid,1038818,0,True,
1,1,00001F,1790195591.0994744,34320.9830632,17.674417200003518,candidate-warmup,0FD9E2,valid,1038818,0,True,
1,1,00001F,1790195591.2908704,34321.1744589,17.86581290000322,candidate-warmup,0FD9E0,valid,1038816,-2,True,
1,1,00001F,1790195591.4988644,34321.3824528,18.073806799999147,candidate-warmup,0FD9E0,valid,1038816,0,True,
1,1,00001F,1790195591.6904328,34321.5740231,18.265377100004116,candidate-warmup,0FD9E0,valid,1038816,0,True,
1,1,00001F,1790195591.8824282,34321.7660166,18.457370600001013,candidate-warmup,0FD9DF,valid,1038815,-1,True,
1,1,00001F,1790195592.0904245,34321.9740145,18.66536850000557,candidate-warmup,0FD9DD,valid,1038813,-2,True,
1,1,00001F,1790195592.282429,34322.1660171,18.857371099999,candidate-warmup,0FD9DC,valid,1038812,-1,True,
1,1,00001F,1790195592.473835,34322.3574241,19.04877810000471,candidate-warmup,0FD9DC,valid,1038812,0,True,
1,1,00001F,1790195592.6814182,34322.5650079,19.25636189999932,candidate-warmup,0FD9DC,valid,1038812,0,True,
1,1,00001F,1790195592.8733993,34322.7569877,19.448341700001038,candidate-warmup,0FD9DB,valid,1038811,-1,True,
1,1,00001F,1790195593.0653858,34322.9489748,19.640328800000134,candidate-warmup,0FD9DB,valid,1038811,0,True,
1,1,00001F,1790195593.2574203,34323.1410084,19.832362400004058,candidate-warmup,0FD9DB,valid,1038811,0,True,
1,1,00001F,1790195593.4648,34323.3483888,20.039742799999658,candidate-measurement,0FD9DB,valid,1038811,0,True,
1,1,00001F,1790195593.6563776,34323.5399664,20.231320400002005,candidate-measurement,0FD9DB,valid,1038811,0,True,
1,1,00001F,1790195593.8483636,34323.731952,20.42330600000423,candidate-measurement,0FD9DA,valid,1038810,-1,True,
1,1,00001F,1790195594.056356,34323.9399445,20.63129850000405,candidate-measurement,0FD9D5,valid,1038805,-5,True,
1,1,00001F,1790195594.2483568,34324.1319449,20.823298900002555,candidate-measurement,0FD9D0,valid,1038800,-5,True,
1,1,00001F,1790195594.4397702,34324.3233592,21.014713200005644,candidate-measurement,0FD9CE,valid,1038798,-2,True,
1,1,00001F,1790195594.6483421,34324.5319315,21.22328550000384,candidate-measurement,0FD9CB,valid,1038795,-3,True,
1,1,00001F,1790195594.8557582,34324.7393464,21.430700400000205,candidate-measurement,0FD9CA,valid,1038794,-1,True,
1,1,00001F,1790195595.0477383,34324.9313272,21.622681200002262,candidate-measurement,0FD9C9,valid,1038793,-1,True,
1,1,00001F,1790195595.239325,34325.1229134,21.81426740000461,candidate-measurement,0FD9C9,valid,1038793,0,True,
1,1,00001F,1790195595.4313092,34325.3148983,22.006252300001506,candidate-measurement,0FD9C9,valid,1038793,0,True,
1,1,00001F,1790195595.6233106,34325.5068998,22.198253800001112,candidate-measurement,0FD9C9,valid,1038793,0,True,
1,1,00001F,1790195595.8153064,34325.6988953,22.390249299998686,candidate-measurement,0FD9C9,valid,1038793,0,True,
1,1,00001F,1790195596.0227222,34325.9063111,22.597665100001905,candidate-measurement,0FD9C8,valid,1038792,-1,True,
1,1,00001F,1790195596.2147176,34326.0983056,22.78965959999914,candidate-measurement,0FD9C5,valid,1038789,-3,True,
1,1,00001F,1790195596.4067047,34326.2902933,22.981647300002805,candidate-measurement,0FD9B9,valid,1038777,-12,True,
1,1,00001F,1790195596.6142812,34326.4978696,23.18922360000579,candidate-measurement,0FD9B4,valid,1038772,-5,True,
1,1,00001F,1790195596.806268,34326.6898576,23.381211600004463,candidate-measurement,0FD9B0,valid,1038768,-4,True,
1,1,00001F,1790195596.9982653,34326.8818539,23.573207900000853,candidate-measurement,0FD9AE,valid,1038766,-2,True,
1,1,00001F,1790195597.1896775,34327.0732661,23.764620100002503,candidate-measurement,0FD9AB,valid,1038763,-3,True,
1,1,00001F,1790195597.3972788,34327.2808667,23.972220700001344,candidate-measurement,0FD9A7,valid,1038759,-4,True,
1,1,00001F,1790195597.5892415,34327.4728304,24.16418440000416,candidate-measurement,0FD9A4,valid,1038756,-3,True,
1,1,00001F,1790195597.781238,34327.6648277,24.35618170000089,candidate-measurement,0FD9A3,valid,1038755,-1,True,
1,1,00001F,1790195597.9892304,34327.8728186,24.564172600003076,candidate-measurement,0FD9A2,valid,1038754,-1,True,
1,1,00001F,1790195598.1806495,34328.0642376,24.755591600005573,candidate-measurement,0FD9A1,valid,1038753,-1,True,
1,1,00001F,1790195598.3726344,34328.2562236,24.94757760000357,candidate-measurement,0FD9A0,valid,1038752,-1,True,
1,1,00001F,1790195598.5802095,34328.4637988,25.155152800005453,candidate-measurement,0FD99F,valid,1038751,-1,True,
1,1,00001F,1790195598.7722087,34328.6557978,25.347151800000574,candidate-measurement,0FD99E,valid,1038750,-1,True,
1,1,00001F,1790195598.9642057,34328.8477943,25.539148300005763,candidate-measurement,0FD99C,valid,1038748,-2,True,
1,1,00001F,1790195599.1556268,34329.0392145,25.730568500002846,candidate-measurement,0FD99A,valid,1038746,-2,True,
1,1,00001F,1790195599.3636067,34329.2471956,25.93854960000317,candidate-measurement,0FD99A,valid,1038746,0,True,
1,1,00001F,1790195599.5556028,34329.4391926,26.13054660000489,candidate-measurement,0FD998,valid,1038744,-2,True,
1,1,00001F,1790195599.7471726,34329.6307618,26.322115800001484,candidate-measurement,0FD995,valid,1038741,-3,True,
1,1,00001F,1790195599.9551666,34329.8387549,26.53010890000587,candidate-measurement,0FD994,valid,1038740,-1,True,
1,1,00001F,1790195600.1471708,34330.0307582,26.72211220000463,candidate-measurement,0FD991,valid,1038737,-3,True,
1,1,00001F,1790195600.3391552,34330.2227436,26.914097600005334,candidate-measurement,0FD990,valid,1038736,-1,True,
1,1,00001F,1790195600.5465722,34330.4301608,27.12151480000466,candidate-measurement,0FD98F,valid,1038735,-1,True,
1,1,00001F,1790195600.7381434,34330.6217318,27.313085800000408,candidate-measurement,0FD98C,valid,1038732,-3,True,
1,1,00001F,1790195600.930138,34330.8137263,27.50508030000492,candidate-measurement,0FD98B,valid,1038731,-1,True,
1,1,00001F,1790195601.1221387,34331.0057269,27.69708090000495,candidate-measurement,0FD98A,valid,1038730,-1,True,
1,1,00001F,1790195601.3301175,34331.2137062,27.905060199998843,candidate-measurement,0FD988,valid,1038728,-2,True,
1,1,00001F,1790195601.5221207,34331.4057092,28.097063200002594,candidate-measurement,0FD988,valid,1038728,0,True,
1,1,00001F,1790195601.7135375,34331.5971261,28.288480100003653,candidate-measurement,0FD988,valid,1038728,0,True,
1,1,00001F,1790195601.9215593,34331.8051478,28.49650180000026,candidate-measurement,0FD986,valid,1038726,-2,True,
1,1,00001F,1790195602.1131077,34331.9966963,28.688050299999304,candidate-measurement,0FD986,valid,1038726,0,True,
1,1,00001F,1790195602.305098,34332.1886861,28.880040100004408,candidate-measurement,0FD986,valid,1038726,0,True,
1,1,00001F,1790195602.4970922,34332.3806807,29.072034700002405,candidate-measurement,0FD986,valid,1038726,0,True,
1,1,00001F,1790195602.704502,34332.5880899,29.279443899999023,candidate-measurement,0FD984,valid,1038724,-2,True,
1,1,00001F,1790195602.8965015,34332.7800895,29.471443499998713,candidate-measurement,0FD982,valid,1038722,-2,True,
1,1,00001F,1790195603.088064,34332.9716524,29.663006400005543,candidate-measurement,0FD982,valid,1038722,0,True,
1,1,00001F,1790195603.2960513,34333.1796402,29.870994200005953,candidate-measurement,0FD982,valid,1038722,0,True,
1,1,00001F,1790195603.4880567,34333.3716455,30.06299950000539,candidate-measurement,0FD981,valid,1038721,-1,True,
1,1,00001F,1790195603.6800501,34333.56364,30.254994000002625,candidate-measurement,0FD981,valid,1038721,0,True,
1,1,00001F,1790195603.8874629,34333.7710525,30.462406500002544,candidate-measurement,0FD981,valid,1038721,0,True,
1,1,00001F,1790195604.0794632,34333.9630511,30.654405100001895,candidate-measurement,0FD981,valid,1038721,0,True,
1,1,00001F,1790195604.2714565,34334.1550447,30.846398699999554,candidate-measurement,0FD981,valid,1038721,0,True,
1,1,00001F,1790195604.4630232,34334.3466124,31.037966399999277,candidate-measurement,0FD97D,valid,1038717,-4,True,
1,1,00001F,1790195604.6710162,34334.5546052,31.24595920000138,candidate-measurement,0FD976,valid,1038710,-7,True,
1,1,00001F,1790195604.8630128,34334.7466026,31.43795659999887,candidate-measurement,0FD974,valid,1038708,-2,True,
1,1,00001F,1790195605.0544226,34334.9380107,31.62936470000568,candidate-measurement,0FD972,valid,1038706,-2,True,
1,1,00001F,1790195605.2624137,34335.1460022,31.83735620000516,candidate-measurement,0FD970,valid,1038704,-2,True,
1,1,00001F,1790195605.4544108,34335.3380004,32.029354400001466,candidate-measurement,0FD970,valid,1038704,0,True,
1,1,00001F,1790195605.6459835,34335.5295733,32.220927300004405,candidate-measurement,0FD96E,valid,1038702,-2,True,
1,1,00001F,1790195605.853975,34335.7375634,32.4289174000005,candidate-measurement,0FD96E,valid,1038702,0,True,
1,1,00001F,1790195606.045974,34335.9295628,32.62091680000594,candidate-measurement,0FD96E,valid,1038702,0,True,
1,1,00001F,1790195606.2379725,34336.1215606,32.8129145999992,candidate-measurement,0FD96E,valid,1038702,0,True,
1,1,00001F,1790195606.4293768,34336.3129661,33.00432010000077,candidate-measurement,0FD96E,valid,1038702,0,True,
1,1,00001F,1790195606.6369631,34336.5205513,33.21190529999876,candidate-measurement,0FD96E,valid,1038702,0,True,
1,1,00001F,1790195606.82895,34336.7125393,33.40389330000471,candidate-measurement,0FD96E,valid,1038702,0,True,
1,1,00001F,1790195607.0209494,34336.9045379,33.59589190000406,candidate-measurement,0FD965,valid,1038693,-9,True,
1,1,00001F,1790195607.2289407,34337.1125289,33.803882899999735,candidate-measurement,0FD95A,valid,1038682,-11,True,
1,1,00001F,1790195607.420354,34337.3039419,33.9952959000002,candidate-measurement,0FD956,valid,1038678,-4,True,
1,1,00001F,1790195607.612348,34337.4959375,34.18729150000581,candidate-measurement,0FD952,valid,1038674,-4,True,
1,1,00001F,1790195607.8199146,34337.7035041,34.39485810000042,candidate-measurement,0FD94C,valid,1038668,-6,True,
1,1,00001F,1790195608.0119257,34337.8955141,34.586868099999265,candidate-measurement,0FD948,valid,1038664,-4,True,
1,1,00001F,1790195608.2039058,34338.0874942,34.77884820000327,candidate-measurement,0FD946,valid,1038662,-2,True,
1,1,00001F,1790195608.3953178,34338.278906,34.97026000000187,candidate-measurement,0FD944,valid,1038660,-2,True,
1,1,00001F,1790195608.6033108,34338.4869,35.178254000005836,candidate-measurement,0FD943,valid,1038659,-1,True,
1,1,00001F,1790195608.795302,34338.6788905,35.37024450000172,candidate-measurement,0FD940,valid,1038656,-3,True,
1,1,00001F,1790195608.9873004,34338.8708897,35.56224370000564,candidate-measurement,0FD93F,valid,1038655,-1,True,
1,1,00001F,1790195609.1949499,34339.0785374,35.769891399999324,candidate-measurement,0FD93D,valid,1038653,-2,True,
1,1,00001F,1790195609.3868654,34339.2704541,35.96180810000078,candidate-measurement,0FD93A,valid,1038650,-3,True,
1,1,00001F,1790195609.5788527,34339.462442,36.15379599999869,candidate-measurement,0FD938,valid,1038648,-2,True,
1,1,00001F,1790195609.770889,34339.6544775,36.34583150000253,candidate-measurement,0FD935,valid,1038645,-3,True,
1,1,00001F,1790195609.9782653,34339.8618543,36.553208299999824,candidate-measurement,0FD934,valid,1038644,-1,True,
1,1,00001F,1790195610.1702676,34340.0538557,36.745209700005944,candidate-measurement,0FD932,valid,1038642,-2,True,
1,1,00001F,1790195610.3618317,34340.2454202,36.93677420000313,candidate-measurement,0FD931,valid,1038641,-1,True,
1,1,00001F,1790195610.569821,34340.4534092,37.1447632000054,candidate-measurement,0FD930,valid,1038640,-1,True,
1,1,00001F,1790195610.7618191,34340.6454094,37.33676340000238,candidate-measurement,0FD92F,valid,1038639,-1,True,
1,1,00001F,1790195610.9532366,34340.836825,37.52817900000082,candidate-measurement,0FD92E,valid,1038638,-1,True,
1,1,00001F,1790195611.1612332,34341.0448213,37.73617530000047,candidate-measurement,0FD92E,valid,1038638,0,True,
1,1,00001F,1790195611.3532233,34341.2368122,37.928166199999396,candidate-measurement,0FD92E,valid,1038638,0,True,
1,1,00001F,1790195611.5452144,34341.4288041,38.12015810000594,candidate-measurement,0FD92E,valid,1038638,0,True,
1,1,00001F,1790195611.7527885,34341.6363772,38.32773119999911,candidate-measurement,0FD92C,valid,1038636,-2,True,
1,1,00001F,1790195611.9447806,34341.8283703,38.519724300000235,candidate-measurement,0FD92C,valid,1038636,0,True,
1,1,00001F,1790195612.136217,34342.0198048,38.71115880000434,candidate-measurement,0FD92C,valid,1038636,0,True,
1,1,00001F,1790195612.3281918,34342.2117797,38.90313370000513,candidate-measurement,0FD92C,valid,1038636,0,True,
1,1,00001F,1790195612.5358267,34342.4194152,39.110769200000504,candidate-measurement,0FD92A,valid,1038634,-2,True,
1,1,00001F,1790195612.7277582,34342.6113473,39.30270130000281,candidate-measurement,0FD928,valid,1038632,-2,True,
1,1,00001F,1790195612.9197567,34342.803346,39.49470000000292,candidate-measurement,0FD928,valid,1038632,0,True,
1,1,00001F,1790195613.127176,34343.010764,39.702118000001065,candidate-measurement,0FD928,valid,1038632,0,True,
1,1,00001F,1790195613.319158,34343.202746,39.89410000000498,candidate-measurement,0FD927,valid,1038631,-1,True,
1,1,00001F,1790195613.511159,34343.3947482,40.08610220000264,candidate-measurement,0FD927,valid,1038631,0,True,
1,1,00001F,1790195613.7187204,34343.6023093,40.293663299999025,candidate-measurement,0FD927,valid,1038631,0,True,
1,1,00001F,1790195613.910719,34343.7943085,40.485662500002945,candidate-measurement,0FD927,valid,1038631,0,True,
1,1,00001F,1790195614.1021497,34343.9857378,40.677091800003836,candidate-measurement,0FD927,valid,1038631,0,True,
1,1,00001F,1790195614.29413,34344.1777189,40.8690729000009,candidate-measurement,0FD925,valid,1038629,-2,True,
1,1,00001F,1790195614.501716,34344.3853054,41.07665940000152,candidate-measurement,0FD922,valid,1038626,-3,True,
1,1,00001F,1790195614.6936932,34344.5772827,41.26863669999875,candidate-measurement,0FD91C,valid,1038620,-6,True,
1,1,00001F,1790195614.8856728,34344.7692629,41.460616900003515,candidate-measurement,0FD919,valid,1038617,-3,True,
1,1,00001F,1790195615.0931065,34344.9766945,41.66804850000335,candidate-measurement,0FD917,valid,1038615,-2,True,
1,1,00001F,1790195615.2850997,34345.1686879,41.86004189999949,candidate-measurement,0FD916,valid,1038614,-1,True,
1,1,00001F,1790195615.4770916,34345.3606802,42.0520342000018,candidate-measurement,0FD914,valid,1038612,-2,True,
1,1,00001F,1790195615.6846907,34345.5682802,42.25963420000335,candidate-measurement,0FD914,valid,1038612,0,True,
1,1,00001F,1790195615.876661,34345.7602494,42.45160340000439,candidate-measurement,0FD914,valid,1038612,0,True,
1,1,00001F,1790195616.0686493,34345.9522372,42.64359120000154,candidate-measurement,0FD914,valid,1038612,0,True,
1,1,00001F,1790195616.2600703,34346.1436589,42.835012900002766,candidate-measurement,0FD914,valid,1038612,0,True,
1,1,00001F,1790195616.4680607,34346.3516496,43.04300360000343,candidate-measurement,0FD913,valid,1038611,-1,True,
1,1,00001F,1790195616.6600623,34346.5436502,43.23500420000346,candidate-measurement,0FD911,valid,1038609,-2,True,
1,1,00001F,1790195616.8516483,34346.7352382,43.42659220000496,candidate-measurement,0FD904,valid,1038596,-13,True,
1,1,00001F,1790195617.0596209,34346.9432098,43.63456380000571,candidate-measurement,0FD8FE,valid,1038590,-6,True,
1,1,00001F,1790195617.251614,34347.1352021,43.826556100000744,candidate-measurement,0FD8FB,valid,1038587,-3,True,
1,1,00001F,1790195617.4436066,34347.3271955,44.018549500004156,candidate-measurement,0FD8F8,valid,1038584,-3,True,
1,1,00001F,1790195617.6350183,34347.5186066,44.209960600004706,candidate-measurement,0FD8F2,valid,1038578,-6,True,
1,1,00001F,1790195617.8430164,34347.7266059,44.41795990000537,candidate-measurement,0FD8F0,valid,1038576,-2,True,
1,1,00001F,1790195618.0350087,34347.9185968,44.6099508000043,candidate-measurement,0FD8ED,valid,1038573,-3,True,
1,1,00001F,1790195618.2265828,34348.1101707,44.8015247000003,candidate-measurement,0FD8ED,valid,1038573,0,True,
1,1,00001F,1790195618.4345775,34348.3181653,45.00951930000156,candidate-measurement,0FD8ED,valid,1038573,0,True,
1,1,00001F,1790195618.6265652,34348.5101551,45.201509099999384,candidate-measurement,0FD8EB,valid,1038571,-2,True,
1,1,00001F,1790195618.8179853,34348.7015738,45.3929277999996,candidate-measurement,0FD8EA,valid,1038570,-1,True,
1,1,00001F,1790195619.0255554,34348.9091449,45.600498899999366,candidate-measurement,0FD8E8,valid,1038568,-2,True,
1,1,00001F,1790195619.2175622,34349.1011499,45.792503900003794,candidate-measurement,0FD8E6,valid,1038566,-2,True,
1,1,00001F,1790195619.4089646,34349.2925524,45.983906400004344,candidate-measurement,0FD8E5,valid,1038565,-1,True,
1,1,00001F,1790195619.6009529,34349.4845416,46.17589560000488,candidate-measurement,0FD8E2,valid,1038562,-3,True,
1,1,00001F,1790195619.8089495,34349.6925377,46.383891700003005,candidate-measurement,0FD8DF,valid,1038559,-3,True,
1,1,00001F,1790195620.0009408,34349.8845302,46.575884199999564,candidate-measurement,0FD8DC,valid,1038556,-3,True,
1,1,00001F,1790195620.19252,34350.0761085,46.767462499999965,candidate-measurement,0FD8DA,valid,1038554,-2,True,
1,1,00001F,1790195620.4005024,34350.2840912,46.9754452000052,candidate-measurement,0FD8D8,valid,1038552,-2,True,
1,1,00001F,1790195620.592503,34350.4760927,47.1674467000048,candidate-measurement,0FD8D6,valid,1038550,-2,True,
1,1,00001F,1790195620.784496,34350.6680864,47.35944040000322,candidate-measurement,0FD8D4,valid,1038548,-2,True,
1,1,00001F,1790195620.9919078,34350.8754961,47.56685010000365,candidate-measurement,0FD8D4,valid,1038548,0,True,
1,1,00001F,1790195621.183918,34351.0675062,47.758860200003255,candidate-measurement,0FD8D4,valid,1038548,0,True,
1,1,00001F,1790195621.3758934,34351.259482,47.95083600000362,candidate-measurement,0FD8D2,valid,1038546,-2,True,
1,1,00001F,1790195621.567474,34351.4510626,48.142416599999706,candidate-measurement,0FD8D2,valid,1038546,0,True,
1,1,00001F,1790195621.7754588,34351.6590479,48.35040190000291,candidate-measurement,0FD8D2,valid,1038546,0,True,
1,1,00001F,1790195621.9674594,34351.8510493,48.54240330000175,candidate-measurement,0FD8D1,valid,1038545,-1,True,
1,1,00001F,1790195622.1594603,34352.0430486,48.73440259999916,candidate-measurement,0FD8CF,valid,1038543,-2,True,
1,1,00001F,1790195622.3668709,34352.2504589,48.94181290000415,candidate-measurement,0FD8CE,valid,1038542,-1,True,
1,1,00001F,1790195622.5588584,34352.4424472,49.13380120000511,candidate-measurement,0FD8CE,valid,1038542,0,True,
1,1,00001F,1790195622.750437,34352.6340257,49.32537969999976,candidate-measurement,0FD8CD,valid,1038541,-1,True,
1,1,00001F,1790195622.958419,34352.8420093,49.53336330000457,candidate-measurement,0FD8CD,valid,1038541,0,True,
1,1,00001F,1790195623.150497,34353.0340794,49.72543340000266,candidate-measurement,0FD8CD,valid,1038541,0,True,
1,1,00001F,1790195623.3418388,34353.2254271,49.91678110000066,candidate-measurement,0FD8CD,valid,1038541,0,True,
1,1,00001F,1790195623.5338283,34353.4174163,50.1087703000012,candidate-measurement,0FD8CD,valid,1038541,0,True,
1,1,00001F,1790195623.7418227,34353.6254113,50.3167653000055,candidate-measurement,0FD8CC,valid,1038540,-1,True,
1,1,00001F,1790195623.9338188,34353.8174095,50.508763500001805,candidate-measurement,0FD8C8,valid,1038536,-4,True,
1,1,00001F,1790195624.1253905,34354.0089795,50.70033350000449,candidate-measurement,0FD8C1,valid,1038529,-7,True,
1,1,00001F,1790195624.3333852,34354.2169736,50.90832760000194,candidate-measurement,0FD8BE,valid,1038526,-3,True,
1,1,00001F,1790195624.5253708,34354.4089607,51.100314700001036,candidate-measurement,0FD8BC,valid,1038524,-2,True,
1,1,00001F,1790195624.7173734,34354.6009629,51.292316899998696,candidate-measurement,0FD8BB,valid,1038523,-1,True,
1,1,00001F,1790195624.9093654,34354.7929556,51.48430960000405,candidate-measurement,0FD8BB,valid,1038523,0,True,
1,1,00001F,1790195625.116784,34355.0003726,51.69172660000186,candidate-measurement,0FD8BB,valid,1038523,0,True,
1,1,00001F,1790195625.3087742,34355.1923627,51.88371670000197,candidate-measurement,0FD8BB,valid,1038523,0,True,
1,1,00001F,1790195625.5003474,34355.3839366,52.075290600005246,candidate-measurement,0FD8B9,valid,1038521,-2,True,
1,1,00001F,1790195625.7083488,34355.5919386,52.28329260000464,candidate-measurement,0FD8B8,valid,1038520,-1,True,
1,1,00001F,1790195625.9003386,34355.783929,52.47528299999976,candidate-measurement,0FD8AD,valid,1038509,-11,True,
1,1,00001F,1790195626.0923266,34355.9759156,52.66726960000233,candidate-measurement,0FD8A8,valid,1038504,-5,True,
1,1,00001F,1790195626.299746,34356.183334,52.874688000003516,candidate-measurement,0FD8A5,valid,1038501,-3,True,
1,1,00001F,1790195626.4913206,34356.3749092,53.06626320000214,candidate-measurement,0FD8A2,valid,1038498,-3,True,
1,1,00001F,1790195626.6833098,34356.5668994,53.258253400003014,candidate-measurement,0FD8A1,valid,1038497,-1,True,
1,1,00001F,1790195626.8752973,34356.7588861,53.450240099999064,candidate-measurement,0FD89F,valid,1038495,-2,True,
1,1,00001F,1790195627.0827134,34356.9663019,53.65765590000228,candidate-measurement,0FD89D,valid,1038493,-2,True,
1,1,00001F,1790195627.2747133,34357.1583012,53.84965519999969,candidate-measurement,0FD89A,valid,1038490,-3,True,
1,1,00001F,1790195627.4662883,34357.3498765,54.041230499999074,candidate-measurement,0FD898,valid,1038488,-2,True,
1,1,00001F,1790195627.674276,34357.5578647,54.24921870000253,candidate-measurement,0FD897,valid,1038487,-1,True,
1,1,00001F,1790195627.8662705,34357.7498592,54.441213199999765,candidate-measurement,0FD896,valid,1038486,-1,True,
1,1,00001F,1790195628.057683,34357.9412721,54.63262609999947,candidate-measurement,0FD896,valid,1038486,0,True,
1,1,00001F,1790195628.265305,34358.1488936,54.84024760000466,candidate-measurement,0FD894,valid,1038484,-2,True,
1,1,00001F,1790195628.45725,34358.3408381,55.03219209999952,candidate-measurement,0FD894,valid,1038484,0,True,
1,1,00001F,1790195628.6492429,34358.5328323,55.22418630000175,candidate-measurement,0FD892,valid,1038482,-2,True,
1,1,00001F,1790195628.8412392,34358.7248283,55.41618230000313,candidate-measurement,0FD892,valid,1038482,0,True,
1,1,00001F,1790195629.0486512,34358.9322407,55.623594700002286,candidate-measurement,0FD890,valid,1038480,-2,True,
1,1,00001F,1790195629.2406468,34359.1242351,55.81558909999876,candidate-measurement,0FD88F,valid,1038479,-1,True,
1,1,00001F,1790195629.4326625,34359.3162499,56.00760390000505,candidate-measurement,0FD88D,valid,1038477,-2,True,
1,1,00001F,1790195629.6402087,34359.523798,56.21515200000431,candidate-measurement,0FD88C,valid,1038476,-1,True,
1,1,00001F,1790195629.8321996,34359.7157902,56.40714420000586,candidate-measurement,0FD88B,valid,1038475,-1,True,
1,1,00001F,1790195630.0241961,34359.9077855,56.59913950000191,candidate-measurement,0FD888,valid,1038472,-3,True,
1,1,00001F,1790195630.232188,34360.1157762,56.807130200002575,candidate-measurement,0FD886,valid,1038470,-2,True,
1,1,00001F,1790195630.423613,34360.3072013,56.99855530000059,candidate-measurement,0FD885,valid,1038469,-1,True,
1,1,00001F,1790195630.6155987,34360.4991873,57.19054130000586,candidate-measurement,0FD883,valid,1038467,-2,True,
1,1,00001F,1790195630.8071744,34360.6907635,57.382117500004824,candidate-measurement,0FD881,valid,1038465,-2,True,
1,1,00001F,1790195631.0151749,34360.8987633,57.59011730000202,candidate-measurement,0FD880,valid,1038464,-1,True,
1,1,00001F,1790195631.2071645,34361.0907523,57.78210630000103,candidate-measurement,0FD87E,valid,1038462,-2,True,
1,1,00001F,1790195631.399207,34361.2827954,57.974149400004535,candidate-measurement,0FD87D,valid,1038461,-1,True,
1,1,00001F,1790195631.6065726,34361.4901616,58.18151560000115,candidate-measurement,0FD87B,valid,1038459,-2,True,
1,1,00001F,1790195631.7985725,34361.6821611,58.37351510000008,candidate-measurement,0FD87A,valid,1038458,-1,True,
1,1,00001F,1790195631.99014,34361.8737284,58.56508240000403,candidate-measurement,0FD87A,valid,1038458,0,True,
1,1,00001F,1790195632.1981354,34362.0817234,58.77307740000106,candidate-measurement,0FD87A,valid,1038458,0,True,
1,1,00001F,1790195632.390123,34362.2737114,58.96506539999973,candidate-measurement,0FD87A,valid,1038458,0,True,
1,1,00001F,1790195632.5815396,34362.4651282,59.15648220000003,candidate-measurement,0FD878,valid,1038456,-2,True,
1,1,00001F,1790195632.773536,34362.6571244,59.34847840000293,candidate-measurement,0FD878,valid,1038456,0,True,
1,1,00001F,1790195632.9815383,34362.8651269,59.55648089999886,candidate-measurement,0FD878,valid,1038456,0,True,
1,1,00001F,1790195633.1735241,34363.0571121,59.74846610000532,candidate-measurement,0FD877,valid,1038455,-1,True,
1,1,00001F,1790195633.365094,34363.2486817,59.940035700004955,candidate-measurement,0FD875,valid,1038453,-2,True,
1,1,00001F,1790195633.5730903,34363.4566783,60.14803229999961,candidate-measurement,0FD874,valid,1038452,-1,True,
1,1,00001F,1790195633.7650795,34363.6486694,60.340023400000064,candidate-measurement,0FD874,valid,1038452,0,True,
1,1,00001F,1790195633.9564888,34363.8400791,60.531433100004506,candidate-measurement,0FD873,valid,1038451,-1,True,
1,1,00001F,1790195634.1644912,34364.0480794,60.73943340000551,candidate-measurement,0FD873,valid,1038451,0,True,
1,1,00001F,1790195634.3720572,34364.2556449,60.946998899999016,candidate-measurement,0FD873,valid,1038451,0,True,
1,1,00001F,1790195634.5640473,34364.4476366,61.138990600004036,candidate-measurement,0FD873,valid,1038451,0,True,
1,1,00001F,1790195634.755469,34364.639058,61.33041200000298,candidate-measurement,0FD872,valid,1038450,-1,True,
1,1,00001F,1790195634.94746,34364.8310497,61.52240370000072,candidate-measurement,0FD871,valid,1038449,-1,True,
1,1,00001F,1790195635.1394594,34365.0230477,61.71440170000278,candidate-measurement,0FD86A,valid,1038442,-7,True,
1,1,00001F,1790195635.331029,34365.2146177,61.905971700005466,candidate-measurement,0FD867,valid,1038439,-3,True,
1,1,00001F,1790195635.5390224,34365.4226111,62.11396510000486,candidate-measurement,0FD864,valid,1038436,-3,True,
1,1,00001F,1790195635.7310133,34365.614603,62.30595700000413,candidate-measurement,0FD862,valid,1038434,-2,True,
1,1,00001F,1790195635.923009,34365.8065988,62.497952800003986,candidate-measurement,0FD862,valid,1038434,0,True,
1,1,00001F,1790195636.1304243,34366.014012,62.70536600000196,candidate-measurement,0FD861,valid,1038433,-1,True,
1,1,00001F,1790195636.3224223,34366.2060106,62.89736460000131,candidate-measurement,0FD861,valid,1038433,0,True,
1,1,00001F,1790195636.5139923,34366.3975802,63.08893420000095,candidate-measurement,0FD861,valid,1038433,0,True,
1,1,00001F,1790195636.7059813,34366.5895715,63.28092550000292,candidate-measurement,0FD861,valid,1038433,0,True,
1,1,00001F,1790195636.913402,34366.7969899,63.48834390000411,candidate-measurement,0FD85F,valid,1038431,-2,True,
1,1,00001F,1790195637.1053927,34366.9889809,63.6803349000038,candidate-measurement,0FD85F,valid,1038431,0,True,
1,1,00001F,1790195637.2973878,34367.1809761,63.87233009999909,candidate-measurement,0FD858,valid,1038424,-7,True,
1,1,00001F,1790195637.5049565,34367.3885451,64.0798991000047,candidate-measurement,0FD84C,valid,1038412,-12,True,
1,1,00001F,1790195637.6969573,34367.580546,64.27189999999973,candidate-measurement,0FD848,valid,1038408,-4,True,
1,1,00001F,1790195637.8889382,34367.7725276,64.4638816000006,candidate-measurement,0FD846,valid,1038406,-2,True,
1,1,00001F,1790195638.0963578,34367.9799483,64.67130230000475,candidate-measurement,0FD841,valid,1038401,-5,True,
1,1,00001F,1790195638.28835,34368.1719389,64.8632929000014,candidate-measurement,0FD83C,valid,1038396,-5,True,
1,1,00001F,1790195638.4803476,34368.3639357,65.0552897000016,candidate-measurement,0FD83A,valid,1038394,-2,True,
1,1,00001F,1790195638.6719184,34368.5555075,65.24686150000343,candidate-measurement,0FD839,valid,1038393,-1,True,
1,1,00001F,1790195638.8799753,34368.7635639,65.45491790000233,candidate-measurement,0FD837,valid,1038391,-2,True,
1,1,00001F,1790195639.0719097,34368.9554984,65.64685240000108,candidate-measurement,0FD836,valid,1038390,-1,True,
1,1,00001F,1790195639.263324,34369.1469124,65.83826640000188,candidate-measurement,0FD834,valid,1038388,-2,True,
1,1,00001F,1790195639.4709191,34369.3545071,66.04586109999946,candidate-measurement,0FD832,valid,1038386,-2,True,
1,1,00001F,1790195639.6628864,34369.546476,66.23783000000549,candidate-measurement,0FD832,valid,1038386,0,True,
1,1,00001F,1790195639.854885,34369.7384729,66.42982689999917,candidate-measurement,0FD830,valid,1038384,-2,True,
1,1,00001F,1790195640.062882,34369.9464696,66.63782360000187,candidate-measurement,0FD82D,valid,1038381,-3,True,
1,1,00001F,1790195640.254289,34370.1378774,66.82923139999912,candidate-measurement,0FD82B,valid,1038379,-2,True,
1,1,00001F,1790195640.4462864,34370.3298744,67.02122840000084,candidate-measurement,0FD82A,valid,1038378,-1,True,
1,1,00001F,1790195640.6382728,34370.5218628,67.21321680000256,candidate-measurement,0FD827,valid,1038375,-3,True,
1,1,00001F,1790195640.8458471,34370.7294371,67.42079110000486,candidate-measurement,0FD827,valid,1038375,0,True,
1,1,00001F,1790195641.0378516,34370.9214398,67.61279379999905,candidate-measurement,0FD825,valid,1038373,-2,True,
1,1,00001F,1790195641.2298427,34371.1134305,67.80478450000373,candidate-measurement,0FD824,valid,1038372,-1,True,
1,1,00001F,1790195641.4372537,34371.3208413,68.01219530000526,candidate-measurement,0FD822,valid,1038370,-2,True,
1,1,00001F,1790195641.629245,34371.5128341,68.2041881000041,candidate-measurement,0FD821,valid,1038369,-1,True,
1,1,00001F,1790195641.820815,34371.7044053,68.39575930000137,candidate-measurement,0FD820,valid,1038368,-1,True,
1,1,00001F,1790195642.0288112,34371.9123997,68.6037537000011,candidate-measurement,0FD820,valid,1038368,0,True,
1,1,00001F,1790195642.2362292,34372.1198177,68.81117169999925,candidate-measurement,0FD820,valid,1038368,0,True,
1,1,00001F,1790195642.4282496,34372.3118381,69.00319210000453,candidate-measurement,0FD81E,valid,1038366,-2,True,
1,1,00001F,1790195642.6202152,34372.5038034,69.19515740000497,candidate-measurement,0FD81E,valid,1038366,0,True,
1,1,00001F,1790195642.8117914,34372.6953801,69.38673410000047,candidate-measurement,0FD81E,valid,1038366,0,True,
1,1,00001F,1790195643.003781,34372.8873706,69.57872460000362,candidate-measurement,0FD81E,valid,1038366,0,True,
1,1,00001F,1790195643.1957748,34373.0793628,69.77071680000518,candidate-measurement,0FD81C,valid,1038364,-2,True,
1,1,00001F,1790195643.4037673,34373.2873555,69.97870949999924,candidate-measurement,0FD81A,valid,1038362,-2,True,
1,1,00001F,1790195643.5951893,34373.4787771,70.17013109999971,candidate-measurement,0FD81A,valid,1038362,0,True,
1,1,00001F,1790195643.7871685,34373.6707582,70.36211220000405,candidate-measurement,0FD819,valid,1038361,-1,True,
1,1,00001F,1790195643.9947512,34373.8783409,70.56969490000483,candidate-measurement,0FD819,valid,1038361,0,True,
1,1,00001F,1790195644.1867528,34374.0703404,70.76169440000376,candidate-measurement,0FD819,valid,1038361,0,True,
1,1,00001F,1790195644.3787298,34374.2623186,70.95367260000057,candidate-measurement,0FD819,valid,1038361,0,True,
1,1,00001F,1790195644.5707302,34374.4543182,71.14567220000026,candidate-measurement,0FD819,valid,1038361,0,True,
1,1,00001F,1790195644.778139,34374.6617279,71.35308190000069,candidate-measurement,0FD815,valid,1038357,-4,True,
1,1,00001F,1790195644.9701371,34374.8537266,71.5450806000008,candidate-measurement,0FD80E,valid,1038350,-7,True,
1,1,00001F,1790195645.1621325,34375.0457207,71.73707470000227,candidate-measurement,0FD80B,valid,1038347,-3,True,
1,1,00001F,1790195645.3697073,34375.2532956,71.94464960000187,candidate-measurement,0FD809,valid,1038345,-2,True,
1,1,00001F,1790195645.5616932,34375.4452824,72.13663640000595,candidate-measurement,0FD808,valid,1038344,-1,True,
1,1,00001F,1790195645.7531116,34375.6367004,72.32805440000084,candidate-measurement,0FD807,valid,1038343,-1,True,
1,1,00001F,1790195645.9451036,34375.8286926,72.52004660000239,candidate-measurement,0FD807,valid,1038343,0,True,
1,1,00001F,1790195646.1531045,34376.0366928,72.72804680000263,candidate-measurement,0FD807,valid,1038343,0,True,
1,1,00001F,1790195646.3446715,34376.2282601,72.91961409999931,candidate-measurement,0FD807,valid,1038343,0,True,
1,1,00001F,1790195646.536668,34376.4202566,73.1116106000045,candidate-measurement,0FD807,valid,1038343,0,True,
1,1,00001F,1790195646.7446587,34376.6282481,73.31960210000398,candidate-measurement,0FD806,valid,1038342,-1,True,
1,1,00001F,1790195646.9360785,34376.8196668,73.51102080000419,candidate-measurement,0FD7FE,valid,1038334,-8,True,
1,1,00001F,1790195647.128088,34377.0116762,73.70303020000574,candidate-measurement,0FD7F4,valid,1038324,-10,True,
1,1,00001F,1790195647.3356397,34377.2192283,73.91058229999908,candidate-measurement,0FD7F0,valid,1038320,-4,True,
1,1,00001F,1790195647.52766,34377.4112479,74.10260190000554,candidate-measurement,0FD7ED,valid,1038317,-3,True,
1,1,00001F,1790195647.7196276,34377.6032172,74.29457120000006,candidate-measurement,0FD7EA,valid,1038314,-3,True,
1,1,00001F,1790195647.9116278,34377.7952159,74.48656990000018,candidate-measurement,0FD7E6,valid,1038310,-4,True,
1,1,00001F,1790195648.1190555,34378.0026439,74.6939979000017,candidate-measurement,0FD7E3,valid,1038307,-3,True,
1,1,00001F,1790195648.311028,34378.1946165,74.88597049999953,candidate-measurement,0FD7E1,valid,1038305,-2,True,
1,1,00001F,1790195648.5030227,34378.3866117,75.0779657000021,candidate-measurement,0FD7E0,valid,1038304,-1,True,
1,1,00001F,1790195648.7105944,34378.5941828,75.28553680000186,candidate-measurement,0FD7DF,valid,1038303,-1,True,
1,1,00001F,1790195648.9025884,34378.7861777,75.47753170000215,candidate-measurement,0FD7DE,valid,1038302,-1,True,
1,1,00001F,1790195649.0945823,34378.9781712,75.66952519999904,candidate-measurement,0FD7DC,valid,1038300,-2,True,
1,1,00001F,1790195649.3019989,34379.1855869,75.8769409000015,candidate-measurement,0FD7DC,valid,1038300,0,True,
1,1,00001F,1790195649.493993,34379.3775808,76.06893480000144,candidate-measurement,0FD7D9,valid,1038297,-3,True,
1,1,00001F,1790195649.6855667,34379.5691556,76.2605096000043,candidate-measurement,0FD7D8,valid,1038296,-1,True,
1,1,00001F,1790195649.8775527,34379.7611422,76.45249619999959,candidate-measurement,0FD7D7,valid,1038295,-1,True,
1,1,00001F,1790195650.0855508,34379.9691399,76.66049390000262,candidate-measurement,0FD7D5,valid,1038293,-2,True,
1,1,00001F,1790195650.2769816,34380.1605693,76.85192330000427,candidate-measurement,0FD7D2,valid,1038290,-3,True,
1,1,00001F,1790195650.4689634,34380.3525521,77.04390609999973,candidate-measurement,0FD7CF,valid,1038287,-3,True,
1,1,00001F,1790195650.6769526,34380.5605408,77.25189479999972,candidate-measurement,0FD7CC,valid,1038284,-3,True,
1,1,00001F,1790195650.8685238,34380.7521133,77.44346729999961,candidate-measurement,0FD7CA,valid,1038282,-2,True,
1,1,00001F,1790195651.0605273,34380.9441159,77.63546990000032,candidate-measurement,0FD7C8,valid,1038280,-2,True,
1,1,00001F,1790195651.268518,34381.1521061,77.84346010000445,candidate-measurement,0FD7C7,valid,1038279,-1,True,
1,1,00001F,1790195651.4605086,34381.3440976,78.03545160000067,candidate-measurement,0FD7C6,valid,1038278,-1,True,
1,1,00001F,1790195651.6519237,34381.5355122,78.22686619999877,candidate-measurement,0FD7C6,valid,1038278,0,True,
1,1,00001F,1790195651.8439226,34381.7275106,78.41886460000387,candidate-measurement,0FD7C6,valid,1038278,0,True,
1,1,00001F,1790195652.0514925,34381.9350806,78.62643460000254,candidate-measurement,0FD7C5,valid,1038277,-1,True,
1,1,00001F,1790195652.2434883,34382.1270764,78.8184304000024,candidate-measurement,0FD7C5,valid,1038277,0,True,
1,1,00001F,1790195652.4354808,34382.3190697,79.01042370000505,candidate-measurement,0FD7C4,valid,1038276,-1,True,
1,1,00001F,1790195652.643473,34382.5270616,79.2184156000003,candidate-measurement,0FD7C2,valid,1038274,-2,True,
1,1,00001F,1790195652.8348932,34382.7184816,79.40983560000313,candidate-measurement,0FD7C1,valid,1038273,-1,True,
1,1,00001F,1790195653.026877,34382.9104664,79.60182039999927,candidate-measurement,0FD7C0,valid,1038272,-1,True,
1,1,00001F,1790195653.2344513,34383.1180393,79.80939330000547,candidate-measurement,0FD7C0,valid,1038272,0,True,
1,1,00001F,1790195653.4264445,34383.3100337,80.00138770000194,candidate-measurement,0FD7BF,valid,1038271,-1,True,
1,1,00001F,1790195653.6184382,34383.5020267,80.19338070000231,candidate-measurement,0FD7BF,valid,1038271,0,True,
1,1,00001F,1790195653.8098578,34383.6934463,80.3848003000021,candidate-measurement,0FD7BF,valid,1038271,0,True,
1,1,00001F,1790195654.0178466,34383.9014353,80.59278930000437,candidate-measurement,0FD7BF,valid,1038271,0,True,
1,1,00001F,1790195654.2098403,34384.0934284,80.7847824000055,candidate-measurement,0FD7BF,valid,1038271,0,True,
1,1,00001F,1790195654.4014096,34384.2849987,80.97635270000319,candidate-measurement,0FD7BF,valid,1038271,0,True,
1,1,00001F,1790195654.609406,34384.4929945,81.18434849999903,candidate-measurement,0FD7BE,valid,1038270,-1,True,
1,1,00001F,1790195654.8008332,34384.6844221,81.37577610000153,candidate-measurement,0FD7B9,valid,1038265,-5,True,
1,1,00001F,1790195654.9928186,34384.8764076,81.567761600003,candidate-measurement,0FD7B2,valid,1038258,-7,True,
1,1,00001F,1790195655.2005277,34385.084116,81.7754700000005,candidate-measurement,0FD7AF,valid,1038255,-3,True,
1,1,00001F,1790195655.3923836,34385.2759719,81.96732590000465,candidate-measurement,0FD7AD,valid,1038253,-2,True,
1,1,00001F,1790195655.5838015,34385.4673913,82.15874530000292,candidate-measurement,0FD7AD,valid,1038253,0,True,
1,1,00001F,1790195655.775787,34385.6593762,82.35073019999982,candidate-measurement,0FD7AD,valid,1038253,0,True,
1,1,00001F,1790195655.9834104,34385.8669987,82.55835270000534,candidate-measurement,0FD7AD,valid,1038253,0,True,
1,1,00001F,1790195656.1753654,34386.0589535,82.75030750000587,candidate-measurement,0FD7AC,valid,1038252,-1,True,
1,1,00001F,1790195656.3673542,34386.2509431,82.94229710000218,candidate-measurement,0FD7A9,valid,1038249,-3,True,
1,1,00001F,1790195656.5747688,34386.4583569,83.14971090000472,candidate-measurement,0FD79A,valid,1038234,-15,True,
1,1,00001F,1790195656.7667525,34386.650341,83.3416950000028,candidate-measurement,0FD794,valid,1038228,-6,True,
1,1,00001F,1790195656.9583323,34386.8419214,83.53327540000464,candidate-measurement,0FD792,valid,1038226,-2,True,
1,1,00001F,1790195657.1663268,34387.0499149,83.7412689000048,candidate-measurement,0FD78A,valid,1038218,-8,True,
1,1,00001F,1790195657.3743176,34387.2579059,83.94925990000047,candidate-measurement,0FD786,valid,1038214,-4,True,
1,1,00001F,1790195657.56631,34387.4498989,84.14125290000084,candidate-measurement,0FD784,valid,1038212,-2,True,
1,1,00001F,1790195657.7583094,34387.6418979,84.33325190000323,candidate-measurement,0FD782,valid,1038210,-2,True,
1,1,00001F,1790195657.9497216,34387.8333106,84.52466460000142,candidate-measurement,0FD780,valid,1038208,-2,True,
1,1,00001F,1790195658.1417196,34388.0253077,84.7166617000039,candidate-measurement,0FD77E,valid,1038206,-2,True,
1,1,00001F,1790195658.333707,34388.2172956,84.90864960000181,candidate-measurement,0FD77D,valid,1038205,-1,True,
1,1,00001F,1790195658.541286,34388.4248743,85.11622830000124,candidate-measurement,0FD77A,valid,1038202,-3,True,
1,1,00001F,1790195658.733275,34388.6168632,85.30821719999949,candidate-measurement,0FD778,valid,1038200,-2,True,
1,1,00001F,1790195658.924688,34388.8082778,85.49963180000486,candidate-measurement,0FD776,valid,1038198,-2,True,
1,1,00001F,1790195659.1326988,34389.0162863,85.70764030000282,candidate-measurement,0FD774,valid,1038196,-2,True,
1,1,00001F,1790195659.3246768,34389.208265,85.89961900000344,candidate-measurement,0FD772,valid,1038194,-2,True,
1,1,00001F,1790195659.5162497,34389.3998389,86.09119289999944,candidate-measurement,0FD772,valid,1038194,0,True,
1,1,00001F,1790195659.7082484,34389.5918365,86.28319050000573,candidate-measurement,0FD772,valid,1038194,0,True,
1,1,00001F,1790195659.9156573,34389.7992458,86.49059980000311,candidate-measurement,0FD770,valid,1038192,-2,True,
1,1,00001F,1790195660.1076431,34389.9912327,86.68258670000068,candidate-measurement,0FD76E,valid,1038190,-2,True,
1,1,00001F,1790195660.2996392,34390.1832279,86.87458190000325,candidate-measurement,0FD76C,valid,1038188,-2,True,
1,1,00001F,1790195660.507235,34390.3908231,87.08217710000463,candidate-measurement,0FD76C,valid,1038188,0,True,
1,1,00001F,1790195660.6992147,34390.5828028,87.27415680000558,candidate-measurement,0FD76C,valid,1038188,0,True,
1,1,00001F,1790195660.8912013,34390.7747901,87.46614409999893,candidate-measurement,0FD76B,valid,1038187,-1,True,
1,1,00001F,1790195661.0986235,34390.9822118,87.67356580000342,candidate-measurement,0FD76B,valid,1038187,0,True,
1,1,00001F,1790195661.2906098,34391.1741981,87.8655521000037,candidate-measurement,0FD76A,valid,1038186,-1,True,
1,1,00001F,1790195661.482605,34391.3661944,88.05754840000009,candidate-measurement,0FD768,valid,1038184,-2,True,
1,1,00001F,1790195661.674176,34391.5577643,88.24911830000201,candidate-measurement,0FD767,valid,1038183,-1,True,
1,1,00001F,1790195661.8821723,34391.7657611,88.45711510000547,candidate-measurement,0FD766,valid,1038182,-1,True,
1,1,00001F,1790195662.074169,34391.9577574,88.64911140000186,candidate-measurement,0FD766,valid,1038182,0,True,
1,1,00001F,1790195662.2655866,34392.1491749,88.84052890000021,candidate-measurement,0FD765,valid,1038181,-1,True,
1,1,00001F,1790195662.4731588,34392.356747,89.04810100000032,candidate-measurement,0FD765,valid,1038181,0,True,
1,1,00001F,1790195662.665145,34392.5487337,89.24008770000364,candidate-measurement,0FD765,valid,1038181,0,True,
1,1,00001F,1790195662.8571565,34392.7407452,89.43209919999936,candidate-measurement,0FD765,valid,1038181,0,True,
1,1,00001F,1790195663.0651393,34392.9487273,89.64008130000002,candidate-measurement,0FD765,valid,1038181,0,True,
1,1,00001F,1790195663.2571342,34393.1407223,89.83207630000106,candidate-measurement,0FD765,valid,1038181,0,True,
1,1,00001F,1790195663.4485471,34393.3321361,90.02349010000034,candidate-measurement,0FD763,valid,1038179,-2,True,
1,1,00001F,1790195663.640533,34393.5241216,90.21547560000181,candidate-measurement,0FD75A,valid,1038170,-9,True,
1,1,00001F,1790195663.8481054,34393.7316935,90.4230475000004,candidate-measurement,0FD757,valid,1038167,-3,True,
1,1,00001F,1790195664.0401008,34393.9236901,90.61504409999907,candidate-measurement,0FD754,valid,1038164,-3,True,
1,1,00001F,1790195664.2315228,34394.1151112,90.806465200003,candidate-measurement,0FD753,valid,1038163,-1,True,
1,1,00001F,1790195664.439523,34394.3231117,91.01446570000553,candidate-measurement,0FD753,valid,1038163,0,True,
1,1,00001F,1790195664.6310863,34394.5146747,91.20602870000585,candidate-measurement,0FD753,valid,1038163,0,True,
1,1,00001F,1790195664.823074,34394.7066625,91.398016500003,candidate-measurement,0FD751,valid,1038161,-2,True,
1,1,00001F,1790195665.0310736,34394.9146624,91.60601640000095,candidate-measurement,0FD74F,valid,1038159,-2,True,
1,1,00001F,1790195665.2384853,34395.1220739,91.81342790000053,candidate-measurement,0FD743,valid,1038147,-12,True,
1,1,00001F,1790195665.4304805,34395.3140687,92.00542270000005,candidate-measurement,0FD73E,valid,1038142,-5,True,
1,1,00001F,1790195665.6220515,34395.505641,92.1969950000057,candidate-measurement,0FD73B,valid,1038139,-3,True,
1,1,00001F,1790195665.8140457,34395.6976341,92.38898809999955,candidate-measurement,0FD73A,valid,1038138,-1,True,
1,1,00001F,1790195666.006042,34395.8896318,92.58098579999933,candidate-measurement,0FD738,valid,1038136,-2,True,
1,1,00001F,1790195666.1980388,34396.0816269,92.77298090000113,candidate-measurement,0FD735,valid,1038133,-3,True,
1,1,00001F,1790195666.4054422,34396.2890301,92.980384100003,candidate-measurement,0FD733,valid,1038131,-2,True,
1,1,00001F,1790195666.5974448,34396.4810328,93.17238680000446,candidate-measurement,0FD730,valid,1038128,-3,True,
1,1,00001F,1790195666.7890108,34396.6725995,93.36395350000384,candidate-measurement,0FD72F,valid,1038127,-1,True,
1,1,00001F,1790195666.997008,34396.8805974,93.57195140000113,candidate-measurement,0FD72E,valid,1038126,-1,True,
1,1,00001F,1790195667.1890123,34397.0725998,93.76395380000031,candidate-measurement,0FD72D,valid,1038125,-1,True,
1,1,00001F,1790195667.3804214,34397.2640097,93.955363699999,candidate-measurement,0FD72C,valid,1038124,-1,True,
1,1,00001F,1790195667.572408,34397.4559972,94.14735120000114,candidate-measurement,0FD72C,valid,1038124,0,True,
1,1,00001F,1790195667.7799935,34397.6635825,94.3549364999999,candidate-measurement,0FD72B,valid,1038123,-1,True,
1,1,00001F,1790195667.971977,34397.8555648,94.54691879999882,candidate-measurement,0FD72A,valid,1038122,-1,True,
1,1,00001F,1790195668.16397,34398.0475586,94.73891260000528,candidate-measurement,0FD728,valid,1038120,-2,True,
1,1,00001F,1790195668.371384,34398.2549722,94.94632619999902,candidate-measurement,0FD727,valid,1038119,-1,True,
1,1,00001F,1790195668.563375,34398.446964,95.1383180000048,candidate-measurement,0FD725,valid,1038117,-2,True,
1,1,00001F,1790195668.7549536,34398.6385432,95.32989720000478,candidate-measurement,0FD724,valid,1038116,-1,True,
1,1,00001F,1790195668.962946,34398.8465344,95.53788840000198,candidate-measurement,0FD722,valid,1038114,-2,True,
1,1,00001F,1790195669.1549377,34399.0385261,95.72988009999972,candidate-measurement,0FD721,valid,1038113,-1,True,
1,1,00001F,1790195669.346353,34399.2299417,95.92129570000543,candidate-measurement,0FD71E,valid,1038110,-3,True,
1,1,00001F,1790195669.5383484,34399.4219372,96.113291200003,candidate-measurement,0FD718,valid,1038104,-6,True,
1,1,00001F,1790195669.7459793,34399.6295677,96.32092170000396,candidate-measurement,0FD716,valid,1038102,-2,True,
1,1,00001F,1790195669.9379086,34399.8214978,96.51285180000559,candidate-measurement,0FD713,valid,1038099,-3,True,
1,1,00001F,1790195670.1299229,34400.0135098,96.70486380000511,candidate-measurement,0FD712,valid,1038098,-1,True,
1,1,00001F,1790195670.337359,34400.2209475,96.91230150000047,candidate-measurement,0FD710,valid,1038096,-2,True,
1,1,00001F,1790195670.5293138,34400.412902,97.10425599999871,candidate-measurement,0FD710,valid,1038096,0,True,
1,1,00001F,1790195670.721311,34400.6049002,97.2962542000023,candidate-measurement,0FD710,valid,1038096,0,True,
1,1,00001F,1790195670.9292736,34400.8128607,97.50421470000583,candidate-measurement,0FD70F,valid,1038095,-1,True,
1,1,00001F,1790195671.120883,34401.004471,97.69582500000251,candidate-measurement,0FD70D,valid,1038093,-2,True,
1,1,00001F,1790195671.3128693,34401.1964576,97.88781160000508,candidate-measurement,0FD70C,valid,1038092,-1,True,
1,1,00001F,1790195671.5048525,34401.388442,98.07979600000544,candidate-measurement,0FD70C,valid,1038092,0,True,
1,1,00001F,1790195671.7122717,34401.5958611,98.28721510000469,candidate-measurement,0FD70C,valid,1038092,0,True,
1,1,00001F,1790195671.9042728,34401.7878619,98.47921589999896,candidate-measurement,0FD70B,valid,1038091,-1,True,
1,1,00001F,1790195672.096257,34401.9798467,98.67120070000237,candidate-measurement,0FD70B,valid,1038091,0,True,
1,1,00001F,1790195672.3038335,34402.1874221,98.87877610000578,candidate-measurement,0FD70B,valid,1038091,0,True,
1,1,00001F,1790195672.495828,34402.3794169,99.0707709000053,candidate-measurement,0FD70B,valid,1038091,0,True,
1,1,00001F,1790195672.6878238,34402.5714132,99.26276720000169,candidate-measurement,0FD70B,valid,1038091,0,True,
1,1,00001F,1790195672.8792548,34402.7628422,99.4541962000003,candidate-measurement,0FD709,valid,1038089,-2,True,
1,1,00001F,1790195673.0872362,34402.9708246,99.66217860000324,candidate-measurement,0FD705,valid,1038085,-4,True,
1,1,00001F,1790195673.2792225,34403.1628109,99.85416490000352,candidate-measurement,0FD6FF,valid,1038079,-6,True,
1,1,00001F,1790195673.4707966,34403.3543857,100.0457396999991,candidate-measurement,0FD6FC,valid,1038076,-3,True,
1,1,00001F,1790195673.6787891,34403.5623786,100.25373260000197,candidate-measurement,0FD6FA,valid,1038074,-2,True,
1,1,00001F,1790195673.8707867,34403.7543747,100.44572870000411,candidate-measurement,0FD6F9,valid,1038073,-1,True,
1,1,00001F,1790195674.0622144,34403.9458023,100.63715629999933,candidate-measurement,0FD6F9,valid,1038073,0,True,
1,1,00001F,1790195674.2701938,34404.1537827,100.8451367000016,candidate-measurement,0FD6F9,valid,1038073,0,True,
1,1,00001F,1790195674.462185,34404.345774,101.03712800000358,candidate-measurement,0FD6F9,valid,1038073,0,True,
1,1,00001F,1790195674.6538262,34404.5374148,101.22876879999967,candidate-measurement,0FD6F9,valid,1038073,0,True,
1,1,00001F,1790195674.8457556,34404.729344,101.42069800000172,candidate-measurement,0FD6F8,valid,1038072,-1,True,
1,1,00001F,1790195675.053168,34404.9367569,101.62811090000469,candidate-measurement,0FD6F5,valid,1038069,-3,True,
1,1,00001F,1790195675.245163,34405.1287511,101.82010509999964,candidate-measurement,0FD6E6,valid,1038054,-15,True,
1,1,00001F,1790195675.4371562,34405.3207448,102.01209880000533,candidate-measurement,0FD6E1,valid,1038049,-5,True,
1,1,00001F,1790195675.64473,34405.5283183,102.21967230000155,candidate-measurement,0FD6DF,valid,1038047,-2,True,
1,1,00001F,1790195675.836719,34405.7203089,102.41166290000547,candidate-measurement,0FD6DB,valid,1038043,-4,True,
1,1,00001F,1790195676.0281398,34405.9117279,102.60308190000069,candidate-measurement,0FD6D6,valid,1038038,-5,True,
1,1,00001F,1790195676.2361257,34406.1197142,102.81106820000423,candidate-measurement,0FD6D4,valid,1038036,-2,True,
1,1,00001F,1790195676.4281268,34406.3117153,103.00306930000079,candidate-measurement,0FD6D2,valid,1038034,-2,True,
1,1,00001F,1790195676.619691,34406.50328,103.1946339999995,candidate-measurement,0FD6D2,valid,1038034,0,True,
1,1,00001F,1790195676.8116891,34406.6952794,103.38663340000494,candidate-measurement,0FD6D1,valid,1038033,-1,True,
1,1,00001F,1790195677.019686,34406.9032748,103.59462880000501,candidate-measurement,0FD6D0,valid,1038032,-1,True,
1,1,00001F,1790195677.2116795,34407.0952676,103.78662160000385,candidate-measurement,0FD6CE,valid,1038030,-2,True,
1,1,00001F,1790195677.4031432,34407.2867322,103.97808620000433,candidate-measurement,0FD6CE,valid,1038030,0,True,
1,1,00001F,1790195677.611084,34407.4946731,104.18602710000414,candidate-measurement,0FD6CC,valid,1038028,-2,True,
1,1,00001F,1790195677.8030794,34407.6866688,104.37802280000324,candidate-measurement,0FD6CA,valid,1038026,-2,True,
1,1,00001F,1790195677.9946527,34407.8782416,104.56959560000541,candidate-measurement,0FD6CA,valid,1038026,0,True,
1,1,00001F,1790195678.202644,34408.0862324,104.77758639999956,candidate-measurement,0FD6C8,valid,1038024,-2,True,
1,1,00001F,1790195678.3946385,34408.2782284,104.96958240000095,candidate-measurement,0FD6C8,valid,1038024,0,True,
1,1,00001F,1790195678.5860543,34408.4696436,105.16099760000361,candidate-measurement,0FD6C5,valid,1038021,-3,True,
1,1,00001F,1790195678.7780476,34408.6616364,105.35299040000245,candidate-measurement,0FD6C3,valid,1038019,-2,True,
1,1,00001F,1790195678.985622,34408.8692102,105.56056420000095,candidate-measurement,0FD6C1,valid,1038017,-2,True,
1,1,00001F,1790195679.1776297,34409.0612172,105.75257119999878,candidate-measurement,0FD6BF,valid,1038015,-2,True,
1,1,00001F,1790195679.3696082,34409.253196,105.94455000000016,candidate-measurement,0FD6BE,valid,1038014,-1,True,
1,1,00001F,1790195679.5770173,34409.4606072,106.15196120000473,candidate-measurement,0FD6BC,valid,1038012,-2,True,
1,1,00001F,1790195679.769018,34409.652606,106.34396000000561,candidate-measurement,0FD6BA,valid,1038010,-2,True,
1,1,00001F,1790195679.960595,34409.8441836,106.53553760000068,candidate-measurement,0FD6B9,valid,1038009,-1,True,
1,1,00001F,1790195680.1685836,34410.0521713,106.74352530000033,candidate-measurement,0FD6B8,valid,1038008,-1,True,
1,1,00001F,1790195680.3605795,34410.2441684,106.93552240000281,candidate-measurement,0FD6B8,valid,1038008,0,True,
1,1,00001F,1790195680.5519948,34410.4355832,107.12693720000243,candidate-measurement,0FD6B8,valid,1038008,0,True,
1,1,00001F,1790195680.7439852,34410.6275744,107.31892840000364,candidate-measurement,0FD6B6,valid,1038006,-2,True,
1,1,00001F,1790195680.9515574,34410.8351466,107.52650060000451,candidate-measurement,0FD6B6,valid,1038006,0,True,
1,1,00001F,1790195681.143563,34411.0271511,107.71850510000513,candidate-measurement,0FD6B6,valid,1038006,0,True,
1,1,00001F,1790195681.3349686,34411.2185571,107.90991110000323,candidate-measurement,0FD6B6,valid,1038006,0,True,
1,1,00001F,1790195681.542964,34411.4265523,108.11790630000178,candidate-measurement,0FD6B4,valid,1038004,-2,True,
1,1,00001F,1790195681.7345262,34411.6181164,108.30947040000319,candidate-measurement,0FD6B2,valid,1038002,-2,True,
1,1,00001F,1790195681.9265196,34411.8101086,108.50146260000474,candidate-measurement,0FD6B2,valid,1038002,0,True,
1,1,00001F,1790195682.1339512,34412.0175389,108.70889290000196,candidate-measurement,0FD6B2,valid,1038002,0,True,
1,1,00001F,1790195682.3259358,34412.2095239,108.90087789999961,candidate-measurement,0FD6B1,valid,1038001,-1,True,
1,1,00001F,1790195682.5175052,34412.4010939,109.0924479000023,candidate-measurement,0FD6B1,valid,1038001,0,True,
1,1,00001F,1790195682.709499,34412.5930887,109.28444270000182,candidate-measurement,0FD6B1,valid,1038001,0,True,
1,1,00001F,1790195682.917494,34412.8010827,109.49243670000578,candidate-measurement,0FD6B1,valid,1038001,0,True,
1,1,00001F,1790195683.108905,34412.9924939,109.68384789999982,candidate-measurement,0FD6B1,valid,1038001,0,True,
1,1,00001F,1790195683.300907,34413.184495,109.87584900000365,candidate-measurement,0FD6AF,valid,1037999,-2,True,
1,1,00001F,1790195683.5088863,34413.3924751,110.08382910000364,candidate-measurement,0FD6A7,valid,1037991,-8,True,
1,1,00001F,1790195683.7004614,34413.5840509,110.27540489999956,candidate-measurement,0FD6A4,valid,1037988,-3,True,
1,1,00001F,1790195683.8924575,34413.7760468,110.46740080000018,candidate-measurement,0FD6A2,valid,1037986,-2,True,
1,1,00001F,1790195684.1004453,34413.9840339,110.67538790000253,candidate-measurement,0FD6A0,valid,1037984,-2,True,
1,1,00001F,1790195684.291878,34414.1754659,110.86681990000216,candidate-measurement,0FD69F,valid,1037983,-1,True,
1,1,00001F,1790195684.4838674,34414.3674565,111.0588104999988,candidate-measurement,0FD69F,valid,1037983,0,True,
1,1,00001F,1790195684.675851,34414.559441,111.25079499999993,candidate-measurement,0FD69F,valid,1037983,0,True,
1,1,00001F,1790195684.8834293,34414.7670178,111.45837179999944,candidate-measurement,0FD69F,valid,1037983,0,True,
1,1,00001F,1790195685.0754247,34414.9590129,111.65036690000125,candidate-measurement,0FD69F,valid,1037983,0,True,
1,1,00001F,1790195685.2674205,34415.1510089,111.84236290000263,candidate-measurement,0FD69D,valid,1037981,-2,True,
1,1,00001F,1790195685.475421,34415.3590092,112.05036320000363,candidate-measurement,0FD694,valid,1037972,-9,True,
1,1,00001F,1790195685.6674075,34415.5509963,112.24235030000273,candidate-measurement,0FD68C,valid,1037964,-8,True,
1,1,00001F,1790195685.8588188,34415.7424084,112.43376240000362,candidate-measurement,0FD689,valid,1037961,-3,True,
1,1,00001F,1790195686.066398,34415.9499866,112.64134059999924,candidate-measurement,0FD686,valid,1037958,-3,True,
1,1,00001F,1790195686.2583826,34416.141971,112.8333249999996,candidate-measurement,0FD684,valid,1037956,-2,True,
1,1,00001F,1790195686.4503798,34416.333968,113.02532200000132,candidate-measurement,0FD682,valid,1037954,-2,True,
1,1,00001F,1790195686.6417918,34416.5253814,113.21673540000484,candidate-measurement,0FD67E,valid,1037950,-4,True,
1,1,00001F,1790195686.8493674,34416.7329565,113.42431049999868,candidate-measurement,0FD67B,valid,1037947,-3,True,
1,1,00001F,1790195687.0413654,34416.9249539,113.61630790000345,candidate-measurement,0FD67A,valid,1037946,-1,True,
1,1,00001F,1790195687.2333584,34417.1169463,113.80830029999925,candidate-measurement,0FD679,valid,1037945,-1,True,
1,1,00001F,1790195687.4407685,34417.3243572,114.01571120000153,candidate-measurement,0FD678,valid,1037944,-1,True,
1,1,00001F,1790195687.6327636,34417.5163526,114.20770660000562,candidate-measurement,0FD678,valid,1037944,0,True,
1,1,00001F,1790195687.824331,34417.7079207,114.39927470000111,candidate-measurement,0FD677,valid,1037943,-1,True,
1,1,00001F,1790195688.0323436,34417.9159327,114.6072867000039,candidate-measurement,0FD676,valid,1037942,-1,True,
1,1,00001F,1790195688.224324,34418.1079126,114.7992665999991,candidate-measurement,0FD674,valid,1037940,-2,True,
1,1,00001F,1790195688.4157395,34418.2993287,114.99068270000134,candidate-measurement,0FD673,valid,1037939,-1,True,
1,1,00001F,1790195688.6073327,34418.4909222,115.18227620000107,candidate-measurement,0FD672,valid,1037938,-1,True,
1,1,00001F,1790195688.8153007,34418.69889,115.39024400000199,candidate-measurement,0FD670,valid,1037936,-2,True,
1,1,00001F,1790195689.0073006,34418.8908888,115.58224280000286,candidate-measurement,0FD670,valid,1037936,0,True,
1,1,00001F,1790195689.1987174,34419.0823053,115.77365930000087,candidate-measurement,0FD66F,valid,1037935,-1,True,
1,1,00001F,1790195689.406705,34419.2902935,115.98164750000433,candidate-measurement,0FD66D,valid,1037933,-2,True,
1,1,00001F,1790195689.598697,34419.4822867,116.17364069999894,candidate-measurement,0FD66A,valid,1037930,-3,True,
1,1,00001F,1790195689.7902803,34419.6738689,116.36522289999994,candidate-measurement,0FD669,valid,1037929,-1,True,
1,1,00001F,1790195689.998267,34419.8818561,116.57321010000305,candidate-measurement,0FD667,valid,1037927,-2,True,
1,1,00001F,1790195690.2056968,34420.0892841,116.78063810000458,candidate-measurement,0FD665,valid,1037925,-2,True,
1,1,00001F,1790195690.398252,34420.2818407,116.97319470000366,candidate-measurement,0FD664,valid,1037924,-1,True,
1,1,00001F,1790195690.5896676,34420.4732569,117.16461089999939,candidate-measurement,0FD662,valid,1037922,-2,True,
1,1,00001F,1790195690.7816577,34420.665246,117.35659999999916,candidate-measurement,0FD661,valid,1037921,-1,True,
1,1,00001F,1790195690.9732444,34420.856832,117.54818599999999,candidate-measurement,0FD660,valid,1037920,-1,True,
1,1,00001F,1790195691.1652339,34421.048822,117.74017599999934,candidate-measurement,0FD65F,valid,1037919,-1,True,
1,1,00001F,1790195691.3732214,34421.25681,117.94816400000127,candidate-measurement,0FD65E,valid,1037918,-1,True,
1,1,00001F,1790195691.5646348,34421.4482234,118.13957740000478,candidate-measurement,0FD65E,valid,1037918,0,True,
1,1,00001F,1790195691.7566333,34421.6402227,118.33157670000219,candidate-measurement,0FD65E,valid,1037918,0,True,
1,1,00001F,1790195691.9642298,34421.8478176,118.53917160000128,candidate-measurement,0FD65E,valid,1037918,0,True,
1,1,00001F,1790195692.156203,34422.0397905,118.73114450000139,candidate-measurement,0FD65C,valid,1037916,-2,True,
1,1,00001F,1790195692.347623,34422.231211,118.92256500000076,candidate-measurement,0FD65C,valid,1037916,0,True,
1,1,00001F,1790195692.539603,34422.4231923,119.11454629999935,candidate-measurement,0FD65C,valid,1037916,0,True,
1,1,00001F,1790195692.7477,34422.6312864,119.32264040000155,candidate-measurement,0FD65A,valid,1037914,-2,True,
1,1,00001F,1790195692.9391737,34422.8227628,119.51411680000456,candidate-measurement,0FD658,valid,1037912,-2,True,
1,1,00001F,1790195693.1311727,34423.0147611,119.70611510000163,candidate-measurement,0FD658,valid,1037912,0,True,
1,1,00001F,1790195693.3391619,34423.2227501,119.9141041000039,candidate-measurement,0FD657,valid,1037911,-1,True,
1,1,00001F,1790195693.5311506,34423.4147392,120.10609320000367,candidate-measurement,0FD657,valid,1037911,0,True,
1,1,00001F,1790195693.722565,34423.6061555,120.29750950000016,candidate-measurement,0FD657,valid,1037911,0,True,
1,1,00001F,1790195693.9305732,34423.8141628,120.50551680000353,candidate-measurement,0FD657,valid,1037911,0,True,
1,1,00001F,1790195694.1381323,34424.0217207,120.71307470000465,candidate-measurement,0FD657,valid,1037911,0,True,
1,1,00001F,1790195694.330127,34424.2137151,120.90506910000113,candidate-measurement,0FD654,valid,1037908,-3,True,
1,1,00001F,1790195694.5221212,34424.4057094,121.09706340000412,candidate-measurement,0FD64C,valid,1037900,-8,True,
1,1,00001F,1790195694.7135286,34424.597118,121.28847200000018,candidate-measurement,0FD648,valid,1037896,-4,True,
1,1,00001F,1790195694.9055321,34424.7891202,121.48047420000512,candidate-measurement,0FD646,valid,1037894,-2,True,
1,1,00001F,1790195695.0975163,34424.9811054,121.6724594000043,candidate-measurement,0FD645,valid,1037893,-1,True,
1,1,00001F,1790195695.3050923,34425.188681,121.88003500000195,candidate-measurement,0FD645,valid,1037893,0,True,
1,1,00001F,1790195695.497084,34425.3806734,122.07202740000503,candidate-measurement,0FD645,valid,1037893,0,True,
1,1,00001F,1790195695.688504,34425.5720924,122.26344640000025,candidate-measurement,0FD643,valid,1037891,-2,True,
1,1,00001F,1790195695.8964868,34425.7800767,122.47143070000311,candidate-measurement,0FD641,valid,1037889,-2,True,
1,1,00001F,1790195696.1040645,34425.987653,122.67900699999882,candidate-measurement,0FD633,valid,1037875,-14,True,
1,1,00001F,1790195696.2960582,34426.1796467,122.87100070000452,candidate-measurement,0FD62E,valid,1037870,-5,True,
1,1,00001F,1790195696.4880586,34426.3716472,123.06300120000378,candidate-measurement,0FD62B,valid,1037867,-3,True,
1,1,00001F,1790195696.6794696,34426.563058,123.25441200000205,candidate-measurement,0FD626,valid,1037862,-5,True,
1,1,00001F,1790195696.871463,34426.7550528,123.44640680000157,candidate-measurement,0FD622,valid,1037858,-4,True,
1,1,00001F,1790195697.063038,34426.9466277,123.63798170000518,candidate-measurement,0FD61F,valid,1037855,-3,True,
1,1,00001F,1790195697.2710252,34427.1546132,123.84596720000263,candidate-measurement,0FD61E,valid,1037854,-1,True,
1,1,00001F,1790195697.4630256,34427.3466141,124.03796810000495,candidate-measurement,0FD61D,valid,1037853,-1,True,
1,1,00001F,1790195697.6544368,34427.5380268,124.22938080000313,candidate-measurement,0FD61B,valid,1037851,-2,True,
1,1,00001F,1790195697.8620782,34427.7456672,124.43702119999944,candidate-measurement,0FD61A,valid,1037850,-1,True,
1,1,00001F,1790195698.0700054,34427.9535936,124.64494760000525,candidate-measurement,0FD618,valid,1037848,-2,True,
1,1,00001F,1790195698.2620008,34428.1455892,124.83694320000359,candidate-measurement,0FD616,valid,1037846,-2,True,
1,1,00001F,1790195698.4539886,34428.3375772,125.02893120000226,candidate-measurement,0FD615,valid,1037845,-1,True,
1,1,00001F,1790195698.6454062,34428.5289953,125.22034930000518,candidate-measurement,0FD613,valid,1037843,-2,True,
1,1,00001F,1790195698.8373942,34428.7209837,125.41233769999963,candidate-measurement,0FD610,valid,1037840,-3,True,
1,1,00001F,1790195699.0289834,34428.9125714,125.60392539999884,candidate-measurement,0FD60B,valid,1037835,-5,True,
1,1,00001F,1790195699.2369764,34429.1205645,125.81191850000323,candidate-measurement,0FD608,valid,1037832,-3,True,
1,1,00001F,1790195699.4289646,34429.3125532,126.00390719999996,candidate-measurement,0FD606,valid,1037830,-2,True,
1,1,00001F,1790195699.620391,34429.503979,126.1953330000033,candidate-measurement,0FD604,valid,1037828,-2,True,
1,1,00001F,1790195699.8279495,34429.7115389,126.4028929000051,candidate-measurement,0FD604,valid,1037828,0,True,
1,1,00001F,1790195700.0199535,34429.9035415,126.5948955000058,candidate-measurement,0FD604,valid,1037828,0,True,
1,1,00001F,1790195700.21194,34430.0955279,126.78688189999957,candidate-measurement,0FD602,valid,1037826,-2,True,
1,1,00001F,1790195700.4039266,34430.2875149,126.97886890000518,candidate-measurement,0FD602,valid,1037826,0,True,
1,1,00001F,1790195700.6113462,34430.4949345,127.18628850000096,candidate-measurement,0FD602,valid,1037826,0,True,
1,1,00001F,1790195700.8033378,34430.686926,127.37828000000445,candidate-measurement,0FD601,valid,1037825,-1,True,
1,1,00001F,1790195700.9949205,34430.8785088,127.56986280000274,candidate-measurement,0FD5FF,valid,1037823,-2,True,
1,1,00001F,1790195701.2029142,34431.0865021,127.77785610000137,candidate-measurement,0FD5FE,valid,1037822,-1,True,
1,1,00001F,1790195701.3948917,34431.2784808,127.96983480000199,candidate-measurement,0FD5FE,valid,1037822,0,True,
1,1,00001F,1790195701.5868893,34431.4704773,128.1618312999999,candidate-measurement,0FD5FD,valid,1037821,-1,True,
1,1,00001F,1790195701.794307,34431.6778968,128.3692508000022,candidate-measurement,0FD5FD,valid,1037821,0,True,
1,1,00001F,1790195701.9862971,34431.8698864,128.56124040000577,candidate-measurement,0FD5FD,valid,1037821,0,True,
1,1,00001F,1790195702.1778784,34432.0614663,128.7528203000038,candidate-measurement,0FD5FD,valid,1037821,0,True,
1,1,00001F,1790195702.3698626,34432.2534514,128.94480540000222,candidate-measurement,0FD5FD,valid,1037821,0,True,
1,1,00001F,1790195702.5772727,34432.4608612,129.1522152000034,candidate-measurement,0FD5FB,valid,1037819,-2,True,
1,1,00001F,1790195702.7692723,34432.6528629,129.34421690000454,candidate-measurement,0FD5F7,valid,1037815,-4,True,
1,1,00001F,1790195702.960843,34432.8444335,129.53578750000452,candidate-measurement,0FD5F1,valid,1037809,-6,True,
1,1,00001F,1790195703.1688387,34433.0524264,129.7437804000001,candidate-measurement,0FD5EE,valid,1037806,-3,True,
1,1,00001F,1790195703.3608387,34433.2444269,129.93578089999937,candidate-measurement,0FD5EC,valid,1037804,-2,True,
1,1,00001F,1790195703.5522456,34433.4358349,130.12718890000542,candidate-measurement,0FD5EC,valid,1037804,0,True,
1,1,00001F,1790195703.7602365,34433.6438263,130.33518030000414,candidate-measurement,0FD5EB,valid,1037803,-1,True,
1,1,00001F,1790195703.9518123,34433.8354027,130.52675670000463,candidate-measurement,0FD5EB,valid,1037803,0,True,
1,1,00001F,1790195704.1438181,34434.0274065,130.71876049999992,candidate-measurement,0FD5EB,valid,1037803,0,True,
1,1,00001F,1790195704.3358054,34434.2193937,130.91074769999977,candidate-measurement,0FD5EB,valid,1037803,0,True,
1,1,00001F,1790195704.543798,34434.4273874,131.11874140000145,candidate-measurement,0FD5EB,valid,1037803,0,True,
1,1,00001F,1790195704.735209,34434.6187991,131.3101530999993,candidate-measurement,0FD5E7,valid,1037799,-4,True,
1,1,00001F,1790195704.927206,34434.8107942,131.5021482000011,candidate-measurement,0FD5DA,valid,1037786,-13,True,
1,1,00001F,1790195705.1352065,34435.0187945,131.7101485000021,candidate-measurement,0FD5D5,valid,1037781,-5,True,
1,1,00001F,1790195705.3267653,34435.2103536,131.90170760000183,candidate-measurement,0FD5D2,valid,1037778,-3,True,
1,1,00001F,1790195705.5187566,34435.4023464,132.09370040000067,candidate-measurement,0FD5D0,valid,1037776,-2,True,
1,1,00001F,1790195705.7267485,34435.610338,132.3016920000009,candidate-measurement,0FD5CC,valid,1037772,-4,True,
1,1,00001F,1790195705.934172,34435.81776,132.5091140000004,candidate-measurement,0FD5C8,valid,1037768,-4,True,
1,1,00001F,1790195706.126168,34436.0097567,132.70111069999984,candidate-measurement,0FD5C6,valid,1037766,-2,True,
1,1,00001F,1790195706.317739,34436.2013273,132.89268129999982,candidate-measurement,0FD5C5,valid,1037765,-1,True,
1,1,00001F,1790195706.5097342,34436.3933227,133.0846767000039,candidate-measurement,0FD5C4,valid,1037764,-1,True,
1,1,00001F,1790195706.701726,34436.5853143,133.2766683000009,candidate-measurement,0FD5C3,valid,1037763,-1,True,
1,1,00001F,1790195706.8937168,34436.7773064,133.46866040000168,candidate-measurement,0FD5C2,valid,1037762,-1,True,
1,1,00001F,1790195707.1011364,34436.9847253,133.6760792999994,candidate-measurement,0FD5C0,valid,1037760,-2,True,
1,1,00001F,1790195707.2931435,34437.1767313,133.86808530000417,candidate-measurement,0FD5BF,valid,1037759,-1,True,
1,1,00001F,1790195707.4851239,34437.3687119,134.0600659000047,candidate-measurement,0FD5BD,valid,1037757,-2,True,
1,1,00001F,1790195707.692694,34437.5762827,134.26763670000219,candidate-measurement,0FD5BB,valid,1037755,-2,True,
1,1,00001F,1790195707.884685,34437.7682739,134.4596279000034,candidate-measurement,0FD5B9,valid,1037753,-2,True,
1,1,00001F,1790195708.0766883,34437.9602778,134.65163179999945,candidate-measurement,0FD5B6,valid,1037750,-3,True,
1,1,00001F,1790195708.2681,34438.1516883,134.8430423000027,candidate-measurement,0FD5B5,valid,1037749,-1,True,
1,1,00001F,1790195708.4757245,34438.3593129,135.0506669000024,candidate-measurement,0FD5B2,valid,1037746,-3,True,
1,1,00001F,1790195708.667657,34438.5512463,135.24260030000005,candidate-measurement,0FD5B1,valid,1037745,-1,True,
1,1,00001F,1790195708.8596547,34438.7432429,135.43459689999872,candidate-measurement,0FD5B0,valid,1037744,-1,True,
1,1,00001F,1790195709.067651,34438.9512403,135.64259429999947,candidate-measurement,0FD5AE,valid,1037742,-2,True,
1,1,00001F,1790195709.2596395,34439.1432277,135.83458170000085,candidate-measurement,0FD5AD,valid,1037741,-1,True,
1,1,00001F,1790195709.4510627,34439.3346509,136.02600489999895,candidate-measurement,0FD5AB,valid,1037739,-2,True,
1,1,00001F,1790195709.6586735,34439.5422632,136.23361719999957,candidate-measurement,0FD5AA,valid,1037738,-1,True,
1,1,00001F,1790195709.8506217,34439.7342118,136.42556580000382,candidate-measurement,0FD5AA,valid,1037738,0,True,
1,1,00001F,1790195710.0426154,34439.9262032,136.61755719999928,candidate-measurement,0FD5AA,valid,1037738,0,True,
1,1,00001F,1790195710.2346168,34440.118205,136.80955900000117,candidate-measurement,0FD5A8,valid,1037736,-2,True,
1,1,00001F,1790195710.4420145,34440.3256032,137.01695720000134,candidate-measurement,0FD5A8,valid,1037736,0,True,
1,1,00001F,1790195710.6340141,34440.5176035,137.2089574999991,candidate-measurement,0FD5A8,valid,1037736,0,True,
1,1,00001F,1790195710.8260107,34440.7095993,137.40095329999895,candidate-measurement,0FD5A8,valid,1037736,0,True,
1,1,00001F,1790195711.0335839,34440.9171727,137.60852670000168,candidate-measurement,0FD5A6,valid,1037734,-2,True,
1,1,00001F,1790195711.2255847,34441.1091731,137.80052710000018,candidate-measurement,0FD5A4,valid,1037732,-2,True,
1,1,00001F,1790195711.417572,34441.3011603,137.99251430000004,candidate-measurement,0FD5A4,valid,1037732,0,True,
1,1,00001F,1790195711.624987,34441.5085754,138.1999294000052,candidate-measurement,0FD5A3,valid,1037731,-1,True,
1,1,00001F,1790195711.8165662,34441.7001546,138.39150860000518,candidate-measurement,0FD5A3,valid,1037731,0,True,
1,1,00001F,1790195712.008559,34441.8921486,138.5835026000059,candidate-measurement,0FD5A3,valid,1037731,0,True,
1,1,00001F,1790195712.2005508,34442.0841391,138.77549310000177,candidate-measurement,0FD5A3,valid,1037731,0,True,
1,1,00001F,1790195712.4080658,34442.2916513,138.98300530000415,candidate-measurement,0FD5A3,valid,1037731,0,True,
1,1,00001F,1790195712.5999532,34442.4835421,139.17489610000484,candidate-measurement,0FD5A2,valid,1037730,-1,True,
1,1,00001F,1790195712.7919507,34442.675539,139.3668930000058,candidate-measurement,0FD59D,valid,1037725,-5,True,
1,1,00001F,1790195712.9995086,34442.8830972,139.57445120000193,candidate-measurement,0FD596,valid,1037718,-7,True,
1,1,00001F,1790195713.1915207,34443.0751087,139.76646270000492,candidate-measurement,0FD593,valid,1037715,-3,True,
1,1,00001F,1790195713.3835056,34443.2670942,139.9584481999991,candidate-measurement,0FD591,valid,1037713,-2,True,
1,1,00001F,1790195713.5755053,34443.459094,140.15044800000032,candidate-measurement,0FD591,valid,1037713,0,True,
1,1,00001F,1790195713.782911,34443.6665003,140.35785430000396,candidate-measurement,0FD591,valid,1037713,0,True,
1,1,00001F,1790195713.974908,34443.8584987,140.5498527000018,candidate-measurement,0FD591,valid,1037713,0,True,
1,1,00001F,1790195714.1669319,34444.0505194,140.74187340000208,candidate-measurement,0FD591,valid,1037713,0,True,
1,1,00001F,1790195714.3744838,34444.2580718,140.94942580000497,candidate-measurement,0FD58E,valid,1037710,-3,True,
1,1,00001F,1790195714.5664816,34444.4500701,141.14142410000204,candidate-measurement,0FD583,valid,1037699,-11,True,
1,1,00001F,1790195714.7584689,34444.6420588,141.33341279999877,candidate-measurement,0FD57C,valid,1037692,-7,True,
1,1,00001F,1790195714.9659016,34444.84949,141.54084400000283,candidate-measurement,0FD579,valid,1037689,-3,True,
1,1,00001F,1790195715.1578841,34445.0414722,141.732826200001,candidate-measurement,0FD577,valid,1037687,-2,True,
1,1,00001F,1790195715.3494503,34445.2330388,141.92439279999962,candidate-measurement,0FD574,valid,1037684,-3,True,
1,1,00001F,1790195715.5414417,34445.4250309,142.1163849000004,candidate-measurement,0FD571,valid,1037681,-3,True,
1,1,00001F,1790195715.7494352,34445.6330243,142.3243782999998,candidate-measurement,0FD56D,valid,1037677,-4,True,
1,1,00001F,1790195715.9408472,34445.8244358,142.5157898000034,candidate-measurement,0FD56B,valid,1037675,-2,True,
1,1,00001F,1790195716.132841,34446.0164308,142.70778480000445,candidate-measurement,0FD56A,valid,1037674,-1,True,
1,1,00001F,1790195716.340842,34446.2244299,142.9157839000036,candidate-measurement,0FD569,valid,1037673,-1,True,
1,1,00001F,1790195716.5324087,34446.4159976,143.1073516000033,candidate-measurement,0FD567,valid,1037671,-2,True,
1,1,00001F,1790195716.724395,34446.6079848,143.29933880000317,candidate-measurement,0FD566,valid,1037670,-1,True,
1,1,00001F,1790195716.932389,34446.8159784,143.5073324000041,candidate-measurement,0FD564,valid,1037668,-2,True,
1,1,00001F,1790195717.1238132,34447.007402,143.69875600000523,candidate-measurement,0FD562,valid,1037666,-2,True,
1,1,00001F,1790195717.3158004,34447.1993892,143.8907432000051,candidate-measurement,0FD560,valid,1037664,-2,True,
1,1,00001F,1790195717.5073798,34447.3909677,144.08232169999974,candidate-measurement,0FD55D,valid,1037661,-3,True,
1,1,00001F,1790195717.715375,34447.5989628,144.2903168000048,candidate-measurement,0FD55B,valid,1037659,-2,True,
1,1,00001F,1790195717.907382,34447.7909699,144.4823239000034,candidate-measurement,0FD559,valid,1037657,-2,True,
1,1,00001F,1790195718.0993567,34447.9829457,144.67429970000376,candidate-measurement,0FD557,valid,1037655,-2,True,
1,1,00001F,1790195718.3067763,34448.1903643,144.8817182999992,candidate-measurement,0FD556,valid,1037654,-1,True,
1,1,00001F,1790195718.4987986,34448.3823857,145.0737397000048,candidate-measurement,0FD554,valid,1037652,-2,True,
1,1,00001F,1790195718.690336,34448.5739248,145.26527880000504,candidate-measurement,0FD553,valid,1037651,-1,True,
1,1,00001F,1790195718.8983316,34448.7819207,145.47327470000164,candidate-measurement,0FD552,valid,1037650,-1,True,
1,1,00001F,1790195719.1063235,34448.9899123,145.68126630000188,candidate-measurement,0FD550,valid,1037648,-2,True,
1,1,00001F,1790195719.2983217,34449.1819096,145.87326360000588,candidate-measurement,0FD550,valid,1037648,0,True,
1,1,00001F,1790195719.489736,34449.3733247,146.0646787000005,candidate-measurement,0FD550,valid,1037648,0,True,
1,1,00001F,1790195719.6817293,34449.5653178,146.25667180000164,candidate-measurement,0FD54F,valid,1037647,-1,True,
1,1,00001F,1790195719.8733034,34449.7568917,146.44824570000492,candidate-measurement,0FD54E,valid,1037646,-1,True,
1,1,00001F,1790195720.0652933,34449.9488821,146.64023610000004,candidate-measurement,0FD54E,valid,1037646,0,True,
1,1,00001F,1790195720.272713,34450.1563008,146.8476548000035,candidate-measurement,0FD54E,valid,1037646,0,True,
1,1,00001F,1790195720.464727,34450.3483158,147.03966980000405,candidate-measurement,0FD54C,valid,1037644,-2,True,
1,1,00001F,1790195720.6562772,34450.5398658,147.23121979999996,candidate-measurement,0FD54A,valid,1037642,-2,True,
1,1,00001F,1790195720.8642714,34450.7478596,147.4392136000024,candidate-measurement,0FD54A,valid,1037642,0,True,
1,1,00001F,1790195721.0562665,34450.9398546,147.63120860000345,candidate-measurement,0FD549,valid,1037641,-1,True,
1,1,00001F,1790195721.248263,34451.1318505,147.82320450000407,candidate-measurement,0FD549,valid,1037641,0,True,
1,1,00001F,1790195721.4396656,34451.3232546,148.01460860000225,candidate-measurement,0FD549,valid,1037641,0,True,
1,1,00001F,1790195721.6476586,34451.5312474,148.22260140000435,candidate-measurement,0FD549,valid,1037641,0,True,
1,1,00001F,1790195721.8396578,34451.7232465,148.41460050000023,candidate-measurement,0FD549,valid,1037641,0,True,
1,1,00001F,1790195722.0312338,34451.9148229,148.60617690000072,candidate-measurement,0FD549,valid,1037641,0,True,
1,1,00001F,1790195722.2392228,34452.1228114,148.81416539999918,candidate-measurement,0FD544,valid,1037636,-5,True,
1,1,00001F,1790195722.4312198,34452.3148081,149.0061621000059,candidate-measurement,0FD53D,valid,1037629,-7,True,
1,1,00001F,1790195722.6226468,34452.5062353,149.19758930000535,candidate-measurement,0FD53A,valid,1037626,-3,True,
1,1,00001F,1790195722.8306255,34452.7142137,149.40556769999966,candidate-measurement,0FD538,valid,1037624,-2,True,
1,1,00001F,1790195723.0381968,34452.9217853,149.61313930000324,candidate-measurement,0FD537,valid,1037623,-1,True,
1,1,00001F,1790195723.2301953,34453.1137832,149.80513720000454,candidate-measurement,0FD537,valid,1037623,0,True,
1,1,00001F,1790195723.4221852,34453.3057729,149.9971269000016,candidate-measurement,0FD537,valid,1037623,0,True,
1,1,00001F,1790195723.614182,34453.4977702,150.1891242000056,candidate-measurement,0FD537,valid,1037623,0,True,
1,1,00001F,1790195723.8055882,34453.6891777,150.38053170000057,candidate-measurement,0FD537,valid,1037623,0,True,
1,1,00001F,1790195723.9975872,34453.8811765,150.57253050000145,candidate-measurement,0FD536,valid,1037622,-1,True,
1,1,00001F,1790195724.205174,34454.0887617,150.78011569999944,candidate-measurement,0FD52A,valid,1037610,-12,True,
1,1,00001F,1790195724.3971555,34454.2807435,150.97209750000184,candidate-measurement,0FD522,valid,1037602,-8,True,
1,1,00001F,1790195724.5891466,34454.472736,151.16409000000567,candidate-measurement,0FD51E,valid,1037598,-4,True,
1,1,00001F,1790195724.7971447,34454.6807323,151.37208630000532,candidate-measurement,0FD51C,valid,1037596,-2,True,
1,1,00001F,1790195724.988572,34454.8721608,151.56351480000012,candidate-measurement,0FD517,valid,1037591,-5,True,
1,1,00001F,1790195725.1805625,34455.0641502,151.75550420000218,candidate-measurement,0FD513,valid,1037587,-4,True,
1,1,00001F,1790195725.3725455,34455.2561344,151.94748840000102,candidate-measurement,0FD510,valid,1037584,-3,True,
1,1,00001F,1790195725.5801055,34455.4636957,152.15504969999893,candidate-measurement,0FD50F,valid,1037583,-1,True,
1,1,00001F,1790195725.7721124,34455.6557002,152.34705419999955,candidate-measurement,0FD50E,valid,1037582,-1,True,
1,1,00001F,1790195725.9641104,34455.8476986,152.53905260000465,candidate-measurement,0FD50D,valid,1037581,-1,True,
1,1,00001F,1790195726.1720955,34456.0556828,152.74703679999948,candidate-measurement,0FD50C,valid,1037580,-1,True,
1,1,00001F,1790195726.3635163,34456.2471047,152.93845870000223,candidate-measurement,0FD50A,valid,1037578,-2,True,
1,1,00001F,1790195726.5555022,34456.4390904,153.13044440000522,candidate-measurement,0FD508,valid,1037576,-2,True,
1,1,00001F,1790195726.7470772,34456.6306659,153.32201989999885,candidate-measurement,0FD508,valid,1037576,0,True,
1,1,00001F,1790195726.9550703,34456.8386593,153.53001330000552,candidate-measurement,0FD506,valid,1037574,-2,True,
1,1,00001F,1790195727.1470733,34457.0306617,153.7220157000047,candidate-measurement,0FD505,valid,1037573,-1,True,
1,1,00001F,1790195727.3390584,34457.222647,153.91400100000465,candidate-measurement,0FD502,valid,1037570,-3,True,
1,1,00001F,1790195727.5464783,34457.4300671,154.12142110000423,candidate-measurement,0FD4FF,valid,1037567,-3,True,
1,1,00001F,1790195727.7384644,34457.6220529,154.3134069000007,candidate-measurement,0FD4FD,valid,1037565,-2,True,
1,1,00001F,1790195727.9300435,34457.8136325,154.50498650000372,candidate-measurement,0FD4FC,valid,1037564,-1,True,
1,1,00001F,1790195728.1380389,34458.0216272,154.71298120000574,candidate-measurement,0FD4FA,valid,1037562,-2,True,
1,1,00001F,1790195728.3300304,34458.2136188,154.90497280000272,candidate-measurement,0FD4F9,valid,1037561,-1,True,
1,1,00001F,1790195728.5214438,34458.4050321,155.09638610000547,candidate-measurement,0FD4F8,valid,1037560,-1,True,
1,1,00001F,1790195728.7134378,34458.5970263,155.28838030000043,candidate-measurement,0FD4F6,valid,1037558,-2,True,
1,1,00001F,1790195728.9210246,34458.8046145,155.49596849999944,candidate-measurement,0FD4F6,valid,1037558,0,True,
1,1,00001F,1790195729.1129975,34458.9965868,155.68794080000225,candidate-measurement,0FD4F6,valid,1037558,0,True,
1,1,00001F,1790195729.3050082,34459.1885961,155.87995010000304,candidate-measurement,0FD4F6,valid,1037558,0,True,
1,1,00001F,1790195729.512403,34459.3959922,156.08734620000178,candidate-measurement,0FD4F4,valid,1037556,-2,True,
1,1,00001F,1790195729.7044077,34459.5879962,156.27935020000587,candidate-measurement,0FD4F4,valid,1037556,0,True,
1,1,00001F,1790195729.896395,34459.7799834,156.47133740000572,candidate-measurement,0FD4F4,valid,1037556,0,True,
1,1,00001F,1790195730.1039686,34459.9875563,156.67891030000465,candidate-measurement,0FD4F4,valid,1037556,0,True,
1,1,00001F,1790195730.2960212,34460.1796095,156.87096350000502,candidate-measurement,0FD4F2,valid,1037554,-2,True,
1,1,00001F,1790195730.487962,34460.3715503,157.0629043000008,candidate-measurement,0FD4F0,valid,1037552,-2,True,
1,1,00001F,1790195730.6793714,34460.5629594,157.25431340000068,candidate-measurement,0FD4F0,valid,1037552,0,True,
1,1,00001F,1790195730.8873708,34460.7709601,157.46231410000473,candidate-measurement,0FD4EF,valid,1037551,-1,True,
1,1,00001F,1790195731.078951,34460.9625234,157.65387740000006,candidate-measurement,0FD4EF,valid,1037551,0,True,
1,1,00001F,1790195731.2709363,34461.1545244,157.84587840000313,candidate-measurement,0FD4EF,valid,1037551,0,True,
1,1,00001F,1790195731.4789238,34461.3625124,158.05386640000506,candidate-measurement,0FD4EF,valid,1037551,0,True,
1,1,00001F,1790195731.6703417,34461.5539309,158.24528490000375,candidate-measurement,0FD4EF,valid,1037551,0,True,
1,1,00001F,1790195731.8619137,34461.7455016,158.4368556000045,candidate-measurement,0FD4EE,valid,1037550,-1,True,
1,1,00001F,1790195732.0699139,34461.9535031,158.64485710000008,candidate-measurement,0FD4E5,valid,1037541,-9,True,
1,1,00001F,1790195732.2618985,34462.1454868,158.8368408000024,candidate-measurement,0FD4E2,valid,1037538,-3,True,
1,1,00001F,1790195732.4535172,34462.3371042,159.0284582000022,candidate-measurement,0FD4E0,valid,1037536,-2,True,
1,1,00001F,1790195732.6453085,34462.5288971,159.2202510999996,candidate-measurement,0FD4DE,valid,1037534,-2,True,
1,1,00001F,1790195732.852881,34462.7364687,159.42782270000316,candidate-measurement,0FD4DD,valid,1037533,-1,True,
1,1,00001F,1790195733.044872,34462.9284618,159.6198158000043,candidate-measurement,0FD4DD,valid,1037533,0,True,
1,1,00001F,1790195733.2368727,34463.120461,159.81181500000093,candidate-measurement,0FD4DD,valid,1037533,0,True,
1,1,00001F,1790195733.4448607,34463.3284493,160.01980330000515,candidate-measurement,0FD4DD,valid,1037533,0,True,
1,1,00001F,1790195733.6362774,34463.5198665,160.21122050000122,candidate-measurement,0FD4DD,valid,1037533,0,True,
1,1,00001F,1790195733.828269,34463.7118579,160.40321190000395,candidate-measurement,0FD4DC,valid,1037532,-1,True,
1,1,00001F,1790195734.0358377,34463.919427,160.61078100000304,candidate-measurement,0FD4D6,valid,1037526,-6,True,
1,1,00001F,1790195734.2278397,34464.1114281,160.8027820999996,candidate-measurement,0FD4CB,valid,1037515,-11,True,
1,1,00001F,1790195734.4198415,34464.3034299,160.9947839000015,candidate-measurement,0FD4C7,valid,1037511,-4,True,
1,1,00001F,1790195734.6272366,34464.5108263,161.2021803000025,candidate-measurement,0FD4C4,valid,1037508,-3,True,
1,1,00001F,1790195734.8192449,34464.7028326,161.39418660000229,candidate-measurement,0FD4C3,valid,1037507,-1,True,
1,1,00001F,1790195735.0108082,34464.8943982,161.58575220000057,candidate-measurement,0FD4C0,valid,1037504,-3,True,
1,1,00001F,1790195735.2028172,34465.0864057,161.7777597000022,candidate-measurement,0FD4BE,valid,1037502,-2,True,
1,1,00001F,1790195735.4107935,34465.294382,161.98573600000236,candidate-measurement,0FD4BA,valid,1037498,-4,True,
1,1,00001F,1790195735.6027966,34465.4863847,162.17773870000383,candidate-measurement,0FD4B8,valid,1037496,-2,True,
1,1,00001F,1790195735.7942069,34465.6777958,162.36914980000438,candidate-measurement,0FD4B8,valid,1037496,0,True,
1,1,00001F,1790195736.0022,34465.885789,162.57714300000225,candidate-measurement,0FD4B6,valid,1037494,-2,True,
1,1,00001F,1790195736.1942081,34466.0777962,162.7691502000016,candidate-measurement,0FD4B6,valid,1037494,0,True,
1,1,00001F,1790195736.3857694,34466.2693581,162.96071210000082,candidate-measurement,0FD4B4,valid,1037492,-2,True,
1,1,00001F,1790195736.577759,34466.4613473,163.15270130000135,candidate-measurement,0FD4B2,valid,1037490,-2,True,
1,1,00001F,1790195736.7857525,34466.6693422,163.3606962000049,candidate-measurement,0FD4B2,valid,1037490,0,True,
1,1,00001F,1790195736.9771667,34466.8607554,163.5521093999996,candidate-measurement,0FD4B0,valid,1037488,-2,True,
1,1,00001F,1790195737.1691625,34467.0527505,163.7441045000014,candidate-measurement,0FD4AE,valid,1037486,-2,True,
1,1,00001F,1790195737.3767428,34467.260331,163.951685,candidate-measurement,0FD4AE,valid,1037486,0,True,
1,1,00001F,1790195737.5687265,34467.4523154,164.14366940000036,candidate-measurement,0FD4AC,valid,1037484,-2,True,
1,1,00001F,1790195737.760725,34467.6443139,164.33566789999895,candidate-measurement,0FD4A9,valid,1037481,-3,True,
1,1,00001F,1790195737.9687176,34467.852306,164.543660000003,candidate-measurement,0FD4A8,valid,1037480,-1,True,
1,1,00001F,1790195738.1761296,34468.0597173,164.75107130000106,candidate-measurement,0FD4A7,valid,1037479,-1,True,
1,1,00001F,1790195738.3681262,34468.2517151,164.9430691000016,candidate-measurement,0FD4A5,valid,1037477,-2,True,
1,1,00001F,1790195738.5596998,34468.443288,165.13464200000453,candidate-measurement,0FD4A3,valid,1037475,-2,True,
1,1,00001F,1790195738.7516887,34468.6352794,165.3266334,candidate-measurement,0FD4A2,valid,1037474,-1,True,
1,1,00001F,1790195738.9436855,34468.8272748,165.51862880000408,candidate-measurement,0FD4A1,valid,1037473,-1,True,
1,1,00001F,1790195739.1351097,34469.0186979,165.71005190000142,candidate-measurement,0FD4A0,valid,1037472,-1,True,
1,1,00001F,1790195739.3430874,34469.2266756,165.91802960000496,candidate-measurement,0FD49E,valid,1037470,-2,True,
1,1,00001F,1790195739.5350888,34469.4186774,166.11003139999957,candidate-measurement,0FD49D,valid,1037469,-1,True,
1,1,00001F,1790195739.7266653,34469.6102548,166.3016088000004,candidate-measurement,0FD49C,valid,1037468,-1,True,
1,1,00001F,1790195739.9346497,34469.8182379,166.5095919000014,candidate-measurement,0FD49C,valid,1037468,0,True,
1,1,00001F,1790195740.1420648,34470.0256534,166.71700740000233,candidate-measurement,0FD49C,valid,1037468,0,True,
1,1,00001F,1790195740.334059,34470.217647,166.909001,candidate-measurement,0FD49B,valid,1037467,-1,True,
1,1,00001F,1790195740.5256321,34470.4092213,167.10057529999904,candidate-measurement,0FD49A,valid,1037466,-1,True,
1,1,00001F,1790195740.7176256,34470.601215,167.29256900000473,candidate-measurement,0FD49A,valid,1037466,0,True,
1,1,00001F,1790195740.9096217,34470.7932106,167.48456460000307,candidate-measurement,0FD49A,valid,1037466,0,True,
1,1,00001F,1790195741.101036,34470.9846243,167.6759783000016,candidate-measurement,0FD498,valid,1037464,-2,True,
1,1,00001F,1790195741.3090348,34471.192623,167.88397700000496,candidate-measurement,0FD496,valid,1037462,-2,True,
1,1,00001F,1790195741.5005956,34471.3841841,168.07553810000536,candidate-measurement,0FD496,valid,1037462,0,True,
1,1,00001F,1790195741.6925964,34471.576186,168.26754000000074,candidate-measurement,0FD495,valid,1037461,-1,True,
1,1,00001F,1790195741.9000218,34471.7836096,168.47496360000514,candidate-measurement,0FD495,valid,1037461,0,True,
1,1,00001F,1790195742.0920048,34471.9755947,168.66694870000356,candidate-measurement,0FD495,valid,1037461,0,True,
1,1,00001F,1790195742.283996,34472.1675845,168.8589385000014,candidate-measurement,0FD495,valid,1037461,0,True,
1,1,00001F,1790195742.4755752,34472.3591638,169.05051780000213,candidate-measurement,0FD495,valid,1037461,0,True,
1,1,00001F,1790195742.68361,34472.5671996,169.25855360000423,candidate-measurement,0FD494,valid,1037460,-1,True,
1,1,00001F,1790195742.8755617,34472.75915,169.45050400000036,candidate-measurement,0FD493,valid,1037459,-1,True,
1,1,00001F,1790195743.0669708,34472.9505601,169.64191410000058,candidate-measurement,0FD48C,valid,1037452,-7,True,
1,1,00001F,1790195743.2749588,34473.1585476,169.8499015999987,candidate-measurement,0FD488,valid,1037448,-4,True,
1,1,00001F,1790195743.4665384,34473.3501273,170.0414813000025,candidate-measurement,0FD486,valid,1037446,-2,True,
1,1,00001F,1790195743.658578,34473.5421666,170.23352059999888,candidate-measurement,0FD484,valid,1037444,-2,True,
1,1,00001F,1790195743.8665237,34473.7501124,170.44146639999963,candidate-measurement,0FD484,valid,1037444,0,True,
1,1,00001F,1790195744.0585203,34473.9421091,170.63346309999906,candidate-measurement,0FD483,valid,1037443,-1,True,
1,1,00001F,1790195744.2499368,34474.1335253,170.82487930000207,candidate-measurement,0FD483,valid,1037443,0,True,
1,1,00001F,1790195744.441926,34474.3255147,171.01686870000412,candidate-measurement,0FD483,valid,1037443,0,True,
1,1,00001F,1790195744.6495383,34474.5331278,171.22448180000356,candidate-measurement,0FD483,valid,1037443,0,True,
1,1,00001F,1790195744.8414884,34474.7250783,171.41643230000045,candidate-measurement,0FD483,valid,1037443,0,True,
1,1,00001F,1790195745.03349,34474.917078,171.6084320000009,candidate-measurement,0FD481,valid,1037441,-2,True,
1,1,00001F,1790195745.2409124,34475.1244987,171.81585270000505,candidate-measurement,0FD480,valid,1037440,-1,True,
1,1,00001F,1790195745.4328978,34475.3164861,172.00784009999916,candidate-measurement,0FD474,valid,1037428,-12,True,
1,1,00001F,1790195745.6248937,34475.5084821,172.19983610000054,candidate-measurement,0FD46F,valid,1037423,-5,True,
1,1,00001F,1790195745.832463,34475.716053,172.40740699999878,candidate-measurement,0FD46B,valid,1037419,-4,True,
1,1,00001F,1790195746.040547,34475.924136,172.61549000000377,candidate-measurement,0FD46A,valid,1037418,-1,True,
1,1,00001F,1790195746.2324564,34476.1160446,172.80739860000176,candidate-measurement,0FD467,valid,1037415,-3,True,
1,1,00001F,1790195746.424476,34476.308066,172.9994200000001,candidate-measurement,0FD464,valid,1037412,-3,True,
1,1,00001F,1790195746.616438,34476.5000275,173.19138150000072,candidate-measurement,0FD460,valid,1037408,-4,True,
1,1,00001F,1790195746.8078475,34476.6914374,173.3827913999994,candidate-measurement,0FD45E,valid,1037406,-2,True,
1,1,00001F,1790195746.9998484,34476.8834366,173.57479060000333,candidate-measurement,0FD45E,valid,1037406,0,True,
1,1,00001F,1790195747.2074192,34477.0910075,173.78236150000157,candidate-measurement,0FD45C,valid,1037404,-2,True,
1,1,00001F,1790195747.3994083,34477.2829979,173.97435190000397,candidate-measurement,0FD45C,valid,1037404,0,True,
1,1,00001F,1790195747.5908258,34477.4744148,174.16576880000503,candidate-measurement,0FD45B,valid,1037403,-1,True,
1,1,00001F,1790195747.7988179,34477.6824062,174.37376020000374,candidate-measurement,0FD45A,valid,1037402,-1,True,
1,1,00001F,1790195748.0063837,34477.8899718,174.5813258000053,candidate-measurement,0FD458,valid,1037400,-2,True,
1,1,00001F,1790195748.1984038,34478.0819919,174.773345900001,candidate-measurement,0FD458,valid,1037400,0,True,
1,1,00001F,1790195748.3903732,34478.2739627,174.96531669999968,candidate-measurement,0FD456,valid,1037398,-2,True,
1,1,00001F,1790195748.5817924,34478.4653806,175.15673460000107,candidate-measurement,0FD454,valid,1037396,-2,True,
1,1,00001F,1790195748.7737882,34478.6573768,175.34873080000398,candidate-measurement,0FD453,valid,1037395,-1,True,
1,1,00001F,1790195748.9657812,34478.8493704,175.54072440000164,candidate-measurement,0FD451,valid,1037393,-2,True,
1,1,00001F,1790195749.1733603,34479.0569483,175.74830230000225,candidate-measurement,0FD44E,valid,1037390,-3,True,
1,1,00001F,1790195749.3653505,34479.2489386,175.9402926000039,candidate-measurement,0FD44B,valid,1037387,-3,True,
1,1,00001F,1790195749.5573375,34479.4409265,176.1322805000018,candidate-measurement,0FD448,valid,1037384,-3,True,
1,1,00001F,1790195749.7647524,34479.6483422,176.33969620000425,candidate-measurement,0FD446,valid,1037382,-2,True,
1,1,00001F,1790195749.9567473,34479.840337,176.53169100000378,candidate-measurement,0FD444,valid,1037380,-2,True,
1,1,00001F,1790195750.1483245,34480.0319136,176.72326760000578,candidate-measurement,0FD442,valid,1037378,-2,True,
1,1,00001F,1790195750.340311,34480.2238996,176.91525360000378,candidate-measurement,0FD442,valid,1037378,0,True,
1,1,00001F,1790195750.5483127,34480.4319009,177.12325490000512,candidate-measurement,0FD442,valid,1037378,0,True,
1,1,00001F,1790195750.7397325,34480.6233214,177.3146754000045,candidate-measurement,0FD440,valid,1037376,-2,True,
1,1,00001F,1790195750.931737,34480.815325,177.50667900000553,candidate-measurement,0FD440,valid,1037376,0,True,
1,1,00001F,1790195751.1393096,34481.0228964,177.7142504000003,candidate-measurement,0FD440,valid,1037376,0,True,
1,1,00001F,1790195751.3312898,34481.2148779,177.90623190000042,candidate-measurement,0FD43F,valid,1037375,-1,True,
1,1,00001F,1790195751.5232775,34481.4068666,178.09822060000442,candidate-measurement,0FD43D,valid,1037373,-2,True,
1,1,00001F,1790195751.715282,34481.5988707,178.290224700002,candidate-measurement,0FD43C,valid,1037372,-1,True,
1,1,00001F,1790195751.92272,34481.8063094,178.49766340000497,candidate-measurement,0FD43C,valid,1037372,0,True,
1,1,00001F,1790195752.114676,34481.9982649,178.68961890000355,candidate-measurement,0FD43B,valid,1037371,-1,True,
1,1,00001F,1790195752.3062515,34482.1898396,178.88119360000564,candidate-measurement,0FD43B,valid,1037371,0,True,
1,1,00001F,1790195752.5142417,34482.3978315,179.0891855000009,candidate-measurement,0FD43B,valid,1037371,0,True,
1,1,00001F,1790195752.7062492,34482.5898379,179.28119190000143,candidate-measurement,0FD43B,valid,1037371,0,True,
1,1,00001F,1790195752.8976882,34482.7812771,179.47263110000495,candidate-measurement,0FD43B,valid,1037371,0,True,
1,1,00001F,1790195753.105655,34482.9892437,179.680597700004,candidate-measurement,0FD43A,valid,1037370,-1,True,
1,1,00001F,1790195753.297641,34483.1812293,179.87258329999895,candidate-measurement,0FD434,valid,1037364,-6,True,
1,1,00001F,1790195753.4892108,34483.3728006,180.06415460000426,candidate-measurement,0FD42E,valid,1037358,-6,True,
1,1,00001F,1790195753.697212,34483.5808,180.27215400000568,candidate-measurement,0FD42B,valid,1037355,-3,True,
1,1,00001F,1790195753.8892033,34483.7727925,180.46414650000224,candidate-measurement,0FD429,valid,1037353,-2,True,
1,1,00001F,1790195754.0806155,34483.9642047,180.6555587000039,candidate-measurement,0FD429,valid,1037353,0,True,
1,1,00001F,1790195754.2726188,34484.1562072,180.84756120000384,candidate-measurement,0FD429,valid,1037353,0,True,
1,1,00001F,1790195754.480177,34484.3637657,181.05511970000225,candidate-measurement,0FD429,valid,1037353,0,True,
1,1,00001F,1790195754.6721797,34484.5557683,181.24712230000296,candidate-measurement,0FD429,valid,1037353,0,True,
1,1,00001F,1790195754.8641648,34484.747754,181.43910800000594,candidate-measurement,0FD428,valid,1037352,-1,True,
1,1,00001F,1790195755.0721538,34484.9557426,181.64709660000517,candidate-measurement,0FD41B,valid,1037339,-13,True,
1,1,00001F,1790195755.263585,34485.1471735,181.8385275000037,candidate-measurement,0FD414,valid,1037332,-7,True,
1,1,00001F,1790195755.4551528,34485.3387415,182.0300955000057,candidate-measurement,0FD410,valid,1037328,-4,True,
1,1,00001F,1790195755.663144,34485.5467333,182.2380873000002,candidate-measurement,0FD40E,valid,1037326,-2,True,
1,1,00001F,1790195755.8551476,34485.7387359,182.4300899000009,candidate-measurement,0FD409,valid,1037321,-5,True,
1,1,00001F,1790195756.0471315,34485.9307211,182.62207510000007,candidate-measurement,0FD405,valid,1037317,-4,True,
1,1,00001F,1790195756.238551,34486.122139,182.81349300000147,candidate-measurement,0FD403,valid,1037315,-2,True,
1,1,00001F,1790195756.446178,34486.3297672,183.02112119999947,candidate-measurement,0FD402,valid,1037314,-1,True,
1,1,00001F,1790195756.6381195,34486.5217082,183.21306220000406,candidate-measurement,0FD401,valid,1037313,-1,True,
1,1,00001F,1790195756.8301024,34486.713692,183.40504599999986,candidate-measurement,0FD400,valid,1037312,-1,True,
1,1,00001F,1790195757.0381403,34486.9217274,183.61308139999892,candidate-measurement,0FD3FE,valid,1037310,-2,True,
1,1,00001F,1790195757.229514,34487.1131025,183.80445650000183,candidate-measurement,0FD3FD,valid,1037309,-1,True,
1,1,00001F,1790195757.4215097,34487.3050986,183.99645260000398,candidate-measurement,0FD3FB,valid,1037307,-2,True,
1,1,00001F,1790195757.629079,34487.5126675,184.20402150000155,candidate-measurement,0FD3F9,valid,1037305,-2,True,
1,1,00001F,1790195757.821084,34487.7046728,184.39602680000098,candidate-measurement,0FD3F6,valid,1037302,-3,True,
1,1,00001F,1790195758.0130649,34487.8966538,184.58800780000456,candidate-measurement,0FD3F4,valid,1037300,-2,True,
1,1,00001F,1790195758.2050679,34488.0886558,184.7800098000007,candidate-measurement,0FD3F2,valid,1037298,-2,True,
1,1,00001F,1790195758.4124808,34488.2960695,184.98742350000248,candidate-measurement,0FD3EE,valid,1037294,-4,True,
1,1,00001F,1790195758.604046,34488.4876358,185.17898979999882,candidate-measurement,0FD3EE,valid,1037294,0,True,
1,1,00001F,1790195758.796046,34488.679635,185.37098900000274,candidate-measurement,0FD3EB,valid,1037291,-3,True,
1,1,00001F,1790195759.0034516,34488.8870423,185.57839629999944,candidate-measurement,0FD3E9,valid,1037289,-2,True,
1,1,00001F,1790195759.1954613,34489.0790491,185.77040310000302,candidate-measurement,0FD3E8,valid,1037288,-1,True,
1,1,00001F,1790195759.3874435,34489.2710327,185.96238670000457,candidate-measurement,0FD3E8,valid,1037288,0,True,
1,1,00001F,1790195759.5794392,34489.4630278,186.1543817999991,candidate-measurement,0FD3E6,valid,1037286,-2,True,
1,1,00001F,1790195759.7870078,34489.6705971,186.36195109999971,candidate-measurement,0FD3E6,valid,1037286,0,True,
1,1,00001F,1790195759.9790149,34489.8626032,186.55395720000524,candidate-measurement,0FD3E6,valid,1037286,0,True,
1,1,00001F,1790195760.1710277,34490.0546135,186.7459674999991,candidate-measurement,0FD3E6,valid,1037286,0,True,
1,1,00001F,1790195760.378421,34490.2620091,186.9533631000013,candidate-measurement,0FD3E4,valid,1037284,-2,True,
1,1,00001F,1790195760.5704005,34490.4539884,187.1453423999992,candidate-measurement,0FD3E3,valid,1037283,-1,True,
1,1,00001F,1790195760.761989,34490.6455772,187.33693119999953,candidate-measurement,0FD3E2,valid,1037282,-1,True,
1,1,00001F,1790195760.9699626,34490.8535511,187.54490510000323,candidate-measurement,0FD3E2,valid,1037282,0,True,
1,1,00001F,1790195761.1619933,34491.0455801,187.73693410000124,candidate-measurement,0FD3E1,valid,1037281,-1,True,
1,1,00001F,1790195761.3533847,34491.2369728,187.92832679999992,candidate-measurement,0FD3E1,valid,1037281,0,True,
1,1,00001F,1790195761.5453777,34491.4289673,188.12032130000443,candidate-measurement,0FD3E1,valid,1037281,0,True,
1,1,00001F,1790195761.7533627,34491.6369523,188.32830630000535,candidate-measurement,0FD3E1,valid,1037281,0,True,
1,1,00001F,1790195761.9453638,34491.828953,188.52030699999887,candidate-measurement,0FD3E1,valid,1037281,0,True,
1,1,00001F,1790195762.1369302,34492.0205186,188.71187260000443,candidate-measurement,0FD3E0,valid,1037280,-1,True,
1,1,00001F,1790195762.3449273,34492.228515,188.91986900000484,candidate-measurement,0FD3DD,valid,1037277,-3,True,
1,1,00001F,1790195762.5369227,34492.4205111,189.1118650999997,candidate-measurement,0FD3D6,valid,1037270,-7,True,
1,1,00001F,1790195762.7283382,34492.6119269,189.30328089999966,candidate-measurement,0FD3D3,valid,1037267,-3,True,
1,1,00001F,1790195762.9359734,34492.8195612,189.51091520000045,candidate-measurement,0FD3D1,valid,1037265,-2,True,
1,1,00001F,1790195763.1279085,34493.0114968,189.7028508000003,candidate-measurement,0FD3D0,valid,1037264,-1,True,
1,1,00001F,1790195763.3198996,34493.203488,189.89484200000152,candidate-measurement,0FD3CF,valid,1037263,-1,True,
1,1,00001F,1790195763.51192,34493.3955074,190.08686139999918,candidate-measurement,0FD3CF,valid,1037263,0,True,
1,1,00001F,1790195763.7198858,34493.6034736,190.29482760000246,candidate-measurement,0FD3CF,valid,1037263,0,True,
1,1,00001F,1790195763.9113014,34493.7948893,190.48624330000166,candidate-measurement,0FD3CF,valid,1037263,0,True,
1,1,00001F,1790195764.1032963,34493.9868841,190.67823810000118,candidate-measurement,0FD3CF,valid,1037263,0,True,
1,1,00001F,1790195764.3108797,34494.1944678,190.8858218000023,candidate-measurement,0FD3CE,valid,1037262,-1,True,
1,1,00001F,1790195764.5028539,34494.3864433,191.07779730000038,candidate-measurement,0FD3CB,valid,1037259,-3,True,
1,1,00001F,1790195764.6948566,34494.5784448,191.2697988,candidate-measurement,0FD3BE,valid,1037246,-13,True,
1,1,00001F,1790195764.9022725,34494.7858605,191.47721450000245,candidate-measurement,0FD3B8,valid,1037240,-6,True,
1,1,00001F,1790195765.0942647,34494.9778535,191.6692075000028,candidate-measurement,0FD3B6,valid,1037238,-2,True,
1,1,00001F,1790195765.285839,34495.1694272,191.86078120000457,candidate-measurement,0FD3B3,valid,1037235,-3,True,
1,1,00001F,1790195765.477828,34495.3614163,192.05277030000434,candidate-measurement,0FD3B0,valid,1037232,-3,True,
1,1,00001F,1790195765.6858232,34495.5694117,192.2607657000044,candidate-measurement,0FD3AC,valid,1037228,-4,True,
1,1,00001F,1790195765.8778167,34495.7614063,192.4527603000024,candidate-measurement,0FD3AA,valid,1037226,-2,True,
1,1,00001F,1790195766.0692306,34495.9528185,192.64417250000406,candidate-measurement,0FD3A8,valid,1037224,-2,True,
1,1,00001F,1790195766.2772336,34496.1608219,192.85217589999957,candidate-measurement,0FD3A8,valid,1037224,0,True,
1,1,00001F,1790195766.4687936,34496.352382,193.04373599999963,candidate-measurement,0FD3A7,valid,1037223,-1,True,
1,1,00001F,1790195766.6607947,34496.5443833,193.23573730000498,candidate-measurement,0FD3A6,valid,1037222,-1,True,
1,1,00001F,1790195766.8687851,34496.7523746,193.44372860000294,candidate-measurement,0FD3A4,valid,1037220,-2,True,
1,1,00001F,1790195767.060193,34496.9437822,193.63513620000595,candidate-measurement,0FD3A3,valid,1037219,-1,True,
1,1,00001F,1790195767.2521946,34497.1357828,193.8271367999987,candidate-measurement,0FD3A2,valid,1037218,-1,True,
1,1,00001F,1790195767.4441795,34497.3277685,194.01912250000169,candidate-measurement,0FD3A0,valid,1037216,-2,True,
1,1,00001F,1790195767.6517632,34497.5353512,194.22670520000247,candidate-measurement,0FD3A0,valid,1037216,0,True,
1,1,00001F,1790195767.8437445,34497.7273341,194.4186880999987,candidate-measurement,0FD3A0,valid,1037216,0,True,
1,1,00001F,1790195768.0357473,34497.9193355,194.6106895000048,candidate-measurement,0FD39F,valid,1037215,-1,True,
1,1,00001F,1790195768.2431622,34498.12675,194.8181040000054,candidate-measurement,0FD39C,valid,1037212,-3,True,
1,1,00001F,1790195768.4351497,34498.3187387,195.01009270000213,candidate-measurement,0FD39A,valid,1037210,-2,True,
1,1,00001F,1790195768.6267357,34498.5103239,195.20167790000414,candidate-measurement,0FD398,valid,1037208,-2,True,
1,1,00001F,1790195768.8347113,34498.7182993,195.40965330000472,candidate-measurement,0FD396,valid,1037206,-2,True,
1,1,00001F,1790195769.0267105,34498.9102995,195.6016535000017,candidate-measurement,0FD395,valid,1037205,-1,True,
1,1,00001F,1790195769.2187135,34499.1023016,195.79365560000588,candidate-measurement,0FD395,valid,1037205,0,True,
1,1,00001F,1790195769.4101453,34499.2937342,195.9850882000028,candidate-measurement,0FD393,valid,1037203,-2,True,
1,1,00001F,1790195769.6181104,34499.5017004,196.1930543999988,candidate-measurement,0FD392,valid,1037202,-1,True,
1,1,00001F,1790195769.8101628,34499.6937513,196.3851053000035,candidate-measurement,0FD390,valid,1037200,-2,True,
1,1,00001F,1790195770.0016847,34499.8852743,196.5766283000048,candidate-measurement,0FD38F,valid,1037199,-1,True,
1,1,00001F,1790195770.2096732,34500.0932611,196.78461510000488,candidate-measurement,0FD38E,valid,1037198,-1,True,
1,1,00001F,1790195770.4016683,34500.2852562,196.9766101999994,candidate-measurement,0FD38E,valid,1037198,0,True,
1,1,00001F,1790195770.5936635,34500.4772519,197.1686059000058,candidate-measurement,0FD38E,valid,1037198,0,True,
1,1,00001F,1790195770.801077,34500.6846662,197.37602020000486,candidate-measurement,0FD38E,valid,1037198,0,True,
1,1,00001F,1790195770.9930716,34500.8766603,197.56801429999905,candidate-measurement,0FD38C,valid,1037196,-2,True,
1,1,00001F,1790195771.1846523,34501.0682401,197.7595941000036,candidate-measurement,0FD38C,valid,1037196,0,True,
1,1,00001F,1790195771.3766406,34501.2602289,197.95158290000109,candidate-measurement,0FD38C,valid,1037196,0,True,
1,1,00001F,1790195771.5846345,34501.4682226,198.15957660000277,candidate-measurement,0FD38B,valid,1037195,-1,True,
1,1,00001F,1790195771.7766216,34501.6602108,198.35156480000296,candidate-measurement,0FD389,valid,1037193,-2,True,
1,1,00001F,1790195771.9680433,34501.851632,198.54298600000038,candidate-measurement,0FD388,valid,1037192,-1,True,
1,1,00001F,1790195772.176033,34502.0596216,198.75097559999995,candidate-measurement,0FD388,valid,1037192,0,True,
1,1,00001F,1790195772.3676078,34502.2511958,198.9425498000055,candidate-measurement,0FD387,valid,1037191,-1,True,
1,1,00001F,1790195772.559602,34502.4431903,199.13454430000274,candidate-measurement,0FD387,valid,1037191,0,True,
1,1,00001F,1790195772.7515957,34502.6351844,199.3265384000042,candidate-measurement,0FD387,valid,1037191,0,True,
1,1,00001F,1790195772.959584,34502.8431736,199.53452760000073,candidate-measurement,0FD387,valid,1037191,0,True,
1,1,00001F,1790195773.1510108,34503.0345986,199.72595260000526,candidate-measurement,0FD386,valid,1037190,-1,True,
1,1,00001F,1790195773.3429985,34503.2265867,199.9179407000047,candidate-measurement,0FD382,valid,1037186,-4,True,
1,1,00001F,1790195773.550634,34503.4342226,200.12557660000311,candidate-measurement,0FD37C,valid,1037180,-6,True,
1,1,00001F,1790195773.7425566,34503.6261461,200.31750010000542,candidate-measurement,0FD379,valid,1037177,-3,True,
1,1,00001F,1790195773.9345577,34503.8181462,200.50950020000164,candidate-measurement,0FD377,valid,1037175,-2,True,
1,1,00001F,1790195774.1425476,34504.0261362,200.71749020000425,candidate-measurement,0FD376,valid,1037174,-1,True,
1,1,00001F,1790195774.3339624,34504.2175512,200.9089052000054,candidate-measurement,0FD375,valid,1037173,-1,True,
1,1,00001F,1790195774.5259597,34504.4095488,201.1009028000044,candidate-measurement,0FD375,valid,1037173,0,True,
1,1,00001F,1790195774.717535,34504.601124,201.29247800000303,candidate-measurement,0FD375,valid,1037173,0,True,
1,1,00001F,1790195774.9255238,34504.8091126,201.50046660000226,candidate-measurement,0FD375,valid,1037173,0,True,
1,1,00001F,1790195775.1175108,34505.0011003,201.69245430000592,candidate-measurement,0FD375,valid,1037173,0,True,
1,1,00001F,1790195775.309514,34505.1931021,201.88445610000053,candidate-measurement,0FD374,valid,1037172,-1,True,
1,1,00001F,1790195775.5175025,34505.4010907,202.09244469999976,candidate-measurement,0FD371,valid,1037169,-3,True,
1,1,00001F,1790195775.7089193,34505.5925076,202.28386160000082,candidate-measurement,0FD364,valid,1037156,-13,True,
1,1,00001F,1790195775.9009104,34505.7844992,202.47585320000508,candidate-measurement,0FD35E,valid,1037150,-6,True,
1,1,00001F,1790195776.1085773,34505.9921634,202.6835174000007,candidate-measurement,0FD35C,valid,1037148,-2,True,
1,1,00001F,1790195776.3004758,34506.1840646,202.87541860000056,candidate-measurement,0FD358,valid,1037144,-4,True,
1,1,00001F,1790195776.4924765,34506.3760646,203.0674186000033,candidate-measurement,0FD354,valid,1037140,-4,True,
1,1,00001F,1790195776.68446,34506.5680497,203.2594037000017,candidate-measurement,0FD350,valid,1037136,-4,True,
1,1,00001F,1790195776.8924599,34506.7760487,203.4674027000001,candidate-measurement,0FD34E,valid,1037134,-2,True,
1,1,00001F,1790195777.083873,34506.9674627,203.6588167000009,candidate-measurement,0FD34D,valid,1037133,-1,True,
1,1,00001F,1790195777.275872,34507.1594604,203.85081440000067,candidate-measurement,0FD34B,valid,1037131,-2,True,
1,1,00001F,1790195777.48386,34507.3674489,204.05880289999914,candidate-measurement,0FD34A,valid,1037130,-1,True,
1,1,00001F,1790195777.67544,34507.5590289,204.2503829000052,candidate-measurement,0FD348,valid,1037128,-2,True,
1,1,00001F,1790195777.867447,34507.7510358,204.44238980000227,candidate-measurement,0FD346,valid,1037126,-2,True,
1,1,00001F,1790195778.0754175,34507.959006,204.65035999999964,candidate-measurement,0FD344,valid,1037124,-2,True,
1,1,00001F,1790195778.2668405,34508.1504292,204.841783200005,candidate-measurement,0FD342,valid,1037122,-2,True,
1,1,00001F,1790195778.458832,34508.3424205,205.0337744999997,candidate-measurement,0FD340,valid,1037120,-2,True,
1,1,00001F,1790195778.6504037,34508.5339922,205.22534620000079,candidate-measurement,0FD33F,valid,1037119,-1,True,
1,1,00001F,1790195778.8583956,34508.7419849,205.43333890000213,candidate-measurement,0FD33E,valid,1037118,-1,True,
1,1,00001F,1790195779.0504053,34508.9339946,205.6253485999987,candidate-measurement,0FD33B,valid,1037115,-3,True,
1,1,00001F,1790195779.2423837,34509.1259715,205.81732550000015,candidate-measurement,0FD33A,valid,1037114,-1,True,
1,1,00001F,1790195779.4497948,34509.3333834,206.02473740000278,candidate-measurement,0FD338,valid,1037112,-2,True,
1,1,00001F,1790195779.6413782,34509.524967,206.21632099999988,candidate-measurement,0FD336,valid,1037110,-2,True,
1,1,00001F,1790195779.8333619,34509.7169503,206.40830429999914,candidate-measurement,0FD335,valid,1037109,-1,True,
1,1,00001F,1790195780.0413578,34509.9249468,206.61630080000032,candidate-measurement,0FD334,valid,1037108,-1,True,
1,1,00001F,1790195780.2333484,34510.1169367,206.8082906999989,candidate-measurement,0FD334,valid,1037108,0,True,
1,1,00001F,1790195780.4253469,34510.3089354,207.00028939999902,candidate-measurement,0FD334,valid,1037108,0,True,
1,1,00001F,1790195780.6167622,34510.5003506,207.19170460000169,candidate-measurement,0FD332,valid,1037106,-2,True,
1,1,00001F,1790195780.8247588,34510.7083482,207.39970220000396,candidate-measurement,0FD332,valid,1037106,0,True,
1,1,00001F,1790195781.016326,34510.8999147,207.59126870000182,candidate-measurement,0FD332,valid,1037106,0,True,
1,1,00001F,1790195781.208325,34511.0919132,207.7832672000004,candidate-measurement,0FD331,valid,1037105,-1,True,
1,1,00001F,1790195781.4163282,34511.2999167,207.99127070000395,candidate-measurement,0FD32F,valid,1037103,-2,True,
1,1,00001F,1790195781.6083207,34511.4919086,208.18326260000322,candidate-measurement,0FD32E,valid,1037102,-1,True,
1,1,00001F,1790195781.7997231,34511.6833114,208.37466539999878,candidate-measurement,0FD32E,valid,1037102,0,True,
1,1,00001F,1790195781.9917247,34511.8753131,208.5666670999999,candidate-measurement,0FD32E,valid,1037102,0,True,
1,1,00001F,1790195782.1993918,34512.0829788,208.77433279999968,candidate-measurement,0FD32D,valid,1037101,-1,True,
1,1,00001F,1790195782.391292,34512.27488,208.96623399999953,candidate-measurement,0FD32D,valid,1037101,0,True,
1,1,00001F,1790195782.5832736,34512.4668622,209.15821620000497,candidate-measurement,0FD32D,valid,1037101,0,True,
1,1,00001F,1790195782.7912657,34512.6748558,209.3662098000059,candidate-measurement,0FD32D,valid,1037101,0,True,
1,1,00001F,1790195782.9832807,34512.8668694,209.55822340000304,candidate-measurement,0FD32D,valid,1037101,0,True,
1,1,00001F,1790195783.174682,34513.05827,209.74962400000368,candidate-measurement,0FD32C,valid,1037100,-1,True,
1,1,00001F,1790195783.3826666,34513.2662549,209.95760890000383,candidate-measurement,0FD323,valid,1037091,-9,True,
1,1,00001F,1790195783.5742545,34513.4578429,210.14919690000534,candidate-measurement,0FD320,valid,1037088,-3,True,
1,1,00001F,1790195783.766239,34513.6498265,210.3411804999996,candidate-measurement,0FD31D,valid,1037085,-3,True,
1,1,00001F,1790195783.9582343,34513.8418237,210.53317770000285,candidate-measurement,0FD31C,valid,1037084,-1,True,
1,1,00001F,1790195784.1656508,34514.0492392,210.7405932000038,candidate-measurement,0FD31B,valid,1037083,-1,True,
1,1,00001F,1790195784.357641,34514.2412296,210.9325835999989,candidate-measurement,0FD31B,valid,1037083,0,True,
1,1,00001F,1790195784.549642,34514.4332306,211.12458460000198,candidate-measurement,0FD31B,valid,1037083,0,True,
1,1,00001F,1790195784.7572017,34514.640791,211.3321450000003,candidate-measurement,0FD31B,valid,1037083,0,True,
1,1,00001F,1790195784.9491994,34514.8327878,211.5241418000005,candidate-measurement,0FD31A,valid,1037082,-1,True,
1,1,00001F,1790195785.1411936,34515.0247823,211.71613630000502,candidate-measurement,0FD317,valid,1037079,-3,True,
1,1,00001F,1790195785.3486154,34515.2322037,211.92355769999995,candidate-measurement,0FD30A,valid,1037066,-13,True,
1,1,00001F,1790195785.5406246,34515.4242135,212.11556750000454,candidate-measurement,0FD305,valid,1037061,-5,True,
1,1,00001F,1790195785.732175,34515.6157629,212.30711690000317,candidate-measurement,0FD302,valid,1037058,-3,True,
1,1,00001F,1790195785.924168,34515.8077573,212.49911129999964,candidate-measurement,0FD2FF,valid,1037055,-3,True,
1,1,00001F,1790195786.1321623,34516.0157511,212.70710510000208,candidate-measurement,0FD2FC,valid,1037052,-3,True,
1,1,00001F,1790195786.3235884,34516.2071764,212.89853040000162,candidate-measurement,0FD2F8,valid,1037048,-4,True,
1,1,00001F,1790195786.5155737,34516.3991625,213.09051650000038,candidate-measurement,0FD2F6,valid,1037046,-2,True,
1,1,00001F,1790195786.7231398,34516.606729,213.2980830000015,candidate-measurement,0FD2F5,valid,1037045,-1,True,
1,1,00001F,1790195786.9151359,34516.7987242,213.49007820000406,candidate-measurement,0FD2F4,valid,1037044,-1,True,
1,1,00001F,1790195787.1071308,34516.9907194,213.68207339999935,candidate-measurement,0FD2F4,valid,1037044,0,True,
1,1,00001F,1790195787.3145838,34517.1981722,213.88952620000055,candidate-measurement,0FD2F3,valid,1037043,-1,True,
1,1,00001F,1790195787.5225525,34517.4061409,214.09749490000104,candidate-measurement,0FD2F2,valid,1037042,-1,True,
1,1,00001F,1790195787.7145267,34517.5981147,214.28946870000073,candidate-measurement,0FD2F0,valid,1037040,-2,True,
1,1,00001F,1790195787.9061048,34517.7896935,214.48104750000493,candidate-measurement,0FD2EF,valid,1037039,-1,True,
1,1,00001F,1790195788.0981042,34517.9816924,214.6730463999993,candidate-measurement,0FD2ED,valid,1037037,-2,True,
1,1,00001F,1790195788.2900877,34518.1736756,214.86502960000507,candidate-measurement,0FD2EC,valid,1037036,-1,True,
1,1,00001F,1790195788.4820848,34518.3656735,215.0570274999991,candidate-measurement,0FD2EA,valid,1037034,-2,True,
1,1,00001F,1790195788.6894994,34518.5730882,215.2644422000012,candidate-measurement,0FD2E7,valid,1037031,-3,True,
1,1,00001F,1790195788.8810716,34518.7646608,215.45601480000187,candidate-measurement,0FD2E5,valid,1037029,-2,True,
1,1,00001F,1790195789.0730672,34518.9566552,215.64800920000562,candidate-measurement,0FD2E2,valid,1037026,-3,True,
1,1,00001F,1790195789.2810652,34519.1646534,215.85600740000518,candidate-measurement,0FD2E1,valid,1037025,-1,True,
1,1,00001F,1790195789.4884715,34519.3720607,216.06341470000189,candidate-measurement,0FD2DF,valid,1037023,-2,True,
1,1,00001F,1790195789.6805067,34519.5640955,216.2554495000004,candidate-measurement,0FD2DD,valid,1037021,-2,True,
1,1,00001F,1790195789.872461,34519.7560494,216.44740340000135,candidate-measurement,0FD2DB,valid,1037019,-2,True,
1,1,00001F,1790195790.0640345,34519.9476236,216.63897759999963,candidate-measurement,0FD2DA,valid,1037018,-1,True,
1,1,00001F,1790195790.256021,34520.1396095,216.83096350000415,candidate-measurement,0FD2DA,valid,1037018,0,True,
1,1,00001F,1790195790.4480247,34520.3316134,217.0229674000002,candidate-measurement,0FD2D9,valid,1037017,-1,True,
1,1,00001F,1790195790.655429,34520.5390176,217.2303716000024,candidate-measurement,0FD2D9,valid,1037017,0,True,
1,1,00001F,1790195790.8474317,34520.7310205,217.4223745000054,candidate-measurement,0FD2D8,valid,1037016,-1,True,
1,1,00001F,1790195791.0394173,34520.9230066,217.61436060000415,candidate-measurement,0FD2D6,valid,1037014,-2,True,
1,1,00001F,1790195791.2469923,34521.1305811,217.8219351000007,candidate-measurement,0FD2D5,valid,1037013,-1,True,
1,1,00001F,1790195791.4389899,34521.3225786,218.01393259999895,candidate-measurement,0FD2D4,valid,1037012,-1,True,
1,1,00001F,1790195791.6309845,34521.5145733,218.205927300005,candidate-measurement,0FD2D4,valid,1037012,0,True,
1,1,00001F,1790195791.8384402,34521.7220268,218.41338080000423,candidate-measurement,0FD2D4,valid,1037012,0,True,
1,1,00001F,1790195792.0303924,34521.9139806,218.60533460000443,candidate-measurement,0FD2D3,valid,1037011,-1,True,
1,1,00001F,1790195792.2223973,34522.1059852,218.7973392000058,candidate-measurement,0FD2D3,valid,1037011,0,True,
1,1,00001F,1790195792.4143763,34522.2979649,218.9893188999995,candidate-measurement,0FD2D3,valid,1037011,0,True,
1,1,00001F,1790195792.6219463,34522.5055346,219.19688860000315,candidate-measurement,0FD2D3,valid,1037011,0,True,
1,1,00001F,1790195792.8139403,34522.6975302,219.38888420000148,candidate-measurement,0FD2D3,valid,1037011,0,True,
1,1,00001F,1790195793.00594,34522.8895292,219.58088320000388,candidate-measurement,0FD2D2,valid,1037010,-1,True,
1,1,00001F,1790195793.213357,34523.0969445,219.7882985000033,candidate-measurement,0FD2CA,valid,1037002,-8,True,
1,1,00001F,1790195793.405355,34523.2889434,219.98029740000493,candidate-measurement,0FD2C6,valid,1036998,-4,True,
1,1,00001F,1790195793.5973465,34523.4809357,220.17228969999996,candidate-measurement,0FD2C4,valid,1036996,-2,True,
1,1,00001F,1790195793.7889183,34523.6725064,220.3638604000007,candidate-measurement,0FD2C2,valid,1036994,-2,True,
1,1,00001F,1790195793.99691,34523.8804984,220.571852400004,candidate-measurement,0FD2C1,valid,1036993,-1,True,
1,1,00001F,1790195794.1889088,34524.0724967,220.76385070000106,candidate-measurement,0FD2C1,valid,1036993,0,True,
1,1,00001F,1790195794.380335,34524.263924,220.95527800000127,candidate-measurement,0FD2C1,valid,1036993,0,True,
1,1,00001F,1790195794.5883067,34524.4718966,221.16325060000236,candidate-measurement,0FD2C1,valid,1036993,0,True,
1,1,00001F,1790195794.7798758,34524.6634651,221.3548191000009,candidate-measurement,0FD2BF,valid,1036991,-2,True,
1,1,00001F,1790195794.9718766,34524.8554648,221.54681880000135,candidate-measurement,0FD2BC,valid,1036988,-3,True,
1,1,00001F,1790195795.1638725,34525.0474606,221.7388146000012,candidate-measurement,0FD2AF,valid,1036975,-13,True,
1,1,00001F,1790195795.3719325,34525.2555209,221.9468749000007,candidate-measurement,0FD2AB,valid,1036971,-4,True,
1,1,00001F,1790195795.5632777,34525.4468659,222.13821989999997,candidate-measurement,0FD2A8,valid,1036968,-3,True,
1,1,00001F,1790195795.7552826,34525.6388708,222.33022480000363,candidate-measurement,0FD2A6,valid,1036966,-2,True,
1,1,00001F,1790195795.9628325,34525.8464216,222.53777560000162,candidate-measurement,0FD2A1,valid,1036961,-5,True,
1,1,00001F,1790195796.1548371,34526.0384261,222.72978010000224,candidate-measurement,0FD29D,valid,1036957,-4,True,
1,1,00001F,1790195796.346828,34526.2304168,222.92177079999965,candidate-measurement,0FD29A,valid,1036954,-3,True,
1,1,00001F,1790195796.5542314,34526.4378212,223.12917520000337,candidate-measurement,0FD29A,valid,1036954,0,True,
1,1,00001F,1790195796.746241,34526.6298293,223.3211833000023,candidate-measurement,0FD298,valid,1036952,-2,True,
1,1,00001F,1790195796.937811,34526.8214006,223.51275460000033,candidate-measurement,0FD296,valid,1036950,-2,True,
1,1,00001F,1790195797.1298094,34527.0133983,223.7047523000001,candidate-measurement,0FD296,valid,1036950,0,True,
1,1,00001F,1790195797.3378234,34527.2214118,223.91276579999976,candidate-measurement,0FD293,valid,1036947,-3,True,
1,1,00001F,1790195797.52921,34527.4127991,224.10415310000099,candidate-measurement,0FD292,valid,1036946,-1,True,
1,1,00001F,1790195797.7212093,34527.6047971,224.29615110000304,candidate-measurement,0FD290,valid,1036944,-2,True,
1,1,00001F,1790195797.9287765,34527.812365,224.50371900000027,candidate-measurement,0FD28E,valid,1036942,-2,True,
1,1,00001F,1790195798.1207764,34528.0043659,224.6957199000026,candidate-measurement,0FD28B,valid,1036939,-3,True,
1,1,00001F,1790195798.3127656,34528.196354,224.88770800000202,candidate-measurement,0FD287,valid,1036935,-4,True,
1,1,00001F,1790195798.5207615,34528.4043504,225.09570440000243,candidate-measurement,0FD285,valid,1036933,-2,True,
1,1,00001F,1790195798.7281754,34528.6117645,225.30311849999998,candidate-measurement,0FD284,valid,1036932,-1,True,
1,1,00001F,1790195798.9201665,34528.8037554,225.4951093999989,candidate-measurement,0FD282,valid,1036930,-2,True,
1,1,00001F,1790195799.111743,34528.9953316,225.68668560000515,candidate-measurement,0FD281,valid,1036929,-1,True,
1,1,00001F,1790195799.3037457,34529.1873338,225.8786878000028,candidate-measurement,0FD280,valid,1036928,-1,True,
1,1,00001F,1790195799.495726,34529.3793153,226.07066930000292,candidate-measurement,0FD280,valid,1036928,0,True,
1,1,00001F,1790195799.6877255,34529.571315,226.26266900000337,candidate-measurement,0FD280,valid,1036928,0,True,
1,1,00001F,1790195799.8951347,34529.7787234,226.47007740000117,candidate-measurement,0FD280,valid,1036928,0,True,
1,1,00001F,1790195800.0867145,34529.9703035,226.66165750000073,candidate-measurement,0FD27E,valid,1036926,-2,True,
1,1,00001F,1790195800.278707,34530.1622956,226.85364960000152,candidate-measurement,0FD27E,valid,1036926,0,True,
1,1,00001F,1790195800.4866905,34530.37028,227.06163400000514,candidate-measurement,0FD27E,valid,1036926,0,True,
1,1,00001F,1790195800.6941323,34530.5777198,227.26907380000193,candidate-measurement,0FD27D,valid,1036925,-1,True,
1,1,00001F,1790195800.8861196,34530.7697082,227.46106220000365,candidate-measurement,0FD27B,valid,1036923,-2,True,
1,1,00001F,1790195801.0776792,34530.9612687,227.65262269999948,candidate-measurement,0FD27A,valid,1036922,-1,True,
1,1,00001F,1790195801.2696784,34531.1532668,227.8446208000023,candidate-measurement,0FD27A,valid,1036922,0,True,
1,1,00001F,1790195801.46167,34531.3452589,228.0366129000031,candidate-measurement,0FD279,valid,1036921,-1,True,
1,1,00001F,1790195801.6536539,34531.5372419,228.22859590000007,candidate-measurement,0FD279,valid,1036921,0,True,
1,1,00001F,1790195801.8610797,34531.7446687,228.43602269999974,candidate-measurement,0FD279,valid,1036921,0,True,
1,1,00001F,1790195802.0530696,34531.9366599,228.62801390000095,candidate-measurement,0FD279,valid,1036921,0,True,
1,1,00001F,1790195802.2446463,34532.1282342,228.8195882,candidate-measurement,0FD279,valid,1036921,0,True,
1,1,00001F,1790195802.4526377,34532.3362258,229.02757980000024,candidate-measurement,0FD276,valid,1036918,-3,True,
1,1,00001F,1790195802.6446264,34532.5282151,229.21956910000154,candidate-measurement,0FD26E,valid,1036910,-8,True,
1,1,00001F,1790195802.8360412,34532.7196299,229.41098390000116,candidate-measurement,0FD26C,valid,1036908,-2,True,
1,1,00001F,1790195803.0280395,34532.9116284,229.60298239999975,candidate-measurement,0FD269,valid,1036905,-3,True,
1,1,00001F,1790195803.2356136,34533.1192013,229.81055530000594,candidate-measurement,0FD268,valid,1036904,-1,True,
1,1,00001F,1790195803.4276042,34533.3111924,230.00254639999912,candidate-measurement,0FD266,valid,1036902,-2,True,
1,1,00001F,1790195803.6195998,34533.5031887,230.19454270000278,candidate-measurement,0FD266,valid,1036902,0,True,
1,1,00001F,1790195803.827595,34533.7111833,230.40253730000404,candidate-measurement,0FD266,valid,1036902,0,True,
1,1,00001F,1790195804.0195851,34533.9031744,230.5945284000045,candidate-measurement,0FD266,valid,1036902,0,True,
1,1,00001F,1790195804.211005,34534.0945926,230.7859466000009,candidate-measurement,0FD265,valid,1036901,-1,True,
1,1,00001F,1790195804.4189916,34534.30258,230.99393400000554,candidate-measurement,0FD262,valid,1036898,-3,True,
1,1,00001F,1790195804.6265619,34534.510151,231.20150500000454,candidate-measurement,0FD255,valid,1036885,-13,True,
1,1,00001F,1790195804.8185575,34534.7021468,231.3935008000044,candidate-measurement,0FD250,valid,1036880,-5,True,
1,1,00001F,1790195805.010558,34534.8941464,231.5855004000041,candidate-measurement,0FD24D,valid,1036877,-3,True,
1,1,00001F,1790195805.201973,34535.0855613,231.77691530000448,candidate-measurement,0FD249,valid,1036873,-4,True,
1,1,00001F,1790195805.3935416,34535.2771303,231.96848429999955,candidate-measurement,0FD244,valid,1036868,-5,True,
1,1,00001F,1790195805.585538,34535.4691262,232.16048020000017,candidate-measurement,0FD241,valid,1036865,-3,True,
1,1,00001F,1790195805.7935288,34535.6771174,232.36847140000464,candidate-measurement,0FD240,valid,1036864,-1,True,
1,1,00001F,1790195805.9849384,34535.8685271,232.5598811000018,candidate-measurement,0FD23F,valid,1036863,-1,True,
1,1,00001F,1790195806.1765163,34536.0601048,232.7514588000049,candidate-measurement,0FD23E,valid,1036862,-1,True,
1,1,00001F,1790195806.3845067,34536.2680952,232.9594492000033,candidate-measurement,0FD23C,valid,1036860,-2,True,
1,1,00001F,1790195806.5764992,34536.460089,233.15144300000247,candidate-measurement,0FD23B,valid,1036859,-1,True,
1,1,00001F,1790195806.767916,34536.6515047,233.34285870000167,candidate-measurement,0FD239,valid,1036857,-2,True,
1,1,00001F,1790195806.9599147,34536.8435033,233.53485730000102,candidate-measurement,0FD238,valid,1036856,-1,True,
1,1,00001F,1790195807.167914,34537.0515017,233.7428557000021,candidate-measurement,0FD237,valid,1036855,-1,True,
1,1,00001F,1790195807.3594735,34537.2430621,233.93441610000446,candidate-measurement,0FD235,valid,1036853,-2,True,
1,1,00001F,1790195807.5514688,34537.4350575,234.12641150000127,candidate-measurement,0FD232,valid,1036850,-3,True,
1,1,00001F,1790195807.7594593,34537.6430486,234.33440260000498,candidate-measurement,0FD230,valid,1036848,-2,True,
1,1,00001F,1790195807.9514608,34537.8350496,234.52640360000078,candidate-measurement,0FD22D,valid,1036845,-3,True,
1,1,00001F,1790195808.1428647,34538.0264543,234.71780830000353,candidate-measurement,0FD22B,valid,1036843,-2,True,
1,1,00001F,1790195808.3508646,34538.2344525,234.9258065000031,candidate-measurement,0FD229,valid,1036841,-2,True,
1,1,00001F,1790195808.5424342,34538.4260228,235.11737680000078,candidate-measurement,0FD227,valid,1036839,-2,True,
1,1,00001F,1790195808.7344282,34538.6180176,235.3093716000003,candidate-measurement,0FD226,valid,1036838,-1,True,
1,1,00001F,1790195808.9264262,34538.8100153,235.50136930000008,candidate-measurement,0FD226,valid,1036838,0,True,
1,1,00001F,1790195809.1344242,34539.0180126,235.70936660000007,candidate-measurement,0FD225,valid,1036837,-1,True,
1,1,00001F,1790195809.32585,34539.2094375,235.90079150000383,candidate-measurement,0FD224,valid,1036836,-1,True,
1,1,00001F,1790195809.5178268,34539.4014157,236.09276970000064,candidate-measurement,0FD224,valid,1036836,0,True,
1,1,00001F,1790195809.7253976,34539.6089864,236.30034040000464,candidate-measurement,0FD224,valid,1036836,0,True,
1,1,00001F,1790195809.9173934,34539.8009823,236.49233630000526,candidate-measurement,0FD222,valid,1036834,-2,True,
1,1,00001F,1790195810.109389,34539.9929771,236.68433110000478,candidate-measurement,0FD220,valid,1036832,-2,True,
1,1,00001F,1790195810.3173819,34540.2009699,236.8923238999996,candidate-measurement,0FD220,valid,1036832,0,True,
1,1,00001F,1790195810.524807,34540.4083962,237.09975020000275,candidate-measurement,0FD21F,valid,1036831,-1,True,
1,1,00001F,1790195810.716788,34540.6003773,237.2917312999998,candidate-measurement,0FD21F,valid,1036831,0,True,
1,1,00001F,1790195810.908361,34540.7919494,237.48330340000393,candidate-measurement,0FD21F,valid,1036831,0,True,
1,1,00001F,1790195811.1003637,34540.9839518,237.67530580000312,candidate-measurement,0FD21F,valid,1036831,0,True,
1,1,00001F,1790195811.2923517,34541.17594,237.8672940000033,candidate-measurement,0FD21F,valid,1036831,0,True,
1,1,00001F,1790195811.4837658,34541.3673539,238.05870790000336,candidate-measurement,0FD21D,valid,1036829,-2,True,
1,1,00001F,1790195811.6917596,34541.575348,238.2667020000008,candidate-measurement,0FD218,valid,1036824,-5,True,
1,1,00001F,1790195811.8833349,34541.7669232,238.45827719999943,candidate-measurement,0FD214,valid,1036820,-4,True,
1,1,00001F,1790195812.0753243,34541.9589124,238.65026639999996,candidate-measurement,0FD212,valid,1036818,-2,True,
1,1,00001F,1790195812.2833316,34542.1669194,238.85827340000105,candidate-measurement,0FD210,valid,1036816,-2,True,
1,1,00001F,1790195812.4753098,34542.3588988,239.05025279999973,candidate-measurement,0FD20E,valid,1036814,-2,True,
1,1,00001F,1790195812.6667259,34542.5503141,239.24166810000315,candidate-measurement,0FD20E,valid,1036814,0,True,
1,1,00001F,1790195812.8587213,34542.7423095,239.43366349999997,candidate-measurement,0FD20D,valid,1036813,-1,True,
1,1,00001F,1790195813.066291,34542.9498809,239.64123490000202,candidate-measurement,0FD20D,valid,1036813,0,True,
1,1,00001F,1790195813.2582898,34543.1418777,239.83323170000222,candidate-measurement,0FD20D,valid,1036813,0,True,
1,1,00001F,1790195813.450286,34543.3338739,240.02522790000512,candidate-measurement,0FD20D,valid,1036813,0,True,
1,1,00001F,1790195813.6576872,34543.5412772,240.23263120000047,candidate-measurement,0FD20D,valid,1036813,0,True,
1,1,00001F,1790195813.8497593,34543.7333471,240.4247011000043,candidate-measurement,0FD20B,valid,1036811,-2,True,
1,1,00001F,1790195814.0416818,34543.9252701,240.6166241000028,candidate-measurement,0FD209,valid,1036809,-2,True,
1,1,00001F,1790195814.2492712,34544.1328589,240.8242128999991,candidate-measurement,0FD1FC,valid,1036796,-13,True,
1,1,00001F,1790195814.4412515,34544.3248402,241.01619420000497,candidate-measurement,0FD1F7,valid,1036791,-5,True,
1,1,00001F,1790195814.6332505,34544.5168398,241.20819380000466,candidate-measurement,0FD1F4,valid,1036788,-3,True,
1,1,00001F,1790195814.8246598,34544.7082485,241.3996025000015,candidate-measurement,0FD1F2,valid,1036786,-2,True,
1,1,00001F,1790195815.0322373,34544.9158253,241.607179300001,candidate-measurement,0FD1EE,valid,1036782,-4,True,
1,1,00001F,1790195815.2242272,34545.1078148,241.79916880000383,candidate-measurement,0FD1EA,valid,1036778,-4,True,
1,1,00001F,1790195815.416219,34545.2998081,241.9911620999992,candidate-measurement,0FD1E8,valid,1036776,-2,True,
1,1,00001F,1790195815.6242096,34545.5077986,242.19915260000562,candidate-measurement,0FD1E6,valid,1036774,-2,True,
1,1,00001F,1790195815.8156142,34545.6992044,242.3905584000022,candidate-measurement,0FD1E6,valid,1036774,0,True,
1,1,00001F,1790195816.007619,34545.8912072,242.58256120000442,candidate-measurement,0FD1E4,valid,1036772,-2,True,
1,1,00001F,1790195816.2151968,34546.0987851,242.79013910000504,candidate-measurement,0FD1E3,valid,1036771,-1,True,
1,1,00001F,1790195816.407186,34546.2907751,242.98212910000439,candidate-measurement,0FD1E2,valid,1036770,-1,True,
1,1,00001F,1790195816.5991974,34546.4827868,243.17414080000162,candidate-measurement,0FD1E1,valid,1036769,-1,True,
1,1,00001F,1790195816.7911808,34546.6747695,243.3661235000036,candidate-measurement,0FD1DF,valid,1036767,-2,True,
1,1,00001F,1790195816.9985886,34546.8821769,243.57353090000106,candidate-measurement,0FD1DE,valid,1036766,-1,True,
1,1,00001F,1790195817.1905873,34547.0741749,243.76552890000312,candidate-measurement,0FD1DE,valid,1036766,0,True,
1,1,00001F,1790195817.3825805,34547.2661693,243.9575232999996,candidate-measurement,0FD1DC,valid,1036764,-2,True,
1,1,00001F,1790195817.5902033,34547.4737908,244.16514480000478,candidate-measurement,0FD1DA,valid,1036762,-2,True,
1,1,00001F,1790195817.7821412,34547.6657297,244.35708370000066,candidate-measurement,0FD1D8,valid,1036760,-2,True,
1,1,00001F,1790195817.9741375,34547.8577262,244.54908020000585,candidate-measurement,0FD1D5,valid,1036757,-3,True,
1,1,00001F,1790195818.18156,34548.0651481,244.75650210000458,candidate-measurement,0FD1D4,valid,1036756,-1,True,
1,1,00001F,1790195818.3735445,34548.2571328,244.94848679999996,candidate-measurement,0FD1D2,valid,1036754,-2,True,
1,1,00001F,1790195818.5655332,34548.449122,245.1404760000005,candidate-measurement,0FD1D0,valid,1036752,-2,True,
1,1,00001F,1790195818.7571075,34548.640697,245.33205100000487,candidate-measurement,0FD1CE,valid,1036750,-2,True,
1,1,00001F,1790195818.9651327,34548.8487219,245.540075900004,candidate-measurement,0FD1CC,valid,1036748,-2,True,
1,1,00001F,1790195819.157099,34549.0406877,245.732041700001,candidate-measurement,0FD1CC,valid,1036748,0,True,
1,1,00001F,1790195819.3490932,34549.2326815,245.92403550000017,candidate-measurement,0FD1CC,valid,1036748,0,True,
1,1,00001F,1790195819.556506,34549.4400947,246.13144870000542,candidate-measurement,0FD1CC,valid,1036748,0,True,
1,1,00001F,1790195819.7484946,34549.632084,246.32343799999944,candidate-measurement,0FD1CB,valid,1036747,-1,True,
1,1,00001F,1790195819.9400713,34549.8236603,246.51501429999917,candidate-measurement,0FD1CB,valid,1036747,0,True,
1,1,00001F,1790195820.1320662,34550.0156543,246.70700829999987,candidate-measurement,0FD1CA,valid,1036746,-1,True,
1,1,00001F,1790195820.340067,34550.2236549,246.91500890000316,candidate-measurement,0FD1C9,valid,1036745,-1,True,
1,1,00001F,1790195820.5314693,34550.4150585,247.1064125000048,candidate-measurement,0FD1C8,valid,1036744,-1,True,
1,1,00001F,1790195820.7234643,34550.6070531,247.2984071000028,candidate-measurement,0FD1C6,valid,1036742,-2,True,
1,1,00001F,1790195820.9314563,34550.8150458,247.50639980000415,candidate-measurement,0FD1C6,valid,1036742,0,True,
1,1,00001F,1790195821.1230369,34551.0066253,247.69797929999913,candidate-measurement,0FD1C6,valid,1036742,0,True,
1,1,00001F,1790195821.3150263,34551.1986144,247.8899683999989,candidate-measurement,0FD1C5,valid,1036741,-1,True,
1,1,00001F,1790195821.5230238,34551.4066128,248.0979668,candidate-measurement,0FD1C5,valid,1036741,0,True,
1,1,00001F,1790195821.71505,34551.598637,248.2899910000051,candidate-measurement,0FD1C5,valid,1036741,0,True,
1,1,00001F,1790195821.9064295,34551.7900174,248.48137140000472,candidate-measurement,0FD1C5,valid,1036741,0,True,
1,1,00001F,1790195822.098423,34551.9820122,248.67336620000424,candidate-measurement,0FD1C5,valid,1036741,0,True,
1,1,00001F,1790195822.3064187,34552.1900068,248.8813608000055,candidate-measurement,0FD1C3,valid,1036739,-2,True,
1,1,00001F,1790195822.4979887,34552.3815775,249.07293149999896,candidate-measurement,0FD1BF,valid,1036735,-4,True,
1,1,00001F,1790195822.6899836,34552.5735717,249.26492570000119,candidate-measurement,0FD1BA,valid,1036730,-5,True,
1,1,00001F,1790195822.8979647,34552.7815538,249.47290780000185,candidate-measurement,0FD1B7,valid,1036727,-3,True,
1,1,00001F,1790195823.0893922,34552.972981,249.6643350000013,candidate-measurement,0FD1B5,valid,1036725,-2,True,
1,1,00001F,1790195823.2813866,34553.1649741,249.85632810000243,candidate-measurement,0FD1B4,valid,1036724,-1,True,
1,1,00001F,1790195823.4890149,34553.3726014,250.06395540000085,candidate-measurement,0FD1B3,valid,1036723,-1,True,
1,1,00001F,1790195823.6809456,34553.5645343,250.25588830000197,candidate-measurement,0FD1B3,valid,1036723,0,True,
1,1,00001F,1790195823.8729415,34553.7565309,250.44788490000064,candidate-measurement,0FD1B3,valid,1036723,0,True,
1,1,00001F,1790195824.0643554,34553.9479441,250.63929810000263,candidate-measurement,0FD1B3,valid,1036723,0,True,
1,1,00001F,1790195824.2723436,34554.1559324,250.84728639999958,candidate-measurement,0FD1B3,valid,1036723,0,True,
1,1,00001F,1790195824.4639325,34554.3475207,251.03887470000336,candidate-measurement,0FD1B3,valid,1036723,0,True,
1,1,00001F,1790195824.655909,34554.5394986,251.23085260000516,candidate-measurement,0FD1B0,valid,1036720,-3,True,
1,1,00001F,1790195824.8639095,34554.7474991,251.43885310000041,candidate-measurement,0FD1A2,valid,1036706,-14,True,
1,1,00001F,1790195825.055904,34554.9394935,251.63084750000417,candidate-measurement,0FD19D,valid,1036701,-5,True,
1,1,00001F,1790195825.2473238,34555.130912,251.82226600000286,candidate-measurement,0FD19A,valid,1036698,-3,True,
1,1,00001F,1790195825.455314,34555.3389031,252.0302570999993,candidate-measurement,0FD198,valid,1036696,-2,True,
1,1,00001F,1790195825.6628892,34555.5464786,252.23783260000346,candidate-measurement,0FD194,valid,1036692,-4,True,
1,1,00001F,1790195825.8548744,34555.7384645,252.4298185000007,candidate-measurement,0FD190,valid,1036688,-4,True,
1,1,00001F,1790195826.046294,34555.9298825,252.62123650000285,candidate-measurement,0FD18D,valid,1036685,-3,True,
1,1,00001F,1790195826.2382882,34556.1218766,252.81323060000432,candidate-measurement,0FD18C,valid,1036684,-1,True,
1,1,00001F,1790195826.4298677,34556.3134567,253.00481070000387,candidate-measurement,0FD18B,valid,1036683,-1,True,
1,1,00001F,1790195826.6218572,34556.5054467,253.19680070000322,candidate-measurement,0FD18A,valid,1036682,-1,True,
1,1,00001F,1790195826.8298516,34556.7134408,253.40479480000067,candidate-measurement,0FD188,valid,1036680,-2,True,
1,1,00001F,1790195827.02184,34556.9054291,253.59678310000163,candidate-measurement,0FD187,valid,1036679,-1,True,
1,1,00001F,1790195827.213262,34557.0968498,253.78820380000252,candidate-measurement,0FD185,valid,1036677,-2,True,
1,1,00001F,1790195827.4209018,34557.3044904,253.99584440000035,candidate-measurement,0FD184,valid,1036676,-1,True,
1,1,00001F,1790195827.6128206,34557.4964095,254.18776350000553,candidate-measurement,0FD181,valid,1036673,-3,True,
1,1,00001F,1790195827.8048172,34557.6884054,254.37975939999887,candidate-measurement,0FD180,valid,1036672,-1,True,
1,1,00001F,1790195827.9962332,34557.8798225,254.57117650000146,candidate-measurement,0FD17E,valid,1036670,-2,True,
1,1,00001F,1790195828.204222,34558.0878104,254.77916440000263,candidate-measurement,0FD17C,valid,1036668,-2,True,
1,1,00001F,1790195828.3962252,34558.2798132,254.97116720000486,candidate-measurement,0FD179,valid,1036665,-3,True,
1,1,00001F,1790195828.5877879,34558.4713764,255.16273039999942,candidate-measurement,0FD178,valid,1036664,-1,True,
1,1,00001F,1790195828.7957854,34558.6793746,255.37072859999898,candidate-measurement,0FD176,valid,1036662,-2,True,
1,1,00001F,1790195828.9877753,34558.8713643,255.56271830000333,candidate-measurement,0FD174,valid,1036660,-2,True,
1,1,00001F,1790195829.1791975,34559.062786,255.75414000000455,candidate-measurement,0FD172,valid,1036658,-2,True,
1,1,00001F,1790195829.3871884,34559.2707766,255.96213060000446,candidate-measurement,0FD172,valid,1036658,0,True,
1,1,00001F,1790195829.579182,34559.4627697,256.1541237000056,candidate-measurement,0FD172,valid,1036658,0,True,
1,1,00001F,1790195829.7707512,34559.6543409,256.34569490000285,candidate-measurement,0FD170,valid,1036656,-2,True,
1,1,00001F,1790195829.9627507,34559.8463394,256.53769340000144,candidate-measurement,0FD170,valid,1036656,0,True,
1,1,00001F,1790195830.170748,34560.0543359,256.7456899000026,candidate-measurement,0FD170,valid,1036656,0,True,
1,1,00001F,1790195830.3621557,34560.2457441,256.9370981000029,candidate-measurement,0FD16F,valid,1036655,-1,True,
1,1,00001F,1790195830.5541449,34560.437734,257.1290880000015,candidate-measurement,0FD16D,valid,1036653,-2,True,
1,1,00001F,1790195830.7621381,34560.6457264,257.33708040000056,candidate-measurement,0FD16C,valid,1036652,-1,True,
1,1,00001F,1790195830.953718,34560.8373079,257.5286619000035,candidate-measurement,0FD16C,valid,1036652,0,True,
1,1,00001F,1790195831.1457043,34561.0292927,257.72064669999963,candidate-measurement,0FD16B,valid,1036651,-1,True,
1,1,00001F,1790195831.3377042,34561.2212926,257.9126466000016,candidate-measurement,0FD16B,valid,1036651,0,True,
1,1,00001F,1790195831.5456905,34561.4292804,258.120634400002,candidate-measurement,0FD16B,valid,1036651,0,True,
1,1,00001F,1790195831.737108,34561.6206973,258.3120513000031,candidate-measurement,0FD16B,valid,1036651,0,True,
1,1,00001F,1790195831.929106,34561.8126946,258.5040485999998,candidate-measurement,0FD16B,valid,1036651,0,True,
1,1,00001F,1790195832.1366975,34562.0202859,258.7116399000006,candidate-measurement,0FD169,valid,1036649,-2,True,
1,1,00001F,1790195832.3286881,34562.2122764,258.90363040000375,candidate-measurement,0FD169,valid,1036649,0,True,
1,1,00001F,1790195832.520667,34562.4042557,259.09560970000166,candidate-measurement,0FD160,valid,1036640,-9,True,
1,1,00001F,1790195832.7280896,34562.6116775,259.30303149999963,candidate-measurement,0FD15C,valid,1036636,-4,True,
1,1,00001F,1790195832.9200718,34562.8036598,259.49501380000584,candidate-measurement,0FD15A,valid,1036634,-2,True,
1,1,00001F,1790195833.1120687,34562.9956576,259.6870115999991,candidate-measurement,0FD159,valid,1036633,-1,True,
1,1,00001F,1790195833.3196335,34563.2032209,259.89457490000495,candidate-measurement,0FD159,valid,1036633,0,True,
1,1,00001F,1790195833.5116324,34563.3952207,260.0865746999989,candidate-measurement,0FD159,valid,1036633,0,True,
1,1,00001F,1790195833.7036285,34563.5872169,260.2785709000018,candidate-measurement,0FD159,valid,1036633,0,True,
1,1,00001F,1790195833.8950338,34563.7786238,260.46997779999947,candidate-measurement,0FD158,valid,1036632,-1,True,
1,1,00001F,1790195834.1030307,34563.9866191,260.6779730999988,candidate-measurement,0FD155,valid,1036629,-3,True,
1,1,00001F,1790195834.2946067,34564.1781943,260.8695483000047,candidate-measurement,0FD146,valid,1036614,-15,True,
1,1,00001F,1790195834.4866033,34564.3701907,261.06154470000183,candidate-measurement,0FD141,valid,1036609,-5,True,
1,1,00001F,1790195834.6945894,34564.5781783,261.2695323000007,candidate-measurement,0FD13F,valid,1036607,-2,True,
1,1,00001F,1790195834.8860097,34564.7695991,261.46095310000237,candidate-measurement,0FD13C,valid,1036604,-3,True,
1,1,00001F,1790195835.0780048,34564.9615936,261.6529475999996,candidate-measurement,0FD137,valid,1036599,-5,True,
1,1,00001F,1790195835.269993,34565.1535814,261.84493540000403,candidate-measurement,0FD134,valid,1036596,-3,True,
1,1,00001F,1790195835.4775686,34565.3611575,262.0525115000055,candidate-measurement,0FD132,valid,1036594,-2,True,
1,1,00001F,1790195835.6695623,34565.5531514,262.24450540000544,candidate-measurement,0FD132,valid,1036594,0,True,
1,1,00001F,1790195835.8609717,34565.7445615,262.43591550000565,candidate-measurement,0FD130,valid,1036592,-2,True,
1,1,00001F,1790195836.0689673,34565.9525572,262.64391120000073,candidate-measurement,0FD12E,valid,1036590,-2,True,
1,1,00001F,1790195836.260541,34566.1441291,262.83548310000333,candidate-measurement,0FD12D,valid,1036589,-1,True,
1,1,00001F,1790195836.4525387,34566.3361276,263.0274816000019,candidate-measurement,0FD12B,valid,1036587,-2,True,
1,1,00001F,1790195836.660528,34566.5441172,263.2354712000015,candidate-measurement,0FD129,valid,1036585,-2,True,
1,1,00001F,1790195836.8519483,34566.7355365,263.426890499999,candidate-measurement,0FD127,valid,1036583,-2,True,
1,1,00001F,1790195837.0439403,34566.9275287,263.61888270000054,candidate-measurement,0FD124,valid,1036580,-3,True,
1,1,00001F,1790195837.2515204,34567.1351088,263.82646280000336,candidate-measurement,0FD122,valid,1036578,-2,True,
1,1,00001F,1790195837.4435036,34567.3270922,264.0184462000034,candidate-measurement,0FD11F,valid,1036575,-3,True,
1,1,00001F,1790195837.6355045,34567.5190925,264.2104465000011,candidate-measurement,0FD11E,valid,1036574,-1,True,
1,1,00001F,1790195837.8269188,34567.7105064,264.40186040000117,candidate-measurement,0FD11C,valid,1036572,-2,True,
1,1,00001F,1790195838.034537,34567.9181263,264.60948030000145,candidate-measurement,0FD11B,valid,1036571,-1,True,
1,1,00001F,1790195838.2264822,34568.1100704,264.80142440000054,candidate-measurement,0FD119,valid,1036569,-2,True,
1,1,00001F,1790195838.4184768,34568.3020659,264.9934199000054,candidate-measurement,0FD118,valid,1036568,-1,True,
1,1,00001F,1790195838.625902,34568.5094894,265.20084340000176,candidate-measurement,0FD118,valid,1036568,0,True,
1,1,00001F,1790195838.8178766,34568.7014661,265.3928201000017,candidate-measurement,0FD118,valid,1036568,0,True,
1,1,00001F,1790195839.0094552,34568.8930447,265.5843987000044,candidate-measurement,0FD118,valid,1036568,0,True,
1,1,00001F,1790195839.217457,34569.1010437,265.79239770000277,candidate-measurement,0FD117,valid,1036567,-1,True,
1,1,00001F,1790195839.409439,34569.2930283,265.98438230000465,candidate-measurement,0FD117,valid,1036567,0,True,
1,1,00001F,1790195839.6008658,34569.4844545,266.17580850000377,candidate-measurement,0FD116,valid,1036566,-1,True,
1,1,00001F,1790195839.792861,34569.67645,266.36780400000134,candidate-measurement,0FD114,valid,1036564,-2,True,
1,1,00001F,1790195840.0004203,34569.8840093,266.57536330000585,candidate-measurement,0FD113,valid,1036563,-1,True,
1,1,00001F,1790195840.1924248,34570.0760126,266.7673666000046,candidate-measurement,0FD112,valid,1036562,-1,True,
1,1,00001F,1790195840.3844206,34570.2680087,266.9593626999995,candidate-measurement,0FD112,valid,1036562,0,True,
1,1,00001F,1790195840.5918236,34570.4754122,267.1667662000036,candidate-measurement,0FD111,valid,1036561,-1,True,
1,1,00001F,1790195840.7838223,34570.6674105,267.3587645000007,candidate-measurement,0FD111,valid,1036561,0,True,
1,1,00001F,1790195840.9758096,34570.8593978,267.5507518000013,candidate-measurement,0FD111,valid,1036561,0,True,
1,1,00001F,1790195841.183409,34571.0669964,267.7583503999995,candidate-measurement,0FD111,valid,1036561,0,True,
1,1,00001F,1790195841.3754234,34571.2590117,267.9503657000023,candidate-measurement,0FD111,valid,1036561,0,True,
1,1,00001F,1790195841.5673633,34571.4509535,268.1423075000057,candidate-measurement,0FD111,valid,1036561,0,True,
1,1,00001F,1790195841.7587852,34571.6423748,268.3337288000039,candidate-measurement,0FD111,valid,1036561,0,True,
1,1,00001F,1790195841.9667797,34571.8503682,268.5417222000033,candidate-measurement,0FD110,valid,1036560,-1,True,
1,1,00001F,1790195842.158353,34572.0419419,268.73329590000503,candidate-measurement,0FD10A,valid,1036554,-6,True,
1,1,00001F,1790195842.3503466,34572.2339352,268.9252892000004,candidate-measurement,0FD104,valid,1036548,-6,True,
1,1,00001F,1790195842.55833,34572.4419193,269.13327330000175,candidate-measurement,0FD102,valid,1036546,-2,True,
1,1,00001F,1790195842.7503347,34572.6339227,269.32527670000127,candidate-measurement,0FD100,valid,1036544,-2,True,
1,1,00001F,1790195842.94175,34572.8253385,269.5166925000012,candidate-measurement,0FD0FF,valid,1036543,-1,True,
1,1,00001F,1790195843.1337457,34573.0173338,269.70868780000455,candidate-measurement,0FD0FF,valid,1036543,0,True,
1,1,00001F,1790195843.3417385,34573.2253266,269.9166805999994,candidate-measurement,0FD0FF,valid,1036543,0,True,
1,1,00001F,1790195843.5337234,34573.4173125,270.1086665000039,candidate-measurement,0FD0FF,valid,1036543,0,True,
1,1,00001F,1790195843.7253008,34573.6088889,270.3002429000044,candidate-measurement,0FD0FF,valid,1036543,0,True,
1,1,00001F,1790195843.9332912,34573.8168813,270.50823530000343,candidate-measurement,0FD0FD,valid,1036541,-2,True,
1,1,00001F,1790195844.1252897,34574.0088784,270.7002324000059,candidate-measurement,0FD0FD,valid,1036541,0,True,
1,1,00001F,1790195844.3167067,34574.2002947,270.8916487000024,candidate-measurement,0FD0F8,valid,1036536,-5,True,
1,1,00001F,1790195844.5247056,34574.408294,271.09964800000307,candidate-measurement,0FD0EC,valid,1036524,-12,True,
1,1,00001F,1790195844.71627,34574.5998595,271.2912135000006,candidate-measurement,0FD0E6,valid,1036518,-6,True,
1,1,00001F,1790195844.9082663,34574.7918558,271.48320980000426,candidate-measurement,0FD0E3,valid,1036515,-3,True,
1,1,00001F,1790195845.1002579,34574.9838459,271.6751999000044,candidate-measurement,0FD0DC,valid,1036508,-7,True,
1,1,00001F,1790195845.307678,34575.1912655,271.88261950000015,candidate-measurement,0FD0D8,valid,1036504,-4,True,
1,1,00001F,1790195845.49966,34575.3832487,272.0746027000059,candidate-measurement,0FD0D6,valid,1036502,-2,True,
1,1,00001F,1790195845.6916614,34575.5752494,272.26660339999944,candidate-measurement,0FD0D4,valid,1036500,-2,True,
1,1,00001F,1790195845.8992314,34575.7828204,272.4741744000057,candidate-measurement,0FD0D2,valid,1036498,-2,True,
1,1,00001F,1790195846.0912228,34575.9748121,272.66616610000347,candidate-measurement,0FD0D0,valid,1036496,-2,True,
1,1,00001F,1790195846.283222,34576.1668104,272.85816440000053,candidate-measurement,0FD0D0,valid,1036496,0,True,
1,1,00001F,1790195846.4906309,34576.3742189,273.0655728999991,candidate-measurement,0FD0CE,valid,1036494,-2,True,
1,1,00001F,1790195846.6826189,34576.5662074,273.2575614000016,candidate-measurement,0FD0CC,valid,1036492,-2,True,
1,1,00001F,1790195846.8746142,34576.7582037,273.44955770000524,candidate-measurement,0FD0C9,valid,1036489,-3,True,
1,1,00001F,1790195847.0666153,34576.9502042,273.6415582000045,candidate-measurement,0FD0C6,valid,1036486,-3,True,
1,1,00001F,1790195847.2742336,34577.157822,273.84917600000335,candidate-measurement,0FD0C5,valid,1036485,-1,True,
1,1,00001F,1790195847.466184,34577.3497725,274.04112650000025,candidate-measurement,0FD0C4,valid,1036484,-1,True,
1,1,00001F,1790195847.6581674,34577.5417566,274.2331106000056,candidate-measurement,0FD0C2,valid,1036482,-2,True,
1,1,00001F,1790195847.865615,34577.7492022,274.4405562000029,candidate-measurement,0FD0C1,valid,1036481,-1,True,
1,1,00001F,1790195848.0575814,34577.9411713,274.6325253000032,candidate-measurement,0FD0BF,valid,1036479,-2,True,
1,1,00001F,1790195848.2495797,34578.1331679,274.82452190000186,candidate-measurement,0FD0BE,valid,1036478,-1,True,
1,1,00001F,1790195848.457208,34578.3407957,275.0321497000041,candidate-measurement,0FD0BE,valid,1036478,0,True,
1,1,00001F,1790195848.649141,34578.53273,275.2240840000013,candidate-measurement,0FD0BE,valid,1036478,0,True,
1,1,00001F,1790195848.8405528,34578.7241416,275.41549560000567,candidate-measurement,0FD0BD,valid,1036477,-1,True,
1,1,00001F,1790195849.0325522,34578.916142,275.6074960000042,candidate-measurement,0FD0BD,valid,1036477,0,True,
1,1,00001F,1790195849.2401345,34579.1237228,275.81507680000504,candidate-measurement,0FD0BC,valid,1036476,-1,True,
1,1,00001F,1790195849.4321198,34579.3157078,276.0070618000027,candidate-measurement,0FD0BB,valid,1036475,-1,True,
1,1,00001F,1790195849.6241088,34579.5076974,276.199051399999,candidate-measurement,0FD0B9,valid,1036473,-2,True,
1,1,00001F,1790195849.8315246,34579.7151138,276.4064677999995,candidate-measurement,0FD0B8,valid,1036472,-1,True,
1,1,00001F,1790195850.0235205,34579.9071096,276.5984635999994,candidate-measurement,0FD0B8,valid,1036472,0,True,
1,1,00001F,1790195850.2155178,34580.0991055,276.7904595,candidate-measurement,0FD0B8,valid,1036472,0,True,
1,1,00001F,1790195850.4230871,34580.3066752,276.99802920000366,candidate-measurement,0FD0B7,valid,1036471,-1,True,
1,1,00001F,1790195850.631081,34580.5146697,277.20602370000415,candidate-measurement,0FD0B7,valid,1036471,0,True,
1,1,00001F,1790195850.82248,34580.7060702,277.397424200004,candidate-measurement,0FD0B7,valid,1036471,0,True,
1,1,00001F,1790195851.0144885,34580.8980778,277.58943179999915,candidate-measurement,0FD0B7,valid,1036471,0,True,
1,1,00001F,1790195851.2060635,34581.0896516,277.78100560000166,candidate-measurement,0FD0B7,valid,1036471,0,True,
1,1,00001F,1790195851.3980608,34581.2816486,277.9730026000034,candidate-measurement,0FD0B5,valid,1036469,-2,True,
1,1,00001F,1790195851.5900383,34581.4736282,278.1649822000036,candidate-measurement,0FD0B5,valid,1036469,0,True,
1,1,00001F,1790195851.7974637,34581.6810525,278.37240649999876,candidate-measurement,0FD0AC,valid,1036460,-9,True,
1,1,00001F,1790195851.9894555,34581.8730441,278.564398100003,candidate-measurement,0FD0A8,valid,1036456,-4,True,
1,1,00001F,1790195852.1810281,34582.0646164,278.7559704000014,candidate-measurement,0FD0A5,valid,1036453,-3,True,
1,1,00001F,1790195852.3890176,34582.2726063,278.96396030000324,candidate-measurement,0FD0A5,valid,1036453,0,True,
1,1,00001F,1790195852.597008,34582.4805968,279.1719508000024,candidate-measurement,0FD0A5,valid,1036453,0,True,
1,1,00001F,1790195852.7890093,34582.672598,279.3639519999997,candidate-measurement,0FD0A4,valid,1036452,-1,True,
1,1,00001F,1790195852.980423,34582.8640113,279.55536530000245,candidate-measurement,0FD0A0,valid,1036448,-4,True,
1,1,00001F,1790195853.1724203,34583.0560083,279.74736230000417,candidate-measurement,0FD093,valid,1036435,-13,True,
1,1,00001F,1790195853.3639867,34583.2475751,279.9389291000043,candidate-measurement,0FD08E,valid,1036430,-5,True,
1,1,00001F,1790195853.5559804,34583.4395692,280.1309232000058,candidate-measurement,0FD08B,valid,1036427,-3,True,
1,1,00001F,1790195853.7639842,34583.6475726,280.3389266000013,candidate-measurement,0FD085,valid,1036421,-6,True,
1,1,00001F,1790195853.955388,34583.8389778,280.53033180000057,candidate-measurement,0FD080,valid,1036416,-5,True,
1,1,00001F,1790195854.1473844,34584.030973,280.72232700000313,candidate-measurement,0FD07E,valid,1036414,-2,True,
1,1,00001F,1790195854.3549619,34584.23855,280.92990400000417,candidate-measurement,0FD07D,valid,1036413,-1,True,
1,1,00001F,1790195854.5469482,34584.4305377,281.12189170000056,candidate-measurement,0FD07B,valid,1036411,-2,True,
1,1,00001F,1790195854.7389443,34584.6225322,281.3138862000051,candidate-measurement,0FD07A,valid,1036410,-1,True,
1,1,00001F,1790195854.9303532,34584.8139438,281.50529780000215,candidate-measurement,0FD078,valid,1036408,-2,True,
1,1,00001F,1790195855.1383464,34585.021935,281.71328899999935,candidate-measurement,0FD076,valid,1036406,-2,True,
1,1,00001F,1790195855.3303423,34585.2139308,281.9052847999992,candidate-measurement,0FD076,valid,1036406,0,True,
1,1,00001F,1790195855.5219302,34585.4055182,282.0968722000034,candidate-measurement,0FD074,valid,1036404,-2,True,
1,1,00001F,1790195855.7299042,34585.6134929,282.30484690000594,candidate-measurement,0FD073,valid,1036403,-1,True,
1,1,00001F,1790195855.9219093,34585.8054992,282.4968532000057,candidate-measurement,0FD070,valid,1036400,-3,True,
1,1,00001F,1790195856.1133196,34585.9969085,282.68826249999984,candidate-measurement,0FD06E,valid,1036398,-2,True,
1,1,00001F,1790195856.3213124,34586.2049006,282.8962546000039,candidate-measurement,0FD06B,valid,1036395,-3,True,
1,1,00001F,1790195856.5133073,34586.3968955,283.08824950000417,candidate-measurement,0FD06A,valid,1036394,-1,True,
1,1,00001F,1790195856.7048855,34586.5884741,283.2798280999996,candidate-measurement,0FD068,valid,1036392,-2,True,
1,1,00001F,1790195856.896868,34586.7804576,283.47181160000036,candidate-measurement,0FD067,valid,1036391,-1,True,
1,1,00001F,1790195857.1043158,34586.9878996,283.67925359999936,candidate-measurement,0FD066,valid,1036390,-1,True,
1,1,00001F,1790195857.2962875,34587.1798757,283.871229700002,candidate-measurement,0FD064,valid,1036388,-2,True,
1,1,00001F,1790195857.488309,34587.3718969,284.0632508999988,candidate-measurement,0FD064,valid,1036388,0,True,
1,1,00001F,1790195857.6958685,34587.5794563,284.2708103000041,candidate-measurement,0FD064,valid,1036388,0,True,
1,1,00001F,1790195857.887841,34587.7714294,284.4627834000057,candidate-measurement,0FD064,valid,1036388,0,True,
1,1,00001F,1790195858.079839,34587.9634268,284.6547808000032,candidate-measurement,0FD063,valid,1036387,-1,True,
1,1,00001F,1790195858.287286,34588.1708731,284.86222710000584,candidate-measurement,0FD063,valid,1036387,0,True,
1,1,00001F,1790195858.4792447,34588.3628328,285.0541868,candidate-measurement,0FD062,valid,1036386,-1,True,
1,1,00001F,1790195858.6708133,34588.5544022,285.2457562000054,candidate-measurement,0FD060,valid,1036384,-2,True,
1,1,00001F,1790195858.8628113,34588.7463994,285.4377534000014,candidate-measurement,0FD05F,valid,1036383,-1,True,
1,1,00001F,1790195859.0708048,34588.9543942,285.64574820000416,candidate-measurement,0FD05E,valid,1036382,-1,True,
1,1,00001F,1790195859.262223,34589.1458111,285.8371651000052,candidate-measurement,0FD05E,valid,1036382,0,True,
1,1,00001F,1790195859.4542146,34589.3378027,286.0291567000022,candidate-measurement,0FD05E,valid,1036382,0,True,
1,1,00001F,1790195859.6622164,34589.5458043,286.23715830000583,candidate-measurement,0FD05D,valid,1036381,-1,True,
1,1,00001F,1790195859.8537815,34589.7373709,286.42872490000445,candidate-measurement,0FD05D,valid,1036381,0,True,
1,1,00001F,1790195860.0457718,34589.9293599,286.62071390000347,candidate-measurement,0FD05D,valid,1036381,0,True,
1,1,00001F,1790195860.2377741,34590.121362,286.81271600000036,candidate-measurement,0FD05D,valid,1036381,0,True,
1,1,00001F,1790195860.4451919,34590.3287802,287.02013420000003,candidate-measurement,0FD05D,valid,1036381,0,True,
1,1,00001F,1790195860.6371791,34590.5207676,287.2121216000014,candidate-measurement,0FD05D,valid,1036381,0,True,
1,1,00001F,1790195860.8447483,34590.7283376,287.4196916000001,candidate-measurement,0FD05C,valid,1036380,-1,True,
1,1,00001F,1790195861.0367436,34590.9203317,287.61168570000154,candidate-measurement,0FD052,valid,1036370,-10,True,
1,1,00001F,1790195861.228157,34591.1117451,287.80309910000506,candidate-measurement,0FD04F,valid,1036367,-3,True,
1,1,00001F,1790195861.4201593,34591.3037471,287.9951011000012,candidate-measurement,0FD04C,valid,1036364,-3,True,
1,1,00001F,1790195861.6277676,34591.5113565,288.20271050000156,candidate-measurement,0FD04B,valid,1036363,-1,True,
1,1,00001F,1790195861.8197114,34591.7033017,288.39465570000175,candidate-measurement,0FD04B,valid,1036363,0,True,
1,1,00001F,1790195862.0117126,34591.895301,288.58665499999915,candidate-measurement,0FD04B,valid,1036363,0,True,
1,1,00001F,1790195862.2191372,34592.1027242,288.7940782000005,candidate-measurement,0FD04B,valid,1036363,0,True,
1,1,00001F,1790195862.4111202,34592.2947089,288.98606290000316,candidate-measurement,0FD04A,valid,1036362,-1,True,
1,1,00001F,1790195862.603116,34592.4867045,289.1780585000015,candidate-measurement,0FD047,valid,1036359,-3,True,
1,1,00001F,1790195862.7946794,34592.6782685,289.36962250000215,candidate-measurement,0FD039,valid,1036345,-14,True,
1,1,00001F,1790195863.0027175,34592.8863056,289.5776595999996,candidate-measurement,0FD035,valid,1036341,-4,True,
1,1,00001F,1790195863.1941066,34593.0776946,289.7690485999992,candidate-measurement,0FD032,valid,1036338,-3,True,
1,1,00001F,1790195863.3860917,34593.2696801,289.9610341000007,candidate-measurement,0FD030,valid,1036336,-2,True,
1,1,00001F,1790195863.5936651,34593.477253,290.1686069999996,candidate-measurement,0FD02C,valid,1036332,-4,True,
1,1,00001F,1790195863.78565,34593.6692385,290.3605925000011,candidate-measurement,0FD028,valid,1036328,-4,True,
1,1,00001F,1790195863.9776502,34593.8612388,290.5525927999988,candidate-measurement,0FD026,valid,1036326,-2,True,
1,1,00001F,1790195864.1856449,34594.0692323,290.760586299999,candidate-measurement,0FD025,valid,1036325,-1,True,
1,1,00001F,1790195864.3770573,34594.2606456,290.9519996000017,candidate-measurement,0FD024,valid,1036324,-1,True,
1,1,00001F,1790195864.569041,34594.4526312,291.14398520000395,candidate-measurement,0FD024,valid,1036324,0,True,
1,1,00001F,1790195864.7606251,34594.6442134,291.33556740000495,candidate-measurement,0FD023,valid,1036323,-1,True,
1,1,00001F,1790195864.968616,34594.8522052,291.54355919999944,candidate-measurement,0FD022,valid,1036322,-1,True,
1,1,00001F,1790195865.1606185,34595.0442069,291.73556090000056,candidate-measurement,0FD020,valid,1036320,-2,True,
1,1,00001F,1790195865.3526073,34595.2361955,291.9275495000038,candidate-measurement,0FD01F,valid,1036319,-1,True,
1,1,00001F,1790195865.5600195,34595.4436076,292.1349616000007,candidate-measurement,0FD01E,valid,1036318,-1,True,
1,1,00001F,1790195865.7520106,34595.6355987,292.32695270000113,candidate-measurement,0FD01C,valid,1036316,-2,True,
1,1,00001F,1790195865.944007,34595.8275953,292.5189492999998,candidate-measurement,0FD01C,valid,1036316,0,True,
1,1,00001F,1790195866.1515753,34596.0351638,292.7265178000016,candidate-measurement,0FD01B,valid,1036315,-1,True,
1,1,00001F,1790195866.3435745,34596.2271626,292.9185166000025,candidate-measurement,0FD01A,valid,1036314,-1,True,
1,1,00001F,1790195866.5349832,34596.4185721,293.1099261000054,candidate-measurement,0FD018,valid,1036312,-2,True,
1,1,00001F,1790195866.726977,34596.6105651,293.30191910000576,candidate-measurement,0FD016,valid,1036310,-2,True,
1,1,00001F,1790195866.9349701,34596.8185588,293.50991280000017,candidate-measurement,0FD015,valid,1036309,-1,True,
1,1,00001F,1790195867.1265476,34597.0101362,293.701490200001,candidate-measurement,0FD014,valid,1036308,-1,True,
1,1,00001F,1790195867.3185406,34597.2021289,293.89348289999907,candidate-measurement,0FD012,valid,1036306,-2,True,
1,1,00001F,1790195867.5265372,34597.4101255,294.101479500001,candidate-measurement,0FD011,valid,1036305,-1,True,
1,1,00001F,1790195867.7179482,34597.6015364,294.29289040000003,candidate-measurement,0FD00F,valid,1036303,-2,True,
1,1,00001F,1790195867.9099426,34597.7935314,294.4848854000011,candidate-measurement,0FD00E,valid,1036302,-1,True,
1,1,00001F,1790195868.117519,34598.0011068,294.6924608000045,candidate-measurement,0FD00C,valid,1036300,-2,True,
1,1,00001F,1790195868.3095038,34598.1930925,294.8844465000002,candidate-measurement,0FD00B,valid,1036299,-1,True,
1,1,00001F,1790195868.5015023,34598.3850912,295.0764452000003,candidate-measurement,0FD00A,valid,1036298,-1,True,
1,1,00001F,1790195868.6934998,34598.5770877,295.2684417000055,candidate-measurement,0FD00A,valid,1036298,0,True,
1,1,00001F,1790195868.900931,34598.7845174,295.4758714000054,candidate-measurement,0FD00A,valid,1036298,0,True,
1,1,00001F,1790195869.0928977,34598.9764877,295.6678417000003,candidate-measurement,0FD00A,valid,1036298,0,True,
1,1,00001F,1790195869.284897,34599.1684853,295.8598392999993,candidate-measurement,0FD009,valid,1036297,-1,True,
1,1,00001F,1790195869.4924636,34599.3760529,296.0674069000015,candidate-measurement,0FD009,valid,1036297,0,True,
1,1,00001F,1790195869.6844618,34599.5680513,296.25940529999934,candidate-measurement,0FD008,valid,1036296,-1,True,
1,1,00001F,1790195869.8764584,34599.760047,296.4514010000057,candidate-measurement,0FD006,valid,1036294,-2,True,
1,1,00001F,1790195870.0838711,34599.9674603,296.65881430000445,candidate-measurement,0FD005,valid,1036293,-1,True,
1,1,00001F,1790195870.275866,34600.1594545,296.8508084999994,candidate-measurement,0FD004,valid,1036292,-1,True,
1,1,00001F,1790195870.467439,34600.3510271,297.04238110000006,candidate-measurement,0FD004,valid,1036292,0,True,
1,1,00001F,1790195870.6594276,34600.5430164,297.23437040000135,candidate-measurement,0FD004,valid,1036292,0,True,
1,1,00001F,1790195870.8674202,34600.7510082,297.4423622000031,candidate-measurement,0FD003,valid,1036291,-1,True,
1,1,00001F,1790195871.0594258,34600.9430136,297.6343676000033,candidate-measurement,0FD003,valid,1036291,0,True,
1,1,00001F,1790195871.2508388,34601.134427,297.82578099999955,candidate-measurement,0FD003,valid,1036291,0,True,
1,1,00001F,1790195871.4584534,34601.3420416,298.03339560000313,candidate-measurement,0FD003,valid,1036291,0,True,
1,1,00001F,1790195871.6503997,34601.5339888,298.225342800004,candidate-measurement,0FD003,valid,1036291,0,True,
1,1,00001F,1790195871.8423922,34601.7259805,298.41733450000174,candidate-measurement,0FD002,valid,1036290,-1,True,
1,1,00001F,1790195872.0498064,34601.933395,298.62474900000234,candidate-measurement,0FCFF9,valid,1036281,-9,True,
1,1,00001F,1790195872.2418041,34602.1253919,298.8167459000033,candidate-measurement,0FCFF6,valid,1036278,-3,True,
1,1,00001F,1790195872.4333766,34602.316965,299.0083190000005,candidate-measurement,0FCFF4,valid,1036276,-2,True,
1,1,00001F,1790195872.6253662,34602.5089547,299.2003087000048,candidate-measurement,0FCFF2,valid,1036274,-2,True,
1,1,00001F,1790195872.8333616,34602.71695,299.40830400000414,candidate-measurement,0FCFF1,valid,1036273,-1,True,
1,1,00001F,1790195873.025357,34602.908945,299.6002990000052,candidate-measurement,0FCFF1,valid,1036273,0,True,
1,1,00001F,1790195873.2173555,34603.100943,299.79229699999996,candidate-measurement,0FCFF1,valid,1036273,0,True,
1,1,00001F,1790195873.4247596,34603.3083475,299.99970150000445,candidate-measurement,0FCFF1,valid,1036273,0,True,
