payload_index,trial_index,payload_hex,timestamp,monotonic_s,elapsed_candidate_s,phase,rx_bytes_hex,reply_kind,raw_position,delta_counts,valid,note
1,1,000001,1790181930.4025118,20660.2860985,0.191535500001919,candidate-measurement,00310C,valid,12556,0,True,
1,1,000001,1790181930.5945058,20660.478093,0.3835300000027928,candidate-measurement,00310C,valid,12556,0,True,
1,1,000001,1790181930.785911,20660.6694988,0.5749358000030043,candidate-measurement,00310C,valid,12556,0,True,
1,1,000001,1790181930.9779103,20660.8614987,0.7669357000013406,candidate-measurement,00310C,valid,12556,0,True,
1,1,000001,1790181931.1694834,20661.0530725,0.9585095000002184,candidate-measurement,00310C,valid,12556,0,True,
1,1,000001,1790181931.361465,20661.2450538,1.1504908000024443,candidate-measurement,00310C,valid,12556,0,True,
1,1,000001,1790181931.5534697,20661.4370588,1.3424957999995968,candidate-measurement,00310C,valid,12556,0,True,
1,1,000001,1790181931.7448823,20661.6284714,1.533908400000655,candidate-measurement,00310C,valid,12556,0,True,
1,1,000001,1790181931.9364622,20661.8200506,1.7254876000006334,candidate-measurement,00310B,valid,12555,-1,True,
1,1,000001,1790181932.128459,20662.0120471,1.9174841000021843,candidate-measurement,00310B,valid,12555,0,True,
1,1,000001,1790181932.3204443,20662.2040331,2.1094701000001805,candidate-measurement,00310B,valid,12555,0,True,
1,1,000001,1790181932.512444,20662.3960328,2.301469800000632,candidate-measurement,00310B,valid,12555,0,True,
1,1,000001,1790181932.7038496,20662.5874388,2.4928758000023663,candidate-measurement,00310A,valid,12554,-1,True,
1,1,000001,1790181932.8958535,20662.7794415,2.6848785000001953,candidate-measurement,003109,valid,12553,-1,True,
1,1,000001,1790181933.0874205,20662.9710082,2.87644519999958,candidate-measurement,003109,valid,12553,0,True,
1,1,000001,1790181933.279414,20663.1630021,3.068439099999523,candidate-measurement,003109,valid,12553,0,True,
1,1,000001,1790181933.4708345,20663.3544223,3.259859300000244,candidate-measurement,003109,valid,12553,0,True,
1,1,000001,1790181933.6628196,20663.5464099,3.4518468999995093,candidate-measurement,003108,valid,12552,-1,True,
1,1,000001,1790181933.8704002,20663.7539884,3.659425400001055,candidate-measurement,003108,valid,12552,0,True,
1,1,000001,1790181934.0623868,20663.9459748,3.851411800002097,candidate-measurement,003108,valid,12552,0,True,
1,1,000001,1790181934.2543771,20664.1379679,4.043404899999587,candidate-measurement,003108,valid,12552,0,True,
1,1,000001,1790181934.4463787,20664.3299679,4.235404900002322,candidate-measurement,003107,valid,12551,-1,True,
1,1,000001,1790181934.6377885,20664.5213766,4.426813600002788,candidate-measurement,003107,valid,12551,0,True,
1,1,000001,1790181934.8297892,20664.7133769,4.618813900000532,candidate-measurement,003107,valid,12551,0,True,
1,1,000001,1790181935.0213528,20664.904942,4.8103790000022855,candidate-measurement,003107,valid,12551,0,True,
1,1,000001,1790181935.2133555,20665.0969433,5.002380300000368,candidate-measurement,003107,valid,12551,0,True,
1,1,000001,1790181935.4053416,20665.2889321,5.194369100001495,candidate-measurement,003107,valid,12551,0,True,
1,1,000001,1790181935.5967636,20665.4803527,5.385789700001624,candidate-measurement,003107,valid,12551,0,True,
1,1,000001,1790181935.7887466,20665.6723369,5.577773900000466,candidate-measurement,003107,valid,12551,0,True,
1,1,000001,1790181935.980328,20665.8639165,5.769353499999852,candidate-measurement,003107,valid,12551,0,True,
1,1,000001,1790181936.1723144,20666.0559048,5.96134180000081,candidate-measurement,003107,valid,12551,0,True,
1,1,000001,1790181936.3643146,20666.2479044,6.1533414000005,candidate-measurement,003107,valid,12551,0,True,
1,1,000001,1790181936.5557234,20666.439313,6.344750000000204,candidate-measurement,003107,valid,12551,0,True,
1,1,000001,1790181936.7477205,20666.6313114,6.53674840000167,candidate-measurement,003107,valid,12551,0,True,
1,1,000001,1790181936.93929,20666.8228782,6.728315200001816,candidate-measurement,003107,valid,12551,0,True,
1,1,000001,1790181937.1312938,20667.0148822,6.920319200002268,candidate-measurement,003107,valid,12551,0,True,
1,1,000001,1790181937.3232846,20667.2068726,7.112309600001026,candidate-measurement,003107,valid,12551,0,True,
1,1,000001,1790181937.5147042,20667.3982921,7.303729100000055,candidate-measurement,003107,valid,12551,0,True,
1,1,000001,1790181937.7066903,20667.5902803,7.495717300000251,candidate-measurement,003107,valid,12551,0,True,
1,1,000001,1790181937.9143507,20667.7979408,7.703377800000453,candidate-measurement,003107,valid,12551,0,True,
1,1,000001,1790181938.1062593,20667.9898478,7.895284800000809,candidate-measurement,003107,valid,12551,0,True,
2,1,000002,1790181940.520189,20670.4037767,0.19199579999985872,candidate-measurement,003107,valid,12551,0,True,
2,1,000002,1790181940.7121727,20670.5957602,0.3839793000006466,candidate-measurement,003107,valid,12551,0,True,
2,1,000002,1790181940.9038126,20670.7873999,0.5756189999992785,candidate-measurement,003107,valid,12551,0,True,
2,1,000002,1790181941.1115892,20670.9951794,0.7833984999997483,candidate-measurement,003107,valid,12551,0,True,
2,1,000002,1790181941.3031614,20671.1867498,0.9749688999982027,candidate-measurement,003107,valid,12551,0,True,
2,1,000002,1790181941.495164,20671.378753,1.166972099999839,candidate-measurement,003107,valid,12551,0,True,
2,1,000002,1790181941.7031395,20671.5867301,1.3749491999988095,candidate-measurement,003107,valid,12551,0,True,
2,1,000002,1790181941.8945534,20671.7781441,1.5663631999996142,candidate-measurement,003107,valid,12551,0,True,
2,1,000002,1790181942.0865524,20671.970141,1.7583601000005729,candidate-measurement,003107,valid,12551,0,True,
2,1,000002,1790181942.278124,20672.1617132,1.9499322999981814,candidate-measurement,003107,valid,12551,0,True,
2,1,000002,1790181942.4861307,20672.3697187,2.157937799998763,candidate-measurement,003107,valid,12551,0,True,
2,1,000002,1790181942.6781085,20672.5616974,2.349916499999381,candidate-measurement,003107,valid,12551,0,True,
2,1,000002,1790181942.869525,20672.7531157,2.541334800000186,candidate-measurement,003107,valid,12551,0,True,
2,1,000002,1790181943.0775201,20672.961108,2.7493270999984816,candidate-measurement,003107,valid,12551,0,True,
2,1,000002,1790181943.2695134,20673.1531018,2.941320899997663,candidate-measurement,003107,valid,12551,0,True,
2,1,000002,1790181943.4610822,20673.3446722,3.1328912999997556,candidate-measurement,003107,valid,12551,0,True,
2,1,000002,1790181943.6690786,20673.5526685,3.340887599999405,candidate-measurement,003107,valid,12551,0,True,
2,1,000002,1790181943.861084,20673.7446724,3.5328914999990957,candidate-measurement,003107,valid,12551,0,True,
2,1,000002,1790181944.0524929,20673.9360808,3.724299899997277,candidate-measurement,003107,valid,12551,0,True,
2,1,000002,1790181944.244475,20674.1280659,3.916284999999334,candidate-measurement,003107,valid,12551,0,True,
2,1,000002,1790181944.4520493,20674.3356403,4.123859399998764,candidate-measurement,003107,valid,12551,0,True,
2,1,000002,1790181944.6440473,20674.5276356,4.315854699998454,candidate-measurement,003107,valid,12551,0,True,
2,1,000002,1790181944.8360405,20674.7196306,4.507849699999497,candidate-measurement,003106,valid,12550,-1,True,
2,1,000002,1790181945.0440369,20674.9276252,4.715844300000754,candidate-measurement,003106,valid,12550,0,True,
2,1,000002,1790181945.2354467,20675.1190348,4.907253899997158,candidate-measurement,003106,valid,12550,0,True,
2,1,000002,1790181945.427438,20675.3110289,5.099247999998624,candidate-measurement,003106,valid,12550,0,True,
2,1,000002,1790181945.6350133,20675.5186027,5.306821800000762,candidate-measurement,003106,valid,12550,0,True,
2,1,000002,1790181945.827007,20675.7105979,5.49881699999969,candidate-measurement,003106,valid,12550,0,True,
2,1,000002,1790181946.0190103,20675.902599,5.690818099999888,candidate-measurement,003106,valid,12550,0,True,
2,1,000002,1790181946.210415,20676.0940046,5.882223699998576,candidate-measurement,003106,valid,12550,0,True,
2,1,000002,1790181946.4184074,20676.3019973,6.0902163999999175,candidate-measurement,003106,valid,12550,0,True,
2,1,000002,1790181946.6099844,20676.4935746,6.28179369999998,candidate-measurement,003106,valid,12550,0,True,
2,1,000002,1790181946.8019683,20676.6855594,6.473778499999753,candidate-measurement,003106,valid,12550,0,True,
2,1,000002,1790181947.0093944,20676.892982,6.68120110000018,candidate-measurement,003106,valid,12550,0,True,
2,1,000002,1790181947.2013829,20677.0849705,6.873189599999023,candidate-measurement,003106,valid,12550,0,True,
2,1,000002,1790181947.39296,20677.2765499,7.064769000000524,candidate-measurement,003106,valid,12550,0,True,
2,1,000002,1790181947.60095,20677.4845398,7.272758899998735,candidate-measurement,003106,valid,12550,0,True,
2,1,000002,1790181947.7929413,20677.6765323,7.4647513999989314,candidate-measurement,003106,valid,12550,0,True,
2,1,000002,1790181947.9849606,20677.8685503,7.656769400000485,candidate-measurement,003106,valid,12550,0,True,
2,1,000002,1790181948.1763642,20678.0599525,7.84817159999875,candidate-measurement,003106,valid,12550,0,True,
3,1,000003,1790181950.6378658,20680.521451,0.1919927999988431,candidate-measurement,003106,valid,12550,0,True,
3,1,000003,1790181950.829852,20680.7134406,0.3839823999987857,candidate-measurement,003106,valid,12550,0,True,
3,1,000003,1790181951.0372608,20680.9208491,0.5913908999973501,candidate-measurement,003106,valid,12550,0,True,
3,1,000003,1790181951.2292566,20681.1128441,0.7833858999983931,candidate-measurement,003106,valid,12550,0,True,
3,1,000003,1790181951.4208279,20681.3044163,0.9749580999996397,candidate-measurement,003106,valid,12550,0,True,
3,1,000003,1790181951.6128168,20681.4964062,1.1669479999982286,candidate-measurement,003106,valid,12550,0,True,
3,1,000003,1790181951.804231,20681.6878212,1.3583629999993718,candidate-measurement,003106,valid,12550,0,True,
3,1,000003,1790181951.9962358,20681.8798242,1.5503659999994852,candidate-measurement,003106,valid,12550,0,True,
3,1,000003,1790181952.1878011,20682.0713903,1.741932099997939,candidate-measurement,003106,valid,12550,0,True,
3,1,000003,1790181952.3798,20682.2633893,1.9339310999966983,candidate-measurement,003106,valid,12550,0,True,
3,1,000003,1790181952.571804,20682.4553925,2.1259342999983346,candidate-measurement,003106,valid,12550,0,True,
3,1,000003,1790181952.7632022,20682.6467906,2.317332399998122,candidate-measurement,003106,valid,12550,0,True,
3,1,000003,1790181952.9552035,20682.8387921,2.5093338999977277,candidate-measurement,003106,valid,12550,0,True,
3,1,000003,1790181953.1467726,20683.030361,2.7009027999993123,candidate-measurement,003106,valid,12550,0,True,
3,1,000003,1790181953.3387728,20683.2223609,2.8929026999976486,candidate-measurement,003106,valid,12550,0,True,
3,1,000003,1790181953.5467575,20683.4303479,3.100889699999243,candidate-measurement,003106,valid,12550,0,True,
3,1,000003,1790181953.7381678,20683.6217584,3.292300199998863,candidate-measurement,003106,valid,12550,0,True,
3,1,000003,1790181953.9301817,20683.8137726,3.484314399996947,candidate-measurement,003106,valid,12550,0,True,
3,1,000003,1790181954.1381595,20684.0217486,3.6922903999984555,candidate-measurement,003106,valid,12550,0,True,
3,1,000003,1790181954.3297348,20684.2133262,3.8838679999971646,candidate-measurement,003105,valid,12549,-1,True,
3,1,000003,1790181954.521721,20684.4053117,4.07585349999863,candidate-measurement,003105,valid,12549,0,True,
3,1,000003,1790181954.7137253,20684.5973148,4.267856599999504,candidate-measurement,003103,valid,12547,-2,True,
3,1,000003,1790181954.9211376,20684.8047265,4.475268299996969,candidate-measurement,0030FE,valid,12542,-5,True,
3,1,000003,1790181955.1131327,20684.996722,4.667263799998182,candidate-measurement,0030FB,valid,12539,-3,True,
3,1,000003,1790181955.304702,20685.18829,4.858831799996551,candidate-measurement,0030FB,valid,12539,0,True,
3,1,000003,1790181955.5126839,20685.3962752,5.066816999998991,candidate-measurement,0030FB,valid,12539,0,True,
3,1,000003,1790181955.7046862,20685.588276,5.258817799996905,candidate-measurement,0030FA,valid,12538,-1,True,
3,1,000003,1790181955.8961024,20685.7796937,5.450235499996779,candidate-measurement,0030F9,valid,12537,-1,True,
3,1,000003,1790181956.1040976,20685.9876855,5.6582272999985435,candidate-measurement,0030F7,valid,12535,-2,True,
3,1,000003,1790181956.2961,20686.1796883,5.850230099997134,candidate-measurement,0030F6,valid,12534,-1,True,
3,1,000003,1790181956.4876676,20686.3712568,6.041798599999311,candidate-measurement,0030F5,valid,12533,-1,True,
3,1,000003,1790181956.6796522,20686.5632408,6.23378259999663,candidate-measurement,0030F5,valid,12533,0,True,
3,1,000003,1790181956.887069,20686.7706601,6.441201899997395,candidate-measurement,0030F5,valid,12533,0,True,
3,1,000003,1790181957.0790696,20686.9626589,6.63320069999827,candidate-measurement,0030F5,valid,12533,0,True,
3,1,000003,1790181957.2706397,20687.1542275,6.82476929999757,candidate-measurement,0030F5,valid,12533,0,True,
3,1,000003,1790181957.4786315,20687.3622204,7.032762199996796,candidate-measurement,0030F5,valid,12533,0,True,
3,1,000003,1790181957.6706417,20687.554233,7.224774799997249,candidate-measurement,0030F5,valid,12533,0,True,
3,1,000003,1790181957.862039,20687.7456299,7.416171699998813,candidate-measurement,0030F5,valid,12533,0,True,
3,1,000003,1790181958.07003,20687.9536186,7.6241603999988,candidate-measurement,0030F5,valid,12533,0,True,
3,1,000003,1790181958.2616117,20688.145201,7.815742799997679,candidate-measurement,0030F5,valid,12533,0,True,
3,1,000003,1790181958.4535995,20688.3371906,8.007732399997622,candidate-measurement,0030F5,valid,12533,0,True,
4,1,000004,1790181960.7865787,20690.6701665,0.20761190000121132,candidate-measurement,0030F5,valid,12533,0,True,
4,1,000004,1790181960.9785361,20690.8621242,0.39956960000199615,candidate-measurement,0030F5,valid,12533,0,True,
4,1,000004,1790181961.1705177,20691.0541058,0.5915512000028684,candidate-measurement,0030F5,valid,12533,0,True,
4,1,000004,1790181961.3785086,20691.2620958,0.7995412000018405,candidate-measurement,0030F5,valid,12533,0,True,
4,1,000004,1790181961.5699215,20691.4535101,0.9909555000012915,candidate-measurement,0030F5,valid,12533,0,True,
4,1,000004,1790181961.7619112,20691.6455022,1.1829476000020804,candidate-measurement,0030F5,valid,12533,0,True,
4,1,000004,1790181961.9694963,20691.8530851,1.3905305000007502,candidate-measurement,0030F5,valid,12533,0,True,
4,1,000004,1790181962.1614783,20692.0450675,1.582512900000438,candidate-measurement,0030F5,valid,12533,0,True,
4,1,000004,1790181962.3534813,20692.237069,1.7745144000000437,candidate-measurement,0030F5,valid,12533,0,True,
4,1,000004,1790181962.5448859,20692.4284741,1.965919500002201,candidate-measurement,0030F5,valid,12533,0,True,
4,1,000004,1790181962.7524805,20692.6360707,2.173516099999688,candidate-measurement,0030F5,valid,12533,0,True,
4,1,000004,1790181962.944454,20692.8280433,2.3654887000011513,candidate-measurement,0030F5,valid,12533,0,True,
4,1,000004,1790181963.1364534,20693.0200424,2.557487800000672,candidate-measurement,0030F5,valid,12533,0,True,
4,1,000004,1790181963.3444347,20693.2280229,2.765468300000066,candidate-measurement,0030F5,valid,12533,0,True,
4,1,000004,1790181963.5358603,20693.4194449,2.956890299999941,candidate-measurement,0030F5,valid,12533,0,True,
4,1,000004,1790181963.7278464,20693.6114377,3.148883100002422,candidate-measurement,0030F5,valid,12533,0,True,
4,1,000004,1790181963.919849,20693.8034379,3.3408832999994047,candidate-measurement,0030F3,valid,12531,-2,True,
4,1,000004,1790181964.1114223,20693.9950104,3.5324558000029356,candidate-measurement,0030F3,valid,12531,0,True,
4,1,000004,1790181964.3034163,20694.1870056,3.7244510000018636,candidate-measurement,0030F3,valid,12531,0,True,
4,1,000004,1790181964.4954047,20694.3789955,3.9164409000004525,candidate-measurement,0030F3,valid,12531,0,True,
4,1,000004,1790181964.6873922,20694.5709834,4.108428800002002,candidate-measurement,0030F3,valid,12531,0,True,
4,1,000004,1790181964.8788142,20694.7624023,4.2998477000001,candidate-measurement,0030F3,valid,12531,0,True,
4,1,000004,1790181965.0708086,20694.9543975,4.491842900002666,candidate-measurement,0030F3,valid,12531,0,True,
4,1,000004,1790181965.2628014,20695.1463891,4.683834499999648,candidate-measurement,0030F3,valid,12531,0,True,
4,1,000004,1790181965.454372,20695.33796,4.87540540000191,candidate-measurement,0030F3,valid,12531,0,True,
4,1,000004,1790181965.646366,20695.529957,5.067402399999992,candidate-measurement,0030F3,valid,12531,0,True,
4,1,000004,1790181965.8383622,20695.7219515,5.259396900000866,candidate-measurement,0030F3,valid,12531,0,True,
4,1,000004,1790181966.0303738,20695.9139634,5.451408799999626,candidate-measurement,0030F3,valid,12531,0,True,
4,1,000004,1790181966.2217746,20696.1053637,5.642809100001614,candidate-measurement,0030F3,valid,12531,0,True,
4,1,000004,1790181966.4137619,20696.2973526,5.834797999999864,candidate-measurement,0030F3,valid,12531,0,True,
4,1,000004,1790181966.6053421,20696.4889318,6.026377199999843,candidate-measurement,0030F3,valid,12531,0,True,
4,1,000004,1790181966.7973292,20696.6809206,6.2183660000009695,candidate-measurement,0030F3,valid,12531,0,True,
4,1,000004,1790181966.9887507,20696.8723401,6.409785499999998,candidate-measurement,0030F3,valid,12531,0,True,
4,1,000004,1790181967.1807518,20697.0643398,6.6017852000004495,candidate-measurement,0030F3,valid,12531,0,True,
4,1,000004,1790181967.3727527,20697.2563412,6.793786600002932,candidate-measurement,0030F3,valid,12531,0,True,
4,1,000004,1790181967.5643075,20697.4478957,6.985341100000369,candidate-measurement,0030F3,valid,12531,0,True,
4,1,000004,1790181967.7563004,20697.6398914,7.177336799999466,candidate-measurement,0030F3,valid,12531,0,True,
4,1,000004,1790181967.9637127,20697.8473019,7.384747300002346,candidate-measurement,0030F3,valid,12531,0,True,
4,1,000004,1790181968.1557102,20698.0392994,7.576744800000597,candidate-measurement,0030F3,valid,12531,0,True,
4,1,000004,1790181968.3477085,20698.2312967,7.7687421000009635,candidate-measurement,0030F3,valid,12531,0,True,
4,1,000004,1790181968.5552745,20698.4388649,7.976310300000478,candidate-measurement,0030F3,valid,12531,0,True,
5,1,000005,1790181970.8891983,20700.7727867,0.19198369999867282,candidate-measurement,0030F3,valid,12531,0,True,
5,1,000005,1790181971.0811992,20700.9647876,0.38398460000098567,candidate-measurement,0030F3,valid,12531,0,True,
5,1,000005,1790181971.2726114,20701.1561995,0.5753965000003518,candidate-measurement,0030F1,valid,12529,-2,True,
5,1,000005,1790181971.4646025,20701.3481906,0.7673876000008022,candidate-measurement,0030EC,valid,12524,-5,True,
5,1,000005,1790181971.6566064,20701.5401949,0.9593918999999005,candidate-measurement,0030E3,valid,12515,-9,True,
5,1,000005,1790181971.8481705,20701.7317614,1.1509583999977622,candidate-measurement,0030E0,valid,12512,-3,True,
5,1,000005,1790181972.0401673,20701.923756,1.3429529999993974,candidate-measurement,0030DE,valid,12510,-2,True,
5,1,000005,1790181972.2321603,20702.1157486,1.5349456000003556,candidate-measurement,0030DE,valid,12510,0,True,
5,1,000005,1790181972.4235747,20702.3071645,1.726361500001076,candidate-measurement,0030DC,valid,12508,-2,True,
5,1,000005,1790181972.6315668,20702.5151533,1.9343502999981865,candidate-measurement,0030DB,valid,12507,-1,True,
5,1,000005,1790181972.823131,20702.7067229,2.1259198999978253,candidate-measurement,0030DA,valid,12506,-1,True,
5,1,000005,1790181973.0151372,20702.8987258,2.317922800000815,candidate-measurement,0030D9,valid,12505,-1,True,
5,1,000005,1790181973.2231283,20703.1067166,2.525913599998603,candidate-measurement,0030D7,valid,12503,-2,True,
5,1,000005,1790181973.4151318,20703.2987202,2.717917199999647,candidate-measurement,0030D7,valid,12503,0,True,
5,1,000005,1790181973.606535,20703.4901258,2.9093227999983355,candidate-measurement,0030D7,valid,12503,0,True,
5,1,000005,1790181973.8141108,20703.6976986,3.1168956000001344,candidate-measurement,0030D7,valid,12503,0,True,
5,1,000005,1790181974.0061045,20703.8896944,3.308891399999993,candidate-measurement,0030D7,valid,12503,0,True,
5,1,000005,1790181974.1980946,20704.0816833,3.5008802999982436,candidate-measurement,0030D7,valid,12503,0,True,
5,1,000005,1790181974.3895059,20704.2730951,3.6922921000004862,candidate-measurement,0030D7,valid,12503,0,True,
5,1,000005,1790181974.597502,20704.4810893,3.9002862999986974,candidate-measurement,0030D7,valid,12503,0,True,
5,1,000005,1790181974.789071,20704.6726623,4.0918592999987595,candidate-measurement,0030D7,valid,12503,0,True,
5,1,000005,1790181974.9810734,20704.8646622,4.283859200000734,candidate-measurement,0030D7,valid,12503,0,True,
5,1,000005,1790181975.1890752,20705.0726631,4.49186009999903,candidate-measurement,0030D7,valid,12503,0,True,
5,1,000005,1790181975.3804765,20705.2640658,4.683262799997465,candidate-measurement,0030D7,valid,12503,0,True,
5,1,000005,1790181975.5724647,20705.4560556,4.87525259999893,candidate-measurement,0030D7,valid,12503,0,True,
5,1,000005,1790181975.780466,20705.6640569,5.0832539000002726,candidate-measurement,0030D6,valid,12502,-1,True,
5,1,000005,1790181975.9720402,20705.8556294,5.2748264000001654,candidate-measurement,0030D5,valid,12501,-1,True,
5,1,000005,1790181976.1640365,20706.0476246,5.4668215999990935,candidate-measurement,0030D5,valid,12501,0,True,
5,1,000005,1790181976.3560228,20706.2396109,5.658807899999374,candidate-measurement,0030D3,valid,12499,-2,True,
5,1,000005,1790181976.5634248,20706.447016,5.866212999997515,candidate-measurement,0030D2,valid,12498,-1,True,
5,1,000005,1790181976.755427,20706.6390173,6.058214299999236,candidate-measurement,0030D1,valid,12497,-1,True,
5,1,000005,1790181976.9470043,20706.8305951,6.249792099999468,candidate-measurement,0030D1,valid,12497,0,True,
5,1,000005,1790181977.1549923,20707.0385825,6.45777950000047,candidate-measurement,0030D0,valid,12496,-1,True,
5,1,000005,1790181977.3469937,20707.2305843,6.649781299998722,candidate-measurement,0030D0,valid,12496,0,True,
5,1,000005,1790181977.5389988,20707.4225901,6.841787099998328,candidate-measurement,0030D0,valid,12496,0,True,
5,1,000005,1790181977.74639,20707.6299802,7.049177199998667,candidate-measurement,0030D0,valid,12496,0,True,
5,1,000005,1790181977.9383967,20707.8219869,7.24118389999785,candidate-measurement,0030D0,valid,12496,0,True,
5,1,000005,1790181978.1299758,20708.0135643,7.432761299998674,candidate-measurement,0030D0,valid,12496,0,True,
5,1,000005,1790181978.3219602,20708.2055491,7.624746099998447,candidate-measurement,0030D0,valid,12496,0,True,
5,1,000005,1790181978.5299563,20708.4135448,7.832741800000804,candidate-measurement,0030D0,valid,12496,0,True,
6,1,000006,1790181981.0228941,20710.9064818,0.20758660000137752,candidate-measurement,0030D0,valid,12496,0,True,
6,1,000006,1790181981.2148995,20711.0984866,0.3995914000006451,candidate-measurement,0030CF,valid,12495,-1,True,
6,1,000006,1790181981.4068618,20711.2904511,0.5915559000022768,candidate-measurement,0030CF,valid,12495,0,True,
6,1,000006,1790181981.5982797,20711.4818681,0.782972900000459,candidate-measurement,0030CF,valid,12495,0,True,
6,1,000006,1790181981.790276,20711.6738636,0.9749684000016714,candidate-measurement,0030CF,valid,12495,0,True,
6,1,000006,1790181981.9818492,20711.8654383,1.1665431000001263,candidate-measurement,0030CE,valid,12494,-1,True,
6,1,000006,1790181982.1738415,20712.05743,1.3585348000015074,candidate-measurement,0030CE,valid,12494,0,True,
6,1,000006,1790181982.365258,20712.2488461,1.5499509000001126,candidate-measurement,0030CD,valid,12493,-1,True,
6,1,000006,1790181982.5572448,20712.4408336,1.7419384000022546,candidate-measurement,0030CD,valid,12493,0,True,
6,1,000006,1790181982.7492402,20712.6328285,1.9339333000025363,candidate-measurement,0030CD,valid,12493,0,True,
6,1,000006,1790181982.940819,20712.8244073,2.1255120999994688,candidate-measurement,0030CD,valid,12493,0,True,
6,1,000006,1790181983.1328175,20713.0164059,2.317510700002458,candidate-measurement,0030CD,valid,12493,0,True,
6,1,000006,1790181983.3248005,20713.2083894,2.509494199999608,candidate-measurement,0030CD,valid,12493,0,True,
6,1,000006,1790181983.5168004,20713.4003883,2.701493100001244,candidate-measurement,0030CD,valid,12493,0,True,
6,1,000006,1790181983.7082238,20713.5918119,2.892916700002388,candidate-measurement,0030CD,valid,12493,0,True,
6,1,000006,1790181983.9002054,20713.7837938,3.0848986000019067,candidate-measurement,0030CD,valid,12493,0,True,
6,1,000006,1790181984.0921993,20713.9757881,3.2768929000012577,candidate-measurement,0030CD,valid,12493,0,True,
6,1,000006,1790181984.2837777,20714.1673654,3.4684702000013203,candidate-measurement,0030CD,valid,12493,0,True,
6,1,000006,1790181984.4757636,20714.359352,3.6604568000002473,candidate-measurement,0030CD,valid,12493,0,True,
6,1,000006,1790181984.6677623,20714.5513506,3.8524553999995987,candidate-measurement,0030CD,valid,12493,0,True,
6,1,000006,1790181984.8597486,20714.7433386,4.04444340000191,candidate-measurement,0030CC,valid,12492,-1,True,
6,1,000006,1790181985.067162,20714.9507507,4.251855500002421,candidate-measurement,0030CC,valid,12492,0,True,
6,1,000006,1790181985.2591574,20715.1427468,4.443851600000926,candidate-measurement,0030CC,valid,12492,0,True,
6,1,000006,1790181985.4507313,20715.3343198,4.635424600000988,candidate-measurement,0030CB,valid,12491,-1,True,
6,1,000006,1790181985.6587286,20715.5423182,4.843423000002076,candidate-measurement,0030CA,valid,12490,-1,True,
6,1,000006,1790181985.8507211,20715.7343112,5.035416000002442,candidate-measurement,0030C9,valid,12489,-1,True,
6,1,000006,1790181986.0427163,20715.9263043,5.227409099999932,candidate-measurement,0030C9,valid,12489,0,True,
6,1,000006,1790181986.2341275,20716.1177151,5.418819900001836,candidate-measurement,0030C8,valid,12488,-1,True,
6,1,000006,1790181986.4417446,20716.3253326,5.6264374000020325,candidate-measurement,0030C7,valid,12487,-1,True,
6,1,000006,1790181986.6336887,20716.5172777,5.818382500001462,candidate-measurement,0030C6,valid,12486,-1,True,
6,1,000006,1790181986.8256888,20716.7092772,6.010382000000391,candidate-measurement,0030C6,valid,12486,0,True,
6,1,000006,1790181987.0331185,20716.916707,6.217811800001073,candidate-measurement,0030C6,valid,12486,0,True,
6,1,000006,1790181987.2250962,20717.1086861,6.409790900001099,candidate-measurement,0030C6,valid,12486,0,True,
6,1,000006,1790181987.4166687,20717.3002569,6.601361699998961,candidate-measurement,0030C5,valid,12485,-1,True,
6,1,000006,1790181987.6246626,20717.5082518,6.809356600002502,candidate-measurement,0030C5,valid,12485,0,True,
6,1,000006,1790181987.8166554,20717.7002444,7.001349199999822,candidate-measurement,0030C5,valid,12485,0,True,
6,1,000006,1790181988.0080724,20717.8916617,7.192766500000289,candidate-measurement,0030C5,valid,12485,0,True,
6,1,000006,1790181988.2001317,20718.0837198,7.384824600001593,candidate-measurement,0030C5,valid,12485,0,True,
6,1,000006,1790181988.4076557,20718.2912455,7.5923503000012715,candidate-measurement,0030C5,valid,12485,0,True,
6,1,000006,1790181988.599628,20718.4832168,7.784321600000112,candidate-measurement,0030C5,valid,12485,0,True,
6,1,000006,1790181988.7916212,20718.6752124,7.976317200002086,candidate-measurement,0030C5,valid,12485,0,True,
7,1,000007,1790181991.1249738,20721.0085616,0.19198509999841917,candidate-measurement,0030C5,valid,12485,0,True,
7,1,000007,1790181991.3165426,20721.2001308,0.3835542999986501,candidate-measurement,0030C5,valid,12485,0,True,
7,1,000007,1790181991.5085363,20721.3921257,0.5755491999989317,candidate-measurement,0030C5,valid,12485,0,True,
7,1,000007,1790181991.7005298,20721.5841194,0.7675428999973519,candidate-measurement,0030C5,valid,12485,0,True,
7,1,000007,1790181991.891943,20721.7755324,0.958955899997818,candidate-measurement,0030C5,valid,12485,0,True,
7,1,000007,1790181992.0839405,20721.9675283,1.1509517999984382,candidate-measurement,0030C5,valid,12485,0,True,
7,1,000007,1790181992.291516,20722.1751045,1.3585279999970226,candidate-measurement,0030C5,valid,12485,0,True,
7,1,000007,1790181992.4835062,20722.3670941,1.5505175999969651,candidate-measurement,0030C5,valid,12485,0,True,
7,1,000007,1790181992.6755264,20722.5591134,1.7425368999975035,candidate-measurement,0030C5,valid,12485,0,True,
7,1,000007,1790181992.8834937,20722.7670811,1.9505045999976574,candidate-measurement,0030C5,valid,12485,0,True,
7,1,000007,1790181993.0749102,20722.9584985,2.1419219999988854,candidate-measurement,0030C5,valid,12485,0,True,
7,1,000007,1790181993.2664785,20723.1500668,2.3334902999995393,candidate-measurement,0030C5,valid,12485,0,True,
7,1,000007,1790181993.474471,20723.3580608,2.5414842999998655,candidate-measurement,0030C3,valid,12483,-2,True,
7,1,000007,1790181993.6664684,20723.5500566,2.733480099999724,candidate-measurement,0030C3,valid,12483,0,True,
7,1,000007,1790181993.857876,20723.7414649,2.924888399997144,candidate-measurement,0030C3,valid,12483,0,True,
7,1,000007,1790181994.0498803,20723.9334685,3.116891999998188,candidate-measurement,0030C3,valid,12483,0,True,
7,1,000007,1790181994.2574518,20724.1410402,3.324463699998887,candidate-measurement,0030C1,valid,12481,-2,True,
7,1,000007,1790181994.4494445,20724.3330326,3.5164560999983223,candidate-measurement,0030C0,valid,12480,-1,True,
7,1,000007,1790181994.6414363,20724.5250257,3.7084491999994498,candidate-measurement,0030BF,valid,12479,-1,True,
7,1,000007,1790181994.8488524,20724.7324409,3.9158643999980995,candidate-measurement,0030BE,valid,12478,-1,True,
7,1,000007,1790181995.040842,20724.9244313,4.107854800000496,candidate-measurement,0030BE,valid,12478,0,True,
7,1,000007,1790181995.2324257,20725.1160138,4.299437300000136,candidate-measurement,0030BE,valid,12478,0,True,
7,1,000007,1790181995.4404163,20725.3240063,4.507429799999954,candidate-measurement,0030BE,valid,12478,0,True,
7,1,000007,1790181995.6324022,20725.5159928,4.69941629999812,candidate-measurement,0030BD,valid,12477,-1,True,
7,1,000007,1790181995.8238208,20725.7074092,4.8908326999990095,candidate-measurement,0030BC,valid,12476,-1,True,
7,1,000007,1790181996.0158176,20725.8994064,5.082829899998615,candidate-measurement,0030BB,valid,12475,-1,True,
7,1,000007,1790181996.2233884,20726.1069759,5.2903993999971135,candidate-measurement,0030BB,valid,12475,0,True,
7,1,000007,1790181996.4153702,20726.2989605,5.482383999999001,candidate-measurement,0030BB,valid,12475,0,True,
7,1,000007,1790181996.6073728,20726.4909612,5.674384699999791,candidate-measurement,0030BB,valid,12475,0,True,
7,1,000007,1790181996.814785,20726.6983751,5.881798599999456,candidate-measurement,0030BB,valid,12475,0,True,
7,1,000007,1790181997.006778,20726.8903664,6.0737898999977915,candidate-measurement,0030BB,valid,12475,0,True,
7,1,000007,1790181997.1983528,20727.0819432,6.265366699997685,candidate-measurement,0030BB,valid,12475,0,True,
7,1,000007,1790181997.406344,20727.2899341,6.473357599999872,candidate-measurement,0030BB,valid,12475,0,True,
7,1,000007,1790181997.5983384,20727.4819293,6.6653527999988,candidate-measurement,0030BB,valid,12475,0,True,
7,1,000007,1790181997.7897584,20727.6733477,6.856771200000367,candidate-measurement,0030BB,valid,12475,0,True,
7,1,000007,1790181997.9817495,20727.8653394,7.04876289999811,candidate-measurement,0030BB,valid,12475,0,True,
7,1,000007,1790181998.189335,20728.0729223,7.2563458000004175,candidate-measurement,0030BB,valid,12475,0,True,
7,1,000007,1790181998.3813348,20728.2649231,7.448346599998331,candidate-measurement,0030BB,valid,12475,0,True,
7,1,000007,1790181998.5733106,20728.4568984,7.640321899998526,candidate-measurement,0030BB,valid,12475,0,True,
7,1,000007,1790181998.7813058,20728.6648948,7.848318299998937,candidate-measurement,0030BB,valid,12475,0,True,
8,1,000008,1790182001.2426426,20731.1262312,0.19198899999901187,candidate-measurement,0030BB,valid,12475,0,True,
8,1,000008,1790182001.434644,20731.318232,0.38398980000056326,candidate-measurement,0030BB,valid,12475,0,True,
8,1,000008,1790182001.6262116,20731.5098024,0.5755601999990176,candidate-measurement,0030BA,valid,12474,-1,True,
8,1,000008,1790182001.8182063,20731.7017962,0.7675539999981993,candidate-measurement,0030BA,valid,12474,0,True,
8,1,000008,1790182002.0101912,20731.8937795,0.9595372999974643,candidate-measurement,0030BA,valid,12474,0,True,
8,1,000008,1790182002.2021961,20732.0857842,1.1515419999996084,candidate-measurement,0030B9,valid,12473,-1,True,
8,1,000008,1790182002.3936014,20732.2771918,1.342949599998974,candidate-measurement,0030B9,valid,12473,0,True,
8,1,000008,1790182002.5855987,20732.4691886,1.5349463999991713,candidate-measurement,0030B8,valid,12472,-1,True,
8,1,000008,1790182002.7775936,20732.6611845,1.7269422999997914,candidate-measurement,0030B7,valid,12471,-1,True,
8,1,000008,1790182002.9691744,20732.8527631,1.918520899998839,candidate-measurement,0030B7,valid,12471,0,True,
8,1,000008,1790182003.161152,20733.0447416,2.1104993999979342,candidate-measurement,0030B7,valid,12471,0,True,
8,1,000008,1790182003.3525717,20733.236161,2.3019187999998394,candidate-measurement,0030B7,valid,12471,0,True,
8,1,000008,1790182003.544573,20733.4281633,2.4939210999982606,candidate-measurement,0030B6,valid,12470,-1,True,
8,1,000008,1790182003.7365625,20733.6201515,2.685909299998457,candidate-measurement,0030B5,valid,12469,-1,True,
8,1,000008,1790182003.928134,20733.8117238,2.877481600000465,candidate-measurement,0030B5,valid,12469,0,True,
8,1,000008,1790182004.1361494,20734.0197359,3.08549370000037,candidate-measurement,0030B5,valid,12469,0,True,
8,1,000008,1790182004.327549,20734.2111368,3.2768945999996504,candidate-measurement,0030B4,valid,12468,-1,True,
8,1,000008,1790182004.5195436,20734.4031317,3.468889499999932,candidate-measurement,0030B4,valid,12468,0,True,
8,1,000008,1790182004.7271125,20734.6107011,3.6764588999976695,candidate-measurement,0030B4,valid,12468,0,True,
8,1,000008,1790182004.9191077,20734.8026974,3.8684551999976975,candidate-measurement,0030B4,valid,12468,0,True,
8,1,000008,1790182005.1111038,20734.9946915,4.0604492999991635,candidate-measurement,0030B4,valid,12468,0,True,
8,1,000008,1790182005.3185139,20735.2021041,4.2678618999998434,candidate-measurement,0030B4,valid,12468,0,True,
8,1,000008,1790182005.5105076,20735.3940964,4.459854199998517,candidate-measurement,0030B3,valid,12467,-1,True,
8,1,000008,1790182005.702503,20735.5860909,4.651848699999391,candidate-measurement,0030B3,valid,12467,0,True,
8,1,000008,1790182005.8940752,20735.777665,4.843422800000553,candidate-measurement,0030B3,valid,12467,0,True,
8,1,000008,1790182006.1020682,20735.9856568,5.0514145999986795,candidate-measurement,0030B3,valid,12467,0,True,
8,1,000008,1790182006.294069,20736.1776568,5.243414599997777,candidate-measurement,0030B3,valid,12467,0,True,
8,1,000008,1790182006.486056,20736.3696472,5.4354050000001735,candidate-measurement,0030B3,valid,12467,0,True,
8,1,000008,1790182006.6934657,20736.5770559,5.642813700000261,candidate-measurement,0030B3,valid,12467,0,True,
8,1,000008,1790182006.88504,20736.7686308,5.8343886000002385,candidate-measurement,0030B3,valid,12467,0,True,
8,1,000008,1790182007.077039,20736.9606272,6.02638499999739,candidate-measurement,0030B3,valid,12467,0,True,
8,1,000008,1790182007.2850251,20737.1686158,6.234373600000254,candidate-measurement,0030B3,valid,12467,0,True,
8,1,000008,1790182007.4770212,20737.3606127,6.426370499997574,candidate-measurement,0030B3,valid,12467,0,True,
8,1,000008,1790182007.6684313,20737.5520213,6.6177791000009165,candidate-measurement,0030B3,valid,12467,0,True,
8,1,000008,1790182007.8604429,20737.7440322,6.809789999999339,candidate-measurement,0030B3,valid,12467,0,True,
8,1,000008,1790182008.0680087,20737.9515973,7.017355100000714,candidate-measurement,0030B3,valid,12467,0,True,
8,1,000008,1790182008.2600002,20738.1435884,7.209346199997526,candidate-measurement,0030B3,valid,12467,0,True,
8,1,000008,1790182008.4519892,20738.3355797,7.401337499999499,candidate-measurement,0030B3,valid,12467,0,True,
8,1,000008,1790182008.6594012,20738.5429921,7.6087498999986565,candidate-measurement,0030B3,valid,12467,0,True,
8,1,000008,1790182008.8513968,20738.7349865,7.800744299998769,candidate-measurement,0030B3,valid,12467,0,True,
8,1,000008,1790182009.0429919,20738.9265804,7.992338199997903,candidate-measurement,0030B3,valid,12467,0,True,
9,1,000009,1790182011.376896,20741.2604839,0.20798970000032568,candidate-measurement,0030B3,valid,12467,0,True,
9,1,000009,1790182011.5688844,20741.4524735,0.39997930000026827,candidate-measurement,0030B3,valid,12467,0,True,
9,1,000009,1790182011.7603014,20741.6438923,0.5913980999976047,candidate-measurement,0030B3,valid,12467,0,True,
9,1,000009,1790182011.952307,20741.8358955,0.783401299999241,candidate-measurement,0030B3,valid,12467,0,True,
9,1,000009,1790182012.14388,20742.0274675,0.9749732999989646,candidate-measurement,0030B3,valid,12467,0,True,
9,1,000009,1790182012.3358665,20742.2194545,1.1669602999972994,candidate-measurement,0030B3,valid,12467,0,True,
9,1,000009,1790182012.5438602,20742.4274502,1.3749559999996563,candidate-measurement,0030B3,valid,12467,0,True,
9,1,000009,1790182012.7358646,20742.6194555,1.5669612999990932,candidate-measurement,0030B3,valid,12467,0,True,
9,1,000009,1790182012.9272797,20742.8108672,1.7583730000005744,candidate-measurement,0030B3,valid,12467,0,True,
9,1,000009,1790182013.1192617,20743.0028514,1.9503571999994165,candidate-measurement,0030B3,valid,12467,0,True,
9,1,000009,1790182013.3268378,20743.2104281,2.15793389999817,candidate-measurement,0030B3,valid,12467,0,True,
9,1,000009,1790182013.5188353,20743.4024241,2.3499298999995517,candidate-measurement,0030B3,valid,12467,0,True,
9,1,000009,1790182013.7108207,20743.594411,2.541916799997125,candidate-measurement,0030B3,valid,12467,0,True,
9,1,000009,1790182013.9182365,20743.8018253,2.7493310999998357,candidate-measurement,0030B3,valid,12467,0,True,
9,1,000009,1790182014.110233,20743.9938213,2.9413270999975794,candidate-measurement,0030B3,valid,12467,0,True,
9,1,000009,1790182014.301807,20744.1853945,3.1329002999991644,candidate-measurement,0030B3,valid,12467,0,True,
9,1,000009,1790182014.509797,20744.3933864,3.340892199998052,candidate-measurement,0030B3,valid,12467,0,True,
9,1,000009,1790182014.7012124,20744.5848016,3.532307400000718,candidate-measurement,0030B3,valid,12467,0,True,
9,1,000009,1790182014.8932166,20744.7768054,3.724311199999647,candidate-measurement,0030B3,valid,12467,0,True,
9,1,000009,1790182015.0851984,20744.968787,3.9162928000005195,candidate-measurement,0030B3,valid,12467,0,True,
9,1,000009,1790182015.292775,20745.1763644,4.123870199997327,candidate-measurement,0030B2,valid,12466,-1,True,
9,1,000009,1790182015.4847667,20745.3683562,4.31586199999947,candidate-measurement,0030B2,valid,12466,0,True,
9,1,000009,1790182015.6767576,20745.5603476,4.507853399998567,candidate-measurement,0030B2,valid,12466,0,True,
9,1,000009,1790182015.8841677,20745.7677584,4.715264200000092,candidate-measurement,0030B2,valid,12466,0,True,
9,1,000009,1790182016.076166,20745.959755,4.907260799998767,candidate-measurement,0030B2,valid,12466,0,True,
9,1,000009,1790182016.2681625,20746.1517509,5.099256699999387,candidate-measurement,0030B2,valid,12466,0,True,
9,1,000009,1790182016.4757316,20746.3593207,5.30682650000017,candidate-measurement,0030B2,valid,12466,0,True,
9,1,000009,1790182016.667722,20746.5513124,5.498818199997913,candidate-measurement,0030B1,valid,12465,-1,True,
9,1,000009,1790182016.8591375,20746.7427291,5.690234899997449,candidate-measurement,0030B1,valid,12465,0,True,
9,1,000009,1790182017.051133,20746.9347214,5.882227199999761,candidate-measurement,0030AF,valid,12463,-2,True,
9,1,000009,1790182017.2587144,20747.1423024,6.089808199998515,candidate-measurement,0030AF,valid,12463,0,True,
9,1,000009,1790182017.4507034,20747.3342937,6.2817995000004885,candidate-measurement,0030AE,valid,12462,-1,True,
9,1,000009,1790182017.6426954,20747.5262858,6.473791599997639,candidate-measurement,0030AE,valid,12462,0,True,
9,1,000009,1790182017.8501067,20747.7336979,6.68120369999815,candidate-measurement,0030AD,valid,12461,-1,True,
9,1,000009,1790182018.0421078,20747.9256958,6.873201599999447,candidate-measurement,0030AD,valid,12461,0,True,
9,1,000009,1790182018.233681,20748.1172693,7.064775099999679,candidate-measurement,0030AD,valid,12461,0,True,
9,1,000009,1790182018.4416592,20748.3252497,7.272755499998311,candidate-measurement,0030AD,valid,12461,0,True,
9,1,000009,1790182018.6330795,20748.5166706,7.464176400000724,candidate-measurement,0030AD,valid,12461,0,True,
9,1,000009,1790182018.8250911,20748.7086808,7.656186599997454,candidate-measurement,0030AD,valid,12461,0,True,
9,1,000009,1790182019.0171006,20748.9006869,7.848192699999345,candidate-measurement,0030AD,valid,12461,0,True,
10,1,00000A,1790182021.4785795,20751.3621675,0.19157869999980903,candidate-measurement,0030AD,valid,12461,0,True,
10,1,00000A,1790182021.6705687,20751.5541574,0.38356860000203596,candidate-measurement,0030AD,valid,12461,0,True,
10,1,00000A,1790182021.8785574,20751.7621478,0.5915590000004158,candidate-measurement,0030AD,valid,12461,0,True,
10,1,00000A,1790182022.069974,20751.9535624,0.7829735999985132,candidate-measurement,0030AD,valid,12461,0,True,
10,1,00000A,1790182022.2619739,20752.1455616,0.9749727999987954,candidate-measurement,0030AD,valid,12461,0,True,
10,1,00000A,1790182022.4535425,20752.3371309,1.1665420999997878,candidate-measurement,0030AD,valid,12461,0,True,
10,1,00000A,1790182022.6455407,20752.5291285,1.3585396999988006,candidate-measurement,0030AD,valid,12461,0,True,
10,1,00000A,1790182022.8375325,20752.7211204,1.5505316000017046,candidate-measurement,0030AD,valid,12461,0,True,
10,1,00000A,1790182023.0295346,20752.9131223,1.742533500000718,candidate-measurement,0030AD,valid,12461,0,True,
10,1,00000A,1790182023.2209373,20753.1045259,1.9339370999987295,candidate-measurement,0030AD,valid,12461,0,True,
10,1,00000A,1790182023.4125168,20753.2961047,2.1255158999993,candidate-measurement,0030AD,valid,12461,0,True,
10,1,00000A,1790182023.604505,20753.4880939,2.317505099999835,candidate-measurement,0030AC,valid,12460,-1,True,
10,1,00000A,1790182023.7964895,20753.6800803,2.509491500000877,candidate-measurement,0030AC,valid,12460,0,True,
10,1,00000A,1790182023.9884937,20753.8720814,2.7014926000010746,candidate-measurement,0030AC,valid,12460,0,True,
10,1,00000A,1790182024.1799245,20754.0635121,2.892923300001712,candidate-measurement,0030AC,valid,12460,0,True,
10,1,00000A,1790182024.3879092,20754.2714973,3.1009085000005143,candidate-measurement,0030AC,valid,12460,0,True,
10,1,00000A,1790182024.5798929,20754.4634815,3.2928926999993564,candidate-measurement,0030AC,valid,12460,0,True,
10,1,00000A,1790182024.7714627,20754.6550521,3.4844632999993337,candidate-measurement,0030AC,valid,12460,0,True,
10,1,00000A,1790182024.9794555,20754.8630435,3.69245470000169,candidate-measurement,0030AC,valid,12460,0,True,
10,1,00000A,1790182025.1714578,20755.0550455,3.884456700001465,candidate-measurement,0030AC,valid,12460,0,True,
10,1,00000A,1790182025.3628664,20755.246456,4.075867200001085,candidate-measurement,0030AC,valid,12460,0,True,
10,1,00000A,1790182025.5548632,20755.4384521,4.26786329999959,candidate-measurement,0030AC,valid,12460,0,True,
10,1,00000A,1790182025.7624311,20755.646022,4.4754332000011345,candidate-measurement,0030AC,valid,12460,0,True,
10,1,00000A,1790182025.9544277,20755.8380165,4.667427700002008,candidate-measurement,0030AC,valid,12460,0,True,
10,1,00000A,1790182026.1464207,20756.0300084,4.859419600001274,candidate-measurement,0030AC,valid,12460,0,True,
10,1,00000A,1790182026.3538308,20756.237419,5.066830200001277,candidate-measurement,0030AC,valid,12460,0,True,
10,1,00000A,1790182026.5458338,20756.4294221,5.258833299998514,candidate-measurement,0030AC,valid,12460,0,True,
10,1,00000A,1790182026.7378292,20756.6214174,5.4508286000018416,candidate-measurement,0030AC,valid,12460,0,True,
10,1,00000A,1790182026.9454122,20756.829,5.658411200001865,candidate-measurement,0030AC,valid,12460,0,True,
10,1,00000A,1790182027.1373959,20757.0209843,5.8503955000014685,candidate-measurement,0030AC,valid,12460,0,True,
10,1,00000A,1790182027.3293989,20757.2129887,6.042399900001328,candidate-measurement,0030AC,valid,12460,0,True,
10,1,00000A,1790182027.5207968,20757.4043866,6.233797799999593,candidate-measurement,0030AC,valid,12460,0,True,
10,1,00000A,1790182027.7287834,20757.6123724,6.441783599999326,candidate-measurement,0030AC,valid,12460,0,True,
10,1,00000A,1790182027.9203773,20757.8039682,6.633379400002013,candidate-measurement,0030AC,valid,12460,0,True,
10,1,00000A,1790182028.112362,20757.9959502,6.8253613999986555,candidate-measurement,0030AC,valid,12460,0,True,
10,1,00000A,1790182028.3203554,20758.2039431,7.03335430000152,candidate-measurement,0030AC,valid,12460,0,True,
10,1,00000A,1790182028.5123475,20758.3959348,7.225345999999263,candidate-measurement,0030AC,valid,12460,0,True,
10,1,00000A,1790182028.7037625,20758.5873522,7.416763400000491,candidate-measurement,0030AC,valid,12460,0,True,
10,1,00000A,1790182028.9113286,20758.7949178,7.624329000002035,candidate-measurement,0030AC,valid,12460,0,True,
10,1,00000A,1790182029.1033266,20758.9869154,7.816326600001048,candidate-measurement,0030AC,valid,12460,0,True,
10,1,00000A,1790182029.295328,20759.1789162,8.008327399998961,candidate-measurement,0030AC,valid,12460,0,True,
11,1,00000B,1790182031.629246,20761.512834,0.20799629999964964,candidate-measurement,0030AC,valid,12460,0,True,
11,1,00000B,1790182031.8206646,20761.7042529,0.39941519999774755,candidate-measurement,0030AC,valid,12460,0,True,
11,1,00000B,1790182032.0126586,20761.8962476,0.5914099000001443,candidate-measurement,0030AC,valid,12460,0,True,
11,1,00000B,1790182032.2202744,20762.1038629,0.799025199998141,candidate-measurement,0030AC,valid,12460,0,True,
11,1,00000B,1790182032.4122257,20762.2958136,0.9909759000001941,candidate-measurement,0030AC,valid,12460,0,True,
11,1,00000B,1790182032.6042101,20762.4877997,1.1829619999989518,candidate-measurement,0030AC,valid,12460,0,True,
11,1,00000B,1790182032.8116248,20762.6952159,1.39037819999794,candidate-measurement,0030AC,valid,12460,0,True,
11,1,00000B,1790182033.0036178,20762.887207,1.5823692999983905,candidate-measurement,0030AB,valid,12459,-1,True,
11,1,00000B,1790182033.1956182,20763.0792062,1.7743684999986726,candidate-measurement,0030AB,valid,12459,0,True,
11,1,00000B,1790182033.3871875,20763.2707785,1.9659407999970426,candidate-measurement,0030A9,valid,12457,-2,True,
11,1,00000B,1790182033.5951831,20763.4787739,2.173936199997115,candidate-measurement,0030A4,valid,12452,-5,True,
11,1,00000B,1790182033.7871983,20763.6707896,2.365951899999345,candidate-measurement,0030A1,valid,12449,-3,True,
11,1,00000B,1790182033.9785972,20763.8621854,2.5573476999998093,candidate-measurement,0030A1,valid,12449,0,True,
11,1,00000B,1790182034.1865966,20764.070184,2.7653462999987823,candidate-measurement,0030A1,valid,12449,0,True,
11,1,00000B,1790182034.3781574,20764.2617473,2.9569095999977435,candidate-measurement,0030A1,valid,12449,0,True,
11,1,00000B,1790182034.5701532,20764.4537434,3.1489056999998866,candidate-measurement,0030A0,valid,12448,-1,True,
11,1,00000B,1790182034.7775621,20764.6611532,3.356315499997436,candidate-measurement,00309F,valid,12447,-1,True,
11,1,00000B,1790182034.9695566,20764.8531451,3.54830740000034,candidate-measurement,00309D,valid,12445,-2,True,
11,1,00000B,1790182035.1611362,20765.0447249,3.739887199997611,candidate-measurement,00309D,valid,12445,0,True,
11,1,00000B,1790182035.3531227,20765.2367137,3.931875999998738,candidate-measurement,00309C,valid,12444,-1,True,
11,1,00000B,1790182035.5611207,20765.4447109,4.1398731999979645,candidate-measurement,00309B,valid,12443,-1,True,
11,1,00000B,1790182035.7525325,20765.6361224,4.331284699997923,candidate-measurement,00309B,valid,12443,0,True,
11,1,00000B,1790182035.944531,20765.8281215,4.523283799997444,candidate-measurement,00309B,valid,12443,0,True,
11,1,00000B,1790182036.1521175,20766.0357066,4.730868899998313,candidate-measurement,00309B,valid,12443,0,True,
11,1,00000B,1790182036.3441012,20766.2276891,4.922851399998763,candidate-measurement,00309B,valid,12443,0,True,
11,1,00000B,1790182036.535506,20766.419095,5.1142572999997356,candidate-measurement,00309B,valid,12443,0,True,
11,1,00000B,1790182036.7434988,20766.6270895,5.322251800000231,candidate-measurement,00309B,valid,12443,0,True,
11,1,00000B,1790182036.9510708,20766.8346598,5.529822099997546,candidate-measurement,00309B,valid,12443,0,True,
11,1,00000B,1790182037.1430702,20767.0266595,5.721821799997997,candidate-measurement,00309B,valid,12443,0,True,
11,1,00000B,1790182037.3350728,20767.2186605,5.913822799997433,candidate-measurement,00309B,valid,12443,0,True,
11,1,00000B,1790182037.5264714,20767.4100621,6.105224399998406,candidate-measurement,00309B,valid,12443,0,True,
11,1,00000B,1790182037.7184675,20767.6020582,6.297220499996911,candidate-measurement,00309B,valid,12443,0,True,
11,1,00000B,1790182037.9100409,20767.7936323,6.488794599998073,candidate-measurement,00309B,valid,12443,0,True,
11,1,00000B,1790182038.1180363,20768.0016256,6.696787900000345,candidate-measurement,00309B,valid,12443,0,True,
11,1,00000B,1790182038.3100364,20768.1936246,6.888786899999104,candidate-measurement,00309B,valid,12443,0,True,
11,1,00000B,1790182038.5014482,20768.3850391,7.080201400000078,candidate-measurement,00309B,valid,12443,0,True,
11,1,00000B,1790182038.709437,20768.593028,7.28819029999795,candidate-measurement,00309B,valid,12443,0,True,
11,1,00000B,1790182038.901428,20768.7850194,7.480181699997047,candidate-measurement,00309B,valid,12443,0,True,
11,1,00000B,1790182039.0930088,20768.976597,7.671759299999394,candidate-measurement,00309B,valid,12443,0,True,
11,1,00000B,1790182039.2850049,20769.1685934,7.863755700000183,candidate-measurement,00309B,valid,12443,0,True,
12,1,00000C,1790182041.730923,20771.6145109,0.1919804999997723,candidate-measurement,00309B,valid,12443,0,True,
12,1,00000C,1790182041.9229307,20771.8065188,0.3839884000008169,candidate-measurement,00309B,valid,12443,0,True,
12,1,00000C,1790182042.1143315,20771.9979195,0.5753891000022122,candidate-measurement,00309B,valid,12443,0,True,
12,1,00000C,1790182042.3059044,20772.1894928,0.7669624000009208,candidate-measurement,00309B,valid,12443,0,True,
12,1,00000C,1790182042.497896,20772.3814849,0.9589545000017097,candidate-measurement,00309B,valid,12443,0,True,
12,1,00000C,1790182042.6893141,20772.5729018,1.1503713999991305,candidate-measurement,00309B,valid,12443,0,True,
12,1,00000C,1790182042.8813026,20772.7648939,1.3423634999999194,candidate-measurement,00309B,valid,12443,0,True,
12,1,00000C,1790182043.0733001,20772.9568883,1.5343579000000318,candidate-measurement,00309B,valid,12443,0,True,
12,1,00000C,1790182043.2808764,20773.1644648,1.7419344000009005,candidate-measurement,00309B,valid,12443,0,True,
12,1,00000C,1790182043.4728687,20773.3564568,1.933926400000928,candidate-measurement,00309B,valid,12443,0,True,
12,1,00000C,1790182043.6642802,20773.547868,2.12533760000224,candidate-measurement,00309B,valid,12443,0,True,
12,1,00000C,1790182043.8562763,20773.7398653,2.3173348999989685,candidate-measurement,00309B,valid,12443,0,True,
12,1,00000C,1790182044.064274,20773.9478619,2.5253315000009025,candidate-measurement,003099,valid,12441,-2,True,
12,1,00000C,1790182044.255841,20774.1394292,2.7168988000012178,candidate-measurement,003099,valid,12441,0,True,
12,1,00000C,1790182044.447837,20774.3314261,2.9088957000021765,candidate-measurement,003099,valid,12441,0,True,
12,1,00000C,1790182044.6552413,20774.5388294,3.116299000001163,candidate-measurement,003099,valid,12441,0,True,
12,1,00000C,1790182044.846839,20774.7304294,3.307898999999452,candidate-measurement,003099,valid,12441,0,True,
12,1,00000C,1790182045.0388188,20774.9224069,3.4998765000018466,candidate-measurement,003099,valid,12441,0,True,
12,1,00000C,1790182045.2468057,20775.1303961,3.707865700002003,candidate-measurement,003099,valid,12441,0,True,
12,1,00000C,1790182045.4388068,20775.3223956,3.8998652000009315,candidate-measurement,003099,valid,12441,0,True,
12,1,00000C,1790182045.6308126,20775.5144005,4.0918701000009605,candidate-measurement,003099,valid,12441,0,True,
12,1,00000C,1790182045.822212,20775.7058011,4.283270700001594,candidate-measurement,003099,valid,12441,0,True,
12,1,00000C,1790182046.030202,20775.9137908,4.49126040000192,candidate-measurement,003099,valid,12441,0,True,
12,1,00000C,1790182046.2217803,20776.1053684,4.682838000000629,candidate-measurement,003099,valid,12441,0,True,
12,1,00000C,1790182046.4137979,20776.2973861,4.874855699999898,candidate-measurement,003099,valid,12441,0,True,
12,1,00000C,1790182046.6217551,20776.5053432,5.082812799999374,candidate-measurement,003099,valid,12441,0,True,
12,1,00000C,1790182046.8137536,20776.6973447,5.2748142999989795,candidate-measurement,003099,valid,12441,0,True,
12,1,00000C,1790182047.0051754,20776.8887639,5.466233499999362,candidate-measurement,003099,valid,12441,0,True,
12,1,00000C,1790182047.1971645,20777.0807541,5.658223700000235,candidate-measurement,003099,valid,12441,0,True,
12,1,00000C,1790182047.404746,20777.2883351,5.865804699998989,candidate-measurement,003099,valid,12441,0,True,
12,1,00000C,1790182047.596731,20777.4803192,6.057788800000708,candidate-measurement,003099,valid,12441,0,True,
12,1,00000C,1790182047.7881436,20777.6717339,6.249203499999567,candidate-measurement,003099,valid,12441,0,True,
12,1,00000C,1790182047.995718,20777.879307,6.456776600000012,candidate-measurement,003099,valid,12441,0,True,
12,1,00000C,1790182048.1877265,20778.0713146,6.64878420000241,candidate-measurement,003097,valid,12439,-2,True,
12,1,00000C,1790182048.3797052,20778.2632944,6.84076400000049,candidate-measurement,003094,valid,12436,-3,True,
12,1,00000C,1790182048.5876997,20778.4712891,7.048758700002509,candidate-measurement,00308D,valid,12429,-7,True,
12,1,00000C,1790182048.7791104,20778.662701,7.240170600001875,candidate-measurement,00308A,valid,12426,-3,True,
12,1,00000C,1790182048.971113,20778.8547023,7.4321718999999575,candidate-measurement,003088,valid,12424,-2,True,
12,1,00000C,1790182049.163102,20779.0466912,7.624160800001846,candidate-measurement,003088,valid,12424,0,True,
12,1,00000C,1790182049.3706748,20779.254266,7.831735600000684,candidate-measurement,003087,valid,12423,-1,True,
13,1,00000D,1790182051.8480122,20781.7316007,0.19140080000215676,candidate-measurement,003085,valid,12421,-2,True,
13,1,00000D,1790182052.0400126,20781.9236005,0.38340059999973164,candidate-measurement,003085,valid,12421,0,True,
13,1,00000D,1790182052.2315865,20782.1151743,0.5749744000022474,candidate-measurement,003084,valid,12420,-1,True,
13,1,00000D,1790182052.423575,20782.3071645,0.7669646000031207,candidate-measurement,003084,valid,12420,0,True,
13,1,00000D,1790182052.6149921,20782.4985804,0.958380500000203,candidate-measurement,003084,valid,12420,0,True,
13,1,00000D,1790182052.8069854,20782.6905752,1.1503752999997232,candidate-measurement,003084,valid,12420,0,True,
13,1,00000D,1790182052.9989808,20782.8825691,1.3423691999996663,candidate-measurement,003083,valid,12419,-1,True,
13,1,00000D,1790182053.1905537,20783.0741432,1.5339433000008285,candidate-measurement,003082,valid,12418,-1,True,
13,1,00000D,1790182053.3825433,20783.2661322,1.7259322999998403,candidate-measurement,003081,valid,12417,-1,True,
13,1,00000D,1790182053.5745382,20783.458128,1.917928099999699,candidate-measurement,003081,valid,12417,0,True,
13,1,00000D,1790182053.7659545,20783.6495452,2.109345300003042,candidate-measurement,003081,valid,12417,0,True,
13,1,00000D,1790182053.9579504,20783.8415399,2.301340000001801,candidate-measurement,003080,valid,12416,-1,True,
13,1,00000D,1790182054.149519,20784.0331092,2.4929093000027933,candidate-measurement,00307F,valid,12415,-1,True,
13,1,00000D,1790182054.3415253,20784.2251128,2.6849129000001994,candidate-measurement,00307F,valid,12415,0,True,
13,1,00000D,1790182054.5329285,20784.4165182,2.876318300001003,candidate-measurement,00307E,valid,12414,-1,True,
13,1,00000D,1790182054.7249238,20784.6085145,3.068314600001031,candidate-measurement,00307D,valid,12413,-1,True,
13,1,00000D,1790182054.916501,20784.8000921,3.25989219999974,candidate-measurement,00307D,valid,12413,0,True,
13,1,00000D,1790182055.1244953,20785.0080842,3.4678843000001507,candidate-measurement,00307D,valid,12413,0,True,
13,1,00000D,1790182055.3164837,20785.2000748,3.659874900000432,candidate-measurement,00307D,valid,12413,0,True,
13,1,00000D,1790182055.5084846,20785.3920732,3.8518733000018983,candidate-measurement,00307D,valid,12413,0,True,
13,1,00000D,1790182055.69989,20785.5834805,4.043280600002618,candidate-measurement,00307D,valid,12413,0,True,
13,1,00000D,1790182055.9074996,20785.7910889,4.250889000002644,candidate-measurement,00307D,valid,12413,0,True,
13,1,00000D,1790182056.0994592,20785.9830487,4.442848800001229,candidate-measurement,00307D,valid,12413,0,True,
13,1,00000D,1790182056.2914555,20786.1750427,4.634842800001934,candidate-measurement,00307D,valid,12413,0,True,
13,1,00000D,1790182056.4994488,20786.3830376,4.842837700001837,candidate-measurement,00307D,valid,12413,0,True,
13,1,00000D,1790182056.6908605,20786.5744509,5.03425100000095,candidate-measurement,00307D,valid,12413,0,True,
13,1,00000D,1790182056.8828511,20786.7664405,5.226240600000892,candidate-measurement,00307D,valid,12413,0,True,
13,1,00000D,1790182057.0908473,20786.9744358,5.434235900000203,candidate-measurement,00307D,valid,12413,0,True,
13,1,00000D,1790182057.2824197,20787.1660105,5.625810600002296,candidate-measurement,00307D,valid,12413,0,True,
13,1,00000D,1790182057.474412,20787.3580026,5.817802700003085,candidate-measurement,00307D,valid,12413,0,True,
13,1,00000D,1790182057.6664047,20787.5499936,6.009793700002774,candidate-measurement,00307D,valid,12413,0,True,
13,1,00000D,1790182057.8738415,20787.7574306,6.217230700000073,candidate-measurement,00307D,valid,12413,0,True,
13,1,00000D,1790182058.0658221,20787.9494102,6.409210300000268,candidate-measurement,00307D,valid,12413,0,True,
13,1,00000D,1790182058.257393,20788.140981,6.600781100001768,candidate-measurement,00307D,valid,12413,0,True,
13,1,00000D,1790182058.465386,20788.3489749,6.808775000001333,candidate-measurement,00307D,valid,12413,0,True,
13,1,00000D,1790182058.6573732,20788.5409627,7.000762800002121,candidate-measurement,00307D,valid,12413,0,True,
13,1,00000D,1790182058.8493586,20788.7329496,7.192749699999695,candidate-measurement,00307D,valid,12413,0,True,
13,1,00000D,1790182059.056779,20788.9403681,7.400168200001644,candidate-measurement,00307D,valid,12413,0,True,
13,1,00000D,1790182059.2487798,20789.1323687,7.592168800001673,candidate-measurement,00307D,valid,12413,0,True,
13,1,00000D,1790182059.4403431,20789.3239342,7.783734300002834,candidate-measurement,00307D,valid,12413,0,True,
13,1,00000D,1790182059.6323395,20789.515929,7.975729100002354,candidate-measurement,00307C,valid,12412,-1,True,
14,1,00000E,1790182061.9662766,20791.8498647,0.19199250000019674,candidate-measurement,00307B,valid,12411,0,True,
14,1,00000E,1790182062.1576924,20792.0412806,0.38340839999727905,candidate-measurement,00307B,valid,12411,0,True,
14,1,00000E,1790182062.3496878,20792.2332765,0.5754042999978992,candidate-measurement,003079,valid,12409,-2,True,
14,1,00000E,1790182062.5416775,20792.4252658,0.7673935999991954,candidate-measurement,003078,valid,12408,-1,True,
14,1,00000E,1790182062.7332513,20792.6168398,0.9589675999995961,candidate-measurement,003077,valid,12407,-1,True,
14,1,00000E,1790182062.9252522,20792.8088406,1.1509683999975096,candidate-measurement,003077,valid,12407,0,True,
14,1,00000E,1790182063.1332376,20793.0168261,1.3589538999985962,candidate-measurement,003077,valid,12407,0,True,
14,1,00000E,1790182063.324673,20793.2082627,1.5503905000005034,candidate-measurement,003076,valid,12406,-1,True,
14,1,00000E,1790182063.5166447,20793.400234,1.742361799999344,candidate-measurement,003076,valid,12406,0,True,
14,1,00000E,1790182063.7242334,20793.6078232,1.9499509999986913,candidate-measurement,003076,valid,12406,0,True,
14,1,00000E,1790182063.9162097,20793.7997986,2.1419263999996474,candidate-measurement,003076,valid,12406,0,True,
14,1,00000E,1790182064.1082034,20793.9917923,2.3339200999980676,candidate-measurement,003076,valid,12406,0,True,
14,1,00000E,1790182064.315622,20794.1992097,2.5413374999989173,candidate-measurement,003076,valid,12406,0,True,
14,1,00000E,1790182064.5076172,20794.3912056,2.7333333999995375,candidate-measurement,003076,valid,12406,0,True,
14,1,00000E,1790182064.6996074,20794.5831964,2.9253241999977035,candidate-measurement,003076,valid,12406,0,True,
14,1,00000E,1790182064.8911738,20794.774764,3.116891800000303,candidate-measurement,003075,valid,12405,-1,True,
14,1,00000E,1790182065.099176,20794.9827655,3.3248932999995304,candidate-measurement,003075,valid,12405,0,True,
14,1,00000E,1790182065.290589,20795.1741788,3.516306599998643,candidate-measurement,003075,valid,12405,0,True,
14,1,00000E,1790182065.482574,20795.3661645,3.708292299997993,candidate-measurement,003075,valid,12405,0,True,
14,1,00000E,1790182065.6901515,20795.5737405,3.9158682999986922,candidate-measurement,003075,valid,12405,0,True,
14,1,00000E,1790182065.8821404,20795.7657311,4.107858899998973,candidate-measurement,003075,valid,12405,0,True,
14,1,00000E,1790182066.0741365,20795.9577245,4.299852299998747,candidate-measurement,003074,valid,12404,-1,True,
14,1,00000E,1790182066.2821321,20796.1657207,4.507848499997635,candidate-measurement,003074,valid,12404,0,True,
14,1,00000E,1790182066.4735475,20796.3571376,4.699265399998694,candidate-measurement,003074,valid,12404,0,True,
14,1,00000E,1790182066.6655393,20796.5491296,4.891257399998722,candidate-measurement,003073,valid,12403,-1,True,
14,1,00000E,1790182066.8571115,20796.7407016,5.082829399998445,candidate-measurement,003073,valid,12403,0,True,
14,1,00000E,1790182067.0651107,20796.9487,5.2908277999995335,candidate-measurement,003073,valid,12403,0,True,
14,1,00000E,1790182067.256518,20797.1401093,5.482237099997292,candidate-measurement,003073,valid,12403,0,True,
14,1,00000E,1790182067.448568,20797.3321592,5.674286999998003,candidate-measurement,003073,valid,12403,0,True,
14,1,00000E,1790182067.6561074,20797.5396949,5.881822699997429,candidate-measurement,003073,valid,12403,0,True,
14,1,00000E,1790182067.8480854,20797.7316739,6.073801700000331,candidate-measurement,003073,valid,12403,0,True,
14,1,00000E,1790182068.0400796,20797.9236676,6.265795399998751,candidate-measurement,003073,valid,12403,0,True,
14,1,00000E,1790182068.2474952,20798.1310831,6.473210899999685,candidate-measurement,003073,valid,12403,0,True,
14,1,00000E,1790182068.4390638,20798.3226545,6.664782299998478,candidate-measurement,003073,valid,12403,0,True,
14,1,00000E,1790182068.6310482,20798.5146381,6.856765900000028,candidate-measurement,003073,valid,12403,0,True,
14,1,00000E,1790182068.8230503,20798.7066397,7.048767500000395,candidate-measurement,003073,valid,12403,0,True,
14,1,00000E,1790182069.0310504,20798.9146385,7.256766299997253,candidate-measurement,003073,valid,12403,0,True,
14,1,00000E,1790182069.2224517,20799.106042,7.448169799998141,candidate-measurement,003073,valid,12403,0,True,
14,1,00000E,1790182069.4144444,20799.2980341,7.64016189999893,candidate-measurement,003073,valid,12403,0,True,
14,1,00000E,1790182069.6224427,20799.5060338,7.848161599999003,candidate-measurement,003073,valid,12403,0,True,
15,1,00000F,1790182072.083968,20801.9675548,0.19200540000019828,candidate-measurement,003073,valid,12403,0,True,
15,1,00000F,1790182072.2753625,20802.1589506,0.3834011999970244,candidate-measurement,003073,valid,12403,0,True,
15,1,00000F,1790182072.4673536,20802.3509437,0.5753942999981518,candidate-measurement,003072,valid,12402,-1,True,
15,1,00000F,1790182072.6593454,20802.5429366,0.7673871999977564,candidate-measurement,003072,valid,12402,0,True,
15,1,00000F,1790182072.8509223,20802.7345106,0.9589611999981571,candidate-measurement,003071,valid,12401,-1,True,
15,1,00000F,1790182073.0429213,20802.9265099,1.1509604999992007,candidate-measurement,003071,valid,12401,0,True,
15,1,00000F,1790182073.2349048,20803.1184952,1.3429457999991428,candidate-measurement,003070,valid,12400,-1,True,
15,1,00000F,1790182073.4269025,20803.3104932,1.5349437999975635,candidate-measurement,00306F,valid,12399,-1,True,
15,1,00000F,1790182073.6183195,20803.5019085,1.726359099997353,candidate-measurement,00306F,valid,12399,0,True,
15,1,00000F,1790182073.809892,20803.6934824,1.9179330000006303,candidate-measurement,00306F,valid,12399,0,True,
15,1,00000F,1790182074.0019028,20803.8854911,2.1099417000004905,candidate-measurement,00306F,valid,12399,0,True,
15,1,00000F,1790182074.1938803,20804.0774685,2.3019190999984858,candidate-measurement,00306E,valid,12398,-1,True,
15,1,00000F,1790182074.3852992,20804.2688877,2.493338299998868,candidate-measurement,00306D,valid,12397,-1,True,
15,1,00000F,1790182074.5768607,20804.460452,2.6849025999981677,candidate-measurement,00306D,valid,12397,0,True,
15,1,00000F,1790182074.7848537,20804.668445,2.8928955999981554,candidate-measurement,00306C,valid,12396,-1,True,
15,1,00000F,1790182074.9768548,20804.8604433,3.0848938999988604,candidate-measurement,00306C,valid,12396,0,True,
15,1,00000F,1790182075.1682665,20805.0518567,3.2763072999987344,candidate-measurement,00306C,valid,12396,0,True,
15,1,00000F,1790182075.3602622,20805.2438517,3.4683022999997775,candidate-measurement,00306C,valid,12396,0,True,
15,1,00000F,1790182075.568267,20805.4518581,3.676308699999936,candidate-measurement,00306C,valid,12396,0,True,
15,1,00000F,1790182075.7598374,20805.6434277,3.8678782999995747,candidate-measurement,00306C,valid,12396,0,True,
15,1,00000F,1790182075.951819,20805.8354088,4.059859400000278,candidate-measurement,00306C,valid,12396,0,True,
15,1,00000F,1790182076.1598198,20806.0434082,4.267858799998066,candidate-measurement,00306C,valid,12396,0,True,
15,1,00000F,1790182076.351246,20806.2348338,4.459284399999888,candidate-measurement,00306B,valid,12395,-1,True,
15,1,00000F,1790182076.5428004,20806.4263915,4.650842099999863,candidate-measurement,00306B,valid,12395,0,True,
15,1,00000F,1790182076.7507942,20806.6343849,4.858835499999259,candidate-measurement,00306B,valid,12395,0,True,
15,1,00000F,1790182076.9427922,20806.8263799,5.050830500000302,candidate-measurement,00306B,valid,12395,0,True,
15,1,00000F,1790182077.1341999,20807.0177892,5.24223979999806,candidate-measurement,00306B,valid,12395,0,True,
15,1,00000F,1790182077.3261988,20807.2097884,5.4342389999983425,candidate-measurement,00306B,valid,12395,0,True,
15,1,00000F,1790182077.5337722,20807.4173633,5.641813899997942,candidate-measurement,00306B,valid,12395,0,True,
15,1,00000F,1790182077.72576,20807.6093514,5.833801999997377,candidate-measurement,00306B,valid,12395,0,True,
15,1,00000F,1790182077.9177582,20807.8013469,6.025797499998589,candidate-measurement,00306B,valid,12395,0,True,
15,1,00000F,1790182078.125171,20808.0087599,6.233210499998677,candidate-measurement,00306B,valid,12395,0,True,
15,1,00000F,1790182078.3167422,20808.2003304,6.424780999997893,candidate-measurement,00306B,valid,12395,0,True,
15,1,00000F,1790182078.5087368,20808.392327,6.616777600000205,candidate-measurement,00306B,valid,12395,0,True,
15,1,00000F,1790182078.7167318,20808.6003209,6.82477149999977,candidate-measurement,00306B,valid,12395,0,True,
15,1,00000F,1790182078.9081433,20808.7917347,7.0161852999990515,candidate-measurement,00306B,valid,12395,0,True,
15,1,00000F,1790182079.1001472,20808.9837358,7.208186399999249,candidate-measurement,00306B,valid,12395,0,True,
15,1,00000F,1790182079.3077073,20809.1912971,7.415747699997155,candidate-measurement,00306B,valid,12395,0,True,
15,1,00000F,1790182079.4997149,20809.3833038,7.607754399999976,candidate-measurement,00306B,valid,12395,0,True,
15,1,00000F,1790182079.6911209,20809.574711,7.799161599999934,candidate-measurement,00306B,valid,12395,0,True,
15,1,00000F,1790182079.8831148,20809.7667059,7.991156500000216,candidate-measurement,00306B,valid,12395,0,True,
16,1,000010,1790182082.200623,20812.0842113,0.19199269999808166,candidate-measurement,00306B,valid,12395,0,True,
16,1,000010,1790182082.3926144,20812.276203,0.38398439999946277,candidate-measurement,00306B,valid,12395,0,True,
16,1,000010,1790182082.6006086,20812.4841988,0.5919801999989431,candidate-measurement,00306B,valid,12395,0,True,
16,1,000010,1790182082.8080225,20812.6916118,0.7993931999990309,candidate-measurement,003069,valid,12393,-2,True,
16,1,000010,1790182082.999601,20812.8831895,0.9909708999985014,candidate-measurement,003069,valid,12393,0,True,
16,1,000010,1790182083.1915877,20813.0751763,1.1829576999989513,candidate-measurement,003069,valid,12393,0,True,
16,1,000010,1790182083.3835828,20813.2671732,1.37495459999991,candidate-measurement,003069,valid,12393,0,True,
16,1,000010,1790182083.5755727,20813.4591641,1.5669454999988375,candidate-measurement,003069,valid,12393,0,True,
16,1,000010,1790182083.7669916,20813.6505819,1.7583632999994734,candidate-measurement,003069,valid,12393,0,True,
16,1,000010,1790182083.974985,20813.8585741,1.9663554999970074,candidate-measurement,003067,valid,12391,-2,True,
16,1,000010,1790182084.1665597,20814.0501486,2.1579299999975774,candidate-measurement,003066,valid,12390,-1,True,
16,1,000010,1790182084.3585498,20814.2421385,2.3499198999998043,candidate-measurement,003065,valid,12389,-1,True,
16,1,000010,1790182084.566544,20814.4501326,2.557913999997254,candidate-measurement,003065,valid,12389,0,True,
16,1,000010,1790182084.7739518,20814.6575433,2.7653246999980183,candidate-measurement,003064,valid,12388,-1,True,
16,1,000010,1790182084.9659634,20814.8495522,2.9573335999994015,candidate-measurement,003064,valid,12388,0,True,
16,1,000010,1790182085.1579447,20815.0415346,3.1493159999990894,candidate-measurement,003064,valid,12388,0,True,
16,1,000010,1790182085.3495255,20815.2331144,3.3408957999999984,candidate-measurement,003063,valid,12387,-1,True,
16,1,000010,1790182085.5415127,20815.4251034,3.5328847999990103,candidate-measurement,003063,valid,12387,0,True,
16,1,000010,1790182085.732927,20815.616518,3.7242993999971077,candidate-measurement,003062,valid,12386,-1,True,
16,1,000010,1790182085.9409244,20815.8245125,3.932293899997603,candidate-measurement,003061,valid,12385,-1,True,
16,1,000010,1790182086.132495,20816.0160838,4.123865199999273,candidate-measurement,003061,valid,12385,0,True,
16,1,000010,1790182086.3244865,20816.2080738,4.315855199998623,candidate-measurement,003061,valid,12385,0,True,
16,1,000010,1790182086.532482,20816.4160728,4.523854199997004,candidate-measurement,003061,valid,12385,0,True,
16,1,000010,1790182086.7398925,20816.623484,4.7312653999979375,candidate-measurement,003061,valid,12385,0,True,
16,1,000010,1790182086.9318976,20816.8154879,4.923269299997628,candidate-measurement,003061,valid,12385,0,True,
16,1,000010,1790182087.1234665,20817.0070552,5.114836599997943,candidate-measurement,003061,valid,12385,0,True,
16,1,000010,1790182087.3154655,20817.1990534,5.306834799997887,candidate-measurement,003061,valid,12385,0,True,
16,1,000010,1790182087.5074503,20817.3910411,5.498822499997914,candidate-measurement,003061,valid,12385,0,True,
16,1,000010,1790182087.6988642,20817.5824548,5.690236199996434,candidate-measurement,003061,valid,12385,0,True,
16,1,000010,1790182087.9068587,20817.7904487,5.898230099999637,candidate-measurement,003061,valid,12385,0,True,
16,1,000010,1790182088.0984397,20817.9820276,6.089808999997331,candidate-measurement,003061,valid,12385,0,True,
16,1,000010,1790182088.290426,20818.1740137,6.2817950999997265,candidate-measurement,003061,valid,12385,0,True,
16,1,000010,1790182088.498417,20818.3820067,6.489788099999714,candidate-measurement,003061,valid,12385,0,True,
16,1,000010,1790182088.6904151,20818.5740038,6.681785199998558,candidate-measurement,003061,valid,12385,0,True,
16,1,000010,1790182088.8824005,20818.7659919,6.873773299997993,candidate-measurement,003061,valid,12385,0,True,
16,1,000010,1790182089.073827,20818.9574153,7.065196699997614,candidate-measurement,003061,valid,12385,0,True,
16,1,000010,1790182089.2814693,20819.1650593,7.272840699999506,candidate-measurement,003061,valid,12385,0,True,
16,1,000010,1790182089.4733882,20819.3569781,7.464759499998763,candidate-measurement,003060,valid,12384,-1,True,
16,1,000010,1790182089.6653793,20819.5489682,7.656749599998875,candidate-measurement,003060,valid,12384,0,True,
16,1,000010,1790182089.8733735,20819.7569644,7.864745799997763,candidate-measurement,003060,valid,12384,0,True,
17,1,000011,1790182092.3183353,20822.2019219,0.19160629999896628,candidate-measurement,00305F,valid,12383,0,True,
17,1,000011,1790182092.5102932,20822.3938807,0.3835651000008511,candidate-measurement,00305E,valid,12382,-1,True,
17,1,000011,1790182092.7022786,20822.585869,0.5755533999981708,candidate-measurement,00305D,valid,12381,-1,True,
17,1,000011,1790182092.8937058,20822.7772938,0.7669782000011764,candidate-measurement,00305D,valid,12381,0,True,
17,1,000011,1790182093.0856943,20822.9692825,0.958966899997904,candidate-measurement,00305C,valid,12380,-1,True,
17,1,000011,1790182093.2932613,20823.1768521,1.1665365000008023,candidate-measurement,00305B,valid,12379,-1,True,
17,1,000011,1790182093.4852571,20823.3688477,1.3585320999991382,candidate-measurement,00305B,valid,12379,0,True,
17,1,000011,1790182093.6772501,20823.5608413,1.5505257000004349,candidate-measurement,00305A,valid,12378,-1,True,
17,1,000011,1790182093.868662,20823.7522524,1.7419368000009854,candidate-measurement,00305A,valid,12378,0,True,
17,1,000011,1790182094.060661,20823.9442502,1.9339345999978832,candidate-measurement,003059,valid,12377,-1,True,
17,1,000011,1790182094.252653,20824.1362408,2.1259251999981643,candidate-measurement,003059,valid,12377,0,True,
17,1,000011,1790182094.4442184,20824.3278091,2.317493499998818,candidate-measurement,003059,valid,12377,0,True,
17,1,000011,1790182094.636222,20824.5198117,2.5094960999995237,candidate-measurement,003059,valid,12377,0,True,
17,1,000011,1790182094.828214,20824.7118054,2.701489799997944,candidate-measurement,003059,valid,12377,0,True,
17,1,000011,1790182095.0356493,20824.9192374,2.908921800000826,candidate-measurement,003059,valid,12377,0,True,
17,1,000011,1790182095.2276235,20825.111213,3.100897399999667,candidate-measurement,003059,valid,12377,0,True,
17,1,000011,1790182095.4192026,20825.3027921,3.292476499998884,candidate-measurement,003059,valid,12377,0,True,
17,1,000011,1790182095.6111898,20825.4947806,3.4844649999977264,candidate-measurement,003059,valid,12377,0,True,
17,1,000011,1790182095.8191817,20825.7027711,3.6924555000005057,candidate-measurement,003059,valid,12377,0,True,
17,1,000011,1790182096.0106013,20825.8941904,3.8838747999980114,candidate-measurement,003059,valid,12377,0,True,
17,1,000011,1790182096.202595,20826.0861832,4.0758676000004925,candidate-measurement,003059,valid,12377,0,True,
17,1,000011,1790182096.410162,20826.2937512,4.283435599998484,candidate-measurement,003059,valid,12377,0,True,
17,1,000011,1790182096.6021554,20826.4857464,4.47543080000105,candidate-measurement,003059,valid,12377,0,True,
17,1,000011,1790182096.7941482,20826.6777395,4.667423899998539,candidate-measurement,003059,valid,12377,0,True,
17,1,000011,1790182096.985567,20826.8691553,4.858839699998498,candidate-measurement,003059,valid,12377,0,True,
17,1,000011,1790182097.1931424,20827.076731,5.066415400000551,candidate-measurement,003059,valid,12377,0,True,
17,1,000011,1790182097.3851352,20827.2687238,5.258408199999394,candidate-measurement,003059,valid,12377,0,True,
17,1,000011,1790182097.5771258,20827.4607159,5.450400300000183,candidate-measurement,003059,valid,12377,0,True,
17,1,000011,1790182097.7845435,20827.6681328,5.6578172000008635,candidate-measurement,003059,valid,12377,0,True,
17,1,000011,1790182097.9765384,20827.8601269,5.8498112999986915,candidate-measurement,003059,valid,12377,0,True,
17,1,000011,1790182098.1685364,20828.0521247,6.041809099999227,candidate-measurement,003059,valid,12377,0,True,
17,1,000011,1790182098.3761055,20828.2596934,6.249377799998911,candidate-measurement,003059,valid,12377,0,True,
17,1,000011,1790182098.5680892,20828.4516798,6.441364199999953,candidate-measurement,003059,valid,12377,0,True,
17,1,000011,1790182098.7595081,20828.6430992,6.63278359999822,candidate-measurement,003059,valid,12377,0,True,
17,1,000011,1790182098.9674985,20828.8510869,6.8407712999978685,candidate-measurement,003059,valid,12377,0,True,
17,1,000011,1790182099.1594973,20829.0430874,7.0327718000007735,candidate-measurement,003059,valid,12377,0,True,
17,1,000011,1790182099.3510668,20829.2346555,7.2243398999999044,candidate-measurement,003059,valid,12377,0,True,
17,1,000011,1790182099.543063,20829.4266533,7.41633770000044,candidate-measurement,003059,valid,12377,0,True,
17,1,000011,1790182099.7504785,20829.634069,7.623753399999259,candidate-measurement,003057,valid,12375,-2,True,
17,1,000011,1790182099.9424717,20829.8260621,7.815746500000387,candidate-measurement,003057,valid,12375,0,True,
17,1,000011,1790182100.1344664,20830.0180554,8.007739799999399,candidate-measurement,003057,valid,12375,0,True,
18,1,000012,1790182102.4519696,20832.3355579,0.19198529999994207,candidate-measurement,003057,valid,12375,0,True,
18,1,000012,1790182102.643975,20832.5275632,0.3839905999993789,candidate-measurement,003057,valid,12375,0,True,
18,1,000012,1790182102.8359756,20832.7195672,0.5759945999998308,candidate-measurement,003057,valid,12375,0,True,
18,1,000012,1790182103.0433903,20832.926978,0.7834053999977186,candidate-measurement,003057,valid,12375,0,True,
18,1,000012,1790182103.2353752,20833.1189629,0.9753902999982529,candidate-measurement,003057,valid,12375,0,True,
18,1,000012,1790182103.4269452,20833.3105334,1.1669607999974687,candidate-measurement,003057,valid,12375,0,True,
18,1,000012,1790182103.6349237,20833.5185129,1.3749402999965241,candidate-measurement,003057,valid,12375,0,True,
18,1,000012,1790182103.8263552,20833.7099448,1.566372199999023,candidate-measurement,003057,valid,12375,0,True,
18,1,000012,1790182104.01834,20833.9019285,1.7583558999976958,candidate-measurement,003056,valid,12374,-1,True,
18,1,000012,1790182104.2259943,20834.1095825,1.9660098999993352,candidate-measurement,003055,valid,12373,-1,True,
18,1,000012,1790182104.4179084,20834.3014981,2.157925499999692,candidate-measurement,003055,valid,12373,0,True,
18,1,000012,1790182104.6099002,20834.4934906,2.3499179999998887,candidate-measurement,003054,valid,12372,-1,True,
18,1,000012,1790182104.801897,20834.6854868,2.5419141999991552,candidate-measurement,003054,valid,12372,0,True,
18,1,000012,1790182105.009314,20834.892902,2.749329399997805,candidate-measurement,003053,valid,12371,-1,True,
18,1,000012,1790182105.2013025,20835.084892,2.9413193999971554,candidate-measurement,003053,valid,12371,0,True,
18,1,000012,1790182105.3928754,20835.2764656,3.1328929999981483,candidate-measurement,003053,valid,12371,0,True,
18,1,000012,1790182105.6008742,20835.4844633,3.3408906999975443,candidate-measurement,003053,valid,12371,0,True,
18,1,000012,1790182105.7928827,20835.6764726,3.5328999999983353,candidate-measurement,003053,valid,12371,0,True,
18,1,000012,1790182105.984862,20835.8684508,3.724878199998784,candidate-measurement,003053,valid,12371,0,True,
18,1,000012,1790182106.1922843,20836.0758718,3.932299199997942,candidate-measurement,003053,valid,12371,0,True,
18,1,000012,1790182106.3842697,20836.267858,4.124285399997461,candidate-measurement,003053,valid,12371,0,True,
18,1,000012,1790182106.5758371,20836.4594267,4.315854099997523,candidate-measurement,003053,valid,12371,0,True,
18,1,000012,1790182106.767834,20836.6514241,4.507851499998651,candidate-measurement,003053,valid,12371,0,True,
18,1,000012,1790182106.975827,20836.8594168,4.715844199999992,candidate-measurement,003053,valid,12371,0,True,
18,1,000012,1790182107.1672306,20837.0508213,4.907248699997581,candidate-measurement,003053,valid,12371,0,True,
18,1,000012,1790182107.3592355,20837.2428245,5.099251899999217,candidate-measurement,003053,valid,12371,0,True,
18,1,000012,1790182107.5668073,20837.4503958,5.30682319999687,candidate-measurement,003053,valid,12371,0,True,
18,1,000012,1790182107.7588024,20837.6423934,5.498820799999521,candidate-measurement,003053,valid,12371,0,True,
18,1,000012,1790182107.9507952,20837.8343855,5.690812899996672,candidate-measurement,003053,valid,12371,0,True,
18,1,000012,1790182108.1582155,20838.0418037,5.898231099999975,candidate-measurement,003053,valid,12371,0,True,
18,1,000012,1790182108.3502004,20838.2337886,6.090215999996872,candidate-measurement,003053,valid,12371,0,True,
18,1,000012,1790182108.542199,20838.425787,6.282214399998338,candidate-measurement,003053,valid,12371,0,True,
18,1,000012,1790182108.7337687,20838.6173593,6.473786699996708,candidate-measurement,003053,valid,12371,0,True,
18,1,000012,1790182108.941761,20838.825349,6.681776399997034,candidate-measurement,003053,valid,12371,0,True,
18,1,000012,1790182109.133749,20839.0173402,6.873767599998246,candidate-measurement,003053,valid,12371,0,True,
18,1,000012,1790182109.3257563,20839.2093458,7.065773199999967,candidate-measurement,003053,valid,12371,0,True,
18,1,000012,1790182109.5331888,20839.4167763,7.273203699998703,candidate-measurement,003052,valid,12370,-1,True,
18,1,000012,1790182109.7247596,20839.6083474,7.46477479999885,candidate-measurement,003052,valid,12370,0,True,
18,1,000012,1790182109.9167373,20839.8003285,7.656755899999553,candidate-measurement,003052,valid,12370,0,True,
18,1,000012,1790182110.1087246,20839.9923142,7.8487415999989025,candidate-measurement,003052,valid,12370,0,True,
19,1,000013,1790182112.5706477,20842.4542366,0.19198959999994258,candidate-measurement,003052,valid,12370,0,True,
19,1,000013,1790182112.762641,20842.6462297,0.38398270000107004,candidate-measurement,003052,valid,12370,0,True,
19,1,000013,1790182112.95405,20842.8376396,0.5753925999997591,candidate-measurement,003052,valid,12370,0,True,
19,1,000013,1790182113.1460483,20843.029637,0.7673900000008871,candidate-measurement,003052,valid,12370,0,True,
19,1,000013,1790182113.3376238,20843.2212142,0.9589672000001883,candidate-measurement,003052,valid,12370,0,True,
19,1,000013,1790182113.5296154,20843.4132063,1.1509593000009772,candidate-measurement,003052,valid,12370,0,True,
19,1,000013,1790182113.7216053,20843.605196,1.3429490000016813,candidate-measurement,003052,valid,12370,0,True,
19,1,000013,1790182113.9130268,20843.7966183,1.5343713000002026,candidate-measurement,003052,valid,12370,0,True,
19,1,000013,1790182114.1050217,20843.9886096,1.726362600002176,candidate-measurement,003052,valid,12370,0,True,
19,1,000013,1790182114.2965922,20844.18018,1.9179330000006303,candidate-measurement,003052,valid,12370,0,True,
19,1,000013,1790182114.4885905,20844.3721787,2.109931700000743,candidate-measurement,003052,valid,12370,0,True,
19,1,000013,1790182114.680577,20844.564167,2.301920000001701,candidate-measurement,003052,valid,12370,0,True,
19,1,000013,1790182114.8880074,20844.7715946,2.509347600000183,candidate-measurement,003052,valid,12370,0,True,
19,1,000013,1790182115.0799885,20844.9635764,2.701329400002578,candidate-measurement,003052,valid,12370,0,True,
19,1,000013,1790182115.2719836,20845.1555728,2.8933257999997295,candidate-measurement,003052,valid,12370,0,True,
19,1,000013,1790182115.4795516,20845.3631406,3.1008935999998357,candidate-measurement,003052,valid,12370,0,True,
19,1,000013,1790182115.6715496,20845.5551381,3.292891100001725,candidate-measurement,003052,valid,12370,0,True,
19,1,000013,1790182115.8635461,20845.7471337,3.484886700000061,candidate-measurement,003052,valid,12370,0,True,
19,1,000013,1790182116.0709517,20845.954541,3.692294000000402,candidate-measurement,003052,valid,12370,0,True,
19,1,000013,1790182116.262535,20846.1461231,3.8838761000006343,candidate-measurement,003052,valid,12370,0,True,
19,1,000013,1790182116.4545193,20846.3381079,4.075860900000407,candidate-measurement,003052,valid,12370,0,True,
19,1,000013,1790182116.6465175,20846.5301056,4.2678586000001815,candidate-measurement,003052,valid,12370,0,True,
19,1,000013,1790182116.8539288,20846.7375185,4.475271499999508,candidate-measurement,003052,valid,12370,0,True,
19,1,000013,1790182117.0459263,20846.9295153,4.667268299999705,candidate-measurement,003052,valid,12370,0,True,
19,1,000013,1790182117.2374992,20847.12109,4.858843000001798,candidate-measurement,003052,valid,12370,0,True,
19,1,000013,1790182117.4454973,20847.3290856,5.066838599999755,candidate-measurement,003052,valid,12370,0,True,
19,1,000013,1790182117.637479,20847.5210689,5.258821900002658,candidate-measurement,003052,valid,12370,0,True,
19,1,000013,1790182117.8294733,20847.7130648,5.450817799999641,candidate-measurement,003052,valid,12370,0,True,
19,1,000013,1790182118.0368881,20847.9204772,5.658230200002436,candidate-measurement,003052,valid,12370,0,True,
19,1,000013,1790182118.2288873,20848.1124756,5.850228600000264,candidate-measurement,003052,valid,12370,0,True,
19,1,000013,1790182118.420462,20848.3040507,6.041803700001765,candidate-measurement,003052,valid,12370,0,True,
19,1,000013,1790182118.6124532,20848.496044,6.233797000000777,candidate-measurement,003052,valid,12370,0,True,
19,1,000013,1790182118.820475,20848.7040662,6.441819200001191,candidate-measurement,003051,valid,12369,-1,True,
19,1,000013,1790182119.0118668,20848.8954547,6.633207700000639,candidate-measurement,003051,valid,12369,0,True,
19,1,000013,1790182119.2038507,20849.0874421,6.82519510000202,candidate-measurement,00304E,valid,12366,-3,True,
19,1,000013,1790182119.411444,20849.2950321,7.032785100000183,candidate-measurement,00304A,valid,12362,-4,True,
19,1,000013,1790182119.6034188,20849.4870088,7.224761800000124,candidate-measurement,003047,valid,12359,-3,True,
19,1,000013,1790182119.7954137,20849.6790052,7.416758200000913,candidate-measurement,003047,valid,12359,0,True,
19,1,000013,1790182120.0034115,20849.8869998,7.62475280000217,candidate-measurement,003047,valid,12359,0,True,
19,1,000013,1790182120.2108219,20850.0944099,7.832162900002004,candidate-measurement,003047,valid,12359,0,True,
20,1,000014,1790182122.688323,20852.5719117,0.19198440000036499,candidate-measurement,003047,valid,12359,0,True,
20,1,000014,1790182122.8797374,20852.763327,0.38339970000015455,candidate-measurement,003047,valid,12359,0,True,
20,1,000014,1790182123.0717335,20852.9553227,0.5753953999992518,candidate-measurement,003047,valid,12359,0,True,
20,1,000014,1790182123.2637274,20853.1473163,0.7673890000005485,candidate-measurement,003046,valid,12358,-1,True,
20,1,000014,1790182123.4557562,20853.3393458,0.9594184999987192,candidate-measurement,003045,valid,12357,-1,True,
20,1,000014,1790182123.6472943,20853.5308847,1.1509574000010616,candidate-measurement,003044,valid,12356,-1,True,
20,1,000014,1790182123.8392804,20853.722872,1.3429446999980428,candidate-measurement,003043,valid,12355,-1,True,
20,1,000014,1790182124.0312793,20853.9148688,1.53494149999824,candidate-measurement,003042,valid,12354,-1,True,
20,1,000014,1790182124.222686,20854.1062745,1.726347200001328,candidate-measurement,003041,valid,12353,-1,True,
20,1,000014,1790182124.4146867,20854.2982767,1.9183493999989878,candidate-measurement,003041,valid,12353,0,True,
20,1,000014,1790182124.606262,20854.4898515,2.109924199998204,candidate-measurement,003041,valid,12353,0,True,
20,1,000014,1790182124.7982552,20854.6818453,2.3019180000010238,candidate-measurement,003041,valid,12353,0,True,
20,1,000014,1790182124.9902499,20854.8738381,2.493910799999867,candidate-measurement,003041,valid,12353,0,True,
20,1,000014,1790182125.181668,20855.0652577,2.685330399999657,candidate-measurement,003041,valid,12353,0,True,
20,1,000014,1790182125.3732624,20855.2568526,2.8769252999991295,candidate-measurement,003041,valid,12353,0,True,
20,1,000014,1790182125.5652342,20855.4488223,3.0688950000003388,candidate-measurement,003041,valid,12353,0,True,
20,1,000014,1790182125.757226,20855.640814,3.260886699998082,candidate-measurement,003041,valid,12353,0,True,
20,1,000014,1790182125.9646442,20855.848232,3.4683046999998624,candidate-measurement,003041,valid,12353,0,True,
20,1,000014,1790182126.1566284,20856.0402171,3.6602897999982815,candidate-measurement,003041,valid,12353,0,True,
20,1,000014,1790182126.3482044,20856.231793,3.851865699998598,candidate-measurement,00303F,valid,12351,-2,True,
20,1,000014,1790182126.556202,20856.4397899,4.059862599999178,candidate-measurement,00303F,valid,12351,0,True,
20,1,000014,1790182126.7481883,20856.6317781,4.251850799999374,candidate-measurement,00303F,valid,12351,0,True,
20,1,000014,1790182126.9396143,20856.8232024,4.443275099998573,candidate-measurement,00303F,valid,12351,0,True,
20,1,000014,1790182127.1315944,20857.0151846,4.635257300000376,candidate-measurement,00303F,valid,12351,0,True,
20,1,000014,1790182127.339176,20857.2227666,4.8428392999994685,candidate-measurement,00303F,valid,12351,0,True,
20,1,000014,1790182127.5311723,20857.4147614,5.034834099998989,candidate-measurement,00303F,valid,12351,0,True,
20,1,000014,1790182127.7231596,20857.6067502,5.226822900000116,candidate-measurement,00303F,valid,12351,0,True,
20,1,000014,1790182127.9305794,20857.8141701,5.434242799998174,candidate-measurement,00303F,valid,12351,0,True,
20,1,000014,1790182128.122605,20858.0061928,5.6262654999991355,candidate-measurement,00303F,valid,12351,0,True,
20,1,000014,1790182128.3141422,20858.1977302,5.81780290000097,candidate-measurement,00303F,valid,12351,0,True,
20,1,000014,1790182128.5221379,20858.4057276,6.025800299998082,candidate-measurement,00303F,valid,12351,0,True,
20,1,000014,1790182128.7141218,20858.5977124,6.217785099997855,candidate-measurement,00303F,valid,12351,0,True,
20,1,000014,1790182128.9055383,20858.7891296,6.409202300001198,candidate-measurement,00303F,valid,12351,0,True,
20,1,000014,1790182129.0971265,20858.9807146,6.600787299998046,candidate-measurement,00303B,valid,12347,-4,True,
20,1,000014,1790182129.3051105,20859.1887018,6.808774500001164,candidate-measurement,003034,valid,12340,-7,True,
20,1,000014,1790182129.4970963,20859.3806871,7.000759800001106,candidate-measurement,003031,valid,12337,-3,True,
20,1,000014,1790182129.6885152,20859.5721058,7.192178500001319,candidate-measurement,00302E,valid,12334,-3,True,
20,1,000014,1790182129.8965075,20859.7800988,7.400171500001306,candidate-measurement,00302C,valid,12332,-2,True,
20,1,000014,1790182130.0880897,20859.971677,7.591749700000946,candidate-measurement,00302C,valid,12332,0,True,
20,1,000014,1790182130.2800782,20860.1636661,7.7837388000007195,candidate-measurement,00302B,valid,12331,-1,True,
20,1,000014,1790182130.488071,20860.3716614,7.991734100000031,candidate-measurement,00302A,valid,12330,-1,True,
21,1,000015,1790182132.8054187,20862.6890066,0.19140870000046561,candidate-measurement,00302A,valid,12330,0,True,
21,1,000015,1790182132.997414,20862.8810022,0.38340429999880143,candidate-measurement,003029,valid,12329,-1,True,
21,1,000015,1790182133.1889918,20863.07258,0.5749820999990334,candidate-measurement,003028,valid,12328,-1,True,
21,1,000015,1790182133.3810394,20863.2646251,0.7670271999995748,candidate-measurement,003027,valid,12327,-1,True,
21,1,000015,1790182133.572973,20863.4565611,0.9589631999988342,candidate-measurement,003027,valid,12327,0,True,
21,1,000015,1790182133.7803836,20863.6639722,1.1663742999990063,candidate-measurement,003026,valid,12326,-1,True,
21,1,000015,1790182133.9719641,20863.8555528,1.357954899998731,candidate-measurement,003025,valid,12325,-1,True,
21,1,000015,1790182134.163973,20864.0475617,1.5499638000001141,candidate-measurement,003024,valid,12324,-1,True,
21,1,000015,1790182134.355951,20864.2395393,1.7419413999996323,candidate-measurement,003023,valid,12323,-1,True,
21,1,000015,1790182134.5639617,20864.4475503,1.9499523999984376,candidate-measurement,003023,valid,12323,0,True,
21,1,000015,1790182134.7553556,20864.6389454,2.1413474999972095,candidate-measurement,003023,valid,12323,0,True,
21,1,000015,1790182134.9473493,20864.8309384,2.3333404999975755,candidate-measurement,003023,valid,12323,0,True,
21,1,000015,1790182135.1549213,20865.0385104,2.540912500000559,candidate-measurement,003023,valid,12323,0,True,
21,1,000015,1790182135.3469174,20865.2305075,2.7329095999994024,candidate-measurement,003023,valid,12323,0,True,
21,1,000015,1790182135.5383267,20865.421918,2.924320099999022,candidate-measurement,003023,valid,12323,0,True,
21,1,000015,1790182135.746322,20865.6299104,3.132312499998079,candidate-measurement,003023,valid,12323,0,True,
21,1,000015,1790182135.938325,20865.8219134,3.3243154999981925,candidate-measurement,003023,valid,12323,0,True,
21,1,000015,1790182136.1299028,20866.0134912,3.5158932999984245,candidate-measurement,003022,valid,12322,-1,True,
21,1,000015,1790182136.33788,20866.2214685,3.723870599998918,candidate-measurement,003021,valid,12321,-1,True,
21,1,000015,1790182136.5298762,20866.4134654,3.9158674999998766,candidate-measurement,003020,valid,12320,-1,True,
21,1,000015,1790182136.721324,20866.6049124,4.107314499997301,candidate-measurement,00301F,valid,12319,-1,True,
21,1,000015,1790182136.913287,20866.7968777,4.299279799997748,candidate-measurement,00301D,valid,12317,-2,True,
21,1,000015,1790182137.1208637,20867.0044518,4.506853899998532,candidate-measurement,00301D,valid,12317,0,True,
21,1,000015,1790182137.3128586,20867.1964488,4.698850900000252,candidate-measurement,00301C,valid,12316,-1,True,
21,1,000015,1790182137.5048432,20867.3884344,4.890836499998841,candidate-measurement,00301C,valid,12316,0,True,
21,1,000015,1790182137.712262,20867.5958513,5.098253399999521,candidate-measurement,00301C,valid,12316,0,True,
21,1,000015,1790182137.9042473,20867.7878387,5.290240799997264,candidate-measurement,00301C,valid,12316,0,True,
21,1,000015,1790182138.0958605,20867.97945,5.481852099997923,candidate-measurement,00301B,valid,12315,-1,True,
21,1,000015,1790182138.3038201,20868.1874083,5.68981039999926,candidate-measurement,00301B,valid,12315,0,True,
21,1,000015,1790182138.4958181,20868.3794073,5.881809399998019,candidate-measurement,00301A,valid,12314,-1,True,
21,1,000015,1790182138.6872365,20868.5708243,6.0732263999998395,candidate-measurement,00301A,valid,12314,0,True,
21,1,000015,1790182138.8792207,20868.762811,6.265213099999528,candidate-measurement,003019,valid,12313,-1,True,
21,1,000015,1790182139.0868142,20868.9704026,6.47280469999896,candidate-measurement,003019,valid,12313,0,True,
21,1,000015,1790182139.2787917,20869.1623802,6.664782299998478,candidate-measurement,003019,valid,12313,0,True,
21,1,000015,1790182139.470789,20869.3543795,6.856781599999522,candidate-measurement,003019,valid,12313,0,True,
21,1,000015,1790182139.6782176,20869.5618067,7.064208799998596,candidate-measurement,003019,valid,12313,0,True,
21,1,000015,1790182139.8701875,20869.7537789,7.256181000000652,candidate-measurement,003019,valid,12313,0,True,
21,1,000015,1790182140.061766,20869.9453542,7.447756300000037,candidate-measurement,003019,valid,12313,0,True,
21,1,000015,1790182140.2697752,20870.153363,7.655765100000281,candidate-measurement,003019,valid,12313,0,True,
21,1,000015,1790182140.4617434,20870.3453343,7.847736399999121,candidate-measurement,003019,valid,12313,0,True,
22,1,000016,1790182142.9230943,20872.8066827,0.19195380000019213,candidate-measurement,003019,valid,12313,0,True,
22,1,000016,1790182143.1150908,20872.9986792,0.383950300001743,candidate-measurement,003019,valid,12313,0,True,
22,1,000016,1790182143.3066795,20873.1902684,0.5755395000014687,candidate-measurement,003018,valid,12312,-1,True,
22,1,000016,1790182143.4986567,20873.3822448,0.7675158999991254,candidate-measurement,003017,valid,12311,-1,True,
22,1,000016,1790182143.6906397,20873.57423,0.959501099998306,candidate-measurement,003016,valid,12310,-1,True,
22,1,000016,1790182143.8820653,20873.7656563,1.1509273999981815,candidate-measurement,003015,valid,12309,-1,True,
22,1,000016,1790182144.0740583,20873.9576476,1.3429187000001548,candidate-measurement,003015,valid,12309,0,True,
22,1,000016,1790182144.2656312,20874.1492196,1.5344906999998784,candidate-measurement,003015,valid,12309,0,True,
22,1,000016,1790182144.4576268,20874.3412152,1.7264862999982142,candidate-measurement,003014,valid,12308,-1,True,
22,1,000016,1790182144.6496124,20874.533204,1.9184750999993412,candidate-measurement,003013,valid,12307,-1,True,
22,1,000016,1790182144.8410327,20874.7246203,2.1098913999994693,candidate-measurement,003012,valid,12306,-1,True,
22,1,000016,1790182145.0330415,20874.9166305,2.3019015999998373,candidate-measurement,003012,valid,12306,0,True,
22,1,000016,1790182145.224604,20875.1081924,2.493463499999052,candidate-measurement,003012,valid,12306,0,True,
22,1,000016,1790182145.4165976,20875.3001875,2.6854586000008567,candidate-measurement,003011,valid,12305,-1,True,
22,1,000016,1790182145.6245759,20875.5081667,2.8934378000012657,candidate-measurement,003011,valid,12305,0,True,
22,1,000016,1790182145.8159983,20875.6995885,3.084859599999618,candidate-measurement,003011,valid,12305,0,True,
22,1,000016,1790182146.007998,20875.8915855,3.276856600001338,candidate-measurement,003011,valid,12305,0,True,
22,1,000016,1790182146.2155719,20876.0991597,3.484430799999245,candidate-measurement,003011,valid,12305,0,True,
22,1,000016,1790182146.4075634,20876.2911519,3.6764230000007956,candidate-measurement,003011,valid,12305,0,True,
22,1,000016,1790182146.5995543,20876.4831452,3.868416299999808,candidate-measurement,003011,valid,12305,0,True,
22,1,000016,1790182146.7915573,20876.6751462,4.060417299999244,candidate-measurement,003011,valid,12305,0,True,
22,1,000016,1790182146.9989645,20876.8825524,4.267823499998485,candidate-measurement,003011,valid,12305,0,True,
22,1,000016,1790182147.1905315,20877.0741226,4.459393699999055,candidate-measurement,003011,valid,12305,0,True,
22,1,000016,1790182147.38253,20877.2661206,4.651391700001113,candidate-measurement,003011,valid,12305,0,True,
22,1,000016,1790182147.590519,20877.4741101,4.859381199999916,candidate-measurement,003011,valid,12305,0,True,
22,1,000016,1790182147.7825193,20877.6661086,5.051379699998506,candidate-measurement,003011,valid,12305,0,True,
22,1,000016,1790182147.9745157,20877.8581043,5.243375400001241,candidate-measurement,00300F,valid,12303,-2,True,
22,1,000016,1790182148.1819317,20878.0655204,5.450791499999468,candidate-measurement,00300F,valid,12303,0,True,
22,1,000016,1790182148.37392,20878.2575086,5.6427796999996644,candidate-measurement,00300F,valid,12303,0,True,
22,1,000016,1790182148.5654924,20878.4490817,5.834352800000488,candidate-measurement,00300D,valid,12301,-2,True,
22,1,000016,1790182148.757486,20878.641076,6.026347099999839,candidate-measurement,00300B,valid,12299,-2,True,
22,1,000016,1790182148.965479,20878.8490678,6.234338900001603,candidate-measurement,00300A,valid,12298,-1,True,
22,1,000016,1790182149.1568956,20879.040485,6.425756100001308,candidate-measurement,00300A,valid,12298,0,True,
22,1,000016,1790182149.3488898,20879.232479,6.617750099998375,candidate-measurement,003007,valid,12295,-3,True,
22,1,000016,1790182149.556459,20879.4400498,6.825320899999497,candidate-measurement,003007,valid,12295,0,True,
22,1,000016,1790182149.7484558,20879.632046,7.017317099998763,candidate-measurement,003007,valid,12295,0,True,
22,1,000016,1790182149.9404562,20879.8240468,7.209317900000315,candidate-measurement,003007,valid,12295,0,True,
22,1,000016,1790182150.1478631,20880.031451,7.4167220999988785,candidate-measurement,003006,valid,12294,-1,True,
22,1,000016,1790182150.3398607,20880.2234486,7.608719700001529,candidate-measurement,003006,valid,12294,0,True,
22,1,000016,1790182150.5318432,20880.4154331,7.800704199999018,candidate-measurement,003005,valid,12293,-1,True,
22,1,000016,1790182150.7234266,20880.6070166,7.992287699998997,candidate-measurement,003004,valid,12292,-1,True,
23,1,000017,1790182153.0413435,20882.9249317,0.1915594999991299,candidate-measurement,003003,valid,12291,-1,True,
23,1,000017,1790182153.2333417,20883.1169304,0.3835581999992428,candidate-measurement,003003,valid,12291,0,True,
23,1,000017,1790182153.441338,20883.3249273,0.5915550999998231,candidate-measurement,003003,valid,12291,0,True,
23,1,000017,1790182153.6327496,20883.5163385,0.7829663000011351,candidate-measurement,003002,valid,12290,-1,True,
23,1,000017,1790182153.8243232,20883.7079115,0.9745393000011973,candidate-measurement,003001,valid,12289,-1,True,
23,1,000017,1790182154.016323,20883.8999108,1.1665385999986029,candidate-measurement,003001,valid,12289,0,True,
23,1,000017,1790182154.2237363,20884.1073239,1.373951699999452,candidate-measurement,003000,valid,12288,-1,True,
23,1,000017,1790182154.4157324,20884.2993206,1.565948399998888,candidate-measurement,003000,valid,12288,0,True,
23,1,000017,1790182154.6072967,20884.4908875,1.7575152999997954,candidate-measurement,003000,valid,12288,0,True,
23,1,000017,1790182154.8152947,20884.6988858,1.965513600000122,candidate-measurement,003000,valid,12288,0,True,
23,1,000017,1790182155.0072935,20884.8908826,2.1575104000003194,candidate-measurement,002FFF,valid,12287,-1,True,
23,1,000017,1790182155.198696,20885.0822869,2.348914700000023,candidate-measurement,002FFF,valid,12287,0,True,
23,1,000017,1790182155.406694,20885.2902843,2.5569121000007726,candidate-measurement,002FFF,valid,12287,0,True,
23,1,000017,1790182155.5986905,20885.4822789,2.74890669999877,candidate-measurement,002FFF,valid,12287,0,True,
23,1,000017,1790182155.7902565,20885.6738479,2.940475700001116,candidate-measurement,002FFF,valid,12287,0,True,
23,1,000017,1790182155.9822557,20885.8658446,3.1324724000005517,candidate-measurement,002FFF,valid,12287,0,True,
23,1,000017,1790182156.1902697,20886.0738578,3.340485599997919,candidate-measurement,002FFF,valid,12287,0,True,
23,1,000017,1790182156.3816547,20886.265244,3.5318717999980436,candidate-measurement,002FFF,valid,12287,0,True,
23,1,000017,1790182156.573656,20886.4572457,3.723873499999172,candidate-measurement,002FFF,valid,12287,0,True,
23,1,000017,1790182156.781228,20886.6648192,3.931446999999025,candidate-measurement,002FFF,valid,12287,0,True,
23,1,000017,1790182156.9732244,20886.8568122,4.123439999999391,candidate-measurement,002FFF,valid,12287,0,True,
23,1,000017,1790182157.1652129,20887.0488032,4.31543099999908,candidate-measurement,002FFF,valid,12287,0,True,
23,1,000017,1790182157.3726277,20887.256219,4.522846799998661,candidate-measurement,002FFF,valid,12287,0,True,
23,1,000017,1790182157.5646212,20887.4482123,4.714840100001311,candidate-measurement,002FFF,valid,12287,0,True,
23,1,000017,1790182157.7566671,20887.640254,4.906881800001429,candidate-measurement,002FFF,valid,12287,0,True,
23,1,000017,1790182157.9481924,20887.8317831,5.098410899998271,candidate-measurement,002FFF,valid,12287,0,True,
23,1,000017,1790182158.1561909,20888.0397792,5.306407000000036,candidate-measurement,002FFF,valid,12287,0,True,
23,1,000017,1790182158.3481805,20888.2317689,5.49839670000074,candidate-measurement,002FFF,valid,12287,0,True,
23,1,000017,1790182158.5395982,20888.4231889,5.6898166999999376,candidate-measurement,002FFF,valid,12287,0,True,
23,1,000017,1790182158.747591,20888.6311788,5.897806599998148,candidate-measurement,002FFF,valid,12287,0,True,
23,1,000017,1790182158.9395764,20888.8231674,6.08979520000139,candidate-measurement,002FFF,valid,12287,0,True,
23,1,000017,1790182159.1311538,20889.0147423,6.281370100001368,candidate-measurement,002FFE,valid,12286,-1,True,
23,1,000017,1790182159.3391414,20889.2227323,6.48936010000034,candidate-measurement,002FFE,valid,12286,0,True,
23,1,000017,1790182159.5311565,20889.4147447,6.68137249999927,candidate-measurement,002FFE,valid,12286,0,True,
23,1,000017,1790182159.7225523,20889.6061406,6.872768400000496,candidate-measurement,002FFE,valid,12286,0,True,
23,1,000017,1790182159.914561,20889.7981493,7.064777100000356,candidate-measurement,002FFD,valid,12285,-1,True,
23,1,000017,1790182160.1221333,20890.0057212,7.27234899999894,candidate-measurement,002FFC,valid,12284,-1,True,
23,1,000017,1790182160.3141208,20890.1977086,7.46433640000032,candidate-measurement,002FFB,valid,12283,-1,True,
23,1,000017,1790182160.5055645,20890.3891518,7.6557795999979135,candidate-measurement,002FFA,valid,12282,-1,True,
23,1,000017,1790182160.7135267,20890.5971151,7.863742900000943,candidate-measurement,002FFA,valid,12282,0,True,
24,1,000018,1790182163.1594827,20893.0430371,0.1919793999986723,candidate-measurement,002FF9,valid,12281,0,True,
24,1,000018,1790182163.3514466,20893.2350349,0.3839771999992081,candidate-measurement,002FF9,valid,12281,0,True,
24,1,000018,1790182163.5430067,20893.4265966,0.5755388999969,candidate-measurement,002FF9,valid,12281,0,True,
24,1,000018,1790182163.735003,20893.6185918,0.767534099999466,candidate-measurement,002FF9,valid,12281,0,True,
24,1,000018,1790182163.9269989,20893.8105871,0.9595293999991554,candidate-measurement,002FF9,valid,12281,0,True,
24,1,000018,1790182164.1344306,20894.0180183,1.1669605999995838,candidate-measurement,002FF9,valid,12281,0,True,
24,1,000018,1790182164.3259916,20894.20958,1.3585222999972757,candidate-measurement,002FF9,valid,12281,0,True,
24,1,000018,1790182164.5179915,20894.4015795,1.5505217999998422,candidate-measurement,002FF9,valid,12281,0,True,
24,1,000018,1790182164.7099657,20894.5935566,1.742498899999191,candidate-measurement,002FF9,valid,12281,0,True,
24,1,000018,1790182164.901388,20894.7849765,1.9339187999976275,candidate-measurement,002FF9,valid,12281,0,True,
24,1,000018,1790182165.0933855,20894.9769737,2.1259159999972326,candidate-measurement,002FF8,valid,12280,-1,True,
24,1,000018,1790182165.28538,20895.1689685,2.3179107999967528,candidate-measurement,002FF8,valid,12280,0,True,
24,1,000018,1790182165.476984,20895.3605698,2.5095120999976643,candidate-measurement,002FF8,valid,12280,0,True,
24,1,000018,1790182165.6689417,20895.5525323,2.701474599998619,candidate-measurement,002FF8,valid,12280,0,True,
24,1,000018,1790182165.8769293,20895.7605192,2.909461499999452,candidate-measurement,002FF8,valid,12280,0,True,
24,1,000018,1790182166.084355,20895.967943,3.1168852999981027,candidate-measurement,002FF8,valid,12280,0,True,
24,1,000018,1790182166.2763467,20896.1599346,3.3088768999987224,candidate-measurement,002FF8,valid,12280,0,True,
24,1,000018,1790182166.4679172,20896.3515083,3.5004505999968387,candidate-measurement,002FF8,valid,12280,0,True,
24,1,000018,1790182166.65991,20896.5435002,3.6924424999997427,candidate-measurement,002FF8,valid,12280,0,True,
24,1,000018,1790182166.8513227,20896.7349137,3.88385599999674,candidate-measurement,002FF8,valid,12280,0,True,
24,1,000018,1790182167.0433302,20896.9269181,4.075860400000238,candidate-measurement,002FF8,valid,12280,0,True,
24,1,000018,1790182167.2508907,20897.134479,4.283421299998736,candidate-measurement,002FF8,valid,12280,0,True,
24,1,000018,1790182167.4428828,20897.3264737,4.4754159999974945,candidate-measurement,002FF8,valid,12280,0,True,
24,1,000018,1790182167.6348815,20897.5184711,4.6674133999986225,candidate-measurement,002FF8,valid,12280,0,True,
24,1,000018,1790182167.8423011,20897.7258899,4.874832199999219,candidate-measurement,002FF8,valid,12280,0,True,
24,1,000018,1790182168.0342934,20897.917882,5.0668243000000075,candidate-measurement,002FF8,valid,12280,0,True,
24,1,000018,1790182168.2262855,20898.1098737,5.258815999997751,candidate-measurement,002FF8,valid,12280,0,True,
24,1,000018,1790182168.417859,20898.3014497,5.450391999998828,candidate-measurement,002FF8,valid,12280,0,True,
24,1,000018,1790182168.6258445,20898.5094355,5.658377799998561,candidate-measurement,002FF8,valid,12280,0,True,
24,1,000018,1790182168.8178463,20898.7014356,5.850377899998421,candidate-measurement,002FF8,valid,12280,0,True,
24,1,000018,1790182169.009262,20898.8928504,6.041792699998041,candidate-measurement,002FF7,valid,12279,-1,True,
24,1,000018,1790182169.2172532,20899.1008413,6.249783600000228,candidate-measurement,002FF3,valid,12275,-4,True,
24,1,000018,1790182169.409242,20899.2928322,6.4417744999991555,candidate-measurement,002FEE,valid,12270,-5,True,
24,1,000018,1790182169.6008193,20899.4844087,6.633350999996765,candidate-measurement,002FED,valid,12269,-1,True,
24,1,000018,1790182169.8088086,20899.6923977,6.841339999999036,candidate-measurement,002FED,valid,12269,0,True,
24,1,000018,1790182170.000812,20899.8844001,7.033342399998219,candidate-measurement,002FEC,valid,12268,-1,True,
24,1,000018,1790182170.1922305,20900.075818,7.224760299999616,candidate-measurement,002FEA,valid,12266,-2,True,
24,1,000018,1790182170.3842216,20900.2678092,7.41675149999719,candidate-measurement,002FE9,valid,12265,-1,True,
24,1,000018,1790182170.5917904,20900.4753784,7.6243206999970425,candidate-measurement,002FE8,valid,12264,-1,True,
24,1,000018,1790182170.7837768,20900.6673657,7.816307999997662,candidate-measurement,002FE7,valid,12263,-1,True,
24,1,000018,1790182170.9757874,20900.8593755,8.008317799998622,candidate-measurement,002FE7,valid,12263,0,True,
25,1,000019,1790182173.3091257,20903.1927136,0.20799220000117202,candidate-measurement,002FE7,valid,12263,0,True,
25,1,000019,1790182173.5011375,20903.3847251,0.400003700000525,candidate-measurement,002FE7,valid,12263,0,True,
25,1,000019,1790182173.692683,20903.5762745,0.5915530999991461,candidate-measurement,002FE7,valid,12263,0,True,
25,1,000019,1790182173.900678,20903.7842678,0.7995464000014181,candidate-measurement,002FE7,valid,12263,0,True,
25,1,000019,1790182174.0921147,20903.9757028,0.990981399998418,candidate-measurement,002FE7,valid,12263,0,True,
25,1,000019,1790182174.284088,20904.1676757,1.1829542999985279,candidate-measurement,002FE7,valid,12263,0,True,
25,1,000019,1790182174.4916656,20904.3752549,1.3905334999981278,candidate-measurement,002FE7,valid,12263,0,True,
25,1,000019,1790182174.684151,20904.5677367,1.5830152999988059,candidate-measurement,002FE7,valid,12263,0,True,
25,1,000019,1790182174.8750691,20904.7586606,1.7739392000003136,candidate-measurement,002FE7,valid,12263,0,True,
25,1,000019,1790182175.0830665,20904.9666545,1.9819330999998783,candidate-measurement,002FE7,valid,12263,0,True,
25,1,000019,1790182175.275058,20905.1586473,2.1739258999987214,candidate-measurement,002FE7,valid,12263,0,True,
25,1,000019,1790182175.4666512,20905.3502397,2.3655183000009856,candidate-measurement,002FE7,valid,12263,0,True,
25,1,000019,1790182175.6586187,20905.542209,2.557487599999149,candidate-measurement,002FE6,valid,12262,-1,True,
25,1,000019,1790182175.8660371,20905.7496288,2.7649074000000837,candidate-measurement,002FE6,valid,12262,0,True,
25,1,000019,1790182176.0580342,20905.9416232,2.956901800000196,candidate-measurement,002FE6,valid,12262,0,True,
25,1,000019,1790182176.2496066,20906.1331948,3.148473400000512,candidate-measurement,002FE6,valid,12262,0,True,
25,1,000019,1790182176.4576023,20906.3411915,3.3564700999995694,candidate-measurement,002FE6,valid,12262,0,True,
25,1,000019,1790182176.6495976,20906.5331861,3.5484647000012046,candidate-measurement,002FE6,valid,12262,0,True,
25,1,000019,1790182176.8410063,20906.7245973,3.7398758999988786,candidate-measurement,002FE6,valid,12262,0,True,
25,1,000019,1790182177.0489972,20906.9325855,3.9478640999986965,candidate-measurement,002FE6,valid,12262,0,True,
25,1,000019,1790182177.2405753,20907.1241643,4.139442899999267,candidate-measurement,002FE6,valid,12262,0,True,
25,1,000019,1790182177.432566,20907.3161559,4.331434499999887,candidate-measurement,002FE6,valid,12262,0,True,
25,1,000019,1790182177.6245592,20907.5081503,4.523428899999999,candidate-measurement,002FE6,valid,12262,0,True,
25,1,000019,1790182177.832554,20907.7161452,4.731423799999902,candidate-measurement,002FE5,valid,12261,-1,True,
25,1,000019,1790182178.02455,20907.9081381,4.923416699999507,candidate-measurement,002FE3,valid,12259,-2,True,
25,1,000019,1790182178.2159626,20908.0995507,5.114829300000565,candidate-measurement,002FE0,valid,12256,-3,True,
25,1,000019,1790182178.4235322,20908.307122,5.322400599998218,candidate-measurement,002FDA,valid,12250,-6,True,
25,1,000019,1790182178.6155245,20908.4991157,5.514394300000276,candidate-measurement,002FD6,valid,12246,-4,True,
25,1,000019,1790182178.8069365,20908.6905282,5.705806800000573,candidate-measurement,002FD4,valid,12244,-2,True,
25,1,000019,1790182179.014937,20908.8985249,5.913803499999631,candidate-measurement,002FD2,valid,12242,-2,True,
25,1,000019,1790182179.206505,20909.0900957,6.105374300001131,candidate-measurement,002FD2,valid,12242,0,True,
25,1,000019,1790182179.3985057,20909.2820956,6.297374199999467,candidate-measurement,002FD1,valid,12241,-1,True,
25,1,000019,1790182179.5904977,20909.4740872,6.489365800000087,candidate-measurement,002FD0,valid,12240,-1,True,
25,1,000019,1790182179.7984936,20909.6820825,6.697361099999398,candidate-measurement,002FD0,valid,12240,0,True,
25,1,000019,1790182179.9899077,20909.8734969,6.8887754999996105,candidate-measurement,002FCF,valid,12239,-1,True,
25,1,000019,1790182180.1819143,20910.065502,7.080780600001162,candidate-measurement,002FCF,valid,12239,0,True,
25,1,000019,1790182180.3894906,20910.2730793,7.288357900000847,candidate-measurement,002FCD,valid,12237,-2,True,
25,1,000019,1790182180.5814686,20910.4650576,7.480336199998419,candidate-measurement,002FCD,valid,12237,0,True,
25,1,000019,1790182180.773468,20910.6570558,7.672334399998363,candidate-measurement,002FCD,valid,12237,0,True,
25,1,000019,1790182180.9808826,20910.8644717,7.879750299998705,candidate-measurement,002FCC,valid,12236,-1,True,
26,1,00001A,1790182183.41038,20913.2939681,0.1919906999974046,candidate-measurement,002FCA,valid,12234,-1,True,
26,1,00001A,1790182183.6023712,20913.4859596,0.3839821999972628,candidate-measurement,002FC9,valid,12233,-1,True,
26,1,00001A,1790182183.7943606,20913.6779518,0.5759743999988132,candidate-measurement,002FC9,valid,12233,0,True,
26,1,00001A,1790182183.9857764,20913.8693647,0.7673872999985178,candidate-measurement,002FC9,valid,12233,0,True,
26,1,00001A,1790182184.177771,20914.0613593,0.9593819000001531,candidate-measurement,002FC9,valid,12233,0,True,
26,1,00001A,1790182184.3693469,20914.252935,1.1509575999989465,candidate-measurement,002FC9,valid,12233,0,True,
26,1,00001A,1790182184.5613372,20914.4449284,1.3429509999987204,candidate-measurement,002FC9,valid,12233,0,True,
26,1,00001A,1790182184.752752,20914.6363418,1.5343643999985943,candidate-measurement,002FC9,valid,12233,0,True,
26,1,00001A,1790182184.960739,20914.8443297,1.7423522999997658,candidate-measurement,002FC9,valid,12233,0,True,
26,1,00001A,1790182185.1523228,20915.0359112,1.9339337999990676,candidate-measurement,002FC9,valid,12233,0,True,
26,1,00001A,1790182185.3443198,20915.2279097,2.1259322999976575,candidate-measurement,002FC9,valid,12233,0,True,
26,1,00001A,1790182185.5523639,20915.4359537,2.3339762999967206,candidate-measurement,002FC9,valid,12233,0,True,
26,1,00001A,1790182185.760298,20915.6438865,2.541909099996701,candidate-measurement,002FC7,valid,12231,-2,True,
26,1,00001A,1790182185.9517128,20915.8353039,2.733326499997929,candidate-measurement,002FC7,valid,12231,0,True,
26,1,00001A,1790182186.1437159,20916.0273038,2.9253263999999035,candidate-measurement,002FC7,valid,12231,0,True,
26,1,00001A,1790182186.3353326,20916.2189205,3.116943099998025,candidate-measurement,002FC5,valid,12229,-2,True,
26,1,00001A,1790182186.5272782,20916.4108669,3.3088895000000775,candidate-measurement,002FC3,valid,12227,-2,True,
26,1,00001A,1790182186.7186897,20916.6022804,3.500302999997075,candidate-measurement,002FC3,valid,12227,0,True,
26,1,00001A,1790182186.9267118,20916.8103033,3.7083258999991813,candidate-measurement,002FC2,valid,12226,-1,True,
26,1,00001A,1790182187.1182587,20917.0018483,3.8998708999970404,candidate-measurement,002FC2,valid,12226,0,True,
26,1,00001A,1790182187.3102536,20917.1938416,4.091864199999691,candidate-measurement,002FC2,valid,12226,0,True,
26,1,00001A,1790182187.5176687,20917.4012572,4.299279799997748,candidate-measurement,002FC1,valid,12225,-1,True,
26,1,00001A,1790182187.7096586,20917.5932485,4.491271099999722,candidate-measurement,002FC1,valid,12225,0,True,
26,1,00001A,1790182187.9012277,20917.7848188,4.6828413999974146,candidate-measurement,002FC1,valid,12225,0,True,
26,1,00001A,1790182188.0932305,20917.9768183,4.874840899999981,candidate-measurement,002FC0,valid,12224,-1,True,
26,1,00001A,1790182188.301226,20918.1848138,5.082836399997177,candidate-measurement,002FBF,valid,12223,-1,True,
26,1,00001A,1790182188.492637,20918.3762254,5.274247999997897,candidate-measurement,002FBF,valid,12223,0,True,
26,1,00001A,1790182188.6846244,20918.5682151,5.466237699998601,candidate-measurement,002FBF,valid,12223,0,True,
26,1,00001A,1790182188.8922627,20918.7758535,5.6738760999978695,candidate-measurement,002FBF,valid,12223,0,True,
26,1,00001A,1790182189.0841975,20918.9677864,5.86580899999899,candidate-measurement,002FBF,valid,12223,0,True,
26,1,00001A,1790182189.276183,20919.1597724,6.057794999996986,candidate-measurement,002FBF,valid,12223,0,True,
26,1,00001A,1790182189.4836009,20919.3671905,6.265213099999528,candidate-measurement,002FBF,valid,12223,0,True,
26,1,00001A,1790182189.675176,20919.558764,6.456786599999759,candidate-measurement,002FBF,valid,12223,0,True,
26,1,00001A,1790182189.8671703,20919.7507601,6.648782699998264,candidate-measurement,002FBF,valid,12223,0,True,
26,1,00001A,1790182190.059165,20919.9427539,6.840776499997446,candidate-measurement,002FBE,valid,12222,-1,True,
26,1,00001A,1790182190.2665792,20920.1501675,7.048190099998465,candidate-measurement,002FBD,valid,12221,-1,True,
26,1,00001A,1790182190.4585655,20920.3421547,7.240177299998322,candidate-measurement,002FBC,valid,12220,-1,True,
26,1,00001A,1790182190.6501448,20920.5337343,7.431756899997708,candidate-measurement,002FBB,valid,12219,-1,True,
26,1,00001A,1790182190.8581338,20920.7417253,7.639747899997019,candidate-measurement,002FBB,valid,12219,0,True,
26,1,00001A,1790182191.0501294,20920.9337172,7.831739799999923,candidate-measurement,002FBA,valid,12218,-1,True,
27,1,00001B,1790182193.5274734,20923.4110615,0.19141769999987446,candidate-measurement,002FB8,valid,12216,-1,True,
27,1,00001B,1790182193.7194653,20923.6030539,0.38341009999930975,candidate-measurement,002FB7,valid,12215,-1,True,
27,1,00001B,1790182193.9114552,20923.7950458,0.5754020000022138,candidate-measurement,002FB7,valid,12215,0,True,
27,1,00001B,1790182194.1030335,20923.9866223,0.7669784999998228,candidate-measurement,002FB7,valid,12215,0,True,
27,1,00001B,1790182194.2950275,20924.1786158,0.9589720000003581,candidate-measurement,002FB7,valid,12215,0,True,
27,1,00001B,1790182194.4870164,20924.370607,1.15096320000157,candidate-measurement,002FB7,valid,12215,0,True,
27,1,00001B,1790182194.6784325,20924.5620223,1.3423785000013595,candidate-measurement,002FB6,valid,12214,-1,True,
27,1,00001B,1790182194.8704283,20924.7540184,1.5343745999998646,candidate-measurement,002FB5,valid,12213,-1,True,
27,1,00001B,1790182195.0624235,20924.9460133,1.7263695000001462,candidate-measurement,002FB5,valid,12213,0,True,
27,1,00001B,1790182195.253989,20925.1375782,1.9179344000003766,candidate-measurement,002FB3,valid,12211,-2,True,
27,1,00001B,1790182195.445996,20925.3295846,2.1099408000009134,candidate-measurement,002FB2,valid,12210,-1,True,
27,1,00001B,1790182195.6373994,20925.5209905,2.3013467000018863,candidate-measurement,002FB1,valid,12209,-1,True,
27,1,00001B,1790182195.829405,20925.7129931,2.493349300002592,candidate-measurement,002FB0,valid,12208,-1,True,
27,1,00001B,1790182196.0373895,20925.9209783,2.701334500001394,candidate-measurement,002FB0,valid,12208,0,True,
27,1,00001B,1790182196.2289743,20926.1125623,2.8929185000015423,candidate-measurement,002FAF,valid,12207,-1,True,
27,1,00001B,1790182196.4209528,20926.3045428,3.0848990000013146,candidate-measurement,002FAF,valid,12207,0,True,
27,1,00001B,1790182196.6129556,20926.4965449,3.276901100001851,candidate-measurement,002FAD,valid,12205,-2,True,
27,1,00001B,1790182196.8209443,20926.7045349,3.484891100000823,candidate-measurement,002FAD,valid,12205,0,True,
27,1,00001B,1790182197.0123613,20926.8959495,3.6763057000025583,candidate-measurement,002FAD,valid,12205,0,True,
27,1,00001B,1790182197.204352,20927.0879411,3.86829729999954,candidate-measurement,002FAD,valid,12205,0,True,
27,1,00001B,1790182197.4119263,20927.295515,4.075871200002439,candidate-measurement,002FAD,valid,12205,0,True,
27,1,00001B,1790182197.6039224,20927.4875103,4.267866500002128,candidate-measurement,002FAD,valid,12205,0,True,
27,1,00001B,1790182197.795329,20927.6789203,4.459276500001579,candidate-measurement,002FAD,valid,12205,0,True,
27,1,00001B,1790182198.0033228,20927.8869122,4.6672684000004665,candidate-measurement,002FAD,valid,12205,0,True,
27,1,00001B,1790182198.1949055,20928.0784933,4.85884950000036,candidate-measurement,002FAD,valid,12205,0,True,
27,1,00001B,1790182198.3868911,20928.2704808,5.0508370000025025,candidate-measurement,002FAC,valid,12204,-1,True,
27,1,00001B,1790182198.578306,20928.4618966,5.242252800002461,candidate-measurement,002FAC,valid,12204,0,True,
27,1,00001B,1790182198.7862985,20928.6698895,5.4502457000016875,candidate-measurement,002FAB,valid,12203,-1,True,
27,1,00001B,1790182198.9782934,20928.8618834,5.642239600001631,candidate-measurement,002FAB,valid,12203,0,True,
27,1,00001B,1790182199.1698778,20929.0534657,5.833821899999748,candidate-measurement,002FA9,valid,12201,-2,True,
27,1,00001B,1790182199.3778658,20929.2614537,6.041809900001681,candidate-measurement,002FA9,valid,12201,0,True,
27,1,00001B,1790182199.5698547,20929.453444,6.233800199999678,candidate-measurement,002FA8,valid,12200,-1,True,
27,1,00001B,1790182199.7618504,20929.6454409,6.425797100000636,candidate-measurement,002FA7,valid,12199,-1,True,
27,1,00001B,1790182199.9692628,20929.8528505,6.633206700000301,candidate-measurement,002FA7,valid,12199,0,True,
27,1,00001B,1790182200.161288,20930.0448757,6.825231900002109,candidate-measurement,002FA6,valid,12198,-1,True,
27,1,00001B,1790182200.3528259,20930.236414,7.016770199999883,candidate-measurement,002FA6,valid,12198,0,True,
27,1,00001B,1790182200.5448315,20930.4284201,7.208776300001773,candidate-measurement,002FA6,valid,12198,0,True,
27,1,00001B,1790182200.7528112,20930.6363996,7.4167558000008285,candidate-measurement,002FA5,valid,12197,-1,True,
27,1,00001B,1790182200.9442298,20930.8278212,7.608177400001296,candidate-measurement,002FA5,valid,12197,0,True,
27,1,00001B,1790182201.136223,20931.0198113,7.8001675000014075,candidate-measurement,002FA5,valid,12197,0,True,
27,1,00001B,1790182201.34383,20931.2273945,8.007750700002362,candidate-measurement,002FA5,valid,12197,0,True,
28,1,00001C,1790182203.6617281,20933.5453162,0.19199000000298838,candidate-measurement,002FA5,valid,12197,0,True,
28,1,00001C,1790182203.853724,20933.7373121,0.38398589999997057,candidate-measurement,002FA5,valid,12197,0,True,
28,1,00001C,1790182204.0611334,20933.9447231,0.5913969000030193,candidate-measurement,002FA5,valid,12197,0,True,
28,1,00001C,1790182204.2531261,20934.1367146,0.7833884000028775,candidate-measurement,002FA5,valid,12197,0,True,
28,1,00001C,1790182204.4447014,20934.32829,0.9749638000030245,candidate-measurement,002FA5,valid,12197,0,True,
28,1,00001C,1790182204.6527097,20934.5362993,1.1829731000034371,candidate-measurement,002FA5,valid,12197,0,True,
28,1,00001C,1790182204.8446817,20934.7282725,1.3749463000021933,candidate-measurement,002FA5,valid,12197,0,True,
28,1,00001C,1790182205.0361037,20934.919692,1.566365800001222,candidate-measurement,002FA5,valid,12197,0,True,
28,1,00001C,1790182205.2441008,20935.1276906,1.774364400000195,candidate-measurement,002FA5,valid,12197,0,True,
28,1,00001C,1790182205.4360948,20935.3196838,1.966357600002084,candidate-measurement,002FA5,valid,12197,0,True,
28,1,00001C,1790182205.627668,20935.5112571,2.1579309000007925,candidate-measurement,002FA5,valid,12197,0,True,
28,1,00001C,1790182205.8356469,20935.7192357,2.365909500000271,candidate-measurement,002FA5,valid,12197,0,True,
28,1,00001C,1790182206.0276492,20935.9112375,2.5579113000021607,candidate-measurement,002FA5,valid,12197,0,True,
28,1,00001C,1790182206.219067,20936.1026552,2.749329000002035,candidate-measurement,002FA5,valid,12197,0,True,
28,1,00001C,1790182206.4110553,20936.2946451,2.941318900000624,candidate-measurement,002FA5,valid,12197,0,True,
28,1,00001C,1790182206.6190505,20936.5026384,3.149312200002896,candidate-measurement,002FA3,valid,12195,-2,True,
28,1,00001C,1790182206.8106208,20936.6942116,3.340885400000843,candidate-measurement,002FA3,valid,12195,0,True,
28,1,00001C,1790182207.0026233,20936.8862117,3.5328855000007025,candidate-measurement,002FA3,valid,12195,0,True,
28,1,00001C,1790182207.2100294,20937.0936189,3.740292700000282,candidate-measurement,002FA3,valid,12195,0,True,
28,1,00001C,1790182207.4020276,20937.2856175,3.9322913000032713,candidate-measurement,002FA3,valid,12195,0,True,
28,1,00001C,1790182207.5940163,20937.477605,4.124278800001775,candidate-measurement,002FA2,valid,12194,-1,True,
28,1,00001C,1790182207.8015924,20937.6851804,4.331854200001544,candidate-measurement,002FA1,valid,12193,-1,True,
28,1,00001C,1790182207.9935887,20937.8771772,4.523851000001741,candidate-measurement,002FA0,valid,12192,-1,True,
28,1,00001C,1790182208.1855903,20938.069178,4.715851800003293,candidate-measurement,002F9F,valid,12191,-1,True,
28,1,00001C,1790182208.3775775,20938.2611662,4.907840000003489,candidate-measurement,002F9F,valid,12191,0,True,
28,1,00001C,1790182208.5849905,20938.4685799,5.115253700001631,candidate-measurement,002F9F,valid,12191,0,True,
28,1,00001C,1790182208.776977,20938.6605673,5.3072411000030115,candidate-measurement,002F9F,valid,12191,0,True,
28,1,00001C,1790182208.9685585,20938.8521469,5.498820700002398,candidate-measurement,002F9F,valid,12191,0,True,
28,1,00001C,1790182209.1765463,20939.0601348,5.706808599999931,candidate-measurement,002F9F,valid,12191,0,True,
28,1,00001C,1790182209.3685434,20939.2521334,5.898807200002921,candidate-measurement,002F9F,valid,12191,0,True,
28,1,00001C,1790182209.560531,20939.444121,6.090794800002186,candidate-measurement,002F9F,valid,12191,0,True,
28,1,00001C,1790182209.7519488,20939.6355391,6.282212900001468,candidate-measurement,002F9F,valid,12191,0,True,
28,1,00001C,1790182209.9599586,20939.8435495,6.490223300002981,candidate-measurement,002F9F,valid,12191,0,True,
28,1,00001C,1790182210.1515806,20940.0351689,6.681842700003472,candidate-measurement,002F9F,valid,12191,0,True,
28,1,00001C,1790182210.3435154,20940.2271033,6.873777100001462,candidate-measurement,002F9F,valid,12191,0,True,
28,1,00001C,1790182210.5515084,20940.435098,7.08177180000348,candidate-measurement,002F9E,valid,12190,-1,True,
28,1,00001C,1790182210.7434971,20940.6270878,7.273761600001308,candidate-measurement,002F9E,valid,12190,0,True,
28,1,00001C,1790182210.9349127,20940.8185012,7.465175000001182,candidate-measurement,002F9E,valid,12190,0,True,
28,1,00001C,1790182211.1429098,20941.0264983,7.673172100003285,candidate-measurement,002F9E,valid,12190,0,True,
28,1,00001C,1790182211.3349016,20941.2184923,7.865166100000351,candidate-measurement,002F9E,valid,12190,0,True,
29,1,00001D,1790182213.7804036,20943.6639919,0.1919904000023962,candidate-measurement,002F9E,valid,12190,0,True,
29,1,00001D,1790182213.972409,20943.8559975,0.3839960000004794,candidate-measurement,002F9E,valid,12190,0,True,
29,1,00001D,1790182214.1638143,20944.0474032,0.5754016999999294,candidate-measurement,002F9E,valid,12190,0,True,
29,1,00001D,1790182214.3558114,20944.2393992,0.767397700001311,candidate-measurement,002F9E,valid,12190,0,True,
29,1,00001D,1790182214.5477922,20944.4313828,0.9593813000028604,candidate-measurement,002F9E,valid,12190,0,True,
29,1,00001D,1790182214.7393718,20944.6229612,1.150959700000385,candidate-measurement,002F9E,valid,12190,0,True,
29,1,00001D,1790182214.9313607,20944.814952,1.342950500002189,candidate-measurement,002F9E,valid,12190,0,True,
29,1,00001D,1790182215.1393614,20945.0229493,1.5509478000021772,candidate-measurement,002F9E,valid,12190,0,True,
29,1,00001D,1790182215.330774,20945.2143641,1.7423626000017975,candidate-measurement,002F9E,valid,12190,0,True,
29,1,00001D,1790182215.5227716,20945.4063604,1.9343589000018255,candidate-measurement,002F9E,valid,12190,0,True,
29,1,00001D,1790182215.7303395,20945.6139287,2.141927200002101,candidate-measurement,002F9E,valid,12190,0,True,
29,1,00001D,1790182215.9223342,20945.8059236,2.3339221000023826,candidate-measurement,002F9D,valid,12189,-1,True,
29,1,00001D,1790182216.1143305,20945.9979193,2.52591780000148,candidate-measurement,002F9D,valid,12189,0,True,
29,1,00001D,1790182216.3057454,20946.1893336,2.717332100000931,candidate-measurement,002F98,valid,12184,-5,True,
29,1,00001D,1790182216.5133302,20946.3969205,2.924919000000955,candidate-measurement,002F94,valid,12180,-4,True,
29,1,00001D,1790182216.7053084,20946.5888971,3.1168956000001344,candidate-measurement,002F93,valid,12179,-1,True,
29,1,00001D,1790182216.8973038,20946.780895,3.3088935000014317,candidate-measurement,002F93,valid,12179,0,True,
29,1,00001D,1790182217.1047156,20946.9883055,3.516304000000673,candidate-measurement,002F92,valid,12178,-1,True,
29,1,00001D,1790182217.2962916,20947.1798797,3.7078782000025967,candidate-measurement,002F91,valid,12177,-1,True,
29,1,00001D,1790182217.4882793,20947.3718706,3.899869100001524,candidate-measurement,002F90,valid,12176,-1,True,
29,1,00001D,1790182217.6962771,20947.5798669,4.107865400001174,candidate-measurement,002F8F,valid,12175,-1,True,
29,1,00001D,1790182217.8882709,20947.771859,4.299857500001963,candidate-measurement,002F8E,valid,12174,-1,True,
29,1,00001D,1790182218.0796852,20947.9632741,4.491272600000229,candidate-measurement,002F8D,valid,12173,-1,True,
29,1,00001D,1790182218.2716827,20948.1552711,4.68326960000195,candidate-measurement,002F8D,valid,12173,0,True,
29,1,00001D,1790182218.4792528,20948.3628417,4.8908402000015485,candidate-measurement,002F8D,valid,12173,0,True,
29,1,00001D,1790182218.6712458,20948.5548361,5.082834600001661,candidate-measurement,002F8D,valid,12173,0,True,
29,1,00001D,1790182218.8632395,20948.7468299,5.2748284000008425,candidate-measurement,002F8D,valid,12173,0,True,
29,1,00001D,1790182219.0706658,20948.954254,5.482252500001778,candidate-measurement,002F8D,valid,12173,0,True,
29,1,00001D,1790182219.262233,20949.1458219,5.673820400003024,candidate-measurement,002F8D,valid,12173,0,True,
29,1,00001D,1790182219.454216,20949.3378062,5.865804700002627,candidate-measurement,002F8D,valid,12173,0,True,
29,1,00001D,1790182219.6622112,20949.5458016,6.0738001000027,candidate-measurement,002F8D,valid,12173,0,True,
29,1,00001D,1790182219.8536308,20949.737219,6.26521750000029,candidate-measurement,002F8D,valid,12173,0,True,
29,1,00001D,1790182220.0456402,20949.9292295,6.457228000002942,candidate-measurement,002F8D,valid,12173,0,True,
29,1,00001D,1790182220.2376158,20950.1212036,6.6492021000012755,candidate-measurement,002F8D,valid,12173,0,True,
29,1,00001D,1790182220.4452193,20950.3288096,6.856808100001217,candidate-measurement,002F8D,valid,12173,0,True,
29,1,00001D,1790182220.6371815,20950.5207712,7.048769700002595,candidate-measurement,002F8B,valid,12171,-2,True,
29,1,00001D,1790182220.829178,20950.7127673,7.2407658000011,candidate-measurement,002F8B,valid,12171,0,True,
29,1,00001D,1790182221.0365822,20950.9201703,7.44816880000144,candidate-measurement,002F8B,valid,12171,0,True,
29,1,00001D,1790182221.22858,20951.1121707,7.640169199999946,candidate-measurement,002F8B,valid,12171,0,True,
29,1,00001D,1790182221.4205701,20951.3041612,7.832159700003103,candidate-measurement,002F8B,valid,12171,0,True,
30,1,00001E,1790182223.8975012,20953.7810895,0.19141160000071977,candidate-measurement,002F8B,valid,12171,0,True,
30,1,00001E,1790182224.0894928,20953.9730809,0.38340299999981653,candidate-measurement,002F8B,valid,12171,0,True,
30,1,00001E,1790182224.2810714,20954.1646593,0.5749814000009792,candidate-measurement,002F88,valid,12168,-3,True,
30,1,00001E,1790182224.4730542,20954.3566426,0.7669647000002442,candidate-measurement,002F7F,valid,12159,-9,True,
30,1,00001E,1790182224.6650496,20954.5486401,0.9589622000021336,candidate-measurement,002F79,valid,12153,-6,True,
30,1,00001E,1790182224.856464,20954.7400539,1.1503760000014154,candidate-measurement,002F76,valid,12150,-3,True,
30,1,00001E,1790182225.0484672,20954.9320559,1.3423780000011902,candidate-measurement,002F73,valid,12147,-3,True,
30,1,00001E,1790182225.240455,20955.1240441,1.5343662000013865,candidate-measurement,002F72,valid,12146,-1,True,
30,1,00001E,1790182225.432029,20955.3156195,1.7259416000015335,candidate-measurement,002F6E,valid,12142,-4,True,
30,1,00001E,1790182225.6240258,20955.5076149,1.9179370000019844,candidate-measurement,002F6B,valid,12139,-3,True,
30,1,00001E,1790182225.8160162,20955.6996065,2.109928599998966,candidate-measurement,002F67,valid,12135,-4,True,
30,1,00001E,1790182226.0074322,20955.8910205,2.3013425999997708,candidate-measurement,002F65,valid,12133,-2,True,
30,1,00001E,1790182226.1994216,20956.0830095,2.4933315999987826,candidate-measurement,002F64,valid,12132,-1,True,
30,1,00001E,1790182226.4069908,20956.2905806,2.700902700002189,candidate-measurement,002F62,valid,12130,-2,True,
30,1,00001E,1790182226.598992,20956.4825814,2.892903500000102,candidate-measurement,002F61,valid,12129,-1,True,
30,1,00001E,1790182226.7909794,20956.6745679,3.0848900000019057,candidate-measurement,002F5E,valid,12126,-3,True,
30,1,00001E,1790182226.9823985,20956.8659869,3.276309000000765,candidate-measurement,002F5D,valid,12125,-1,True,
30,1,00001E,1790182227.174389,20957.0579781,3.468300200001977,candidate-measurement,002F5C,valid,12124,-1,True,
30,1,00001E,1790182227.3659647,20957.2495556,3.6598776999999245,candidate-measurement,002F59,valid,12121,-3,True,
30,1,00001E,1790182227.5739563,20957.4575476,3.8678696999995736,candidate-measurement,002F57,valid,12119,-2,True,
30,1,00001E,1790182227.7653773,20957.6489675,4.059289600001648,candidate-measurement,002F55,valid,12117,-2,True,
30,1,00001E,1790182227.957375,20957.8409631,4.251285199999984,candidate-measurement,002F52,valid,12114,-3,True,
30,1,00001E,1790182228.1650047,20958.0485935,4.458915600000182,candidate-measurement,002F51,valid,12113,-1,True,
30,1,00001E,1790182228.356938,20958.2405255,4.650847600001725,candidate-measurement,002F4F,valid,12111,-2,True,
30,1,00001E,1790182228.5489318,20958.4325208,4.842842900001415,candidate-measurement,002F4D,valid,12109,-2,True,
30,1,00001E,1790182228.7409203,20958.6245111,5.034833199999412,candidate-measurement,002F4C,valid,12108,-1,True,
30,1,00001E,1790182228.9483445,20958.8319359,5.242258000002039,candidate-measurement,002F4B,valid,12107,-1,True,
30,1,00001E,1790182229.1403303,20959.0239183,5.434240400001727,candidate-measurement,002F4B,valid,12107,0,True,
30,1,00001E,1790182229.3319068,20959.2154961,5.625818200001959,candidate-measurement,002F4B,valid,12107,0,True,
30,1,00001E,1790182229.5398893,20959.4234802,5.833802299999661,candidate-measurement,002F4B,valid,12107,0,True,
30,1,00001E,1790182229.7318876,20959.6154771,6.02579920000062,candidate-measurement,002F4A,valid,12106,-1,True,
30,1,00001E,1790182229.923305,20959.8068955,6.217217600002186,candidate-measurement,002F48,valid,12104,-2,True,
30,1,00001E,1790182230.1313033,20960.014891,6.425213099999382,candidate-measurement,002F47,valid,12103,-1,True,
30,1,00001E,1790182230.3228734,20960.2064615,6.616783600002236,candidate-measurement,002F45,valid,12101,-2,True,
30,1,00001E,1790182230.5148683,20960.3984574,6.808779499999218,candidate-measurement,002F45,valid,12101,0,True,
30,1,00001E,1790182230.7068563,20960.5904467,7.000768800000515,candidate-measurement,002F44,valid,12100,-1,True,
30,1,00001E,1790182230.9142885,20960.797878,7.208200100001704,candidate-measurement,002F44,valid,12100,0,True,
30,1,00001E,1790182231.1062698,20960.9898583,7.400180399999954,candidate-measurement,002F44,valid,12100,0,True,
30,1,00001E,1790182231.2982655,20961.1818557,7.592177800001082,candidate-measurement,002F44,valid,12100,0,True,
30,1,00001E,1790182231.506248,20961.3898389,7.800160999999207,candidate-measurement,002F44,valid,12100,0,True,
30,1,00001E,1790182231.6978233,20961.581414,7.991736100000708,candidate-measurement,002F41,valid,12097,-3,True,
31,1,00001F,1790182234.0151818,20963.8987699,0.19141809999928228,candidate-measurement,002F39,valid,12089,-6,True,
31,1,00001F,1790182234.2071733,20964.0907614,0.3834095999991405,candidate-measurement,002F36,valid,12086,-3,True,
31,1,00001F,1790182234.3987381,20964.282327,0.5749752000010631,candidate-measurement,002F34,valid,12084,-2,True,
31,1,00001F,1790182234.590734,20964.4743252,0.7669734000010067,candidate-measurement,002F33,valid,12083,-1,True,
31,1,00001F,1790182234.7981527,20964.6817408,0.9743889999990643,candidate-measurement,002F33,valid,12083,0,True,
31,1,00001F,1790182234.9901435,20964.8737323,1.1663804999989225,candidate-measurement,002F32,valid,12082,-1,True,
31,1,00001F,1790182235.182134,20965.0657235,1.3583717000001343,candidate-measurement,002F32,valid,12082,0,True,
31,1,00001F,1790182235.3897114,20965.2733005,1.5659487000011723,candidate-measurement,002F32,valid,12082,0,True,
31,1,00001F,1790182235.5817,20965.4652905,1.7579387000005227,candidate-measurement,002F32,valid,12082,0,True,
31,1,00001F,1790182235.7736938,20965.6572849,1.949933100000635,candidate-measurement,002F2B,valid,12075,-7,True,
31,1,00001F,1790182235.9651165,20965.8487052,2.1413533999984793,candidate-measurement,002F1D,valid,12061,-14,True,
31,1,00001F,1790182236.1731071,20966.0566953,2.3493435000018508,candidate-measurement,002F1A,valid,12058,-3,True,
31,1,00001F,1790182236.3646815,20966.2482698,2.5409179999987828,candidate-measurement,002F18,valid,12056,-2,True,
31,1,00001F,1790182236.556671,20966.4402612,2.7329094000015175,candidate-measurement,002F15,valid,12053,-3,True,
31,1,00001F,1790182236.764089,20966.6476769,2.9403251000003365,candidate-measurement,002F12,valid,12050,-3,True,
31,1,00001F,1790182236.9560807,20966.8396693,3.132317499999772,candidate-measurement,002F0F,valid,12047,-3,True,
31,1,00001F,1790182237.147654,20967.0312425,3.323890700001357,candidate-measurement,002F0E,valid,12046,-1,True,
31,1,00001F,1790182237.3556445,20967.2392351,3.5318833000019367,candidate-measurement,002F0D,valid,12045,-1,True,
31,1,00001F,1790182237.5476274,20967.4312188,3.7238670000006096,candidate-measurement,002F0B,valid,12043,-2,True,
31,1,00001F,1790182237.739066,20967.6226546,3.915302800000063,candidate-measurement,002F0B,valid,12043,0,True,
31,1,00001F,1790182237.9466321,20967.8302234,4.122871600000508,candidate-measurement,002F0B,valid,12043,0,True,
31,1,00001F,1790182238.138638,20968.0222251,4.314873300001636,candidate-measurement,002F0B,valid,12043,0,True,
31,1,00001F,1790182238.330035,20968.2136226,4.506270800000493,candidate-measurement,002F09,valid,12041,-2,True,
31,1,00001F,1790182238.5220213,20968.4056126,4.698260799999844,candidate-measurement,002F08,valid,12040,-1,True,
31,1,00001F,1790182238.7296007,20968.6131898,4.9058379999987665,candidate-measurement,002F07,valid,12039,-1,True,
31,1,00001F,1790182238.9215922,20968.8051828,5.0978309999991325,candidate-measurement,002F05,valid,12037,-2,True,
31,1,00001F,1790182239.1135945,20968.9971835,5.289831699999922,candidate-measurement,002F03,valid,12035,-2,True,
31,1,00001F,1790182239.3215876,20969.2051765,5.49782469999991,candidate-measurement,002F03,valid,12035,0,True,
31,1,00001F,1790182239.5129962,20969.3965859,5.689234100002068,candidate-measurement,002F03,valid,12035,0,True,
31,1,00001F,1790182239.704996,20969.5885872,5.8812354000001505,candidate-measurement,002F00,valid,12032,-3,True,
31,1,00001F,1790182239.9125602,20969.7961516,6.088799799999833,candidate-measurement,002EFD,valid,12029,-3,True,
31,1,00001F,1790182240.1045566,20969.9881459,6.280794099999184,candidate-measurement,002EFB,valid,12027,-2,True,
31,1,00001F,1790182240.2965622,20970.1801502,6.4727984000019205,candidate-measurement,002EF8,valid,12024,-3,True,
31,1,00001F,1790182240.4879627,20970.3715507,6.664198900001793,candidate-measurement,002EF7,valid,12023,-1,True,
31,1,00001F,1790182240.6959555,20970.5795465,6.872194700001273,candidate-measurement,002EF5,valid,12021,-2,True,
31,1,00001F,1790182240.8875296,20970.7711209,7.063769100001082,candidate-measurement,002EF3,valid,12019,-2,True,
31,1,00001F,1790182241.079531,20970.9631192,7.255767400001787,candidate-measurement,002EF2,valid,12018,-1,True,
31,1,00001F,1790182241.2882442,20971.1718321,7.464480300001014,candidate-measurement,002EF1,valid,12017,-1,True,
31,1,00001F,1790182241.4795177,20971.3631058,7.655753999999433,candidate-measurement,002EF1,valid,12017,0,True,
31,1,00001F,1790182241.6709282,20971.5545186,7.8471668000020145,candidate-measurement,002EF1,valid,12017,0,True,
