payload_index,trial_index,payload_hex,timestamp,monotonic_s,elapsed_candidate_s,phase,rx_bytes_hex,reply_kind,raw_position,delta_counts,valid,note
1,1,00001F,1790189863.888083,28593.7716687,0.2020014000008814,candidate-warmup,001046,valid,4166,-331,True,
1,1,00001F,1790189864.0800574,28593.963645,0.39397770000141463,candidate-warmup,001046,valid,4166,0,True,
1,1,00001F,1790189864.2720487,28594.1556371,0.5859698000022036,candidate-warmup,001046,valid,4166,0,True,
1,1,00001F,1790189864.4794567,28594.3630454,0.793378100002883,candidate-warmup,001046,valid,4166,0,True,
1,1,00001F,1790189864.6714602,28594.5550501,0.9853828000013891,candidate-warmup,001045,valid,4165,-1,True,
1,1,00001F,1790189864.863032,28594.7466209,1.1769536000028893,candidate-warmup,001045,valid,4165,0,True,
1,1,00001F,1790189865.055018,28594.9386057,1.368938400002662,candidate-warmup,001044,valid,4164,-1,True,
1,1,00001F,1790189865.2630126,28595.1466014,1.576934100001381,candidate-warmup,001043,valid,4163,-1,True,
1,1,00001F,1790189865.4550061,28595.3385949,1.7689276000019163,candidate-warmup,001043,valid,4163,0,True,
1,1,00001F,1790189865.6464226,28595.5300122,1.960344900002383,candidate-warmup,001043,valid,4163,0,True,
1,1,00001F,1790189865.8544202,28595.7380075,2.168340200001694,candidate-warmup,001041,valid,4161,-2,True,
1,1,00001F,1790189866.0464354,28595.9300213,2.3603540000003704,candidate-warmup,001040,valid,4160,-1,True,
1,1,00001F,1790189866.2379892,28596.1215775,2.5519101999998384,candidate-warmup,00103F,valid,4159,-1,True,
1,1,00001F,1790189866.4459813,28596.3295693,2.7599020000016026,candidate-warmup,00103F,valid,4159,0,True,
1,1,00001F,1790189866.6379743,28596.5215623,2.9518950000019686,candidate-warmup,00103E,valid,4158,-1,True,
1,1,00001F,1790189866.8293881,28596.712976,3.143308700000489,candidate-warmup,00103D,valid,4157,-1,True,
1,1,00001F,1790189867.0213788,28596.9049669,3.3352996000030544,candidate-warmup,00103B,valid,4155,-2,True,
1,1,00001F,1790189867.2289503,28597.1125395,3.5428722000033304,candidate-warmup,001039,valid,4153,-2,True,
1,1,00001F,1790189867.4209442,28597.3045324,3.734865100002935,candidate-warmup,001038,valid,4152,-1,True,
1,1,00001F,1790189867.6129448,28597.4965332,3.9268659000008483,candidate-warmup,001037,valid,4151,-1,True,
1,1,00001F,1790189867.820354,28597.7039426,4.134275300002628,candidate-warmup,001035,valid,4149,-2,True,
1,1,00001F,1790189868.0123477,28597.8959372,4.326269900000625,candidate-warmup,001035,valid,4149,0,True,
1,1,00001F,1790189868.2039154,28598.0875042,4.517836900002294,candidate-warmup,001034,valid,4148,-1,True,
1,1,00001F,1790189868.4119148,28598.2955031,4.725835799999913,candidate-warmup,001033,valid,4147,-1,True,
1,1,00001F,1790189868.6039052,28598.4874932,4.917825900000025,candidate-warmup,001031,valid,4145,-2,True,
1,1,00001F,1790189868.795322,28598.6789107,5.109243400002015,candidate-warmup,00102F,valid,4143,-2,True,
1,1,00001F,1790189868.9873152,28598.8709047,5.301237400002719,candidate-warmup,00102E,valid,4142,-1,True,
1,1,00001F,1790189869.195306,28599.0788942,5.509226900001522,candidate-warmup,00102D,valid,4141,-1,True,
1,1,00001F,1790189869.38688,28599.2704693,5.700802000003023,candidate-warmup,00102D,valid,4141,0,True,
1,1,00001F,1790189869.578877,28599.4624677,5.892800400000851,candidate-warmup,00102B,valid,4139,-2,True,
1,1,00001F,1790189869.7868698,28599.670458,6.100790700002108,candidate-warmup,00102B,valid,4139,0,True,
1,1,00001F,1790189869.978866,28599.8624542,6.292786900001374,candidate-warmup,00102B,valid,4139,0,True,
1,1,00001F,1790189870.1702785,28600.0538683,6.48420100000294,candidate-warmup,001029,valid,4137,-2,True,
1,1,00001F,1790189870.3782716,28600.2618602,6.692192900001828,candidate-warmup,001027,valid,4135,-2,True,
1,1,00001F,1790189870.5698407,28600.4534291,6.883761800003413,candidate-warmup,001026,valid,4134,-1,True,
1,1,00001F,1790189870.7618372,28600.6454266,7.075759300001664,candidate-warmup,001026,valid,4134,0,True,
1,1,00001F,1790189870.9538493,28600.8374361,7.26776880000034,candidate-warmup,001026,valid,4134,0,True,
1,1,00001F,1790189871.161823,28601.045412,7.475744700001087,candidate-warmup,001020,valid,4128,-6,True,
1,1,00001F,1790189871.3532364,28601.236826,7.667158700001892,candidate-warmup,00101B,valid,4123,-5,True,
1,1,00001F,1790189871.545232,28601.4288207,7.85915340000065,candidate-warmup,001019,valid,4121,-2,True,
1,1,00001F,1790189871.7527964,28601.6363852,8.066717900001095,candidate-warmup,001017,valid,4119,-2,True,
1,1,00001F,1790189871.9447978,28601.8283881,8.258720800000447,candidate-warmup,001015,valid,4117,-2,True,
1,1,00001F,1790189872.1367977,28602.0203871,8.450719800002844,candidate-warmup,001015,valid,4117,0,True,
1,1,00001F,1790189872.3441966,28602.2277849,8.658117599999969,candidate-warmup,001015,valid,4117,0,True,
1,1,00001F,1790189872.5362027,28602.4197912,8.850123900003382,candidate-warmup,001014,valid,4116,-1,True,
1,1,00001F,1790189872.7277749,28602.6113634,9.04169610000099,candidate-warmup,001014,valid,4116,0,True,
1,1,00001F,1790189872.9197614,28602.8033525,9.233685200000764,candidate-warmup,001014,valid,4116,0,True,
1,1,00001F,1790189873.1277583,28603.0113472,9.441679900002782,candidate-warmup,001011,valid,4113,-3,True,
1,1,00001F,1790189873.3197548,28603.2033445,9.633677200003149,candidate-warmup,001005,valid,4101,-12,True,
1,1,00001F,1790189873.5117524,28603.3953409,9.8256736000003,candidate-warmup,000FFF,valid,4095,-6,True,
1,1,00001F,1790189873.7191553,28603.6027434,10.033076100000471,candidate-warmup,000FFC,valid,4092,-3,True,
1,1,00001F,1790189873.9111571,28603.7947464,10.225079100000585,candidate-warmup,000FFB,valid,4091,-1,True,
1,1,00001F,1790189874.103153,28603.9867434,10.417076100002305,candidate-warmup,000FF8,valid,4088,-3,True,
1,1,00001F,1790189874.2947254,28604.1783138,10.60864650000076,candidate-warmup,000FF7,valid,4087,-1,True,
1,1,00001F,1790189874.5027237,28604.3863123,10.816645000002609,candidate-warmup,000FF5,valid,4085,-2,True,
1,1,00001F,1790189874.6947134,28604.5783031,11.008635800000775,candidate-warmup,000FF3,valid,4083,-2,True,
1,1,00001F,1790189874.8861234,28604.7697143,11.200047000002087,candidate-warmup,000FF1,valid,4081,-2,True,
1,1,00001F,1790189875.0941086,28604.9776972,11.408029900001566,candidate-warmup,000FF0,valid,4080,-1,True,
1,1,00001F,1790189875.2861154,28605.1697051,11.60003780000261,candidate-warmup,000FEF,valid,4079,-1,True,
1,1,00001F,1790189875.477678,28605.3612678,11.79160050000064,candidate-warmup,000FEE,valid,4078,-1,True,
1,1,00001F,1790189875.6856713,28605.5692616,11.999594300003082,candidate-warmup,000FED,valid,4077,-1,True,
1,1,00001F,1790189875.8776789,28605.7612667,12.191599400000996,candidate-warmup,000FED,valid,4077,0,True,
1,1,00001F,1790189876.0690827,28605.9526729,12.383005600000615,candidate-warmup,000FED,valid,4077,0,True,
1,1,00001F,1790189876.261089,28606.144677,12.575009700001829,candidate-warmup,000FEB,valid,4075,-2,True,
1,1,00001F,1790189876.46908,28606.3526685,12.783001200001308,candidate-warmup,000FEA,valid,4074,-1,True,
1,1,00001F,1790189876.660646,28606.5442361,12.97456880000027,candidate-warmup,000FE9,valid,4073,-1,True,
1,1,00001F,1790189876.852645,28606.7362334,13.166566100000637,candidate-warmup,000FE8,valid,4072,-1,True,
1,1,00001F,1790189877.0606282,28606.9442166,13.3745493000024,candidate-warmup,000FE6,valid,4070,-2,True,
1,1,00001F,1790189877.2526305,28607.1362194,13.56655210000099,candidate-warmup,000FE5,valid,4069,-1,True,
1,1,00001F,1790189877.4440436,28607.3276312,13.757963900003233,candidate-warmup,000FE5,valid,4069,0,True,
1,1,00001F,1790189877.6520405,28607.5356292,13.965961900001275,candidate-warmup,000FE4,valid,4068,-1,True,
1,1,00001F,1790189877.8596141,28607.7432028,14.17353550000189,candidate-warmup,000FE2,valid,4066,-2,True,
1,1,00001F,1790189878.0516045,28607.9351936,14.365526300000056,candidate-warmup,000FE0,valid,4064,-2,True,
1,1,00001F,1790189878.2435958,28608.1271841,14.557516800003214,candidate-warmup,000FDE,valid,4062,-2,True,
1,1,00001F,1790189878.435017,28608.3186059,14.748938600001566,candidate-warmup,000FDB,valid,4059,-3,True,
1,1,00001F,1790189878.6270077,28608.5105975,14.940930200002185,candidate-warmup,000FDA,valid,4058,-1,True,
1,1,00001F,1790189878.8185759,28608.7021645,15.132497200000216,candidate-warmup,000FD9,valid,4057,-1,True,
1,1,00001F,1790189879.0265665,28608.9101567,15.340489400001388,candidate-warmup,000FD7,valid,4055,-2,True,
1,1,00001F,1790189879.2185602,28609.1021499,15.532482600003277,candidate-warmup,000FD5,valid,4053,-2,True,
1,1,00001F,1790189879.410556,28609.2941454,15.724478100000852,candidate-warmup,000FD3,valid,4051,-2,True,
1,1,00001F,1790189879.6179674,28609.5015577,15.931890400002885,candidate-warmup,000FD3,valid,4051,0,True,
1,1,00001F,1790189879.8099682,28609.6935568,16.123889500002406,candidate-warmup,000FD3,valid,4051,0,True,
1,1,00001F,1790189880.0015411,28609.8851322,16.315464900002553,candidate-warmup,000FD2,valid,4050,-1,True,
1,1,00001F,1790189880.193536,28610.0771246,16.507457300001988,candidate-warmup,000FD1,valid,4049,-1,True,
1,1,00001F,1790189880.4015315,28610.2851199,16.7154526000013,candidate-warmup,000FD0,valid,4048,-1,True,
1,1,00001F,1790189880.5929425,28610.4765326,16.90686530000312,candidate-warmup,000FCF,valid,4047,-1,True,
1,1,00001F,1790189880.7845197,28610.6681085,17.098441199999797,candidate-warmup,000FCD,valid,4045,-2,True,
1,1,00001F,1790189880.9925122,28610.8761012,17.30643390000114,candidate-warmup,000FCD,valid,4045,0,True,
1,1,00001F,1790189881.1845005,28611.0680901,17.498422800003027,candidate-warmup,000FCC,valid,4044,-1,True,
1,1,00001F,1790189881.376494,28611.2600829,17.69041560000187,candidate-warmup,000FCC,valid,4044,0,True,
1,1,00001F,1790189881.583904,28611.4674943,17.89782700000069,candidate-warmup,000FCC,valid,4044,0,True,
1,1,00001F,1790189881.775915,28611.6595029,18.089835599999788,candidate-warmup,000FCC,valid,4044,0,True,
1,1,00001F,1790189881.9674683,28611.8510595,18.2813922000023,candidate-warmup,000FCC,valid,4044,0,True,
1,1,00001F,1790189882.1594732,28612.0430641,18.473396800000046,candidate-warmup,000FCB,valid,4043,-1,True,
1,1,00001F,1790189882.366888,28612.2504762,18.680808900000557,candidate-warmup,000FC4,valid,4036,-7,True,
1,1,00001F,1790189882.5588844,28612.4424727,18.872805400002107,candidate-warmup,000FC0,valid,4032,-4,True,
1,1,00001F,1790189882.750866,28612.6344544,19.064787100000103,candidate-warmup,000FBE,valid,4030,-2,True,
1,1,00001F,1790189882.9584513,28612.8420394,19.27237210000021,candidate-warmup,000FBD,valid,4029,-1,True,
1,1,00001F,1790189883.1504357,28613.0340249,19.464357600001676,candidate-warmup,000FBB,valid,4027,-2,True,
1,1,00001F,1790189883.3424385,28613.2260267,19.65635939999993,candidate-warmup,000FBB,valid,4027,0,True,
1,1,00001F,1790189883.5498514,28613.4334397,19.863772400000016,candidate-warmup,000FBB,valid,4027,0,True,
1,1,00001F,1790189883.7418423,28613.6254307,20.055763400003343,candidate-measurement,000FBA,valid,4026,-1,True,
1,1,00001F,1790189883.9338355,28613.8174242,20.24775690000024,candidate-measurement,000FBA,valid,4026,0,True,
1,1,00001F,1790189884.1254132,28614.0090024,20.43933509999988,candidate-measurement,000FBA,valid,4026,0,True,
1,1,00001F,1790189884.3333967,28614.2169848,20.647317500002828,candidate-measurement,000FB8,valid,4024,-2,True,
1,1,00001F,1790189884.5248153,28614.4084061,20.83873880000101,candidate-measurement,000FB3,valid,4019,-5,True,
1,1,00001F,1790189884.71681,28614.6003985,21.030731200000446,candidate-measurement,000FAA,valid,4010,-9,True,
1,1,00001F,1790189884.9243693,28614.8079585,21.238291200003005,candidate-measurement,000FA7,valid,4007,-3,True,
1,1,00001F,1790189885.1163895,28614.9999787,21.43031140000312,candidate-measurement,000FA5,valid,4005,-2,True,
1,1,00001F,1790189885.3083754,28615.1919639,21.6222966000023,candidate-measurement,000FA4,valid,4004,-1,True,
1,1,00001F,1790189885.5157788,28615.3993673,21.82970000000205,candidate-measurement,000FA2,valid,4002,-2,True,
1,1,00001F,1790189885.70778,28615.5913687,22.021701400000893,candidate-measurement,000FA1,valid,4001,-1,True,
1,1,00001F,1790189885.8993537,28615.7829425,22.21327520000341,candidate-measurement,000FA0,valid,4000,-1,True,
1,1,00001F,1790189886.0913446,28615.9749336,22.40526630000022,candidate-measurement,000F9E,valid,3998,-2,True,
1,1,00001F,1790189886.299336,28616.1829238,22.613256500000716,candidate-measurement,000F9D,valid,3997,-1,True,
1,1,00001F,1790189886.490758,28616.3743463,22.80467900000076,candidate-measurement,000F9B,valid,3995,-2,True,
1,1,00001F,1790189886.6827426,28616.5663321,22.99666480000087,candidate-measurement,000F98,valid,3992,-3,True,
1,1,00001F,1790189886.8903205,28616.7739091,23.20424180000191,candidate-measurement,000F96,valid,3990,-2,True,
1,1,00001F,1790189887.0823085,28616.9658996,23.39623230000143,candidate-measurement,000F95,valid,3989,-1,True,
1,1,00001F,1790189887.2743015,28617.157891,23.588223700000526,candidate-measurement,000F94,valid,3988,-1,True,
1,1,00001F,1790189887.4817147,28617.3653047,23.795637400002306,candidate-measurement,000F93,valid,3987,-1,True,
1,1,00001F,1790189887.6737463,28617.5573344,23.987667100002,candidate-measurement,000F93,valid,3987,0,True,
1,1,00001F,1790189887.86571,28617.7492988,24.17963150000287,candidate-measurement,000F91,valid,3985,-2,True,
1,1,00001F,1790189888.0577052,28617.9412953,24.371628000000783,candidate-measurement,000F8F,valid,3983,-2,True,
1,1,00001F,1790189888.2652977,28618.1488854,24.579218100003345,candidate-measurement,000F8E,valid,3982,-1,True,
1,1,00001F,1790189888.4572623,28618.340851,24.77118370000244,candidate-measurement,000F8C,valid,3980,-2,True,
1,1,00001F,1790189888.6486819,28618.5322709,24.962603600000875,candidate-measurement,000F8B,valid,3979,-1,True,
1,1,00001F,1790189888.8566756,28618.7402638,25.1705965000001,candidate-measurement,000F89,valid,3977,-2,True,
1,1,00001F,1790189889.048662,28618.9322533,25.36258600000292,candidate-measurement,000F87,valid,3975,-2,True,
1,1,00001F,1790189889.240252,28619.123843,25.554175700002816,candidate-measurement,000F85,valid,3973,-2,True,
1,1,00001F,1790189889.4482403,28619.3318286,25.762161300001026,candidate-measurement,000F83,valid,3971,-2,True,
1,1,00001F,1790189889.640223,28619.5238136,25.95414630000232,candidate-measurement,000F81,valid,3969,-2,True,
1,1,00001F,1790189889.8322265,28619.715815,26.146147700001166,candidate-measurement,000F80,valid,3968,-1,True,
1,1,00001F,1790189890.0236306,28619.9072213,26.337554000001546,candidate-measurement,000F80,valid,3968,0,True,
1,1,00001F,1790189890.231633,28620.1152209,26.545553600000858,candidate-measurement,000F7F,valid,3967,-1,True,
1,1,00001F,1790189890.4231977,28620.3067869,26.73711960000219,candidate-measurement,000F7D,valid,3965,-2,True,
1,1,00001F,1790189890.615206,28620.4987946,26.92912730000171,candidate-measurement,000F7C,valid,3964,-1,True,
1,1,00001F,1790189890.8231888,28620.7067776,27.13711030000195,candidate-measurement,000F7B,valid,3963,-1,True,
1,1,00001F,1790189891.0146065,28620.8981967,27.32852940000157,candidate-measurement,000F7A,valid,3962,-1,True,
1,1,00001F,1790189891.2065928,28621.0901826,27.520515300002444,candidate-measurement,000F79,valid,3961,-1,True,
1,1,00001F,1790189891.4141746,28621.2977634,27.728096100003313,candidate-measurement,000F79,valid,3961,0,True,
1,1,00001F,1790189891.6061678,28621.4897556,27.920088300001225,candidate-measurement,000F79,valid,3961,0,True,
1,1,00001F,1790189891.7981615,28621.6817496,28.11208230000193,candidate-measurement,000F79,valid,3961,0,True,
1,1,00001F,1790189891.989574,28621.8731625,28.303495200001635,candidate-measurement,000F78,valid,3960,-1,True,
1,1,00001F,1790189892.1972153,28622.0808056,28.51113830000031,candidate-measurement,000F78,valid,3960,0,True,
1,1,00001F,1790189892.3891451,28622.2727337,28.703066400001262,candidate-measurement,000F76,valid,3958,-2,True,
1,1,00001F,1790189892.5811403,28622.4647283,28.895061000002897,candidate-measurement,000F75,valid,3957,-1,True,
1,1,00001F,1790189892.7891328,28622.6727209,29.10305359999984,candidate-measurement,000F74,valid,3956,-1,True,
1,1,00001F,1790189892.980549,28622.8641376,29.294470300003013,candidate-measurement,000F73,valid,3955,-1,True,
1,1,00001F,1790189893.1721165,28623.0557064,29.4860391000002,candidate-measurement,000F72,valid,3954,-1,True,
1,1,00001F,1790189893.380116,28623.2637039,29.69403660000171,candidate-measurement,000F72,valid,3954,0,True,
1,1,00001F,1790189893.5721045,28623.4556928,29.88602549999996,candidate-measurement,000F72,valid,3954,0,True,
1,1,00001F,1790189893.7640972,28623.647686,30.07801870000185,candidate-measurement,000F72,valid,3954,0,True,
1,1,00001F,1790189893.955504,28623.839095,30.26942770000096,candidate-measurement,000F72,valid,3954,0,True,
1,1,00001F,1790189894.1635044,28624.0470948,30.477427500001795,candidate-measurement,000F71,valid,3953,-1,True,
1,1,00001F,1790189894.3554997,28624.2390884,30.669421100003092,candidate-measurement,000F6C,valid,3948,-5,True,
1,1,00001F,1790189894.5474904,28624.4310791,30.861411800000496,candidate-measurement,000F67,valid,3943,-5,True,
1,1,00001F,1790189894.7550583,28624.6386474,31.068980100000772,candidate-measurement,000F66,valid,3942,-1,True,
1,1,00001F,1790189894.9470615,28624.8306524,31.260985100001562,candidate-measurement,000F63,valid,3939,-3,True,
1,1,00001F,1790189895.139054,28625.0226443,31.45297700000083,candidate-measurement,000F62,valid,3938,-1,True,
1,1,00001F,1790189895.346456,28625.2300459,31.660378600001422,candidate-measurement,000F61,valid,3937,-1,True,
1,1,00001F,1790189895.5384662,28625.4220558,31.852388500003144,candidate-measurement,000F61,valid,3937,0,True,
1,1,00001F,1790189895.7300403,28625.6136282,32.043960900002276,candidate-measurement,000F60,valid,3936,-1,True,
1,1,00001F,1790189895.9220254,28625.8056158,32.23594850000154,candidate-measurement,000F60,valid,3936,0,True,
1,1,00001F,1790189896.1300194,28626.013608,32.44394070000271,candidate-measurement,000F60,valid,3936,0,True,
1,1,00001F,1790189896.3214383,28626.2050266,32.635359300002165,candidate-measurement,000F5D,valid,3933,-3,True,
1,1,00001F,1790189896.5134192,28626.3970093,32.8273420000005,candidate-measurement,000F51,valid,3921,-12,True,
1,1,00001F,1790189896.7210026,28626.6045907,33.0349234000023,candidate-measurement,000F4C,valid,3916,-5,True,
1,1,00001F,1790189896.91299,28626.7965791,33.22691180000038,candidate-measurement,000F49,valid,3913,-3,True,
1,1,00001F,1790189897.104411,28626.9880001,33.41833279999992,candidate-measurement,000F47,valid,3911,-2,True,
1,1,00001F,1790189897.3123941,28627.1959843,33.62631700000202,candidate-measurement,000F45,valid,3909,-2,True,
1,1,00001F,1790189897.5039785,28627.387568,33.81790069999988,candidate-measurement,000F43,valid,3907,-2,True,
1,1,00001F,1790189897.6959743,28627.5795633,34.00989600000321,candidate-measurement,000F41,valid,3905,-2,True,
1,1,00001F,1790189897.8879669,28627.7715555,34.20188820000112,candidate-measurement,000F3E,valid,3902,-3,True,
1,1,00001F,1790189898.0953739,28627.9789641,34.40929680000045,candidate-measurement,000F3C,valid,3900,-2,True,
1,1,00001F,1790189898.2873769,28628.1709648,34.60129750000124,candidate-measurement,000F3B,valid,3899,-1,True,
1,1,00001F,1790189898.4789462,28628.3625347,34.79286740000316,candidate-measurement,000F39,valid,3897,-2,True,
1,1,00001F,1790189898.6869442,28628.5705327,35.0008654000012,candidate-measurement,000F39,valid,3897,0,True,
1,1,00001F,1790189898.8789363,28628.7625243,35.19285700000182,candidate-measurement,000F39,valid,3897,0,True,
1,1,00001F,1790189899.0709233,28628.9545136,35.38484630000312,candidate-measurement,000F37,valid,3895,-2,True,
1,1,00001F,1790189899.2783391,28629.1619293,35.59226200000194,candidate-measurement,000F35,valid,3893,-2,True,
1,1,00001F,1790189899.4703383,28629.3539274,35.78426010000112,candidate-measurement,000F35,valid,3893,0,True,
1,1,00001F,1790189899.6618998,28629.5454912,35.97582390000025,candidate-measurement,000F33,valid,3891,-2,True,
1,1,00001F,1790189899.8539052,28629.7374935,36.16782620000231,candidate-measurement,000F31,valid,3889,-2,True,
1,1,00001F,1790189900.0618896,28629.9454801,36.37581280000086,candidate-measurement,000F31,valid,3889,0,True,
1,1,00001F,1790189900.2533035,28630.1368946,36.56722730000183,candidate-measurement,000F30,valid,3888,-1,True,
1,1,00001F,1790189900.4453232,28630.3289117,36.75924440000017,candidate-measurement,000F2E,valid,3886,-2,True,
1,1,00001F,1790189900.6528764,28630.5364656,36.96679829999994,candidate-measurement,000F2C,valid,3884,-2,True,
1,1,00001F,1790189900.8448715,28630.7284593,37.158792000001995,candidate-measurement,000F2A,valid,3882,-2,True,
1,1,00001F,1790189901.0368626,28630.9204514,37.350784100002784,candidate-measurement,000F28,valid,3880,-2,True,
1,1,00001F,1790189901.2442765,28631.1278658,37.55819850000262,candidate-measurement,000F27,valid,3879,-1,True,
1,1,00001F,1790189901.4362628,28631.3198537,37.75018640000053,candidate-measurement,000F27,valid,3879,0,True,
1,1,00001F,1790189901.627846,28631.5114346,37.94176730000254,candidate-measurement,000F26,valid,3878,-1,True,
1,1,00001F,1790189901.819841,28631.7034295,38.13376220000282,candidate-measurement,000F25,valid,3877,-1,True,
1,1,00001F,1790189902.0278394,28631.9114281,38.34176080000179,candidate-measurement,000F23,valid,3875,-2,True,
1,1,00001F,1790189902.219247,28632.102837,38.533169700000144,candidate-measurement,000F21,valid,3873,-2,True,
1,1,00001F,1790189902.4112399,28632.2948285,38.7251612,candidate-measurement,000F20,valid,3872,-1,True,
1,1,00001F,1790189902.6188095,28632.5023984,38.93273110000155,candidate-measurement,000F1F,valid,3871,-1,True,
1,1,00001F,1790189902.8108027,28632.6943916,39.1247242999998,candidate-measurement,000F1F,valid,3871,0,True,
1,1,00001F,1790189903.0028005,28632.8863893,39.31672200000321,candidate-measurement,000F1F,valid,3871,0,True,
1,1,00001F,1790189903.1947904,28633.0783801,39.508712800001376,candidate-measurement,000F1E,valid,3870,-1,True,
1,1,00001F,1790189903.402214,28633.2858024,39.71613510000316,candidate-measurement,000F1E,valid,3870,0,True,
1,1,00001F,1790189903.5942085,28633.4777968,39.90812950000327,candidate-measurement,000F1D,valid,3869,-1,True,
1,1,00001F,1790189903.7861972,28633.6697853,40.10011800000211,candidate-measurement,000F1B,valid,3867,-2,True,
1,1,00001F,1790189903.9937756,28633.8773641,40.307696800002304,candidate-measurement,000F1A,valid,3866,-1,True,
1,1,00001F,1790189904.18577,28634.0693612,40.49969390000115,candidate-measurement,000F19,valid,3865,-1,True,
1,1,00001F,1790189904.377752,28634.2613406,40.69167329999982,candidate-measurement,000F19,valid,3865,0,True,
1,1,00001F,1790189904.5857482,28634.4693368,40.89966950000235,candidate-measurement,000F18,valid,3864,-1,True,
1,1,00001F,1790189904.7771673,28634.6607557,41.091088400000444,candidate-measurement,000F18,valid,3864,0,True,
1,1,00001F,1790189904.969153,28634.8527416,41.28307430000132,candidate-measurement,000F18,valid,3864,0,True,
1,1,00001F,1790189905.160733,28635.044322,41.47465470000316,candidate-measurement,000F18,valid,3864,0,True,
1,1,00001F,1790189905.3687308,28635.2523191,41.68265180000162,candidate-measurement,000F18,valid,3864,0,True,
1,1,00001F,1790189905.560137,28635.4437281,41.874060800000734,candidate-measurement,000F18,valid,3864,0,True,
1,1,00001F,1790189905.7521276,28635.6357166,42.066049300003215,candidate-measurement,000F16,valid,3862,-2,True,
1,1,00001F,1790189905.959704,28635.843292,42.27362470000298,candidate-measurement,000F0D,valid,3853,-9,True,
1,1,00001F,1790189906.1516907,28636.0352814,42.4656141000014,candidate-measurement,000F09,valid,3849,-4,True,
1,1,00001F,1790189906.3436928,28636.227281,42.65761370000109,candidate-measurement,000F07,valid,3847,-2,True,
1,1,00001F,1790189906.551109,28636.4346996,42.865032300000166,candidate-measurement,000F06,valid,3846,-1,True,
1,1,00001F,1790189906.7431047,28636.6266935,43.05702620000011,candidate-measurement,000F06,valid,3846,0,True,
1,1,00001F,1790189906.935089,28636.8186792,43.2490119000031,candidate-measurement,000F06,valid,3846,0,True,
1,1,00001F,1790189907.1266701,28637.0102596,43.4405923000013,candidate-measurement,000F05,valid,3845,-1,True,
1,1,00001F,1790189907.334658,28637.218248,43.64858070000264,candidate-measurement,000EFF,valid,3839,-6,True,
1,1,00001F,1790189907.526686,28637.4102756,43.840608300000895,candidate-measurement,000EF7,valid,3831,-8,True,
1,1,00001F,1790189907.7186513,28637.6022399,44.032572600001004,candidate-measurement,000EF3,valid,3827,-4,True,
1,1,00001F,1790189907.926062,28637.8096506,44.23998330000177,candidate-measurement,000EF0,valid,3824,-3,True,
1,1,00001F,1790189908.1176527,28638.0012425,44.431575200000225,candidate-measurement,000EEE,valid,3822,-2,True,
1,1,00001F,1790189908.3096309,28638.1932189,44.62355160000152,candidate-measurement,000EED,valid,3821,-1,True,
1,1,00001F,1790189908.517621,28638.4012111,44.83154380000269,candidate-measurement,000EEB,valid,3819,-2,True,
1,1,00001F,1790189908.7096188,28638.5932071,45.023539800000435,candidate-measurement,000EE9,valid,3817,-2,True,
1,1,00001F,1790189908.9010317,28638.7846207,45.21495340000183,candidate-measurement,000EE7,valid,3815,-2,True,
1,1,00001F,1790189909.0930214,28638.9766117,45.40694440000152,candidate-measurement,000EE5,valid,3813,-2,True,
1,1,00001F,1790189909.3010237,28639.1846129,45.6149456000021,candidate-measurement,000EE3,valid,3811,-2,True,
1,1,00001F,1790189909.492592,28639.3761821,45.80651480000233,candidate-measurement,000EE2,valid,3810,-1,True,
1,1,00001F,1790189909.684587,28639.5681751,45.9985078000027,candidate-measurement,000EE1,valid,3809,-1,True,
1,1,00001F,1790189909.8925827,28639.776171,46.20650370000294,candidate-measurement,000EE0,valid,3808,-1,True,
1,1,00001F,1790189910.0839977,28639.9675863,46.39791900000273,candidate-measurement,000EDF,valid,3807,-1,True,
1,1,00001F,1790189910.2759874,28640.1595764,46.58990910000284,candidate-measurement,000EDF,valid,3807,0,True,
1,1,00001F,1790189910.4839833,28640.3675722,46.79790490000232,candidate-measurement,000EDF,valid,3807,0,True,
1,1,00001F,1790189910.6915498,28640.575139,47.00547170000209,candidate-measurement,000EDE,valid,3806,-1,True,
1,1,00001F,1790189910.8835456,28640.7671345,47.1974672000033,candidate-measurement,000EDC,valid,3804,-2,True,
1,1,00001F,1790189911.075537,28640.9591271,47.38945980000062,candidate-measurement,000EDB,valid,3803,-1,True,
1,1,00001F,1790189911.2675407,28641.1511295,47.581462199999805,candidate-measurement,000ED9,valid,3801,-2,True,
1,1,00001F,1790189911.4589462,28641.3425363,47.772869000000355,candidate-measurement,000ED7,valid,3799,-2,True,
1,1,00001F,1790189911.6509686,28641.5345591,47.96489180000208,candidate-measurement,000ED7,valid,3799,0,True,
1,1,00001F,1790189911.8585172,28641.7421059,48.17243860000235,candidate-measurement,000ED5,valid,3797,-2,True,
1,1,00001F,1790189912.050532,28641.93412,48.36445270000331,candidate-measurement,000ED3,valid,3795,-2,True,
1,1,00001F,1790189912.2419155,28642.1255047,48.55583740000293,candidate-measurement,000ED1,valid,3793,-2,True,
1,1,00001F,1790189912.4499135,28642.3335018,48.763834500001394,candidate-measurement,000ECF,valid,3791,-2,True,
1,1,00001F,1790189912.6575196,28642.5411088,48.971441500001674,candidate-measurement,000ECD,valid,3789,-2,True,
1,1,00001F,1790189912.8494787,28642.7330671,49.16339980000339,candidate-measurement,000ECC,valid,3788,-1,True,
1,1,00001F,1790189913.041479,28642.9250681,49.355400800002826,candidate-measurement,000ECA,valid,3786,-2,True,
1,1,00001F,1790189913.233472,28643.1170612,49.547393900000316,candidate-measurement,000EC8,valid,3784,-2,True,
1,1,00001F,1790189913.424878,28643.3084677,49.73880040000222,candidate-measurement,000EC6,valid,3782,-2,True,
1,1,00001F,1790189913.6168764,28643.5004673,49.93080000000191,candidate-measurement,000EC5,valid,3781,-1,True,
1,1,00001F,1790189913.824452,28643.7080402,50.13837290000083,candidate-measurement,000EC5,valid,3781,0,True,
1,1,00001F,1790189914.0164335,28643.9000238,50.33035650000238,candidate-measurement,000EC5,valid,3781,0,True,
1,1,00001F,1790189914.208439,28644.0920278,50.52236050000283,candidate-measurement,000EC5,valid,3781,0,True,
1,1,00001F,1790189914.4164348,28644.3000229,50.73035560000062,candidate-measurement,000EC3,valid,3779,-2,True,
1,1,00001F,1790189914.6238444,28644.5074344,50.9377671000002,candidate-measurement,000EC3,valid,3779,0,True,
1,1,00001F,1790189914.8158405,28644.6994288,51.12976150000031,candidate-measurement,000EC3,valid,3779,0,True,
1,1,00001F,1790189915.0074115,28644.8909998,51.32133250000334,candidate-measurement,000EC2,valid,3778,-1,True,
1,1,00001F,1790189915.1994061,28645.0829967,51.51332940000066,candidate-measurement,000EC0,valid,3776,-2,True,
1,1,00001F,1790189915.391401,28645.2749892,51.705321900000854,candidate-measurement,000EBF,valid,3775,-1,True,
1,1,00001F,1790189915.5833974,28645.4669866,51.89731930000198,candidate-measurement,000EBF,valid,3775,0,True,
1,1,00001F,1790189915.7908108,28645.6743996,52.10473230000207,candidate-measurement,000EBE,valid,3774,-1,True,
1,1,00001F,1790189915.982376,28645.8659661,52.29629879999993,candidate-measurement,000EBE,valid,3774,0,True,
1,1,00001F,1790189916.1743798,28646.0579674,52.48830010000165,candidate-measurement,000EBE,valid,3774,0,True,
1,1,00001F,1790189916.3823757,28646.265964,52.69629669999995,candidate-measurement,000EBE,valid,3774,0,True,
1,1,00001F,1790189916.5743642,28646.457952,52.88828470000226,candidate-measurement,000EBE,valid,3774,0,True,
1,1,00001F,1790189916.765782,28646.6493707,53.07970340000247,candidate-measurement,000EBD,valid,3773,-1,True,
1,1,00001F,1790189916.9578032,28646.8413936,53.27172630000132,candidate-measurement,000EB9,valid,3769,-4,True,
1,1,00001F,1790189917.1653519,28647.0489403,53.47927300000083,candidate-measurement,000EB2,valid,3762,-7,True,
1,1,00001F,1790189917.3573353,28647.2409257,53.671258400001534,candidate-measurement,000EAF,valid,3759,-3,True,
1,1,00001F,1790189917.5493228,28647.4329137,53.86324640000021,candidate-measurement,000EAD,valid,3757,-2,True,
1,1,00001F,1790189917.75675,28647.6403386,54.07067129999996,candidate-measurement,000EAD,valid,3757,0,True,
1,1,00001F,1790189917.948737,28647.8323264,54.26265910000075,candidate-measurement,000EAB,valid,3755,-2,True,
1,1,00001F,1790189918.1403203,28648.0239085,54.45424120000098,candidate-measurement,000EAB,valid,3755,0,True,
1,1,00001F,1790189918.3483036,28648.2318921,54.66222480000215,candidate-measurement,000EAB,valid,3755,0,True,
1,1,00001F,1790189918.5402863,28648.4238774,54.85421010000209,candidate-measurement,000EAB,valid,3755,0,True,
1,1,00001F,1790189918.7317145,28648.6153028,55.04563550000239,candidate-measurement,000EAB,valid,3755,0,True,
1,1,00001F,1790189918.9237103,28648.8072988,55.237631500000134,candidate-measurement,000EA9,valid,3753,-2,True,
1,1,00001F,1790189919.1312954,28649.0148836,55.44521630000236,candidate-measurement,000E9F,valid,3743,-10,True,
1,1,00001F,1790189919.3232763,28649.2068642,55.63719690000289,candidate-measurement,000E98,valid,3736,-7,True,
1,1,00001F,1790189919.5152645,28649.3988551,55.82918780000182,candidate-measurement,000E94,valid,3732,-4,True,
1,1,00001F,1790189919.7232642,28649.6068522,56.037184900000284,candidate-measurement,000E92,valid,3730,-2,True,
1,1,00001F,1790189919.914677,28649.7982659,56.22859860000244,candidate-measurement,000E8F,valid,3727,-3,True,
1,1,00001F,1790189920.1062443,28649.9898354,56.42016810000132,candidate-measurement,000E8D,valid,3725,-2,True,
1,1,00001F,1790189920.3142471,28650.1978355,56.6281682000008,candidate-measurement,000E89,valid,3721,-4,True,
1,1,00001F,1790189920.5062327,28650.3898235,56.82015620000311,candidate-measurement,000E87,valid,3719,-2,True,
1,1,00001F,1790189920.6976533,28650.5812415,57.01157420000163,candidate-measurement,000E86,valid,3718,-1,True,
1,1,00001F,1790189920.8896484,28650.7732367,57.20356940000056,candidate-measurement,000E85,valid,3717,-1,True,
1,1,00001F,1790189921.0972295,28650.9808177,57.41115040000295,candidate-measurement,000E85,valid,3717,0,True,
1,1,00001F,1790189921.289212,28651.1728024,57.603135100001964,candidate-measurement,000E84,valid,3716,-1,True,
1,1,00001F,1790189921.4811966,28651.3647871,57.795119800000975,candidate-measurement,000E84,valid,3716,0,True,
1,1,00001F,1790189921.6886241,28651.5722121,58.00254480000149,candidate-measurement,000E82,valid,3714,-2,True,
1,1,00001F,1790189921.880191,28651.7637802,58.19411290000062,candidate-measurement,000E81,valid,3713,-1,True,
1,1,00001F,1790189922.072181,28651.9557715,58.38610420000259,candidate-measurement,000E7F,valid,3711,-2,True,
1,1,00001F,1790189922.280183,28652.1637706,58.594103300001734,candidate-measurement,000E7D,valid,3709,-2,True,
1,1,00001F,1790189922.4875932,28652.3711829,58.80151560000013,candidate-measurement,000E7D,valid,3709,0,True,
1,1,00001F,1790189922.6796064,28652.5631944,58.99352710000312,candidate-measurement,000E7B,valid,3707,-2,True,
1,1,00001F,1790189922.8711622,28652.7547506,59.18508330000259,candidate-measurement,000E79,valid,3705,-2,True,
1,1,00001F,1790189923.0631454,28652.9467344,59.37706710000202,candidate-measurement,000E76,valid,3702,-3,True,
1,1,00001F,1790189923.2551532,28653.1387415,59.569074200000614,candidate-measurement,000E72,valid,3698,-4,True,
1,1,00001F,1790189923.4465585,28653.3301478,59.760480500000995,candidate-measurement,000E71,valid,3697,-1,True,
1,1,00001F,1790189923.6545517,28653.5381398,59.968472500000644,candidate-measurement,000E6F,valid,3695,-2,True,
1,1,00001F,1790189923.84655,28653.7301381,60.16047080000135,candidate-measurement,000E6D,valid,3693,-2,True,
1,1,00001F,1790189924.0381253,28653.9217148,60.35204750000048,candidate-measurement,000E6C,valid,3692,-1,True,
1,1,00001F,1790189924.246114,28654.1297053,60.56003800000326,candidate-measurement,000E6B,valid,3691,-1,True,
1,1,00001F,1790189924.4535284,28654.3371164,60.767449099999794,candidate-measurement,000E6B,valid,3691,0,True,
1,1,00001F,1790189924.645518,28654.5291086,60.959441300001345,candidate-measurement,000E6B,valid,3691,0,True,
1,1,00001F,1790189924.8375223,28654.7211103,61.15144300000247,candidate-measurement,000E6B,valid,3691,0,True,
1,1,00001F,1790189925.0290916,28654.9126809,61.34301360000245,candidate-measurement,000E69,valid,3689,-2,True,
1,1,00001F,1790189925.2210972,28655.104688,61.53502070000104,candidate-measurement,000E69,valid,3689,0,True,
1,1,00001F,1790189925.4125028,28655.2960926,61.72642530000303,candidate-measurement,000E69,valid,3689,0,True,
1,1,00001F,1790189925.620521,28655.5041108,61.93444350000209,candidate-measurement,000E67,valid,3687,-2,True,
1,1,00001F,1790189925.8124886,28655.6960765,62.126409200001945,candidate-measurement,000E65,valid,3685,-2,True,
1,1,00001F,1790189926.004057,28655.8876463,62.317979000003106,candidate-measurement,000E65,valid,3685,0,True,
1,1,00001F,1790189926.2120585,28656.0956462,62.525978900001064,candidate-measurement,000E65,valid,3685,0,True,
1,1,00001F,1790189926.404045,28656.2876333,62.71796600000016,candidate-measurement,000E64,valid,3684,-1,True,
1,1,00001F,1790189926.5954578,28656.4790462,62.909378899999865,candidate-measurement,000E64,valid,3684,0,True,
1,1,00001F,1790189926.787034,28656.6706226,63.10095530000035,candidate-measurement,000E64,valid,3684,0,True,
1,1,00001F,1790189926.9950259,28656.8786154,63.30894810000245,candidate-measurement,000E64,valid,3684,0,True,
1,1,00001F,1790189927.1870253,28657.0706133,63.50094600000011,candidate-measurement,000E64,valid,3684,0,True,
1,1,00001F,1790189927.3790195,28657.2626082,63.692940900000394,candidate-measurement,000E63,valid,3683,-1,True,
1,1,00001F,1790189927.5864465,28657.4700359,63.900368600003276,candidate-measurement,000E5C,valid,3676,-7,True,
1,1,00001F,1790189927.778418,28657.6620068,64.09233950000271,candidate-measurement,000E58,valid,3672,-4,True,
1,1,00001F,1790189927.9704087,28657.8539989,64.28433159999986,candidate-measurement,000E55,valid,3669,-3,True,
1,1,00001F,1790189928.1779943,28658.0615826,64.49191530000098,candidate-measurement,000E53,valid,3667,-2,True,
1,1,00001F,1790189928.3699784,28658.2535666,64.68389930000194,candidate-measurement,000E51,valid,3665,-2,True,
1,1,00001F,1790189928.5613883,28658.4449795,64.87531220000164,candidate-measurement,000E51,valid,3665,0,True,
1,1,00001F,1790189928.7533863,28658.6369754,65.06730810000226,candidate-measurement,000E51,valid,3665,0,True,
1,1,00001F,1790189928.9613876,28658.8449755,65.27530820000175,candidate-measurement,000E51,valid,3665,0,True,
1,1,00001F,1790189929.1529584,28659.0365472,65.46687990000282,candidate-measurement,000E51,valid,3665,0,True,
1,1,00001F,1790189929.344954,28659.2285434,65.65887610000209,candidate-measurement,000E50,valid,3664,-1,True,
1,1,00001F,1790189929.552364,28659.4359544,65.8662871000015,candidate-measurement,000E4A,valid,3658,-6,True,
1,1,00001F,1790189929.7443488,28659.6279381,66.05827080000017,candidate-measurement,000E3F,valid,3647,-11,True,
1,1,00001F,1790189929.9363465,28659.8199355,66.2502682000013,candidate-measurement,000E3B,valid,3643,-4,True,
1,1,00001F,1790189930.1439269,28660.0275163,66.45784900000217,candidate-measurement,000E38,valid,3640,-3,True,
1,1,00001F,1790189930.3359177,28660.2195063,66.64983900000152,candidate-measurement,000E35,valid,3637,-3,True,
1,1,00001F,1790189930.527333,28660.4109235,66.84125620000123,candidate-measurement,000E30,valid,3632,-5,True,
1,1,00001F,1790189930.7193346,28660.6029227,67.03325540000151,candidate-measurement,000E2C,valid,3628,-4,True,
1,1,00001F,1790189930.9268992,28660.8104894,67.24082210000051,candidate-measurement,000E2B,valid,3627,-1,True,
1,1,00001F,1790189931.1189055,28661.0024934,67.43282610000097,candidate-measurement,000E2A,valid,3626,-1,True,
1,1,00001F,1790189931.3108895,28661.1944783,67.6248110000015,candidate-measurement,000E29,valid,3625,-1,True,
1,1,00001F,1790189931.5189002,28661.4024881,67.83282080000208,candidate-measurement,000E27,valid,3623,-2,True,
1,1,00001F,1790189931.710294,28661.5938832,68.02421590000085,candidate-measurement,000E26,valid,3622,-1,True,
1,1,00001F,1790189931.9022768,28661.7858676,68.21620030000122,candidate-measurement,000E24,valid,3620,-2,True,
1,1,00001F,1790189932.109871,28661.9934593,68.42379200000141,candidate-measurement,000E21,valid,3617,-3,True,
1,1,00001F,1790189932.3018558,28662.1854438,68.61577650000254,candidate-measurement,000E1F,valid,3615,-2,True,
1,1,00001F,1790189932.493852,28662.377441,68.80777370000214,candidate-measurement,000E1C,valid,3612,-3,True,
1,1,00001F,1790189932.685844,28662.5694334,68.99976610000158,candidate-measurement,000E17,valid,3607,-5,True,
1,1,00001F,1790189932.8938456,28662.7774341,69.20776680000199,candidate-measurement,000E14,valid,3604,-3,True,
1,1,00001F,1790189933.0852604,28662.9688485,69.3991812000022,candidate-measurement,000E12,valid,3602,-2,True,
1,1,00001F,1790189933.2772784,28663.1608665,69.59119920000012,candidate-measurement,000E11,valid,3601,-1,True,
1,1,00001F,1790189933.484819,28663.3684071,69.79873980000048,candidate-measurement,000E11,valid,3601,0,True,
1,1,00001F,1790189933.6768267,28663.560415,69.99074770000152,candidate-measurement,000E11,valid,3601,0,True,
1,1,00001F,1790189933.8688052,28663.7523937,70.18272640000214,candidate-measurement,000E11,valid,3601,0,True,
1,1,00001F,1790189934.0608008,28663.9443893,70.37472200000047,candidate-measurement,000E10,valid,3600,-1,True,
1,1,00001F,1790189934.2682238,28664.1518117,70.58214440000302,candidate-measurement,000E0F,valid,3599,-1,True,
1,1,00001F,1790189934.460205,28664.3437943,70.77412700000059,candidate-measurement,000E0D,valid,3597,-2,True,
1,1,00001F,1790189934.651778,28664.5353684,70.96570110000175,candidate-measurement,000E0B,valid,3595,-2,True,
1,1,00001F,1790189934.8597806,28664.743369,71.1737017000014,candidate-measurement,000E0B,valid,3595,0,True,
1,1,00001F,1790189935.0517685,28664.9353567,71.36568940000143,candidate-measurement,000E0B,valid,3595,0,True,
1,1,00001F,1790189935.243762,28665.1273505,71.55768320000061,candidate-measurement,000E09,valid,3593,-2,True,
1,1,00001F,1790189935.4512324,28665.3348212,71.76515389999986,candidate-measurement,000E09,valid,3593,0,True,
1,1,00001F,1790189935.643167,28665.526758,71.95709070000157,candidate-measurement,000E09,valid,3593,0,True,
1,1,00001F,1790189935.8351674,28665.7187562,72.14908890000152,candidate-measurement,000E09,valid,3593,0,True,
1,1,00001F,1790189936.0427344,28665.9263227,72.35665540000264,candidate-measurement,000E09,valid,3593,0,True,
1,1,00001F,1790189936.234737,28666.1183256,72.54865830000199,candidate-measurement,000E09,valid,3593,0,True,
1,1,00001F,1790189936.4267433,28666.3103314,72.7406641000016,candidate-measurement,000E03,valid,3587,-6,True,
1,1,00001F,1790189936.6181421,28666.5017303,72.9320630000002,candidate-measurement,000DFB,valid,3579,-8,True,
1,1,00001F,1790189936.826131,28666.7097193,73.14005200000247,candidate-measurement,000DF9,valid,3577,-2,True,
1,1,00001F,1790189937.0181293,28666.9017191,73.33205180000004,candidate-measurement,000DF8,valid,3576,-1,True,
1,1,00001F,1790189937.2096992,28667.0932883,73.52362100000028,candidate-measurement,000DF8,valid,3576,0,True,
1,1,00001F,1790189937.4176922,28667.3012809,73.73161360000086,candidate-measurement,000DF7,valid,3575,-1,True,
1,1,00001F,1790189937.6096766,28667.4932669,73.92359960000249,candidate-measurement,000DF3,valid,3571,-4,True,
1,1,00001F,1790189937.8011029,28667.6846919,74.11502460000338,candidate-measurement,000DE4,valid,3556,-15,True,
1,1,00001F,1790189937.9930878,28667.8766787,74.30701140000019,candidate-measurement,000DE1,valid,3553,-3,True,
1,1,00001F,1790189938.201094,28668.0846823,74.51501500000086,candidate-measurement,000DDE,valid,3550,-3,True,
1,1,00001F,1790189938.3930755,28668.2766635,74.70699620000232,candidate-measurement,000DDB,valid,3547,-3,True,
1,1,00001F,1790189938.5846531,28668.4682439,74.89857660000052,candidate-measurement,000DD5,valid,3541,-6,True,
1,1,00001F,1790189938.7926505,28668.6762386,75.10657130000254,candidate-measurement,000DD1,valid,3537,-4,True,
1,1,00001F,1790189938.9840617,28668.8676526,75.29798530000335,candidate-measurement,000DD0,valid,3536,-1,True,
1,1,00001F,1790189939.1760535,28669.0596414,75.48997410000084,candidate-measurement,000DCF,valid,3535,-1,True,
1,1,00001F,1790189939.3836293,28669.2672175,75.6975502000023,candidate-measurement,000DCD,valid,3533,-2,True,
1,1,00001F,1790189939.5916224,28669.4752119,75.90554460000203,candidate-measurement,000DCC,valid,3532,-1,True,
1,1,00001F,1790189939.78362,28669.6672083,76.09754100000282,candidate-measurement,000DC9,valid,3529,-3,True,
1,1,00001F,1790189939.975605,28669.8591947,76.28952740000022,candidate-measurement,000DC7,valid,3527,-2,True,
1,1,00001F,1790189940.1670241,28670.0506123,76.48094500000298,candidate-measurement,000DC3,valid,3523,-4,True,
1,1,00001F,1790189940.35902,28670.2426082,76.67294089999996,candidate-measurement,000DBD,valid,3517,-6,True,
1,1,00001F,1790189940.5510108,28670.4345994,76.86493210000117,candidate-measurement,000DBB,valid,3515,-2,True,
1,1,00001F,1790189940.7585902,28670.6421785,77.07251120000001,candidate-measurement,000DB8,valid,3512,-3,True,
1,1,00001F,1790189940.9505727,28670.834164,77.26449670000147,candidate-measurement,000DB7,valid,3511,-1,True,
1,1,00001F,1790189941.142574,28671.0261623,77.45649500000218,candidate-measurement,000DB7,valid,3511,0,True,
1,1,00001F,1790189941.3499885,28671.2335768,77.66390950000277,candidate-measurement,000DB7,valid,3511,0,True,
1,1,00001F,1790189941.5419736,28671.4255636,77.85589630000322,candidate-measurement,000DB5,valid,3509,-2,True,
1,1,00001F,1790189941.7339702,28671.6175587,78.04789140000139,candidate-measurement,000DB5,valid,3509,0,True,
1,1,00001F,1790189941.9255455,28671.809135,78.23946770000111,candidate-measurement,000DB5,valid,3509,0,True,
1,1,00001F,1790189942.1335418,28672.0171304,78.44746310000119,candidate-measurement,000DB3,valid,3507,-2,True,
1,1,00001F,1790189942.3255396,28672.2091277,78.63946040000155,candidate-measurement,000DB1,valid,3505,-2,True,
1,1,00001F,1790189942.516956,28672.400545,78.83087770000202,candidate-measurement,000DB1,valid,3505,0,True,
1,1,00001F,1790189942.7249362,28672.608525,79.03885770000124,candidate-measurement,000DB1,valid,3505,0,True,
1,1,00001F,1790189942.916929,28672.8005195,79.23085220000212,candidate-measurement,000DB1,valid,3505,0,True,
1,1,00001F,1790189943.1085122,28672.992101,79.42243370000142,candidate-measurement,000DB0,valid,3504,-1,True,
1,1,00001F,1790189943.316499,28673.2000873,79.63042000000132,candidate-measurement,000DB0,valid,3504,0,True,
1,1,00001F,1790189943.5085266,28673.3921153,79.82244800000262,candidate-measurement,000DB0,valid,3504,0,True,
1,1,00001F,1790189943.6999083,28673.583497,80.01382970000122,candidate-measurement,000DB0,valid,3504,0,True,
1,1,00001F,1790189943.8914802,28673.7750703,80.20540299999993,candidate-measurement,000DB0,valid,3504,0,True,
1,1,00001F,1790189944.099487,28673.9830749,80.41340760000094,candidate-measurement,000DB0,valid,3504,0,True,
1,1,00001F,1790189944.290898,28674.1744863,80.60481900000013,candidate-measurement,000DAE,valid,3502,-2,True,
1,1,00001F,1790189944.4828837,28674.3664732,80.79680590000135,candidate-measurement,000DA5,valid,3493,-9,True,
1,1,00001F,1790189944.69087,28674.5744592,81.0047919000026,candidate-measurement,000DA1,valid,3489,-4,True,
1,1,00001F,1790189944.8824425,28674.7660328,81.19636549999996,candidate-measurement,000D9F,valid,3487,-2,True,
1,1,00001F,1790189945.0744464,28674.9580353,81.3883679999999,candidate-measurement,000D9E,valid,3486,-1,True,
1,1,00001F,1790189945.2824333,28675.1660231,81.59635580000031,candidate-measurement,000D9E,valid,3486,0,True,
1,1,00001F,1790189945.4744308,28675.3580207,81.78835340000296,candidate-measurement,000D9E,valid,3486,0,True,
1,1,00001F,1790189945.6658416,28675.5494316,81.97976430000199,candidate-measurement,000D9D,valid,3485,-1,True,
1,1,00001F,1790189945.8578367,28675.7414261,82.17175880000286,candidate-measurement,000D91,valid,3473,-12,True,
1,1,00001F,1790189946.0654066,28675.9489947,82.37932740000178,candidate-measurement,000D89,valid,3465,-8,True,
1,1,00001F,1790189946.2574089,28676.1409963,82.57132900000215,candidate-measurement,000D85,valid,3461,-4,True,
1,1,00001F,1790189946.4488218,28676.3324099,82.76274259999991,candidate-measurement,000D83,valid,3459,-2,True,
1,1,00001F,1790189946.6568134,28676.5404028,82.97073550000277,candidate-measurement,000D7E,valid,3454,-5,True,
1,1,00001F,1790189946.8488116,28676.7323999,83.16273260000162,candidate-measurement,000D78,valid,3448,-6,True,
1,1,00001F,1790189947.0403736,28676.9239641,83.35429680000016,candidate-measurement,000D77,valid,3447,-1,True,
1,1,00001F,1790189947.2483711,28677.1319605,83.56229320000057,candidate-measurement,000D75,valid,3445,-2,True,
1,1,00001F,1790189947.4557946,28677.3393828,83.76971550000235,candidate-measurement,000D73,valid,3443,-2,True,
1,1,00001F,1790189947.6477835,28677.5313726,83.96170530000018,candidate-measurement,000D71,valid,3441,-2,True,
1,1,00001F,1790189947.8393605,28677.7229487,84.15328140000202,candidate-measurement,000D6E,valid,3438,-3,True,
1,1,00001F,1790189948.0313437,28677.9149343,84.3452670000006,candidate-measurement,000D6B,valid,3435,-3,True,
1,1,00001F,1790189948.223346,28678.1069345,84.53726720000122,candidate-measurement,000D68,valid,3432,-3,True,
1,1,00001F,1790189948.4147613,28678.2983498,84.72868250000101,candidate-measurement,000D64,valid,3428,-4,True,
1,1,00001F,1790189948.6227672,28678.5063571,84.93668980000075,candidate-measurement,000D63,valid,3427,-1,True,
1,1,00001F,1790189948.8143287,28678.6979167,85.12824940000064,candidate-measurement,000D60,valid,3424,-3,True,
1,1,00001F,1790189949.0063202,28678.8899083,85.32024100000126,candidate-measurement,000D5D,valid,3421,-3,True,
1,1,00001F,1790189949.2143126,28679.0979005,85.52823320000243,candidate-measurement,000D5D,valid,3421,0,True,
1,1,00001F,1790189949.4217265,28679.3053145,85.73564720000286,candidate-measurement,000D5D,valid,3421,0,True,
1,1,00001F,1790189949.6137187,28679.4973076,85.92764030000035,candidate-measurement,000D5D,valid,3421,0,True,
1,1,00001F,1790189949.8052845,28679.6888733,86.11920600000303,candidate-measurement,000D5C,valid,3420,-1,True,
1,1,00001F,1790189949.9973266,28679.880912,86.31124470000213,candidate-measurement,000D5B,valid,3419,-1,True,
1,1,00001F,1790189950.1892812,28680.0728694,86.50320210000064,candidate-measurement,000D5B,valid,3419,0,True,
1,1,00001F,1790189950.3807058,28680.2642942,86.6946269,candidate-measurement,000D59,valid,3417,-2,True,
1,1,00001F,1790189950.5883214,28680.4719099,86.90224260000105,candidate-measurement,000D57,valid,3415,-2,True,
1,1,00001F,1790189950.7802684,28680.6638568,87.09418950000327,candidate-measurement,000D57,valid,3415,0,True,
1,1,00001F,1790189950.9722595,28680.8558474,87.28618009999991,candidate-measurement,000D57,valid,3415,0,True,
1,1,00001F,1790189951.1802452,28681.0638332,87.49416590000328,candidate-measurement,000D57,valid,3415,0,True,
1,1,00001F,1790189951.3876648,28681.2712531,87.70158580000134,candidate-measurement,000D55,valid,3413,-2,True,
1,1,00001F,1790189951.5796661,28681.4632544,87.89358710000306,candidate-measurement,000D55,valid,3413,0,True,
1,1,00001F,1790189951.7716606,28681.6552483,88.085581000003,candidate-measurement,000D55,valid,3413,0,True,
1,1,00001F,1790189951.963237,28681.8468248,88.27715750000061,candidate-measurement,000D55,valid,3413,0,True,
1,1,00001F,1790189952.1552238,28682.0388141,88.46914680000191,candidate-measurement,000D55,valid,3413,0,True,
1,1,00001F,1790189952.3472233,28682.2308132,88.66114590000143,candidate-measurement,000D55,valid,3413,0,True,
1,1,00001F,1790189952.5546253,28682.4382146,88.8685473000005,candidate-measurement,000D55,valid,3413,0,True,
1,1,00001F,1790189952.746627,28682.6302147,89.06054740000036,candidate-measurement,000D4D,valid,3405,-8,True,
1,1,00001F,1790189952.9381878,28682.8217778,89.25211050000144,candidate-measurement,000D46,valid,3398,-7,True,
1,1,00001F,1790189953.1461768,28683.0297658,89.46009850000337,candidate-measurement,000D43,valid,3395,-3,True,
1,1,00001F,1790189953.338194,28683.2217816,89.65211430000272,candidate-measurement,000D43,valid,3395,0,True,
1,1,00001F,1790189953.5296035,28683.4131915,89.84352420000141,candidate-measurement,000D43,valid,3395,0,True,
1,1,00001F,1790189953.721594,28683.6051824,90.03551510000034,candidate-measurement,000D42,valid,3394,-1,True,
1,1,00001F,1790189953.9295754,28683.8131652,90.2434979000027,candidate-measurement,000D32,valid,3378,-16,True,
1,1,00001F,1790189954.1211543,28684.0047434,90.43507610000233,candidate-measurement,000D2B,valid,3371,-7,True,
1,1,00001F,1790189954.3131628,28684.1967506,90.62708330000169,candidate-measurement,000D26,valid,3366,-5,True,
1,1,00001F,1790189954.521137,28684.4047256,90.83505830000286,candidate-measurement,000D1D,valid,3357,-9,True,
1,1,00001F,1790189954.7131433,28684.5967318,91.02706450000187,candidate-measurement,000D19,valid,3353,-4,True,
1,1,00001F,1790189954.9045486,28684.7881382,91.21847090000301,candidate-measurement,000D17,valid,3351,-2,True,
1,1,00001F,1790189955.112133,28684.9957219,91.4260546000005,candidate-measurement,000D11,valid,3345,-6,True,
1,1,00001F,1790189955.3041222,28685.1877107,91.61804340000162,candidate-measurement,000D09,valid,3337,-8,True,
1,1,00001F,1790189955.4961224,28685.3797112,91.81004390000089,candidate-measurement,000D04,valid,3332,-5,True,
1,1,00001F,1790189955.687541,28685.5711289,92.00146160000077,candidate-measurement,000D03,valid,3331,-1,True,
1,1,00001F,1790189955.895524,28685.7791121,92.20944480000253,candidate-measurement,000D01,valid,3329,-2,True,
1,1,00001F,1790189956.0875175,28685.9711074,92.40144010000222,candidate-measurement,000D00,valid,3328,-1,True,
1,1,00001F,1790189956.2790737,28686.1626624,92.59299509999983,candidate-measurement,000CFE,valid,3326,-2,True,
1,1,00001F,1790189956.4870749,28686.3706618,92.80099450000125,candidate-measurement,000CFD,valid,3325,-1,True,
1,1,00001F,1790189956.6791084,28686.5626944,92.9930271000012,candidate-measurement,000CFD,valid,3325,0,True,
1,1,00001F,1790189956.870487,28686.7540756,93.18440830000327,candidate-measurement,000CFD,valid,3325,0,True,
1,1,00001F,1790189957.078482,28686.9620704,93.39240310000241,candidate-measurement,000CFD,valid,3325,0,True,
1,1,00001F,1790189957.2700577,28687.1536453,93.58397800000239,candidate-measurement,000CFB,valid,3323,-2,True,
1,1,00001F,1790189957.4620564,28687.3456449,93.77597760000208,candidate-measurement,000CFB,valid,3323,0,True,
1,1,00001F,1790189957.654048,28687.5376363,93.96796900000118,candidate-measurement,000CFB,valid,3323,0,True,
1,1,00001F,1790189957.862034,28687.7456221,94.17595480000091,candidate-measurement,000CFB,valid,3323,0,True,
1,1,00001F,1790189958.0534484,28687.9370377,94.36737040000298,candidate-measurement,000CFB,valid,3323,0,True,
1,1,00001F,1790189958.245449,28688.129039,94.55937170000107,candidate-measurement,000CFB,valid,3323,0,True,
1,1,00001F,1790189958.4534497,28688.3370383,94.76737100000173,candidate-measurement,000CFB,valid,3323,0,True,
1,1,00001F,1790189958.645031,28688.5286214,94.9589541000023,candidate-measurement,000CF6,valid,3318,-5,True,
1,1,00001F,1790189958.836996,28688.7205844,95.15091709999979,candidate-measurement,000CEF,valid,3311,-7,True,
1,1,00001F,1790189959.045003,28688.9285916,95.3589243000024,candidate-measurement,000CEB,valid,3307,-4,True,
1,1,00001F,1790189959.2369978,28689.1205859,95.55091860000175,candidate-measurement,000CE9,valid,3305,-2,True,
1,1,00001F,1790189959.4284124,28689.3120008,95.74233350000213,candidate-measurement,000CE9,valid,3305,0,True,
1,1,00001F,1790189959.6204014,28689.5039897,95.93432240000038,candidate-measurement,000CE9,valid,3305,0,True,
1,1,00001F,1790189959.8279996,28689.7115846,96.14191730000312,candidate-measurement,000CE9,valid,3305,0,True,
1,1,00001F,1790189960.0199628,28689.9035511,96.33388380000179,candidate-measurement,000CE9,valid,3305,0,True,
1,1,00001F,1790189960.2119734,28690.0955607,96.52589340000122,candidate-measurement,000CDD,valid,3293,-12,True,
1,1,00001F,1790189960.419391,28690.302977,96.73330970000097,candidate-measurement,000CD3,valid,3283,-10,True,
1,1,00001F,1790189960.6113763,28690.4949643,96.92529700000159,candidate-measurement,000CD0,valid,3280,-3,True,
1,1,00001F,1790189960.802939,28690.6865267,97.11685940000098,candidate-measurement,000CCD,valid,3277,-3,True,
1,1,00001F,1790189960.9949346,28690.8785225,97.30885520000083,candidate-measurement,000CC7,valid,3271,-6,True,
1,1,00001F,1790189961.2029374,28691.0865248,97.51685750000252,candidate-measurement,000CC3,valid,3267,-4,True,
1,1,00001F,1790189961.3943462,28691.2779346,97.70826730000044,candidate-measurement,000CC1,valid,3265,-2,True,
1,1,00001F,1790189961.586348,28691.4699365,97.9002692000031,candidate-measurement,000CBF,valid,3263,-2,True,
1,1,00001F,1790189961.7939098,28691.6774973,98.10783000000083,candidate-measurement,000CBD,valid,3261,-2,True,
1,1,00001F,1790189961.9859073,28691.869496,98.29982870000094,candidate-measurement,000CB9,valid,3257,-4,True,
1,1,00001F,1790189962.1773112,28692.0609005,98.49123320000217,candidate-measurement,000CB6,valid,3254,-3,True,
1,1,00001F,1790189962.3853116,28692.2689004,98.69923310000013,candidate-measurement,000CB0,valid,3248,-6,True,
1,1,00001F,1790189962.576888,28692.4604754,98.89080810000087,candidate-measurement,000CAB,valid,3243,-5,True,
1,1,00001F,1790189962.7688797,28692.6524674,99.0828001000009,candidate-measurement,000CA9,valid,3241,-2,True,
1,1,00001F,1790189962.9608853,28692.8444732,99.2748059000005,candidate-measurement,000CA9,valid,3241,0,True,
1,1,00001F,1790189963.168864,28693.052452,99.4827847000015,candidate-measurement,000CA7,valid,3239,-2,True,
1,1,00001F,1790189963.360295,28693.2438834,99.6742161000002,candidate-measurement,000CA7,valid,3239,0,True,
1,1,00001F,1790189963.5522823,28693.4358705,99.86620320000293,candidate-measurement,000CA7,valid,3239,0,True,
1,1,00001F,1790189963.7598417,28693.6434297,100.07376240000303,candidate-measurement,000CA5,valid,3237,-2,True,
1,1,00001F,1790189963.9518433,28693.8354329,100.26576560000103,candidate-measurement,000CA3,valid,3235,-2,True,
1,1,00001F,1790189964.143252,28694.0268408,100.45717350000268,candidate-measurement,000CA3,valid,3235,0,True,
1,1,00001F,1790189964.351256,28694.2348437,100.66517640000166,candidate-measurement,000CA3,valid,3235,0,True,
1,1,00001F,1790189964.543249,28694.4268371,100.85716980000143,candidate-measurement,000CA3,valid,3235,0,True,
1,1,00001F,1790189964.7348115,28694.6184004,101.04873310000039,candidate-measurement,000CA1,valid,3233,-2,True,
1,1,00001F,1790189964.9268112,28694.8104008,101.24073350000253,candidate-measurement,000CA1,valid,3233,0,True,
1,1,00001F,1790189965.1348062,28695.0183958,101.4487285000032,candidate-measurement,000CA1,valid,3233,0,True,
1,1,00001F,1790189965.3268065,28695.2103951,101.6407278000006,candidate-measurement,000CA1,valid,3233,0,True,
1,1,00001F,1790189965.5182009,28695.4017877,101.83212040000217,candidate-measurement,000CA1,valid,3233,0,True,
1,1,00001F,1790189965.726208,28695.6097955,102.04012820000207,candidate-measurement,000CA1,valid,3233,0,True,
1,1,00001F,1790189965.9177873,28695.8013754,102.2317081000001,candidate-measurement,000CA1,valid,3233,0,True,
1,1,00001F,1790189966.1097806,28695.9933689,102.42370160000064,candidate-measurement,000C99,valid,3225,-8,True,
1,1,00001F,1790189966.3177905,28696.2013789,102.63171160000275,candidate-measurement,000C92,valid,3218,-7,True,
1,1,00001F,1790189966.5092123,28696.392802,102.82313470000008,candidate-measurement,000C8F,valid,3215,-3,True,
1,1,00001F,1790189966.7011764,28696.5847624,103.01509510000324,candidate-measurement,000C8F,valid,3215,0,True,
1,1,00001F,1790189966.892747,28696.776335,103.20666770000025,candidate-measurement,000C8F,valid,3215,0,True,
1,1,00001F,1790189967.1007597,28696.9843496,103.414682300001,candidate-measurement,000C8E,valid,3214,-1,True,
1,1,00001F,1790189967.2921662,28697.175754,103.60608670000147,candidate-measurement,000C8E,valid,3214,0,True,
1,1,00001F,1790189967.4841473,28697.3677377,103.79807040000014,candidate-measurement,000C8B,valid,3211,-3,True,
1,1,00001F,1790189967.692143,28697.5757305,104.00606320000225,candidate-measurement,000C7B,valid,3195,-16,True,
1,1,00001F,1790189967.8841493,28697.7677376,104.19807030000084,candidate-measurement,000C77,valid,3191,-4,True,
1,1,00001F,1790189968.0757074,28697.9592971,104.38962979999997,candidate-measurement,000C73,valid,3187,-4,True,
1,1,00001F,1790189968.2837195,28698.1673067,104.59763940000266,candidate-measurement,000C6B,valid,3179,-8,True,
1,1,00001F,1790189968.4757085,28698.3592979,104.78963060000024,candidate-measurement,000C67,valid,3175,-4,True,
1,1,00001F,1790189968.667128,28698.550716,104.98104870000316,candidate-measurement,000C65,valid,3173,-2,True,
1,1,00001F,1790189968.8591108,28698.7426991,105.1730318000009,candidate-measurement,000C62,valid,3170,-3,True,
1,1,00001F,1790189969.066677,28698.9502651,105.38059780000185,candidate-measurement,000C5E,valid,3166,-4,True,
1,1,00001F,1790189969.2586672,28699.1422566,105.57258930000171,candidate-measurement,000C57,valid,3159,-7,True,
1,1,00001F,1790189969.4506662,28699.3342548,105.76458750000165,candidate-measurement,000C53,valid,3155,-4,True,
1,1,00001F,1790189969.658654,28699.5422431,105.97257580000223,candidate-measurement,000C4F,valid,3151,-4,True,
1,1,00001F,1790189969.8500676,28699.7336546,106.16398730000219,candidate-measurement,000C4F,valid,3151,0,True,
1,1,00001F,1790189970.0416415,28699.9252299,106.35556260000158,candidate-measurement,000C4F,valid,3151,0,True,
1,1,00001F,1790189970.2496448,28700.1332322,106.56356490000326,candidate-measurement,000C4D,valid,3149,-2,True,
1,1,00001F,1790189970.457643,28700.3412296,106.77156230000037,candidate-measurement,000C4D,valid,3149,0,True,
1,1,00001F,1790189970.6490436,28700.5326324,106.9629651000032,candidate-measurement,000C4D,valid,3149,0,True,
1,1,00001F,1790189970.8410335,28700.7246218,107.15495450000162,candidate-measurement,000C4A,valid,3146,-3,True,
1,1,00001F,1790189971.032613,28700.9162019,107.34653460000118,candidate-measurement,000C49,valid,3145,-1,True,
1,1,00001F,1790189971.2246032,28701.1081916,107.53852430000188,candidate-measurement,000C49,valid,3145,0,True,
1,1,00001F,1790189971.4165993,28701.3001873,107.73052000000098,candidate-measurement,000C49,valid,3145,0,True,
1,1,00001F,1790189971.6245859,28701.5081741,107.93850680000105,candidate-measurement,000C47,valid,3143,-2,True,
1,1,00001F,1790189971.8160064,28701.6995944,108.12992710000253,candidate-measurement,000C47,valid,3143,0,True,
1,1,00001F,1790189972.0079937,28701.8915818,108.32191450000028,candidate-measurement,000C47,valid,3143,0,True,
1,1,00001F,1790189972.2155683,28702.0991561,108.52948880000258,candidate-measurement,000C47,valid,3143,0,True,
1,1,00001F,1790189972.4075603,28702.2911506,108.72148329999982,candidate-measurement,000C47,valid,3143,0,True,
1,1,00001F,1790189972.5995586,28702.4831498,108.9134825000001,candidate-measurement,000C47,valid,3143,0,True,
1,1,00001F,1790189972.8075554,28702.6911435,109.12147620000178,candidate-measurement,000C47,valid,3143,0,True,
1,1,00001F,1790189972.9989724,28702.8825601,109.31289280000055,candidate-measurement,000C3F,valid,3135,-8,True,
1,1,00001F,1790189973.1909535,28703.0745432,109.50487590000193,candidate-measurement,000C39,valid,3129,-6,True,
1,1,00001F,1790189973.3829436,28703.2665339,109.69686660000298,candidate-measurement,000C36,valid,3126,-3,True,
1,1,00001F,1790189973.5905218,28703.4741125,109.90444520000165,candidate-measurement,000C36,valid,3126,0,True,
1,1,00001F,1790189973.7825272,28703.6661153,110.09644800000024,candidate-measurement,000C33,valid,3123,-3,True,
1,1,00001F,1790189973.9745107,28703.858101,110.28843370000322,candidate-measurement,000C21,valid,3105,-18,True,
1,1,00001F,1790189974.1819298,28704.0655196,110.4958523000023,candidate-measurement,000C1D,valid,3101,-4,True,
1,1,00001F,1790189974.3899362,28704.2735263,110.7038590000011,candidate-measurement,000C19,valid,3097,-4,True,
1,1,00001F,1790189974.5814943,28704.4650838,110.8954165000032,candidate-measurement,000C11,valid,3089,-8,True,
1,1,00001F,1790189974.773504,28704.6570923,111.08742500000153,candidate-measurement,000C0E,valid,3086,-3,True,
1,1,00001F,1790189974.9654794,28704.849068,111.27940070000113,candidate-measurement,000C0B,valid,3083,-3,True,
1,1,00001F,1790189975.1568978,28705.0404863,111.47081900000194,candidate-measurement,000C0A,valid,3082,-1,True,
1,1,00001F,1790189975.3489091,28705.2324974,111.66283010000188,candidate-measurement,000C07,valid,3079,-3,True,
1,1,00001F,1790189975.5564702,28705.4400596,111.870392300003,candidate-measurement,000C03,valid,3075,-4,True,
1,1,00001F,1790189975.7484627,28705.6320505,112.06238320000193,candidate-measurement,000BFD,valid,3069,-6,True,
1,1,00001F,1790189975.9404502,28705.8240402,112.25437290000264,candidate-measurement,000BF9,valid,3065,-4,True,
1,1,00001F,1790189976.14844,28706.0320294,112.46236210000279,candidate-measurement,000BF6,valid,3062,-3,True,
1,1,00001F,1790189976.3558538,28706.239444,112.66977670000051,candidate-measurement,000BF5,valid,3061,-1,True,
1,1,00001F,1790189976.5478463,28706.4314369,112.86176960000012,candidate-measurement,000BF4,valid,3060,-1,True,
1,1,00001F,1790189976.739428,28706.6230159,113.05334860000221,candidate-measurement,000BF3,valid,3059,-1,True,
1,1,00001F,1790189976.9314167,28706.8150057,113.24533840000004,candidate-measurement,000BF3,valid,3059,0,True,
1,1,00001F,1790189977.1234167,28707.0070053,113.43733800000336,candidate-measurement,000BF3,valid,3059,0,True,
1,1,00001F,1790189977.3148263,28707.1984166,113.6287493000018,candidate-measurement,000BF1,valid,3057,-2,True,
1,1,00001F,1790189977.5224476,28707.4060365,113.83636920000208,candidate-measurement,000BEF,valid,3055,-2,True,
1,1,00001F,1790189977.7144048,28707.5979941,114.0283268000021,candidate-measurement,000BEF,valid,3055,0,True,
1,1,00001F,1790189977.9063892,28707.7899779,114.22031060000154,candidate-measurement,000BEF,valid,3055,0,True,
1,1,00001F,1790189978.1138144,28707.997403,114.42773570000281,candidate-measurement,000BEF,valid,3055,0,True,
1,1,00001F,1790189978.3057933,28708.1893833,114.61971600000106,candidate-measurement,000BEF,valid,3055,0,True,
1,1,00001F,1790189978.497787,28708.3813773,114.81171000000177,candidate-measurement,000BEE,valid,3054,-1,True,
1,1,00001F,1790189978.6893709,28708.5729596,115.00329229999988,candidate-measurement,000BEE,valid,3054,0,True,
1,1,00001F,1790189978.8973637,28708.7809519,115.21128460000182,candidate-measurement,000BEE,valid,3054,0,True,
1,1,00001F,1790189979.0893486,28708.9729373,115.40327000000252,candidate-measurement,000BEE,valid,3054,0,True,
1,1,00001F,1790189979.2807665,28709.1643547,115.59468740000011,candidate-measurement,000BEE,valid,3054,0,True,
1,1,00001F,1790189979.488755,28709.3723462,115.80267890000323,candidate-measurement,000BEC,valid,3052,-2,True,
1,1,00001F,1790189979.680767,28709.5643557,115.9946884000019,candidate-measurement,000BE3,valid,3043,-9,True,
1,1,00001F,1790189979.8728092,28709.7563951,116.1867278000027,candidate-measurement,000BDF,valid,3039,-4,True,
1,1,00001F,1790189980.0803218,28709.9639104,116.39424310000322,candidate-measurement,000BDD,valid,3037,-2,True,
1,1,00001F,1790189980.272315,28710.1559044,116.58623710000029,candidate-measurement,000BDC,valid,3036,-1,True,
1,1,00001F,1790189980.4643075,28710.3478955,116.77822820000074,candidate-measurement,000BDC,valid,3036,0,True,
1,1,00001F,1790189980.6557078,28710.5392989,116.96963160000087,candidate-measurement,000BDC,valid,3036,0,True,
1,1,00001F,1790189980.8637145,28710.7473021,117.17763480000212,candidate-measurement,000BDA,valid,3034,-2,True,
1,1,00001F,1790189981.0557094,28710.9392979,117.36963060000198,candidate-measurement,000BD7,valid,3031,-3,True,
1,1,00001F,1790189981.2472823,28711.1308703,117.56120300000111,candidate-measurement,000BC7,valid,3015,-16,True,
1,1,00001F,1790189981.455272,28711.3388624,117.76919510000153,candidate-measurement,000BC3,valid,3011,-4,True,
1,1,00001F,1790189981.646691,28711.5302792,117.96061190000182,candidate-measurement,000BBE,valid,3006,-5,True,
1,1,00001F,1790189981.8386877,28711.722276,118.15260870000202,candidate-measurement,000BB7,valid,2999,-7,True,
1,1,00001F,1790189982.0466857,28711.930274,118.36060670000006,candidate-measurement,000BB3,valid,2995,-4,True,
1,1,00001F,1790189982.2382455,28712.121835,118.55216770000334,candidate-measurement,000BB1,valid,2993,-2,True,
1,1,00001F,1790189982.4302394,28712.3138297,118.7441624000021,candidate-measurement,000BAE,valid,2990,-3,True,
1,1,00001F,1790189982.6222389,28712.5058295,118.93616220000331,candidate-measurement,000BA9,valid,2985,-5,True,
1,1,00001F,1790189982.830227,28712.713815,119.14414770000076,candidate-measurement,000BA2,valid,2978,-7,True,
1,1,00001F,1790189983.0216455,28712.9052347,119.33556740000131,candidate-measurement,000B9C,valid,2972,-6,True,
1,1,00001F,1790189983.2136402,28713.0972294,119.52756210000007,candidate-measurement,000B9B,valid,2971,-1,True,
1,1,00001F,1790189983.4212046,28713.3047941,119.73512680000204,candidate-measurement,000B9A,valid,2970,-1,True,
1,1,00001F,1790189983.6132004,28713.4967908,119.92712350000147,candidate-measurement,000B99,valid,2969,-1,True,
1,1,00001F,1790189983.805203,28713.6887913,120.11912400000074,candidate-measurement,000B97,valid,2967,-2,True,
1,1,00001F,1790189984.0126123,28713.8962021,120.32653480000226,candidate-measurement,000B95,valid,2965,-2,True,
1,1,00001F,1790189984.2046103,28714.088199,120.51853170000322,candidate-measurement,000B95,valid,2965,0,True,
1,1,00001F,1790189984.3966007,28714.2801908,120.71052350000173,candidate-measurement,000B95,valid,2965,0,True,
1,1,00001F,1790189984.58818,28714.4717684,120.90210110000044,candidate-measurement,000B95,valid,2965,0,True,
1,1,00001F,1790189984.796164,28714.6797521,121.11008480000237,candidate-measurement,000B94,valid,2964,-1,True,
1,1,00001F,1790189984.9881642,28714.8717539,121.30208660000062,candidate-measurement,000B94,valid,2964,0,True,
1,1,00001F,1790189985.1795719,28715.0631626,121.49349530000109,candidate-measurement,000B94,valid,2964,0,True,
1,1,00001F,1790189985.3875659,28715.2711555,121.70148820000031,candidate-measurement,000B94,valid,2964,0,True,
1,1,00001F,1790189985.5795593,28715.4631492,121.89348190000237,candidate-measurement,000B94,valid,2964,0,True,
1,1,00001F,1790189985.7711344,28715.654723,122.08505570000125,candidate-measurement,000B92,valid,2962,-2,True,
1,1,00001F,1790189985.9631286,28715.8467172,122.27704989999984,candidate-measurement,000B8F,valid,2959,-3,True,
1,1,00001F,1790189986.1711173,28716.054707,122.48503970000093,candidate-measurement,000B87,valid,2951,-8,True,
1,1,00001F,1790189986.362539,28716.2461275,122.67646020000029,candidate-measurement,000B83,valid,2947,-4,True,
1,1,00001F,1790189986.5545368,28716.4381247,122.8684573999999,candidate-measurement,000B81,valid,2945,-2,True,
1,1,00001F,1790189986.7621086,28716.6456975,123.0760302000017,candidate-measurement,000B81,valid,2945,0,True,
1,1,00001F,1790189986.9540923,28716.8376822,123.26801490000071,candidate-measurement,000B81,valid,2945,0,True,
1,1,00001F,1790189987.1460967,28717.0296845,123.46001720000277,candidate-measurement,000B81,valid,2945,0,True,
1,1,00001F,1790189987.3540971,28717.2376871,123.6680198000031,candidate-measurement,000B7D,valid,2941,-4,True,
1,1,00001F,1790189987.5454943,28717.4290848,123.85941749999984,candidate-measurement,000B6F,valid,2927,-14,True,
1,1,00001F,1790189987.7370763,28717.6206645,124.05099719999998,candidate-measurement,000B6A,valid,2922,-5,True,
1,1,00001F,1790189987.9290638,28717.8126527,124.24298540000018,candidate-measurement,000B68,valid,2920,-2,True,
1,1,00001F,1790189988.1370618,28718.0206506,124.4509833000011,candidate-measurement,000B64,valid,2916,-4,True,
1,1,00001F,1790189988.329055,28718.2126441,124.64297680000163,candidate-measurement,000B5F,valid,2911,-5,True,
1,1,00001F,1790189988.520462,28718.4040532,124.83438590000151,candidate-measurement,000B5B,valid,2907,-4,True,
1,1,00001F,1790189988.7284615,28718.6120505,125.0423832000015,candidate-measurement,000B5A,valid,2906,-1,True,
1,1,00001F,1790189988.9200382,28718.8036268,125.23395950000122,candidate-measurement,000B59,valid,2905,-1,True,
1,1,00001F,1790189989.1120284,28718.9956179,125.42595060000167,candidate-measurement,000B58,valid,2904,-1,True,
1,1,00001F,1790189989.320016,28719.2036064,125.63393910000013,candidate-measurement,000B57,valid,2903,-1,True,
1,1,00001F,1790189989.5120118,28719.3956011,125.82593380000253,candidate-measurement,000B54,valid,2900,-3,True,
1,1,00001F,1790189989.7034287,28719.5870175,126.01735019999978,candidate-measurement,000B52,valid,2898,-2,True,
1,1,00001F,1790189989.895424,28719.7790127,126.20934540000235,candidate-measurement,000B50,valid,2896,-2,True,
1,1,00001F,1790189990.1034124,28719.9870024,126.41733510000267,candidate-measurement,000B4D,valid,2893,-3,True,
1,1,00001F,1790189990.2949853,28720.1785748,126.6089075000018,candidate-measurement,000B4B,valid,2891,-2,True,
1,1,00001F,1790189990.486984,28720.3705727,126.8009054000031,candidate-measurement,000B49,valid,2889,-2,True,
1,1,00001F,1790189990.6949701,28720.5785598,127.00889250000182,candidate-measurement,000B48,valid,2888,-1,True,
1,1,00001F,1790189990.886982,28720.7705708,127.200903500001,candidate-measurement,000B47,valid,2887,-1,True,
1,1,00001F,1790189991.078381,28720.9619693,127.3923020000002,candidate-measurement,000B45,valid,2885,-2,True,
1,1,00001F,1790189991.2863731,28721.1699627,127.60029540000323,candidate-measurement,000B44,valid,2884,-1,True,
1,1,00001F,1790189991.4783757,28721.3619644,127.79229710000072,candidate-measurement,000B43,valid,2883,-1,True,
1,1,00001F,1790189991.6699426,28721.5535322,127.98386490000121,candidate-measurement,000B41,valid,2881,-2,True,
1,1,00001F,1790189991.8619397,28721.7455278,128.17586050000318,candidate-measurement,000B41,valid,2881,0,True,
1,1,00001F,1790189992.069933,28721.9535219,128.38385460000063,candidate-measurement,000B41,valid,2881,0,True,
1,1,00001F,1790189992.261348,28722.1449372,128.57526990000042,candidate-measurement,000B41,valid,2881,0,True,
1,1,00001F,1790189992.453332,28722.3369221,128.76725480000096,candidate-measurement,000B41,valid,2881,0,True,
1,1,00001F,1790189992.660912,28722.5445027,128.9748354000003,candidate-measurement,000B3F,valid,2879,-2,True,
1,1,00001F,1790189992.8529108,28722.7364999,129.1668325999999,candidate-measurement,000B3F,valid,2879,0,True,
1,1,00001F,1790189993.0449028,28722.9284912,129.35882390000188,candidate-measurement,000B3F,valid,2879,0,True,
1,1,00001F,1790189993.2523146,28723.1359033,129.5662360000024,candidate-measurement,000B3E,valid,2878,-1,True,
1,1,00001F,1790189993.4443066,28723.327896,129.75822870000047,candidate-measurement,000B3C,valid,2876,-2,True,
1,1,00001F,1790189993.6358774,28723.5194683,129.94980100000248,candidate-measurement,000B3B,valid,2875,-1,True,
1,1,00001F,1790189993.8278756,28723.7114643,130.14179700000022,candidate-measurement,000B3B,valid,2875,0,True,
1,1,00001F,1790189994.0358615,28723.9194505,130.349783200003,candidate-measurement,000B3B,valid,2875,0,True,
1,1,00001F,1790189994.22728,28724.1108696,130.54120230000262,candidate-measurement,000B39,valid,2873,-2,True,
1,1,00001F,1790189994.4192824,28724.3028711,130.73320380000223,candidate-measurement,000B39,valid,2873,0,True,
1,1,00001F,1790189994.6268477,28724.5104387,130.9407714000008,candidate-measurement,000B39,valid,2873,0,True,
1,1,00001F,1790189994.8188446,28724.7024327,131.13276540000152,candidate-measurement,000B39,valid,2873,0,True,
1,1,00001F,1790189995.0108502,28724.8944382,131.32477090000248,candidate-measurement,000B39,valid,2873,0,True,
1,1,00001F,1790189995.2188706,28725.1024605,131.53279320000001,candidate-measurement,000B37,valid,2871,-2,True,
1,1,00001F,1790189995.4102523,28725.2938406,131.72417330000098,candidate-measurement,000B2E,valid,2862,-9,True,
1,1,00001F,1790189995.6022394,28725.4858276,131.91616030000296,candidate-measurement,000B2A,valid,2858,-4,True,
1,1,00001F,1790189995.7938075,28725.677396,132.10772870000073,candidate-measurement,000B27,valid,2855,-3,True,
1,1,00001F,1790189996.0018053,28725.8853944,132.31572710000182,candidate-measurement,000B27,valid,2855,0,True,
1,1,00001F,1790189996.193803,28726.0773917,132.5077244000022,candidate-measurement,000B27,valid,2855,0,True,
1,1,00001F,1790189996.3852146,28726.2688026,132.69913530000122,candidate-measurement,000B27,valid,2855,0,True,
1,1,00001F,1790189996.593205,28726.4767931,132.90712580000036,candidate-measurement,000B1A,valid,2842,-13,True,
1,1,00001F,1790189996.7847838,28726.6683721,133.09870480000245,candidate-measurement,000B13,valid,2835,-7,True,
1,1,00001F,1790189996.976812,28726.8603995,133.29073220000282,candidate-measurement,000B0F,valid,2831,-4,True,
1,1,00001F,1790189997.1847754,28727.0683633,133.49869600000238,candidate-measurement,000B0D,valid,2829,-2,True,
1,1,00001F,1790189997.3761976,28727.2597863,133.6901190000026,candidate-measurement,000B09,valid,2825,-4,True,
1,1,00001F,1790189997.5681717,28727.4517619,133.88209460000144,candidate-measurement,000B04,valid,2820,-5,True,
1,1,00001F,1790189997.7597456,28727.6433342,134.0736668999998,candidate-measurement,000B01,valid,2817,-3,True,
1,1,00001F,1790189997.9677875,28727.8513749,134.28170760000285,candidate-measurement,000B01,valid,2817,0,True,
1,1,00001F,1790189998.159736,28728.0433244,134.47365710000304,candidate-measurement,000AFF,valid,2815,-2,True,
1,1,00001F,1790189998.3511472,28728.2347371,134.66506980000122,candidate-measurement,000AFD,valid,2813,-2,True,
1,1,00001F,1790189998.5587175,28728.4423085,134.87264120000327,candidate-measurement,000AFC,valid,2812,-1,True,
1,1,00001F,1790189998.750725,28728.6343136,135.0646463000012,candidate-measurement,000AF8,valid,2808,-4,True,
1,1,00001F,1790189998.9427054,28728.8262951,135.2566278000013,candidate-measurement,000AF7,valid,2807,-1,True,
1,1,00001F,1790189999.1501231,28729.0337129,135.46404560000155,candidate-measurement,000AF3,valid,2803,-4,True,
1,1,00001F,1790189999.342116,28729.225706,135.65603870000268,candidate-measurement,000AEF,valid,2799,-4,True,
1,1,00001F,1790189999.534109,28729.4176998,135.84803250000186,candidate-measurement,000AEB,valid,2795,-4,True,
1,1,00001F,1790189999.7256975,28729.6092858,136.0396185000027,candidate-measurement,000AE9,valid,2793,-2,True,
1,1,00001F,1790189999.9336827,28729.817273,136.24760570000217,candidate-measurement,000AE7,valid,2791,-2,True,
1,1,00001F,1790190000.1256878,28730.0092743,136.43960700000025,candidate-measurement,000AE7,valid,2791,0,True,
1,1,00001F,1790190000.3170893,28730.2006776,136.63101030000325,candidate-measurement,000AE7,valid,2791,0,True,
1,1,00001F,1790190000.5250807,28730.4086701,136.83900280000307,candidate-measurement,000AE7,valid,2791,0,True,
1,1,00001F,1790190000.7166538,28730.6002422,137.03057489999992,candidate-measurement,000AE5,valid,2789,-2,True,
1,1,00001F,1790190000.9086494,28730.7922377,137.22257040000113,candidate-measurement,000AE5,valid,2789,0,True,
1,1,00001F,1790190001.1166492,28731.0002376,137.43057030000273,candidate-measurement,000AE5,valid,2789,0,True,
1,1,00001F,1790190001.324062,28731.2076508,137.6379835000007,candidate-measurement,000AE3,valid,2787,-2,True,
1,1,00001F,1790190001.516053,28731.399642,137.8299747000019,candidate-measurement,000AE1,valid,2785,-2,True,
1,1,00001F,1790190001.7080386,28731.5916286,138.02196130000084,candidate-measurement,000AE1,valid,2785,0,True,
1,1,00001F,1790190001.8996532,28731.7832413,138.21357400000124,candidate-measurement,000AE1,valid,2785,0,True,
1,1,00001F,1790190002.091606,28731.9751959,138.40552860000025,candidate-measurement,000AE0,valid,2784,-1,True,
1,1,00001F,1790190002.283605,28732.1671938,138.59752650000155,candidate-measurement,000AE0,valid,2784,0,True,
1,1,00001F,1790190002.4916096,28732.3752003,138.80553300000247,candidate-measurement,000AE0,valid,2784,0,True,
1,1,00001F,1790190002.6829991,28732.5665901,138.9969228000009,candidate-measurement,000AE0,valid,2784,0,True,
1,1,00001F,1790190002.8750007,28732.7585901,139.1889228,candidate-measurement,000ADF,valid,2783,-1,True,
1,1,00001F,1790190003.0669968,28732.9505871,139.38091980000172,candidate-measurement,000ADA,valid,2778,-5,True,
1,1,00001F,1790190003.274574,28733.1581634,139.58849610000107,candidate-measurement,000AD3,valid,2771,-7,True,
1,1,00001F,1790190003.4665961,28733.3501842,139.7805169000021,candidate-measurement,000ACF,valid,2767,-4,True,
1,1,00001F,1790190003.65856,28733.5421475,139.97248020000188,candidate-measurement,000ACE,valid,2766,-1,True,
1,1,00001F,1790190003.865985,28733.7495739,140.17990660000214,candidate-measurement,000ACE,valid,2766,0,True,
1,1,00001F,1790190004.0579667,28733.9415547,140.37188740000056,candidate-measurement,000ACE,valid,2766,0,True,
1,1,00001F,1790190004.24955,28734.133138,140.56347070000265,candidate-measurement,000ACE,valid,2766,0,True,
1,1,00001F,1790190004.4575353,28734.3411237,140.77145640000163,candidate-measurement,000ACC,valid,2764,-2,True,
1,1,00001F,1790190004.6495254,28734.5331148,140.96344750000208,candidate-measurement,000ACC,valid,2764,0,True,
1,1,00001F,1790190004.8415236,28734.7251122,141.1554449000032,candidate-measurement,000AC4,valid,2756,-8,True,
1,1,00001F,1790190005.032937,28734.9165253,141.3468580000008,candidate-measurement,000ABA,valid,2746,-10,True,
1,1,00001F,1790190005.2405646,28735.1241536,141.5544863000032,candidate-measurement,000AB6,valid,2742,-4,True,
1,1,00001F,1790190005.4324994,28735.3160878,141.7464205000033,candidate-measurement,000AB4,valid,2740,-2,True,
1,1,00001F,1790190005.6244926,28735.5080816,141.93841430000248,candidate-measurement,000AB1,valid,2737,-3,True,
1,1,00001F,1790190005.8319108,28735.7154992,142.1458319000012,candidate-measurement,000AAC,valid,2732,-5,True,
1,1,00001F,1790190006.0239031,28735.9074916,142.33782430000065,candidate-measurement,000AA8,valid,2728,-4,True,
1,1,00001F,1790190006.215895,28736.0994843,142.52981700000237,candidate-measurement,000AA7,valid,2727,-1,True,
1,1,00001F,1790190006.423472,28736.3070611,142.73739380000188,candidate-measurement,000AA5,valid,2725,-2,True,
1,1,00001F,1790190006.6154623,28736.4990516,142.9293843000014,candidate-measurement,000AA5,valid,2725,0,True,
1,1,00001F,1790190006.8068821,28736.6904712,143.1208039000012,candidate-measurement,000AA4,valid,2724,-1,True,
1,1,00001F,1790190006.9988675,28736.8824583,143.3127910000003,candidate-measurement,000AA3,valid,2723,-1,True,
1,1,00001F,1790190007.2068696,28737.0904594,143.5207921000001,candidate-measurement,000AA0,valid,2720,-3,True,
1,1,00001F,1790190007.3984373,28737.2820262,143.71235890000025,candidate-measurement,000A9E,valid,2718,-2,True,
1,1,00001F,1790190007.5904229,28737.4740138,143.90434650000316,candidate-measurement,000A9B,valid,2715,-3,True,
1,1,00001F,1790190007.7984405,28737.6820283,144.11236100000315,candidate-measurement,000A98,valid,2712,-3,True,
1,1,00001F,1790190007.9898396,28737.8734298,144.30376250000336,candidate-measurement,000A95,valid,2709,-3,True,
1,1,00001F,1790190008.1818347,28738.0654229,144.49575560000085,candidate-measurement,000A93,valid,2707,-2,True,
1,1,00001F,1790190008.3894067,28738.2729961,144.70332880000205,candidate-measurement,000A93,valid,2707,0,True,
1,1,00001F,1790190008.5814035,28738.4649923,144.89532500000132,candidate-measurement,000A8F,valid,2703,-4,True,
1,1,00001F,1790190008.7733934,28738.6569827,145.08731540000008,candidate-measurement,000A8D,valid,2701,-2,True,
1,1,00001F,1790190008.9653835,28738.8489739,145.2793066000013,candidate-measurement,000A8D,valid,2701,0,True,
1,1,00001F,1790190009.172805,28739.0563944,145.48672710000028,candidate-measurement,000A8D,valid,2701,0,True,
1,1,00001F,1790190009.364832,28739.2484216,145.67875430000277,candidate-measurement,000A8B,valid,2699,-2,True,
1,1,00001F,1790190009.556781,28739.4403724,145.87070510000194,candidate-measurement,000A8B,valid,2699,0,True,
1,1,00001F,1790190009.7643995,28739.6479881,146.07832080000298,candidate-measurement,000A8B,valid,2699,0,True,
1,1,00001F,1790190009.9563577,28739.8399467,146.27027940000335,candidate-measurement,000A89,valid,2697,-2,True,
1,1,00001F,1790190010.1483512,28740.0319392,146.4622718999999,candidate-measurement,000A87,valid,2695,-2,True,
1,1,00001F,1790190010.3557594,28740.2393477,146.6696804000021,candidate-measurement,000A87,valid,2695,0,True,
1,1,00001F,1790190010.547755,28740.4313454,146.86167810000188,candidate-measurement,000A87,valid,2695,0,True,
1,1,00001F,1790190010.7393281,28740.6229161,147.05324880000262,candidate-measurement,000A85,valid,2693,-2,True,
1,1,00001F,1790190010.9313266,28740.8149168,147.2452495000034,candidate-measurement,000A85,valid,2693,0,True,
1,1,00001F,1790190011.139314,28741.0229038,147.45323650000137,candidate-measurement,000A85,valid,2693,0,True,
1,1,00001F,1790190011.330726,28741.2143157,147.64464840000073,candidate-measurement,000A85,valid,2693,0,True,
1,1,00001F,1790190011.5227172,28741.4063075,147.83664020000288,candidate-measurement,000A85,valid,2693,0,True,
1,1,00001F,1790190011.7307265,28741.614315,148.0446477000005,candidate-measurement,000A85,valid,2693,0,True,
1,1,00001F,1790190011.9222927,28741.8058814,148.23621410000123,candidate-measurement,000A85,valid,2693,0,True,
1,1,00001F,1790190012.1142912,28741.9978813,148.4282140000032,candidate-measurement,000A80,valid,2688,-5,True,
1,1,00001F,1790190012.3223073,28742.2058968,148.6362294999999,candidate-measurement,000A78,valid,2680,-8,True,
1,1,00001F,1790190012.5136945,28742.3972827,148.82761540000138,candidate-measurement,000A75,valid,2677,-3,True,
1,1,00001F,1790190012.7056913,28742.5892803,149.0196130000004,candidate-measurement,000A73,valid,2675,-2,True,
1,1,00001F,1790190012.8972602,28742.7808486,149.21118130000104,candidate-measurement,000A73,valid,2675,0,True,
1,1,00001F,1790190013.105248,28742.9888371,149.41916980000315,candidate-measurement,000A73,valid,2675,0,True,
1,1,00001F,1790190013.2972505,28743.1808393,149.6111720000008,candidate-measurement,000A73,valid,2675,0,True,
1,1,00001F,1790190013.4886544,28743.372245,149.80257770000026,candidate-measurement,000A70,valid,2672,-3,True,
1,1,00001F,1790190013.6962717,28743.5798627,150.01019540000198,candidate-measurement,000A61,valid,2657,-15,True,
1,1,00001F,1790190013.888232,28743.7718203,150.202153000002,candidate-measurement,000A5C,valid,2652,-5,True,
1,1,00001F,1790190014.0802283,28743.9638169,150.39414960000067,candidate-measurement,000A5A,valid,2650,-2,True,
1,1,00001F,1790190014.2882147,28744.1718045,150.6021372000032,candidate-measurement,000A57,valid,2647,-3,True,
1,1,00001F,1790190014.4796283,28744.3632192,150.79355190000206,candidate-measurement,000A52,valid,2642,-5,True,
1,1,00001F,1790190014.671624,28744.5552149,150.98554760000115,candidate-measurement,000A4F,valid,2639,-3,True,
1,1,00001F,1790190014.8632033,28744.7467921,151.17712480000046,candidate-measurement,000A4D,valid,2637,-2,True,
1,1,00001F,1790190015.0711842,28744.9547736,151.3851063000002,candidate-measurement,000A4C,valid,2636,-1,True,
1,1,00001F,1790190015.2631905,28745.1467789,151.57711160000326,candidate-measurement,000A4B,valid,2635,-1,True,
1,1,00001F,1790190015.455195,28745.3387856,151.76911830000245,candidate-measurement,000A4A,valid,2634,-1,True,
1,1,00001F,1790190015.6625886,28745.5461796,151.97651230000338,candidate-measurement,000A49,valid,2633,-1,True,
1,1,00001F,1790190015.8545892,28745.7381772,152.1685099000024,candidate-measurement,000A46,valid,2630,-3,True,
1,1,00001F,1790190016.0465746,28745.9301659,152.36049860000276,candidate-measurement,000A45,valid,2629,-1,True,
1,1,00001F,1790190016.2541537,28746.1377424,152.5680751,candidate-measurement,000A43,valid,2627,-2,True,
1,1,00001F,1790190016.4461393,28746.3297298,152.76006250000137,candidate-measurement,000A41,valid,2625,-2,True,
1,1,00001F,1790190016.638144,28746.5217325,152.95206520000283,candidate-measurement,000A3E,valid,2622,-3,True,
1,1,00001F,1790190016.845633,28746.7292152,153.1595479000025,candidate-measurement,000A3A,valid,2618,-4,True,
1,1,00001F,1790190017.0375667,28746.9211545,153.35148720000143,candidate-measurement,000A38,valid,2616,-2,True,
1,1,00001F,1790190017.2291224,28747.1127088,153.54304150000098,candidate-measurement,000A36,valid,2614,-2,True,
1,1,00001F,1790190017.4211187,28747.3047068,153.73503950000304,candidate-measurement,000A34,valid,2612,-2,True,
1,1,00001F,1790190017.6291213,28747.5127097,153.943042400002,candidate-measurement,000A33,valid,2611,-1,True,
1,1,00001F,1790190017.820535,28747.7041232,154.13445590000265,candidate-measurement,000A33,valid,2611,0,True,
1,1,00001F,1790190018.0125148,28747.8961046,154.326437300002,candidate-measurement,000A33,valid,2611,0,True,
1,1,00001F,1790190018.220083,28748.1036734,154.53400610000244,candidate-measurement,000A33,valid,2611,0,True,
1,1,00001F,1790190018.4120827,28748.2956706,154.72600330000205,candidate-measurement,000A32,valid,2610,-1,True,
1,1,00001F,1790190018.6034887,28748.4870786,154.91741130000082,candidate-measurement,000A32,valid,2610,0,True,
1,1,00001F,1790190018.7954917,28748.6790801,155.10941280000043,candidate-measurement,000A31,valid,2609,-1,True,
1,1,00001F,1790190019.0034847,28748.8870736,155.31740630000058,candidate-measurement,000A2F,valid,2607,-2,True,
1,1,00001F,1790190019.1950557,28749.078644,155.50897670000268,candidate-measurement,000A2D,valid,2605,-2,True,
1,1,00001F,1790190019.3870502,28749.2706386,155.70097130000067,candidate-measurement,000A2D,valid,2605,0,True,
1,1,00001F,1790190019.595073,28749.4786617,155.90899440000067,candidate-measurement,000A2D,valid,2605,0,True,
1,1,00001F,1790190019.786454,28749.6700424,156.10037510000257,candidate-measurement,000A2C,valid,2604,-1,True,
1,1,00001F,1790190019.978466,28749.862054,156.29238670000268,candidate-measurement,000A2C,valid,2604,0,True,
1,1,00001F,1790190020.1860209,28750.0696092,156.49994190000143,candidate-measurement,000A2C,valid,2604,0,True,
1,1,00001F,1790190020.378021,28750.2616091,156.6919418000034,candidate-measurement,000A2C,valid,2604,0,True,
1,1,00001F,1790190020.569438,28750.4530277,156.88336040000286,candidate-measurement,000A2C,valid,2604,0,True,
1,1,00001F,1790190020.7614307,28750.6450185,157.07535120000102,candidate-measurement,000A2C,valid,2604,0,True,
1,1,00001F,1790190020.9690034,28750.852592,157.28292470000088,candidate-measurement,000A2A,valid,2602,-2,True,
1,1,00001F,1790190021.160995,28751.0445833,157.47491600000285,candidate-measurement,000A29,valid,2601,-1,True,
1,1,00001F,1790190021.3529854,28751.2365752,157.66690790000212,candidate-measurement,000A1E,valid,2590,-11,True,
1,1,00001F,1790190021.560397,28751.4439852,157.8743179000012,candidate-measurement,000A1B,valid,2587,-3,True,
1,1,00001F,1790190021.752398,28751.6359861,158.06631879999986,candidate-measurement,000A19,valid,2585,-2,True,
1,1,00001F,1790190021.9439633,28751.8275521,158.2578848000012,candidate-measurement,000A19,valid,2585,0,True,
1,1,00001F,1790190022.151963,28752.035551,158.46588370000245,candidate-measurement,000A19,valid,2585,0,True,
1,1,00001F,1790190022.359956,28752.2435447,158.6738774000005,candidate-measurement,000A18,valid,2584,-1,True,
1,1,00001F,1790190022.5513632,28752.4349524,158.86528510000062,candidate-measurement,000A13,valid,2579,-5,True,
1,1,00001F,1790190022.743366,28752.6269551,159.0572878000021,candidate-measurement,000A06,valid,2566,-13,True,
1,1,00001F,1790190022.9349382,28752.818527,159.24885970000105,candidate-measurement,000A01,valid,2561,-5,True,
1,1,00001F,1790190023.1269298,28753.0105195,159.44085220000125,candidate-measurement,0009FF,valid,2559,-2,True,
1,1,00001F,1790190023.318915,28753.2025049,159.63283760000195,candidate-measurement,0009FA,valid,2554,-5,True,
1,1,00001F,1790190023.5269148,28753.4105027,159.8408354000021,candidate-measurement,0009F3,valid,2547,-7,True,
1,1,00001F,1790190023.7183342,28753.6019229,160.03225560000283,candidate-measurement,0009F1,valid,2545,-2,True,
1,1,00001F,1790190023.9103262,28753.7939152,160.2242479000015,candidate-measurement,0009EF,valid,2543,-2,True,
1,1,00001F,1790190024.1179154,28754.0015049,160.43183760000102,candidate-measurement,0009ED,valid,2541,-2,True,
1,1,00001F,1790190024.3098955,28754.1934847,160.62381740000274,candidate-measurement,0009EA,valid,2538,-3,True,
1,1,00001F,1790190024.5018847,28754.3854753,160.81580800000302,candidate-measurement,0009E7,valid,2535,-3,True,
1,1,00001F,1790190024.6933022,28754.5768933,161.00722600000154,candidate-measurement,0009E4,valid,2532,-3,True,
1,1,00001F,1790190024.9012852,28754.7848743,161.2152070000011,candidate-measurement,0009E0,valid,2528,-4,True,
1,1,00001F,1790190025.092874,28754.9764624,161.40679510000336,candidate-measurement,0009DE,valid,2526,-2,True,
1,1,00001F,1790190025.284857,28755.1684476,161.59878030000255,candidate-measurement,0009DC,valid,2524,-2,True,
1,1,00001F,1790190025.492853,28755.3764415,161.8067742000021,candidate-measurement,0009DA,valid,2522,-2,True,
1,1,00001F,1790190025.684843,28755.5684335,161.99876620000214,candidate-measurement,0009D9,valid,2521,-1,True,
1,1,00001F,1790190025.876271,28755.7598588,162.19019150000167,candidate-measurement,0009D9,valid,2521,0,True,
1,1,00001F,1790190026.0842829,28755.9678726,162.39820529999997,candidate-measurement,0009D9,valid,2521,0,True,
1,1,00001F,1790190026.2918308,28756.1754193,162.60575200000312,candidate-measurement,0009D9,valid,2521,0,True,
1,1,00001F,1790190026.4838264,28756.3674158,162.79774850000103,candidate-measurement,0009D7,valid,2519,-2,True,
1,1,00001F,1790190026.6758127,28756.5594029,162.98973560000013,candidate-measurement,0009D7,valid,2519,0,True,
1,1,00001F,1790190026.8678164,28756.7514048,163.18173750000278,candidate-measurement,0009D7,valid,2519,0,True,
1,1,00001F,1790190027.0592234,28756.9428146,163.3731473000007,candidate-measurement,0009D5,valid,2517,-2,True,
1,1,00001F,1790190027.2512343,28757.1348248,163.56515750000108,candidate-measurement,0009D3,valid,2515,-2,True,
1,1,00001F,1790190027.4592113,28757.3428005,163.7731332000003,candidate-measurement,0009D3,valid,2515,0,True,
1,1,00001F,1790190027.650784,28757.534373,163.9647057000002,candidate-measurement,0009D3,valid,2515,0,True,
1,1,00001F,1790190027.8427804,28757.7263681,164.156700800002,candidate-measurement,0009D3,valid,2515,0,True,
1,1,00001F,1790190028.050768,28757.9343579,164.3646906000031,candidate-measurement,0009D1,valid,2513,-2,True,
1,1,00001F,1790190028.2581854,28758.1417743,164.57210699999996,candidate-measurement,0009D1,valid,2513,0,True,
1,1,00001F,1790190028.4501796,28758.3337678,164.7641005000005,candidate-measurement,0009D1,valid,2513,0,True,
1,1,00001F,1790190028.6417518,28758.5253423,164.95567500000107,candidate-measurement,0009D1,valid,2513,0,True,
1,1,00001F,1790190028.83375,28758.7173382,165.14767090000169,candidate-measurement,0009D1,valid,2513,0,True,
1,1,00001F,1790190029.0257523,28758.9093415,165.33967420000045,candidate-measurement,0009D1,valid,2513,0,True,
1,1,00001F,1790190029.2171552,28759.1007452,165.53107790000286,candidate-measurement,0009D0,valid,2512,-1,True,
1,1,00001F,1790190029.4247975,28759.3083874,165.73872010000196,candidate-measurement,0009CA,valid,2506,-6,True,
1,1,00001F,1790190029.6167386,28759.5003287,165.93066140000155,candidate-measurement,0009C3,valid,2499,-7,True,
1,1,00001F,1790190029.808718,28759.6923068,166.12263950000124,candidate-measurement,0009BF,valid,2495,-4,True,
1,1,00001F,1790190030.0167096,28759.9002983,166.33063100000072,candidate-measurement,0009BF,valid,2495,0,True,
1,1,00001F,1790190030.22412,28760.1077086,166.53804130000208,candidate-measurement,0009BF,valid,2495,0,True,
1,1,00001F,1790190030.416121,28760.2997091,166.73004180000135,candidate-measurement,0009BE,valid,2494,-1,True,
1,1,00001F,1790190030.607694,28760.4912827,166.92161540000234,candidate-measurement,0009AC,valid,2476,-18,True,
1,1,00001F,1790190030.7996857,28760.683274,167.11360670000067,candidate-measurement,0009A7,valid,2471,-5,True,
1,1,00001F,1790190030.9916806,28760.8752686,167.3056013000023,candidate-measurement,0009A3,valid,2467,-4,True,
1,1,00001F,1790190031.1830878,28761.0666774,167.4970100999999,candidate-measurement,00099B,valid,2459,-8,True,
1,1,00001F,1790190031.3910878,28761.2746774,167.70501010000226,candidate-measurement,000997,valid,2455,-4,True,
1,1,00001F,1790190031.5826888,28761.4662783,167.89661100000012,candidate-measurement,000995,valid,2453,-2,True,
1,1,00001F,1790190031.7746542,28761.6582425,168.0885752000031,candidate-measurement,000992,valid,2450,-3,True,
1,1,00001F,1790190031.982652,28761.8662416,168.29657430000225,candidate-measurement,00098F,valid,2447,-3,True,
1,1,00001F,1790190032.1740527,28762.0576423,168.487975,candidate-measurement,00098B,valid,2443,-4,True,
1,1,00001F,1790190032.366052,28762.24964,168.67997270000342,candidate-measurement,000987,valid,2439,-4,True,
1,1,00001F,1790190032.5580494,28762.441639,168.87197170000218,candidate-measurement,000983,valid,2435,-4,True,
1,1,00001F,1790190032.7656286,28762.6492163,169.07954900000186,candidate-measurement,000981,valid,2433,-2,True,
1,1,00001F,1790190032.9576054,28762.8411962,169.2715289000007,candidate-measurement,00097F,valid,2431,-2,True,
1,1,00001F,1790190033.1490295,28763.0326185,169.46295120000286,candidate-measurement,00097F,valid,2431,0,True,
1,1,00001F,1790190033.3570218,28763.2406105,169.6709432000025,candidate-measurement,00097F,valid,2431,0,True,
1,1,00001F,1790190033.548601,28763.4321898,169.86252250000325,candidate-measurement,00097D,valid,2429,-2,True,
1,1,00001F,1790190033.7405832,28763.6241722,170.05450490000294,candidate-measurement,00097D,valid,2429,0,True,
1,1,00001F,1790190033.94858,28763.83217,170.2625027000031,candidate-measurement,00097D,valid,2429,0,True,
1,1,00001F,1790190034.1399899,28764.02358,170.45391270000255,candidate-measurement,00097B,valid,2427,-2,True,
1,1,00001F,1790190034.3319955,28764.2155838,170.64591650000148,candidate-measurement,000979,valid,2425,-2,True,
1,1,00001F,1790190034.5239935,28764.4075815,170.83791420000125,candidate-measurement,000979,valid,2425,0,True,
1,1,00001F,1790190034.7315564,28764.615144,171.04547670000102,candidate-measurement,000979,valid,2425,0,True,
1,1,00001F,1790190034.9235528,28764.807142,171.23747470000308,candidate-measurement,000979,valid,2425,0,True,
1,1,00001F,1790190035.1149673,28764.9985579,171.42889060000016,candidate-measurement,000977,valid,2423,-2,True,
1,1,00001F,1790190035.3229566,28765.2065452,171.6368779000004,candidate-measurement,000977,valid,2423,0,True,
1,1,00001F,1790190035.5149581,28765.3985462,171.82887889999984,candidate-measurement,000977,valid,2423,0,True,
1,1,00001F,1790190035.7065356,28765.5901239,172.02045660000294,candidate-measurement,000977,valid,2423,0,True,
1,1,00001F,1790190035.914519,28765.7981075,172.22844020000048,candidate-measurement,000977,valid,2423,0,True,
1,1,00001F,1790190036.106511,28765.9901006,172.4204333000016,candidate-measurement,000977,valid,2423,0,True,
1,1,00001F,1790190036.2985108,28766.1820991,172.6124318000002,candidate-measurement,000971,valid,2417,-6,True,
1,1,00001F,1790190036.4899127,28766.3735019,172.80383460000303,candidate-measurement,000968,valid,2408,-9,True,
1,1,00001F,1790190036.6979237,28766.5815126,173.0118453000032,candidate-measurement,000966,valid,2406,-2,True,
1,1,00001F,1790190036.8899105,28766.7734988,173.2038315000027,candidate-measurement,000965,valid,2405,-1,True,
1,1,00001F,1790190037.0814722,28766.9650629,173.39539560000048,candidate-measurement,000965,valid,2405,0,True,
1,1,00001F,1790190037.2894716,28767.1730607,173.60339340000064,candidate-measurement,000965,valid,2405,0,True,
1,1,00001F,1790190037.4808884,28767.3644787,173.7948114000028,candidate-measurement,000961,valid,2401,-4,True,
1,1,00001F,1790190037.6728845,28767.5564736,173.98680630000308,candidate-measurement,000953,valid,2387,-14,True,
1,1,00001F,1790190037.8804471,28767.7640363,174.19436900000073,candidate-measurement,00094D,valid,2381,-6,True,
1,1,00001F,1790190038.0724664,28767.9560563,174.38638900000296,candidate-measurement,00094A,valid,2378,-3,True,
1,1,00001F,1790190038.2644389,28768.1480291,174.5783618000023,candidate-measurement,000944,valid,2372,-6,True,
1,1,00001F,1790190038.456436,28768.3400244,174.770357100002,candidate-measurement,00093F,valid,2367,-5,True,
1,1,00001F,1790190038.6638465,28768.5474361,174.9777688000031,candidate-measurement,00093E,valid,2366,-1,True,
1,1,00001F,1790190038.855852,28768.7394398,175.16977250000127,candidate-measurement,00093B,valid,2363,-3,True,
1,1,00001F,1790190039.047843,28768.9314336,175.36176630000045,candidate-measurement,000939,valid,2361,-2,True,
1,1,00001F,1790190039.2554123,28769.1390021,175.56933480000225,candidate-measurement,000937,valid,2359,-2,True,
1,1,00001F,1790190039.4474084,28769.3309973,175.76133000000118,candidate-measurement,000933,valid,2355,-4,True,
1,1,00001F,1790190039.6388175,28769.5224075,175.95274020000215,candidate-measurement,000930,valid,2352,-3,True,
1,1,00001F,1790190039.8308163,28769.7144053,176.1447380000027,candidate-measurement,00092B,valid,2347,-5,True,
1,1,00001F,1790190040.038448,28769.9220385,176.35237120000238,candidate-measurement,000929,valid,2345,-2,True,
1,1,00001F,1790190040.23039,28770.1139791,176.5443118000003,candidate-measurement,000926,valid,2342,-3,True,
1,1,00001F,1790190040.422391,28770.3059812,176.73631390000082,candidate-measurement,000925,valid,2341,-1,True,
1,1,00001F,1790190040.6303654,28770.5139545,176.94428719999996,candidate-measurement,000925,valid,2341,0,True,
1,1,00001F,1790190040.8217838,28770.7053735,177.13570620000246,candidate-measurement,000925,valid,2341,0,True,
1,1,00001F,1790190041.0137756,28770.8973657,177.32769840000037,candidate-measurement,000923,valid,2339,-2,True,
1,1,00001F,1790190041.2217736,28771.105362,177.53569470000002,candidate-measurement,000923,valid,2339,0,True,
1,1,00001F,1790190041.4133353,28771.2969256,177.72725830000127,candidate-measurement,000923,valid,2339,0,True,
1,1,00001F,1790190041.6053317,28771.4889214,177.91925410000113,candidate-measurement,000921,valid,2337,-2,True,
1,1,00001F,1790190041.7973316,28771.6809197,178.11125240000183,candidate-measurement,00091F,valid,2335,-2,True,
1,1,00001F,1790190042.0053208,28771.8889092,178.31924190000063,candidate-measurement,00091F,valid,2335,0,True,
1,1,00001F,1790190042.1967518,28772.0803403,178.51067300000068,candidate-measurement,00091F,valid,2335,0,True,
1,1,00001F,1790190042.3887348,28772.2723232,178.70265590000054,candidate-measurement,00091F,valid,2335,0,True,
1,1,00001F,1790190042.5963008,28772.4798907,178.910223400002,candidate-measurement,00091F,valid,2335,0,True,
1,1,00001F,1790190042.7883043,28772.6718923,179.10222500000236,candidate-measurement,00091E,valid,2334,-1,True,
1,1,00001F,1790190042.9802868,28772.8638755,179.29420820000087,candidate-measurement,00091E,valid,2334,0,True,
1,1,00001F,1790190043.1877115,28773.0713002,179.50163290000273,candidate-measurement,00091E,valid,2334,0,True,
1,1,00001F,1790190043.3796952,28773.263284,179.69361670000217,candidate-measurement,00091E,valid,2334,0,True,
1,1,00001F,1790190043.5712762,28773.4548658,179.88519850000012,candidate-measurement,00091E,valid,2334,0,True,
1,1,00001F,1790190043.7632692,28773.6468569,180.07718960000057,candidate-measurement,00091D,valid,2333,-1,True,
1,1,00001F,1790190043.970683,28773.8542733,180.28460600000108,candidate-measurement,000914,valid,2324,-9,True,
1,1,00001F,1790190044.1626706,28774.0462616,180.47659430000203,candidate-measurement,00090F,valid,2319,-5,True,
1,1,00001F,1790190044.3546689,28774.238259,180.66859170000316,candidate-measurement,00090D,valid,2317,-2,True,
1,1,00001F,1790190044.562234,28774.4458236,180.87615630000073,candidate-measurement,00090C,valid,2316,-1,True,
1,1,00001F,1790190044.7542434,28774.6378315,181.06816420000177,candidate-measurement,00090C,valid,2316,0,True,
1,1,00001F,1790190044.946219,28774.8298093,181.26014200000282,candidate-measurement,00090C,valid,2316,0,True,
1,1,00001F,1790190045.1536417,28775.0372303,181.46756300000197,candidate-measurement,00090C,valid,2316,0,True,
1,1,00001F,1790190045.3452344,28775.2288232,181.65915590000077,candidate-measurement,00090A,valid,2314,-2,True,
1,1,00001F,1790190045.5372121,28775.4208031,181.85113580000325,candidate-measurement,000907,valid,2311,-3,True,
1,1,00001F,1790190045.7292063,28775.6127941,182.04312680000294,candidate-measurement,0008F7,valid,2295,-16,True,
1,1,00001F,1790190045.9366174,28775.8202058,182.2505385000004,candidate-measurement,0008F3,valid,2291,-4,True,
1,1,00001F,1790190046.128617,28776.0122051,182.44253780000145,candidate-measurement,0008F1,valid,2289,-2,True,
1,1,00001F,1790190046.320608,28776.2041973,182.634530000003,candidate-measurement,0008EB,valid,2283,-6,True,
1,1,00001F,1790190046.528594,28776.412184,182.8425167000023,candidate-measurement,0008E5,valid,2277,-6,True,
1,1,00001F,1790190046.7201762,28776.6037651,183.0340978000022,candidate-measurement,0008E4,valid,2276,-1,True,
1,1,00001F,1790190046.9121668,28776.7957556,183.22608830000172,candidate-measurement,0008E1,valid,2273,-3,True,
1,1,00001F,1790190047.120161,28777.0037492,183.43408190000264,candidate-measurement,0008E0,valid,2272,-1,True,
1,1,00001F,1790190047.3115716,28777.1951616,183.62549430000217,candidate-measurement,0008DD,valid,2269,-3,True,
1,1,00001F,1790190047.5035708,28777.3871594,183.8174921000027,candidate-measurement,0008DA,valid,2266,-3,True,
1,1,00001F,1790190047.6951425,28777.5787309,184.00906360000226,candidate-measurement,0008D6,valid,2262,-4,True,
1,1,00001F,1790190047.903135,28777.7867235,184.21705620000284,candidate-measurement,0008D3,valid,2259,-3,True,
1,1,00001F,1790190048.0951343,28777.9787233,184.40905600000042,candidate-measurement,0008D2,valid,2258,-1,True,
1,1,00001F,1790190048.2865374,28778.1701271,184.60045979999995,candidate-measurement,0008CF,valid,2255,-3,True,
1,1,00001F,1790190048.4945316,28778.3781206,184.8084533000001,candidate-measurement,0008CD,valid,2253,-2,True,
1,1,00001F,1790190048.6861067,28778.5696961,185.00002880000102,candidate-measurement,0008CB,valid,2251,-2,True,
1,1,00001F,1790190048.8781035,28778.7616926,185.19202530000257,candidate-measurement,0008CB,valid,2251,0,True,
1,1,00001F,1790190049.0861254,28778.9697151,185.40004780000163,candidate-measurement,0008CB,valid,2251,0,True,
1,1,00001F,1790190049.2775054,28779.1610958,185.5914284999999,candidate-measurement,0008CB,valid,2251,0,True,
1,1,00001F,1790190049.4690797,28779.3526693,185.78300200000012,candidate-measurement,0008C9,valid,2249,-2,True,
1,1,00001F,1790190049.6610727,28779.5446635,185.97499620000235,candidate-measurement,0008C9,valid,2249,0,True,
1,1,00001F,1790190049.8685086,28779.752097,186.1824297000021,candidate-measurement,0008C9,valid,2249,0,True,
1,1,00001F,1790190050.0604815,28779.9440711,186.37440380000044,candidate-measurement,0008C7,valid,2247,-2,True,
1,1,00001F,1790190050.2520504,28780.1356404,186.56597310000143,candidate-measurement,0008C5,valid,2245,-2,True,
1,1,00001F,1790190050.4600563,28780.3436445,186.77397720000226,candidate-measurement,0008C5,valid,2245,0,True,
1,1,00001F,1790190050.6514628,28780.5350527,186.96538540000256,candidate-measurement,0008C5,valid,2245,0,True,
1,1,00001F,1790190050.8434658,28780.7270541,187.1573868000014,candidate-measurement,0008C5,valid,2245,0,True,
1,1,00001F,1790190051.0514524,28780.9350403,187.36537300000055,candidate-measurement,0008C4,valid,2244,-1,True,
1,1,00001F,1790190051.2434475,28781.1270361,187.5573688000004,candidate-measurement,0008C4,valid,2244,0,True,
1,1,00001F,1790190051.4354367,28781.3190276,187.74936030000026,candidate-measurement,0008C4,valid,2244,0,True,
1,1,00001F,1790190051.627439,28781.5110284,187.9413611000018,candidate-measurement,0008C4,valid,2244,0,True,
1,1,00001F,1790190051.8349993,28781.7185879,188.14892060000057,candidate-measurement,0008C4,valid,2244,0,True,
1,1,00001F,1790190052.027004,28781.9105923,188.34092500000042,candidate-measurement,0008C4,valid,2244,0,True,
1,1,00001F,1790190052.2189958,28782.1025849,188.53291760000138,candidate-measurement,0008C2,valid,2242,-2,True,
1,1,00001F,1790190052.4264143,28782.3100038,188.74033650000274,candidate-measurement,0008B9,valid,2233,-9,True,
1,1,00001F,1790190052.618396,28782.5019867,188.9323194000026,candidate-measurement,0008B5,valid,2229,-4,True,
1,1,00001F,1790190052.8103971,28782.6939853,189.12431800000195,candidate-measurement,0008B3,valid,2227,-2,True,
1,1,00001F,1790190053.0179682,28782.9015566,189.33188930000324,candidate-measurement,0008B1,valid,2225,-2,True,
1,1,00001F,1790190053.209967,28783.093556,189.5238887000014,candidate-measurement,0008B1,valid,2225,0,True,
1,1,00001F,1790190053.4019625,28783.2855507,189.71588340000017,candidate-measurement,0008B1,valid,2225,0,True,
1,1,00001F,1790190053.6093743,28783.4929631,189.92329580000296,candidate-measurement,0008B1,valid,2225,0,True,
1,1,00001F,1790190053.8013678,28783.6849562,190.11528890000045,candidate-measurement,0008B1,valid,2225,0,True,
1,1,00001F,1790190053.9933646,28783.8769533,190.30728600000293,candidate-measurement,0008AD,valid,2221,-4,True,
1,1,00001F,1790190054.1849368,28784.0685248,190.4988575000025,candidate-measurement,00089D,valid,2205,-16,True,
1,1,00001F,1790190054.39293,28784.2765182,190.70685090000188,candidate-measurement,000899,valid,2201,-4,True,
1,1,00001F,1790190054.5849175,28784.4685065,190.89883920000284,candidate-measurement,000895,valid,2197,-4,True,
1,1,00001F,1790190054.7763336,28784.6599223,191.0902550000028,candidate-measurement,00088E,valid,2190,-7,True,
1,1,00001F,1790190054.9843314,28784.8679203,191.29825300000084,candidate-measurement,000889,valid,2185,-5,True,
1,1,00001F,1790190055.1763322,28785.0599222,191.49025489999985,candidate-measurement,000887,valid,2183,-2,True,
1,1,00001F,1790190055.3679032,28785.251491,191.68182370000068,candidate-measurement,000884,valid,2180,-3,True,
1,1,00001F,1790190055.5598874,28785.4434781,191.8738108000034,candidate-measurement,000881,valid,2177,-3,True,
1,1,00001F,1790190055.7673013,28785.6508912,192.08122390000062,candidate-measurement,00087B,valid,2171,-6,True,
1,1,00001F,1790190055.9592972,28785.8428866,192.27321930000107,candidate-measurement,000875,valid,2165,-6,True,
1,1,00001F,1790190056.150867,28786.034457,192.46478970000317,candidate-measurement,000872,valid,2162,-3,True,
1,1,00001F,1790190056.3588696,28786.2424574,192.6727901000013,candidate-measurement,000871,valid,2161,-1,True,
1,1,00001F,1790190056.550853,28786.4344418,192.86477450000166,candidate-measurement,000871,valid,2161,0,True,
1,1,00001F,1790190056.7422743,28786.6258626,193.0561953000033,candidate-measurement,00086F,valid,2159,-2,True,
1,1,00001F,1790190056.950267,28786.8338563,193.26418900000135,candidate-measurement,00086E,valid,2158,-1,True,
1,1,00001F,1790190057.1578603,28787.0414494,193.4717821000013,candidate-measurement,00086D,valid,2157,-1,True,
1,1,00001F,1790190057.3498275,28787.2334176,193.663750300002,candidate-measurement,00086B,valid,2155,-2,True,
1,1,00001F,1790190057.5418212,28787.4254116,193.8557443000027,candidate-measurement,00086B,valid,2155,0,True,
1,1,00001F,1790190057.7332397,28787.6168282,194.04716090000147,candidate-measurement,00086B,valid,2155,0,True,
1,1,00001F,1790190057.9252431,28787.8088311,194.23916380000082,candidate-measurement,00086A,valid,2154,-1,True,
1,1,00001F,1790190058.1172266,28788.0008168,194.43114950000017,candidate-measurement,00086A,valid,2154,0,True,
1,1,00001F,1790190058.3247955,28788.2083856,194.63871830000062,candidate-measurement,00086A,valid,2154,0,True,
1,1,00001F,1790190058.5167887,28788.400379,194.8307117000004,candidate-measurement,00086A,valid,2154,0,True,
1,1,00001F,1790190058.7087815,28788.5923705,195.02270320000025,candidate-measurement,00086A,valid,2154,0,True,
1,1,00001F,1790190058.9161987,28788.7997871,195.23011980000229,candidate-measurement,00086A,valid,2154,0,True,
1,1,00001F,1790190059.108193,28788.9917822,195.42211490000045,candidate-measurement,000868,valid,2152,-2,True,
1,1,00001F,1790190059.3001835,28789.1837736,195.6141063000032,candidate-measurement,000862,valid,2146,-6,True,
1,1,00001F,1790190059.4917629,28789.3753513,195.80568400000266,candidate-measurement,00085B,valid,2139,-7,True,
1,1,00001F,1790190059.699765,28789.5833534,196.01368610000281,candidate-measurement,000857,valid,2135,-4,True,
1,1,00001F,1790190059.8917594,28789.775348,196.2056807000008,candidate-measurement,000857,valid,2135,0,True,
1,1,00001F,1790190060.0837467,28789.967335,196.39766770000278,candidate-measurement,000857,valid,2135,0,True,
1,1,00001F,1790190060.2911608,28790.1747489,196.60508160000245,candidate-measurement,000856,valid,2134,-1,True,
1,1,00001F,1790190060.4831502,28790.3667397,196.79707240000062,candidate-measurement,00084D,valid,2125,-9,True,
1,1,00001F,1790190060.6747177,28790.5583067,196.98863940000228,candidate-measurement,000843,valid,2115,-10,True,
1,1,00001F,1790190060.88272,28790.7663082,197.1966409000015,candidate-measurement,00083F,valid,2111,-4,True,
1,1,00001F,1790190061.074134,28790.9577221,197.38805480000156,candidate-measurement,00083D,valid,2109,-2,True,
1,1,00001F,1790190061.266148,28791.1497379,197.5800706000009,candidate-measurement,000837,valid,2103,-6,True,
1,1,00001F,1790190061.458119,28791.3417077,197.77204040000288,candidate-measurement,000832,valid,2098,-5,True,
1,1,00001F,1790190061.6656845,28791.5492751,197.97960779999994,candidate-measurement,00082F,valid,2095,-3,True,
1,1,00001F,1790190061.8576887,28791.7412778,198.1716105000014,candidate-measurement,00082F,valid,2095,0,True,
1,1,00001F,1790190062.0490942,28791.9326841,198.3630168000018,candidate-measurement,00082D,valid,2093,-2,True,
1,1,00001F,1790190062.2570872,28792.1406759,198.5710085999999,candidate-measurement,00082C,valid,2092,-1,True,
1,1,00001F,1790190062.448695,28792.3322483,198.76258100000268,candidate-measurement,000829,valid,2089,-3,True,
1,1,00001F,1790190062.640659,28792.5242491,198.9545818000006,candidate-measurement,000825,valid,2085,-4,True,
1,1,00001F,1790190062.84865,28792.7322386,199.16257130000304,candidate-measurement,000821,valid,2081,-4,True,
1,1,00001F,1790190063.0406494,28792.9242377,199.35457040000256,candidate-measurement,00081E,valid,2078,-3,True,
1,1,00001F,1790190063.2320552,28793.115644,199.54597670000294,candidate-measurement,00081C,valid,2076,-2,True,
1,1,00001F,1790190063.423633,28793.3072225,199.73755520000122,candidate-measurement,00081A,valid,2074,-2,True,
1,1,00001F,1790190063.6316347,28793.5152226,199.9455553000007,candidate-measurement,000818,valid,2072,-2,True,
1,1,00001F,1790190063.823626,28793.7072139,200.13754660000268,candidate-measurement,000817,valid,2071,-1,True,
1,1,00001F,1790190064.0156052,28793.8991953,200.32952800000203,candidate-measurement,000817,valid,2071,0,True,
1,1,00001F,1790190064.2230277,28794.106618,200.53695070000322,candidate-measurement,000817,valid,2071,0,True,
1,1,00001F,1790190064.4150164,28794.2986059,200.72893860000113,candidate-measurement,000816,valid,2070,-1,True,
1,1,00001F,1790190064.6066003,28794.4901891,200.92052180000246,candidate-measurement,000815,valid,2069,-1,True,
1,1,00001F,1790190064.8145866,28794.6981754,201.12850810000236,candidate-measurement,000815,valid,2069,0,True,
1,1,00001F,1790190065.006583,28794.8901716,201.32050430000163,candidate-measurement,000814,valid,2068,-1,True,
1,1,00001F,1790190065.1980667,28795.0816555,201.5119881999999,candidate-measurement,000812,valid,2066,-2,True,
1,1,00001F,1790190065.3899984,28795.2735862,201.70391890000246,candidate-measurement,000811,valid,2065,-1,True,
1,1,00001F,1790190065.5979965,28795.4815844,201.91191710000203,candidate-measurement,000811,valid,2065,0,True,
1,1,00001F,1790190065.7895591,28795.6731478,202.10348050000175,candidate-measurement,000811,valid,2065,0,True,
1,1,00001F,1790190065.9815505,28795.8651395,202.29547220000313,candidate-measurement,000810,valid,2064,-1,True,
1,1,00001F,1790190066.189543,28796.0731337,202.50346640000134,candidate-measurement,000810,valid,2064,0,True,
1,1,00001F,1790190066.3809578,28796.2645463,202.6948790000024,candidate-measurement,000810,valid,2064,0,True,
1,1,00001F,1790190066.5729485,28796.4565388,202.8868715000026,candidate-measurement,000810,valid,2064,0,True,
1,1,00001F,1790190066.7649462,28796.6485346,203.07886730000246,candidate-measurement,000810,valid,2064,0,True,
1,1,00001F,1790190066.9725204,28796.8561105,203.2864432000024,candidate-measurement,000810,valid,2064,0,True,
1,1,00001F,1790190067.1645148,28797.0481033,203.47843600000124,candidate-measurement,00080F,valid,2063,-1,True,
1,1,00001F,1790190067.3565106,28797.2400994,203.67043210000338,candidate-measurement,000805,valid,2053,-10,True,
1,1,00001F,1790190067.5639124,28797.4475035,203.87783620000118,candidate-measurement,000801,valid,2049,-4,True,
1,1,00001F,1790190067.7559164,28797.6395059,204.06983860000037,candidate-measurement,0007FE,valid,2046,-3,True,
1,1,00001F,1790190067.9479046,28797.8314949,204.26182760000302,candidate-measurement,0007FE,valid,2046,0,True,
1,1,00001F,1790190068.155481,28798.0390701,204.46940280000126,candidate-measurement,0007FE,valid,2046,0,True,
1,1,00001F,1790190068.3474755,28798.231065,204.66139770000154,candidate-measurement,0007FE,valid,2046,0,True,
1,1,00001F,1790190068.5394678,28798.4230581,204.85339080000267,candidate-measurement,0007FD,valid,2045,-1,True,
1,1,00001F,1790190068.7314682,28798.6150563,205.04538900000261,candidate-measurement,0007FA,valid,2042,-3,True,
1,1,00001F,1790190068.938877,28798.8224663,205.2527990000017,candidate-measurement,0007ED,valid,2029,-13,True,
1,1,00001F,1790190069.130876,28799.0144656,205.44479830000273,candidate-measurement,0007E7,valid,2023,-6,True,
1,1,00001F,1790190069.322436,28799.2060273,205.63636000000042,candidate-measurement,0007E5,valid,2021,-2,True,
1,1,00001F,1790190069.5304325,28799.4140237,205.84435640000083,candidate-measurement,0007E1,valid,2017,-4,True,
1,1,00001F,1790190069.7224405,28799.606028,206.03636069999993,candidate-measurement,0007DC,valid,2012,-5,True,
1,1,00001F,1790190069.9138472,28799.7974367,206.2277694000004,candidate-measurement,0007D8,valid,2008,-4,True,
1,1,00001F,1790190070.121835,28800.0054239,206.43575659999988,candidate-measurement,0007D7,valid,2007,-1,True,
1,1,00001F,1790190070.3134127,28800.1970011,206.62733380000282,candidate-measurement,0007D5,valid,2005,-2,True,
1,1,00001F,1790190070.505411,28800.3889989,206.81933160000335,candidate-measurement,0007D4,valid,2004,-1,True,
1,1,00001F,1790190070.697397,28800.5809857,207.01131840000016,candidate-measurement,0007D3,valid,2003,-1,True,
1,1,00001F,1790190070.9048157,28800.788404,207.2187367000006,candidate-measurement,0007D2,valid,2002,-1,True,
1,1,00001F,1790190071.0968091,28800.9803986,207.41073130000223,candidate-measurement,0007CF,valid,1999,-3,True,
1,1,00001F,1790190071.288798,28801.1723885,207.60272120000081,candidate-measurement,0007CE,valid,1998,-1,True,
1,1,00001F,1790190071.4963713,28801.3799594,207.8102921000027,candidate-measurement,0007CA,valid,1994,-4,True,
1,1,00001F,1790190071.688363,28801.5719538,208.0022865000028,candidate-measurement,0007C7,valid,1991,-3,True,
1,1,00001F,1790190071.8803625,28801.7639514,208.19428410000182,candidate-measurement,0007C4,valid,1988,-3,True,
1,1,00001F,1790190072.0883603,28801.9719484,208.40228110000317,candidate-measurement,0007C3,valid,1987,-1,True,
1,1,00001F,1790190072.295769,28802.1793571,208.60968980000325,candidate-measurement,0007C0,valid,1984,-3,True,
1,1,00001F,1790190072.4877605,28802.3713494,208.80168210000193,candidate-measurement,0007BE,valid,1982,-2,True,
1,1,00001F,1790190072.679335,28802.5629252,208.99325790000148,candidate-measurement,0007BD,valid,1981,-1,True,
1,1,00001F,1790190072.8713312,28802.7549192,209.18525190000219,candidate-measurement,0007BD,valid,1981,0,True,
1,1,00001F,1790190073.0633192,28802.9469093,209.3772420000023,candidate-measurement,0007BD,valid,1981,0,True,
1,1,00001F,1790190073.254742,28803.1383299,209.56866260000243,candidate-measurement,0007BC,valid,1980,-1,True,
1,1,00001F,1790190073.4627323,28803.3463199,209.7766526000014,candidate-measurement,0007BC,valid,1980,0,True,
1,1,00001F,1790190073.6543005,28803.5378913,209.9682240000002,candidate-measurement,0007BB,valid,1979,-1,True,
1,1,00001F,1790190073.8462996,28803.7298886,210.16022130000056,candidate-measurement,0007B9,valid,1977,-2,True,
1,1,00001F,1790190074.054279,28803.9378671,210.3681998000029,candidate-measurement,0007B7,valid,1975,-2,True,
1,1,00001F,1790190074.2457047,28804.1292937,210.55962640000143,candidate-measurement,0007B7,valid,1975,0,True,
1,1,00001F,1790190074.4377012,28804.3212897,210.75162240000282,candidate-measurement,0007B7,valid,1975,0,True,
1,1,00001F,1790190074.6296937,28804.5132819,210.94361460000073,candidate-measurement,0007B7,valid,1975,0,True,
1,1,00001F,1790190074.8372633,28804.7208519,211.15118460000303,candidate-measurement,0007B7,valid,1975,0,True,
1,1,00001F,1790190075.0292592,28804.9128491,211.34318180000264,candidate-measurement,0007B6,valid,1974,-1,True,
1,1,00001F,1790190075.2212515,28805.1048417,211.53517439999996,candidate-measurement,0007B6,valid,1974,0,True,
1,1,00001F,1790190075.4286616,28805.3122523,211.74258499999996,candidate-measurement,0007B6,valid,1974,0,True,
1,1,00001F,1790190075.6206589,28805.5042485,211.93458120000287,candidate-measurement,0007B6,valid,1974,0,True,
1,1,00001F,1790190075.8126588,28805.6962465,212.1265792000013,candidate-measurement,0007B6,valid,1974,0,True,
1,1,00001F,1790190076.0202188,28805.9038083,212.334141000003,candidate-measurement,0007B6,valid,1974,0,True,
1,1,00001F,1790190076.2282212,28806.1118094,212.54214210000282,candidate-measurement,0007B4,valid,1972,-2,True,
1,1,00001F,1790190076.4202175,28806.3038068,212.7341395000003,candidate-measurement,0007AB,valid,1963,-9,True,
1,1,00001F,1790190076.6116257,28806.4952142,212.9255469000018,candidate-measurement,0007A7,valid,1959,-4,True,
1,1,00001F,1790190076.8036208,28806.6872089,213.11754160000055,candidate-measurement,0007A5,valid,1957,-2,True,
1,1,00001F,1790190076.9951973,28806.878786,213.30911870000273,candidate-measurement,0007A3,valid,1955,-2,True,
1,1,00001F,1790190077.1871982,28807.0707861,213.5011188000026,candidate-measurement,0007A3,valid,1955,0,True,
1,1,00001F,1790190077.3951862,28807.2787746,213.70910730000105,candidate-measurement,0007A3,valid,1955,0,True,
1,1,00001F,1790190077.5871716,28807.4707623,213.90109500000108,candidate-measurement,0007A3,valid,1955,0,True,
1,1,00001F,1790190077.7785892,28807.6621779,214.09251060000315,candidate-measurement,0007A3,valid,1955,0,True,
1,1,00001F,1790190077.9865859,28807.870175,214.30050770000162,candidate-measurement,000797,valid,1943,-12,True,
1,1,00001F,1790190078.1941555,28808.077744,214.50807669999995,candidate-measurement,00078F,valid,1935,-8,True,
1,1,00001F,1790190078.38615,28808.2697396,214.70007230000192,candidate-measurement,00078B,valid,1931,-4,True,
1,1,00001F,1790190078.5775557,28808.4611459,214.8914786000023,candidate-measurement,000787,valid,1927,-4,True,
1,1,00001F,1790190078.7695563,28808.6531452,215.08347790000334,candidate-measurement,000781,valid,1921,-6,True,
1,1,00001F,1790190078.9615543,28808.8451448,215.27547750000303,candidate-measurement,00077D,valid,1917,-4,True,
1,1,00001F,1790190079.1531274,28809.0367174,215.46705010000005,candidate-measurement,00077B,valid,1915,-2,True,
1,1,00001F,1790190079.3611515,28809.2447407,215.67507340000157,candidate-measurement,00077B,valid,1915,0,True,
1,1,00001F,1790190079.5531025,28809.4366938,215.86702650000007,candidate-measurement,000779,valid,1913,-2,True,
1,1,00001F,1790190079.7451012,28809.6286903,216.05902300000162,candidate-measurement,000777,valid,1911,-2,True,
1,1,00001F,1790190079.9370942,28809.8206836,216.25101630000063,candidate-measurement,000774,valid,1908,-3,True,
1,1,00001F,1790190080.1445115,28810.0281011,216.45843380000224,candidate-measurement,000773,valid,1907,-1,True,
1,1,00001F,1790190080.33652,28810.2201078,216.65044050000142,candidate-measurement,00076F,valid,1903,-4,True,
1,1,00001F,1790190080.528087,28810.4116749,216.84200760000022,candidate-measurement,00076B,valid,1899,-4,True,
1,1,00001F,1790190080.7360868,28810.6196744,217.0500071000024,candidate-measurement,000768,valid,1896,-3,True,
1,1,00001F,1790190080.9274895,28810.8110785,217.24141120000058,candidate-measurement,000765,valid,1893,-3,True,
1,1,00001F,1790190081.119486,28811.0030753,217.43340800000078,candidate-measurement,000764,valid,1892,-1,True,
1,1,00001F,1790190081.327494,28811.2110828,217.64141550000204,candidate-measurement,000763,valid,1891,-1,True,
1,1,00001F,1790190081.519046,28811.4026345,217.83296719999998,candidate-measurement,000763,valid,1891,0,True,
1,1,00001F,1790190081.7110772,28811.5946641,218.02499680000255,candidate-measurement,000763,valid,1891,0,True,
1,1,00001F,1790190081.9030402,28811.7866285,218.2169611999998,candidate-measurement,000761,valid,1889,-2,True,
1,1,00001F,1790190082.1104658,28811.994054,218.42438670000047,candidate-measurement,000761,valid,1889,0,True,
1,1,00001F,1790190082.3024445,28812.1860325,218.6163652000032,candidate-measurement,000761,valid,1889,0,True,
1,1,00001F,1790190082.4940217,28812.3776101,218.8079428000019,candidate-measurement,00075F,valid,1887,-2,True,
1,1,00001F,1790190082.7020216,28812.5856103,219.01594300000215,candidate-measurement,00075D,valid,1885,-2,True,
1,1,00001F,1790190082.8940055,28812.7775938,219.20792650000294,candidate-measurement,00075D,valid,1885,0,True,
1,1,00001F,1790190083.085421,28812.969011,219.39934370000265,candidate-measurement,00075D,valid,1885,0,True,
1,1,00001F,1790190083.2934146,28813.1770032,219.60733590000018,candidate-measurement,00075D,valid,1885,0,True,
1,1,00001F,1790190083.4854057,28813.3689949,219.79932760000156,candidate-measurement,00075C,valid,1884,-1,True,
1,1,00001F,1790190083.676977,28813.5605666,219.99089930000264,candidate-measurement,00075C,valid,1884,0,True,
1,1,00001F,1790190083.8689768,28813.7525658,220.18289850000292,candidate-measurement,00075C,valid,1884,0,True,
1,1,00001F,1790190084.076972,28813.9605608,220.39089349999995,candidate-measurement,00075C,valid,1884,0,True,
1,1,00001F,1790190084.268378,28814.1519673,220.58230000000185,candidate-measurement,00075C,valid,1884,0,True,
1,1,00001F,1790190084.4603763,28814.3439643,220.77429699999993,candidate-measurement,00075B,valid,1883,-1,True,
1,1,00001F,1790190084.6679432,28814.5515334,220.98186610000266,candidate-measurement,000757,valid,1879,-4,True,
1,1,00001F,1790190084.8599408,28814.7435296,221.17386230000193,candidate-measurement,00074F,valid,1871,-8,True,
1,1,00001F,1790190085.0519347,28814.9355238,221.36585650000052,candidate-measurement,00074B,valid,1867,-4,True,
1,1,00001F,1790190085.2599285,28815.1435177,221.57385040000008,candidate-measurement,00074A,valid,1866,-1,True,
1,1,00001F,1790190085.4513447,28815.3349345,221.76526720000038,candidate-measurement,00074A,valid,1866,0,True,
1,1,00001F,1790190085.6433363,28815.5269257,221.9572584000016,candidate-measurement,00074A,valid,1866,0,True,
1,1,00001F,1790190085.8509014,28815.7344902,222.16482290000204,candidate-measurement,000748,valid,1864,-2,True,
1,1,00001F,1790190086.0429037,28815.9264947,222.35682740000266,candidate-measurement,000748,valid,1864,0,True,
1,1,00001F,1790190086.234894,28816.1184848,222.54881750000277,candidate-measurement,00073F,valid,1855,-9,True,
1,1,00001F,1790190086.4268851,28816.3104742,222.7408069000012,candidate-measurement,000735,valid,1845,-10,True,
1,1,00001F,1790190086.6348832,28816.5184716,222.94880430000194,candidate-measurement,000731,valid,1841,-4,True,
1,1,00001F,1790190086.8263013,28816.7098903,223.14022300000215,candidate-measurement,00072F,valid,1839,-2,True,
1,1,00001F,1790190087.0182838,28816.9018732,223.332205900002,candidate-measurement,000729,valid,1833,-6,True,
1,1,00001F,1790190087.2258677,28817.1094563,223.5397890000022,candidate-measurement,000723,valid,1827,-6,True,
1,1,00001F,1790190087.417866,28817.3014555,223.73178820000248,candidate-measurement,000722,valid,1826,-1,True,
1,1,00001F,1790190087.609855,28817.4934439,223.92377660000056,candidate-measurement,000720,valid,1824,-2,True,
1,1,00001F,1790190087.8012674,28817.684856,224.11518870000145,candidate-measurement,00071F,valid,1823,-1,True,
1,1,00001F,1790190088.0092602,28817.8928504,224.3231831000012,candidate-measurement,00071D,valid,1821,-2,True,
1,1,00001F,1790190088.2008276,28818.0844186,224.51475130000108,candidate-measurement,00071B,valid,1819,-2,True,
1,1,00001F,1790190088.392831,28818.276419,224.70675170000322,candidate-measurement,00071A,valid,1818,-1,True,
1,1,00001F,1790190088.6008186,28818.4844085,224.91474120000203,candidate-measurement,000717,valid,1815,-3,True,
1,1,00001F,1790190088.7922406,28818.6758288,225.10616149999987,candidate-measurement,000714,valid,1812,-3,True,
1,1,00001F,1790190088.9842243,28818.8678142,225.29814690000057,candidate-measurement,000713,valid,1811,-1,True,
1,1,00001F,1790190089.1918063,28819.0753944,225.5057271000005,candidate-measurement,000710,valid,1808,-3,True,
1,1,00001F,1790190089.3837986,28819.2673873,225.69772000000012,candidate-measurement,000710,valid,1808,0,True,
1,1,00001F,1790190089.5757926,28819.4593816,225.8897143000031,candidate-measurement,00070F,valid,1807,-1,True,
1,1,00001F,1790190089.767786,28819.6513742,226.08170690000043,candidate-measurement,00070C,valid,1804,-3,True,
1,1,00001F,1790190089.9752064,28819.8587949,226.28912760000094,candidate-measurement,00070A,valid,1802,-2,True,
1,1,00001F,1790190090.1667705,28820.0503605,226.48069320000286,candidate-measurement,000709,valid,1801,-1,True,
1,1,00001F,1790190090.358765,28820.242355,226.6726877000001,candidate-measurement,000709,valid,1801,0,True,
1,1,00001F,1790190090.5667508,28820.450341,226.88067370000135,candidate-measurement,000709,valid,1801,0,True,
1,1,00001F,1790190090.7581923,28820.6417806,227.07211330000064,candidate-measurement,000707,valid,1799,-2,True,
1,1,00001F,1790190090.950163,28820.8337517,227.2640844000016,candidate-measurement,000707,valid,1799,0,True,
1,1,00001F,1790190091.1577332,28821.0413225,227.47165520000271,candidate-measurement,000707,valid,1799,0,True,
1,1,00001F,1790190091.3497298,28821.2333186,227.66365130000122,candidate-measurement,000706,valid,1798,-1,True,
1,1,00001F,1790190091.5417309,28821.4253193,227.855652000002,candidate-measurement,000704,valid,1796,-2,True,
1,1,00001F,1790190091.7491643,28821.6327516,228.0630842999999,candidate-measurement,000703,valid,1795,-1,True,
1,1,00001F,1790190091.9411325,28821.8247218,228.25505450000128,candidate-measurement,000703,valid,1795,0,True,
1,1,00001F,1790190092.132704,28822.0162945,228.4466272000027,candidate-measurement,000703,valid,1795,0,True,
1,1,00001F,1790190092.3247004,28822.2082903,228.63862300000255,candidate-measurement,000703,valid,1795,0,True,
1,1,00001F,1790190092.532692,28822.4162804,228.8466131000023,candidate-measurement,000702,valid,1794,-1,True,
1,1,00001F,1790190092.7246885,28822.6082771,229.03860980000172,candidate-measurement,000702,valid,1794,0,True,
1,1,00001F,1790190092.9161015,28822.79969,229.23002270000143,candidate-measurement,000702,valid,1794,0,True,
1,1,00001F,1790190093.1237316,28823.0073208,229.43765350000103,candidate-measurement,000702,valid,1794,0,True,
1,1,00001F,1790190093.3156767,28823.1992665,229.6295992000014,candidate-measurement,000702,valid,1794,0,True,
1,1,00001F,1790190093.5076668,28823.3912549,229.8215876000031,candidate-measurement,000701,valid,1793,-1,True,
1,1,00001F,1790190093.6996717,28823.583261,230.01359370000137,candidate-measurement,0006FE,valid,1790,-3,True,
1,1,00001F,1790190093.9070709,28823.7906596,230.22099230000094,candidate-measurement,0006F4,valid,1780,-10,True,
1,1,00001F,1790190094.0990639,28823.9826533,230.412986000003,candidate-measurement,0006F2,valid,1778,-2,True,
1,1,00001F,1790190094.2906337,28824.174222,230.60455470000306,candidate-measurement,0006F0,valid,1776,-2,True,
1,1,00001F,1790190094.4986227,28824.3822119,230.81254460000127,candidate-measurement,0006F0,valid,1776,0,True,
1,1,00001F,1790190094.6906304,28824.5742203,231.0045530000025,candidate-measurement,0006EE,valid,1774,-2,True,
1,1,00001F,1790190094.8820374,28824.7656257,231.1959584000033,candidate-measurement,0006EE,valid,1774,0,True,
1,1,00001F,1790190095.090032,28824.973621,231.4039537000026,candidate-measurement,0006E7,valid,1767,-7,True,
1,1,00001F,1790190095.2816083,28825.1651982,231.5955309000019,candidate-measurement,0006DE,valid,1758,-9,True,
1,1,00001F,1790190095.4736,28825.3571893,231.78752200000235,candidate-measurement,0006DA,valid,1754,-4,True,
1,1,00001F,1790190095.6656005,28825.5491895,231.97952220000298,candidate-measurement,0006D7,valid,1751,-3,True,
1,1,00001F,1790190095.8730164,28825.7566042,232.18693690000146,candidate-measurement,0006D5,valid,1749,-2,True,
1,1,00001F,1790190096.0649998,28825.9485904,232.37892310000097,candidate-measurement,0006D1,valid,1745,-4,True,
1,1,00001F,1790190096.2569933,28826.1405826,232.57091530000253,candidate-measurement,0006CD,valid,1741,-4,True,
1,1,00001F,1790190096.4646258,28826.3482141,232.77854680000019,candidate-measurement,0006C9,valid,1737,-4,True,
1,1,00001F,1790190096.6565595,28826.540148,232.97048070000164,candidate-measurement,0006C7,valid,1735,-2,True,
1,1,00001F,1790190096.8485625,28826.7321508,233.16248350000023,candidate-measurement,0006C7,valid,1735,0,True,
1,1,00001F,1790190097.0559678,28826.9395572,233.369889900001,candidate-measurement,0006C5,valid,1733,-2,True,
1,1,00001F,1790190097.2479696,28827.1315583,233.5618910000012,candidate-measurement,0006C4,valid,1732,-1,True,
1,1,00001F,1790190097.4395664,28827.3231543,233.75348700000177,candidate-measurement,0006C1,valid,1729,-3,True,
1,1,00001F,1790190097.6315346,28827.515123,233.94545570000264,candidate-measurement,0006BF,valid,1727,-2,True,
1,1,00001F,1790190097.83953,28827.7231182,234.1534509000012,candidate-measurement,0006BC,valid,1724,-3,True,
1,1,00001F,1790190098.0309393,28827.9145286,234.34486130000005,candidate-measurement,0006B7,valid,1719,-5,True,
1,1,00001F,1790190098.2229383,28828.1065267,234.53685940000287,candidate-measurement,0006B5,valid,1717,-2,True,
1,1,00001F,1790190098.4305344,28828.3141227,234.74445540000306,candidate-measurement,0006B3,valid,1715,-2,True,
1,1,00001F,1790190098.6224992,28828.5060884,234.93642110000292,candidate-measurement,0006B1,valid,1713,-2,True,
1,1,00001F,1790190098.8144982,28828.6980866,235.12841930000286,candidate-measurement,0006AF,valid,1711,-2,True,
1,1,00001F,1790190099.0224848,28828.9060737,235.33640640000158,candidate-measurement,0006AF,valid,1711,0,True,
1,1,00001F,1790190099.229895,28829.1134848,235.54381750000175,candidate-measurement,0006AF,valid,1711,0,True,
1,1,00001F,1790190099.421898,28829.3054863,235.73581900000136,candidate-measurement,0006AF,valid,1711,0,True,
1,1,00001F,1790190099.6134691,28829.4970594,235.92739210000218,candidate-measurement,0006AE,valid,1710,-1,True,
1,1,00001F,1790190099.8054595,28829.6890478,236.11938050000026,candidate-measurement,0006AD,valid,1709,-1,True,
1,1,00001F,1790190099.9974816,28829.8810703,236.31140300000334,candidate-measurement,0006AD,valid,1709,0,True,
1,1,00001F,1790190100.189454,28830.0730425,236.50337520000176,candidate-measurement,0006AC,valid,1708,-1,True,
1,1,00001F,1790190100.3968616,28830.2804519,236.7107845999999,candidate-measurement,0006AA,valid,1706,-2,True,
1,1,00001F,1790190100.5888562,28830.4724468,236.90277950000018,candidate-measurement,0006A9,valid,1705,-1,True,
1,1,00001F,1790190100.7804313,28830.66402,237.09435270000176,candidate-measurement,0006A9,valid,1705,0,True,
1,1,00001F,1790190100.9884236,28830.8720118,237.3023444999999,candidate-measurement,0006A9,valid,1705,0,True,
1,1,00001F,1790190101.1798482,28831.0634381,237.4937708000034,candidate-measurement,0006A8,valid,1704,-1,True,
1,1,00001F,1790190101.371833,28831.2554211,237.68575380000038,candidate-measurement,0006A8,valid,1704,0,True,
1,1,00001F,1790190101.5634043,28831.4469935,237.87732620000315,candidate-measurement,0006A8,valid,1704,0,True,
1,1,00001F,1790190101.7714233,28831.6550106,238.0853433000011,candidate-measurement,0006A8,valid,1704,0,True,
1,1,00001F,1790190101.963388,28831.8469758,238.2773085000008,candidate-measurement,0006A8,valid,1704,0,True,
1,1,00001F,1790190102.1553848,28832.0389742,238.46930690000227,candidate-measurement,0006A8,valid,1704,0,True,
1,1,00001F,1790190102.362801,28832.2463894,238.67672210000092,candidate-measurement,0006A6,valid,1702,-2,True,
1,1,00001F,1790190102.5547957,28832.4383855,238.86871820000306,candidate-measurement,0006A1,valid,1697,-5,True,
1,1,00001F,1790190102.7467916,28832.6303802,239.06071290000182,candidate-measurement,00069A,valid,1690,-7,True,
1,1,00001F,1790190102.954359,28832.8379496,239.2682823000032,candidate-measurement,000697,valid,1687,-3,True,
1,1,00001F,1790190103.146348,28833.0299373,239.46027000000322,candidate-measurement,000696,valid,1686,-1,True,
1,1,00001F,1790190103.3383482,28833.2219388,239.65227150000283,candidate-measurement,000696,valid,1686,0,True,
1,1,00001F,1790190103.5297663,28833.4133551,239.84368780000295,candidate-measurement,000696,valid,1686,0,True,
1,1,00001F,1790190103.7377617,28833.6213497,240.05168240000057,candidate-measurement,000694,valid,1684,-2,True,
1,1,00001F,1790190103.929326,28833.8129167,240.24324940000224,candidate-measurement,000694,valid,1684,0,True,
1,1,00001F,1790190104.1213162,28834.0049068,240.43523950000235,candidate-measurement,000687,valid,1671,-13,True,
1,1,00001F,1790190104.3293123,28834.2129013,240.64323400000285,candidate-measurement,000680,valid,1664,-7,True,
1,1,00001F,1790190104.5207279,28834.4043189,240.83465160000196,candidate-measurement,00067C,valid,1660,-4,True,
1,1,00001F,1790190104.7127275,28834.5963162,241.02664890000233,candidate-measurement,000679,valid,1657,-3,True,
1,1,00001F,1790190104.9207149,28834.8043043,241.23463700000138,candidate-measurement,000673,valid,1651,-6,True,
1,1,00001F,1790190105.1282897,28835.0118804,241.44221310000285,candidate-measurement,00066F,valid,1647,-4,True,
1,1,00001F,1790190105.320286,28835.2038743,241.6342070000028,candidate-measurement,00066E,valid,1646,-1,True,
1,1,00001F,1790190105.5122826,28835.3958706,241.82620330000282,candidate-measurement,00066B,valid,1643,-3,True,
1,1,00001F,1790190105.7042713,28835.5878611,242.01819380000234,candidate-measurement,00066A,valid,1642,-1,True,
1,1,00001F,1790190105.8956895,28835.7792779,242.20961060000263,candidate-measurement,000667,valid,1639,-3,True,
1,1,00001F,1790190106.087683,28835.971272,242.40160470000046,candidate-measurement,000665,valid,1637,-2,True,
1,1,00001F,1790190106.295259,28836.178848,242.60918070000116,candidate-measurement,000661,valid,1633,-4,True,
1,1,00001F,1790190106.487245,28836.3708356,242.80116830000043,candidate-measurement,00065D,valid,1629,-4,True,
1,1,00001F,1790190106.6786604,28836.5622493,242.99258200000259,candidate-measurement,00065C,valid,1628,-1,True,
1,1,00001F,1790190106.886699,28836.7702876,243.2006203000019,candidate-measurement,000659,valid,1625,-3,True,
1,1,00001F,1790190107.0786476,28836.9622385,243.39257120000184,candidate-measurement,000657,valid,1623,-2,True,
1,1,00001F,1790190107.2702155,28837.1538052,243.58413790000122,candidate-measurement,000655,valid,1621,-2,True,
1,1,00001F,1790190107.4622188,28837.3458072,243.776139900001,candidate-measurement,000655,valid,1621,0,True,
1,1,00001F,1790190107.6696281,28837.5532166,243.98354930000278,candidate-measurement,000655,valid,1621,0,True,
1,1,00001F,1790190107.8616207,28837.7452096,244.17554230000314,candidate-measurement,000655,valid,1621,0,True,
1,1,00001F,1790190108.0531933,28837.9367841,244.36711680000008,candidate-measurement,000654,valid,1620,-1,True,
1,1,00001F,1790190108.2611847,28838.1447753,244.5751080000009,candidate-measurement,000654,valid,1620,0,True,
1,1,00001F,1790190108.4531856,28838.3367749,244.7671076000006,candidate-measurement,000653,valid,1619,-1,True,
1,1,00001F,1790190108.6451762,28838.5287646,244.9590973000013,candidate-measurement,000652,valid,1618,-1,True,
1,1,00001F,1790190108.837175,28838.7207635,245.15109620000294,candidate-measurement,000650,valid,1616,-2,True,
1,1,00001F,1790190109.044587,28838.9281759,245.3585086000021,candidate-measurement,00064F,valid,1615,-1,True,
1,1,00001F,1790190109.2365797,28839.1201697,245.55050240000128,candidate-measurement,00064F,valid,1615,0,True,
1,1,00001F,1790190109.428149,28839.3117373,245.74207000000024,candidate-measurement,00064F,valid,1615,0,True,
1,1,00001F,1790190109.6361368,28839.5197277,245.95006040000226,candidate-measurement,00064F,valid,1615,0,True,
1,1,00001F,1790190109.8281422,28839.711731,246.14206370000102,candidate-measurement,00064E,valid,1614,-1,True,
1,1,00001F,1790190110.0201297,28839.90372,246.33405270000003,candidate-measurement,00064E,valid,1614,0,True,
1,1,00001F,1790190110.2281299,28840.1117185,246.54205120000188,candidate-measurement,00064E,valid,1614,0,True,
1,1,00001F,1790190110.4195373,28840.3031281,246.73346080000192,candidate-measurement,00064E,valid,1614,0,True,
1,1,00001F,1790190110.611535,28840.4951254,246.9254581000023,candidate-measurement,00064E,valid,1614,0,True,
1,1,00001F,1790190110.8031013,28840.68669,247.11702270000023,candidate-measurement,00064D,valid,1613,-1,True,
1,1,00001F,1790190111.0111105,28840.8946983,247.3250310000003,candidate-measurement,000649,valid,1609,-4,True,
1,1,00001F,1790190111.2030916,28841.0866803,247.5170130000006,candidate-measurement,000643,valid,1603,-6,True,
1,1,00001F,1790190111.3950865,28841.2786774,247.70901010000307,candidate-measurement,00063F,valid,1599,-4,True,
1,1,00001F,1790190111.6025195,28841.4861075,247.9164402000024,candidate-measurement,00063D,valid,1597,-2,True,
1,1,00001F,1790190111.7944963,28841.678085,248.10841770000116,candidate-measurement,00063B,valid,1595,-2,True,
1,1,00001F,1790190111.9860759,28841.8696638,248.29999650000173,candidate-measurement,00063B,valid,1595,0,True,
1,1,00001F,1790190112.1940637,28842.0776531,248.50798580000264,candidate-measurement,00063B,valid,1595,0,True,
1,1,00001F,1790190112.3860676,28842.2696558,248.69998850000047,candidate-measurement,00063B,valid,1595,0,True,
1,1,00001F,1790190112.577469,28842.4610604,248.89139310000246,candidate-measurement,00063B,valid,1595,0,True,
1,1,00001F,1790190112.7694626,28842.6530505,249.08338320000257,candidate-measurement,00063B,valid,1595,0,True,
1,1,00001F,1790190112.9771376,28842.8607259,249.29105859999981,candidate-measurement,000632,valid,1586,-9,True,
1,1,00001F,1790190113.1690333,28843.0526229,249.48295560000042,candidate-measurement,000627,valid,1575,-11,True,
1,1,00001F,1790190113.3610227,28843.2446137,249.67494640000223,candidate-measurement,000623,valid,1571,-4,True,
1,1,00001F,1790190113.5690207,28843.4526088,249.88294150000002,candidate-measurement,000621,valid,1569,-2,True,
1,1,00001F,1790190113.760435,28843.644024,250.07435670000268,candidate-measurement,00061C,valid,1564,-5,True,
1,1,00001F,1790190113.952419,28843.8360097,250.26634240000203,candidate-measurement,000617,valid,1559,-5,True,
1,1,00001F,1790190114.1599965,28844.0435875,250.47392020000188,candidate-measurement,000615,valid,1557,-2,True,
1,1,00001F,1790190114.3519936,28844.2355833,250.66591600000174,candidate-measurement,000614,valid,1556,-1,True,
1,1,00001F,1790190114.5439887,28844.427578,250.8579107000005,candidate-measurement,000613,valid,1555,-1,True,
1,1,00001F,1790190114.7514043,28844.6349927,251.06532540000262,candidate-measurement,000611,valid,1553,-2,True,
1,1,00001F,1790190114.9433923,28844.8269817,251.25731440000163,candidate-measurement,000610,valid,1552,-1,True,
1,1,00001F,1790190115.1353848,28845.0189757,251.44930840000234,candidate-measurement,00060E,valid,1550,-2,True,
1,1,00001F,1790190115.3269608,28845.2105501,251.64088280000215,candidate-measurement,00060D,valid,1549,-1,True,
1,1,00001F,1790190115.5349553,28845.4185431,251.84887580000213,candidate-measurement,00060C,valid,1548,-1,True,
1,1,00001F,1790190115.7269526,28845.6105405,252.04087320000326,candidate-measurement,000609,valid,1545,-3,True,
1,1,00001F,1790190115.918365,28845.8019543,252.23228700000254,candidate-measurement,000607,valid,1543,-2,True,
1,1,00001F,1790190116.1263523,28846.0099415,252.44027420000202,candidate-measurement,000605,valid,1541,-2,True,
1,1,00001F,1790190116.3179326,28846.2015217,252.63185440000234,candidate-measurement,000602,valid,1538,-3,True,
1,1,00001F,1790190116.5099218,28846.3935126,252.82384530000127,candidate-measurement,000602,valid,1538,0,True,
1,1,00001F,1790190116.7173426,28846.6009326,253.0312653000001,candidate-measurement,000601,valid,1537,-1,True,
1,1,00001F,1790190116.9093237,28846.7929127,253.22324540000045,candidate-measurement,0005FE,valid,1534,-3,True,
1,1,00001F,1790190117.1013248,28846.9849143,253.41524700000082,candidate-measurement,0005FC,valid,1532,-2,True,
1,1,00001F,1790190117.293325,28847.1769156,253.60724830000254,candidate-measurement,0005FB,valid,1531,-1,True,
1,1,00001F,1790190117.500966,28847.3845572,253.8148899000007,candidate-measurement,0005FB,valid,1531,0,True,
1,1,00001F,1790190117.6928923,28847.5764822,254.00681489999988,candidate-measurement,0005FB,valid,1531,0,True,
1,1,00001F,1790190117.88488,28847.7684683,254.19880100000228,candidate-measurement,0005F9,valid,1529,-2,True,
1,1,00001F,1790190118.0923064,28847.9758965,254.4062292000017,candidate-measurement,0005F9,valid,1529,0,True,
1,1,00001F,1790190118.2842894,28848.167878,254.5982107000018,candidate-measurement,0005F9,valid,1529,0,True,
1,1,00001F,1790190118.4762828,28848.3598727,254.79020540000056,candidate-measurement,0005F8,valid,1528,-1,True,
1,1,00001F,1790190118.667858,28848.5514465,254.98177920000307,candidate-measurement,0005F7,valid,1527,-1,True,
1,1,00001F,1790190118.8758464,28848.7594344,255.1897671000006,candidate-measurement,0005F5,valid,1525,-2,True,
1,1,00001F,1790190119.0672648,28848.9508548,255.38118750000285,candidate-measurement,0005F5,valid,1525,0,True,
1,1,00001F,1790190119.258825,28849.1424158,255.5727485000025,candidate-measurement,0005F5,valid,1525,0,True,
1,1,00001F,1790190119.4668357,28849.3504242,255.78075690000333,candidate-measurement,0005F4,valid,1524,-1,True,
1,1,00001F,1790190119.6588247,28849.5424132,255.97274590000234,candidate-measurement,0005F4,valid,1524,0,True,
1,1,00001F,1790190119.8502402,28849.7338287,256.1641614,candidate-measurement,0005F4,valid,1524,0,True,
1,1,00001F,1790190120.0582292,28849.9418175,256.37215020000076,candidate-measurement,0005F4,valid,1524,0,True,
1,1,00001F,1790190120.250223,28850.1338133,256.5641460000006,candidate-measurement,0005F4,valid,1524,0,True,
1,1,00001F,1790190120.442222,28850.3258102,256.7561429000016,candidate-measurement,0005F4,valid,1524,0,True,
1,1,00001F,1790190120.633793,28850.517382,256.9477147000034,candidate-measurement,0005F2,valid,1522,-2,True,
1,1,00001F,1790190120.8417935,28850.7253814,257.1557141000012,candidate-measurement,0005EB,valid,1515,-7,True,
1,1,00001F,1790190121.0332017,28850.9167901,257.34712280000167,candidate-measurement,0005E7,valid,1511,-4,True,
1,1,00001F,1790190121.2251935,28851.1087819,257.5391146000002,candidate-measurement,0005E4,valid,1508,-3,True,
1,1,00001F,1790190121.4327624,28851.3163518,257.7466845000017,candidate-measurement,0005E3,valid,1507,-1,True,
1,1,00001F,1790190121.6247663,28851.508355,257.93868770000336,candidate-measurement,0005E2,valid,1506,-1,True,
1,1,00001F,1790190121.8167558,28851.700345,258.1306777000027,candidate-measurement,0005E2,valid,1506,0,True,
1,1,00001F,1790190122.024745,28851.9083328,258.3386655000031,candidate-measurement,0005E2,valid,1506,0,True,
1,1,00001F,1790190122.2321532,28852.1157435,258.54607620000024,candidate-measurement,0005E2,valid,1506,0,True,
1,1,00001F,1790190122.4241545,28852.3077433,258.73807600000146,candidate-measurement,0005E2,valid,1506,0,True,
1,1,00001F,1790190122.6157236,28852.4993143,258.92964700000084,candidate-measurement,0005E0,valid,1504,-2,True,
1,1,00001F,1790190122.8077214,28852.6913105,259.1216432000001,candidate-measurement,0005E0,valid,1504,0,True,
1,1,00001F,1790190122.9997182,28852.8833068,259.31363950000014,candidate-measurement,0005DD,valid,1501,-3,True,
1,1,00001F,1790190123.1911318,28853.0747221,259.5050547999999,candidate-measurement,0005CE,valid,1486,-15,True,
1,1,00001F,1790190123.399123,28853.2827114,259.71304410000084,candidate-measurement,0005C9,valid,1481,-5,True,
1,1,00001F,1790190123.5906975,28853.4742852,259.90461790000336,candidate-measurement,0005C7,valid,1479,-2,True,
1,1,00001F,1790190123.782689,28853.6662774,260.09661010000127,candidate-measurement,0005C0,valid,1472,-7,True,
1,1,00001F,1790190123.9906778,28853.8742672,260.30459990000236,candidate-measurement,0005BB,valid,1467,-5,True,
1,1,00001F,1790190124.1980913,28854.0816813,260.5120139999999,candidate-measurement,0005B9,valid,1465,-2,True,
1,1,00001F,1790190124.3900905,28854.2736803,260.7040130000023,candidate-measurement,0005B7,valid,1463,-2,True,
1,1,00001F,1790190124.5820746,28854.4656644,260.8959971000004,candidate-measurement,0005B5,valid,1461,-2,True,
1,1,00001F,1790190124.7736647,28854.6572523,261.0875850000011,candidate-measurement,0005B3,valid,1459,-2,True,
1,1,00001F,1790190124.9656475,28854.8492375,261.2795702000003,candidate-measurement,0005AF,valid,1455,-4,True,
1,1,00001F,1790190125.1576438,28855.0412348,261.4715675000007,candidate-measurement,0005AD,valid,1453,-2,True,
1,1,00001F,1790190125.3656392,28855.2492269,261.6795596000011,candidate-measurement,0005A7,valid,1447,-6,True,
1,1,00001F,1790190125.5570822,28855.4406695,261.8710022000014,candidate-measurement,0005A7,valid,1447,0,True,
1,1,00001F,1790190125.7490535,28855.6326417,262.0629743999998,candidate-measurement,0005A5,valid,1445,-2,True,
1,1,00001F,1790190125.956616,28855.8402035,262.2705362000015,candidate-measurement,0005A2,valid,1442,-3,True,
1,1,00001F,1790190126.148615,28856.0322034,262.46253609999985,candidate-measurement,0005A1,valid,1441,-1,True,
1,1,00001F,1790190126.340025,28856.2236135,262.65394620000006,candidate-measurement,0005A1,valid,1441,0,True,
1,1,00001F,1790190126.5320218,28856.4156097,262.84594240000297,candidate-measurement,0005A1,valid,1441,0,True,
1,1,00001F,1790190126.7395985,28856.623187,263.05351970000265,candidate-measurement,00059F,valid,1439,-2,True,
1,1,00001F,1790190126.9315886,28856.8151769,263.24550960000124,candidate-measurement,00059F,valid,1439,0,True,
1,1,00001F,1790190127.1235852,28857.0071735,263.4375061999999,candidate-measurement,00059F,valid,1439,0,True,
1,1,00001F,1790190127.330997,28857.2145863,263.6449190000021,candidate-measurement,00059D,valid,1437,-2,True,
1,1,00001F,1790190127.5229895,28857.4065778,263.836910500002,candidate-measurement,00059B,valid,1435,-2,True,
1,1,00001F,1790190127.7149875,28857.5985755,264.02890820000175,candidate-measurement,00059B,valid,1435,0,True,
1,1,00001F,1790190127.9225636,28857.8061517,264.23648440000034,candidate-measurement,00059B,valid,1435,0,True,
1,1,00001F,1790190128.1145506,28857.99814,264.4284727000013,candidate-measurement,00059A,valid,1434,-1,True,
1,1,00001F,1790190128.3065495,28858.1901376,264.6204703000003,candidate-measurement,00059A,valid,1434,0,True,
1,1,00001F,1790190128.4985337,28858.3821238,264.8124564999998,candidate-measurement,00059A,valid,1434,0,True,
1,1,00001F,1790190128.7059484,28858.5895385,265.01987120000194,candidate-measurement,00059A,valid,1434,0,True,
1,1,00001F,1790190128.8979506,28858.7815387,265.21187140000256,candidate-measurement,00059A,valid,1434,0,True,
1,1,00001F,1790190129.0895233,28858.9731121,265.40344480000203,candidate-measurement,000598,valid,1432,-2,True,
1,1,00001F,1790190129.297514,28859.1811027,265.61143540000194,candidate-measurement,000595,valid,1429,-3,True,
1,1,00001F,1790190129.4895096,28859.3730981,265.8034308000024,candidate-measurement,00058D,valid,1421,-8,True,
1,1,00001F,1790190129.6809177,28859.5645062,265.9948389000019,candidate-measurement,000589,valid,1417,-4,True,
1,1,00001F,1790190129.8889186,28859.7725061,266.2028387999999,candidate-measurement,000588,valid,1416,-1,True,
1,1,00001F,1790190130.0809064,28859.964495,266.39482770000177,candidate-measurement,000588,valid,1416,0,True,
1,1,00001F,1790190130.272484,28860.1560726,266.5864053000005,candidate-measurement,000588,valid,1416,0,True,
1,1,00001F,1790190130.464481,28860.3480695,266.77840220000144,candidate-measurement,000587,valid,1415,-1,True,
1,1,00001F,1790190130.6724634,28860.5560531,266.9863858000026,candidate-measurement,000587,valid,1415,0,True,
1,1,00001F,1790190130.864466,28860.7480544,267.1783871000007,candidate-measurement,00057D,valid,1405,-10,True,
1,1,00001F,1790190131.0564544,28860.9400446,267.37037730000156,candidate-measurement,000573,valid,1395,-10,True,
1,1,00001F,1790190131.2638679,28861.1474575,267.5777902000009,candidate-measurement,00056F,valid,1391,-4,True,
1,1,00001F,1790190131.455858,28861.339447,267.7697797000001,candidate-measurement,00056B,valid,1387,-4,True,
1,1,00001F,1790190131.6474526,28861.5310417,267.96137440000166,candidate-measurement,000565,valid,1381,-6,True,
1,1,00001F,1790190131.8394322,28861.7230208,268.1533535000017,candidate-measurement,000561,valid,1377,-4,True,
1,1,00001F,1790190132.047421,28861.9310093,268.36134200000015,candidate-measurement,000560,valid,1376,-1,True,
1,1,00001F,1790190132.2388418,28862.12243,268.55276270000104,candidate-measurement,00055F,valid,1375,-1,True,
1,1,00001F,1790190132.430831,28862.3144192,268.7447519000016,candidate-measurement,00055D,valid,1373,-2,True,
1,1,00001F,1790190132.6384037,28862.5219933,268.95232600000236,candidate-measurement,00055B,valid,1371,-2,True,
1,1,00001F,1790190132.8303988,28862.7139871,269.14431980000154,candidate-measurement,000559,valid,1369,-2,True,
1,1,00001F,1790190133.0223944,28862.9059826,269.33631530000275,candidate-measurement,000558,valid,1368,-1,True,
1,1,00001F,1790190133.2303827,28863.1139724,269.5443051000002,candidate-measurement,000555,valid,1365,-3,True,
1,1,00001F,1790190133.42179,28863.3053804,269.7357131000026,candidate-measurement,000553,valid,1363,-2,True,
1,1,00001F,1790190133.6137938,28863.4973836,269.9277163000006,candidate-measurement,000550,valid,1360,-3,True,
1,1,00001F,1790190133.805791,28863.6893787,270.1197114000024,candidate-measurement,00054F,valid,1359,-1,True,
1,1,00001F,1790190134.0133665,28863.8969554,270.32728810000117,candidate-measurement,00054D,valid,1357,-2,True,
1,1,00001F,1790190134.2053852,28864.0889749,270.51930760000323,candidate-measurement,00054D,valid,1357,0,True,
1,1,00001F,1790190134.3973486,28864.2809368,270.71126950000325,candidate-measurement,00054B,valid,1355,-2,True,
1,1,00001F,1790190134.6053412,28864.4889313,270.9192640000001,candidate-measurement,000549,valid,1353,-2,True,
1,1,00001F,1790190134.7967546,28864.6803435,271.11067620000176,candidate-measurement,000547,valid,1351,-2,True,
1,1,00001F,1790190134.9883285,28864.8719172,271.3022498999999,candidate-measurement,000547,valid,1351,0,True,
1,1,00001F,1790190135.1963234,28865.079913,271.510245700003,candidate-measurement,000547,valid,1351,0,True,
1,1,00001F,1790190135.3883128,28865.2719037,271.7022364000004,candidate-measurement,000546,valid,1350,-1,True,
1,1,00001F,1790190135.5802999,28865.46389,271.8942227000007,candidate-measurement,000546,valid,1350,0,True,
1,1,00001F,1790190135.7717235,28865.6553121,272.0856448000013,candidate-measurement,000545,valid,1349,-1,True,
1,1,00001F,1790190135.9797194,28865.8633085,272.29364120000173,candidate-measurement,000543,valid,1347,-2,True,
1,1,00001F,1790190136.1712894,28866.0548782,272.48521090000213,candidate-measurement,000542,valid,1346,-1,True,
1,1,00001F,1790190136.3632865,28866.2468752,272.6772079000002,candidate-measurement,000541,valid,1345,-1,True,
1,1,00001F,1790190136.5712702,28866.4548606,272.88519330000054,candidate-measurement,000541,valid,1345,0,True,
1,1,00001F,1790190136.7626958,28866.646284,273.07661670000016,candidate-measurement,000541,valid,1345,0,True,
1,1,00001F,1790190136.9546847,28866.8382743,273.2686070000018,candidate-measurement,000541,valid,1345,0,True,
1,1,00001F,1790190137.1622574,28867.0458461,273.47617880000325,candidate-measurement,000540,valid,1344,-1,True,
1,1,00001F,1790190137.3542495,28867.2378379,273.66817060000176,candidate-measurement,000540,valid,1344,0,True,
1,1,00001F,1790190137.5462453,28867.4298355,273.86016820000077,candidate-measurement,000540,valid,1344,0,True,
1,1,00001F,1790190137.7536569,28867.6372449,274.06757760000255,candidate-measurement,000540,valid,1344,0,True,
1,1,00001F,1790190137.9456518,28867.8292418,274.25957449999987,candidate-measurement,000540,valid,1344,0,True,
1,1,00001F,1790190138.1372287,28868.0208177,274.4511504000002,candidate-measurement,00053F,valid,1343,-1,True,
1,1,00001F,1790190138.329223,28868.2128134,274.6431461000029,candidate-measurement,000539,valid,1337,-6,True,
1,1,00001F,1790190138.5372102,28868.4208005,274.85113320000164,candidate-measurement,000533,valid,1331,-6,True,
1,1,00001F,1790190138.7286317,28868.6122211,275.04255380000177,candidate-measurement,00052F,valid,1327,-4,True,
1,1,00001F,1790190138.9206376,28868.8042267,275.23455939999985,candidate-measurement,00052D,valid,1325,-2,True,
1,1,00001F,1790190139.1281915,28869.0117806,275.44211330000326,candidate-measurement,00052D,valid,1325,0,True,
1,1,00001F,1790190139.3201852,28869.2037766,275.634109300001,candidate-measurement,00052D,valid,1325,0,True,
1,1,00001F,1790190139.5121799,28869.3957713,275.8261040000034,candidate-measurement,00052D,valid,1325,0,True,
1,1,00001F,1790190139.7036114,28869.5872019,276.0175346000033,candidate-measurement,00052D,valid,1325,0,True,
1,1,00001F,1790190139.9111912,28869.79478,276.2251127000018,candidate-measurement,000529,valid,1321,-4,True,
1,1,00001F,1790190140.1031656,28869.9867543,276.41708700000163,candidate-measurement,00051B,valid,1307,-14,True,
1,1,00001F,1790190140.2951763,28870.1787642,276.60909690000335,candidate-measurement,000516,valid,1302,-5,True,
1,1,00001F,1790190140.5031497,28870.3867382,276.81707090000054,candidate-measurement,000513,valid,1299,-3,True,
1,1,00001F,1790190140.694571,28870.5781598,277.008492500001,candidate-measurement,00050D,valid,1293,-6,True,
1,1,00001F,1790190140.8865645,28870.7701527,277.2004854000006,candidate-measurement,000508,valid,1288,-5,True,
1,1,00001F,1790190141.094125,28870.9777128,277.4080455000003,candidate-measurement,000506,valid,1286,-2,True,
1,1,00001F,1790190141.286141,28871.1697307,277.6000634000011,candidate-measurement,000505,valid,1285,-1,True,
1,1,00001F,1790190141.478116,28871.361704,277.7920367000006,candidate-measurement,000504,valid,1284,-1,True,
1,1,00001F,1790190141.670115,28871.5537044,277.98403710000275,candidate-measurement,000503,valid,1283,-1,True,
1,1,00001F,1790190141.87753,28871.7611182,278.19145090000166,candidate-measurement,000500,valid,1280,-3,True,
1,1,00001F,1790190142.069518,28871.953108,278.3834407000031,candidate-measurement,0004FF,valid,1279,-1,True,
1,1,00001F,1790190142.2610905,28872.144679,278.5750117000025,candidate-measurement,0004FD,valid,1277,-2,True,
1,1,00001F,1790190142.4690886,28872.3526786,278.7830113000018,candidate-measurement,0004F9,valid,1273,-4,True,
1,1,00001F,1790190142.6610882,28872.544677,278.9750097000033,candidate-measurement,0004F5,valid,1269,-4,True,
1,1,00001F,1790190142.852501,28872.7360898,279.1664225000022,candidate-measurement,0004F3,valid,1267,-2,True,
1,1,00001F,1790190143.0605047,28872.9440928,279.37442550000196,candidate-measurement,0004F1,valid,1265,-2,True,
1,1,00001F,1790190143.2524834,28873.1360718,279.5664045000012,candidate-measurement,0004EF,valid,1263,-2,True,
1,1,00001F,1790190143.4440558,28873.3276447,279.7579774000005,candidate-measurement,0004ED,valid,1261,-2,True,
1,1,00001F,1790190143.6360545,28873.5196433,279.9499759999999,candidate-measurement,0004ED,valid,1261,0,True,
1,1,00001F,1790190143.843463,28873.7270517,280.1573844000013,candidate-measurement,0004ED,valid,1261,0,True,
1,1,00001F,1790190144.0354583,28873.9190469,280.34937960000025,candidate-measurement,0004ED,valid,1261,0,True,
1,1,00001F,1790190144.2270243,28874.1106142,280.54094690000056,candidate-measurement,0004ED,valid,1261,0,True,
1,1,00001F,1790190144.4350255,28874.318615,280.74894770000174,candidate-measurement,0004EB,valid,1259,-2,True,
1,1,00001F,1790190144.627015,28874.510605,280.9409377000011,candidate-measurement,0004EB,valid,1259,0,True,
1,1,00001F,1790190144.834474,28874.7180607,281.14839340000253,candidate-measurement,0004EB,valid,1259,0,True,
1,1,00001F,1790190145.0264297,28874.9100177,281.3403504000016,candidate-measurement,0004E9,valid,1257,-2,True,
1,1,00001F,1790190145.2340493,28875.1176379,281.54797060000055,candidate-measurement,0004E7,valid,1255,-2,True,
1,1,00001F,1790190145.4259987,28875.3095869,281.7399196000006,candidate-measurement,0004E7,valid,1255,0,True,
1,1,00001F,1790190145.6179984,28875.5015863,281.9319190000024,candidate-measurement,0004E6,valid,1254,-1,True,
1,1,00001F,1790190145.8094058,28875.6929941,282.12332680000327,candidate-measurement,0004E6,valid,1254,0,True,
1,1,00001F,1790190146.0014002,28875.8849885,282.3153212000034,candidate-measurement,0004E6,valid,1254,0,True,
1,1,00001F,1790190146.1933906,28876.0769797,282.50731240000096,candidate-measurement,0004E6,valid,1254,0,True,
1,1,00001F,1790190146.4009588,28876.2845495,282.71488220000174,candidate-measurement,0004E6,valid,1254,0,True,
1,1,00001F,1790190146.59296,28876.4765484,282.9068811000034,candidate-measurement,0004E5,valid,1253,-1,True,
1,1,00001F,1790190146.7843757,28876.6679639,283.09829660000105,candidate-measurement,0004DF,valid,1247,-6,True,
1,1,00001F,1790190146.9923997,28876.8759883,283.306321,candidate-measurement,0004D9,valid,1241,-6,True,
1,1,00001F,1790190147.183936,28877.0675246,283.49785730000076,candidate-measurement,0004D5,valid,1237,-4,True,
1,1,00001F,1790190147.3759298,28877.2595183,283.6898510000028,candidate-measurement,0004D4,valid,1236,-1,True,
1,1,00001F,1790190147.567918,28877.4515084,283.88184110000293,candidate-measurement,0004D4,valid,1236,0,True,
1,1,00001F,1790190147.7753396,28877.658928,284.08926070000234,candidate-measurement,0004D4,valid,1236,0,True,
1,1,00001F,1790190147.967331,28877.8509189,284.28125160000127,candidate-measurement,0004D4,valid,1236,0,True,
1,1,00001F,1790190148.158909,28878.0424978,284.4728305000026,candidate-measurement,0004D2,valid,1234,-2,True,
1,1,00001F,1790190148.3669133,28878.2505035,284.68083620000107,candidate-measurement,0004CC,valid,1228,-6,True,
1,1,00001F,1790190148.5588913,28878.4424815,284.8728142,candidate-measurement,0004C2,valid,1218,-10,True,
1,1,00001F,1790190148.7508874,28878.6344757,285.0648084000022,candidate-measurement,0004BD,valid,1213,-5,True,
1,1,00001F,1790190148.9582984,28878.8418885,285.2722212000008,candidate-measurement,0004BB,valid,1211,-2,True,
1,1,00001F,1790190149.1502867,28879.0338763,285.4642090000016,candidate-measurement,0004B9,valid,1209,-2,True,
1,1,00001F,1790190149.3422825,28879.2258725,285.65620520000084,candidate-measurement,0004B6,valid,1206,-3,True,
1,1,00001F,1790190149.5338578,28879.4174489,285.8477816000013,candidate-measurement,0004B2,valid,1202,-4,True,
1,1,00001F,1790190149.74185,28879.6254389,286.0557716000003,candidate-measurement,0004B0,valid,1200,-2,True,
1,1,00001F,1790190149.9332597,28879.8168484,286.2471811000032,candidate-measurement,0004AF,valid,1199,-1,True,
1,1,00001F,1790190150.1252623,28880.0088526,286.43918530000155,candidate-measurement,0004AC,valid,1196,-3,True,
1,1,00001F,1790190150.33287,28880.2164592,286.6467919000024,candidate-measurement,0004AC,valid,1196,0,True,
1,1,00001F,1790190150.5248277,28880.4084178,286.8387505000028,candidate-measurement,0004AC,valid,1196,0,True,
1,1,00001F,1790190150.7168226,28880.6004107,287.0307434000024,candidate-measurement,0004AC,valid,1196,0,True,
1,1,00001F,1790190150.9242399,28880.8078278,287.23816050000096,candidate-measurement,0004AA,valid,1194,-2,True,
1,1,00001F,1790190151.116239,28880.9998267,287.4301594000026,candidate-measurement,0004A9,valid,1193,-1,True,
1,1,00001F,1790190151.3078003,28881.1913889,287.62172160000046,candidate-measurement,0004A7,valid,1191,-2,True,
1,1,00001F,1790190151.499792,28881.3833819,287.8137146000008,candidate-measurement,0004A5,valid,1189,-2,True,
1,1,00001F,1790190151.7078009,28881.5913895,288.02172220000284,candidate-measurement,0004A5,valid,1189,0,True,
1,1,00001F,1790190151.8992057,28881.7827935,288.21312620000026,candidate-measurement,0004A4,valid,1188,-1,True,
1,1,00001F,1790190152.0911982,28881.9747888,288.40512149999995,candidate-measurement,0004A2,valid,1186,-2,True,
1,1,00001F,1790190152.2987761,28882.1823647,288.6126973999999,candidate-measurement,00049F,valid,1183,-3,True,
1,1,00001F,1790190152.4907656,28882.3743534,288.80468610000025,candidate-measurement,00049D,valid,1181,-2,True,
1,1,00001F,1790190152.6827571,28882.5663478,288.99668050000037,candidate-measurement,00049A,valid,1178,-3,True,
1,1,00001F,1790190152.8901718,28882.77376,289.20409270000164,candidate-measurement,000498,valid,1176,-2,True,
1,1,00001F,1790190153.0817556,28882.9653434,289.39567610000086,candidate-measurement,000496,valid,1174,-2,True,
1,1,00001F,1790190153.273743,28883.1573312,289.58766390000164,candidate-measurement,000494,valid,1172,-2,True,
1,1,00001F,1790190153.4657366,28883.3493248,289.77965750000294,candidate-measurement,000493,valid,1171,-1,True,
1,1,00001F,1790190153.6731648,28883.5567531,289.9870858000031,candidate-measurement,000493,valid,1171,0,True,
1,1,00001F,1790190153.865142,28883.7487308,290.1790635000034,candidate-measurement,000493,valid,1171,0,True,
1,1,00001F,1790190154.0567424,28883.9403313,290.37066400000185,candidate-measurement,000493,valid,1171,0,True,
1,1,00001F,1790190154.2647107,28884.1482997,290.57863240000006,candidate-measurement,000491,valid,1169,-2,True,
1,1,00001F,1790190154.456724,28884.3403131,290.77064580000297,candidate-measurement,000491,valid,1169,0,True,
1,1,00001F,1790190154.64869,28884.5322784,290.9626111000034,candidate-measurement,000491,valid,1169,0,True,
1,1,00001F,1790190154.856108,28884.7396974,291.1700301000019,candidate-measurement,000491,valid,1169,0,True,
1,1,00001F,1790190155.0481045,28884.9316927,291.3620254000016,candidate-measurement,00048F,valid,1167,-2,True,
1,1,00001F,1790190155.2396765,28885.1232648,291.55359750000207,candidate-measurement,00048D,valid,1165,-2,True,
1,1,00001F,1790190155.4316697,28885.3152587,291.745591400002,candidate-measurement,00048D,valid,1165,0,True,
1,1,00001F,1790190155.6396682,28885.5232558,291.9535885000005,candidate-measurement,00048D,valid,1165,0,True,
1,1,00001F,1790190155.8316646,28885.7152524,292.1455851000028,candidate-measurement,00048D,valid,1165,0,True,
1,1,00001F,1790190156.0230687,28885.906659,292.3369917000018,candidate-measurement,00048C,valid,1164,-1,True,
1,1,00001F,1790190156.2310655,28886.114655,292.5449877000028,candidate-measurement,00048C,valid,1164,0,True,
1,1,00001F,1790190156.4226305,28886.3062211,292.7365538000013,candidate-measurement,00048C,valid,1164,0,True,
1,1,00001F,1790190156.6146245,28886.4982139,292.9285466000001,candidate-measurement,00048C,valid,1164,0,True,
1,1,00001F,1790190156.8226285,28886.7062167,293.13654940000197,candidate-measurement,00048C,valid,1164,0,True,
1,1,00001F,1790190157.0300357,28886.9136253,293.3439580000013,candidate-measurement,00048A,valid,1162,-2,True,
1,1,00001F,1790190157.2220323,28887.1056218,293.53595450000284,candidate-measurement,000489,valid,1161,-1,True,
1,1,00001F,1790190157.4136095,28887.2971977,293.72753040000316,candidate-measurement,00047F,valid,1151,-10,True,
1,1,00001F,1790190157.6055927,28887.4891832,293.919515900001,candidate-measurement,00047B,valid,1147,-4,True,
1,1,00001F,1790190157.7975962,28887.6811849,294.1115176000021,candidate-measurement,00047A,valid,1146,-1,True,
1,1,00001F,1790190157.9890058,28887.8725951,294.3029278000031,candidate-measurement,00047A,valid,1146,0,True,
1,1,00001F,1790190158.1970026,28888.0805929,294.51092560000325,candidate-measurement,000475,valid,1141,-5,True,
1,1,00001F,1790190158.3885741,28888.2721625,294.7024952000029,candidate-measurement,000469,valid,1129,-12,True,
1,1,00001F,1790190158.5805643,28888.4641548,294.89448750000156,candidate-measurement,000464,valid,1124,-5,True,
1,1,00001F,1790190158.7885773,28888.6721657,295.10249840000324,candidate-measurement,000461,valid,1121,-3,True,
1,1,00001F,1790190158.9959772,28888.879567,295.30989970000155,candidate-measurement,00045E,valid,1118,-3,True,
1,1,00001F,1790190159.1879716,28889.0715609,295.5018936000015,candidate-measurement,000459,valid,1113,-5,True,
1,1,00001F,1790190159.3799655,28889.2635558,295.6938885000018,candidate-measurement,000455,valid,1109,-4,True,
1,1,00001F,1790190159.5715325,28889.4551232,295.88545590000285,candidate-measurement,000453,valid,1107,-2,True,
1,1,00001F,1790190159.7635384,28889.6471273,296.0774600000004,candidate-measurement,000452,valid,1106,-1,True,
1,1,00001F,1790190159.9555523,28889.83914,296.26947270000164,candidate-measurement,000451,valid,1105,-1,True,
1,1,00001F,1790190160.1629303,28890.0465195,296.4768522000013,candidate-measurement,00044F,valid,1103,-2,True,
1,1,00001F,1790190160.3549314,28890.2385201,296.66885280000133,candidate-measurement,00044E,valid,1102,-1,True,
1,1,00001F,1790190160.546926,28890.4305157,296.8608484000033,candidate-measurement,00044C,valid,1100,-2,True,
1,1,00001F,1790190160.7549164,28890.6385051,297.06883780000135,candidate-measurement,000449,valid,1097,-3,True,
1,1,00001F,1790190160.946492,28890.8300808,297.26041350000014,candidate-measurement,000447,valid,1095,-2,True,
1,1,00001F,1790190161.1384833,28891.0220737,297.4524064000034,candidate-measurement,000444,valid,1092,-3,True,
1,1,00001F,1790190161.3304796,28891.2140698,297.6444025000019,candidate-measurement,00043F,valid,1087,-5,True,
1,1,00001F,1790190161.5384738,28891.4220642,297.8523969000016,candidate-measurement,00043C,valid,1084,-3,True,
1,1,00001F,1790190161.7298918,28891.6134805,298.04381320000175,candidate-measurement,000439,valid,1081,-3,True,
1,1,00001F,1790190161.9218826,28891.8054715,298.23580420000144,candidate-measurement,000439,valid,1081,0,True,
1,1,00001F,1790190162.1294494,28892.0130394,298.4433721000023,candidate-measurement,000439,valid,1081,0,True,
1,1,00001F,1790190162.3214586,28892.2050471,298.63537980000183,candidate-measurement,000439,valid,1081,0,True,
1,1,00001F,1790190162.513448,28892.3970363,298.82736900000236,candidate-measurement,000437,valid,1079,-2,True,
1,1,00001F,1790190162.7208521,28892.6044409,299.03477360000034,candidate-measurement,000437,valid,1079,0,True,
1,1,00001F,1790190162.9128473,28892.7964372,299.22676990000036,candidate-measurement,000437,valid,1079,0,True,
1,1,00001F,1790190163.104845,28892.9884346,299.4187673000015,candidate-measurement,000434,valid,1076,-3,True,
1,1,00001F,1790190163.2964108,28893.1800002,299.6103329000034,candidate-measurement,000433,valid,1075,-1,True,
1,1,00001F,1790190163.5044076,28893.3879963,299.81832900000154,candidate-measurement,000433,valid,1075,0,True,
1,1,00001F,1790190163.6958203,28893.5794108,300.0097435000025,candidate-measurement,000433,valid,1075,0,True,
